-0.0268404,-0.358951032,1.05172956,0.122056223,0.0196824502,-0.497589111,0.858556926,0,0,-0.0546056852,-1.13293636,-0.0419842489,3.12141964E-17,-0.017958438,0.00950622186,-9.8261653E-06,0.0284342151,-0.985504568,0.180988267,1.03200377E-17,0.167457372,-0.175980285,-0.173748672,0.0977437571,-0.0335793383,-0.373842657,-0.0533004254,-0.115945823,-0.0883333534,-0.0913702473,-0.0354780257,0.0205204412,0.0413889252,-0.107049838,0.0732687563,0.0176207498,-0.036459133,0.0329675153
-0.0273280535,-0.357565254,1.05225384,0.120338425,0.0185017902,-0.501029074,0.856823385,0,0,-0.0549649447,-1.16021252,-0.042455066,2.91489911E-17,-0.0177163277,0.00718502607,-0.000741331896,0.0238725208,-1.01676178,0.183085278,1.19261759E-17,0.169447646,-0.17905198,-0.173221678,0.0980654061,-0.0340530723,-0.371682584,-0.0530059785,-0.114717126,-0.0892304778,-0.0934813768,-0.0357083566,0.0203998145,0.0412558578,-0.106918246,0.0711001456,0.0156264137,-0.0376584195,0.033887174
-0.027815707,-0.356179446,1.05277812,0.118618183,0.0173206944,-0.50445956,0.855073273,0,0,-0.0553242043,-1.18748868,-0.0429258831,2.70837842E-17,-0.0174742155,0.00486382982,-0.00147283764,0.0193108264,-1.04801905,0.185182273,1.35323142E-17,0.171437919,-0.182123661,-0.172694683,0.0983870551,-0.0345268101,-0.369522512,-0.0527115278,-0.113488421,-0.0901275948,-0.0955925137,-0.0359386876,0.0202791858,0.0411227867,-0.106786653,0.0689315274,0.0136320768,-0.0388577059,0.0348068327
-0.0283033624,-0.354793668,1.05330241,0.116895638,0.0161392353,-0.507880509,0.853306711,0,0,-0.0556834675,-1.21476483,-0.0433967002,2.50185772E-17,-0.0172321051,0.00254263356,-0.00220434344,0.0147491312,-1.07927632,0.187279284,1.51384524E-17,0.173428193,-0.185195357,-0.172167689,0.0987087041,-0.035000544,-0.36736244,-0.0524170808,-0.112259723,-0.0910247192,-0.0977036431,-0.0361690223,0.0201585591,0.0409897193,-0.106655061,0.0667629167,0.0116377398,-0.0400569923,0.0357264914
-0.028791016,-0.35340786,1.05382657,0.115170859,0.0149574811,-0.511291742,0.851523876,0,0,-0.0560427271,-1.24204099,-0.0438675135,2.2953372E-17,-0.0169899948,0.000221437818,-0.00293584913,0.0101874368,-1.11053348,0.18937628,1.67445907E-17,0.175418466,-0.188267052,-0.171640694,0.0990303531,-0.0354742818,-0.365202367,-0.0521226302,-0.111031026,-0.0919218361,-0.0998147726,-0.0363993533,0.0200379305,0.0408566482,-0.106523469,0.0645943061,0.00964340381,-0.0412562788,0.0366461501
-0.0292786695,-0.352022082,1.05435085,0.113443948,0.0137754939,-0.514692903,0.849724591,0,0,-0.0564019866,-1.26931703,-0.0443383306,2.0888165E-17,-0.0167478826,-0.00209975848,-0.00366735505,0.00562574202,-1.14179075,0.19147329,1.83507289E-17,0.177408725,-0.191338733,-0.1711137,0.0993520096,-0.0359480157,-0.363042295,-0.0518281832,-0.109802321,-0.0928189605,-0.10192591,-0.0366296843,0.0199173037,0.0407235809,-0.106391877,0.0624256879,0.00764906639,-0.0424555652,0.0375658087
-0.029243445,-0.349496245,1.05479026,0.110194385,0.0116039487,-0.518391907,0.847934186,0,0,-0.056522876,-1.29627573,-0.0453069694,0.000571802491,-0.0165778939,-0.00414127531,-0.00440726988,0.000449634797,-1.17532659,0.193479568,1.83837367E-17,0.179312676,-0.194168299,-0.170594379,0.0994262546,-0.0365336426,-0.359876007,-0.0512775071,-0.107968822,-0.0958493575,-0.106751986,-0.0356945731,0.0202287491,0.0404961966,-0.106566235,0.0589579456,0.00411661295,-0.0438874662,0.0392870903
-0.0287705585,-0.346016169,1.05515862,0.105666786,0.00860335771,-0.522327483,0.846129179,0,0,-0.0564442463,-1.32296872,-0.0466922931,0.00162221561,-0.0164682716,-0.00594869396,-0.00515422318,-0.00524074817,-1.21076965,0.195409894,1.71000037E-17,0.181144357,-0.19679521,-0.170081481,0.0992934182,-0.0372129194,-0.355867505,-0.0505123623,-0.105629086,-0.100665353,-0.113850534,-0.0337839611,0.0209018476,0.040189866,-0.106996678,0.0544028021,-0.000703276251,-0.0455140695,0.0416793488
-0.0282976739,-0.342536122,1.05552697,0.101133563,0.00560200633,-0.526238322,0.844282985,0,0,-0.0563656166,-1.34966159,-0.0480776168,0.00267262897,-0.0163586494,-0.00775611354,-0.00590117648,-0.0109311314,-1.24621284,0.19734022,1.5816269E-17,0.182976037,-0.199422106,-0.169568583,0.0991605818,-0.0378921963,-0.351859003,-0.0497472137,-0.103289351,-0.105481356,-0.120949082,-0.0318733491,0.0215749461,0.0398835354,-0.10742712,0.049847655,-0.00552316662,-0.0471406728,0.0440716073
-0.0278247874,-0.339056045,1.05589533,0.0965953916,0.00260033412,-0.530123889,0.84239608,0,0,-0.0562869869,-1.37635458,-0.0494629443,0.00372304209,-0.0162490271,-0.00956353173,-0.00664812978,-0.0166215133,-1.28165591,0.199270546,1.45325343E-17,0.184807718,-0.202049002,-0.169055685,0.0990277529,-0.0385714769,-0.347850472,-0.0489820689,-0.100949623,-0.110297352,-0.12804763,-0.0299627371,0.0222480446,0.0395772085,-0.10785757,0.0452925116,-0.0103430552,-0.0487672761,0.0464638658
-0.0273519028,-0.335575968,1.05626369,0.0920529068,-0.000401228666,-0.533983588,0.840468645,0,0,-0.0562083572,-1.40304744,-0.050848268,0.00477345567,-0.0161394048,-0.0113709513,-0.00739508308,-0.0223118979,-1.31709898,0.201200888,1.32488005E-17,0.186639398,-0.204675913,-0.168542773,0.0988949165,-0.0392507538,-0.34384197,-0.0482169241,-0.0986098871,-0.115113355,-0.135146171,-0.0280521251,0.0229211431,0.0392708778,-0.108288012,0.0407373682,-0.0151629457,-0.0503938794,0.0488561243
-0.0268435981,-0.332183242,1.05645919,0.0873218179,-0.00359319709,-0.53789413,0.838469982,0,0,-0.0562850796,-1.42907,-0.052363947,0.00613025064,-0.0160905421,-0.0131346853,-0.00813244749,-0.027646808,-1.35170615,0.20310396,0.000195001528,0.188443959,-0.207273036,-0.168025002,0.0993464217,-0.0400154181,-0.339596778,-0.0476092435,-0.0961734727,-0.120857641,-0.143804431,-0.0251789801,0.0236332826,0.0386620909,-0.108693361,0.03506843,-0.0212097652,-0.0511049889,0.0514183678
-0.0259714983,-0.329687536,1.05487931,0.0806831494,-0.00874716323,-0.542559206,0.836087942,0,0,-0.0579574853,-1.44820619,-0.0552185923,0.0106340544,-0.0166657697,-0.01444971,-0.0087713208,-0.0293304715,-1.37772667,0.204727083,0.00239296607,0.189969853,-0.209564328,-0.167457089,0.105799966,-0.0416571349,-0.332920492,-0.0486189835,-0.0927439705,-0.136136815,-0.168483302,-0.0124191493,0.0247464329,0.034946613,-0.10884092,0.0179591365,-0.0398590304,-0.0424125828,0.0557266064
-0.0250993986,-0.32719183,1.05329931,0.074034445,-0.0139019322,-0.547172606,0.83362329,0,0,-0.0596298911,-1.46734238,-0.0580732338,0.0151378578,-0.0172409974,-0.0157647338,-0.00941019412,-0.0310141351,-1.4037472,0.206350192,0.00459093088,0.191495746,-0.21185562,-0.166889176,0.112253509,-0.043298848,-0.326244175,-0.0496287197,-0.0893144757,-0.151416004,-0.193162173,0.000340681669,0.025859585,0.0312311295,-0.108988479,0.000849843898,-0.0585082918,-0.0337201767,0.0600348413
-0.0242272969,-0.324696153,1.05171943,0.0673776418,-0.0190559812,-0.551732898,0.831076443,0,0,-0.0613022931,-1.48647869,-0.0609278753,0.0196416602,-0.0178162251,-0.0170797575,-0.0100490674,-0.0326977968,-1.42976761,0.207973316,0.006788895,0.19302164,-0.214146927,-0.166321278,0.118707053,-0.0449405648,-0.319567889,-0.0506384596,-0.0858849809,-0.166695178,-0.217841029,0.0131005095,0.0269727353,0.0275156498,-0.109136038,-0.0162594449,-0.0771575496,-0.0250277687,0.0643430725
-0.0233551972,-0.322200447,1.05013943,0.0607146807,-0.0242077932,-0.556238592,0.828448117,0,0,-0.0629746988,-1.50561488,-0.0637825206,0.0241454653,-0.0183914546,-0.0183947831,-0.0106879408,-0.0343814604,-1.45578814,0.20959644,0.00898685958,0.194547534,-0.216438219,-0.165753365,0.125160605,-0.0465822779,-0.312891573,-0.0516481996,-0.0824554861,-0.181974351,-0.2425199,0.0258603413,0.0280858856,0.0238001682,-0.109283596,-0.0333687402,-0.0958068222,-0.0163353607,0.0686513111
-0.0224830955,-0.319704771,1.04855955,0.054047551,-0.0293558575,-0.560688615,0.825739264,0,0,-0.0646471083,-1.52475107,-0.0666371584,0.0286492687,-0.0189666823,-0.0197098069,-0.0113268141,-0.036065124,-1.48180866,0.211219564,0.0111848246,0.196073428,-0.218729511,-0.165185452,0.131614149,-0.0482239947,-0.306215286,-0.0526579358,-0.0790259913,-0.19725354,-0.267198771,0.0386201739,0.0291990358,0.0200846866,-0.109431155,-0.0504780337,-0.114456087,-0.00764295319,0.0729595497
-0.0215530545,-0.317893714,1.04592013,0.0472789481,-0.0349230655,-0.564871132,0.823083103,0,0,-0.0670311302,-1.54049766,-0.069959335,0.0341353752,-0.0198427569,-0.0216275342,-0.0119290818,-0.0371075943,-1.5033356,0.212668598,0.0141180167,0.197487444,-0.221591473,-0.164586961,0.141664371,-0.0490365624,-0.299853802,-0.0553545356,-0.0741275847,-0.21680975,-0.29702282,0.0568609498,0.0306700896,0.0143429246,-0.107639618,-0.070900172,-0.141530812,0.00848074816,0.0776076913
-0.0205894317,-0.316479474,1.04266667,0.0404463597,-0.0407340787,-0.568874598,0.820418477,0,0,-0.0698276013,-1.55427945,-0.0735524818,0.0401908122,-0.0208931956,-0.0238945764,-0.012510133,-0.0377784409,-1.52225804,0.214016721,0.0174773335,0.198836625,-0.224784181,-0.163970739,0.153799176,-0.0493685678,-0.293674827,-0.0590288118,-0.0683778301,-0.238844857,-0.329828948,0.0782783926,0.0323485769,0.00742676575,-0.104724206,-0.0932423845,-0.173488811,0.0289114993,0.0824528486
-0.0196258072,-0.315065235,1.03941309,0.033608038,-0.0465421975,-0.572820067,0.817668378,0,0,-0.0726240724,-1.56806135,-0.0771456286,0.0462462455,-0.0219436344,-0.0261616167,-0.0130911851,-0.0384492837,-1.54118049,0.215364859,0.0208366513,0.200185806,-0.227976888,-0.163354516,0.165933967,-0.0497005768,-0.287495822,-0.0627030879,-0.0626280829,-0.260879964,-0.362635046,0.0996958315,0.0340270624,0.000510607089,-0.101808801,-0.115584597,-0.205446795,0.0493422486,0.0872979984
-0.0186621845,-0.313651025,1.03615963,0.0267660953,-0.0523456,-0.576706171,0.814833343,0,0,-0.0754205361,-1.58184326,-0.080738768,0.0523016825,-0.0229940712,-0.0284286588,-0.0136722364,-0.0391201302,-1.56010306,0.216712981,0.0241959691,0.201534986,-0.231169596,-0.162738293,0.178068757,-0.0500325859,-0.281316847,-0.0663773641,-0.0568783283,-0.282915056,-0.395441175,0.121113271,0.0357055478,-0.00640555145,-0.0988933891,-0.137926802,-0.237404779,0.069772996,0.0921431482
-0.0176985599,-0.312236786,1.03290617,0.0199226625,-0.0581424981,-0.580531895,0.811914623,0,0,-0.0782170072,-1.59562504,-0.0843319148,0.0583571158,-0.02404451,-0.030695701,-0.0142532885,-0.0397909731,-1.57902551,0.218061119,0.0275552869,0.202884167,-0.234362319,-0.162122071,0.190203562,-0.0503645912,-0.275137872,-0.0700516328,-0.0511285737,-0.304950178,-0.428247303,0.14253071,0.0373840332,-0.0133217117,-0.0959779844,-0.160269022,-0.269362777,0.0902037472,0.0969883054
-0.0166708753,-0.310316175,1.02919519,0.0118883774,-0.0645200312,-0.584631026,0.808642268,0,0,-0.0722150505,-1.60952997,-0.0884243324,0.0626378953,-0.0252543315,-0.0354334414,-0.0118839657,-0.0398671925,-1.59681273,0.219502136,0.0316105224,0.204257861,-0.238129601,-0.161283627,0.199390888,-0.0494901463,-0.268000096,-0.0735733062,-0.0445698388,-0.324198723,-0.461940467,0.163909271,0.0395518988,-0.0196747407,-0.0928054005,-0.182394907,-0.302321434,0.112111814,0.10113845
-0.0153462198,-0.306048185,1.02336383,-0.0016817539,-0.0736191273,-0.590152442,0.803926229,0,0,-0.0254256781,-1.62400556,-0.0948312506,0.0586917736,-0.0272030104,-0.0516247638,0.00416259188,-0.0371868722,-1.60933745,0.221373752,0.038891878,0.205745235,-0.244560495,-0.159415007,0.19491446,-0.043022871,-0.256417722,-0.0763875619,-0.0342608504,-0.330529451,-0.499745846,0.185107648,0.0439884104,-0.02341724,-0.0884406045,-0.203517959,-0.339919031,0.140868396,0.102066718
-0.0140215633,-0.301780164,1.01753247,-0.0152648278,-0.0827036947,-0.595490396,0.798948109,0,0,0.0213636961,-1.63848114,-0.101238176,0.0547456555,-0.0291516893,-0.0678160861,0.0202091504,-0.0345065519,-1.62186205,0.223245382,0.0461732335,0.207232594,-0.250991404,-0.157546386,0.190438017,-0.0365555957,-0.244835332,-0.0792018101,-0.023951862,-0.33686018,-0.537551224,0.206306025,0.0484249257,-0.0271597393,-0.0840758085,-0.224641025,-0.377516657,0.169624969,0.102994993
-0.0126969069,-0.297512174,1.01170111,-0.0288478062,-0.0917649716,-0.600639522,0.793712318,0,0,0.0681530684,-1.65295672,-0.107645094,0.0507995337,-0.0311003663,-0.0840074122,0.0362557098,-0.0318262316,-1.63438666,0.225116998,0.0534545854,0.208719969,-0.257422298,-0.155677751,0.185961589,-0.0300883185,-0.233252957,-0.0820160657,-0.0136428745,-0.343190908,-0.575356543,0.227504402,0.0528614372,-0.0309022386,-0.0797110125,-0.245764092,-0.415114254,0.198381558,0.103923261
-0.0113722505,-0.293244183,1.00586975,-0.0424176268,-0.100794233,-0.605594635,0.788223684,0,0,0.114942446,-1.66743219,-0.11405202,0.0468534157,-0.033049047,-0.100198731,0.0523022674,-0.0291459095,-1.64691138,0.226988629,0.0607359409,0.210207343,-0.263853192,-0.15380913,0.181485161,-0.0236210413,-0.221670568,-0.0848303139,-0.00333388499,-0.349521607,-0.613161922,0.248702779,0.0572979487,-0.0346447378,-0.0753462166,-0.266887158,-0.45271185,0.227138132,0.104851529
-0.010047595,-0.288976163,1.00003827,-0.0559612736,-0.109782852,-0.610351324,0.78248781,0,0,0.161731809,-1.68190777,-0.120458938,0.0429072976,-0.034997724,-0.116390049,0.068348825,-0.0264655892,-1.65943599,0.228860244,0.0680172965,0.211694703,-0.270284086,-0.15194051,0.177008718,-0.0171537679,-0.210088179,-0.0876445696,0.00697510177,-0.355852336,-0.6509673,0.269901156,0.0617344603,-0.038387239,-0.0709814206,-0.28801021,-0.490309447,0.255894721,0.105779804
-0.00852754992,-0.285940498,0.993709445,-0.065503031,-0.118298315,-0.614818215,0.776990056,0,0,0.199280292,-1.69272637,-0.12659727,0.0398734435,-0.0385651924,-0.141554058,0.0812928677,-0.0232047383,-1.67074752,0.231736779,0.0763521492,0.213462457,-0.279605865,-0.148669317,0.167223185,-0.0132255526,-0.198930293,-0.0903910175,0.0179577768,-0.349785805,-0.690000713,0.290363938,0.066535309,-0.0430071354,-0.0667482391,-0.293584883,-0.529498458,0.284866184,0.107208259
-0.00693219667,-0.283379763,0.987188816,-0.07350564,-0.126629338,-0.619129181,0.771518648,0,0,0.233267069,-1.70213544,-0.132632077,0.0371912085,-0.0427565873,-0.170176417,0.0930411145,-0.0197201315,-1.68159151,0.235000625,0.0850930661,0.21533829,-0.290041834,-0.144857541,0.155391365,-0.0102759674,-0.187936038,-0.0931113362,0.0292001087,-0.338940978,-0.729507506,0.31054318,0.0714765862,-0.0479652099,-0.0625657886,-0.293166727,-0.56930083,0.313920498,0.108829506
-0.0053368439,-0.280819058,0.980668187,-0.081497781,-0.134940371,-0.623328984,0.765904844,0,0,0.267253846,-1.71154463,-0.138666898,0.0345089696,-0.0469479859,-0.198798761,0.104789361,-0.0162355267,-1.6924355,0.238264486,0.0938339755,0.217214108,-0.300477833,-0.141045779,0.143559545,-0.00732638175,-0.176941767,-0.0958316475,0.0404424407,-0.328096151,-0.769014239,0.330722421,0.0764178559,-0.0529232845,-0.0583833307,-0.29274857,-0.609103203,0.342974782,0.11045076
-0.00374149042,-0.278258353,0.974147618,-0.0894751027,-0.143226832,-0.627415299,0.760151505,0,0,0.301240623,-1.7209537,-0.144701704,0.0318267345,-0.0511393808,-0.227421105,0.116537608,-0.0127509199,-1.7032795,0.241528332,0.102574885,0.21908994,-0.310913801,-0.137234002,0.13172771,-0.00437679561,-0.165947497,-0.0985519662,0.0516847745,-0.317251325,-0.808521032,0.350901663,0.0813591331,-0.057881359,-0.0542008765,-0.292330444,-0.648905635,0.372029096,0.112072006
-0.00214613741,-0.275697619,0.967626989,-0.0974332616,-0.151484236,-0.631385982,0.754261971,0,0,0.3352274,-1.73036277,-0.150736526,0.0291444976,-0.0553307757,-0.256043464,0.128285855,-0.00926631503,-1.71412337,0.244792193,0.111315794,0.220965773,-0.3213498,-0.133422226,0.119895898,-0.00142721098,-0.154953226,-0.101272278,0.0629271045,-0.306406498,-0.848027766,0.371080905,0.0863004103,-0.0628394336,-0.050018426,-0.291912287,-0.688708007,0.40108338,0.113693252
-0.000737514521,-0.273386568,0.961303711,-0.104433186,-0.158990294,-0.634850979,0.748852551,0,0,0.366728842,-1.73889542,-0.156675413,0.0267121252,-0.059848167,-0.286105722,0.139082894,-0.00616381317,-1.72396827,0.248510882,0.11953897,0.222956315,-0.3326208,-0.12927337,0.106707357,0.00102984498,-0.145179972,-0.104373991,0.0729498193,-0.291420192,-0.886900127,0.390325129,0.0911139399,-0.0673150644,-0.0465368032,-0.28618589,-0.728325903,0.428938091,0.115001291
0.000156260241,-0.271763861,0.955524564,-0.108842507,-0.164497882,-0.637174964,0.745051503,0,0,0.391377836,-1.74501133,-0.162349865,0.0249686725,-0.0652643815,-0.320138127,0.147257283,-0.00411483878,-1.73105848,0.253483623,0.126334667,0.225263193,-0.346194029,-0.124195151,0.0897781253,0.00212891004,-0.138773218,-0.108527258,0.0796098262,-0.265015125,-0.92402339,0.406991333,0.0955752581,-0.0704605207,-0.0449874885,-0.265823662,-0.767435253,0.453485221,0.11544577
0.00105003489,-0.270141155,0.949745417,-0.113245174,-0.169995174,-0.63945514,0.741197884,0,0,0.416026801,-1.75112724,-0.168024331,0.0232252181,-0.0706805959,-0.354170531,0.155431688,-0.00206586486,-1.73814869,0.258456379,0.133130357,0.227570072,-0.359767288,-0.119116932,0.0728489012,0.00322797499,-0.132366464,-0.112680532,0.0862698406,-0.238610044,-0.961146593,0.423657566,0.100036584,-0.0736059695,-0.0434381776,-0.245461464,-0.806544602,0.47803238,0.115890257
0.0019438098,-0.268518478,0.943966269,-0.117640227,-0.175480962,-0.641690969,0.737292409,0,0,0.440675765,-1.75724316,-0.173698783,0.0214817654,-0.0760968104,-0.388202935,0.163606077,-1.68902334E-05,-1.7452389,0.263429135,0.139926061,0.229876935,-0.373340547,-0.114038713,0.0559196658,0.00432704017,-0.125959709,-0.116833806,0.092929855,-0.212204948,-0.998269856,0.44032377,0.104497902,-0.0767514259,-0.0418888666,-0.225099251,-0.845653951,0.50257951,0.116334736
0.00283758435,-0.266895771,0.938187122,-0.122026749,-0.180954114,-0.643881798,0.733335793,0,0,0.465324759,-1.76335919,-0.179373235,0.0197383109,-0.0815130249,-0.42223531,0.171780467,0.00203208369,-1.75232899,0.268401891,0.14672175,0.232183814,-0.386913806,-0.108960494,0.038990438,0.00542610465,-0.119552948,-0.12098708,0.0995898619,-0.185799867,-1.035393,0.456989974,0.10895922,-0.0798968747,-0.0403395519,-0.204737037,-0.8847633,0.52712667,0.116779216
0.00373135926,-0.265273064,0.932407975,-0.126403838,-0.186413482,-0.646027386,0.72932893,0,0,0.489973724,-1.7694751,-0.185047686,0.0179948583,-0.0869292393,-0.456267715,0.179954872,0.00408105832,-1.7594192,0.273374647,0.153517455,0.234490693,-0.400487065,-0.103882276,0.0220612045,0.00652517006,-0.113146193,-0.125140354,0.106249876,-0.159394786,-1.07251632,0.473656178,0.113420546,-0.083042331,-0.0387902409,-0.184374824,-0.923872709,0.55167383,0.117223695
0.0042881486,-0.263938606,0.927376986,-0.128812686,-0.190169781,-0.647450566,0.726670861,0,0,0.509677827,-1.77385604,-0.190069079,0.0167459883,-0.0925446376,-0.491356552,0.185799852,0.00473971525,-1.76449811,0.279758871,0.158949196,0.237101451,-0.415848613,-0.0981888697,0.002562735,0.00603706762,-0.109228291,-0.128454551,0.109749734,-0.124201022,-1.10615289,0.485440433,0.116989069,-0.0838167593,-0.0385157801,-0.153021768,-0.960433781,0.570825636,0.117131352
0.00476615736,-0.26267153,0.922520936,-0.130760372,-0.193526417,-0.64869839,0.724320233,0,0,0.528225958,-1.77783144,-0.19493781,0.0156127438,-0.0982066095,-0.526692331,0.19110027,0.0050733434,-1.76910675,0.286473036,0.164062053,0.239783257,-0.431628197,-0.0923516378,-0.0175363719,0.00517791696,-0.105892234,-0.131572604,0.112510808,-0.0869526416,-1.13897443,0.496083379,0.120348871,-0.0840368941,-0.0385393538,-0.119099267,-0.996399224,0.58871609,0.116913505
0.00524416612,-0.261404485,0.917664886,-0.132705241,-0.196878865,-0.649931729,0.721953511,0,0,0.54677403,-1.78180671,-0.199806541,0.0144794993,-0.103868574,-0.56202811,0.196400687,0.00540697202,-1.77371538,0.293187231,0.169174924,0.242465049,-0.447407782,-0.0865144134,-0.0376354828,0.0043187663,-0.102556169,-0.134690642,0.115271881,-0.0497042499,-1.17179585,0.506726325,0.123708673,-0.084257029,-0.0385629274,-0.0851767659,-1.03236461,0.606606603,0.116695657
0.00572217442,-0.260137409,0.912808836,-0.134647161,-0.200226963,-0.651150823,0.719570756,0,0,0.565322101,-1.7857821,-0.204675272,0.0133462548,-0.109530546,-0.597363889,0.201701105,0.00574060017,-1.77832401,0.299901396,0.174287781,0.245146856,-0.463187397,-0.0806771889,-0.0577345863,0.00345961563,-0.099220112,-0.137808695,0.118032955,-0.012455876,-1.20461738,0.51736927,0.127068475,-0.0844771639,-0.038586501,-0.0512542799,-1.06833005,0.624497116,0.11647781
0.00620018365,-0.258870333,0.907952785,-0.136585981,-0.20357044,-0.652355313,0.717172146,0,0,0.583870232,-1.78975749,-0.209544003,0.0122130094,-0.11519251,-0.632699728,0.207001507,0.00607422832,-1.78293264,0.306615591,0.179400653,0.247828647,-0.478966981,-0.0748399571,-0.0778336972,0.00260046497,-0.0958840474,-0.140926734,0.120794028,0.024792511,-1.2374388,0.528012156,0.13042827,-0.0846972987,-0.0386100784,-0.017331779,-1.10429537,0.642387629,0.11625997
0.0065937154,-0.257431537,0.903239429,-0.137598902,-0.205901429,-0.653597057,0.715179861,0,0,0.601514816,-1.793239,-0.213927388,0.0112205213,-0.12065047,-0.667527854,0.211502299,0.00555125903,-1.78696883,0.31395179,0.184179485,0.250649273,-0.495112568,-0.0688810349,-0.095487982,0.00149563991,-0.0930126756,-0.143657491,0.122881532,0.061902564,-1.26780796,0.536450148,0.133321121,-0.0842788666,-0.0385953486,0.016996555,-1.13794947,0.657896936,0.115879796
0.00683367951,-0.255680621,0.898785472,-0.136932924,-0.206398368,-0.654926062,0.713947535,0,0,0.617516935,-1.79582298,-0.21742852,0.0104839122,-0.125737563,-0.701433122,0.214549482,0.00347109698,-1.78996444,0.322418809,0.188351095,0.25372228,-0.511923552,-0.0627008826,-0.108697884,-5.57920648E-05,-0.0909860358,-0.145684227,0.123744577,0.0987611488,-1.29371893,0.540879726,0.135365084,-0.082699582,-0.0385109857,0.0520626605,-1.16740155,0.669077516,0.115204543
0.00707364315,-0.253929675,0.894331515,-0.13626641,-0.206894472,-0.656252503,0.712712348,0,0,0.633519053,-1.79840696,-0.220929638,0.00974730309,-0.13082464,-0.73533839,0.21759665,0.00139093492,-1.79296005,0.330885828,0.19252269,0.256795287,-0.528734505,-0.056520734,-0.121907778,-0.001607224,-0.0889594033,-0.147710949,0.124607623,0.135619745,-1.31962991,0.545309365,0.137409061,-0.0811202973,-0.0384266265,0.0871287659,-1.19685364,0.680258095,0.114529289
0.00731360726,-0.252178729,0.889877558,-0.13559936,-0.207389787,-0.657576382,0.711474359,0,0,0.649521232,-1.80099094,-0.224430755,0.00901069399,-0.135911733,-0.769243658,0.220643818,-0.000689227134,-1.79595566,0.339352816,0.196694285,0.259868294,-0.545545459,-0.0503405817,-0.13511768,-0.00315865595,-0.0869327709,-0.149737686,0.125470668,0.172478333,-1.34554076,0.549738944,0.139453024,-0.0795410201,-0.0383422673,0.122194864,-1.22630572,0.691438735,0.113854036
0.0075535709,-0.250427812,0.885423601,-0.134931743,-0.207884237,-0.658897579,0.71023345,0,0,0.66552335,-1.80357492,-0.227931872,0.00827408489,-0.140998825,-0.803148985,0.223690987,-0.00276938942,-1.79895127,0.347819835,0.200865895,0.262941301,-0.562356412,-0.0441604294,-0.148327574,-0.00471008802,-0.084906131,-0.151764408,0.126333714,0.209336922,-1.37145174,0.554168522,0.141497001,-0.0779617354,-0.0382579044,0.157260969,-1.25575793,0.702619314,0.113178775
0.00779353455,-0.248676866,0.880969644,-0.134263635,-0.208377883,-0.660216212,0.708989799,0,0,0.681525469,-1.8061589,-0.231432989,0.00753747579,-0.146085903,-0.837054253,0.22673817,-0.00484955125,-1.80194688,0.356286824,0.20503749,0.266014308,-0.579167306,-0.0379802808,-0.161537483,-0.00626151962,-0.0828794986,-0.153791144,0.127196759,0.246195495,-1.39736271,0.558598161,0.143540964,-0.0763824582,-0.0381735452,0.192327067,-1.28521001,0.713799953,0.112503521
0.00795718655,-0.247088388,0.877137661,-0.133037418,-0.208060294,-0.6614663,0.708148539,0,0,0.694383383,-1.80792964,-0.233255938,0.00703270175,-0.150129989,-0.867929161,0.228345126,-0.00683354679,-1.80399966,0.365525633,0.208701164,0.269200474,-0.595953643,-0.0318287052,-0.17058979,-0.00772241876,-0.0813756436,-0.155167699,0.127578571,0.276236117,-1.41632855,0.560042262,0.144832477,-0.0746868774,-0.0378459953,0.221355483,-1.30715883,0.720778823,0.11184141
0.00811228715,-0.245518118,0.873375416,-0.131748199,-0.207651064,-0.662706435,0.707349837,0,0,0.706889033,-1.80960917,-0.234890848,0.00655390555,-0.154057205,-0.898464441,0.229790717,-0.00880676601,-1.80594683,0.374850929,0.212307915,0.272399366,-0.612737238,-0.0256803371,-0.179176226,-0.00917317253,-0.0799303725,-0.156471387,0.127906457,0.305512726,-1.43451607,0.561151922,0.14603965,-0.072978273,-0.0374911986,0.249707341,-1.32826686,0.727286935,0.11118076
0.00826738775,-0.243947834,0.869613171,-0.130458429,-0.207240999,-0.663943887,0.706548274,0,0,0.719394624,-1.81128883,-0.236525744,0.00607510982,-0.157984421,-0.928999782,0.231236294,-0.0107799862,-1.80789387,0.384176195,0.215914682,0.275598228,-0.629520774,-0.0195319671,-0.187762663,-0.0106239272,-0.0784851089,-0.157775089,0.128234342,0.334789336,-1.45270371,0.562261522,0.147246838,-0.0712696612,-0.037136402,0.278059185,-1.34937501,0.733794987,0.110520117
0.00842248835,-0.242377564,0.865850925,-0.129168138,-0.206830084,-0.665178657,0.705743849,0,0,0.731900275,-1.81296837,-0.238160655,0.00559631363,-0.161911637,-0.959535122,0.232681885,-0.0127532054,-1.80984104,0.39350149,0.219521433,0.27879709,-0.646304309,-0.0133835953,-0.196349099,-0.012074681,-0.0770398378,-0.159078777,0.128562242,0.364065945,-1.47089124,0.563371122,0.148454025,-0.0695610568,-0.0367816016,0.306411058,-1.37048304,0.74030304,0.109859474
0.00857758895,-0.240807295,0.862088621,-0.12787734,-0.206418365,-0.666410744,0.704936624,0,0,0.744405866,-1.81464803,-0.239795551,0.0051175179,-0.165838838,-0.990070403,0.234127462,-0.0147264246,-1.8117882,0.402826756,0.2231282,0.281995952,-0.663087904,-0.00723522669,-0.204935536,-0.0135254348,-0.0755945668,-0.160382465,0.128890127,0.393342555,-1.48907876,0.564480782,0.149661198,-0.0678524524,-0.036426805,0.334762901,-1.39159107,0.746811152,0.109198831
0.00872610044,-0.239459813,0.858793676,-0.126499921,-0.205896795,-0.667694867,0.704122066,0,0,0.754166365,-1.81606674,-0.240537107,0.00471305894,-0.169087112,-1.01895046,0.23484081,-0.0162015241,-1.81343305,0.412326604,0.226658404,0.28517881,-0.67956388,-0.00119436334,-0.212188855,-0.0149955675,-0.0742300227,-0.161477715,0.129284859,0.419319451,-1.50452638,0.564933419,0.150593013,-0.0662660077,-0.0359035209,0.359921783,-1.40966523,0.751992464,0.1085843
0.0088663483,-0.238391802,0.856084764,-0.125013798,-0.205237463,-0.669044435,0.70329845,0,0,0.760483623,-1.81715858,-0.240158126,0.00440184167,-0.1714838,-1.04575419,0.234635681,-0.0170518272,-1.8146987,0.42204535,0.23009257,0.288341641,-0.695654035,0.00471165217,-0.21777004,-0.0164900068,-0.0729667395,-0.162311479,0.129763424,0.441157401,-1.51653719,0.564562082,0.151179433,-0.0648328066,-0.0351689048,0.38107568,-1.42393374,0.755509734,0.10802763
0.00900659524,-0.237323791,0.853375852,-0.12352702,-0.204577088,-0.670390606,0.702471137,0,0,0.76680094,-1.8182503,-0.239779159,0.0040906244,-0.173880488,-1.07255805,0.234430566,-0.0179021303,-1.81596422,0.431764066,0.233526751,0.291504472,-0.711744189,0.0106176678,-0.223351225,-0.017984448,-0.0717034489,-0.163145244,0.13024199,0.46299538,-1.528548,0.564190745,0.151765838,-0.0633996055,-0.034434285,0.402229607,-1.43820238,0.759027004,0.107470952
0.00914684311,-0.23625578,0.850667,-0.122039616,-0.203915671,-0.671733379,0.701640308,0,0,0.773118198,-1.81934202,-0.239400178,0.00377940689,-0.176277161,-1.09936178,0.234225452,-0.0187524334,-1.81722987,0.441482812,0.236960933,0.294667304,-0.727834344,0.0165236834,-0.22893241,-0.0194788873,-0.0704401657,-0.163979009,0.130720571,0.48483336,-1.54055882,0.563819408,0.152352259,-0.0619664006,-0.0336996689,0.423383534,-1.4524709,0.762544274,0.106914274
0.00928709097,-0.235187754,0.847958088,-0.120551586,-0.203253195,-0.673072636,0.700805843,0,0,0.779435456,-1.82043374,-0.239021197,0.00346818962,-0.178673849,-1.12616551,0.234020323,-0.0196027365,-1.81849551,0.451201558,0.240395099,0.297830135,-0.743924499,0.0224296991,-0.234513596,-0.0209733266,-0.0691768825,-0.164812773,0.131199136,0.506671369,-1.55256963,0.563448012,0.152938664,-0.0605331957,-0.0329650529,0.444537461,-1.46673954,0.766061485,0.106357604
0.00942733791,-0.234119743,0.845249176,-0.119062953,-0.202589661,-0.674408436,0.699967802,0,0,0.785752714,-1.82152545,-0.238642216,0.00315697235,-0.181070536,-1.15296936,0.233815208,-0.0204530396,-1.81976116,0.460920304,0.24382928,0.300992966,-0.760014713,0.0283357147,-0.240094781,-0.022467766,-0.0679135919,-0.165646538,0.131677702,0.528509319,-1.56458044,0.563076675,0.153525084,-0.0590999946,-0.0322304331,0.465691388,-1.48100805,0.769578755,0.105800927
0.00939398725,-0.234155059,0.84372282,-0.116370194,-0.201431215,-0.676658869,0.698581636,0,0,0.783292234,-1.82223964,-0.236822218,0.00295336917,-0.182007775,-1.17754722,0.232239798,-0.0185563732,-1.82058918,0.470590472,0.24822104,0.304032832,-0.775488257,0.0341700874,-0.243746072,-0.0253137611,-0.0647037104,-0.16602391,0.13249968,0.54666543,-1.57166946,0.562297046,0.153546825,-0.0575797223,-0.0305546224,0.483115733,-1.49036944,0.771278858,0.105316333
0.00935852062,-0.23420383,0.842210889,-0.113660775,-0.2002635,-0.678910077,0.697177768,0,0,0.780724704,-1.82294929,-0.234984636,0.00275107776,-0.182927221,-1.20209789,0.230647698,-0.0166262183,-1.82141185,0.480260044,0.252624482,0.307071209,-0.790954292,0.0400035903,-0.247373834,-0.0281762332,-0.0614700951,-0.166395709,0.133325845,0.564776659,-1.57869852,0.561512411,0.153561682,-0.0560583919,-0.0288673379,0.500494659,-1.49967098,0.772956789,0.104832619
0.00932305306,-0.234252602,0.840698957,-0.110949516,-0.199092627,-0.681150615,0.695763052,0,0,0.778157175,-1.82365894,-0.233147055,0.00254878658,-0.183846667,-1.22664857,0.229055598,-0.0146960625,-1.82223451,0.489929616,0.257027894,0.310109586,-0.806420326,0.0458370894,-0.251001596,-0.0310387053,-0.058236476,-0.166767523,0.13415201,0.582887948,-1.58572745,0.560727775,0.153576538,-0.0545370616,-0.0271800514,0.517873526,-1.50897253,0.774634719,0.104348905
0.00928758644,-0.234301373,0.839187026,-0.108236544,-0.197918624,-0.683380544,0.694337249,0,0,0.775589645,-1.82436848,-0.231309488,0.00234649517,-0.184766114,-1.25119925,0.227463484,-0.0127659086,-1.82305717,0.499599189,0.261431336,0.313147962,-0.821886301,0.0516705923,-0.254629374,-0.0339011773,-0.0550028607,-0.167139322,0.13497816,0.600999177,-1.59275651,0.55994314,0.153591394,-0.0530157275,-0.025492765,0.535252452,-1.51827407,0.776312649,0.103865191
0.00925211981,-0.23435013,0.837675035,-0.105521955,-0.196741536,-0.685599506,0.692900598,0,0,0.773022115,-1.82507813,-0.229471907,0.00214420399,-0.185685545,-1.27574992,0.225871384,-0.0108357528,-1.82387984,0.509268761,0.265834749,0.316186339,-0.837352335,0.0575040914,-0.258257151,-0.0367636494,-0.0517692454,-0.167511135,0.135804325,0.619110405,-1.59978557,0.559158564,0.153606251,-0.0514943972,-0.0238054805,0.552631319,-1.52757561,0.77799058,0.103381477
0.00871203747,-0.235774592,0.836720943,-0.10127119,-0.19413431,-0.68962723,0.690268219,0,0,0.760725796,-1.82564986,-0.228680864,0.00197960157,-0.186718389,-1.29735005,0.224735767,-0.00450157514,-1.82454932,0.518290043,0.27351594,0.31907022,-0.853031635,0.0636556074,-0.261140734,-0.0406516939,-0.0444785468,-0.167636424,0.136718124,0.638899982,-1.60456848,0.558590055,0.153058976,-0.0495578535,-0.0211401954,0.571510732,-1.53480625,0.779058039,0.102078542
0.00772860646,-0.238407716,0.836256862,-0.095663093,-0.190257862,-0.695204556,0.686542988,0,0,0.739881873,-1.82610047,-0.228809282,0.00184811233,-0.187850848,-1.31635773,0.224001199,0.00570192048,-1.82508397,0.526741743,0.284076899,0.321818382,-0.868898273,0.0700865164,-0.263370484,-0.045440793,-0.0336233489,-0.167545155,0.137708902,0.660164118,-1.60737813,0.558211505,0.152017832,-0.0472565107,-0.0176156554,0.591708362,-1.54021752,0.779589176,0.100055844
0.00674517546,-0.241040856,0.83579278,-0.0900450051,-0.186363146,-0.700719416,0.68275398,0,0,0.71903795,-1.82655108,-0.228937715,0.00171662297,-0.188983321,-1.33536553,0.223266646,0.0159054175,-1.82561874,0.535193443,0.294637859,0.324566513,-0.88476485,0.0765174329,-0.265600234,-0.0502298921,-0.022768151,-0.167453885,0.138699695,0.681428254,-1.61018777,0.557832956,0.150976688,-0.0449551679,-0.0140911136,0.611906052,-1.54562867,0.780120254,0.0980331451
0.00576174492,-0.24367398,0.835328698,-0.0844184756,-0.182451248,-0.706170321,0.678902447,0,0,0.698194027,-1.82700181,-0.229066133,0.00158513372,-0.19011578,-1.35437322,0.222532094,0.0261089131,-1.82615352,0.543645084,0.305198818,0.327314645,-0.900631487,0.082948342,-0.267829984,-0.0550189912,-0.011912954,-0.167362615,0.139690474,0.702692389,-1.61299729,0.557454407,0.149935529,-0.0426538251,-0.0105665727,0.632103741,-1.55103981,0.780651391,0.0960104465
0.00477831392,-0.246307105,0.834864676,-0.0787850618,-0.178523228,-0.711555898,0.674989402,0,0,0.677350163,-1.82745242,-0.229194552,0.00145364436,-0.191248253,-1.37338102,0.221797541,0.0363124087,-1.82668817,0.552096784,0.315759778,0.330062807,-0.916498125,0.089379251,-0.270059735,-0.0598080903,-0.00105775485,-0.167271346,0.140681267,0.723956525,-1.61580694,0.557075858,0.148894385,-0.0403524823,-0.0070420308,0.652301371,-1.55645108,0.781182528,0.093987748
0.00379966898,-0.248953164,0.834435105,-0.0733218417,-0.174295381,-0.71667105,0.671288133,0,0,0.655696988,-1.8274225,-0.229728341,0.00230616867,-0.192400739,-1.39204252,0.221162751,0.0465321764,-1.82720864,0.560605705,0.327086926,0.332771868,-0.932336211,0.0958491713,-0.272085577,-0.0640095249,0.00949164852,-0.166991994,0.141488224,0.744852304,-1.61836338,0.556661367,0.147828087,-0.037914861,-0.00370945083,0.67229408,-1.56164813,0.781543434,0.0919029564
0.00287865777,-0.251755118,0.834421456,-0.0699669272,-0.166622475,-0.719273984,0.670810401,0,0,0.62429893,-1.82160532,-0.235143632,0.0150083443,-0.193794459,-1.40653384,0.221729219,0.0569478795,-1.82755613,0.569803953,0.347640723,0.335010231,-0.947830975,0.102788806,-0.271655917,-0.0611341856,0.0163586233,-0.164447829,0.14008157,0.761312723,-1.61786985,0.555813909,0.146458983,-0.0338361301,-0.00268849824,0.689818323,-1.56426656,0.779854774,0.089070417
0.00195764657,-0.254557043,0.834407747,-0.0666057691,-0.158934757,-0.721822083,0.670280874,0,0,0.592900872,-1.81578827,-0.240558907,0.0277105197,-0.19518818,-1.42102528,0.222295672,0.0673635826,-1.82790375,0.579002142,0.36819452,0.337248594,-0.963325739,0.109728441,-0.271226257,-0.0582588464,0.0232255999,-0.161903664,0.138674915,0.777773142,-1.61737645,0.554966509,0.145089865,-0.0297573954,-0.00166754553,0.707342565,-1.56688499,0.778166115,0.0862378702
0.0010366356,-0.257358968,0.834394038,-0.0632391125,-0.151233986,-0.72431469,0.66969943,0,0,0.561502814,-1.80997121,-0.245974183,0.0404126905,-0.1965819,-1.4355166,0.222862139,0.0777792856,-1.82825136,0.588200331,0.388748288,0.339486957,-0.978820503,0.116668068,-0.270796627,-0.0553835109,0.0300925728,-0.1593595,0.13726826,0.794233501,-1.61688292,0.55411911,0.143720746,-0.0256786644,-0.000646593049,0.724866807,-1.56950355,0.776477516,0.0834053308
0.000115624302,-0.260160893,0.834380329,-0.0598677695,-0.143521965,-0.726751268,0.66906637,0,0,0.530104816,-1.80415416,-0.251389474,0.0531148687,-0.197975621,-1.45000803,0.223428607,0.0881949887,-1.82859886,0.597398579,0.409302086,0.341725349,-0.994315267,0.123607703,-0.270366967,-0.0525081716,0.0369595475,-0.156815335,0.135861605,0.81069392,-1.61638951,0.553271651,0.142351642,-0.0215999316,0.000374359719,0.74239105,-1.57212198,0.774788857,0.0805727914
-0.000805386982,-0.262962848,0.83436662,-0.0564925075,-0.135800481,-0.729131341,0.66838181,0,0,0.498706728,-1.79833698,-0.256804734,0.0658170432,-0.199369341,-1.46449935,0.223995075,0.0986106917,-1.82894647,0.606596768,0.429855883,0.343963712,-1.00980997,0.13054733,-0.269937307,-0.0496328324,0.0438265242,-0.15427117,0.134454951,0.827154338,-1.61589611,0.552424252,0.140982524,-0.0175211988,0.00139531249,0.759915292,-1.57474041,0.773100197,0.0777402446
-0.00159502297,-0.265562236,0.834295809,-0.0535297468,-0.1274333,-0.729953766,0.669374943,0,0,0.466244459,-1.79446244,-0.263648748,0.0851565078,-0.20044665,-1.47604477,0.224771097,0.109565742,-1.82921851,0.618239403,0.455973119,0.345982492,-1.02380455,0.137511194,-0.267245442,-0.0446354374,0.0468960367,-0.151427284,0.132541403,0.840954304,-1.61506367,0.551882625,0.139975682,-0.0136091663,0.00226666545,0.774973333,-1.5767858,0.771905005,0.0754056796
-0.00230449159,-0.268038034,0.83419019,-0.0508155078,-0.118663974,-0.729797363,0.671366096,0,0,0.433132738,-1.79177308,-0.27136457,0.108546153,-0.20133087,-1.48579252,0.225675002,0.120849922,-1.82944441,0.631373644,0.485485256,0.34786728,-1.03688359,0.144489855,-0.263173163,-0.0383431204,0.0476482734,-0.148400515,0.130318537,0.853130937,-1.61402452,0.551527619,0.139189884,-0.00979885738,0.00304673007,0.788526535,-1.57848155,0.771010876,0.0733749792
-0.00301396032,-0.270513803,0.83408457,-0.0480962545,-0.109882459,-0.729576588,0.673298299,0,0,0.400021046,-1.78908372,-0.279080391,0.131935805,-0.20221509,-1.49554026,0.226578906,0.132134095,-1.82967043,0.644507885,0.514997423,0.349752098,-1.04996252,0.1514685,-0.259100854,-0.0320508033,0.0484005101,-0.145373732,0.128095686,0.86530751,-1.61298537,0.551172674,0.138404101,-0.00598854851,0.00382679468,0.802079678,-1.58017731,0.770116746,0.0713442788
-0.00372342882,-0.272989601,0.833978891,-0.0453727059,-0.101091079,-0.72929132,0.675171196,0,0,0.366909355,-1.78639436,-0.286796182,0.155325457,-0.20309931,-1.505288,0.227482811,0.143418267,-1.82989633,0.657642066,0.54450953,0.351636887,-1.06304157,0.158447146,-0.255028546,-0.02575849,0.0491527431,-0.142346948,0.125872821,0.877484083,-1.61194623,0.550817668,0.137618303,-0.00217823987,0.00460685929,0.81563288,-1.58187306,0.769222677,0.0693135783
-0.00443289755,-0.275465399,0.833873272,-0.0426455736,-0.0922921523,-0.728941739,0.676984131,0,0,0.333797663,-1.78370512,-0.294512004,0.17871511,-0.20398353,-1.51503575,0.228386715,0.15470244,-1.83012223,0.670776367,0.574021697,0.353521675,-1.07612062,0.165425792,-0.250956237,-0.0194661748,0.0499049798,-0.139320165,0.123649962,0.889660656,-1.61090696,0.550462663,0.13683252,0.00163206947,0.00538692391,0.829186022,-1.58356881,0.768328547,0.0672828853
-0.00513761165,-0.277823955,0.833741665,-0.0400346294,-0.0839880854,-0.728550434,0.678643823,0,0,0.30150491,-1.78197861,-0.302137673,0.201124936,-0.204900578,-1.52391016,0.229347959,0.16563125,-1.83033514,0.684819341,0.601956308,0.355345279,-1.08859718,0.172023177,-0.247131363,-0.0135237891,0.050521113,-0.136467844,0.121490508,0.901256502,-1.60998178,0.55013448,0.136032388,0.00521035586,0.00620014127,0.842003465,-1.58516943,0.767637968,0.0653817728
-0.00581833534,-0.279590815,0.833479166,-0.0380222537,-0.0782033429,-0.728229582,0.679794312,0,0,0.273344845,-1.78511083,-0.30930841,0.218590394,-0.205983251,-1.52837718,0.230598554,0.174766794,-1.83048201,0.703448296,0.62193048,0.356860071,-1.09803307,0.176696643,-0.244555131,-0.00934721436,0.0504504517,-0.134495884,0.119651042,0.909921944,-1.60963142,0.549941719,0.13515988,0.00761781586,0.00718065351,0.851108074,-1.58629012,0.767974675,0.0641346127
-0.00649905903,-0.281357706,0.833216608,-0.0360081494,-0.0724148527,-0.727880239,0.680918455,0,0,0.245184764,-1.78824317,-0.316479146,0.236055851,-0.20706594,-1.53284431,0.231849134,0.183902338,-1.83062887,0.72207725,0.641904593,0.358374864,-1.10746896,0.181370094,-0.241978899,-0.00517063914,0.0503797904,-0.132523924,0.117811583,0.918587387,-1.60928106,0.549748957,0.134287357,0.0100252759,0.00816116575,0.860212684,-1.58741081,0.768311322,0.0628874451
-0.00717978226,-0.283124596,0.832954049,-0.0339925513,-0.0666232854,-0.727502465,0.682016075,0,0,0.217024684,-1.7913754,-0.323649883,0.253521323,-0.208148614,-1.53731143,0.233099729,0.193037882,-1.83077574,0.740706205,0.661878705,0.359889656,-1.11690485,0.186043561,-0.239402652,-0.000994064612,0.0503091291,-0.130551949,0.115972117,0.927252829,-1.60893071,0.549556196,0.13341485,0.0124327363,0.00914167799,0.869317293,-1.58853149,0.768648028,0.0616402775
-0.00786050595,-0.284891486,0.832691491,-0.0319757015,-0.0608293265,-0.727096558,0.683087111,0,0,0.188864604,-1.79450774,-0.33082062,0.270986766,-0.209231287,-1.54177845,0.234350324,0.202173427,-1.83092248,0.75933516,0.681852877,0.361404449,-1.12634075,0.190717012,-0.23682642,0.00318251085,0.0502384678,-0.128579989,0.11413265,0.935918272,-1.60858035,0.549363434,0.132542342,0.0148401968,0.0101221902,0.878421962,-1.58965218,0.768984675,0.0603931099
-0.00854122918,-0.286658347,0.832428932,-0.0299578328,-0.0550336465,-0.726662278,0.684131503,0,0,0.160704538,-1.79764009,-0.337991357,0.288452238,-0.210313961,-1.54624557,0.235600919,0.211308971,-1.83106935,0.777964115,0.70182699,0.362919241,-1.13577664,0.195390478,-0.234250173,0.00735908514,0.0501678064,-0.126608014,0.112293191,0.944583714,-1.60822999,0.549170673,0.131669834,0.0172476564,0.0111027015,0.887526572,-1.59077275,0.769321382,0.0591459423
-0.00873633754,-0.287828594,0.83189702,-0.0295615997,-0.0521283261,-0.726563871,0.684480608,0,0,0.145091549,-1.80009937,-0.348479122,0.296509534,-0.211072817,-1.54988074,0.236510843,0.215961188,-1.83117974,0.804941535,0.716123879,0.364578545,-1.14411318,0.198584571,-0.235046372,0.00974814035,0.0501637347,-0.125380695,0.110798746,0.950973749,-1.60901999,0.549820542,0.130953953,0.0189983081,0.0119672734,0.893890977,-1.59271944,0.770480394,0.0593305081
-0.00873285718,-0.288754821,0.8312549,-0.0298286714,-0.0504051521,-0.726608574,0.684550703,0,0,0.13460958,-1.80228341,-0.360323399,0.30071944,-0.211699232,-1.55317581,0.237281442,0.218779996,-1.83127522,0.835333049,0.728099108,0.366296917,-1.15200019,0.201173708,-0.237221703,0.0114062056,0.0501868874,-0.124457881,0.109445401,0.956433296,-1.61027634,0.550815105,0.130302131,0.0204803646,0.0127844326,0.899134874,-1.59500396,0.771975815,0.0601005703
-0.00872937776,-0.289681047,0.830612779,-0.0300956499,-0.0486818179,-0.726650953,0.684618652,0,0,0.124127604,-1.80446756,-0.372167677,0.304929376,-0.212325633,-1.55647099,0.238052055,0.221598789,-1.83137071,0.865724564,0.740074337,0.368015289,-1.15988731,0.203762844,-0.239397019,0.0130642718,0.0502100438,-0.123535074,0.108092055,0.961892784,-1.61153269,0.551809609,0.129650295,0.021962421,0.0136015918,0.904378772,-1.59728849,0.773471177,0.0608706325
-0.00872589741,-0.290607303,0.829970658,-0.030362539,-0.0469583385,-0.726691246,0.684684634,0,0,0.113645636,-1.80665171,-0.384011924,0.309139282,-0.212952048,-1.55976605,0.238822669,0.224417597,-1.83146608,0.896116078,0.752049565,0.369733661,-1.16777432,0.206351981,-0.241572335,0.014722337,0.0502332002,-0.12261226,0.106738709,0.967352331,-1.61278892,0.552804112,0.128998473,0.0234444775,0.014418751,0.909622669,-1.5995729,0.774966538,0.0616406947
-0.00872241706,-0.29153353,0.829328477,-0.0306293331,-0.0452347212,-0.726729155,0.684748471,0,0,0.103163667,-1.80883574,-0.395856202,0.313349217,-0.213578463,-1.56306112,0.239593282,0.227236405,-1.83156157,0.926507533,0.764024794,0.371452063,-1.17566133,0.208941102,-0.243747666,0.0163804032,0.0502563566,-0.121689454,0.105385363,0.972811818,-1.61404526,0.553798676,0.128346652,0.0249265339,0.0152359093,0.914866567,-1.60185742,0.776461899,0.0624107569
-0.0085912738,-0.292312652,0.828675449,-0.0311084725,-0.0439065583,-0.726829648,0.684706688,0,0,0.0945161432,-1.81082571,-0.408059031,0.314722896,-0.214093953,-1.56592524,0.240262419,0.230395541,-1.83164847,0.957023978,0.775031149,0.373067766,-1.18292582,0.211333886,-0.246167198,0.0176963266,0.0504178144,-0.120904073,0.104065306,0.977602601,-1.61538637,0.55475235,0.128004193,0.0262421221,0.0160909165,0.919523478,-1.60425067,0.778010309,0.0636929125
-0.00808540545,-0.292659968,0.827990234,-0.0322111174,-0.0437394306,-0.727118373,0.684359729,0,0,0.0912532061,-1.81224573,-0.421314359,0.307771415,-0.214283809,-1.56752479,0.240633696,0.234553635,-1.83171058,0.987907112,0.783193588,0.374382079,-1.18836308,0.213150352,-0.24930355,0.0180079713,0.050985232,-0.120522074,0.102842942,0.980430603,-1.61697614,0.555586159,0.128569856,0.0270690843,0.0170570146,0.922457635,-1.60696304,0.779714406,0.0664782077
-0.00757953664,-0.293007255,0.827305079,-0.0333137214,-0.0435722359,-0.727406025,0.684011817,0,0,0.0879902616,-1.81366587,-0.434569716,0.300819963,-0.21447368,-1.56912422,0.241004989,0.23871173,-1.83177257,1.01879025,0.791356087,0.375696421,-1.19380021,0.214966804,-0.252439916,0.018319618,0.0515526496,-0.120140083,0.101620585,0.983258545,-1.6185658,0.556419969,0.129135534,0.0278960466,0.0180231128,0.925391734,-1.60967541,0.781418443,0.0692634955
-0.00707366783,-0.293354571,0.826619864,-0.034416277,-0.0434049815,-0.727692664,0.683662891,0,0,0.0847273245,-1.81508589,-0.447825044,0.293868512,-0.21466355,-1.57072365,0.241376266,0.242869824,-1.83183455,1.04967332,0.799518526,0.377010733,-1.19923747,0.21678327,-0.255576253,0.0186312627,0.0521200672,-0.119758092,0.10039822,0.986086488,-1.62015557,0.557253778,0.129701197,0.0287230089,0.0189892109,0.928325891,-1.61238778,0.78312254,0.0720487908
-0.00656779902,-0.293701857,0.825934649,-0.0355187841,-0.0432376638,-0.72797823,0.683313012,0,0,0.0814643875,-1.81650591,-0.461080372,0.286917061,-0.214853421,-1.57232308,0.241747558,0.247027919,-1.83189666,1.08055651,0.807681024,0.378325075,-1.20467472,0.218599722,-0.25871262,0.0189429093,0.0526874848,-0.119376101,0.099175863,0.98891443,-1.62174535,0.558087587,0.13026686,0.0295499694,0.0199553091,0.931260049,-1.61510015,0.784826636,0.0748340786
-0.00606193068,-0.294049174,0.825249493,-0.0366212316,-0.0430702791,-0.728262722,0.68296212,0,0,0.0782014504,-1.81792593,-0.4743357,0.279965609,-0.215043277,-1.57392251,0.24211885,0.251186013,-1.83195865,1.11143959,0.815843463,0.379639387,-1.21011186,0.220416188,-0.261848986,0.0192545559,0.0532549024,-0.118994102,0.0979534984,0.991742373,-1.623335,0.558921397,0.130832523,0.0303769317,0.0209214091,0.934194148,-1.61781263,0.786530674,0.0776193738
-0.00566426665,-0.294775724,0.824310482,-0.0363266543,-0.0405112617,-0.727665901,0.68377012,0,0,0.0708955154,-1.81894481,-0.488747895,0.280261904,-0.215241998,-1.575194,0.242620125,0.26047495,-1.83200336,1.1317668,0.830598593,0.38050139,-1.21351302,0.22272557,-0.260614723,0.0217062086,0.0528074205,-0.118714541,0.0955328941,0.99512583,-1.62580919,0.560744941,0.130952135,0.0308146197,0.0214403067,0.938314855,-1.62098897,0.78822428,0.0796310231
-0.00529391272,-0.29559803,0.823307395,-0.0356790572,-0.0373480432,-0.726838768,0.68486315,0,0,0.0625691712,-1.81986237,-0.503452003,0.282387495,-0.215442955,-1.57638264,0.243154228,0.271058887,-1.83204377,1.14942968,0.847017705,0.381249249,-1.21640027,0.225159377,-0.258277386,0.0246979818,0.0521037877,-0.118460827,0.0928098559,0.998649478,-1.62850654,0.562818289,0.130959183,0.031154057,0.0218463354,0.942734957,-1.62428236,0.789915264,0.0814474151
-0.00492355879,-0.296420336,0.822304368,-0.0350310095,-0.0341842957,-0.726002693,0.685947895,0,0,0.0542428195,-1.82078004,-0.518156171,0.284513086,-0.215643913,-1.57757127,0.243688315,0.281642795,-1.83208406,1.16709268,0.863436759,0.381997079,-1.21928751,0.227593184,-0.25594005,0.0276897568,0.0514001548,-0.118207112,0.0900868177,1.00217307,-1.63120389,0.564891636,0.130966216,0.0314934961,0.0222523641,0.947155118,-1.62757576,0.791606247,0.0832637995
-0.00455320533,-0.297242641,0.821301281,-0.0343825333,-0.0310201328,-0.725157559,0.687024117,0,0,0.0459164716,-1.82169759,-0.532860339,0.286638677,-0.21584487,-1.57875991,0.244222417,0.292226732,-1.83212435,1.18475556,0.879855871,0.382744908,-1.22217476,0.230026975,-0.253602713,0.03068153,0.050696522,-0.117953397,0.0873637795,1.00569677,-1.63390112,0.566964984,0.130973265,0.0318329334,0.0226583928,0.95157522,-1.63086927,0.793297231,0.0850801915
-0.00418285141,-0.298064947,0.820298195,-0.033733651,-0.0278556719,-0.724303663,0.688091815,0,0,0.0375901237,-1.82261527,-0.547564447,0.288764268,-0.216045827,-1.57994854,0.244756505,0.302810639,-1.83216476,1.20241857,0.896274924,0.383492738,-1.22506201,0.232460782,-0.251265377,0.0336733051,0.0499928892,-0.117699683,0.0846407488,1.00922036,-1.63659847,0.569038332,0.130980298,0.0321723707,0.0230644215,0.955995381,-1.63416266,0.794988155,0.0868965834
-0.00378918415,-0.298949718,0.81930095,-0.0327901877,-0.0242971182,-0.723265886,0.689362824,0,0,0.0277441554,-1.8234241,-0.562793553,0.294251412,-0.216055065,-1.58078718,0.245120198,0.313309073,-1.83220017,1.21570623,0.912698627,0.384076566,-1.22751057,0.235046029,-0.248002112,0.0368246995,0.0488227643,-0.117497556,0.0821785033,1.01268923,-1.63919914,0.571140766,0.131025225,0.0323938765,0.0235982537,0.960448205,-1.63734484,0.796704471,0.0884769112
-0.00335082854,-0.299954236,0.818314791,-0.0312820002,-0.0199827161,-0.721877277,0.691024899,0,0,0.014985255,-1.8240248,-0.579029024,0.306182265,-0.215696767,-1.58095467,0.245157242,0.323643655,-1.8322264,1.22060704,0.92913121,0.384346008,-1.22911811,0.237921581,-0.242964,0.0402820781,0.0467584245,-0.117394306,0.0802161768,1.01605308,-1.64161444,0.573298812,0.131142765,0.0323893279,0.0243770666,0.964963675,-1.64031374,0.798469365,0.0896047428
-0.0029124727,-0.300958753,0.817328632,-0.0297729,-0.0156675,-0.72047013,0.692669511,0,0,0.00222635525,-1.82462537,-0.595264435,0.318113118,-0.215338469,-1.58112216,0.245194286,0.333978236,-1.83225262,1.22550786,0.945563793,0.384615421,-1.23072565,0.240797117,-0.237925887,0.0437394567,0.0446940884,-0.117291063,0.0782538503,1.01941693,-1.64402974,0.575456917,0.131260306,0.0323847756,0.0251558814,0.969479144,-1.64328253,0.800234258,0.090732567
-0.00247411709,-0.30196327,0.816342473,-0.0282630101,-0.0113517977,-0.719044447,0.6942963,0,0,-0.0105325449,-1.82522607,-0.611499906,0.330043942,-0.214980185,-1.58128965,0.245231315,0.344312817,-1.83227885,1.23040867,0.961996377,0.384884864,-1.23233306,0.243672669,-0.232887775,0.0471968353,0.0426297523,-0.117187813,0.0762915239,1.02278078,-1.64644504,0.577614963,0.131377846,0.032380227,0.0259346943,0.973994553,-1.64625144,0.801999152,0.0918603987
-0.00203576125,-0.302967787,0.815356314,-0.0267524458,-0.00703594182,-0.717600524,0.695905387,0,0,-0.0232914463,-1.82582664,-0.627735317,0.341974795,-0.214621887,-1.58145714,0.24526836,0.354647398,-1.83230507,1.23530948,0.97842896,0.385154307,-1.2339406,0.246548221,-0.227849677,0.0506542139,0.0405654125,-0.117084563,0.0743291974,1.02614462,-1.64886034,0.579773068,0.131495386,0.0323756747,0.0267135091,0.978510022,-1.64922023,0.803764045,0.0929882303
-0.00159740553,-0.303972304,0.814370155,-0.025241321,-0.00272026262,-0.716138303,0.697496533,0,0,-0.0360503457,-1.82642734,-0.643970788,0.353905648,-0.214263588,-1.58162463,0.245305404,0.364981979,-1.8323313,1.24021029,0.994861484,0.38542372,-1.23554814,0.249423772,-0.222811565,0.0541115925,0.0385010764,-0.116981313,0.0723668709,1.02950847,-1.65127563,0.581931174,0.131612927,0.0323711261,0.027492322,0.983025491,-1.65218914,0.805528939,0.0941160619
-0.000942370738,-0.304918677,0.813420355,-0.023283815,0.00114802038,-0.714734435,0.699007392,0,0,-0.0502205454,-1.82684255,-0.664468944,0.368452609,-0.213263661,-1.58020532,0.244573221,0.373254031,-1.83234942,1.24409294,1.00601006,0.385603786,-1.23649001,0.252454042,-0.217301935,0.0560507067,0.0359168239,-0.116968937,0.0708462819,1.03245914,-1.65342689,0.583967626,0.131930321,0.0322691277,0.0285684839,0.987101138,-1.65499723,0.80749166,0.0950495154
-0.000259784691,-0.305857629,0.812475085,-0.0212689303,0.0049597118,-0.713323712,0.700494349,0,0,-0.064570196,-1.82723415,-0.685509205,0.383332223,-0.212182134,-1.57858431,0.243743241,0.381263852,-1.83236647,1.24784601,1.01648664,0.385772467,-1.23734713,0.255503982,-0.211732343,0.0577967688,0.0332664624,-0.116968118,0.069381848,1.03535736,-1.6555444,0.585988641,0.132273138,0.0321547389,0.0296824519,0.991120815,-1.65778482,0.809479535,0.0959582627
0.000422801328,-0.30679661,0.811529875,-0.0192534812,0.00877143629,-0.711896598,0.701965451,0,0,-0.0789198428,-1.82762587,-0.706549406,0.398211837,-0.211100608,-1.57696331,0.242913261,0.389273643,-1.83238351,1.25159907,1.02696323,0.385941148,-1.23820436,0.258553952,-0.206162766,0.059542831,0.030616099,-0.116967298,0.0679174215,1.03825557,-1.65766203,0.588009655,0.132615939,0.0320403464,0.0307964217,0.995140493,-1.66057253,0.811467409,0.0968670025
0.00110538746,-0.307735592,0.810584605,-0.0172376093,0.0125829335,-0.710453391,0.703420579,0,0,-0.0932694972,-1.82801747,-0.727589667,0.413091451,-0.210019082,-1.57534242,0.242083266,0.397283465,-1.83240056,1.25535214,1.03743994,0.386109829,-1.23906159,0.261603892,-0.200593188,0.0612888932,0.0279657375,-0.116966479,0.0664529949,1.04115367,-1.65977967,0.59003067,0.132958755,0.0319259576,0.0319103897,0.99916023,-1.66336012,0.813455284,0.0977757499
0.00178797345,-0.308674574,0.809639394,-0.0152214514,0.0163939409,-0.708994091,0.704859555,0,0,-0.107619144,-1.82840908,-0.748629868,0.427971065,-0.208937556,-1.57372141,0.241253287,0.405293256,-1.83241761,1.25910521,1.04791653,0.38627851,-1.23991871,0.264653832,-0.195023596,0.0630349591,0.025315376,-0.116965666,0.0649885684,1.04405189,-1.66189718,0.592051685,0.133301571,0.0318115689,0.0330243595,1.00317991,-1.66614783,0.815443158,0.0986844972
0.00245689647,-0.309520692,0.808695018,-0.0131762708,0.0198276863,-0.707689464,0.706122458,0,0,-0.121980324,-1.82874167,-0.771164179,0.445007354,-0.207599536,-1.57148087,0.240009531,0.412180245,-1.83243203,1.26225007,1.05617261,0.386431426,-1.24060178,0.267717242,-0.189776361,0.0640045777,0.0226644631,-0.116636112,0.0634481013,1.04694712,-1.66395175,0.593993187,0.133214518,0.0319582038,0.0342570245,1.00713909,-1.66887808,0.817296505,0.0991826057
0.00310782203,-0.310244501,0.807751715,-0.0110928016,0.0227651391,-0.706597447,0.707162559,0,0,-0.136356682,-1.82899618,-0.795666456,0.46488449,-0.205923632,-1.56842446,0.238220766,0.417588204,-1.83244312,1.26459372,1.06150353,0.386563599,-1.24105513,0.270798355,-0.184953719,0.0639514476,0.0200128257,-0.115873553,0.061807476,1.04983854,-1.66592336,0.595829904,0.132561237,0.0324486643,0.0356460288,1.0110184,-1.67153263,0.818972766,0.0991398245
0.0037587476,-0.31096828,0.806808472,-0.00900908001,0.0257023592,-0.705494642,0.708191872,0,0,-0.150733054,-1.82925069,-0.820168793,0.484761596,-0.204247743,-1.56536794,0.236431986,0.422996193,-1.8324542,1.26693726,1.06683457,0.386695772,-1.2415086,0.273879468,-0.180131093,0.063898325,0.0173611883,-0.115110986,0.0601668507,1.05272985,-1.66789496,0.597666681,0.13190797,0.0329391249,0.0370350368,1.01489782,-1.67418718,0.820649028,0.0990970433
0.00440967316,-0.311692089,0.805865169,-0.00692520151,0.0286392141,-0.704380989,0.709210396,0,0,-0.165109411,-1.82950532,-0.844671071,0.504638672,-0.202571854,-1.56231153,0.234643206,0.428404182,-1.83246529,1.26928079,1.07216549,0.386827976,-1.24196208,0.276960582,-0.175308451,0.0638452023,0.01470955,-0.114348426,0.0585262217,1.05562127,-1.66986668,0.599503458,0.131254703,0.0334295854,0.0384240448,1.01877725,-1.67684174,0.82232523,0.099054262
0.00506059872,-0.312415868,0.804921925,-0.00484126341,0.031575568,-0.703256667,0.710218072,0,0,-0.179485768,-1.82975984,-0.869173348,0.524515808,-0.200895965,-1.559255,0.232854441,0.433812141,-1.83247638,1.27162445,1.07749641,0.386960149,-1.24241555,0.280041695,-0.170485809,0.0637920722,0.0120579135,-0.113585867,0.0568855964,1.05851257,-1.67183828,0.601340234,0.130601421,0.0339200459,0.0398130529,1.02265656,-1.67949629,0.824001491,0.0990114808
0.00571152475,-0.313139677,0.803978622,-0.00275735883,0.0345112868,-0.702121675,0.7112149,0,0,-0.19386214,-1.83001447,-0.893675625,0.544392943,-0.199220061,-1.5561986,0.231065661,0.43922013,-1.83248746,1.27396798,1.08282745,0.387092322,-1.2428689,0.283122808,-0.165663168,0.0637389496,0.00940627605,-0.112823308,0.0552449711,1.06140399,-1.67380989,0.603177011,0.129948154,0.0344105065,0.0412020609,1.02653599,-1.68215096,0.825677752,0.0989686996
0.00622991892,-0.313668102,0.803009927,-0.000323084096,0.0364653654,-0.7015028,0.711733162,0,0,-0.208711669,-1.83018208,-0.916993558,0.568100452,-0.197168514,-1.55199194,0.2284206,0.442897499,-1.83249474,1.27604389,1.08548796,0.387258172,-1.24307215,0.286167383,-0.161290348,0.0618781447,0.00704032648,-0.111789584,0.0535075441,1.06424665,-1.67601717,0.604920566,0.128784508,0.0349560268,0.0428982824,1.02997923,-1.68496907,0.827395916,0.098696731
0.00674504181,-0.314191729,0.802040577,0.00211993,0.0383949131,-0.700889587,0.71223253,0,0,-0.22357288,-1.83034754,-0.940282226,0.591902614,-0.195107684,-1.54775691,0.22575441,0.44653216,-1.83250189,1.27811301,1.08808255,0.387424827,-1.24326921,0.289211035,-0.156928629,0.0599727184,0.00468142889,-0.110749163,0.0517677255,1.06708813,-1.67823029,0.606661856,0.127608255,0.0355029032,0.0446020886,1.03341162,-1.68779135,0.829115152,0.0984191
0.00726016471,-0.314715326,0.801071227,0.00456296094,0.0403240994,-0.700269163,0.712724626,0,0,-0.238434106,-1.830513,-0.963570952,0.615704715,-0.193046853,-1.54352188,0.223088205,0.450166792,-1.83250904,1.28018224,1.09067726,0.387591511,-1.24346626,0.292254716,-0.15256691,0.058067292,0.00232253131,-0.109708749,0.0500279069,1.0699296,-1.68044341,0.608403146,0.126432002,0.0360497795,0.0463058949,1.03684413,-1.69061351,0.830834389,0.0981414691
0.00777528714,-0.315238953,0.800101936,0.00700593088,0.0422528572,-0.699641526,0.713209271,0,0,-0.253295302,-1.83067846,-0.98685962,0.639506817,-0.190986022,-1.53928697,0.220422015,0.453801453,-1.83251631,1.28225148,1.09327185,0.387758195,-1.24366319,0.295298398,-0.148205191,0.0561618693,-3.63657527E-05,-0.108668335,0.0482880883,1.07277107,-1.68265665,0.610144436,0.125255749,0.0365966558,0.0480097011,1.04027653,-1.69343579,0.832553685,0.0978638455
0.00829041004,-0.31576255,0.799132586,0.00944876764,0.0441811346,-0.699006677,0.713686585,0,0,-0.268156528,-1.83084393,-1.01014829,0.663308918,-0.188925192,-1.53505194,0.217755824,0.457436115,-1.83252347,1.28432071,1.09586656,0.38792485,-1.24386024,0.298342079,-0.143843472,0.0542564429,-0.00239526364,-0.107627921,0.0465482697,1.07561255,-1.68486977,0.611885726,0.124079503,0.0371435322,0.0497135073,1.04370904,-1.69625807,0.834272921,0.0975862145
0.00871783402,-0.316209972,0.798200786,0.0121171745,0.0455215387,-0.698724389,0.713838339,0,0,-0.282444388,-1.83097923,-1.03084958,0.686355948,-0.186732143,-1.53052449,0.214691624,0.460613102,-1.83252931,1.28653777,1.09793425,0.38815093,-1.24397612,0.301328123,-0.139807105,0.0518152267,-0.00450780522,-0.107167885,0.0448688194,1.07857013,-1.68723834,0.613555074,0.122785382,0.0369815044,0.0517668761,1.04668546,-1.69890225,0.836004376,0.0974358395
0.00906439312,-0.31658712,0.797303557,0.0149937067,0.0463199727,-0.698767483,0.713690162,0,0,-0.296203554,-1.83108687,-1.04916513,0.708706677,-0.184417203,-1.52572739,0.211260438,0.463368088,-1.83253407,1.28889108,1.09951627,0.388431817,-1.244017,0.304261059,-0.136070743,0.0488799661,-0.00639318675,-0.107243016,0.0432450362,1.08163464,-1.68975031,0.615158081,0.121382587,0.0361658148,0.0541425683,1.04924142,-1.7013824,0.837747097,0.0974028036
0.00941095222,-0.316964269,0.796406329,0.0178701691,0.0471180081,-0.698804319,0.713535607,0,0,-0.30996272,-1.8311944,-1.0674808,0.731057405,-0.182102263,-1.52093029,0.207829252,0.466123104,-1.83253872,1.29124451,1.1010983,0.388712674,-1.24405789,0.307193995,-0.132334381,0.0459447056,-0.00827856828,-0.107318155,0.0416212529,1.08469927,-1.69226229,0.616761088,0.119979791,0.0353501216,0.0565182641,1.05179727,-1.70386243,0.839489818,0.0973697677
0.00975751132,-0.317341447,0.79550916,0.0207464825,0.0479156338,-0.698834956,0.713374734,0,0,-0.323721856,-1.83130193,-1.08579636,0.753408134,-0.179787323,-1.51613319,0.204398066,0.46887809,-1.83254337,1.29359782,1.10268033,0.388993561,-1.2440989,0.31012693,-0.128598019,0.0430094488,-0.0101639498,-0.107393287,0.0399974696,1.08776379,-1.69477415,0.618364096,0.118576989,0.034534432,0.05889396,1.05435324,-1.70634258,0.841232538,0.0973367319
0.0101040704,-0.317718595,0.794611931,0.0236225668,0.0487128086,-0.698859274,0.713207483,0,0,-0.337481022,-1.83140945,-1.10411191,0.775758862,-0.177472383,-1.51133609,0.20096688,0.471633077,-1.83254802,1.29595113,1.10426235,0.389274448,-1.24413979,0.313059866,-0.124861665,0.0400741883,-0.0120493323,-0.107468419,0.0383736826,1.09082842,-1.69728613,0.619967043,0.117174193,0.0337187387,0.0612696521,1.0569092,-1.70882273,0.842975259,0.097303696
0.0104377475,-0.318084151,0.793738186,0.0264862962,0.0494390279,-0.698939025,0.712978721,0,0,-0.351094604,-1.8315146,-1.12212873,0.797845781,-0.175144628,-1.50653541,0.197491065,0.474369884,-1.83255267,1.29835939,1.10589027,0.38956821,-1.24417853,0.315978974,-0.121218942,0.0371703804,-0.0138839735,-0.107660905,0.0367674977,1.09391057,-1.69976377,0.621525526,0.115799926,0.0327668078,0.0637198091,1.0593828,-1.71121681,0.844697118,0.0972817466
0.0105849886,-0.318281978,0.793203771,0.0291753411,0.0491444916,-0.699904084,0.711946547,0,0,-0.362601161,-1.83158445,-1.13582218,0.816114664,-0.172631532,-1.50168264,0.193369254,0.476843178,-1.83255565,1.30156064,1.10818374,0.390048742,-1.2441864,0.31869781,-0.118931472,0.0347217582,-0.0149842547,-0.109551825,0.035416007,1.09724689,-1.70174551,0.622439563,0.114838623,0.0298430827,0.0672476515,1.06066477,-1.71236575,0.846117437,0.097420238
0.0107322298,-0.318479776,0.792669415,0.0318642035,0.0488495007,-0.700862765,0.710907876,0,0,-0.374107689,-1.83165443,-1.14951563,0.834383547,-0.170118421,-1.49682975,0.189247459,0.479316503,-1.83255875,1.30476201,1.11047709,0.390529275,-1.24419415,0.321416646,-0.116643995,0.0322731361,-0.016084535,-0.111442752,0.0340645127,1.10058308,-1.70372713,0.623353601,0.113877319,0.0269193593,0.070775494,1.06194675,-1.7135148,0.847537816,0.0975587219
0.010879471,-0.318677604,0.792135,0.0345527977,0.0485540479,-0.70181489,0.709862411,0,0,-0.385614216,-1.83172441,-1.1632092,0.852652431,-0.167605326,-1.49197698,0.185125664,0.481789827,-1.83256173,1.30796337,1.11277044,0.391009808,-1.24420202,0.324135482,-0.114356518,0.0298245139,-0.0171848163,-0.113333672,0.0327130221,1.10391939,-1.70570886,0.624267697,0.112916023,0.023995636,0.0743033364,1.06322885,-1.71466374,0.848958135,0.0976972058
0.0110267121,-0.318875402,0.791600645,0.0372410528,0.0482581332,-0.702760458,0.708810389,0,0,-0.397120744,-1.83179426,-1.17690265,0.870921373,-0.16509223,-1.4871242,0.181003869,0.484263152,-1.83256483,1.31116474,1.11506379,0.39149034,-1.24420977,0.326854318,-0.112069048,0.0273758918,-0.0182850976,-0.1152246,0.0313615277,1.1072557,-1.70769048,0.625181735,0.111954719,0.0210719109,0.0778311789,1.06451082,-1.7158128,0.850378454,0.0978356972
0.0111739542,-0.31907323,0.791066289,0.0399288945,0.0479617827,-0.70369935,0.707751751,0,0,-0.408627301,-1.83186424,-1.1905961,0.889190257,-0.162579119,-1.48227131,0.176882058,0.486736476,-1.83256781,1.31436598,1.11735725,0.391970843,-1.24421751,0.329573154,-0.109781571,0.0249272697,-0.0193853807,-0.11711552,0.0300100353,1.11059201,-1.70967221,0.626095772,0.110993415,0.0181481875,0.0813590214,1.0657928,-1.71696174,0.851798773,0.0979741812
0.0110881487,-0.319140792,0.790807128,0.042378474,0.047056023,-0.705539167,0.705835879,0,0,-0.418687701,-1.83191919,-1.20339274,0.906536043,-0.159926221,-1.4774735,0.172327742,0.489544183,-1.8325702,1.31821513,1.12140131,0.392573267,-1.2442466,0.332143605,-0.108168714,0.0232181959,-0.0200604796,-0.120050579,0.0285484064,1.11367333,-1.71123755,0.626578152,0.110449851,0.0142122433,0.085597612,1.06596875,-1.71704364,0.853000879,0.0981956348
0.0108527131,-0.319124758,0.790724814,0.0446747802,0.0457583889,-0.707949698,0.70336175,0,0,-0.42781961,-1.83196461,-1.2156136,0.92328918,-0.157183543,-1.47271097,0.167495728,0.492566615,-1.83257222,1.32247996,1.12656939,0.393253982,-1.2442894,0.334618777,-0.106988996,0.0219839588,-0.0204625875,-0.123656042,0.0270160604,1.11659098,-1.71253562,0.62678349,0.110174499,0.00962638669,0.0902925581,1.06543469,-1.71644044,0.854062736,0.0984703526
0.0106172767,-0.319108725,0.79064244,0.0469703339,0.044459831,-0.710346937,0.70087415,0,0,-0.436951488,-1.83201015,-1.22783446,0.940042317,-0.15444088,-1.46794844,0.162663713,0.495589077,-1.83257425,1.32674491,1.13173747,0.393934667,-1.24433219,0.337093979,-0.105809286,0.0207497235,-0.0208646934,-0.127261505,0.0254837144,1.11950874,-1.71383357,0.626988769,0.109899148,0.00504053151,0.0949874967,1.06490052,-1.71583712,0.855124652,0.0987450629
0.0103818411,-0.319092691,0.790560067,0.0492650047,0.0431604199,-0.712730706,0.698373199,0,0,-0.446083397,-1.83205557,-1.24005544,0.956795454,-0.151698202,-1.46318591,0.157831699,0.49861151,-1.83257616,1.33100975,1.13690567,0.394615352,-1.24437499,0.339569151,-0.104629576,0.0195154864,-0.0212667994,-0.13086696,0.0239513703,1.12242639,-1.71513164,0.627194047,0.109623797,0.000454675901,0.0996824428,1.06436646,-1.71523392,0.856186569,0.0990197808
0.0101464046,-0.319076657,0.790477693,0.0515586808,0.0418602489,-0.715101004,0.695859253,0,0,-0.455215305,-1.83210099,-1.2522763,0.973548591,-0.148955539,-1.45842338,0.152999684,0.501633942,-1.83257818,1.3352747,1.14207375,0.395296037,-1.24441767,0.342044353,-0.103449859,0.0182812512,-0.0216689073,-0.13447243,0.0224190243,1.12534404,-1.71642959,0.627399325,0.109348446,-0.00413118023,0.104377382,1.06383228,-1.7146306,0.857248425,0.0992944986
0.00978570338,-0.319027424,0.7904163,0.0537811704,0.0404490083,-0.717834413,0.692954063,0,0,-0.46417889,-1.83206427,-1.26458275,0.990738094,-0.146169007,-1.45367968,0.148052692,0.504631221,-1.83258009,1.33943033,1.14739037,0.396007895,-1.24448442,0.344466627,-0.102213442,0.0170756448,-0.0221093539,-0.137889042,0.0209585708,1.12799191,-1.7177341,0.627584279,0.10898149,-0.00844900776,0.10956651,1.06276345,-1.71402335,0.858169854,0.0994418189
0.00873340201,-0.318794936,0.79047066,0.0556149632,0.0384265743,-0.722620189,0.687932014,0,0,-0.472213149,-1.83157349,-1.27736151,1.01033676,-0.143140405,-1.44904053,0.142470852,0.507489502,-1.83258128,1.34298325,1.15352726,0.396891683,-1.24468374,0.346596777,-0.100663967,0.0160281155,-0.0227614846,-0.140263051,0.0198950395,1.12915051,-1.71907413,0.627656877,0.108108774,-0.0112870317,0.117484055,1.05874181,-1.71339345,0.858315527,0.0988857299
0.00768110016,-0.318562478,0.790525019,0.0574459843,0.0364016481,-0.727366626,0.682870805,0,0,-0.480247438,-1.8310827,-1.29014039,1.02993536,-0.140111789,-1.4444015,0.136888996,0.510347784,-1.83258259,1.34653616,1.15966403,0.397775471,-1.24488306,0.348726928,-0.0991144851,0.0149805853,-0.0234136172,-0.142637059,0.0188315101,1.1303091,-1.72041428,0.627729535,0.107236058,-0.0141250566,0.125401601,1.05472028,-1.71276367,0.858461201,0.0983296409
0.00662879832,-0.31833002,0.790579438,0.0592739359,0.0343745761,-0.732073009,0.67777133,0,0,-0.488281697,-1.83059204,-1.30291927,1.04953396,-0.137083188,-1.43976235,0.131307155,0.513206065,-1.8325839,1.35008895,1.16580081,0.398659259,-1.24508226,0.350857109,-0.0975650102,0.0139330551,-0.0240657479,-0.145011082,0.0177679788,1.1314677,-1.72175443,0.627802193,0.106363341,-0.0169630814,0.133319139,1.05069864,-1.71213388,0.858606875,0.0977735519
0.00557649648,-0.318097532,0.790633798,0.0610985048,0.0323456861,-0.736738503,0.672634482,0,0,-0.496315986,-1.83010125,-1.31569815,1.06913257,-0.134054571,-1.43512321,0.125725314,0.516064346,-1.83258522,1.35364187,1.1719377,0.399543047,-1.24528158,0.35298726,-0.0960155278,0.0128855249,-0.0247178786,-0.147385091,0.0167044494,1.1326263,-1.72309446,0.627874792,0.105490625,-0.0198011063,0.141236693,1.04667711,-1.71150398,0.858752549,0.097217463
0.0045241951,-0.317865074,0.790688157,0.0629193783,0.0303153172,-0.741362274,0.667461097,0,0,-0.504350245,-1.82961047,-1.32847703,1.08873129,-0.13102597,-1.43048406,0.120143473,0.518922627,-1.83258653,1.35719478,1.17807448,0.400426835,-1.2454809,0.35511741,-0.0944660529,0.0118379947,-0.0253700111,-0.149759099,0.0156409182,1.13378489,-1.72443461,0.62794745,0.104617916,-0.0226391293,0.149154231,1.04265547,-1.7108742,0.858898222,0.096661374
0.00301896199,-0.317225873,0.790994585,0.0632595867,0.0276776534,-0.748276651,0.659783483,0,0,-0.510492504,-1.82678151,-1.341295,1.12596571,-0.127586111,-1.42619276,0.114017449,0.521502614,-1.83258748,1.35977483,1.18379092,0.4015176,-1.24589193,0.356877834,-0.093308486,0.0118176593,-0.0256003663,-0.151530519,0.0178193171,1.13249218,-1.72536886,0.627928853,0.103781618,-0.0234490037,0.158331066,1.03452051,-1.71062016,0.857675612,0.0967915207
0.00131749047,-0.316410482,0.791410148,0.0629512817,0.0247723684,-0.756105244,0.650944114,0,0,-0.51581496,-1.8229394,-1.35412979,1.1708411,-0.123968087,-1.42205226,0.107655644,0.52396208,-1.83258832,1.36193335,1.18932521,0.40269804,-1.24639463,0.35847801,-0.0923207253,0.0122423703,-0.025647983,-0.153040856,0.0214023273,1.13013732,-1.72612739,0.627870798,0.102961108,-0.023380151,0.168053493,1.02460349,-1.71052909,0.855860174,0.0972189903
-0.000383981038,-0.31559509,0.791825771,0.0626335815,0.0218625385,-0.763824463,0.642005801,0,0,-0.521137476,-1.81909728,-1.36696458,1.2157166,-0.120350055,-1.41791177,0.101293847,0.526421487,-1.83258915,1.36409199,1.1948595,0.40387851,-1.24689746,0.360078216,-0.0913329646,0.0126670813,-0.0256955978,-0.154551178,0.0249853376,1.12778258,-1.7268858,0.627812743,0.102140598,-0.0233113002,0.177775919,1.01468647,-1.71043789,0.854044735,0.0976464525
-0.0020854529,-0.314779699,0.792241335,0.0623065867,0.0189494379,-0.771430433,0.63297224,0,0,-0.526459932,-1.81525505,-1.37979937,1.26059198,-0.116732024,-1.41377127,0.0949320495,0.528880894,-1.83258998,1.36625051,1.20039368,0.40505895,-1.24740016,0.361678421,-0.0903452039,0.0130917924,-0.0257432144,-0.156061515,0.0285683461,1.12542772,-1.72764432,0.627754688,0.10132008,-0.0232424494,0.187498346,1.00476944,-1.7103467,0.852229238,0.0980739221
-0.00378692406,-0.313964278,0.792656898,0.0619704798,0.016034374,-0.778920233,0.623847723,0,0,-0.531782389,-1.81141293,-1.39263415,1.30546737,-0.113113999,-1.40963078,0.0885702521,0.531340361,-1.83259082,1.36840916,1.20592797,0.40623942,-1.24790287,0.363278627,-0.0893574432,0.0135165025,-0.0257908311,-0.157571852,0.0321513563,1.12307298,-1.72840285,0.627696633,0.10049957,-0.0231735967,0.197220773,0.994852364,-1.71025562,0.850413799,0.0985013917
-0.00546752336,-0.313080549,0.793089151,0.0617179498,0.0130951665,-0.786873341,0.613881052,0,0,-0.535792708,-1.80675316,-1.40525401,1.35159588,-0.109507188,-1.40557837,0.0821670443,0.53343606,-1.83259153,1.37126482,1.21101117,0.407527328,-1.24844205,0.364721954,-0.0883790106,0.013376168,-0.0256295037,-0.158458069,0.0367861465,1.12121081,-1.72884929,0.627220213,0.100573465,-0.0231723543,0.20657365,0.987404287,-1.71016955,0.84823513,0.0994431451
-0.00708277104,-0.311982781,0.793573439,0.0617419928,0.010078392,-0.796486318,0.601411581,0,0,-0.535694361,-1.79953301,-1.41720033,1.40164757,-0.105935529,-1.40180182,0.0756341517,0.534392834,-1.83259213,1.37630332,1.21468222,0.409151703,-1.2490952,0.365674049,-0.0874297842,0.0114666363,-0.0248139594,-0.157390073,0.0447141416,1.12089109,-1.72831869,0.625433743,0.103447832,-0.0233827978,0.214769453,0.987686574,-1.71009982,0.844919264,0.101995185
-0.00869801827,-0.310885042,0.794057727,0.061750181,0.00705671823,-0.805901885,0.5887779,0,0,-0.535596073,-1.79231286,-1.42914677,1.45169938,-0.10236387,-1.39802516,0.0691012591,0.535349667,-1.83259261,1.38134181,1.21835327,0.410776079,-1.24974823,0.366626173,-0.0864805654,0.00955710374,-0.0239984151,-0.156322092,0.0526421331,1.12057137,-1.72778821,0.623647273,0.106322192,-0.0235932413,0.222965255,0.987968922,-1.71003008,0.841603339,0.104547225
-0.010313266,-0.309787303,0.794542015,0.0617424659,0.00403246982,-0.815112114,0.575989425,0,0,-0.535497725,-1.78509271,-1.44109321,1.50175107,-0.0987922102,-1.3942486,0.0625683665,0.536306441,-1.8325932,1.38638031,1.22202432,0.412400484,-1.25040138,0.367578298,-0.0855313465,0.00764757162,-0.0231828708,-0.155254111,0.0605701283,1.12025166,-1.72725761,0.621860743,0.109196551,-0.0238036849,0.231161073,0.988251269,-1.70996034,0.838287473,0.107099265
-0.0119285136,-0.308689535,0.795026302,0.0617188588,0.00100798556,-0.82411015,0.563056111,0,0,-0.535399437,-1.77787256,-1.45303953,1.55180287,-0.0952205509,-1.39047194,0.0560354777,0.537263215,-1.83259368,1.39141881,1.22569537,0.41402486,-1.25105441,0.368530422,-0.0845821202,0.00573803997,-0.0223673284,-0.154186115,0.0684981197,1.11993206,-1.72672713,0.620074272,0.112070911,-0.0240141284,0.239356875,0.988533616,-1.7098906,0.834971547,0.109651297
-0.0135437613,-0.307591796,0.79551059,0.061679408,-0.002014403,-0.832889438,0.549988091,0,0,-0.535301089,-1.77065241,-1.46498597,1.60185468,-0.0916488841,-1.38669538,0.0495025851,0.538220048,-1.83259428,1.39645731,1.22936642,0.415649235,-1.25170755,0.369482547,-0.0836329013,0.00382850738,-0.0215517841,-0.153118134,0.0764261112,1.11961234,-1.72619653,0.618287802,0.11494527,-0.0242245719,0.247552678,0.988815904,-1.70982087,0.831655622,0.112203337
-0.0151606686,-0.306369245,0.795657873,0.0631519035,-0.00502501661,-0.842542529,0.534891307,0,0,-0.541379273,-1.7677145,-1.46957886,1.6236546,-0.08735127,-1.38452625,0.0421153866,0.538253665,-1.83259463,1.40059769,1.23142684,0.417305171,-1.25241828,0.370222837,-0.080398947,-0.000209104488,-0.021869693,-0.150732294,0.0885768533,1.12182701,-1.72577441,0.616209328,0.117564686,-0.0235676672,0.249917194,0.995645285,-1.71023047,0.826821804,0.1121822
-0.0167780276,-0.305112809,0.795713663,0.0650197193,-0.00803497527,-0.852213442,0.519076049,0,0,-0.549134791,-1.76593947,-1.47217464,1.63778222,-0.0828564987,-1.38279355,0.0344961807,0.538036644,-1.83259499,1.40449417,1.23304975,0.418969691,-1.2531445,0.370905608,-0.0765445307,-0.00482464489,-0.0224954188,-0.147988543,0.101874374,1.12472987,-1.72538161,0.614051521,0.120114863,-0.0226752125,0.25069809,1.00425267,-1.71077025,0.821575701,0.11146225
-0.0183953866,-0.303856373,0.795769393,0.0668656155,-0.0110440934,-0.861587167,0.503065228,0,0,-0.556890309,-1.76416445,-1.47477043,1.65190983,-0.0783617198,-1.38106096,0.0268769711,0.537819624,-1.83259535,1.40839064,1.23467267,0.42063418,-1.25387084,0.371588409,-0.0726901144,-0.00944018643,-0.0231211446,-0.145244807,0.115171894,1.12763286,-1.72498894,0.611893773,0.12266504,-0.0217827577,0.25147897,1.01285994,-1.71131003,0.816329598,0.110742301
-0.0200127438,-0.302599937,0.795825183,0.068687588,-0.0140491426,-0.870653033,0.486875623,0,0,-0.564645827,-1.76238942,-1.47736621,1.66603744,-0.0738669485,-1.37932837,0.0192577653,0.537602544,-1.83259571,1.412287,1.2362957,0.4222987,-1.25459719,0.37227118,-0.0688356906,-0.0140557261,-0.0237468686,-0.142501056,0.128469408,1.13053572,-1.72459614,0.609735966,0.125215217,-0.020890303,0.25225988,1.02146733,-1.71184993,0.811083496,0.110022351
-0.0216301028,-0.301343471,0.795880973,0.0704837069,-0.017046921,-0.879401922,0.470524788,0,0,-0.572401345,-1.7606144,-1.47996211,1.68016505,-0.0693721771,-1.37759578,0.0116385566,0.537385523,-1.83259606,1.41618347,1.23791862,0.423963189,-1.25532353,0.372953951,-0.0649812743,-0.0186712667,-0.0243725944,-0.13975732,0.141766936,1.13343871,-1.72420347,0.607578218,0.127765387,-0.0199978482,0.253040761,1.0300746,-1.71238971,0.805837452,0.109302402
-0.0232507717,-0.300111294,0.795853376,0.0733167753,-0.0200523697,-0.888215482,0.453095794,0,0,-0.57820493,-1.75985837,-1.47937965,1.6849277,-0.0652123764,-1.37672412,0.00415359112,0.535571694,-1.83259642,1.41863382,1.23884809,0.425479949,-1.25708461,0.37358731,-0.0598944724,-0.0237570759,-0.0259261671,-0.137025446,0.155998453,1.13799727,-1.7234267,0.604513407,0.129694134,-0.0188785605,0.251923591,1.04163456,-1.71286809,0.799807489,0.108457878
-0.0248781368,-0.298928112,0.795657039,0.0782764927,-0.0230878908,-0.897424817,0.433553249,0,0,-0.580059528,-1.76116395,-1.47236753,1.67074442,-0.0617302544,-1.37759435,-0.0030597928,0.530527413,-1.83259654,1.41815829,1.23837471,0.426697791,-1.26093912,0.374120653,-0.0523144566,-0.0297942832,-0.0293568615,-0.134317607,0.172119513,1.14590549,-1.72187316,0.599613786,0.130365655,-0.0173003692,0.246966422,1.05916762,-1.7132225,0.792191744,0.107361324
-0.0265055019,-0.29774493,0.795460701,0.0832039118,-0.026116088,-0.906196892,0.413765788,0,0,-0.581914127,-1.76246965,-1.4653554,1.65656102,-0.0582481325,-1.3784647,-0.0102731762,0.525483131,-1.83259678,1.41768289,1.23790121,0.427915633,-1.26479375,0.374654025,-0.0447344407,-0.0358314887,-0.032787554,-0.131609768,0.188240588,1.15381384,-1.72031963,0.594714105,0.131037161,-0.0157221779,0.242009252,1.07670069,-1.71357691,0.784575939,0.10626477
-0.0281328671,-0.296561748,0.795264423,0.0880915076,-0.0291323792,-0.914517403,0.393762708,0,0,-0.583768785,-1.76377535,-1.45834327,1.64237761,-0.0547660105,-1.37933493,-0.0174865611,0.52043885,-1.83259702,1.41720748,1.23742771,0.429133445,-1.26864839,0.375187367,-0.0371544249,-0.0418686979,-0.0362182483,-0.128901914,0.204361662,1.16172206,-1.71876609,0.589814484,0.131708682,-0.0141439857,0.237052083,1.09423375,-1.7139312,0.776960194,0.105168216
-0.0297602322,-0.295378596,0.795068085,0.0929319486,-0.0321322232,-0.92237395,0.373574078,0,0,-0.585623384,-1.76508093,-1.45133102,1.62819433,-0.0512838848,-1.38020527,-0.024699945,0.515394568,-1.83259726,1.41673195,1.23695433,0.430351287,-1.2725029,0.37572071,-0.0295744073,-0.0479059033,-0.0396489426,-0.126194075,0.220482737,1.16963029,-1.71721256,0.584914804,0.132380202,-0.0125657944,0.232094929,1.11176693,-1.71428561,0.769344449,0.104071662
-0.0313875973,-0.294195414,0.794871747,0.0977180675,-0.0351111628,-0.929756045,0.353230894,0,0,-0.587477982,-1.76638663,-1.44431889,1.61401093,-0.0478017628,-1.38107562,-0.0319133289,0.510350287,-1.83259749,1.41625655,1.23648083,0.431569129,-1.27635753,0.376254082,-0.0219943915,-0.0539431088,-0.043079637,-0.123486228,0.236603796,1.17753851,-1.71565902,0.580015123,0.133051723,-0.0109876031,0.227137759,1.1293,-1.71464002,0.761728704,0.102975115
-0.033015579,-0.293049812,0.79475683,0.10125418,-0.0371946655,-0.935841024,0.335508108,0,0,-0.585073888,-1.77002668,-1.43333626,1.59353256,-0.0454848222,-1.38196945,-0.0381120071,0.504958093,-1.83259761,1.41034663,1.23542297,0.43241173,-1.28024769,0.376959264,-0.0164239351,-0.0576816611,-0.047925204,-0.1190494,0.246130422,1.18181086,-1.71351683,0.577510655,0.133501172,-0.00758220488,0.217806935,1.14383769,-1.71390426,0.754950166,0.101517677
-0.0346436538,-0.291909546,0.794653535,0.104587287,-0.0391423926,-0.941478014,0.318038672,0,0,-0.582062244,-1.77399981,-1.42178714,1.57215619,-0.0433341153,-1.38286674,-0.0441659205,0.499516308,-1.83259761,1.40366137,1.23428166,0.433200806,-1.28414297,0.377688974,-0.0111401742,-0.0610922724,-0.0529726259,-0.114365913,0.254716218,1.18556452,-1.7112906,0.5753479,0.133918941,-0.00391612714,0.207852125,1.15794802,-1.71301293,0.748291135,0.100008756
-0.0362717248,-0.290769309,0.79455018,0.107885577,-0.0410775095,-0.946786761,0.300446749,0,0,-0.579050601,-1.77797294,-1.41023803,1.55077982,-0.0411834083,-1.38376391,-0.0502198339,0.494074494,-1.83259773,1.39697611,1.23314047,0.433989882,-1.28803825,0.378418684,-0.00585641433,-0.0645028874,-0.0580200478,-0.109682426,0.263302028,1.18931818,-1.70906436,0.573185086,0.13433671,-0.000250049634,0.19789733,1.17205834,-1.71212161,0.741632044,0.0984998345
-0.0378997959,-0.289629072,0.794446886,0.111145511,-0.0429979526,-0.951761484,0.282750845,0,0,-0.576038957,-1.78194606,-1.39868903,1.52940333,-0.0390327014,-1.3846612,-0.0562737472,0.488632679,-1.83259785,1.39029098,1.23199916,0.434778959,-1.29193354,0.379148394,-0.000572653487,-0.067913495,-0.063067466,-0.104998931,0.271887839,1.19307184,-1.70683813,0.571022332,0.134754479,0.00341602857,0.18794252,1.18616867,-1.7112304,0.734973013,0.0969909132
-0.039527867,-0.288488835,0.794343531,0.114363715,-0.0449017212,-0.956397355,0.264969736,0,0,-0.573027313,-1.78591919,-1.38713992,1.50802696,-0.0368819945,-1.38555849,-0.0623276606,0.483190835,-1.83259797,1.38360572,1.23085785,0.435568035,-1.29582882,0.379878134,0.00471110595,-0.07132411,-0.0681148842,-0.100315444,0.28047365,1.1968255,-1.7046119,0.568859518,0.135172248,0.00708210561,0.177987725,1.200279,-1.71033907,0.728313923,0.0954819918
-0.0411257856,-0.287448466,0.794373751,0.11622221,-0.0461688042,-0.960805953,0.24741222,0,0,-0.569465637,-1.78941977,-1.37659895,1.48682177,-0.0351221785,-1.38604665,-0.0679037198,0.478442818,-1.83259797,1.3764739,1.22913313,0.436338753,-1.29895556,0.380669743,0.00848335493,-0.0735974312,-0.0705052018,-0.0953466818,0.28713727,1.19824111,-1.70232642,0.567713439,0.135563657,0.0112800924,0.168230668,1.20990086,-1.70999575,0.724182248,0.0939516723
-0.0426819697,-0.28654626,0.794588625,0.116221927,-0.0465649888,-0.965063035,0.230168447,0,0,-0.56514281,-1.79226661,-1.3674531,1.46585345,-0.0339032561,-1.3859688,-0.07281854,0.474654794,-1.83259821,1.36872423,1.22660077,0.437084019,-1.30101895,0.381547064,0.0101640411,-0.0742970258,-0.0692187324,-0.0899831653,0.291141063,1.19642138,-1.69995916,0.56797415,0.135918587,0.0162141118,0.158747226,1.21331191,-1.71041059,0.723547935,0.0923917517
-0.0442381538,-0.285644084,0.79480356,0.11618489,-0.0469467826,-0.969018698,0.212837651,0,0,-0.560820043,-1.79511333,-1.35830712,1.44488502,-0.0326843336,-1.38589084,-0.0777333602,0.470866799,-1.83259833,1.36097455,1.2240684,0.437829316,-1.30308223,0.382424355,0.0118447272,-0.0749966204,-0.0679322705,-0.0846196562,0.295144856,1.19460177,-1.6975919,0.568234861,0.136273518,0.0211481303,0.149263784,1.21672285,-1.71082556,0.722913623,0.0908318311
-0.0457943417,-0.284741908,0.795018435,0.116111122,-0.0473138094,-0.972668648,0.19543618,0,0,-0.556497276,-1.79796016,-1.34916127,1.4239167,-0.0314654149,-1.385813,-0.0826481804,0.467078805,-1.83259845,1.35322487,1.22153616,0.438574582,-1.30514562,0.383301646,0.0135254143,-0.0756962225,-0.0666458011,-0.0792561471,0.299148619,1.19278216,-1.69522452,0.568495631,0.136628449,0.0260821488,0.139780343,1.22013378,-1.71124041,0.722279251,0.0892719105
-0.0473505259,-0.283839703,0.795233369,0.11600069,-0.0476657189,-0.976009607,0.177980542,0,0,-0.552174509,-1.80080688,-1.34001541,1.40294838,-0.0302464925,-1.38573515,-0.0875630006,0.463290781,-1.83259857,1.34547508,1.2190038,0.439319879,-1.30720901,0.384178966,0.0152061004,-0.0763958171,-0.0653593317,-0.0738926381,0.303152412,1.19096255,-1.69285727,0.568756342,0.13698338,0.0310161673,0.130296916,1.22354472,-1.71165538,0.721644938,0.0877119899
-0.04890671,-0.282937527,0.795448303,0.115853772,-0.0480022095,-0.979039073,0.160487413,0,0,-0.547851741,-1.80365372,-1.33086944,1.38198006,-0.02902757,-1.38565731,-0.0924778208,0.459502786,-1.83259869,1.3377254,1.21647155,0.440065145,-1.30927241,0.385056257,0.0168867875,-0.0770954117,-0.0640728623,-0.0685291216,0.307156205,1.18914294,-1.69049001,0.569017053,0.13733831,0.0359501876,0.120813467,1.22695565,-1.71207023,0.721010625,0.0861520693
-0.0501251742,-0.282419831,0.795701683,0.115649864,-0.0479712188,-0.981515348,0.144745857,0,0,-0.541830599,-1.80554008,-1.32325232,1.36681855,-0.0285670087,-1.38496053,-0.0965837464,0.456919581,-1.83259881,1.3292824,1.21337676,0.44080162,-1.31015491,0.386057109,0.0177248716,-0.0768944696,-0.0612777844,-0.0645783991,0.307157844,1.1882242,-1.68820763,0.568482459,0.138217241,0.0399607457,0.116533503,1.22694373,-1.71309292,0.723870218,0.0855010673
-0.0513309762,-0.281916589,0.795956492,0.11541573,-0.0479148403,-0.983736217,0.129021093,0,0,-0.5357458,-1.80739057,-1.31569242,1.35187483,-0.028134875,-1.38424051,-0.100659348,0.454381555,-1.83259881,1.32081342,1.21026099,0.441537738,-1.31099319,0.387062609,0.0185313672,-0.0766597688,-0.0584261529,-0.0606806353,0.307009459,1.18733919,-1.68592858,0.567918003,0.139115795,0.0439366885,0.112448618,1.22680354,-1.71413839,0.726860881,0.0848841369
-0.0525367782,-0.281413317,0.796211302,0.115152381,-0.0478463508,-0.985709608,0.113257691,0,0,-0.529661059,-1.80924094,-1.30813253,1.33693111,-0.0277027432,-1.38352048,-0.104734957,0.45184353,-1.83259892,1.31234443,1.20714509,0.442273855,-1.31183147,0.38806808,0.0193378646,-0.0764250606,-0.0555745177,-0.0567828752,0.306861073,1.18645418,-1.68364942,0.567353547,0.140014365,0.0479126312,0.108363725,1.22666335,-1.71518385,0.729851484,0.0842672065
-0.0537425801,-0.280910045,0.796466112,0.114859983,-0.047765784,-0.98743397,0.0974675864,0,0,-0.52357626,-1.8110913,-1.30057275,1.32198739,-0.0272706114,-1.38280058,-0.108810559,0.449305505,-1.83259892,1.30387533,1.20402932,0.443010002,-1.31266987,0.389073581,0.0201443601,-0.0761903599,-0.0527228825,-0.0528851151,0.306712687,1.18556917,-1.68137038,0.56678915,0.140912935,0.0518885739,0.104278833,1.22652316,-1.71622932,0.732842088,0.0836502761
-0.0549483821,-0.280406773,0.796720982,0.114538804,-0.0476732291,-0.988908172,0.0816627368,0,0,-0.51749146,-1.81294179,-1.29301286,1.30704367,-0.0268384777,-1.38208055,-0.112886161,0.446767479,-1.83259904,1.29540634,1.20091355,0.44374612,-1.31350815,0.390079051,0.0209508557,-0.0759556592,-0.0498712473,-0.0489873514,0.306564301,1.18468428,-1.67909122,0.566224694,0.14181149,0.0558645166,0.100193948,1.22638297,-1.71727479,0.735832751,0.0830333382
-0.0557175353,-0.280192226,0.797051311,0.112960897,-0.0469101444,-0.990260124,0.0665149018,0,0,-0.499907106,-1.81125522,-1.28922868,1.30423939,-0.026212981,-1.38091815,-0.117079854,0.44427231,-1.83259904,1.2874583,1.19749904,0.444521636,-1.3141135,0.391048163,0.0195229352,-0.075228028,-0.0468075909,-0.0447150469,0.304905027,1.18293095,-1.67659295,0.565368176,0.143050849,0.059980873,0.0985667482,1.22471046,-1.71852899,0.739599526,0.0836930946
-0.0560641699,-0.280257046,0.797454655,0.110166714,-0.0454980358,-0.991509259,0.0519854799,0,0,-0.4711954,-1.80614626,-1.28909814,1.31318176,-0.0254003759,-1.37932777,-0.12138781,0.441818655,-1.83259916,1.2800144,1.19379556,0.445335269,-1.31449354,0.391982049,0.0159329232,-0.074023433,-0.0435387678,-0.0400803201,0.30178383,1.18033743,-1.6738826,0.564228952,0.144619972,0.0642331019,0.0993176997,1.22155499,-1.71998525,0.744117379,0.0855882019
-0.0564108081,-0.280321866,0.797858059,0.107346505,-0.044075042,-0.992538512,0.037436597,0,0,-0.442483664,-1.80103731,-1.28896761,1.32212412,-0.0245877709,-1.37773728,-0.125695765,0.439365,-1.83259916,1.27257049,1.19009221,0.446148902,-1.31487346,0.392915934,0.0123429094,-0.0728188381,-0.0402699448,-0.0354455896,0.298662633,1.17774391,-1.67117226,0.563089788,0.146189108,0.0684853345,0.100068644,1.21839964,-1.72144151,0.748635232,0.0874833092
-0.0567574427,-0.280386686,0.798261464,0.104502097,-0.0426420793,-0.993346572,0.0228779484,0,0,-0.413771957,-1.79592836,-1.28883708,1.33106649,-0.0237751678,-1.37614679,-0.130003721,0.436911315,-1.83259916,1.26512659,1.18638873,0.446962535,-1.3152535,0.39384982,0.00875289738,-0.0716142431,-0.0370011218,-0.0308108646,0.295541435,1.17515039,-1.66846192,0.561950564,0.147758231,0.0727375597,0.100819595,1.21524417,-1.72289777,0.753153086,0.0893784091
-0.0571040809,-0.280451506,0.798664868,0.101635419,-0.0412001312,-0.99393338,0.00831926707,0,0,-0.385060251,-1.79081941,-1.28870654,1.34000885,-0.0229625627,-1.3745563,-0.134311676,0.43445766,-1.83259928,1.25768268,1.18268526,0.447776169,-1.31563354,0.394783705,0.00516288448,-0.0704096407,-0.0337322988,-0.026176136,0.292420238,1.17255688,-1.66575158,0.560811341,0.149327353,0.0769897923,0.101570547,1.21208882,-1.72435403,0.757670999,0.0912735164
-0.0574585013,-0.280526847,0.79904443,0.0989577621,-0.0398443379,-0.994274139,-0.00622940622,0,0,-0.357694834,-1.78591943,-1.28816426,1.34869862,-0.0221839957,-1.37294996,-0.138617799,0.432136506,-1.83259928,1.25031281,1.17899966,0.448584884,-1.31603062,0.395721644,0.00183079741,-0.0692621693,-0.0305068102,-0.0215895362,0.289082706,1.17012334,-1.6631366,0.559658527,0.150764301,0.0810944661,0.102695942,1.20901668,-1.72583354,0.762220621,0.0931058824
-0.057953231,-0.280791312,0.798994422,0.100032203,-0.0401774906,-0.993955672,-0.0207711421,0,0,-0.354585558,-1.78478265,-1.28020525,1.35283875,-0.0220187008,-1.37105703,-0.142890632,0.432202995,-1.83259928,1.2442764,1.17563605,0.449305117,-1.31673503,0.396732926,0.00314571499,-0.069143787,-0.0280620288,-0.0178700667,0.281847775,1.17057312,-1.66224039,0.558259487,0.149819791,0.082540676,0.110567719,1.20744574,-1.72773135,0.767342865,0.0938077718
-0.058447957,-0.281055808,0.798944414,0.10108611,-0.0405023172,-0.99342525,-0.0353188403,0,0,-0.351476282,-1.78364587,-1.27224624,1.35697877,-0.021853406,-1.36916399,-0.147163466,0.432269484,-1.8325994,1.23824,1.17227244,0.45002532,-1.31743956,0.397744209,0.00446063234,-0.0690254122,-0.0256172493,-0.0141505953,0.274612814,1.17102277,-1.66134405,0.556860507,0.148875266,0.0839868933,0.118439503,1.2058748,-1.72962904,0.77246505,0.0945096686
-0.0589426868,-0.281320274,0.798894405,0.10211876,-0.0408186093,-0.992682934,-0.0498631932,0,0,-0.348367006,-1.78250909,-1.26428723,1.36111891,-0.0216881111,-1.36727107,-0.151436314,0.432336003,-1.8325994,1.2322036,1.16890883,0.450745553,-1.31814408,0.398755461,0.00577554991,-0.0689070374,-0.0231724698,-0.0104311258,0.267377883,1.17147243,-1.66044784,0.555461466,0.147930756,0.0854331031,0.126311287,1.20430386,-1.73152685,0.777587295,0.095211558
-0.0594374128,-0.281584769,0.798844397,0.103129499,-0.0411261469,-0.991728902,-0.0643948987,0,0,-0.345257729,-1.78137231,-1.25632823,1.36525893,-0.0215228163,-1.36537814,-0.155709147,0.432402492,-1.8325994,1.2261672,1.16554534,0.451465786,-1.31884849,0.399766743,0.00709046749,-0.0687886626,-0.0207276903,-0.00671165483,0.260142922,1.17192209,-1.65955162,0.554062486,0.146986246,0.086879313,0.134183064,1.20273292,-1.73342466,0.782709479,0.0959134474
-0.0599321388,-0.281849235,0.798794389,0.104117699,-0.0414247587,-0.990564287,-0.0789046958,0,0,-0.342148453,-1.78023553,-1.24836922,1.36939907,-0.0213575214,-1.3634851,-0.159981996,0.432468981,-1.83259952,1.2201308,1.16218174,0.452185988,-1.31955302,0.400777996,0.00840538461,-0.0686702877,-0.0182829108,-0.00299218367,0.252907991,1.17237186,-1.65865541,0.552663445,0.146041736,0.0883255228,0.142054841,1.20116198,-1.73532236,0.787831724,0.0966153443
-0.0603057481,-0.282253712,0.79858321,0.105264552,-0.0429327674,-0.989175022,-0.0927848741,0,0,-0.345787108,-1.78153801,-1.23748016,1.37090194,-0.0213586912,-1.36163259,-0.164276972,0.434470326,-1.83259952,1.21688998,1.16134596,0.452880561,-1.3201555,0.401861638,0.00986415613,-0.0689931065,-0.0169829242,-0.000728700019,0.242533579,1.17483497,-1.65865648,0.55160135,0.145301342,0.0871154144,0.152373627,1.20024848,-1.73665726,0.792487085,0.0971779451
-0.0605975799,-0.282752723,0.798263192,0.106514148,-0.0452564918,-0.987581909,-0.106247626,0,0,-0.353981972,-1.78448749,-1.22461271,1.37062418,-0.0214722566,-1.35980725,-0.168586895,0.437778056,-1.83259952,1.21553671,1.16221702,0.453557789,-1.3206892,0.402994126,0.0114200572,-0.0696138218,-0.0164558999,0.000551705656,0.230039418,1.17865753,-1.65926337,0.550766706,0.144698784,0.0841117725,0.164344639,1.19977868,-1.73761201,0.796827197,0.0976464972
-0.0608894117,-0.283251703,0.797943115,0.107743971,-0.0475725904,-0.98579973,-0.119695939,0,0,-0.362176836,-1.78743696,-1.21174538,1.37034643,-0.021585824,-1.35798192,-0.172896817,0.441085815,-1.83259952,1.21418357,1.16308808,0.454235017,-1.3212229,0.404126614,0.0129759572,-0.0702345446,-0.0159288757,0.00183211116,0.217545256,1.18248022,-1.65987027,0.549932122,0.144096226,0.0811081305,0.176315635,1.19930887,-1.73856676,0.801167309,0.0981150493
-0.0611812435,-0.283750713,0.797623098,0.108953267,-0.0498797148,-0.983829081,-0.133122042,0,0,-0.37037167,-1.79038644,-1.19887793,1.37006879,-0.0216993894,-1.35615671,-0.177206755,0.444393575,-1.83259964,1.21283031,1.16395915,0.454912245,-1.3217566,0.405259103,0.0145318583,-0.0708552599,-0.0154018505,0.00311251683,0.205051079,1.18630278,-1.66047716,0.549097478,0.143493667,0.0781044886,0.188286632,1.19883907,-1.7395215,0.805507421,0.0985836014
-0.0614730753,-0.284249693,0.797303081,0.110141374,-0.0521765575,-0.981671512,-0.14651829,0,0,-0.378566533,-1.79333591,-1.18601048,1.36979103,-0.0218129568,-1.35433137,-0.181516677,0.447701335,-1.83259964,1.21147716,1.16483021,0.455589473,-1.3222903,0.406391591,0.0160877593,-0.0714759752,-0.0148748253,0.00439292239,0.192556918,1.19012547,-1.66108406,0.548262835,0.142891109,0.0751008466,0.200257629,1.19836926,-1.74047625,0.809847534,0.0990521535
-0.0617249161,-0.284804255,0.796990335,0.111167878,-0.0544599444,-0.979368329,-0.159729645,0,0,-0.386728525,-1.79620159,-1.17418408,1.36885214,-0.0219274163,-1.35253036,-0.185693428,0.450987816,-1.83259964,1.21077788,1.16565824,0.456243485,-1.32283354,0.40748167,0.0175088421,-0.0720357746,-0.0146565009,0.00575779704,0.179317445,1.1939621,-1.66167653,0.547490776,0.142219424,0.071942158,0.212668926,1.19780111,-1.74132919,0.814077497,0.0997090042
-0.0617337413,-0.285696298,0.796721876,0.111325324,-0.0567225106,-0.977138281,-0.172017202,0,0,-0.394690722,-1.798558,-1.16868353,1.3638953,-0.022047298,-1.35087645,-0.189060926,0.454145074,-1.83259964,1.21405315,1.16622472,0.456756473,-1.32343471,0.40831396,0.0181106403,-0.0722253919,-0.0163141266,0.00763598457,0.161548793,1.19788444,-1.66218114,0.547099054,0.141127631,0.0678412765,0.227755949,1.19663489,-1.74156332,0.81763792,0.101510115
-0.0617425665,-0.286588341,0.796453416,0.11146491,-0.0589770935,-0.974749684,-0.184283331,0,0,-0.402652889,-1.80091441,-1.16318297,1.35893857,-0.0221671797,-1.34922254,-0.19242841,0.457302362,-1.83259964,1.21732831,1.16679132,0.45726943,-1.32403588,0.409146249,0.0187124386,-0.0724150091,-0.0179717541,0.00951417256,0.143780142,1.20180666,-1.66268563,0.546707273,0.140035838,0.063740395,0.242842957,1.19546854,-1.74179745,0.821198344,0.103311226
-0.0617513917,-0.287480384,0.796184957,0.111586541,-0.0612225831,-0.972203314,-0.196522027,0,0,-0.410615087,-1.8032707,-1.15768242,1.35398173,-0.0222870633,-1.34756863,-0.195795909,0.46045965,-1.83259976,1.22060359,1.16735792,0.457782418,-1.32463706,0.409978539,0.0193142388,-0.0726046264,-0.0196293797,0.0113923606,0.126011491,1.20572889,-1.66319025,0.546315491,0.138944045,0.0596395172,0.257929951,1.19430232,-1.74203169,0.824758828,0.105112329
-0.061760217,-0.288372427,0.795916498,0.111690156,-0.0634579062,-0.969500482,-0.208727404,0,0,-0.418577284,-1.80562711,-1.15218186,1.34902501,-0.022406945,-1.34591472,-0.199163392,0.463616908,-1.83259976,1.22387874,1.16792452,0.458295375,-1.32523823,0.410810828,0.0199160371,-0.0727942437,-0.0212870054,0.0132705485,0.108242832,1.20965111,-1.66369474,0.545923769,0.137852252,0.0555386357,0.273016989,1.1931361,-1.74226582,0.828319252,0.10691344
-0.0617690422,-0.28926447,0.795648098,0.111775734,-0.0656819791,-0.966642737,-0.220893592,0,0,-0.426539481,-1.80798352,-1.14668131,1.34406817,-0.0225268286,-1.34426081,-0.202530891,0.466774195,-1.83259976,1.22715402,1.16849113,0.458808333,-1.3258394,0.411643147,0.0205178373,-0.072983861,-0.0229446311,0.0151487356,0.0904741809,1.21357346,-1.66419935,0.545531988,0.136760458,0.0514377579,0.288103998,1.19196987,-1.74250007,0.831879675,0.108714551
-0.0615366288,-0.289958715,0.795359373,0.111108065,-0.0678089932,-0.963682711,-0.233179271,0,0,-0.432210743,-1.8097744,-1.14428949,1.33939791,-0.0227278173,-1.34292006,-0.205342978,0.469653159,-1.83259976,1.23096752,1.16978991,0.459114313,-1.32651913,0.41244036,0.0206497777,-0.0725826696,-0.027448494,0.0173710212,0.0711039305,1.21306407,-1.66631019,0.547127366,0.134672388,0.0476453006,0.303073525,1.19146335,-1.74268317,0.832237601,0.111855507
-0.0611936226,-0.290562302,0.795061469,0.110084355,-0.0698867142,-0.960585177,-0.245506629,0,0,-0.436831772,-1.81130612,-1.14332283,1.33485889,-0.02296599,-1.34172273,-0.207900435,0.47240451,-1.83259976,1.23502767,1.17142439,0.459325343,-1.32723486,0.413221508,0.0205663163,-0.0719106346,-0.0332571864,0.0197510552,0.0509994403,1.21052301,-1.66915739,0.549633741,0.132127568,0.043994233,0.31798923,1.19125926,-1.74284291,0.831127286,0.115610696
-0.0608506165,-0.291165859,0.794763505,0.109041899,-0.0719534904,-0.957325995,-0.257797301,0,0,-0.441452801,-1.81283784,-1.14235616,1.33032,-0.0232041627,-1.34052551,-0.210457906,0.47515586,-1.83259976,1.23908794,1.17305887,0.459536374,-1.32795048,0.414002687,0.0204828549,-0.0712385923,-0.0390658826,0.0221310873,0.0308949556,1.20798194,-1.67200458,0.552140057,0.129582763,0.0403431654,0.332904905,1.19105506,-1.74300265,0.830016971,0.119365893
-0.0605076104,-0.291769445,0.794465542,0.10798122,-0.0740082785,-0.953906953,-0.270045102,0,0,-0.44607383,-1.81436956,-1.14138949,1.32578099,-0.0234423354,-1.33932829,-0.213015363,0.477907211,-1.83259976,1.24314821,1.17469347,0.459747434,-1.32866621,0.414783835,0.0203993935,-0.0705665573,-0.044874575,0.0245111212,0.0107904663,1.20544088,-1.67485178,0.554646432,0.127037957,0.0366920978,0.34782061,1.19085097,-1.74316239,0.828906715,0.123121083
-0.0601646043,-0.292373002,0.794167578,0.106902845,-0.0760500506,-0.950329721,-0.282243878,0,0,-0.450694859,-1.81590128,-1.14042294,1.32124197,-0.0236805081,-1.33813095,-0.215572834,0.480658591,-1.83259976,1.24720848,1.17632794,0.459958464,-1.32938194,0.415564984,0.0203159321,-0.0698945224,-0.0506832674,0.0268911533,-0.00931401644,1.20289993,-1.67769909,0.557152808,0.124493137,0.0330410302,0.362736285,1.19064677,-1.74332213,0.8277964,0.12687628
-0.0597409196,-0.292893499,0.793846548,0.105606712,-0.0781894103,-0.946441412,-0.294927806,0,0,-0.455380976,-1.81730962,-1.14039874,1.31612957,-0.0239127744,-1.33694291,-0.218035385,0.483001292,-1.83259976,1.25196493,1.17812645,0.460141122,-1.33014798,0.416310698,0.0202813838,-0.0693099648,-0.0566949472,0.0284367111,-0.0274812318,1.200086,-1.68069363,0.56022197,0.122690156,0.0302364137,0.376346499,1.19052911,-1.7437923,0.825926065,0.130642205
-0.0590471812,-0.293135911,0.793448269,0.103615701,-0.0806867108,-0.941832304,-0.309362948,0,0,-0.460285097,-1.81830525,-1.14352942,1.30909765,-0.0241252761,-1.33578539,-0.220180213,0.483976126,-1.83259976,1.2590518,1.18047428,0.460228711,-1.3310827,0.416937798,0.0204105638,-0.0690182447,-0.0633860901,0.0271889511,-0.0391636416,1.19635856,-1.68418109,0.565175116,0.123370357,0.030265199,0.385586798,1.19070065,-1.74530113,0.821511686,0.134444073
-0.058353439,-0.293378323,0.793049991,0.101598375,-0.0831664503,-0.936993718,-0.323734194,0,0,-0.465189189,-1.81930089,-1.14666009,1.30206573,-0.024337776,-1.33462787,-0.222325057,0.48495093,-1.83259976,1.26613867,1.18282199,0.46031633,-1.3320173,0.417564899,0.0205397438,-0.0687265322,-0.070077233,0.0259411912,-0.0508460514,1.19263113,-1.68766868,0.570128262,0.124050565,0.0302939862,0.394827068,1.19087219,-1.74681008,0.817097306,0.13824594
-0.0576597005,-0.293620735,0.792651713,0.0995561704,-0.0856267959,-0.931928992,-0.338031113,0,0,-0.47009331,-1.82029653,-1.14979076,1.29503381,-0.0245502777,-1.33347046,-0.224469885,0.485925764,-1.83259976,1.27322567,1.18516982,0.460403919,-1.3329519,0.418191969,0.0206689239,-0.0684348121,-0.0767683834,0.0246934313,-0.0625284612,1.18890381,-1.69115627,0.575081408,0.124730766,0.0303227715,0.404067338,1.19104373,-1.74831891,0.812682927,0.142047808
-0.0569659621,-0.293863177,0.792253435,0.0974905342,-0.0880659893,-0.926641583,-0.352243394,0,0,-0.474997401,-1.82129216,-1.15292144,1.28800189,-0.0247627776,-1.33231294,-0.226614729,0.486900598,-1.83259976,1.28031254,1.18751752,0.460491508,-1.3338865,0.41881907,0.0207981057,-0.0681430921,-0.0834595263,0.0234456733,-0.0742108747,1.18517637,-1.69464386,0.580034554,0.125410959,0.0303515587,0.413307637,1.19121528,-1.74982786,0.808268547,0.14584966
-0.0562722199,-0.294105589,0.791855216,0.0954030007,-0.0904822797,-0.921135604,-0.366360873,0,0,-0.479901522,-1.8222878,-1.15605211,1.28096998,-0.0249752775,-1.33115554,-0.228759557,0.487875402,-1.83259976,1.28739941,1.18986535,0.460579127,-1.33482111,0.41944617,0.0209272858,-0.0678513795,-0.0901506692,0.0221979134,-0.0858932808,1.18144906,-1.69813132,0.5849877,0.126091167,0.030380344,0.422547907,1.19138682,-1.75133669,0.803854167,0.149651527
-0.0556207933,-0.294233501,0.791705132,0.0927572995,-0.0924142823,-0.913898289,-0.384246796,0,0,-0.483786762,-1.82301354,-1.15925634,1.27194488,-0.0250594206,-1.32975864,-0.231475845,0.488705426,-1.83259976,1.29467511,1.1917491,0.460942745,-1.33497322,0.420023441,0.0208841916,-0.0676639453,-0.0920905769,0.0163724907,-0.083475247,1.17966425,-1.69993424,0.587931693,0.13027975,0.0328903869,0.42285344,1.19039357,-1.75238502,0.801643848,0.151531026
-0.0549816899,-0.294328034,0.791627467,0.0899131224,-0.094176583,-0.905833304,-0.403128266,0,0,-0.4873752,-1.82366073,-1.16248202,1.26233912,-0.0251061674,-1.32829213,-0.234358624,0.489493281,-1.83259976,1.30200577,1.19349778,0.4613868,-1.3348974,0.420586199,0.0207909066,-0.0675068945,-0.0926462039,0.00921336189,-0.0769490376,1.17844558,-1.70124626,0.590290308,0.135490477,0.0361233428,0.42055583,1.18906093,-1.75329912,0.80007565,0.152850449
-0.0543425865,-0.294422597,0.791549742,0.0870276466,-0.0958995372,-0.897369206,-0.421850741,0,0,-0.490963608,-1.8243078,-1.16570759,1.25273335,-0.0251529124,-1.32682562,-0.237241402,0.490281135,-1.83259976,1.30933642,1.19524634,0.461830854,-1.33482158,0.421148956,0.0206976235,-0.0673498362,-0.093201831,0.00205423171,-0.0704228282,1.1772269,-1.70255828,0.592648923,0.140701219,0.0393563025,0.41825819,1.18772829,-1.75421333,0.798507452,0.154169858
-0.0537034869,-0.29451713,0.791472018,0.0841045529,-0.0975808278,-0.888516426,-0.440389544,0,0,-0.494552016,-1.82495499,-1.16893327,1.24312758,-0.0251996573,-1.32535911,-0.240124166,0.491068989,-1.83259976,1.31666708,1.1969949,0.462274909,-1.33474576,0.421711713,0.0206043385,-0.0671927854,-0.0937574655,-0.00510489568,-0.0638966188,1.17600822,-1.7038703,0.595007479,0.145911962,0.0425892584,0.41596058,1.18639576,-1.75512743,0.796939254,0.155489266
-0.0530643836,-0.294611692,0.791394293,0.0811477154,-0.0992183834,-0.879287183,-0.458720982,0,0,-0.498140454,-1.82560217,-1.17215896,1.23352182,-0.0252464041,-1.32389259,-0.243006945,0.491856813,-1.83259976,1.32399774,1.19874358,0.462718934,-1.33466995,0.42227447,0.0205110535,-0.0670357347,-0.0943130925,-0.0122640254,-0.0573704019,1.17478955,-1.70518231,0.597366095,0.151122704,0.0458222143,0.41366297,1.18506312,-1.75604153,0.795371056,0.156808689
-0.0525542535,-0.294776112,0.791315854,0.0782806277,-0.100634076,-0.869244039,-0.477660656,0,0,-0.502039492,-1.82617712,-1.17500579,1.2246592,-0.025251586,-1.32233155,-0.246059075,0.491054922,-1.83259976,1.33083177,1.20017564,0.463296831,-1.33446264,0.422752976,0.0205529127,-0.0665376857,-0.0956668258,-0.0198699664,-0.0485074855,1.17487001,-1.70592976,0.598382413,0.155902669,0.0492778718,0.409627378,1.18363619,-1.75693572,0.794745684,0.157613873
-0.0523197837,-0.2950899,0.791235864,0.0756268203,-0.101621822,-0.857778966,-0.498165607,0,0,-0.506602466,-1.82659769,-1.17704272,1.21738517,-0.0251679309,-1.32056856,-0.24947314,0.486855209,-1.83259976,1.33660424,1.20093095,0.46416083,-1.33397412,0.423051417,0.0208836198,-0.0653107986,-0.098726362,-0.0284308922,-0.0346502624,1.17772746,-1.70547056,0.596529782,0.159761935,0.0532095172,0.401877165,1.18200779,-1.75778711,0.796135545,0.157319993
-0.0520853102,-0.295403689,0.791155875,0.0729263425,-0.102554068,-0.845814168,-0.518423259,0,0,-0.51116544,-1.82701838,-1.17907977,1.21011102,-0.0250842776,-1.31880558,-0.252887219,0.482655525,-1.83259976,1.34237683,1.20168626,0.465024799,-1.33348548,0.423349887,0.0212143268,-0.0640839115,-0.101785906,-0.0369918197,-0.0207930375,1.18058491,-1.70501137,0.59467715,0.163621217,0.0571411625,0.394126952,1.18037951,-1.7586385,0.797525406,0.157026127
-0.0518508404,-0.295717478,0.791075945,0.0701836497,-0.103429124,-0.833368599,-0.538398981,0,0,-0.515728414,-1.82743907,-1.1811167,1.20283699,-0.0250006225,-1.31704259,-0.256301314,0.478455812,-1.83259976,1.34814942,1.20244157,0.465888768,-1.33299696,0.423648328,0.0215450339,-0.0628570318,-0.104845442,-0.0455527455,-0.0069358116,1.18344235,-1.70455217,0.592824519,0.167480484,0.0610728078,0.386376739,1.17875111,-1.75949001,0.798915267,0.156732246
-0.051616367,-0.296031266,0.790995955,0.0674033388,-0.104245491,-0.820463121,-0.558058977,0,0,-0.520291388,-1.82785964,-1.18315375,1.19556284,-0.0249169692,-1.3152796,-0.259715378,0.474256098,-1.83259976,1.35392189,1.20319688,0.466752738,-1.33250844,0.423946798,0.021875741,-0.0616301447,-0.107904986,-0.0541136749,0.00692141568,1.1862998,-1.70409298,0.590971887,0.17133975,0.0650044531,0.378626525,1.17712283,-1.76034141,0.800305128,0.156438366
-0.0513818935,-0.296345085,0.790915966,0.0645902678,-0.105002053,-0.807121336,-0.577371478,0,0,-0.524854362,-1.82828033,-1.1851908,1.18828869,-0.0248333141,-1.31351662,-0.263129443,0.470056415,-1.83259976,1.35969448,1.20395219,0.467616707,-1.33201993,0.424245238,0.022206448,-0.0604032613,-0.110964529,-0.0626745969,0.0207786374,1.18915737,-1.70363367,0.589119256,0.175199017,0.0689360946,0.370876312,1.17549443,-1.7611928,0.801694989,0.1561445
-0.0515834019,-0.296807826,0.790826201,0.062034186,-0.105221517,-0.792715669,-0.597228587,0,0,-0.529741466,-1.82857394,-1.18716955,1.1827507,-0.0245830119,-1.31158543,-0.266992033,0.463119537,-1.83259976,1.36568916,1.20296359,0.468858004,-1.33145726,0.424282968,0.0226632487,-0.0585515499,-0.117400087,-0.0665236712,0.0293494165,1.19049573,-1.70288539,0.586639941,0.176280648,0.0715378001,0.366226614,1.17194188,-1.76186228,0.804518223,0.156184167
-0.0518540628,-0.297294199,0.790734828,0.0594805405,-0.105300911,-0.77769196,-0.616902649,0,0,-0.534679949,-1.82884729,-1.18913901,1.17748797,-0.0243062768,-1.30962753,-0.27092576,0.455748528,-1.83259976,1.371719,1.2016983,0.470159143,-1.33088279,0.424279362,0.0231400486,-0.0566007346,-0.124371119,-0.0696253851,0.0370816998,1.19159317,-1.7020911,0.584061146,0.17692171,0.0739285573,0.362068683,1.16808414,-1.76250279,0.807568789,0.156276733
-0.0521247238,-0.297780603,0.790643513,0.0568872616,-0.105315074,-0.762169778,-0.63621521,0,0,-0.539618492,-1.82912076,-1.19110847,1.17222524,-0.0240295418,-1.30766976,-0.274859488,0.44837752,-1.83259976,1.37774897,1.20043314,0.471460253,-1.33030832,0.424275726,0.0236168467,-0.0546499193,-0.131342158,-0.0727270991,0.0448139869,1.19269049,-1.70129693,0.58148241,0.177562773,0.0763193145,0.357910752,1.16422641,-1.7631433,0.810619414,0.156369299
-0.0523953848,-0.298266977,0.790552199,0.0542591177,-0.105263881,-0.746177256,-0.655129731,0,0,-0.544556975,-1.8293941,-1.19307792,1.1669625,-0.0237528048,-1.30571187,-0.278793216,0.441006511,-1.83259976,1.38377881,1.19916785,0.472761393,-1.32973385,0.42427212,0.0240936466,-0.052699104,-0.138313189,-0.0758288205,0.0525462702,1.19378793,-1.70050275,0.578903675,0.178203836,0.0787100717,0.353752822,1.16036868,-1.76378381,0.81366998,0.15646188
-0.052666042,-0.298753381,0.790460885,0.0516010821,-0.105147585,-0.729745328,-0.673612058,0,0,-0.549495518,-1.82966757,-1.1950475,1.16169989,-0.0234760698,-1.30375409,-0.282726943,0.433635503,-1.83259976,1.38980877,1.19790268,0.474062532,-1.32915938,0.424268484,0.0245704465,-0.0507482886,-0.145284235,-0.0789305344,0.0602785535,1.19488537,-1.69970858,0.57632494,0.178844899,0.0811008289,0.349594891,1.15651095,-1.76442432,0.816720605,0.156554446
-0.0530863069,-0.299277544,0.790496767,0.0491165109,-0.104858473,-0.712986887,-0.691550493,0,0,-0.553471565,-1.82990193,-1.1969738,1.15701711,-0.0231572632,-1.30178583,-0.286803544,0.425723761,-1.83259976,1.39638484,1.19548714,0.47550717,-1.32860494,0.424178451,0.0250057727,-0.0487754047,-0.152055293,-0.0797546282,0.0637930632,1.19468403,-1.69872379,0.573786438,0.178606689,0.0825433359,0.348249197,1.15156043,-1.76443326,0.819864571,0.157096028
-0.053724125,-0.299856693,0.790717602,0.0468891859,-0.104347728,-0.695899785,-0.708968639,0,0,-0.556048036,-1.83007967,-1.19883728,1.15317774,-0.0227772761,-1.29980266,-0.291087896,0.417025685,-1.83259976,1.40375507,1.19139898,0.477160513,-1.32807958,0.423962712,0.0253807865,-0.0467704311,-0.158535555,-0.0772665665,0.0611739904,1.19259393,-1.69746184,0.571306467,0.17708981,0.0826068744,0.350993127,1.14502072,-1.76352358,0.823144436,0.158290565
-0.0543619432,-0.300435841,0.790938437,0.0446300916,-0.103773348,-0.678366542,-0.725987732,0,0,-0.558624566,-1.83025742,-1.20070088,1.14933836,-0.0223972891,-1.2978195,-0.295372248,0.408327609,-1.83259976,1.41112542,1.1873107,0.478813857,-1.32755411,0.423747003,0.0257558022,-0.0447654575,-0.165015817,-0.0747784972,0.0585549213,1.19050384,-1.69620001,0.568826497,0.175572917,0.082670413,0.353737026,1.13848102,-1.76261401,0.826424241,0.159485102
-0.0549997613,-0.30101496,0.791159332,0.0423432142,-0.103136189,-0.660417497,-0.742575645,0,0,-0.561201036,-1.83043516,-1.20256448,1.14549899,-0.022017302,-1.29583633,-0.29965657,0.399629533,-1.83259976,1.41849566,1.18322241,0.4804672,-1.32702875,0.423531264,0.026130816,-0.0427604839,-0.171496093,-0.072290428,0.0559358522,1.18841374,-1.69493806,0.566346526,0.174056038,0.0827339441,0.356480926,1.13194132,-1.76170433,0.829704106,0.160679638
-0.0556375794,-0.301594108,0.791380167,0.0400327183,-0.102437444,-0.642085612,-0.758702874,0,0,-0.563777506,-1.8306129,-1.20442796,1.14165962,-0.0216373149,-1.29385316,-0.303940922,0.390931457,-1.83259976,1.42586601,1.17913425,0.482120544,-1.3265034,0.423315555,0.0265058316,-0.0407555103,-0.177976355,-0.0698023662,0.0533167832,1.18632376,-1.69367623,0.563866556,0.17253916,0.0827974826,0.359224856,1.12540162,-1.76079464,0.832983911,0.16187419
-0.0562753975,-0.302173257,0.791601002,0.0377028547,-0.101678625,-0.623405278,-0.774342179,0,0,-0.566353977,-1.83079064,-1.20629156,1.13782024,-0.0212573279,-1.29187012,-0.308225274,0.382233351,-1.83259976,1.43323624,1.17504597,0.483773887,-1.32597792,0.423099846,0.0268808454,-0.0387505367,-0.184456617,-0.067314297,0.0506977104,1.18423367,-1.69241428,0.561386645,0.171022266,0.0828610212,0.361968756,1.11886191,-1.75988507,0.836263776,0.163068727
-0.0571011454,-0.302506447,0.791762829,0.0356521755,-0.101219654,-0.604414403,-0.789409161,0,0,-0.568457067,-1.83090913,-1.20759094,1.13355803,-0.0207122397,-1.28994894,-0.312832832,0.376951009,-1.83259976,1.43823791,1.17028177,0.485430747,-1.32551014,0.422905713,0.025904363,-0.037264321,-0.192667484,-0.0614318214,0.0393704213,1.18066192,-1.69177067,0.56101042,0.168551698,0.0817092136,0.370461375,1.11429882,-1.75896358,0.838472188,0.165491074
-0.0579364076,-0.302827209,0.791921675,0.0335912704,-0.100717872,-0.585027575,-0.804033756,0,0,-0.570536196,-1.83102465,-1.20886195,1.12927461,-0.0201587975,-1.28803098,-0.317456752,0.37184152,-1.83259976,1.44311953,1.16548336,0.487087756,-1.32504523,0.422712654,0.0248594712,-0.0358043648,-0.200965956,-0.0553775318,0.027602341,1.17701507,-1.69115829,0.560740709,0.166032851,0.080495894,0.379244983,1.10983586,-1.75804162,0.840626299,0.16797556
-0.0587716661,-0.303147942,0.792080522,0.0315084718,-0.100155704,-0.565274656,-0.818193436,0,0,-0.572615325,-1.83114028,-1.21013284,1.12499106,-0.0196053535,-1.2861129,-0.322080672,0.366732061,-1.83259976,1.44800115,1.16068482,0.488744795,-1.32458019,0.422519624,0.0238145795,-0.0343444049,-0.209264427,-0.0493232422,0.0158342589,1.17336833,-1.69054592,0.560470998,0.163514003,0.0792825669,0.388028592,1.10537291,-1.75711954,0.842780471,0.17046006
-0.0596069247,-0.303468704,0.792239368,0.0294074807,-0.0995340943,-0.545190811,-0.831862509,0,0,-0.574694395,-1.83125579,-1.21140373,1.12070751,-0.0190519094,-1.28419495,-0.326704592,0.361622572,-1.83259976,1.45288289,1.15588641,0.490401834,-1.32411528,0.422326595,0.0227696877,-0.0328844488,-0.217562899,-0.0432689525,0.00406618183,1.1697216,-1.68993366,0.560201287,0.160995141,0.0780692399,0.396812171,1.10090983,-1.75619757,0.844934642,0.172944546
-0.0604421869,-0.303789467,0.792398155,0.0272920821,-0.0988542736,-0.524812341,-0.845017731,0,0,-0.576773524,-1.83137131,-1.21267462,1.11642408,-0.0184984654,-1.28227699,-0.331328511,0.356513113,-1.83259976,1.45776451,1.151088,0.492058843,-1.32365036,0.422133535,0.0217247959,-0.0314244889,-0.225861371,-0.0372146592,-0.00770189939,1.16607475,-1.68932128,0.559931576,0.158476293,0.0768559203,0.405595779,1.09644687,-1.75527561,0.847088814,0.175429031
-0.0612225793,-0.304102629,0.792494118,0.0248956159,-0.0981175229,-0.504090309,-0.857698202,0,0,-0.578851581,-1.83146667,-1.21312249,1.11211157,-0.0178235006,-1.2803818,-0.336116135,0.353454351,-1.83258009,1.46037078,1.14757562,0.493654579,-1.32318521,0.421987176,0.0205690023,-0.0306552369,-0.235141635,-0.0318880342,-0.0197729804,1.16025472,-1.68953538,0.561659992,0.155692726,0.0765068978,0.414840609,1.09119189,-1.75526273,0.848640203,0.177533329
-0.0619472563,-0.304408073,0.792526245,0.0222062487,-0.0973207131,-0.48295486,-0.869936764,0,0,-0.580928624,-1.83154178,-1.21273458,1.10776973,-0.0170251448,-1.27850986,-0.341069967,0.352477908,-1.83254027,1.46066642,1.14536929,0.495188028,-1.32271969,0.421888173,0.0193006042,-0.030587323,-0.245418802,-0.0273002777,-0.0321517289,1.15222788,-1.69058871,0.56541729,0.152640343,0.0770354792,0.424553782,1.0851326,-1.7561729,0.849579573,0.179251581
-0.062671937,-0.304713517,0.792558312,0.0194994193,-0.0964637697,-0.46149531,-0.881666899,0,0,-0.583005667,-1.83161688,-1.21234679,1.10342801,-0.0162267871,-1.27663791,-0.346023798,0.351501435,-1.83250058,1.46096206,1.14316285,0.496721476,-1.32225418,0.421789199,0.0180322044,-0.030519411,-0.255695999,-0.0227125175,-0.0445304774,1.14420104,-1.69164193,0.569174588,0.149587959,0.0775640681,0.434266955,1.07907343,-1.75708318,0.850518882,0.180969819
-0.0633966178,-0.305018991,0.792590439,0.0167800058,-0.0955480933,-0.439749926,-0.892865598,0,0,-0.58508271,-1.83169198,-1.211959,1.09908617,-0.0154284323,-1.27476585,-0.350977629,0.350524992,-1.83246076,1.46125782,1.14095652,0.498254925,-1.32178879,0.421690196,0.0167638045,-0.0304514971,-0.265973151,-0.0181247611,-0.0569092222,1.1361742,-1.69269526,0.572931886,0.14653559,0.0780926496,0.443980128,1.07301414,-1.75799346,0.851458251,0.182688057
-0.064121291,-0.305324435,0.792622507,0.0140529592,-0.0945754051,-0.417758405,-0.903513074,0,0,-0.587159753,-1.83176708,-1.2115711,1.09474432,-0.0146300755,-1.27289391,-0.355931491,0.349548548,-1.83242106,1.46155345,1.13875008,0.499788404,-1.32132328,0.421591222,0.0154954046,-0.0303835832,-0.276250333,-0.0135370027,-0.0692879707,1.12814736,-1.69374859,0.576689184,0.143483207,0.0786212385,0.4536933,1.06695497,-1.75890374,0.852397621,0.184406295
-0.0648458004,-0.305646747,0.792639494,0.0112219183,-0.0935991928,-0.395297736,-0.913702905,0,0,-0.589243412,-1.83184111,-1.21117997,1.09089041,-0.0138541553,-1.27115643,-0.360920846,0.348788738,-1.83230937,1.4620657,1.13679934,0.501318038,-1.32098722,0.421482384,0.0143453209,-0.0304307099,-0.286380738,-0.00920441747,-0.081196323,1.1202811,-1.69487059,0.580487967,0.140542805,0.079217799,0.46334511,1.0607872,-1.75992954,0.853140712,0.186005592
-0.0655662045,-0.306368083,0.792298973,0.00597434537,-0.0937664136,-0.366223931,-0.925771117,0,0,-0.591484129,-1.83188987,-1.21070993,1.09858167,-0.0136092184,-1.2726016,-0.366751492,0.353155822,-1.83049464,1.46770298,1.14089847,0.502757668,-1.32371247,0.421140432,0.0159954168,-0.0332004689,-0.293037295,-0.0109109711,-0.0819719583,1.1162132,-1.69761872,0.585269213,0.14025262,0.0814231932,0.471544355,1.05205059,-1.76369011,0.849238575,0.184789598
-0.0662866086,-0.307089418,0.791958392,0.000702479505,-0.0938382223,-0.336674452,-0.936933339,0,0,-0.593724847,-1.83193874,-1.21023989,1.10627294,-0.0133642824,-1.2740469,-0.372582138,0.357522935,-1.8286798,1.47334027,1.1449976,0.50419724,-1.32643783,0.42079851,0.0176455118,-0.0359702259,-0.299693853,-0.0126175256,-0.0827475861,1.1121453,-1.70036685,0.590050399,0.13996242,0.0836285874,0.47974363,1.0433141,-1.76745069,0.845336437,0.183573619
-0.0670070127,-0.307810754,0.791617811,-0.00457755616,-0.0938136876,-0.306737244,-0.947148502,0,0,-0.595965564,-1.8319875,-1.20976985,1.1139642,-0.0131193455,-1.27549219,-0.378412783,0.361890048,-1.82686508,1.47897756,1.14909673,0.505636811,-1.32916319,0.420456588,0.0192956068,-0.038739983,-0.30635041,-0.0143240783,-0.0835232213,1.10807741,-1.70311499,0.594831645,0.139672235,0.0858339891,0.487942904,1.03457761,-1.77121127,0.84143436,0.182357624
-0.0677274168,-0.308532089,0.79127723,-0.00984949805,-0.0936927795,-0.276504129,-0.956383824,0,0,-0.598206222,-1.83203638,-1.2092998,1.12165546,-0.0128744086,-1.27693748,-0.384243429,0.366257161,-1.82505035,1.48461485,1.15319586,0.507076442,-1.33188844,0.420114636,0.0209457017,-0.0415097401,-0.313006967,-0.016030632,-0.0842988491,1.10400951,-1.70586312,0.599612892,0.139382035,0.0880393833,0.496142179,1.025841,-1.77497184,0.837532222,0.18114163
-0.0684478283,-0.309253424,0.790936708,-0.0150971832,-0.0934763625,-0.246069446,-0.96461606,0,0,-0.600446939,-1.83208513,-1.20882976,1.12934673,-0.0126294727,-1.27838266,-0.390074074,0.370624274,-1.82323551,1.49025202,1.15729487,0.508516014,-1.3346138,0.419772714,0.0225957967,-0.0442794971,-0.319663525,-0.0177371874,-0.0850744843,1.09994161,-1.70861137,0.604394078,0.139091849,0.0902447775,0.504341424,1.01710451,-1.77873242,0.833630085,0.17992565
-0.0692501366,-0.310030669,0.790830076,-0.0198373534,-0.0927762017,-0.218720973,-0.971164346,0,0,-0.601873994,-1.83212399,-1.21020889,1.13496864,-0.0124714179,-1.27941513,-0.394970685,0.374827385,-1.82147419,1.49410093,1.16081214,0.509650111,-1.33696628,0.419525713,0.0242651347,-0.0463915803,-0.328768045,-0.0195618887,-0.086265333,1.09369004,-1.71078789,0.608434856,0.138609216,0.0920706987,0.5085513,1.01071286,-1.78177977,0.828305423,0.179624707
-0.0701105744,-0.31084758,0.790889502,-0.024234442,-0.0917274654,-0.193453282,-0.976511419,0,0,-0.602723539,-1.8321557,-1.21290052,1.13912177,-0.0123750223,-1.28015447,-0.399204433,0.378914148,-1.81975079,1.49668074,1.16391659,0.510567367,-1.33905423,0.419346064,0.0259481277,-0.048036918,-0.339609802,-0.0214704368,-0.0877508596,1.08588886,-1.71255887,0.61195004,0.137990013,0.0936273038,0.509929955,1.00598538,-1.78432083,0.821971118,0.179973155
-0.0709710121,-0.311664522,0.790948927,-0.0286217611,-0.0906138569,-0.16801247,-0.981194019,0,0,-0.603573143,-1.83218741,-1.21559203,1.14327502,-0.0122786267,-1.28089392,-0.403438181,0.38300091,-1.8180275,1.49926043,1.16702092,0.511484623,-1.34114218,0.419166416,0.0276311226,-0.0496822558,-0.350451589,-0.0233789869,-0.0892363861,1.07808769,-1.71432984,0.615465224,0.13737081,0.0951839089,0.511308551,1.0012579,-1.7868619,0.815636873,0.180321604
-0.0718314499,-0.312481433,0.791008294,-0.032990206,-0.0894375294,-0.14245075,-0.985200703,0,0,-0.604422688,-1.83221912,-1.21828365,1.14742815,-0.0121822311,-1.28163326,-0.407671899,0.387087643,-1.81630409,1.50184011,1.17012525,0.512401879,-1.34323013,0.418986797,0.0293141175,-0.0513275936,-0.361293375,-0.0252875369,-0.0907219201,1.07028651,-1.71610081,0.618980467,0.136751607,0.096740514,0.512687206,0.996530473,-1.78940308,0.809302568,0.180670068
-0.0726918876,-0.313298374,0.791067719,-0.0373307653,-0.0882009715,-0.116821073,-0.98852402,0,0,-0.605272293,-1.83225083,-1.22097516,1.15158141,-0.0120858354,-1.28237259,-0.411905646,0.391174406,-1.81458068,1.5044198,1.17322958,0.513319135,-1.34531808,0.418807149,0.0309971124,-0.0529729314,-0.372135162,-0.0271960851,-0.0922074467,1.06248522,-1.71787179,0.622495651,0.136132404,0.0982971191,0.514065802,0.99180299,-1.79194415,0.802968323,0.181018516
-0.0735516101,-0.314170718,0.791196704,-0.0413842835,-0.0868463814,-0.0918452069,-0.991115272,0,0,-0.605692565,-1.83228111,-1.22372401,1.15539956,-0.0119678061,-1.28298616,-0.416161805,0.395412862,-1.81311333,1.50639367,1.17610717,0.514242947,-1.34719551,0.418638945,0.032578554,-0.0545785651,-0.381312907,-0.0294852778,-0.0919669643,1.05504,-1.71928191,0.625743806,0.135931477,0.100013264,0.513458848,0.987523258,-1.7938149,0.796609879,0.180679888
-0.074406527,-0.315416306,0.791794181,-0.0437253267,-0.0850354284,-0.0713363215,-0.992858589,0,0,-0.603220761,-1.83230174,-1.22685921,1.15696073,-0.0117040463,-1.28275168,-0.420569032,0.40067336,-1.81337118,1.50428593,1.17745757,0.515210748,-1.34765506,0.41854772,0.0334759019,-0.055916734,-0.379281193,-0.0343386345,-0.080099389,1.04999232,-1.71826088,0.627193272,0.13854824,0.102804102,0.499476105,0.986259222,-1.79117036,0.790088415,0.175712794
-0.0752614439,-0.316661924,0.792391717,-0.0460506715,-0.0831851363,-0.0507680885,-0.994174182,0,0,-0.600748956,-1.83232236,-1.2299943,1.15852189,-0.0114402864,-1.28251719,-0.424976259,0.405933827,-1.81362891,1.50217819,1.17880785,0.516178608,-1.34811449,0.418456465,0.0343732499,-0.0572549067,-0.377249479,-0.0391919874,-0.0682318136,1.04494476,-1.71723986,0.628642797,0.141165003,0.10559494,0.485493392,0.984995246,-1.7885257,0.783566952,0.170745701
-0.0761163607,-0.317907542,0.792989254,-0.0483572409,-0.0812977701,-0.0301671363,-0.995058954,0,0,-0.598277152,-1.83234298,-1.23312938,1.16008306,-0.0111765265,-1.28228271,-0.429383487,0.411194324,-1.81388664,1.50007057,1.18015826,0.517146409,-1.34857404,0.41836524,0.0352705978,-0.0585930794,-0.375217766,-0.044045344,-0.0563642383,1.03989708,-1.71621883,0.630092263,0.143781751,0.108385779,0.471510679,0.98373121,-1.78588104,0.777045488,0.165778607
-0.0769712776,-0.31915316,0.793586731,-0.050642021,-0.079375796,-0.00956027023,-0.995511651,0,0,-0.595805347,-1.83236361,-1.23626447,1.16164422,-0.0109127667,-1.28204823,-0.433790684,0.416454822,-1.81414437,1.49796283,1.18150854,0.518114269,-1.34903347,0.418274015,0.0361679457,-0.0599312484,-0.373186052,-0.0488986969,-0.0444966629,1.03484941,-1.7151978,0.631541729,0.146398515,0.11117661,0.457527936,0.982467234,-1.78323638,0.770524085,0.160811514
-0.0778261945,-0.320398778,0.794184268,-0.0529021025,-0.0774217844,0.0110257007,-0.99553287,0,0,-0.593333542,-1.83238435,-1.23939955,1.16320539,-0.0106490068,-1.28181374,-0.438197911,0.421715319,-1.8144021,1.49585521,1.18285894,0.519082069,-1.34949303,0.41818276,0.0370652936,-0.0612694211,-0.371154308,-0.0537520535,-0.0326290913,1.02980185,-1.71417665,0.632991195,0.149015278,0.113967448,0.443545222,0.981203198,-1.78059185,0.764002621,0.155844435
-0.0776497796,-0.321855783,0.794562578,-0.0549992062,-0.0750382394,0.0390609503,-0.994896233,0,0,-0.595425665,-1.83240008,-1.2433126,1.16218805,-0.00980949402,-1.28300536,-0.442811221,0.417535394,-1.81308377,1.5053792,1.17848682,0.520955384,-1.35238326,0.416909575,0.0383109003,-0.0622380562,-0.385191947,-0.0604870841,-0.0190515406,1.02785039,-1.71248829,0.632926702,0.153163597,0.114117838,0.421915978,0.983119547,-1.77723253,0.758555472,0.152735353
-0.0769736618,-0.32341525,0.794834614,-0.0569856502,-0.0723838508,0.0707880482,-0.993228197,0,0,-0.599729121,-1.83241343,-1.24760246,1.15992153,-0.00869101752,-1.28488791,-0.447524399,0.408781439,-1.81100166,1.52053905,1.17134213,0.523267329,-1.35645127,0.415063709,0.0397252478,-0.0630276427,-0.407015473,-0.0681338236,-0.00464547612,1.02739918,-1.71047652,0.632128716,0.158053979,0.112988874,0.396581858,0.986576736,-1.77352715,0.75362879,0.150526524
-0.0762975514,-0.324974716,0.795106649,-0.0589180514,-0.0696496367,0.10251122,-0.990539849,0,0,-0.604032576,-1.83242679,-1.25189233,1.15765488,-0.00757254101,-1.28677046,-0.452237546,0.400027484,-1.80891955,1.53569889,1.16419744,0.525579333,-1.36051917,0.413217843,0.0411395915,-0.0638172328,-0.428839028,-0.0757805631,0.00976058841,1.02694798,-1.70846462,0.631330729,0.162944362,0.11185991,0.371247739,0.990033984,-1.76982164,0.748702168,0.14831768
-0.0756214336,-0.326534182,0.795378685,-0.0607902706,-0.0668437183,0.134132847,-0.986835778,0,0,-0.608335972,-1.83244026,-1.25618207,1.15538836,-0.00645406405,-1.28865302,-0.456950724,0.391273528,-1.80683744,1.55085874,1.15705276,0.527891278,-1.36458719,0.411371976,0.0425539352,-0.064606823,-0.450662553,-0.0834273025,0.0241666548,1.02649677,-1.70645285,0.630532742,0.167834744,0.110730946,0.345913619,0.993491173,-1.76611614,0.743775487,0.146108851
-0.0749453157,-0.328093618,0.79565078,-0.0625967383,-0.0639749095,0.165556192,-0.982130349,0,0,-0.612639427,-1.83245361,-1.26047194,1.15312171,-0.00533558754,-1.29053557,-0.461663872,0.382519573,-1.80475545,1.56601858,1.14990807,0.530203283,-1.3686552,0.40952611,0.0439682789,-0.0653964132,-0.472486079,-0.091074042,0.0385727175,1.02604556,-1.70444107,0.629734755,0.172725126,0.109601982,0.320579499,0.996948421,-1.76241064,0.738848805,0.143900022
-0.0742578804,-0.32948482,0.795931697,-0.0642360449,-0.0610683635,0.196696386,-0.976450086,0,0,-0.616783738,-1.83246601,-1.26453221,1.15195978,-0.00429047085,-1.29238701,-0.466102958,0.374494225,-1.80256164,1.5798893,1.14312577,0.532320917,-1.37249327,0.407839477,0.0447760448,-0.066117771,-0.491338223,-0.0981094614,0.0533178672,1.02612519,-1.70228553,0.628476918,0.177418366,0.10846711,0.296798229,0.999793291,-1.75884557,0.734930813,0.142022029
-0.073529847,-0.330272377,0.796244681,-0.0654642358,-0.0581545569,0.227694914,-0.9697873,0,0,-0.620356917,-1.83247471,-1.2677685,1.15476108,-0.0035085394,-1.29412627,-0.469558716,0.369082808,-1.79996753,1.58913481,1.13764358,0.533741474,-1.37550688,0.406724125,0.0434076302,-0.0665943325,-0.499530166,-0.102951705,0.0692795292,1.02810907,-1.69961441,0.625569463,0.181404322,0.10731101,0.278588086,1.00044143,-1.75578439,0.73463136,0.141331002
-0.072801806,-0.331059933,0.796557605,-0.066629447,-0.0551724471,0.258556873,-0.962114811,0,0,-0.623930156,-1.83248341,-1.2710048,1.15756249,-0.00272660796,-1.29586565,-0.473014504,0.363671362,-1.79737341,1.59838021,1.13216138,0.535162032,-1.37852049,0.405608773,0.0420392156,-0.0670709014,-0.507722139,-0.10779395,0.0852411911,1.03009295,-1.6969434,0.622662008,0.185390294,0.106154919,0.260377914,1.00108945,-1.7527231,0.734331906,0.140639976
-0.0720737651,-0.331847459,0.79687053,-0.0677276999,-0.0521307699,0.289186507,-0.953449845,0,0,-0.627503395,-1.83249211,-1.27424109,1.16036379,-0.00194467662,-1.29760504,-0.476470262,0.358259946,-1.79477918,1.60762572,1.12667918,0.53658253,-1.3815341,0.404493421,0.040670801,-0.0675474703,-0.515914083,-0.112636194,0.10120286,1.03207684,-1.69427228,0.619754493,0.189376265,0.104998827,0.242167756,1.00173759,-1.7496618,0.734032393,0.139948934
-0.0713457316,-0.332635015,0.797183454,-0.0687556118,-0.0490388498,0.319489777,-0.943818867,0,0,-0.631076634,-1.83250082,-1.2774775,1.16316509,-0.00116274541,-1.29934442,-0.47992602,0.3528485,-1.79218507,1.61687124,1.12119699,0.538003087,-1.38454771,0.403378069,0.0393023863,-0.0680240393,-0.524106026,-0.117478438,0.117164522,1.03406084,-1.69160128,0.616847038,0.193362221,0.103842735,0.223957598,1.00238562,-1.74660063,0.733732939,0.139257908
-0.0706176907,-0.333422571,0.797496378,-0.0697104856,-0.0459064543,0.349376172,-0.933257461,0,0,-0.634649813,-1.83250964,-1.2807138,1.16596639,-0.000380813901,-1.3010838,-0.483381808,0.347437084,-1.78959095,1.62611675,1.11571491,0.539423645,-1.38756132,0.402262717,0.0379339717,-0.0685006008,-0.532297969,-0.122320682,0.133126184,1.03604472,-1.68893015,0.613939583,0.197348192,0.102686644,0.20574744,1.00303376,-1.74353933,0.733433485,0.138566867
-0.0699213743,-0.334480882,0.797412038,-0.0702287704,-0.0428878814,0.378894418,-0.92177403,0,0,-0.640863955,-1.83251595,-1.28397572,1.17860675,-0.000305956928,-1.30415118,-0.486537486,0.343318164,-1.78755617,1.63182878,1.11018062,0.540340662,-1.39159346,0.401319832,0.0331017934,-0.0705218986,-0.533272564,-0.125968605,0.150732353,1.04327846,-1.68519163,0.608150721,0.200597286,0.103373744,0.196928769,1.00296223,-1.74283814,0.737172961,0.13777867
-0.0692349449,-0.335623592,0.797203839,-0.0705636293,-0.0398627631,0.408148915,-0.909310818,0,0,-0.647901416,-1.83252168,-1.28724575,1.19431448,-0.000451533124,-1.30763257,-0.489599645,0.339602202,-1.78569591,1.63643932,1.10463023,0.5411008,-1.39594316,0.400430709,0.0271897744,-0.0730247647,-0.531997085,-0.129244208,0.168851212,1.05214882,-1.68112028,0.601463556,0.203616664,0.104635477,0.191037923,1.00266635,-1.7428726,0.742171586,0.136960164
-0.0685485154,-0.336766332,0.79699558,-0.0708269328,-0.0367908701,0.437043577,-0.895892262,0,0,-0.654938817,-1.83252728,-1.29051566,1.21002209,-0.00059710932,-1.31111383,-0.492661804,0.33588624,-1.78383565,1.64104986,1.09907973,0.541860878,-1.40029287,0.399541587,0.0212777555,-0.0755276382,-0.530721605,-0.132519796,0.186970055,1.06101918,-1.67704892,0.594776392,0.206636041,0.105897203,0.185147077,1.00237048,-1.74290705,0.747170269,0.136141658
-0.067862086,-0.337909073,0.796787381,-0.0710176602,-0.033681497,0.465488434,-0.881556869,0,0,-0.661976218,-1.832533,-1.29378569,1.22572982,-0.000742685457,-1.31459522,-0.495723933,0.332170278,-1.78197539,1.64566028,1.09352934,0.542620957,-1.4046427,0.398652464,0.0153657384,-0.0780305043,-0.529446185,-0.1357954,0.205088899,1.06988966,-1.67297757,0.588089287,0.209655419,0.107158929,0.179256231,1.0020746,-1.74294162,0.752168894,0.135323152
-0.0671756566,-0.339051783,0.796579182,-0.0711354762,-0.0305443127,0.493397862,-0.866351664,0,0,-0.669013679,-1.8325386,-1.2970556,1.24143755,-0.000888261653,-1.31807649,-0.498786092,0.328454316,-1.78011501,1.65027082,1.08797884,0.543381035,-1.40899241,0.397763371,0.00945371948,-0.0805333704,-0.528170705,-0.139070988,0.223207757,1.07876003,-1.66890621,0.581402123,0.212674782,0.108420663,0.173365399,1.00177872,-1.74297607,0.757167518,0.134504646
-0.0664481372,-0.340062499,0.79636538,-0.0710020438,-0.0275312774,0.520731091,-0.850317419,0,0,-0.675450027,-1.83254361,-1.29979062,1.2552917,-0.00107633159,-1.32174623,-0.501868665,0.324005902,-1.77897382,1.65431976,1.08233738,0.544105351,-1.41326344,0.396845996,0.00356024923,-0.0818931013,-0.527313888,-0.141181082,0.238226563,1.08678997,-1.66562104,0.575408697,0.213888213,0.108917408,0.170352042,1.00151861,-1.74291015,0.761570275,0.133945972
-0.0656277463,-0.340774804,0.796138942,-0.0703909546,-0.0248094015,0.547653913,-0.833369493,0,0,-0.680527747,-1.83254731,-1.30131614,1.264956,-0.00136046053,-1.32584167,-0.504997373,0.31790179,-1.77945817,1.65709937,1.07649016,0.544748724,-1.41735673,0.395864755,-0.00229129312,-0.0806687176,-0.527403533,-0.140656471,0.246237591,1.09292006,-1.66411293,0.570983529,0.211019218,0.10768488,0.173843354,1.00133955,-1.74261737,0.764626026,0.133974656
-0.0648073629,-0.34148711,0.795912504,-0.0697059706,-0.0220541712,0.574094355,-0.815518439,0,0,-0.685605466,-1.832551,-1.30284166,1.27462029,-0.00164458947,-1.32993722,-0.50812614,0.311797678,-1.77994251,1.65987885,1.07064295,0.545392096,-1.4214499,0.394883513,-0.00814283546,-0.0794443339,-0.527493179,-0.140131861,0.254248619,1.09905005,-1.66260493,0.566558301,0.208150238,0.106452353,0.177334666,1.0011605,-1.74232447,0.767681718,0.134003341
-0.063986972,-0.342199415,0.795686066,-0.0689488053,-0.0192739069,0.599967957,-0.796814322,0,0,-0.690683126,-1.8325547,-1.3043673,1.28428459,-0.00192871841,-1.33403277,-0.511254847,0.305693567,-1.78042686,1.66265845,1.06479561,0.546035528,-1.42554319,0.393902302,-0.0139943771,-0.0782199502,-0.527582765,-0.139607266,0.262259662,1.10518003,-1.66109681,0.562133133,0.205281243,0.105219834,0.180825979,1.00098157,-1.74203157,0.770737469,0.134032026
-0.0631665811,-0.34291172,0.795459628,-0.0681217983,-0.0164771713,0.625195384,-0.777315021,0,0,-0.695760846,-1.83255839,-1.30589283,1.29394889,-0.00221284735,-1.33812821,-0.514383554,0.299589455,-1.78091121,1.66543806,1.0589484,0.546678901,-1.42963636,0.39292106,-0.0198459197,-0.0769955665,-0.52767241,-0.139082655,0.270270705,1.11131012,-1.65958869,0.557707906,0.202412248,0.103987306,0.184317306,1.00080252,-1.74173868,0.773793221,0.134060711
-0.0623461902,-0.343624026,0.79523319,-0.0672279671,-0.0136726573,0.649703503,-0.757085621,0,0,-0.700838566,-1.83256197,-1.30741835,1.30361319,-0.00249697617,-1.34222376,-0.517512321,0.293485343,-1.78139555,1.66821754,1.05310118,0.547322273,-1.43372965,0.391939819,-0.0256974623,-0.0757711828,-0.527762055,-0.13855806,0.278281718,1.1174401,-1.65808058,0.553282738,0.199543267,0.102754779,0.187808618,1.00062346,-1.74144578,0.776848912,0.134089381
-0.0614759065,-0.344004005,0.795426607,-0.0662070885,-0.0112074455,0.673562407,-0.736073852,0,0,-0.702717006,-1.83256459,-1.30611277,1.3024255,-0.00266192504,-1.3462503,-0.520629823,0.287680328,-1.78210235,1.67056465,1.04767704,0.547918737,-1.43730855,0.390923321,-0.0301053543,-0.0731287301,-0.530520201,-0.135878876,0.277867973,1.12061644,-1.65705407,0.550786972,0.196342245,0.100510158,0.195860028,1.00038171,-1.74037349,0.779095054,0.134304523
-0.0605968907,-0.344325781,0.795693576,-0.0651041195,-0.00878289901,0.696827948,-0.714223504,0,0,-0.704035521,-1.83256698,-1.30431163,1.29933846,-0.00280601601,-1.35026467,-0.523745298,0.281927645,-1.782848,1.67283607,1.04232705,0.548506975,-1.44079745,0.389900684,-0.0342605934,-0.070238106,-0.533745408,-0.132822618,0.275979817,1.12327588,-1.65611196,0.548628807,0.193083107,0.0980884135,0.204709485,1.0001291,-1.73916471,0.781199455,0.134552315
-0.059717875,-0.344647586,0.795960486,-0.0639321879,-0.00634494284,0.719418705,-0.691599011,0,0,-0.705354035,-1.83256936,-1.30251062,1.29625154,-0.00295010721,-1.35427916,-0.526860833,0.276174963,-1.78359377,1.67510748,1.03697693,0.549095213,-1.44428647,0.388878047,-0.0384158306,-0.0673474744,-0.536970615,-0.12976636,0.274091661,1.1259352,-1.65516973,0.546470702,0.189823985,0.0956666693,0.213558957,0.99987644,-1.73795605,0.783303916,0.134800091
-0.0588388592,-0.344969392,0.796227455,-0.0626947582,-0.00390107441,0.74126327,-0.668268502,0,0,-0.706672549,-1.83257174,-1.30070961,1.29316449,-0.00309419818,-1.35829353,-0.529976368,0.27042228,-1.78433943,1.67737889,1.03162694,0.549683452,-1.44777536,0.387855381,-0.0425710715,-0.0644568503,-0.540195823,-0.126710117,0.272203505,1.12859464,-1.6542275,0.544312596,0.186564848,0.0932449251,0.222408414,0.999623775,-1.73674738,0.785408378,0.135047868
-0.0579598434,-0.345291197,0.796494365,-0.0613958947,-0.00145884254,0.762297451,-0.6443066,0,0,-0.707991123,-1.83257413,-1.29890847,1.29007757,-0.00323828938,-1.36230791,-0.533091903,0.264669597,-1.7850852,1.67965031,1.02627683,0.55027163,-1.45126426,0.386832744,-0.0467263125,-0.0615662225,-0.54342097,-0.123653859,0.270315349,1.13125408,-1.65328526,0.542154431,0.183305711,0.090823181,0.231257886,0.999371171,-1.7355386,0.787512779,0.135295644
-0.0570395812,-0.345606387,0.796839952,-0.0603280477,0.00108800444,0.78247261,-0.619754791,0,0,-0.708213389,-1.83257616,-1.29530144,1.28725028,-0.00337049086,-1.36605752,-0.536128163,0.259247869,-1.78566861,1.68070018,1.02127039,0.550833404,-1.45444214,0.385828614,-0.0496398099,-0.0588745698,-0.548482358,-0.119878702,0.264977634,1.13358462,-1.65247965,0.540423274,0.180136755,0.0885158107,0.240557685,0.999505699,-1.7344296,0.789021015,0.135654658
-0.0560562536,-0.345911443,0.797305703,-0.059638992,0.00381192565,0.801889062,-0.594476759,0,0,-0.706759453,-1.83257771,-1.28893328,1.28481996,-0.00348451361,-1.36940205,-0.539043188,0.254332244,-1.78600383,1.67988217,1.0167892,0.551354527,-1.4571445,0.384852856,-0.0506547168,-0.0564871468,-0.556351185,-0.115004346,0.254365593,1.13541269,-1.65188289,0.539344847,0.17710565,0.0863833129,0.250546038,1.00023234,-1.73347306,0.789617717,0.136183739
-0.055072926,-0.3462165,0.797771454,-0.0588867255,0.0065394016,0.820534348,-0.568518162,0,0,-0.705305517,-1.83257926,-1.282565,1.28238964,-0.00359853636,-1.37274659,-0.541958272,0.24941659,-1.78633893,1.67906427,1.012308,0.55187571,-1.45984674,0.383877069,-0.0516696237,-0.0540997237,-0.564220011,-0.110129997,0.243753567,1.13724065,-1.65128613,0.53826648,0.174074546,0.0842508152,0.260534406,1.00095892,-1.73251665,0.790214419,0.136712819
-0.0540895984,-0.346521556,0.798237205,-0.0580732673,0.00926200859,0.838346899,-0.541955948,0,0,-0.703851581,-1.8325808,-1.27619672,1.27995932,-0.00371255935,-1.37609124,-0.544873357,0.24450095,-1.78667414,1.67824626,1.00782681,0.552396894,-1.46254897,0.382901281,-0.0526845269,-0.0517122969,-0.572088838,-0.105255641,0.233141541,1.1390686,-1.65068936,0.537188053,0.171043441,0.0821183175,0.270522773,1.0016855,-1.73156011,0.790811121,0.1372419
-0.0531062707,-0.346826613,0.798702896,-0.0572011769,0.0119713433,0.855272412,-0.514872611,0,0,-0.702397704,-1.83258235,-1.26982844,1.27752912,-0.00382658211,-1.37943578,-0.547788441,0.23958531,-1.78700936,1.67742836,1.00334561,0.552918077,-1.46525133,0.381925523,-0.0536994338,-0.0493248776,-0.579957604,-0.100381292,0.222529516,1.14089656,-1.6500926,0.536109626,0.168012336,0.0799858123,0.280511141,1.00241208,-1.73060358,0.791407824,0.137770981
-0.0521229468,-0.347131699,0.799168646,-0.0562735684,0.0146591691,0.871265233,-0.487355262,0,0,-0.700943768,-1.8325839,-1.26346016,1.2750988,-0.00394060509,-1.38278031,-0.550703526,0.23466967,-1.78734457,1.67661035,0.998864412,0.55343926,-1.46795356,0.380949736,-0.0547143407,-0.0469374508,-0.587826431,-0.0955069438,0.21191749,1.14272463,-1.64949572,0.535031259,0.164981231,0.0778533146,0.290499508,1.00313866,-1.72964704,0.792004526,0.138300061
-0.051209148,-0.347620904,0.799723268,-0.056492582,0.0181101505,0.886259675,-0.459373951,0,0,-0.700929165,-1.83258498,-1.25379753,1.27242422,-0.00355153205,-1.38506615,-0.554035306,0.233585238,-1.78713679,1.66772187,0.999140918,0.553884327,-1.46965492,0.380045801,-0.0530910157,-0.0465254188,-0.59662044,-0.0874451771,0.196067512,1.14060533,-1.64977515,0.535508096,0.162437186,0.075361833,0.29716453,1.0114969,-1.7285285,0.787330389,0.141472548
-0.0502998047,-0.348121911,0.800283551,-0.0567317232,0.0216052216,0.900393486,-0.430820435,0,0,-0.70100683,-1.83258593,-1.24392378,1.26973414,-0.00313021918,-1.38728416,-0.557393849,0.232746318,-1.7868942,1.65831614,0.999722302,0.554324448,-1.47129214,0.379146457,-0.0512986258,-0.0462399721,-0.605473697,-0.0791791528,0.179881871,1.13823318,-1.65011072,0.536084592,0.159924358,0.072847344,0.303616583,1.02034414,-1.72739947,0.782318532,0.144814417
-0.0493904576,-0.348622948,0.800843835,-0.056912832,0.0250837188,0.913623095,-0.40177685,0,0,-0.701084435,-1.832587,-1.23405004,1.26704395,-0.00270890654,-1.38950217,-0.560752392,0.231907398,-1.78665161,1.6489104,1.00030375,0.554764569,-1.47292936,0.378247112,-0.0495062359,-0.0459545255,-0.614326894,-0.0709131286,0.163696229,1.13586104,-1.65044618,0.536661088,0.157411531,0.070332855,0.310068607,1.02919149,-1.72627056,0.777306676,0.1481563
-0.0484811142,-0.349123955,0.801404119,-0.0570352301,0.0285348576,0.925905764,-0.372332126,0,0,-0.7011621,-1.83258796,-1.22417629,1.26435387,-0.00228759367,-1.39172018,-0.564110875,0.231068477,-1.78640902,1.63950479,1.00088513,0.55520469,-1.47456658,0.377347797,-0.047713846,-0.0456690788,-0.623180151,-0.0626471117,0.147510588,1.13348889,-1.65078175,0.537237585,0.154898688,0.067818366,0.316520661,1.03803873,-1.72514153,0.77229476,0.151498184
-0.0475717708,-0.349624991,0.801964402,-0.0570988134,0.0319481269,0.937207997,-0.342578709,0,0,-0.701239705,-1.83258903,-1.21430254,1.26166368,-0.00186628092,-1.39393818,-0.567469418,0.230229571,-1.78616643,1.63009906,1.00146651,0.55564487,-1.4762038,0.376448452,-0.0459214561,-0.0453836322,-0.632033408,-0.0543810837,0.131324947,1.13111663,-1.65111721,0.537814081,0.152385861,0.0653038695,0.322972715,1.04688597,-1.72401261,0.767282903,0.154840067
-0.0467291549,-0.350136191,0.802375793,-0.0577787198,0.0356499106,0.947450638,-0.312614679,0,0,-0.701277435,-1.83258986,-1.20589662,1.25876057,-0.00144266535,-1.39574516,-0.570773363,0.232972205,-1.78717256,1.61827755,1.00564396,0.555978417,-1.47741961,0.375650257,-0.0436972193,-0.0458389595,-0.639072537,-0.0467796586,0.119512185,1.12667668,-1.6520232,0.539650917,0.151438624,0.0649371669,0.325469851,1.06080663,-1.72225857,0.759169281,0.157849014
-0.0459576361,-0.350658268,0.802628458,-0.0591229461,0.0396817625,0.956684828,-0.282283604,0,0,-0.701272547,-1.83259046,-1.19905448,1.25563061,-0.0010165961,-1.39711428,-0.574019134,0.23953113,-1.78950918,1.60388196,1.01365328,0.556198478,-1.47818637,0.374959856,-0.0410128348,-0.0470836088,-0.644178689,-0.0398863815,0.112358905,1.12003338,-1.65353703,0.542830586,0.152159587,0.066858992,0.32375285,1.08013296,-1.7198385,0.74775058,0.160503179
-0.0451861173,-0.351180345,0.802881181,-0.0604098774,0.0436831675,0.9649598,-0.251584888,0,0,-0.701267719,-1.83259118,-1.19221234,1.25250065,-0.00059052679,-1.3984834,-0.577264965,0.246090055,-1.7918458,1.58948636,1.02166247,0.556418538,-1.47895312,0.374269426,-0.0383284464,-0.0483282618,-0.64928478,-0.0329931043,0.105205625,1.11338997,-1.65505087,0.546010256,0.152880564,0.0687808245,0.322035849,1.09945929,-1.71741855,0.73633194,0.163157359
-0.0444145985,-0.351702422,0.803133905,-0.0616352707,0.0476416163,0.972245693,-0.220611855,0,0,-0.701262832,-1.83259177,-1.18537021,1.24937069,-0.000164457597,-1.39985251,-0.580510736,0.252648979,-1.79418242,1.57509077,1.02967167,0.556638598,-1.47971988,0.373578995,-0.0356440619,-0.0495729111,-0.654390931,-0.0260998271,0.0980523452,1.10674667,-1.65656471,0.549189925,0.153601527,0.0707026497,0.320318878,1.11878562,-1.71499848,0.724913299,0.165811539
-0.0436430797,-0.352224499,0.803386629,-0.0627954528,0.0515449718,0.978521585,-0.189460322,0,0,-0.701258004,-1.83259249,-1.17852795,1.24624074,0.000261611742,-1.40122151,-0.583756506,0.259207904,-1.79651904,1.56069517,1.03768086,0.556858659,-1.48048651,0.372888595,-0.0329596736,-0.0508175641,-0.659497082,-0.0192065481,0.0908990651,1.10010326,-1.65807855,0.552369595,0.15432249,0.0726244822,0.318601876,1.13811195,-1.71257854,0.713494658,0.168465719
-0.0428762324,-0.352754653,0.803629041,-0.063864626,0.0553279407,0.983756065,-0.158380136,0,0,-0.701244116,-1.83259308,-1.17193925,1.24294841,0.000695616705,-1.40255094,-0.586987972,0.265612751,-1.79885077,1.54677451,1.04559994,0.557082772,-1.48124874,0.37219891,-0.0303392801,-0.05198735,-0.664615929,-0.0125075663,0.083980158,1.09347224,-1.65957642,0.555626035,0.155190036,0.0746786967,0.316623479,1.15728974,-1.71018755,0.702197134,0.171017736
-0.0422685817,-0.353560001,0.803519249,-0.064102158,0.0572261475,0.987464666,-0.132399291,0,0,-0.700921178,-1.83259356,-1.17398858,1.23412013,0.00140017446,-1.40252602,-0.589730918,0.266764611,-1.80101979,1.54904568,1.05044615,0.557444572,-1.48185396,0.371535301,-0.0299006402,-0.0506047904,-0.670168698,-0.0124327531,0.0850518048,1.08726084,-1.66053224,0.561499059,0.161054865,0.0812465027,0.305733055,1.17140305,-1.7087872,0.695029795,0.170087174
-0.0416609347,-0.354365319,0.803409457,-0.0642957091,0.0590890869,0.99049592,-0.106264979,0,0,-0.70059824,-1.83259392,-1.17603791,1.22529197,0.00210473221,-1.40250099,-0.592473805,0.267916471,-1.8031888,1.55131686,1.05529225,0.557806373,-1.48245931,0.370871693,-0.0294620004,-0.0492222272,-0.675721526,-0.0123579409,0.086123459,1.08104944,-1.66148794,0.567372143,0.166919693,0.0878143013,0.294842601,1.18551636,-1.70738673,0.687862396,0.169156611
-0.0410532877,-0.355170667,0.803299665,-0.0644446537,0.0609126762,0.992840171,-0.0800311789,0,0,-0.700275302,-1.83259439,-1.17808723,1.21646369,0.00280928984,-1.40247607,-0.595216691,0.269068331,-1.80535781,1.55358803,1.06013834,0.558168173,-1.48306465,0.370208085,-0.0290233605,-0.0478396639,-0.681274354,-0.0122831278,0.0871951133,1.07483804,-1.66244376,0.573245168,0.172784522,0.0943821073,0.283952177,1.19962966,-1.70598638,0.680694997,0.168226048
-0.040445637,-0.355976015,0.803189874,-0.0645486489,0.0626930669,0.994491696,-0.0537526049,0,0,-0.699952364,-1.83259487,-1.18013668,1.2076354,0.00351384771,-1.40245104,-0.597959578,0.27022019,-1.80752683,1.55585921,1.06498444,0.558529913,-1.48366988,0.369544476,-0.0285847206,-0.0464571044,-0.686827123,-0.0122083146,0.0882667676,1.06862664,-1.66339946,0.579118252,0.178649351,0.100949913,0.273061723,1.21374297,-1.70458591,0.673527598,0.167295471
-0.03983799,-0.356781334,0.803080082,-0.0646076202,0.0644266903,0.995449543,-0.0274842214,0,0,-0.699629426,-1.83259523,-1.18218601,1.19880724,0.00421840558,-1.402426,-0.600702524,0.27137205,-1.80969584,1.55813038,1.06983066,0.558891714,-1.48427522,0.368880838,-0.0281460807,-0.0450745411,-0.692379951,-0.0121335015,0.0893384218,1.06241512,-1.66435516,0.584991276,0.18451418,0.107517712,0.262171268,1.22785628,-1.70318556,0.666360259,0.166364908
-0.0396255292,-0.357402325,0.802854061,-0.064437449,0.0666028559,0.995696723,-6.85921477E-05,0,0,-0.698935211,-1.83259559,-1.18469179,1.18673968,0.00522156665,-1.40254211,-0.603759587,0.273152351,-1.81108177,1.56003833,1.07373893,0.55939877,-1.48488581,0.368042529,-0.0279077142,-0.0437154546,-0.694660246,-0.0147772012,0.0923833102,1.06341672,-1.66475117,0.586337328,0.189475849,0.11139603,0.256936997,1.23506403,-1.70478845,0.667291164,0.166663006
-0.0397077389,-0.357885838,0.802541435,-0.0640784204,0.0690991282,0.995147347,0.0283017885,0,0,-0.697964072,-1.83259594,-1.18753779,1.17225671,0.00644737994,-1.40276349,-0.607050955,0.275401264,-1.81188381,1.56167531,1.07694793,0.560014129,-1.48550034,0.367073983,-0.0278186817,-0.0423738733,-0.694500446,-0.0194479376,0.0968995243,1.06979656,-1.6647296,0.584307849,0.193764091,0.113268964,0.255920172,1.23712289,-1.70863092,0.674260497,0.167877227
-0.0397899523,-0.358369321,0.802228808,-0.0636665747,0.0715438575,0.993787169,0.056702517,0,0,-0.696992993,-1.83259618,-1.19038379,1.15777373,0.00767319277,-1.40298474,-0.610342264,0.277650207,-1.81268585,1.56331229,1.08015692,0.560629547,-1.48611498,0.366105407,-0.0277296472,-0.0410322957,-0.694340646,-0.0241186731,0.101415738,1.0761764,-1.66470802,0.58227843,0.198052317,0.115141891,0.254903376,1.23918164,-1.71247327,0.681229889,0.169091463
-0.039872162,-0.358852834,0.801916182,-0.0632027462,0.0739309117,0.991616786,0.08506421,0,0,-0.696021855,-1.83259654,-1.19322991,1.14329088,0.00889900513,-1.40320599,-0.613633633,0.27989912,-1.81348789,1.56494939,1.08336604,0.561244905,-1.4867295,0.365136862,-0.0276406147,-0.0396907143,-0.694180846,-0.0287894104,0.10593196,1.08255613,-1.66468656,0.580248952,0.202340558,0.117014818,0.253886551,1.2412405,-1.71631563,0.688199222,0.170305699
-0.0399543718,-0.359336346,0.801603556,-0.0626881421,0.0762545466,0.988642812,0.113317721,0,0,-0.695050776,-1.83259678,-1.19607592,1.1288079,0.0101248184,-1.40342724,-0.616925001,0.282148033,-1.81429005,1.56658638,1.08657503,0.561860263,-1.48734403,0.364168286,-0.0275515821,-0.038349133,-0.694021046,-0.0334601477,0.110448174,1.08893597,-1.66466498,0.578219533,0.206628785,0.118887745,0.252869725,1.24329925,-1.7201581,0.695168614,0.171519935
-0.0400548317,-0.359804541,0.801261127,-0.0620679036,0.0784528553,0.984855354,0.141607389,0,0,-0.694162667,-1.83259702,-1.19921172,1.11460006,0.0113483611,-1.40364695,-0.620210052,0.283959538,-1.81513035,1.56818569,1.08944571,0.562493801,-1.48799825,0.363179296,-0.0275631528,-0.0367416367,-0.694123387,-0.0377134681,0.113957204,1.09516454,-1.66472948,0.576204419,0.210431442,0.120218977,0.253125399,1.24500167,-1.7238934,0.702385604,0.17277576
-0.0402927063,-0.360157579,0.800694168,-0.0609672852,0.0801565424,0.980041802,0.171394721,0,0,-0.693900049,-1.83259726,-1.20452917,1.10246456,0.0125548011,-1.40385425,-0.623447657,0.282476604,-1.81625962,1.5695008,1.08976805,0.563263953,-1.48895121,0.362036407,-0.0283324067,-0.0331314169,-0.696199894,-0.0388230905,0.109880775,1.10025418,-1.66544163,0.574297249,0.210577056,0.117470503,0.262964606,1.24402046,-1.72682285,0.711467624,0.174344942
-0.0405305848,-0.360510588,0.800127208,-0.0598073862,0.0817916319,0.974313498,0.201112926,0,0,-0.693637371,-1.83259737,-1.20984674,1.09032893,0.0137612419,-1.40406168,-0.626685262,0.2809937,-1.81738877,1.57081604,1.09009051,0.564034104,-1.48990405,0.360893518,-0.0291016623,-0.0295211934,-0.69827646,-0.0399327129,0.105804347,1.10534382,-1.66615367,0.572390139,0.210722655,0.114722028,0.272803813,1.24303937,-1.7297523,0.720549643,0.175914109
-0.0407684594,-0.360863626,0.799560249,-0.0585910752,0.0833532065,0.967680991,0.230679259,0,0,-0.693374693,-1.83259761,-1.2151643,1.07819331,0.0149676828,-1.40426898,-0.629922867,0.279510766,-1.81851804,1.57213116,1.09041286,0.564804256,-1.49085701,0.359750628,-0.0298709162,-0.0259109735,-0.700353026,-0.0410423353,0.10172791,1.11043346,-1.66686583,0.570482969,0.210868269,0.111973554,0.28264302,1.24205816,-1.73268175,0.729631662,0.177483276
-0.0410063379,-0.361216635,0.79899323,-0.0573216639,0.0848368779,0.960161924,0.260011882,0,0,-0.693112016,-1.83259773,-1.22048175,1.0660578,0.0161741246,-1.4044764,-0.633160472,0.278027862,-1.81964731,1.57344627,1.0907352,0.565574408,-1.49180996,0.358607739,-0.0306401718,-0.0223007519,-0.702429593,-0.0421519578,0.0976514816,1.1155231,-1.66757786,0.568575859,0.211013883,0.109225072,0.292482197,1.24107695,-1.7356112,0.738713741,0.179052457
-0.0412442125,-0.361569643,0.79842627,-0.0560029112,0.0862389281,0.951781213,0.289031118,0,0,-0.692849338,-1.83259797,-1.22579932,1.05392218,0.0173805654,-1.40468371,-0.636398017,0.276544958,-1.82077646,1.57476139,1.09105766,0.566344559,-1.49276292,0.35746485,-0.0314094275,-0.0186905321,-0.704506159,-0.0432615802,0.0935750529,1.12061274,-1.6682899,0.566668689,0.211159483,0.106476597,0.302321404,1.24009573,-1.73854065,0.747795761,0.180621624
-0.0417576246,-0.361919373,0.797547877,-0.055160515,0.0865389034,0.943241596,0.315853804,0,0,-0.693280399,-1.83259809,-1.23531234,1.04085779,0.0187120866,-1.40425622,-0.639448822,0.272064328,-1.82164431,1.5830723,1.08931863,0.567287385,-1.49354899,0.356262594,-0.0313129425,-0.0138598355,-0.707273841,-0.0422885157,0.0830479562,1.12180126,-1.67065096,0.566631675,0.209763408,0.103851721,0.308736533,1.2380029,-1.74150801,0.755452037,0.182708696
-0.042411983,-0.362267405,0.79651016,-0.0545423329,0.0862501413,0.934308171,0.341546983,0,0,-0.694066286,-1.83259821,-1.24697149,1.02731824,0.0201075953,-1.40350389,-0.642404079,0.266050279,-1.82237828,1.59496188,1.08652508,0.568318546,-1.49424982,0.35502997,-0.030773595,-0.00840480998,-0.710395157,-0.0402500592,0.0692210495,1.12099409,-1.67385554,0.567551255,0.207578704,0.10129007,0.31340006,1.23534119,-1.7444948,0.76237905,0.18506071
-0.0430663414,-0.362615466,0.795472443,-0.053882692,0.0858969092,0.92466712,0.367027342,0,0,-0.694852233,-1.83259833,-1.25863063,1.01377869,0.0215031039,-1.40275168,-0.645359337,0.2600362,-1.82311225,1.60685146,1.08373153,0.569349647,-1.49495053,0.353797346,-0.0302342456,-0.00294978474,-0.713516414,-0.0382116064,0.0553941466,1.12018704,-1.67706001,0.568470836,0.205394,0.0987284258,0.318063587,1.23267961,-1.74748158,0.769306064,0.187412724
-0.0437206998,-0.362963498,0.794434726,-0.0531829558,0.0854798257,0.914338231,0.392237514,0,0,-0.69563812,-1.83259845,-1.2702899,1.00023913,0.0228986107,-1.40199935,-0.648314595,0.254022121,-1.82384622,1.61874104,1.0809381,0.570380807,-1.49565136,0.352564722,-0.0296948981,0.00250524119,-0.716637671,-0.0361731499,0.0415672362,1.11937988,-1.68026459,0.569390476,0.203209281,0.0961667746,0.322727114,1.23001802,-1.75046837,0.776233017,0.189764723
-0.044375062,-0.363311559,0.793397009,-0.0524447709,0.0849999711,0.903345942,0.417122036,0,0,-0.696424007,-1.83259857,-1.28194904,0.986699522,0.0242941193,-1.40124702,-0.651269853,0.248008057,-1.82458031,1.63063049,1.07814455,0.571411967,-1.49635208,0.351332128,-0.0291555487,0.0079602655,-0.719758987,-0.0341346972,0.0277403351,1.11857271,-1.68346906,0.570310056,0.201024577,0.0936051235,0.327390671,1.22735631,-1.75345528,0.783160031,0.192116737
-0.0450238399,-0.363577425,0.792535901,-0.0513218231,0.0847760811,0.891394198,0.442261755,0,0,-0.696965277,-1.83259869,-1.29245484,0.973837972,0.0256479122,-1.40065515,-0.654167712,0.241867632,-1.82524443,1.64153337,1.07366621,0.572474062,-1.4972018,0.350061655,-0.0290753897,0.0129430098,-0.723071158,-0.0320756286,0.014995005,1.11908078,-1.68590403,0.570896983,0.198727712,0.0903236791,0.333615333,1.22503042,-1.75580227,0.789735138,0.193948299
-0.0456511043,-0.363526434,0.792355955,-0.048807025,0.0857058987,0.877407014,0.469498843,0,0,-0.696563125,-1.83259881,-1.29851353,0.96359092,0.0268408563,-1.40068185,-0.656844139,0.235240027,-1.82563889,1.64863169,1.06269133,0.573655725,-1.49862599,0.348645329,-0.0307658333,0.0161046721,-0.727119565,-0.0299370755,0.00642016018,1.12465966,-1.68537152,0.570201337,0.195998371,0.0842667595,0.345859677,1.22399902,-1.75568247,0.794953346,0.193773076
-0.046278365,-0.363475472,0.792176008,-0.0462386571,0.0865571126,0.8625471,0.496369362,0,0,-0.696160972,-1.83259881,-1.30457211,0.953343868,0.0280337986,-1.40070856,-0.659520626,0.228612408,-1.82603347,1.65573001,1.05171657,0.574837327,-1.50005019,0.347229004,-0.0324562751,0.0192663353,-0.731167972,-0.0277985223,-0.00215468486,1.13023865,-1.68483889,0.569505692,0.193269029,0.0782098323,0.35810402,1.22296762,-1.75556266,0.800171614,0.193597853
-0.0469056293,-0.36342448,0.791996062,-0.0436237268,0.0873267874,0.846851408,0.522794187,0,0,-0.69575882,-1.83259892,-1.3106308,0.943096757,0.0292267427,-1.40073526,-0.662197053,0.221984804,-1.82642794,1.66282833,1.04074168,0.576018929,-1.50147426,0.345812678,-0.0341467187,0.0224279985,-0.73521632,-0.0256599691,-0.0107295308,1.13581765,-1.68430638,0.568809986,0.190539688,0.0721529126,0.370348364,1.22193623,-1.75544274,0.805389822,0.19342263
-0.0475328937,-0.363373518,0.791816115,-0.0409696996,0.08801274,0.830364883,0.548697889,0,0,-0.695356667,-1.83259892,-1.31668937,0.932849705,0.0304196868,-1.40076184,-0.664873481,0.215357184,-1.82682252,1.66992664,1.02976692,0.577200532,-1.50289845,0.344396323,-0.0358371623,0.0255896617,-0.739264727,-0.0235214159,-0.0193043742,1.14139652,-1.68377376,0.56811434,0.187810346,0.0660959929,0.382592708,1.22090483,-1.75532293,0.810608029,0.193247408
-0.0481601544,-0.363322526,0.791636169,-0.0382843465,0.0886134878,0.813138843,0.574009836,0,0,-0.694954574,-1.83259904,-1.32274806,0.922602654,0.0316126309,-1.40078855,-0.667549908,0.208729565,-1.8272171,1.67702496,1.01879203,0.578382134,-1.50432265,0.342979997,-0.0375276022,0.0287513249,-0.743313134,-0.0213828627,-0.0278792214,1.14697552,-1.68324125,0.567418635,0.185081005,0.0600390695,0.394837052,1.21987331,-1.75520313,0.815826297,0.19307217
-0.0487579554,-0.363154948,0.791531086,-0.0355405584,0.088358283,0.794690788,0.599496603,0,0,-0.694237292,-1.83259904,-1.32691622,0.912862003,0.0327846259,-1.40109003,-0.670170188,0.203308567,-1.8266747,1.68325245,1.0081569,0.57948494,-1.50545502,0.341655582,-0.0397238955,0.0316524915,-0.746301174,-0.0180192795,-0.040210411,1.14871645,-1.68306732,0.568082809,0.181382611,0.0555323139,0.406017512,1.21624327,-1.75521076,0.818244219,0.194207996
-0.0493459478,-0.362948567,0.791450858,-0.0327416174,0.0877552554,0.775207758,0.624723911,0,0,-0.693415105,-1.83259916,-1.3304553,0.903289914,0.0339496545,-1.40148294,-0.672771752,0.198289126,-1.82582057,1.68919003,0.997634768,0.580561519,-1.50649035,0.340361744,-0.0420885384,0.034466967,-0.748936355,-0.0142479939,-0.0537917577,1.14918017,-1.68301284,0.569199562,0.177361712,0.05154147,0.416843951,1.21174812,-1.75526071,0.819730222,0.195780143
-0.0499339439,-0.362742186,0.79137069,-0.0299034156,0.0870608538,0.75488919,0.64936012,0,0,-0.692592919,-1.83259916,-1.33399427,0.893717825,0.0351146795,-1.40187585,-0.675373316,0.193269685,-1.82496643,1.69512761,0.987112641,0.581638098,-1.50752568,0.339067906,-0.0444531851,0.0372814387,-0.751571536,-0.0104767065,-0.0673731044,1.14964378,-1.68295836,0.570316315,0.173340797,0.0475506298,0.42767036,1.2072531,-1.75531077,0.821216226,0.197352305
-0.0505219363,-0.362535805,0.791290462,-0.0270345975,0.0862769783,0.733795285,0.673327446,0,0,-0.691770732,-1.83259916,-1.33753335,0.884145796,0.0362797044,-1.40226877,-0.67797488,0.188250259,-1.8241123,1.70106518,0.976590514,0.582714677,-1.50856102,0.337774068,-0.046817828,0.0400959142,-0.754206717,-0.00670542102,-0.0809544474,1.1501075,-1.68290389,0.571433067,0.169319898,0.0435597859,0.438496768,1.20275807,-1.75536072,0.822702169,0.198924452
-0.0511099286,-0.362329423,0.791210294,-0.024144087,0.0854063034,0.711993515,0.696554422,0,0,-0.690948546,-1.83259928,-1.34107232,0.874573708,0.0374447331,-1.40266168,-0.680576444,0.183230817,-1.82325816,1.70700276,0.966068387,0.583791256,-1.50959635,0.33648023,-0.0491824746,0.0429103859,-0.756841898,-0.00293413433,-0.0945357978,1.15057123,-1.68284941,0.57254982,0.165298998,0.0395689458,0.449323207,1.19826305,-1.75541079,0.824188173,0.200496599
-0.0516709685,-0.362126291,0.791325629,-0.0213195831,0.0845130011,0.689531863,0.718991578,0,0,-0.690336049,-1.83259928,-1.34401989,0.866602004,0.0385999382,-1.4029932,-0.683130443,0.179584101,-1.8219291,1.7124294,0.95648849,0.584850013,-1.51034236,0.335213333,-0.0513433293,0.0452024341,-0.759205282,0.000928162714,-0.107152067,1.1493181,-1.68245041,0.573932767,0.161806107,0.0365507044,0.457823873,1.1936276,-1.75523376,0.823765874,0.202257812
-0.0521674752,-0.361930847,0.79190892,-0.0186592899,0.0836783648,0.666282177,0.740754843,0,0,-0.690225482,-1.83259928,-1.34555185,0.862461448,0.0397316292,-1.40317774,-0.685570538,0.179223388,-1.81946325,1.71663296,0.949164033,0.585865974,-1.51039588,0.334010959,-0.0530163534,0.0462438911,-0.7609182,0.00500832358,-0.117458127,1.14395535,-1.68122649,0.575953126,0.159577191,0.0358607024,0.460757166,1.18865621,-1.75451338,0.818775296,0.204471588
-0.0526639856,-0.361735404,0.792492211,-0.0159720015,0.0827553719,0.642280102,0.761822045,0,0,-0.690114975,-1.8325994,-1.34708369,0.858320892,0.040863324,-1.40336215,-0.688010633,0.178862691,-1.81699741,1.72083652,0.941839576,0.586881936,-1.51044941,0.332808584,-0.0546893738,0.0472853482,-0.762631059,0.00908848457,-0.12776418,1.1385926,-1.68000257,0.577973425,0.15734826,0.0351706967,0.46369043,1.18368495,-1.753793,0.813784778,0.206685349
-0.0531604923,-0.36153996,0.793075502,-0.0132658724,0.0817463696,0.617595434,0.782123685,0,0,-0.690004408,-1.8325994,-1.34861553,0.854180336,0.041995015,-1.40354669,-0.690450788,0.178501993,-1.81453156,1.72504008,0.934515119,0.587897956,-1.51050305,0.331606209,-0.056362398,0.0483268052,-0.764343917,0.0131686451,-0.138070241,1.13322973,-1.67877865,0.579993784,0.155119345,0.0344806947,0.466623724,1.17871356,-1.75307262,0.80879426,0.208899125
-0.0536570027,-0.361344516,0.793658793,-0.0105492622,0.0806545019,0.592304587,0.801597655,0,0,-0.689893842,-1.83259952,-1.35014737,0.85003978,0.0431267098,-1.40373111,-0.692890882,0.178141281,-1.81206572,1.72924364,0.927190661,0.588913918,-1.51055658,0.330403805,-0.0580354184,0.0493682623,-0.766056776,0.0172488056,-0.148376301,1.12786698,-1.67755485,0.582014084,0.152890429,0.0337906927,0.469556987,1.17374218,-1.75235224,0.803803682,0.211112902
-0.0541535094,-0.361149073,0.794242144,-0.00783059001,0.0794836804,0.566489458,0.820189536,0,0,-0.689783275,-1.83259952,-1.35167921,0.845899165,0.0442584008,-1.40391564,-0.695330977,0.177780584,-1.80959988,1.73344719,0.919866204,0.589929938,-1.5106101,0.32920143,-0.0597084425,0.0504097193,-0.767769635,0.0213289652,-0.158682346,1.12250423,-1.67633092,0.584034383,0.150661513,0.033100687,0.472490281,1.16877091,-1.75163186,0.798813164,0.213326678
-0.0546152294,-0.361242533,0.795201063,-0.00524127902,0.0785944536,0.540088415,0.837914109,0,0,-0.689444602,-1.83259952,-1.35316443,0.847639799,0.0452264994,-1.4038862,-0.697500944,0.179597154,-1.8061713,1.73684287,0.916041851,0.590796649,-1.51017559,0.328174353,-0.0607614964,0.0505895466,-0.76897949,0.024369752,-0.167570397,1.11355054,-1.67409825,0.58679688,0.15033558,0.0339985825,0.467029452,1.16723275,-1.74912703,0.789758801,0.214077249
-0.0550702699,-0.361391455,0.796232045,-0.00266263797,0.07769081,0.513027132,0.854845107,0,0,-0.689062238,-1.83259952,-1.3546406,0.850508928,0.0461632051,-1.40381563,-0.699618995,0.181831494,-1.80255783,1.74008346,0.912889063,0.59163475,-1.50964749,0.327180892,-0.0616955943,0.0506040491,-0.770092845,0.0272111036,-0.176186338,1.1039077,-1.67167199,0.589701772,0.1503748,0.0352011584,0.459958017,1.16635346,-1.74627995,0.779924631,0.214547068
-0.0555253103,-0.361540377,0.797263086,-7.6536402E-05,0.0767055601,0.485388368,0.870927334,0,0,-0.688679874,-1.83259964,-1.35611677,0.853377998,0.0470999144,-1.40374517,-0.701737106,0.184065849,-1.79894447,1.74332404,0.909736335,0.592472851,-1.50911927,0.326187432,-0.0626296923,0.0506185517,-0.7712062,0.0300524551,-0.184802294,1.09426498,-1.66924584,0.592606664,0.150414005,0.0364037305,0.452886552,1.16547418,-1.74343276,0.770090461,0.215016887
-0.0559803508,-0.361689299,0.798294067,0.0025090524,0.0756415352,0.457255989,0.886108994,0,0,-0.688297451,-1.83259964,-1.35759306,0.856247127,0.04803662,-1.4036746,-0.703855157,0.186300188,-1.79533112,1.74656463,0.906583548,0.593310952,-1.50859118,0.325194001,-0.0635637864,0.0506330542,-0.772319555,0.0328938067,-0.193418249,1.08462214,-1.66681957,0.595511496,0.150453225,0.0376063064,0.445815116,1.16459489,-1.74058568,0.76025635,0.215486705
-0.0564353913,-0.361838222,0.799325109,0.00508616259,0.0745023116,0.428718626,0.900346518,0,0,-0.687915087,-1.83259964,-1.35906923,0.859116197,0.0489733294,-1.40360415,-0.705973268,0.188534528,-1.79171777,1.74980521,0.90343076,0.594149053,-1.50806308,0.324200541,-0.0644978881,0.0506475568,-0.77343291,0.0357351601,-0.202034205,1.07497942,-1.66439342,0.598416388,0.15049243,0.0388088822,0.438743681,1.1637156,-1.73773849,0.75042218,0.215956509
-0.0569431894,-0.362243444,0.80029422,0.00760902558,0.0735395029,0.399828434,0.913603425,0,0,-0.685896337,-1.83239472,-1.35796261,0.866979539,0.0498114079,-1.40312922,-0.707898498,0.193225563,-1.78712702,1.75149894,0.901871264,0.594920218,-1.50759768,0.323254883,-0.0660293102,0.048853863,-0.767024338,0.0364734009,-0.204132482,1.06715071,-1.66181195,0.600330353,0.151079282,0.0394389555,0.433173209,1.16209483,-1.73455679,0.742720962,0.2151279
-0.0575358495,-0.363060981,0.801163793,0.0100662848,0.0728997588,0.370427102,0.925941765,0,0,-0.681245565,-1.8318603,-1.35270154,0.8828758,0.0504908487,-1.402004,-0.709513605,0.201868013,-1.78096426,1.75070488,0.90287441,0.595583856,-1.50723338,0.322386116,-0.0685214773,0.0441518165,-0.748517215,0.0338289328,-0.195747524,1.06223989,-1.65898073,0.600650489,0.152546957,0.0391481929,0.430016994,1.15928161,-1.73083699,0.738450348,0.212210864
-0.0581285059,-0.363878489,0.802033365,0.0125199994,0.0721833482,0.340563744,0.937362909,0,0,-0.676594853,-1.83132577,-1.34744048,0.898772001,0.0511702895,-1.40087867,-0.711128652,0.210510448,-1.77480149,1.74991071,0.903877556,0.596247494,-1.50686896,0.321517318,-0.0710136518,0.03944977,-0.730010092,0.0311844647,-0.187362567,1.05732906,-1.65614963,0.600970626,0.154014617,0.0388574339,0.42686078,1.15646827,-1.72711718,0.734179735,0.209293827
-0.0587211661,-0.364696026,0.802902937,0.0149625624,0.0713920891,0.310328513,0.947826803,0,0,-0.671944141,-1.83079135,-1.34217942,0.914668262,0.051849734,-1.39975333,-0.712743759,0.219152898,-1.76863885,1.74911666,0.904880762,0.596911073,-1.50650454,0.320648551,-0.0735058263,0.0347477235,-0.711502969,0.0285399947,-0.178977609,1.05241835,-1.65331841,0.601290703,0.155482292,0.038566675,0.423704565,1.15365493,-1.72339737,0.729909122,0.206376791
-0.0593138263,-0.365513533,0.803772569,0.0173864458,0.0705284849,0.279814959,0.957301974,0,0,-0.66729337,-1.83025682,-1.33691835,0.930564463,0.0525291748,-1.39862812,-0.714358807,0.227795348,-1.76247609,1.74832261,0.905883908,0.597574711,-1.50614023,0.319779754,-0.0759980008,0.030045677,-0.692995846,0.0258955266,-0.170592666,1.04750752,-1.65048718,0.601610839,0.156949967,0.0382759161,0.42054835,1.15084159,-1.71967757,0.725638509,0.20345974
-0.0599064864,-0.366331071,0.804642141,0.0197843295,0.0695957243,0.249118894,0.96576637,0,0,-0.662642658,-1.8297224,-1.33165729,0.946460664,0.0532086156,-1.39750278,-0.715973914,0.236437783,-1.75631332,1.74752843,0.906887054,0.598238289,-1.50577581,0.318910986,-0.0784901753,0.0253436305,-0.674488723,0.0232510585,-0.162207708,1.0425967,-1.64765596,0.601930976,0.158417642,0.0379851572,0.417392135,1.14802837,-1.71595776,0.721367896,0.200542703
-0.0612204894,-0.366785347,0.804533899,0.0223142076,0.0688619688,0.218375087,0.97317642,0,0,-0.648883998,-1.8290844,-1.33807981,0.972573757,0.0525539368,-1.39675105,-0.717205703,0.256412268,-1.76043105,1.7257781,0.914941788,0.597777963,-1.50624049,0.319034368,-0.0763867795,0.0121624852,-0.621406257,0.0201749709,-0.148085922,1.04502988,-1.64935064,0.600636959,0.157936126,0.0375803858,0.421307892,1.14300644,-1.7173475,0.7245785,0.196870416
-0.062590681,-0.367211372,0.804349542,0.0248426683,0.0680768862,0.187313393,0.979623497,0,0,-0.634415865,-1.82843828,-1.34541237,0.999482751,0.0517953299,-1.3960284,-0.718407631,0.277269483,-1.76534963,1.70239532,0.923545897,0.597230077,-1.50676978,0.319235086,-0.0739253983,-0.00167916412,-0.565630376,0.0170652606,-0.13351725,1.04803503,-1.65139794,0.599217176,0.157302782,0.0371667333,0.425774574,1.1378125,-1.71913528,0.728371859,0.193139285
-0.06396088,-0.367637366,0.804165184,0.0273499992,0.0672213584,0.156010851,0.985085726,0,0,-0.619947791,-1.82779217,-1.35274494,1.02639174,0.051036723,-1.39530575,-0.719609559,0.298126727,-1.77026808,1.67901242,0.932150006,0.596682191,-1.50729918,0.319435775,-0.071464017,-0.0155208148,-0.509854555,0.0139555484,-0.118948586,1.05104029,-1.65344512,0.597797394,0.156669438,0.0367530808,0.430241257,1.13261855,-1.72092319,0.732165217,0.189408153
-0.0653310716,-0.36806336,0.803980827,0.0298285224,0.0662978739,0.124562524,0.989544809,0,0,-0.605479658,-1.82714605,-1.36007738,1.05330062,0.050278116,-1.39458299,-0.720811486,0.318983942,-1.77518666,1.65562963,0.940754056,0.596134305,-1.50782847,0.319636464,-0.0690026358,-0.0293624625,-0.454078704,0.0108458381,-0.104379922,1.05404544,-1.65549242,0.596377611,0.156036079,0.0363394283,0.43470794,1.1274246,-1.72271097,0.735958636,0.185677022
-0.0667012632,-0.368489385,0.80379647,0.0322708301,0.0653095469,0.0930646062,0.992991567,0,0,-0.591011524,-1.82649994,-1.36740994,1.08020961,0.0495195128,-1.39386034,-0.722013474,0.339841157,-1.78010523,1.63224685,0.949358165,0.595586419,-1.50835776,0.319837153,-0.0665412545,-0.0432041138,-0.398302853,0.00773612736,-0.0898112506,1.0570507,-1.65753961,0.594957888,0.155402735,0.035925772,0.439174622,1.12223065,-1.72449875,0.739751995,0.18194589
-0.0679977983,-0.368790925,0.803497553,0.0346690565,0.0644261613,0.0616081506,0.995415449,0,0,-0.577554405,-1.82511032,-1.37649381,1.10119343,0.0483360849,-1.39393294,-0.722865164,0.357643247,-1.78421295,1.61144197,0.958708048,0.594923198,-1.50884771,0.320168436,-0.0639253631,-0.0546037778,-0.34938544,0.00428475579,-0.0764341578,1.06071281,-1.65892828,0.593589067,0.155799076,0.0365462787,0.439053893,1.11782753,-1.72598529,0.742984176,0.178325802
-0.0692119673,-0.368953317,0.803070605,0.0370354615,0.0636632219,0.0300327465,0.996831656,0,0,-0.565227866,-1.82288933,-1.38753593,1.11555147,0.046677608,-1.39489472,-0.723325193,0.372028947,-1.78741419,1.59351981,0.968891799,0.594130993,-1.50929379,0.32064572,-0.0611366928,-0.063272737,-0.308137327,0.000451327389,-0.0643895343,1.06510949,-1.65958071,0.592277288,0.157346845,0.0383232161,0.43380338,1.11430883,-1.72713494,0.745588958,0.17482987
-0.0704261288,-0.36911571,0.802643597,0.0393705033,0.0628341064,-0.00165308802,0.997245729,0,0,-0.552901328,-1.82066834,-1.39857793,1.1299094,0.0450191349,-1.3958565,-0.723785281,0.386414677,-1.79061532,1.57559764,0.979075611,0.593338788,-1.50973988,0.321123004,-0.0583480224,-0.0719416887,-0.266889215,-0.00338210166,-0.0523449033,1.06950629,-1.66023302,0.59096545,0.158894628,0.0401001573,0.428552866,1.11079013,-1.7282846,0.748193681,0.171333939
-0.0716402978,-0.369278073,0.802216649,0.0416669473,0.0619410463,-0.033353623,0.996651709,0,0,-0.540574729,-1.81844735,-1.40962005,1.14426744,0.043360658,-1.39681828,-0.72424531,0.400800407,-1.79381645,1.55767548,0.989259422,0.592546642,-1.51018596,0.321600288,-0.0555593483,-0.0806106478,-0.225641102,-0.00721552921,-0.0403002799,1.07390308,-1.66088533,0.589653671,0.160442412,0.0418770947,0.423302352,1.10727143,-1.72943425,0.750798404,0.167838007
-0.0728544593,-0.369440466,0.801789701,0.0439178981,0.0609868243,-0.0649728924,0.995052993,0,0,-0.528248191,-1.81622636,-1.42066216,1.15862548,0.0417021848,-1.39778006,-0.724705398,0.415186107,-1.79701757,1.53975344,0.999443233,0.591754436,-1.51063204,0.322077572,-0.052770678,-0.0892795995,-0.184392989,-0.0110489586,-0.0282556526,1.07829976,-1.66153777,0.588341832,0.161990181,0.0436540321,0.418051839,1.10375273,-1.73058403,0.753403127,0.164342076
-0.0740363598,-0.369600803,0.801370442,0.0461137109,0.0599792041,-0.0964083076,0.992462397,0,0,-0.516098499,-1.81397176,-1.43157458,1.17283058,0.0400548428,-1.39870942,-0.725173891,0.429356098,-1.80020034,1.52201128,1.0096848,0.590960979,-1.51104593,0.322559595,-0.0500151627,-0.0977661237,-0.143793315,-0.0149053382,-0.0162727889,1.08262765,-1.66216862,0.587053955,0.163556129,0.0454334952,0.412700236,1.10018146,-1.731709,0.756024361,0.160863921
-0.0732890815,-0.369639337,0.801414609,0.0480731018,0.0591780357,-0.127285436,0.988931417,0,0,-0.514522254,-1.80971086,-1.43473482,1.17789149,0.0390730649,-1.39769888,-0.726147115,0.430627257,-1.80228114,1.51503491,1.02337754,0.590090156,-1.50953996,0.323324442,-0.0492420979,-0.0953453928,-0.141961381,-0.0201339126,-0.00798252784,1.08283627,-1.66151655,0.587196529,0.166208059,0.04736403,0.401305944,1.09346974,-1.73135793,0.759634078,0.15844804
-0.0725417957,-0.369677871,0.801458776,0.0499921702,0.0583164766,-0.158141807,0.984424353,0,0,-0.51294601,-1.80544996,-1.43789494,1.1829524,0.0380912907,-1.39668834,-0.72712034,0.431898415,-1.80436182,1.50805855,1.03707027,0.589219391,-1.50803399,0.324089289,-0.0484690294,-0.0929246619,-0.140129447,-0.0253624897,0.000307732495,1.08304477,-1.66086435,0.587339103,0.168860003,0.0492945611,0.389911622,1.0867579,-1.73100698,0.763243794,0.15603216
-0.0717945173,-0.369716406,0.801502943,0.0518649742,0.057396628,-0.188886344,0.978947222,0,0,-0.511369824,-1.80118895,-1.44105506,1.18801332,0.0371095166,-1.3956778,-0.728093565,0.433169603,-1.80644262,1.50108218,1.05076313,0.588348567,-1.50652802,0.324854106,-0.0476959608,-0.0905039385,-0.138297513,-0.0305910632,0.00859799143,1.08325338,-1.66021228,0.587481678,0.171511933,0.0512250923,0.37851733,1.08004618,-1.73065591,0.766853511,0.153616279
-0.0710472316,-0.36975494,0.80154711,0.0536859594,0.0564211234,-0.219428644,0.972515106,0,0,-0.50979358,-1.79692805,-1.4442153,1.19307423,0.0361277424,-1.39466739,-0.729066789,0.434440762,-1.80852342,1.49410582,1.06445587,0.587477803,-1.50502205,0.325618953,-0.0469228961,-0.0880832076,-0.136465579,-0.0358196385,0.0168882515,1.083462,-1.6595602,0.587624252,0.174163878,0.0531556234,0.367123008,1.07333446,-1.73030496,0.770463228,0.151200399
-0.0702999532,-0.369793475,0.801591337,0.0554500259,0.05539307,-0.249680206,0.965151131,0,0,-0.508217335,-1.79266715,-1.44737542,1.19813514,0.0351459645,-1.39365685,-0.730040014,0.43571192,-1.8106041,1.48712933,1.0781486,0.586606979,-1.50351596,0.326383799,-0.0461498275,-0.0856624767,-0.134633645,-0.0410482138,0.0251785144,1.08367062,-1.65890801,0.587766826,0.176815808,0.0550861582,0.355728686,1.06662261,-1.72995389,0.774072886,0.148784518
-0.0699855238,-0.369517833,0.801572442,0.0570590124,0.0543520972,-0.279595762,0.956878424,0,0,-0.504069328,-1.78978789,-1.45164537,1.19967663,0.0336392298,-1.39206922,-0.730642796,0.438290983,-1.81227648,1.4803617,1.09013939,0.585313022,-1.5006578,0.327736616,-0.0454049818,-0.0835976973,-0.126658246,-0.0462703817,0.0323037095,1.08393431,-1.65911555,0.588386834,0.178278297,0.0563202351,0.344377428,1.06051195,-1.72938085,0.777034342,0.146186665
-0.070010066,-0.368996173,0.801504195,0.0585419945,0.0532847643,-0.30932796,0.947654903,0,0,-0.497907281,-1.78799081,-1.45678425,1.19846213,0.0317213759,-1.39002955,-0.730955541,0.441894323,-1.81362891,1.47375739,1.10079718,0.583687663,-1.49674058,0.329549938,-0.0446822345,-0.0818116665,-0.113871671,-0.0514875315,0.0385165103,1.08424115,-1.65999627,0.589380622,0.178809285,0.0570088997,0.333059877,1.05487204,-1.72863376,0.779488027,0.143446326
-0.0700346157,-0.368474483,0.801435947,0.0599712357,0.0521630161,-0.33882609,0.937485635,0,0,-0.491745234,-1.78619361,-1.46192312,1.19724751,0.0298035219,-1.38798988,-0.731268227,0.445497662,-1.81498146,1.46715319,1.11145496,0.582062304,-1.49282348,0.331363231,-0.0439594872,-0.0800256431,-0.101085097,-0.0567046814,0.0447293073,1.08454812,-1.66087699,0.59037441,0.179340288,0.0576975606,0.321742326,1.04923201,-1.7278868,0.781941772,0.140705988
-0.0700591654,-0.367952794,0.8013677,0.0613423362,0.0509899147,-0.368002713,0.926396906,0,0,-0.485583156,-1.78439641,-1.46706212,1.196033,0.0278856698,-1.38595021,-0.731580913,0.449100971,-1.81633389,1.46054888,1.12211275,0.580436945,-1.48890626,0.333176553,-0.0432367399,-0.0782396197,-0.0882985219,-0.0619218312,0.0509421043,1.08485496,-1.66175759,0.591368258,0.179871276,0.0583862215,0.310424775,1.0435921,-1.72713983,0.784395456,0.137965649
-0.070083715,-0.367431134,0.801299453,0.0626513958,0.0497690104,-0.39677313,0.91442281,0,0,-0.479421109,-1.78259921,-1.47220099,1.19481838,0.0259678159,-1.38391054,-0.731893599,0.45270431,-1.81768644,1.45394468,1.13277054,0.578811526,-1.48498917,0.334989846,-0.0425139926,-0.0764535889,-0.0755119473,-0.0671389848,0.0571549051,1.08516181,-1.66263831,0.592362046,0.180402264,0.0590748861,0.299107194,1.03795218,-1.72639275,0.786849201,0.135225311
-0.0701815039,-0.366881132,0.801247835,0.0638848767,0.0485001616,-0.425091475,0.901589572,0,0,-0.473388106,-1.78078139,-1.47742939,1.1933856,0.0239840094,-1.38179862,-0.732180476,0.45616433,-1.81898916,1.44774461,1.14320147,0.577138245,-1.48091757,0.336889356,-0.0418660007,-0.0745275915,-0.0634338707,-0.072246328,0.063203454,1.08545506,-1.66355538,0.593427479,0.180872947,0.0597897656,0.287746221,1.03260171,-1.72559083,0.788986206,0.132400393
-0.0709025115,-0.366090328,0.801337719,0.064969331,0.0471486747,-0.453303456,0.887734234,0,0,-0.468453169,-1.77878809,-1.48341823,1.19009578,0.0214390345,-1.37907171,-0.732247531,0.458404869,-1.81986821,1.4449836,1.15170193,0.575057149,-1.47553265,0.339522123,-0.0418540686,-0.0714106411,-0.0573840141,-0.0764194578,0.0678545609,1.08563137,-1.66478145,0.595102072,0.180830434,0.060727749,0.276015818,1.02971494,-1.72432148,0.788428485,0.12885575
-0.0716235116,-0.365299493,0.801427543,0.0659925938,0.0457458608,-0.481155485,0.872949958,0,0,-0.463518232,-1.77679479,-1.48940706,1.18680596,0.0188940596,-1.3763448,-0.732314587,0.460645407,-1.82074738,1.44222248,1.1602025,0.572975993,-1.47014773,0.34215489,-0.0418421365,-0.0682936832,-0.0513341539,-0.0805925801,0.0725056604,1.08580768,-1.66600752,0.596776605,0.180787936,0.0616657287,0.264285415,1.02682817,-1.72305214,0.787870765,0.125311106
-0.0723445117,-0.364508688,0.801517367,0.0669511929,0.0442955941,-0.508561373,0.857275128,0,0,-0.458583266,-1.77480137,-1.4953959,1.18351614,0.0163490847,-1.37361789,-0.732381642,0.462885946,-1.82162642,1.43946147,1.16870296,0.570894897,-1.46476281,0.344787687,-0.0418302007,-0.0651767328,-0.0452842973,-0.0847657025,0.0771567598,1.08598399,-1.66723359,0.598451197,0.180745423,0.0626037121,0.252555013,1.0239414,-1.72178292,0.787313044,0.12176647
-0.0730655119,-0.363717854,0.801607192,0.0678422228,0.0428021885,-0.535438776,0.840755999,0,0,-0.453648329,-1.77280807,-1.50138474,1.18022645,0.0138041088,-1.37089097,-0.732448697,0.465126485,-1.82250559,1.43670034,1.17720342,0.568813801,-1.45937788,0.347420454,-0.0418182686,-0.0620597787,-0.039234437,-0.0889388323,0.0818078667,1.0861603,-1.66845965,0.60012579,0.18070291,0.063541688,0.240824595,1.02105463,-1.72051358,0.786755323,0.118221834
-0.0737865195,-0.362927049,0.801697016,0.0686633438,0.0412703231,-0.561710119,0.823446333,0,0,-0.448713392,-1.77081466,-1.50737357,1.17693663,0.0112591349,-1.36816406,-0.732515752,0.467367053,-1.82338464,1.43393922,1.18570387,0.566732705,-1.45399296,0.350053221,-0.0418063365,-0.0589428246,-0.0331845805,-0.0931119546,0.0864589661,1.08633661,-1.66968572,0.601800382,0.180660412,0.0644796714,0.229094177,1.01816785,-1.71924424,0.786197603,0.114677198
-0.0748625025,-0.361941963,0.801914513,0.0694424883,0.0395968221,-0.587541819,0.805235744,0,0,-0.445315123,-1.76845634,-1.51351047,1.17406762,0.00856139418,-1.36504793,-0.732719779,0.468498707,-1.8240639,1.43323612,1.19252932,0.564622641,-1.44838023,0.352954626,-0.0420045033,-0.0556429476,-0.0304503739,-0.096642375,0.0903965756,1.0863204,-1.67069209,0.603311479,0.18072471,0.0656207725,0.217867509,1.01670659,-1.71775925,0.784735203,0.111596853
-0.0761300251,-0.360852033,0.802200913,0.0701692626,0.0378207415,-0.612968087,0.786076307,0,0,-0.442746043,-1.76590097,-1.51972711,1.17142558,0.00578122539,-1.36172175,-0.732997775,0.469032049,-1.82463539,1.43364334,1.19845092,0.56249702,-1.44264448,0.35600096,-0.0423160382,-0.0522443727,-0.0295052119,-0.0998260006,0.0939491987,1.08620048,-1.67157996,0.604734421,0.180846632,0.0668714717,0.206912622,1.01601458,-1.71615791,0.782784581,0.108767025
-0.0773975551,-0.359762132,0.802487314,0.0708260387,0.0360021591,-0.637824893,0.766072452,0,0,-0.440176934,-1.7633456,-1.52594388,1.16878355,0.00300105638,-1.35839558,-0.733275771,0.469565392,-1.82520676,1.43405056,1.20437253,0.560371399,-1.4369086,0.359047294,-0.042627573,-0.0488457941,-0.0285600517,-0.103009626,0.0975018293,1.08608043,-1.67246771,0.606157303,0.180968553,0.0681221709,0.195957735,1.01532257,-1.71455669,0.78083396,0.105937205
-0.0786650777,-0.358672202,0.802773714,0.0714105219,0.034146484,-0.662033677,0.745282352,0,0,-0.437607825,-1.76079023,-1.53216052,1.16614151,0.000220887217,-1.35506952,-0.733553767,0.470098734,-1.82577825,1.43445778,1.21029413,0.558245778,-1.43117285,0.362093627,-0.0429391079,-0.0454472154,-0.0276148915,-0.106193259,0.101054452,1.08596051,-1.67335546,0.607580245,0.181090474,0.06937287,0.185002849,1.01463044,-1.71295536,0.778883338,0.103107378
-0.0799326077,-0.357582301,0.803060114,0.0719211251,0.0322594978,-0.685522318,0.72377187,0,0,-0.435038745,-1.75823498,-1.53837729,1.16349947,-0.00255928119,-1.35174334,-0.733831704,0.470632076,-1.82634962,1.434865,1.21621573,0.556120157,-1.42543709,0.365139961,-0.0432506427,-0.0420486405,-0.0266697295,-0.109376885,0.104607075,1.08584046,-1.67424333,0.609003186,0.181212395,0.0706235692,0.174047962,1.01393843,-1.71135402,0.776932716,0.100277558
-0.0812554359,-0.35647282,0.803355932,0.0723907351,0.0303001199,-0.708244145,0.701592147,0,0,-0.432727963,-1.75562227,-1.54442167,1.16101146,-0.005348932,-1.34837282,-0.734172821,0.471136689,-1.82688224,1.43539178,1.22162962,0.554022491,-1.41972423,0.368220925,-0.0435519926,-0.0388505273,-0.0258418508,-0.112284109,0.107835338,1.08557761,-1.67503607,0.610452712,0.181255028,0.0717979446,0.163641542,1.01350713,-1.70971477,0.774885893,0.0977004245
-0.0828082114,-0.355281979,0.803691149,0.0729279891,0.0281120744,-0.730340123,0.678597569,0,0,-0.431491256,-1.75277162,-1.54974961,1.15916395,-0.00817800499,-1.344818,-0.734776139,0.471521854,-1.8272537,1.4364152,1.22493219,0.552041233,-1.41410625,0.371445924,-0.043810986,-0.0364858657,-0.0255015753,-0.114042148,0.109715022,1.08472073,-1.67543364,0.612012923,0.180967927,0.0726549998,0.155515432,1.01415992,-1.70791769,0.772439241,0.0961738527
-0.0843609869,-0.354091138,0.804026306,0.0733920485,0.0258882456,-0.751755655,0.654833376,0,0,-0.430254549,-1.74992096,-1.55507755,1.15731645,-0.011007078,-1.34126318,-0.735379457,0.47190702,-1.82762504,1.43743861,1.22823489,0.550059915,-1.40848827,0.374670923,-0.0440699793,-0.0341212079,-0.0251612999,-0.115800187,0.111594714,1.08386374,-1.6758312,0.613573134,0.180680841,0.073512055,0.147389308,1.01481283,-1.70612061,0.76999253,0.0946472809
-0.0859137625,-0.352900296,0.804361463,0.073781006,0.0236353017,-0.772420406,0.630368531,0,0,-0.429017842,-1.74707031,-1.56040561,1.15546894,-0.013836151,-1.33770823,-0.735982776,0.472292155,-1.82799649,1.43846202,1.23153746,0.548078656,-1.4028703,0.377895921,-0.044328969,-0.0317565463,-0.0248210244,-0.117558226,0.113474399,1.08300686,-1.67622876,0.615133345,0.180393755,0.0743691102,0.139263183,1.01546562,-1.70432353,0.767545879,0.0931207091
-0.087466538,-0.351709485,0.804696679,0.0740936324,0.0213601887,-0.792270243,0.605278194,0,0,-0.427781135,-1.74421966,-1.56573355,1.15362144,-0.016665224,-1.33415341,-0.736586094,0.47267732,-1.82836795,1.43948555,1.23484015,0.546097338,-1.39725232,0.38112092,-0.0445879623,-0.0293918848,-0.0244807489,-0.119316265,0.115354091,1.08214986,-1.67662644,0.616693556,0.18010667,0.0752261654,0.131137058,1.01611841,-1.70252645,0.765099227,0.0915941373
-0.0890193135,-0.350518644,0.805031836,0.0743294656,0.0190700497,-0.811248958,0.579643607,0,0,-0.426544428,-1.74136889,-1.57106149,1.15177393,-0.019494297,-1.33059859,-0.737189472,0.473062485,-1.82873929,1.44050896,1.23814273,0.54411608,-1.39163435,0.384345919,-0.0448469557,-0.0270272251,-0.0241404735,-0.121074304,0.117233776,1.08129299,-1.67702401,0.618253708,0.179819584,0.0760832205,0.123010926,1.01677132,-1.70072937,0.762652516,0.0900675654
-0.0904894695,-0.349460125,0.805219114,0.0745429769,0.0178497434,-0.817701697,0.570516109,0,0,-0.425400227,-1.73867667,-1.57572544,1.15043414,-0.0223743673,-1.32705748,-0.737961709,0.474191934,-1.82901478,1.44048572,1.24083757,0.542169869,-1.38620138,0.38774097,-0.0448325686,-0.0254343245,-0.0244842116,-0.121677436,0.116867706,1.07964814,-1.67777705,0.620604932,0.178954795,0.0763535276,0.115414545,1.01822889,-1.69942212,0.759853005,0.0893317983
-0.0919303223,-0.348448515,0.80535388,0.0747647658,0.0170106161,-0.819905519,0.56734097,0,0,-0.424288839,-1.73604059,-1.58015394,1.14927435,-0.0252725203,-1.32352138,-0.73879385,0.475585282,-1.82925618,1.44009149,1.24331689,0.540236115,-1.3808341,0.391196281,-0.0447212495,-0.0241150558,-0.0250704717,-0.121871077,0.115705386,1.07772398,-1.67865622,0.623236597,0.177885175,0.0764157996,0.108005993,1.01997197,-1.69828856,0.756928265,0.0888764113
-0.0933711752,-0.347436935,0.805488706,0.0749853924,0.0161711946,-0.822096586,0.56415689,0,0,-0.423177421,-1.73340452,-1.58458245,1.14811456,-0.028170675,-1.31998527,-0.73962605,0.47697863,-1.82949769,1.43969727,1.2457962,0.538302422,-1.37546682,0.394651622,-0.0446099341,-0.0227957871,-0.0256567318,-0.122064725,0.114543065,1.07579982,-1.67953539,0.625868201,0.176815554,0.0764780715,0.100597434,1.02171493,-1.697155,0.754003584,0.0884210318
-0.0948120281,-0.346425325,0.805623472,0.0752048343,0.0153315207,-0.824274659,0.560963929,0,0,-0.422066033,-1.73076856,-1.58901095,1.14695477,-0.0310688261,-1.31644905,-0.74045819,0.478371948,-1.82973909,1.43930292,1.24827552,0.536368668,-1.37009954,0.398106962,-0.044498615,-0.0214765184,-0.0262429919,-0.122258373,0.113380745,1.07387567,-1.68041456,0.628499866,0.175745949,0.0765403435,0.0931888819,1.02345788,-1.69602144,0.751078904,0.0879656449
-0.096252881,-0.345413715,0.805758297,0.0754230917,0.0144916316,-0.826439798,0.557762265,0,0,-0.420954615,-1.72813249,-1.59343958,1.14579499,-0.0339669809,-1.31291294,-0.741290331,0.479765296,-1.82998049,1.4389087,1.25075483,0.534434915,-1.36473227,0.401562274,-0.0443872996,-0.0201572496,-0.0268292539,-0.122452013,0.112218425,1.07195151,-1.68129361,0.63113153,0.174676329,0.0766026154,0.0857803226,1.02520096,-1.69488788,0.748154223,0.087510258
-0.0975247845,-0.344496965,0.805809438,0.0754460171,0.0138701908,-0.82742244,0.556316137,0,0,-0.420257121,-1.7255249,-1.59738266,1.14502549,-0.0368156731,-1.30932224,-0.742251098,0.480943263,-1.83019805,1.43742454,1.25349164,0.532475173,-1.35958886,0.405098051,-0.0443926044,-0.0188301411,-0.0276828669,-0.12270309,0.110580504,1.07026196,-1.68226612,0.633935332,0.1736314,0.0762978792,0.0788917542,1.02715957,-1.69394433,0.74567306,0.0872295499
-0.0983678252,-0.343820959,0.805648327,0.0749750584,0.0138035342,-0.82542491,0.559340596,0,0,-0.420610219,-1.72298968,-1.60009348,1.14524651,-0.0395388119,-1.30559313,-0.74353826,0.481574506,-1.83035493,1.43317413,1.25688219,0.53044939,-1.35501385,0.408838004,-0.0446939543,-0.017483132,-0.0292151496,-0.123099945,0.107735276,1.06916785,-1.68347549,0.637176156,0.172649145,0.0750614926,0.073323153,1.02966559,-1.69348347,0.74431777,0.0873922259
-0.0992108583,-0.343144983,0.805487216,0.0745030716,0.0137366913,-0.823416352,0.562357724,0,0,-0.420963347,-1.72045445,-1.60280442,1.14546752,-0.0422619544,-1.30186391,-0.744825423,0.482205749,-1.83051193,1.42892361,1.26027262,0.528423607,-1.35043883,0.412577987,-0.0449953005,-0.0161361229,-0.0307474341,-0.123496801,0.104890049,1.06807387,-1.68468475,0.640417039,0.17166689,0.0738251135,0.0677545518,1.03217173,-1.69302249,0.74296248,0.0875549018
-0.100053899,-0.342468977,0.805326045,0.0740300938,0.013669664,-0.821396708,0.565367281,0,0,-0.421316445,-1.71791923,-1.60551524,1.14568865,-0.0449850932,-1.29813468,-0.746112585,0.482836962,-1.83066881,1.4246732,1.26366317,0.526397824,-1.34586382,0.41631794,-0.0452966504,-0.0147891128,-0.0322797149,-0.123893656,0.102044821,1.06697977,-1.68589413,0.643657863,0.170684621,0.0725887343,0.0621859543,1.03467774,-1.69256163,0.741607189,0.0877175778
-0.10089694,-0.341792971,0.805164933,0.0735561252,0.0136024551,-0.819366157,0.568369329,0,0,-0.421669573,-1.71538401,-1.60822618,1.14590967,-0.047708232,-1.29440558,-0.747399688,0.483468205,-1.83082581,1.42042267,1.26705372,0.524372041,-1.34128892,0.420057893,-0.0455979966,-0.0134421028,-0.0338120013,-0.124290511,0.0991995931,1.06588566,-1.68710351,0.646898687,0.169702366,0.0713523477,0.0566173531,1.03718376,-1.69210064,0.740251899,0.0878802612
-0.101739973,-0.341116995,0.805003822,0.0730812028,0.0135350684,-0.817324758,0.571363568,0,0,-0.4220227,-1.71284878,-1.610937,1.14613068,-0.0504313745,-1.29067636,-0.74868685,0.484099448,-1.83098269,1.41617227,1.27044427,0.522346258,-1.33671391,0.423797876,-0.0458993465,-0.0120950937,-0.0353442803,-0.124687366,0.0963543653,1.06479156,-1.68831289,0.65013957,0.168720111,0.0701159686,0.0510487519,1.03968978,-1.69163978,0.738896608,0.0880429372
-0.10190291,-0.340981632,0.804159939,0.0733226761,0.014482826,-0.812645614,0.57794559,0,0,-0.425177872,-1.70784473,-1.60874689,1.15492737,-0.0535183549,-1.28917909,-0.750661671,0.477698922,-1.83109128,1.38952649,1.2919327,0.51874423,-1.33532488,0.428861767,-0.0461378731,-0.0103782658,-0.036699798,-0.127392471,0.091348514,1.06685233,-1.69133413,0.653096139,0.169065431,0.0669019297,0.0456327982,1.04479611,-1.69253802,0.739623129,0.0881227702
-0.10192354,-0.3409594,0.803173184,0.0737087429,0.0156422369,-0.807353258,0.585237563,0,0,-0.428919345,-1.70232415,-1.60553122,1.1655184,-0.0566814691,-1.288149,-0.752780318,0.469827056,-1.83118975,1.35819495,1.31720793,0.514812469,-1.33460248,0.434202701,-0.0463632531,-0.00858405884,-0.0380183272,-0.13058053,0.0858905911,1.06957316,-1.69473457,0.655993223,0.169688508,0.063274093,0.0402487814,1.05044639,-1.6937207,0.740785182,0.0881852657
-0.101944171,-0.340937167,0.80218643,0.0740887672,0.0168005284,-0.801993251,0.592482328,0,0,-0.432660788,-1.69680357,-1.60231566,1.17610955,-0.0598445833,-1.28711879,-0.754898965,0.46195522,-1.83128822,1.32686329,1.34248316,0.510880649,-1.33388019,0.439543635,-0.0465886332,-0.00678985147,-0.0393368565,-0.133768603,0.0804326609,1.072294,-1.69813502,0.658890367,0.1703116,0.0596462525,0.0348647647,1.05609667,-1.69490337,0.741947234,0.0882477611
-0.101964802,-0.340914905,0.801199675,0.0744626671,0.0179574117,-0.796567142,0.59967792,0,0,-0.436402261,-1.69128299,-1.59909999,1.18670058,-0.0630076975,-1.28608859,-0.757017612,0.454083383,-1.83138669,1.29553175,1.36775839,0.506948888,-1.33315778,0.444884568,-0.0468140133,-0.00499564409,-0.0406553857,-0.136956662,0.0749747306,1.07501495,-1.70153546,0.66178745,0.170934692,0.0560184158,0.0294807479,1.06174707,-1.69608593,0.743109286,0.0883102566
-0.101985432,-0.340892673,0.800212979,0.0748303458,0.0191126,-0.791076183,0.60682267,0,0,-0.440143734,-1.68576241,-1.59588432,1.19729161,-0.0661708117,-1.28505838,-0.75913626,0.446211547,-1.83148515,1.26420009,1.39303362,0.503017068,-1.33243549,0.450225472,-0.0470393933,-0.00320143742,-0.041973915,-0.140144736,0.0695168078,1.07773578,-1.70493591,0.664684534,0.171557784,0.0523905791,0.0240967311,1.06739736,-1.69726861,0.744271338,0.0883727595
-0.101981826,-0.340959251,0.799524069,0.075660117,0.0193532947,-0.785958469,0.613327265,0,0,-0.444464684,-1.6816783,-1.59102237,1.206617,-0.0693277195,-1.2838825,-0.761132717,0.433525056,-1.82436681,1.22874022,1.42113876,0.498542756,-1.33130074,0.455916733,-0.0475825854,-0.00334413024,-0.0429137051,-0.142920375,0.0640634969,1.07892239,-1.70746028,0.666968107,0.172120228,0.048962526,0.0196188893,1.0712893,-1.69762254,0.745719671,0.0883067846
-0.10193719,-0.341176212,0.799339533,0.0772784054,0.0180474855,-0.781530976,0.618798673,0,0,-0.449766785,-1.68002641,-1.58337295,1.2137996,-0.0724741146,-1.28246021,-0.762922287,0.412687212,-1.80503023,1.18629086,1.45403492,0.493149936,-1.32946777,0.462201089,-0.0486638471,-0.00676607527,-0.0432122611,-0.144997731,0.0586180016,1.07751131,-1.70850122,0.668212891,0.172580004,0.0458727181,0.0166752376,1.07220435,-1.69657362,0.74765265,0.0880233049
-0.101892546,-0.341393173,0.799154997,0.0788927674,0.016740514,-0.777060688,0.624237418,0,0,-0.455068886,-1.67837453,-1.57572341,1.22098231,-0.0756205171,-1.28103781,-0.764711857,0.391849399,-1.78569376,1.14384139,1.48693097,0.487757117,-1.32763493,0.468485445,-0.0497451052,-0.0101880208,-0.0435108207,-0.147075102,0.0531725101,1.07610035,-1.70954216,0.669457674,0.173039764,0.0427829139,0.0137315867,1.07311952,-1.69552457,0.749585569,0.0877398252
-0.101847909,-0.341610134,0.798970461,0.0805029422,0.0154325897,-0.772548378,0.629642785,0,0,-0.460370988,-1.67672265,-1.56807399,1.22816491,-0.0787669197,-1.2796154,-0.766501427,0.371011555,-1.76635718,1.10139203,1.51982713,0.482364297,-1.32580197,0.474769801,-0.0508263633,-0.0136099663,-0.0438093804,-0.149152473,0.0477270149,1.07468927,-1.71058309,0.670702517,0.173499539,0.039693106,0.0107879359,1.07403457,-1.69447553,0.751518548,0.0874563456
-0.101803273,-0.341827095,0.798785865,0.0821086615,0.014123925,-0.767994821,0.635013878,0,0,-0.465673059,-1.67507076,-1.56042457,1.23534751,-0.0819133222,-1.27819312,-0.768290997,0.350173712,-1.7470206,1.05894268,1.55272329,0.476971507,-1.32396913,0.481054157,-0.051907625,-0.0170319118,-0.04410794,-0.151229829,0.0422815233,1.07327831,-1.71162415,0.6719473,0.1739593,0.036603298,0.00784428511,1.07494962,-1.69342661,0.753451467,0.0871728659
-0.101758629,-0.342044055,0.798601329,0.083709687,0.0128147323,-0.763400674,0.640349865,0,0,-0.470975161,-1.67341876,-1.55277514,1.24253011,-0.0850597173,-1.27677071,-0.770080626,0.329335868,-1.72768402,1.01649332,1.58561945,0.471578687,-1.32213616,0.487338513,-0.0529888831,-0.0204538573,-0.0444064997,-0.153307199,0.0368360318,1.07186723,-1.71266508,0.673192084,0.174419075,0.0335134901,0.00490063336,1.07586467,-1.69237757,0.755384445,0.0868893862
-0.101926498,-0.341952473,0.798713982,0.0852484778,0.00982931908,-0.7601915,0.644007087,0,0,-0.47448355,-1.67760229,-1.5453974,1.24247873,-0.0885707065,-1.27505279,-0.771081507,0.301562548,-1.70061731,0.980198801,1.61096036,0.467346638,-1.31886744,0.492493182,-0.0549926609,-0.0253864322,-0.044970613,-0.154718786,0.0302220639,1.06857967,-1.71323788,0.673238933,0.173517153,0.0308006294,0.00344792078,1.07424295,-1.6903882,0.756111443,0.0869427025
-0.102113932,-0.341832459,0.798854053,0.0867791697,0.00668890309,-0.757086694,0.647490859,0,0,-0.477826804,-1.68232298,-1.53804469,1.24176133,-0.0921152607,-1.27330756,-0.77200985,0.273150623,-1.67283881,0.944470942,1.63560569,0.463221461,-1.3154664,0.497543842,-0.057081379,-0.0304581001,-0.0455591753,-0.15606907,0.0235005058,1.06511939,-1.71376753,0.673175454,0.172489867,0.0281224735,0.00213248795,1.0723877,-1.68831217,0.756727457,0.0870270282
-0.102301367,-0.341712445,0.798994064,0.0883070156,0.00354808569,-0.75395602,0.650952935,0,0,-0.481170058,-1.68704379,-1.53069198,1.24104381,-0.0956598148,-1.27156246,-0.772938132,0.244738698,-1.6450603,0.908743083,1.66025102,0.459096283,-1.31206548,0.502594531,-0.0591700971,-0.03552977,-0.0461477377,-0.157419354,0.0167789478,1.0616591,-1.71429729,0.673111916,0.171462581,0.0254443195,0.000817055115,1.07053244,-1.68623614,0.757343471,0.0871113539
-0.102488801,-0.341592431,0.799134135,0.0898318365,0.000407189364,-0.750799775,0.654392719,0,0,-0.484513313,-1.69176447,-1.52333915,1.2403264,-0.0992043689,-1.26981723,-0.773866415,0.216326788,-1.61728179,0.873015225,1.68489623,0.454971105,-1.30866444,0.50764519,-0.0612588152,-0.040601436,-0.0467363037,-0.158769637,0.0100573925,1.05819881,-1.71482694,0.673048437,0.170435295,0.0227661654,-0.000498377369,1.06867719,-1.68416023,0.757959425,0.087195687
-0.102676228,-0.341472417,0.799274147,0.0913534611,-0.00273346808,-0.747618198,0.657810032,0,0,-0.487856567,-1.69648528,-1.51598644,1.239609,-0.102748923,-1.26807213,-0.774794757,0.187914863,-1.58950329,0.837287426,1.70954156,0.450845927,-1.30526352,0.512695849,-0.0633475333,-0.0456731059,-0.0473248661,-0.160119936,0.00333583495,1.05473852,-1.71535671,0.672984958,0.169408008,0.0200880095,-0.00181381032,1.06682193,-1.6820842,0.758575439,0.0872800127
-0.102897763,-0.341320097,0.799476504,0.0927359611,-0.00561113982,-0.744084358,0.661594331,0,0,-0.490673691,-1.70165873,-1.50830269,1.2383343,-0.106477067,-1.26629722,-0.775453448,0.163289338,-1.56480563,0.804969132,1.73015702,0.44757089,-1.30201662,0.517042398,-0.0656753331,-0.0499502309,-0.0484097488,-0.161252797,-0.00327449385,1.0520699,-1.71566045,0.672480404,0.168915451,0.0177432746,-0.00365870679,1.06536484,-1.68010569,0.759350538,0.0871569812
-0.103159308,-0.341129869,0.799751937,0.0939554647,-0.00818074867,-0.740136564,0.665810347,0,0,-0.492873311,-1.70736372,-1.50023055,1.23640573,-0.110420682,-1.26448739,-0.775795698,0.143107876,-1.54372394,0.776652634,1.74604285,0.445293665,-1.29895055,0.520562708,-0.0682837442,-0.0532948114,-0.0500771552,-0.162130475,-0.00975427404,1.0503304,-1.7156992,0.671458244,0.1690505,0.0157898739,-0.0061250315,1.06437516,-1.67824161,0.760312378,0.0867905766
-0.103420854,-0.340939641,0.80002743,0.0951711833,-0.0107502881,-0.736157656,0.669999182,0,0,-0.495072901,-1.7130686,-1.49215841,1.23447728,-0.114364296,-1.26267767,-0.776137948,0.122926399,-1.52264225,0.748336077,1.76192856,0.44301644,-1.29588461,0.524082959,-0.0708921552,-0.0566393919,-0.0517445654,-0.163008168,-0.0162340552,1.0485909,-1.71573782,0.670436025,0.169185564,0.0138364723,-0.00859135669,1.06338537,-1.67637753,0.761274219,0.0864241719
-0.103682399,-0.340749413,0.800302863,0.0963829905,-0.0133194383,-0.732148111,0.674160302,0,0,-0.497272521,-1.7187736,-1.48408628,1.23254871,-0.118307903,-1.26086783,-0.776480258,0.102744937,-1.50156057,0.720019579,1.77781427,0.440739214,-1.29281867,0.527603209,-0.0735005662,-0.0599839687,-0.0534119718,-0.163885847,-0.0227138363,1.0468514,-1.71577656,0.669413805,0.169320628,0.0118830716,-0.0110576805,1.06239569,-1.67451346,0.762236059,0.0860577747
-0.103943944,-0.340559185,0.800578296,0.0975907221,-0.0158878807,-0.728108466,0.678293169,0,0,-0.499472141,-1.72447848,-1.47601414,1.23062015,-0.122251518,-1.25905812,-0.776822507,0.0825634748,-1.48047888,0.691703081,1.79369998,0.438461989,-1.2897526,0.531123459,-0.0761089772,-0.0633285493,-0.0550793819,-0.16476354,-0.0291936174,1.04511201,-1.71581519,0.668391585,0.169455677,0.00992967095,-0.0135240052,1.0614059,-1.67264938,0.763197899,0.0856913701
-0.104205117,-0.340368956,0.800853193,0.0987923816,-0.0184506942,-0.724041343,0.682395637,0,0,-0.501666188,-1.73017812,-1.46795154,1.22870493,-0.126196012,-1.25724828,-0.777164042,0.0624189228,-1.45944667,0.66343075,1.8095516,0.436191946,-1.28668797,0.534638226,-0.0787143484,-0.06666594,-0.0567414351,-0.165639877,-0.0356610082,1.04338014,-1.715855,0.66737026,0.169586569,0.00797939394,-0.0159853119,1.06041694,-1.67078912,0.764160335,0.0853275806
-0.104381524,-0.340182692,0.801002443,0.0995687395,-0.0199727286,-0.720422268,0.686060369,0,0,-0.502598584,-1.73466527,-1.46205533,1.22982025,-0.130338147,-1.25543034,-0.777337909,0.0506160483,-1.44960201,0.645142555,1.81768787,0.435549647,-1.28392828,0.536904752,-0.0806337595,-0.0683796778,-0.0571939647,-0.166210368,-0.0393290073,1.04336691,-1.71615422,0.666548848,0.16877605,0.00673504267,-0.0173125342,1.05961311,-1.66978168,0.765251815,0.0855540261
-0.104557939,-0.339996427,0.801151633,0.100342266,-0.0214943308,-0.716781735,0.689705372,0,0,-0.503531039,-1.73915231,-1.45615911,1.23093557,-0.134480283,-1.2536124,-0.777511775,0.03881317,-1.43975747,0.62685436,1.82582426,0.434907347,-1.2811687,0.539171338,-0.0825531781,-0.0700934157,-0.0576464944,-0.166780859,-0.0429970026,1.04335368,-1.71645331,0.665727437,0.167965531,0.00549069187,-0.0186397564,1.05880928,-1.66877413,0.766343355,0.0857804641
-0.104734346,-0.339810163,0.801300883,0.10111285,-0.0230153613,-0.713119745,0.693330169,0,0,-0.504463434,-1.74363947,-1.4502629,1.2320509,-0.138622418,-1.25179446,-0.777685642,0.0270102974,-1.42991281,0.608566225,1.83396065,0.434265047,-1.278409,0.541437864,-0.0844725892,-0.0718071535,-0.058099024,-0.167351365,-0.0466649979,1.04334056,-1.71675253,0.664906025,0.167155012,0.00424634106,-0.0199669767,1.05800545,-1.66776669,0.767434895,0.0860069096
-0.104910754,-0.339623898,0.801450133,0.101880446,-0.0245356914,-0.709436893,0.696934521,0,0,-0.505395889,-1.74812663,-1.44436669,1.23316622,-0.142764553,-1.2499764,-0.777859509,0.0152074201,-1.42006814,0.590278029,1.84209692,0.433622748,-1.27564943,0.54370445,-0.0863920003,-0.0735208839,-0.0585515536,-0.167921856,-0.050332997,1.04332733,-1.71705174,0.664084613,0.166344479,0.00300198956,-0.0212941989,1.05720162,-1.66675925,0.768526375,0.0862333551
-0.105087161,-0.339437634,0.801599324,0.10264498,-0.0260551851,-0.705733418,0.700518012,0,0,-0.506328285,-1.75261366,-1.43847048,1.23428154,-0.146906689,-1.24815845,-0.778033376,0.00340454304,-1.41022348,0.571989834,1.85023332,0.432980448,-1.27288973,0.545970976,-0.0883114114,-0.0752346218,-0.0590040833,-0.168492347,-0.0540009961,1.04331422,-1.71735096,0.663263202,0.16553396,0.00175763841,-0.0226214211,1.0563978,-1.6657517,0.769617915,0.0864598006
-0.105200306,-0.339284956,0.801687658,0.103282206,-0.0272305682,-0.702572823,0.7035501,0,0,-0.507871389,-1.75660825,-1.43221474,1.23524916,-0.151056796,-1.24627197,-0.778212607,-0.00560286455,-1.40313387,0.556613684,1.85657132,0.432882637,-1.27032983,0.547807753,-0.0899010971,-0.0765818506,-0.0594249554,-0.16895327,-0.0567380525,1.04365182,-1.71767342,0.662541032,0.164661989,0.000939425605,-0.0236920286,1.05596471,-1.66504562,0.770667136,0.0865319893
-0.105261423,-0.339159876,0.801725864,0.103815392,-0.0281232819,-0.69986248,0.706133127,0,0,-0.509916663,-1.76019788,-1.42566335,1.23609519,-0.15521349,-1.24432909,-0.778396308,-0.0123116411,-1.39830971,0.54363203,1.86143053,0.433232516,-1.26793432,0.549291074,-0.0912196487,-0.077627711,-0.0598197952,-0.1693241,-0.0587096214,1.04427803,-1.71801507,0.66190058,0.163739502,0.000471613894,-0.0245516263,1.05583644,-1.66458726,0.771681547,0.0864773393
-0.105322547,-0.339034796,0.801764071,0.104347028,-0.0290156044,-0.697141469,0.708705604,0,0,-0.511961937,-1.76378739,-1.41911197,1.23694122,-0.159370169,-1.24238622,-0.77858001,-0.0190204177,-1.39348555,0.530650318,1.86628973,0.433582425,-1.26553869,0.550774395,-0.0925382078,-0.0786735713,-0.0602146313,-0.169694915,-0.0606811941,1.04490423,-1.71835673,0.661260128,0.162817016,3.80219581E-06,-0.0254112259,1.05570829,-1.66412878,0.772695959,0.0864226893
-0.105383664,-0.338909715,0.801802278,0.104877092,-0.0299074911,-0.694409907,0.711267352,0,0,-0.514007211,-1.76737702,-1.41256058,1.23778725,-0.163526848,-1.24044335,-0.778763711,-0.0257291943,-1.38866138,0.517668664,1.87114906,0.433932304,-1.26314318,0.552257776,-0.0938567594,-0.0797194242,-0.0606094711,-0.170065746,-0.0626527667,1.04553032,-1.7186985,0.660619617,0.161894515,-0.000464009499,-0.0262708254,1.05558014,-1.66367042,0.77371037,0.0863680467
-0.105444789,-0.338784635,0.801840484,0.105405562,-0.0307989046,-0.691667914,0.713818431,0,0,-0.516052485,-1.77096665,-1.4060092,1.23863328,-0.167683527,-1.23850048,-0.778947413,-0.0324379727,-1.38383722,0.504687011,1.87600827,0.434282213,-1.26074755,0.553741097,-0.095175311,-0.0807652846,-0.0610043108,-0.170436561,-0.0646243393,1.04615653,-1.71904016,0.659979165,0.160972029,-0.00093182124,-0.0271304231,1.05545187,-1.66321206,0.774724841,0.0863133967
-0.105500594,-0.338661224,0.801873684,0.105916776,-0.0316694453,-0.689042866,0.716239274,0,0,-0.518159211,-1.77456713,-1.39943266,1.23948741,-0.171838254,-1.23655164,-0.779137075,-0.0390910879,-1.37905347,0.4921287,1.88073194,0.434680402,-1.25837409,0.555188596,-0.0964714661,-0.0818256289,-0.0613908693,-0.170795292,-0.0664451942,1.04679275,-1.71936309,0.659328103,0.160053208,-0.0013641956,-0.0279583354,1.05532956,-1.6627847,0.775764346,0.086266607
-0.105504639,-0.338554084,0.801858604,0.106274821,-0.0323414393,-0.687651098,0.71749264,0,0,-0.520864606,-1.77827382,-1.39261055,1.24042082,-0.175973922,-1.23454452,-0.779384851,-0.0452021919,-1.37466431,0.483693331,1.88413513,0.435548782,-1.25621557,0.556286693,-0.0975494981,-0.0830270424,-0.0616968013,-0.171036333,-0.0667983517,1.04752779,-1.7195034,0.658574164,0.159170061,-0.00145147345,-0.0284776706,1.05526471,-1.66265893,0.777048051,0.0862963721
-0.105508685,-0.338446975,0.801843584,0.106632449,-0.0330133066,-0.686256528,0.718743145,0,0,-0.523569942,-1.78198063,-1.38578844,1.24135423,-0.18010959,-1.23253739,-0.779632568,-0.0513132922,-1.37027526,0.475257963,1.88753831,0.436417192,-1.25405705,0.557384789,-0.09862753,-0.0842284486,-0.0620027333,-0.171277359,-0.0671515018,1.04826283,-1.71964383,0.657820225,0.158286914,-0.0015387513,-0.0289970059,1.05519986,-1.66253328,0.778331757,0.0863261372
-0.105512731,-0.338339835,0.801828504,0.106989644,-0.0336850435,-0.684859157,0.71999073,0,0,-0.526275337,-1.78568733,-1.37896633,1.24228764,-0.184245259,-1.23053014,-0.779880285,-0.0574243963,-1.36588609,0.466822565,1.8909415,0.437285572,-1.25189865,0.558482826,-0.099705562,-0.0854298547,-0.0623086654,-0.1715184,-0.0675046593,1.048998,-1.71978426,0.657066286,0.157403767,-0.00162602914,-0.0295163412,1.05513501,-1.66240764,0.779615462,0.0863558948
-0.105516784,-0.338232696,0.801813424,0.107346386,-0.0343566388,-0.683458865,0.721235335,0,0,-0.528980732,-1.78939402,-1.37214422,1.24322104,-0.188380927,-1.22852302,-0.780128062,-0.0635354966,-1.36149693,0.458387196,1.89434469,0.438153982,-1.24974012,0.559580922,-0.100783594,-0.0866312608,-0.0626145974,-0.171759441,-0.0678578094,1.04973304,-1.71992457,0.656312346,0.15652062,-0.00171330699,-0.0300356764,1.05507004,-1.66228199,0.780899167,0.0863856599
-0.10552083,-0.338125557,0.801798344,0.107702695,-0.0350280851,-0.682055891,0.722477019,0,0,-0.531686127,-1.79310083,-1.36532211,1.24415445,-0.192516595,-1.22651589,-0.780375779,-0.0696465969,-1.35710776,0.449951828,1.89774787,0.439022392,-1.2475816,0.560679018,-0.101861618,-0.0878326669,-0.0629205331,-0.172000468,-0.0682109669,1.05046809,-1.720065,0.655558407,0.155637473,-0.00180058484,-0.0305550117,1.05500519,-1.66215622,0.782182872,0.0864154249
-0.105429813,-0.33803162,0.80171299,0.107877485,-0.0353426859,-0.681368589,0.723083854,0,0,-0.534132779,-1.79600501,-1.35976589,1.24493396,-0.196669549,-1.22455895,-0.780683517,-0.074421525,-1.35465896,0.444075882,1.90038204,0.440126359,-1.24554491,0.56161046,-0.102737688,-0.088687852,-0.0631981939,-0.172187731,-0.06824366,1.05140972,-1.72018266,0.654627979,0.154779583,-0.00191099348,-0.0308391806,1.05507112,-1.6621958,0.783557534,0.0863971859
-0.105284743,-0.337945163,0.80158776,0.107949227,-0.0354544297,-0.681089163,0.723330855,0,0,-0.536432266,-1.79845273,-1.35492969,1.24562597,-0.200832337,-1.22263062,-0.78102535,-0.0784366205,-1.35331357,0.439655364,1.90257895,0.441364288,-1.2435776,0.562447071,-0.103498913,-0.0893461555,-0.0634597838,-0.172344401,-0.068094112,1.05246902,-1.72028744,0.653597057,0.153936043,-0.00203455565,-0.0309896171,1.05521142,-1.66232944,0.784983993,0.0863516554
-0.105139665,-0.337858737,0.801462531,0.108020954,-0.0355661623,-0.680809796,0.723577678,0,0,-0.538731754,-1.80090058,-1.35009336,1.24631798,-0.20499514,-1.22070241,-0.781367183,-0.0824517161,-1.35196817,0.435234874,1.90477586,0.442602217,-1.24161017,0.563283682,-0.104260132,-0.0900044516,-0.0637213662,-0.172501072,-0.0679445639,1.05352831,-1.72039223,0.652566195,0.153092504,-0.00215811795,-0.0311400555,1.05535173,-1.66246295,0.786410391,0.0863061175
-0.104994595,-0.33777228,0.801337302,0.108092658,-0.0356778912,-0.68053025,0.723824441,0,0,-0.541031301,-1.80334842,-1.34525704,1.24700999,-0.209157929,-1.21877408,-0.781709075,-0.0864668116,-1.35062265,0.430814356,1.90697277,0.443840146,-1.23964286,0.564120293,-0.105021358,-0.0906627476,-0.0639829561,-0.172657743,-0.0677950159,1.05458748,-1.72049689,0.651535332,0.152248964,-0.00228168024,-0.0312904939,1.05549204,-1.66259658,0.78783685,0.086260587
-0.104849525,-0.337685823,0.801212013,0.108164325,-0.0357896052,-0.680250525,0.724071026,0,0,-0.543330789,-1.80579615,-1.34042072,1.247702,-0.213320732,-1.21684575,-0.782050908,-0.0904819071,-1.34927726,0.426393867,1.90916955,0.445078075,-1.23767543,0.564956903,-0.105782576,-0.0913210511,-0.064244546,-0.172814414,-0.0676454753,1.05564678,-1.72060168,0.65050447,0.151405424,-0.0024052423,-0.0314409323,1.05563235,-1.6627301,0.789263248,0.086215049
-0.104710616,-0.3375974,0.801028848,0.108273283,-0.0357924253,-0.680162191,0.724137604,0,0,-0.545568168,-1.80808818,-1.33649147,1.24891782,-0.217289761,-1.21518767,-0.782382488,-0.0930882096,-1.34934711,0.423242867,1.91098475,0.446246773,-1.23592353,0.565696537,-0.106347196,-0.0919656307,-0.0644383207,-0.172961116,-0.0674085319,1.05685067,-1.72084677,0.649491131,0.150536388,-0.00253260112,-0.0315379575,1.05591428,-1.66301739,0.790690839,0.086117357
-0.104599468,-0.337500006,0.800585091,0.108549863,-0.0353052542,-0.680934489,0.723393917,0,0,-0.547525823,-1.80967927,-1.3366431,1.25249088,-0.220386982,-1.21474516,-0.782667816,-0.0893560797,-1.35578501,0.425803691,1.91108215,0.447103947,-1.23514044,0.565999568,-0.106027246,-0.0925485119,-0.0643269792,-0.17306295,-0.0667783543,1.05870509,-1.72172296,0.648556471,0.149552613,-0.00267704134,-0.0313946791,1.05683303,-1.66399622,0.792123437,0.0857850015
-0.104488321,-0.337402612,0.800141335,0.108826287,-0.0348180309,-0.681705832,0.722649217,0,0,-0.549483478,-1.81127036,-1.33679461,1.25606394,-0.223484218,-1.21430278,-0.782953143,-0.0856239498,-1.36222291,0.428364515,1.91117942,0.447961122,-1.23435736,0.566302657,-0.105707288,-0.0931314006,-0.0642156377,-0.173164785,-0.0661481842,1.06055963,-1.72259927,0.64762181,0.148568839,-0.00282148179,-0.031251397,1.05775189,-1.66497505,0.793556035,0.0854526386
-0.104377173,-0.337305218,0.799697578,0.109102555,-0.0343307555,-0.682476163,0.721903384,0,0,-0.551441133,-1.81286144,-1.33694625,1.259637,-0.226581454,-1.21386027,-0.78323853,-0.0818918273,-1.36866081,0.430925339,1.91127682,0.448818296,-1.23357439,0.566605687,-0.105387338,-0.0937142819,-0.0641042963,-0.173266619,-0.0655180067,1.06241405,-1.72347546,0.64668721,0.147585064,-0.002965922,-0.0311081186,1.05867076,-1.66595387,0.794988573,0.0851202831
-0.104266025,-0.337207824,0.799253821,0.109378643,-0.0338434279,-0.68324548,0.721156538,0,0,-0.553398788,-1.81445253,-1.33709776,1.26321006,-0.229678676,-1.21341777,-0.783523858,-0.0781596974,-1.37509871,0.433486164,1.91137421,0.449675471,-1.2327913,0.566908717,-0.10506738,-0.0942971632,-0.0639929548,-0.173368469,-0.0648878366,1.06426847,-1.72435176,0.645752549,0.14660129,-0.00311036222,-0.0309648402,1.05958962,-1.6669327,0.79642117,0.0847879201
-0.104154877,-0.33711043,0.798810065,0.109654583,-0.0333560556,-0.684013784,0.720408559,0,0,-0.555356443,-1.81604362,-1.3372494,1.26678324,-0.232775912,-1.21297526,-0.783809185,-0.0744275674,-1.3815366,0.436046988,1.91147161,0.450532645,-1.23200822,0.567211807,-0.104747429,-0.0948800445,-0.0638816133,-0.173470303,-0.0642576665,1.06612301,-1.72522795,0.644817889,0.145617515,-0.00325480243,-0.03082156,1.06050849,-1.66791153,0.797853768,0.0844555646
-0.10393741,-0.336981982,0.797915161,0.108873256,-0.0313053206,-0.686236203,0.718502939,0,0,-0.556914389,-1.81709278,-1.34020805,1.2690655,-0.235450223,-1.2128036,-0.784121513,-0.0646875873,-1.40144432,0.44509092,1.90592933,0.451455265,-1.23114073,0.567017138,-0.103454813,-0.0923448876,-0.0621080585,-0.173538476,-0.062528424,1.06910062,-1.72735524,0.644168079,0.145408437,-0.00327368546,-0.0292788371,1.06239974,-1.67080593,0.799940288,0.0843838677
-0.103679866,-0.336841851,0.796850204,0.107691258,-0.0286644101,-0.688994646,0.716147721,0,0,-0.558321655,-1.81793773,-1.34422517,1.27086115,-0.237965092,-1.21273386,-0.784443974,-0.0526825041,-1.42643046,0.456579149,1.89826083,0.452402592,-1.23024142,0.566634774,-0.101795487,-0.0886341482,-0.0597078167,-0.173593953,-0.0603848025,1.07250154,-1.72995424,0.643625617,0.145491436,-0.00324523053,-0.0272084922,1.06465781,-1.67442274,0.802273333,0.0844104514
-0.103422321,-0.336701721,0.795785189,0.106506877,-0.0260227621,-0.691738248,0.713776767,0,0,-0.559728861,-1.81878269,-1.34824216,1.2726568,-0.240479961,-1.21266413,-0.784766495,-0.0406774208,-1.45141673,0.468067378,1.89059222,0.453349888,-1.2293421,0.56625247,-0.100136161,-0.0849234164,-0.0573075749,-0.173649445,-0.0582411848,1.07590258,-1.73255312,0.643083155,0.145574436,-0.00321677583,-0.0251381472,1.06691575,-1.67803943,0.804606378,0.084437035
-0.103164777,-0.336561561,0.794720173,0.105320208,-0.0233805589,-0.694467008,0.711390615,0,0,-0.561136127,-1.81962752,-1.35225916,1.27445245,-0.24299483,-1.21259451,-0.785088956,-0.0286723375,-1.47640288,0.479555607,1.8829236,0.454297185,-1.22844279,0.565870106,-0.098476842,-0.0812126845,-0.0549073331,-0.173704922,-0.0560975671,1.07930362,-1.73515213,0.642540693,0.145657435,-0.0031883209,-0.0230678022,1.06917381,-1.68165612,0.806939423,0.0844636187
-0.102907233,-0.33642143,0.793655157,0.104131334,-0.0207379665,-0.697180748,0.708989203,0,0,-0.562543333,-1.82047248,-1.35627627,1.2762481,-0.245509699,-1.21252477,-0.785411417,-0.0166672524,-1.50138915,0.491043836,1.87525511,0.455244511,-1.22754347,0.565487802,-0.0968175083,-0.0775019452,-0.0525070913,-0.173760414,-0.0539539494,1.08270466,-1.73775101,0.641998231,0.145740435,-0.00315986597,-0.0209974572,1.07143176,-1.68527281,0.809272408,0.0844902024
-0.103028394,-0.33621636,0.79255563,0.102951914,-0.0177428275,-0.700503349,0.705961227,0,0,-0.563045859,-1.82128847,-1.36145329,1.27815402,-0.247903153,-1.21254766,-0.785721183,-0.00382351689,-1.52504504,0.506426871,1.86390758,0.45645377,-1.22688699,0.564662039,-0.0948069766,-0.0730176419,-0.0492793992,-0.173704073,-0.0514663123,1.08652449,-1.74056053,0.641698599,0.145368189,-0.00304428418,-0.0181106925,1.07376552,-1.68895793,0.811644435,0.0842218548
-0.104170546,-0.335836262,0.791362941,0.101798669,-0.0137963882,-0.705475509,0.701249659,0,0,-0.561109185,-1.82202649,-1.36975741,1.28035724,-0.249969304,-1.21281981,-0.785996556,0.0112812212,-1.54511464,0.532310247,1.84264183,0.458369285,-1.2268852,0.562640846,-0.0918495804,-0.0664478019,-0.043820899,-0.173346266,-0.048051212,1.09147346,-1.74393749,0.642053664,0.143768638,-0.0026938091,-0.0130228708,1.07630336,-1.69282711,0.814121604,0.0831583589
-0.105312705,-0.335456163,0.790170252,0.100638703,-0.0098483339,-0.710403502,0.696492314,0,0,-0.559172451,-1.82276452,-1.37806153,1.28256047,-0.252035469,-1.21309197,-0.78627193,0.0263859574,-1.56518412,0.558193624,1.82137609,0.460284799,-1.22688341,0.560619652,-0.0888921842,-0.0598779619,-0.0383623987,-0.172988474,-0.044636108,1.09642243,-1.74731445,0.642408788,0.142169073,-0.00234333402,-0.00793504994,1.07884109,-1.69669628,0.816598773,0.0820948556
-0.106454857,-0.335076034,0.788977563,0.0994722471,-0.00589942141,-0.715286493,0.691690385,0,0,-0.557235777,-1.82350254,-1.38636577,1.28476381,-0.254101604,-1.21336412,-0.786547244,0.0414906964,-1.58525372,0.584076941,1.80011034,0.462200314,-1.22688162,0.558598459,-0.085934788,-0.0533081219,-0.0329038985,-0.172630668,-0.0412210077,1.10137141,-1.75069141,0.642763853,0.140569508,-0.00199285895,-0.0028472289,1.08137894,-1.70056546,0.819075882,0.0810313597
-0.107597016,-0.334695935,0.787784874,0.0982995406,-0.00195040565,-0.720123529,0.686844647,0,0,-0.555299103,-1.82424057,-1.39466989,1.28696704,-0.25616774,-1.21363628,-0.786822617,0.0565954335,-1.60532331,0.609960318,1.77884459,0.464115828,-1.22687984,0.556577265,-0.0829773918,-0.0467382818,-0.0274454001,-0.172272861,-0.0378059037,1.10632038,-1.75406849,0.643118978,0.138969958,-0.00164238387,0.00224059308,1.08391666,-1.70443463,0.821553051,0.0799678639
-0.108739167,-0.334315836,0.786592185,0.0971207768,0.00199795607,-0.724913538,0.681955934,0,0,-0.553362429,-1.82497859,-1.40297401,1.28917027,-0.258233905,-1.21390831,-0.787097991,0.0717001706,-1.62539279,0.635843694,1.75757885,0.466031343,-1.22687805,0.554556072,-0.0800199956,-0.0401684418,-0.0219869018,-0.171915054,-0.0343908034,1.11126935,-1.75744545,0.643474042,0.137370393,-0.00129190891,0.00732841343,1.08645451,-1.70830381,0.824030161,0.078904368
-0.109692805,-0.333944172,0.785855889,0.0964434594,0.00500271283,-0.729065537,0.677596509,0,0,-0.550766826,-1.82475209,-1.41096115,1.2916795,-0.259982586,-1.21447742,-0.787380397,0.0890289322,-1.63974595,0.667830944,1.73220944,0.467834771,-1.22678173,0.552544177,-0.0779580325,-0.0352660306,-0.017946871,-0.171610996,-0.0314628296,1.11543202,-1.75929964,0.643655717,0.136015058,-0.00130051991,0.0122719668,1.08836889,-1.71047258,0.825391054,0.0781123266
-0.110603631,-0.333574444,0.785223186,0.0958770663,0.00779352756,-0.733051658,0.673336565,0,0,-0.548021555,-1.82430649,-1.41887629,1.29425824,-0.261659175,-1.21511388,-0.787664354,0.106862791,-1.65280068,0.701204419,1.70590818,0.469612747,-1.22666383,0.550534427,-0.076099433,-0.0307423081,-0.0142289894,-0.171319142,-0.0286454856,1.11941636,-1.76080811,0.643797994,0.13471517,-0.00139068277,0.0171827562,1.09014165,-1.71225524,0.826498449,0.0773819387
-0.111514457,-0.333204716,0.784590483,0.0953065753,0.0105842277,-0.737007201,0.669047832,0,0,-0.545276284,-1.82386088,-1.42679131,1.29683685,-0.263335794,-1.21575034,-0.78794837,0.124696642,-1.66585553,0.734577894,1.6796068,0.471390724,-1.22654605,0.548524618,-0.074240841,-0.0262185875,-0.0105111068,-0.171027273,-0.0258281454,1.12340057,-1.76231647,0.64394027,0.133415297,-0.00148084573,0.0220935438,1.09191442,-1.7140379,0.827605844,0.0766515508
-0.112425283,-0.332835019,0.783957839,0.0947320908,0.0133744627,-0.74093169,0.664731026,0,0,-0.542531073,-1.8234154,-1.43470645,1.29941559,-0.265012383,-1.2163868,-0.788232386,0.142530501,-1.67891026,0.767951369,1.65330553,0.473168701,-1.22642827,0.546514869,-0.0723822415,-0.0216948651,-0.00679322425,-0.170735419,-0.0230108034,1.12738478,-1.76382482,0.644082546,0.132115424,-0.00157100859,0.0270043332,1.0936873,-1.71582043,0.828713238,0.075921163
-0.113336109,-0.332465291,0.783325136,0.0941536501,0.0161638781,-0.744824529,0.660386503,0,0,-0.539785802,-1.82296979,-1.44262159,1.3019942,-0.266688973,-1.21702325,-0.788516343,0.16036436,-1.6919651,0.801324785,1.62700415,0.474946678,-1.22631037,0.54450506,-0.070523642,-0.0171711445,-0.00307534309,-0.170443565,-0.0201934613,1.13136899,-1.76533329,0.644224823,0.130815551,-0.00166117144,0.0319151208,1.09546006,-1.71760309,0.829820633,0.0751907751
-0.113902561,-0.332254201,0.782905757,0.0937418118,0.0184059273,-0.748102903,0.656670272,0,0,-0.537769437,-1.82155478,-1.4493084,1.30395985,-0.268300295,-1.21754849,-0.788821638,0.177226618,-1.70337832,0.834150672,1.60222971,0.476623684,-1.22632289,0.542708814,-0.0691608638,-0.0137824416,-0.000500759576,-0.170289442,-0.0175774451,1.13464928,-1.76603985,0.644302309,0.130050823,-0.00183039729,0.0361502245,1.09694028,-1.71878421,0.830542386,0.0749098435
-0.113854893,-0.332326084,0.782866657,0.0936319157,0.0196733885,-0.750325739,0.654108167,0,0,-0.537052929,-1.81841099,-1.45380497,1.3048321,-0.269795179,-1.21787548,-0.789164841,0.192356199,-1.71186388,0.866000056,1.58017802,0.478120625,-1.22656775,0.541293323,-0.0686822906,-0.0124178482,3.49505099E-05,-0.170380935,-0.0153204594,1.1366744,-1.76531637,0.644264281,0.130240425,-0.0021406177,0.0391803645,1.09789884,-1.71889281,0.830576479,0.0754304454
-0.113807224,-0.332397938,0.782827616,0.0935207754,0.0209406335,-0.752538741,0.651537299,0,0,-0.536336422,-1.81526721,-1.45830154,1.30570436,-0.271290094,-1.21820247,-0.789508045,0.20748578,-1.72034955,0.897849441,1.55812633,0.479617566,-1.2268126,0.539877832,-0.0682037175,-0.0110532548,0.000570660573,-0.170472428,-0.0130634736,1.13869953,-1.76459289,0.644226313,0.130430043,-0.00245083822,0.0422105007,1.0988574,-1.71900141,0.830610514,0.0759510398
-0.113759555,-0.332469821,0.782788575,0.0934084207,0.0222076196,-0.754741967,0.648957968,0,0,-0.535619915,-1.81212354,-1.46279812,1.30657673,-0.272785008,-1.21852934,-0.789851248,0.222615376,-1.72883523,0.929698825,1.53607464,0.481114507,-1.22705746,0.538462281,-0.0677251443,-0.00968866143,0.00110637071,-0.170563921,-0.010806486,1.14072466,-1.7638694,0.644188285,0.13061966,-0.00276105874,0.0452406406,1.09981585,-1.71911001,0.830644608,0.0764716417
-0.113711886,-0.332541674,0.782749474,0.0932948366,0.023474291,-0.756935179,0.646370053,0,0,-0.534903347,-1.80897975,-1.46729469,1.30744898,-0.274279892,-1.21885633,-0.790194452,0.237744957,-1.73732078,0.961548209,1.51402295,0.482611448,-1.22730231,0.53704679,-0.0672465712,-0.00832406804,0.00164208072,-0.1706554,-0.00854950026,1.14274967,-1.76314592,0.644150317,0.130809262,-0.00307127903,0.0482707769,1.10077441,-1.71921861,0.830678642,0.0769922435
-0.113664217,-0.332613558,0.782710433,0.0931800231,0.0247405991,-0.759118378,0.643773794,0,0,-0.53418684,-1.80583596,-1.47179115,1.30832124,-0.275774807,-1.21918333,-0.790537655,0.252874553,-1.74580646,0.993397593,1.49197137,0.484108388,-1.22754717,0.535631299,-0.0667679906,-0.00695947418,0.00217779074,-0.170746893,-0.00629251357,1.14477479,-1.76242244,0.644112289,0.13099888,-0.00338149955,0.0513009168,1.10173297,-1.71932721,0.830712736,0.0775128379
-0.113348417,-0.332631946,0.783286691,0.0911528543,0.0250579342,-0.761096358,0.641713083,0,0,-0.532406628,-1.79992592,-1.47186005,1.32433808,-0.2767573,-1.21827507,-0.792120397,0.265373051,-1.75160825,1.01625896,1.47613442,0.485290229,-1.22731256,0.535378158,-0.0698148683,-0.00548616704,0.00168815907,-0.169883713,-0.00336845522,1.14498806,-1.75941586,0.642721295,0.131251991,-0.00263290061,0.0541574582,1.10124087,-1.71807921,0.830513656,0.0783277377
-0.113004021,-0.332644671,0.783928573,0.0889206156,0.0252737999,-0.763043761,0.639701962,0,0,-0.530512929,-1.79372084,-1.47145677,1.34196973,-0.277685165,-1.21723521,-0.793835282,0.27759102,-1.75712395,1.03816175,1.46096027,0.486438453,-1.22702682,0.535248995,-0.0732376724,-0.00400126725,0.00108919223,-0.168918714,-0.000373265269,1.14500809,-1.75616574,0.641185999,0.131511867,-0.00177139672,0.0569954924,1.10059392,-1.71668661,0.830289721,0.0791740268
-0.112659626,-0.332657367,0.784570396,0.0866871923,0.0254893452,-0.764981389,0.637682617,0,0,-0.52861923,-1.78751588,-1.47105348,1.3596015,-0.278613061,-1.21619534,-0.795550168,0.289808989,-1.76263964,1.06006467,1.445786,0.487586677,-1.22674108,0.535119772,-0.0766604766,-0.00251636724,0.000490225386,-0.16795373,0.0026219252,1.14502811,-1.75291562,0.639650702,0.131771743,-0.000909892784,0.0598335229,1.09994709,-1.71529388,0.830065787,0.0800203085
-0.11231523,-0.332670093,0.785212278,0.0844526589,0.0257045645,-0.766909242,0.635655046,0,0,-0.526725531,-1.7813108,-1.4706502,1.37723315,-0.279540926,-1.21515536,-0.797265053,0.302026927,-1.76815534,1.08196759,1.43061185,0.488734901,-1.22645521,0.534990549,-0.0800832808,-0.00103146781,-0.000108741304,-0.16698873,0.00561711472,1.14504814,-1.74966562,0.638115406,0.132031634,-4.83891527E-05,0.0626715571,1.09930027,-1.71390128,0.829841912,0.0808665901
-0.111970842,-0.332682818,0.785854161,0.0822171122,0.0259194467,-0.76882714,0.633619368,0,0,-0.524831831,-1.77510571,-1.47024679,1.3948648,-0.280468792,-1.2141155,-0.798979938,0.314244896,-1.77367103,1.10387051,1.41543758,0.489883125,-1.22616947,0.534861386,-0.083506085,0.000453432207,-0.000707708183,-0.166023746,0.00861230493,1.14506817,-1.7464155,0.63658011,0.132291511,0.000813114806,0.0655095875,1.09865332,-1.71250868,0.829617977,0.0817128792
-0.111653559,-0.332729667,0.786544561,0.0803131461,0.0262445174,-0.770333767,0.632018268,0,0,-0.523135602,-1.76855898,-1.46909225,1.41306531,-0.281446725,-1.21261811,-0.800890088,0.324952453,-1.77832186,1.12339926,1.40225792,0.490931869,-1.22568429,0.535116374,-0.086325027,0.00126572861,-0.00161917973,-0.164317489,0.0112355631,1.14479136,-1.74288893,0.634821892,0.132376581,0.00240214448,0.0679087788,1.09821761,-1.71108472,0.829254031,0.0819918811
-0.111369699,-0.332818627,0.787294805,0.0788183361,0.0267056059,-0.771340668,0.63095808,0,0,-0.52168268,-1.7615912,-1.46701193,1.43196654,-0.282486379,-1.21055698,-0.803040802,0.333799034,-1.78190696,1.14000273,1.39153576,0.491858065,-1.22495329,0.535844803,-0.0883999094,0.00124928751,-0.00291569903,-0.161697909,0.01340055,1.14414883,-1.73902154,0.632789016,0.132246256,0.00488758273,0.0697672516,1.09804201,-1.70962226,0.828717589,0.0815719292
-0.11108584,-0.332907587,0.788045108,0.0773231685,0.0271665826,-0.772343993,0.629895091,0,0,-0.520229697,-1.75462329,-1.46493161,1.45086765,-0.283526003,-1.20849574,-0.805191457,0.342645586,-1.78549218,1.15660632,1.3808136,0.492784262,-1.22422218,0.536573172,-0.0904747993,0.00123284652,-0.00421221834,-0.159078315,0.0155655378,1.14350629,-1.73515415,0.63075614,0.132115945,0.00737302192,0.0716257244,1.09786654,-1.7081598,0.828181148,0.0811519772
-0.11080198,-0.332996547,0.788795352,0.0758276358,0.0276274346,-0.773343921,0.628829241,0,0,-0.518776715,-1.74765551,-1.46285129,1.46976888,-0.284565657,-1.20643461,-0.807342172,0.351492167,-1.7890774,1.17320979,1.37009132,0.493710458,-1.22349119,0.5373016,-0.0925496891,0.00121640542,-0.00550873764,-0.156458721,0.0177305248,1.14286375,-1.73128676,0.628723323,0.13198562,0.00985846017,0.0734841973,1.09769094,-1.70669734,0.827644706,0.0807320178
-0.110518113,-0.333085477,0.789545655,0.0743317604,0.0280881543,-0.774340272,0.62776041,0,0,-0.517323792,-1.74068773,-1.46077085,1.48867011,-0.285605282,-1.20437336,-0.809492886,0.360338718,-1.79266262,1.18981338,1.35936916,0.494636655,-1.2227602,0.538030028,-0.094624579,0.00119996432,-0.00680525694,-0.153839141,0.0198955126,1.14222109,-1.7274195,0.626690447,0.131855294,0.0123438993,0.0753426701,1.09751534,-1.705235,0.827108264,0.0803120658
-0.110234253,-0.333174437,0.790295899,0.0728355646,0.028548738,-0.775332987,0.626688719,0,0,-0.51587081,-1.73371983,-1.45869052,1.50757134,-0.286644936,-1.20231223,-0.811643541,0.369185299,-1.79624772,1.20641685,1.348647,0.495562881,-1.22202921,0.538758457,-0.0966994688,0.00118352333,-0.00810177624,-0.151219547,0.0220605005,1.14157856,-1.72355211,0.624657571,0.131724983,0.0148293385,0.0772011504,1.09733975,-1.70377254,0.826571822,0.0798921138
-0.109916888,-0.333236128,0.791350543,0.0692591593,0.0299151503,-0.776444018,0.625654042,0,0,-0.490791082,-1.70959496,-1.44405532,1.55026233,-0.285158157,-1.19885433,-0.815877974,0.377728343,-1.79858768,1.21206343,1.34107482,0.496383101,-1.22157669,0.539638638,-0.100173905,0.00302669918,-0.00644245278,-0.146770597,0.0243371073,1.1388756,-1.71830297,0.62228924,0.131680772,0.019233156,0.0793390423,1.09608746,-1.70230043,0.826363444,0.0796613172
-0.10959927,-0.33329764,0.792407572,0.0656653494,0.031288106,-0.77754283,0.624608874,0,0,-0.465529501,-1.6853379,-1.42932343,1.59313643,-0.283651978,-1.19538569,-0.820128381,0.386269063,-1.8009181,1.21762574,1.33352685,0.497202516,-1.22112644,0.540520072,-0.103659123,0.00488418946,-0.00476037711,-0.14230758,0.0266145766,1.13615692,-1.71304321,0.619918406,0.131637216,0.0236517414,0.08147908,1.09482682,-1.70082819,0.826157629,0.0794319808
-0.109281652,-0.333359122,0.793464601,0.0620703325,0.0326605625,-0.778628409,0.623553157,0,0,-0.440267891,-1.66108096,-1.41459155,1.63601053,-0.282145768,-1.19191706,-0.824378848,0.394809783,-1.80324841,1.22318792,1.32597899,0.49802193,-1.22067606,0.541401446,-0.107144333,0.00674167927,-0.0030783019,-0.137844563,0.0288920421,1.13343811,-1.70778334,0.617547512,0.131593674,0.028070325,0.0836191252,1.0935663,-1.69935596,0.825951815,0.0792026445
-0.108964026,-0.333420604,0.79452163,0.0584742799,0.0340324417,-0.779700577,0.622486651,0,0,-0.41500631,-1.63682401,-1.39985967,1.67888474,-0.280639589,-1.18844831,-0.828629315,0.403350532,-1.80557883,1.22875023,1.31843102,0.498841316,-1.22022581,0.542282879,-0.110629551,0.00859916955,-0.001396226,-0.133381531,0.0311695114,1.1307193,-1.70252359,0.615176678,0.131550118,0.0324889123,0.0857591704,1.09230566,-1.69788373,0.825746,0.0789733008
-0.108646408,-0.333482087,0.795578659,0.0548773855,0.0354036875,-0.780759394,0.621409535,0,0,-0.389744699,-1.61256695,-1.38512778,1.72175884,-0.279133379,-1.18497968,-0.832879722,0.411891252,-1.80790925,1.23431253,1.31088305,0.49966073,-1.21977544,0.543164253,-0.114114769,0.0104566598,0.000285849848,-0.128918514,0.0334469788,1.1280005,-1.69726384,0.612805843,0.131506577,0.0369074978,0.0878992155,1.09104502,-1.69641149,0.825540185,0.0787439644
-0.108273402,-0.333572865,0.796559572,0.0515600778,0.0371589959,-0.781552017,0.620594263,0,0,-0.363800079,-1.59084404,-1.36460125,1.75055158,-0.278060317,-1.18150139,-0.836739838,0.419458359,-1.80980182,1.23855269,1.30346251,0.500425994,-1.21925163,0.544222772,-0.116510697,0.011574694,0.0026480956,-0.123319097,0.0352159664,1.12475085,-1.69197619,0.610512495,0.130591527,0.0424529053,0.0897759199,1.08973575,-1.69514167,0.825535238,0.0774439871
-0.107852593,-0.333688885,0.797474742,0.0484838411,0.0392459445,-0.782114744,0.620004594,0,0,-0.337265879,-1.57130849,-1.33907294,1.76718986,-0.277361125,-1.17801464,-0.840262949,0.426185131,-1.81131649,1.24165189,1.296152,0.501144409,-1.21866429,0.545434117,-0.117966406,0.0120544545,0.00559744099,-0.116738781,0.0365460478,1.12104321,-1.68666434,0.608286142,0.128924206,0.0489709526,0.091425322,1.08838451,-1.69404638,0.82570374,0.0752198622
-0.107431784,-0.333804905,0.798389912,0.0454067923,0.0413323902,-0.782666087,0.619405925,0,0,-0.310731679,-1.55177295,-1.31354451,1.78382802,-0.276661962,-1.17452788,-0.84378612,0.432911873,-1.81283128,1.2447511,1.28884137,0.501862884,-1.21807706,0.546645403,-0.119422108,0.012534216,0.00854678638,-0.110158473,0.0378761329,1.11733544,-1.68135262,0.60605979,0.1272569,0.0554889962,0.0930747315,1.08703315,-1.69295108,0.825872242,0.0729957446
-0.107010975,-0.333920956,0.799305081,0.0423290692,0.0434182547,-0.783206165,0.618798316,0,0,-0.284197479,-1.53223741,-1.2880162,1.8004663,-0.27596277,-1.17104125,-0.847309232,0.439638615,-1.81434596,1.2478503,1.28153074,0.502581358,-1.21748972,0.547856748,-0.12087781,0.0130139766,0.0114961322,-0.103578158,0.0392062142,1.11362767,-1.67604089,0.603833437,0.125589594,0.0620070435,0.0947241336,1.08568192,-1.69185591,0.826040745,0.0707716197
-0.106590167,-0.334036976,0.800220251,0.0392508022,0.0455034263,-0.783734798,0.618181705,0,0,-0.25766328,-1.51270187,-1.26248789,1.81710458,-0.275263578,-1.1675545,-0.850832403,0.446365356,-1.81586075,1.25094938,1.27422011,0.503299832,-1.21690249,0.549068093,-0.122333512,0.0134937372,0.0144454772,-0.0969978496,0.0405362993,1.10991991,-1.67072904,0.601607084,0.123922281,0.0685250908,0.0963735357,1.08433056,-1.69076061,0.826209188,0.0685475022
-0.106170379,-0.334151268,0.801123202,0.0361097902,0.0475313179,-0.78425616,0.617559075,0,0,-0.231210768,-1.49367452,-1.23635781,1.83281243,-0.274605781,-1.1640662,-0.854323208,0.453001738,-1.81733251,1.25391197,1.26691461,0.503992021,-1.21630156,0.550321043,-0.123930909,0.0139150601,0.017479239,-0.0903648436,0.041809909,1.10620081,-1.66543746,0.599372804,0.122179985,0.0750870928,0.0980212539,1.0829767,-1.68967593,0.826291323,0.0662092566
-0.105762117,-0.334245652,0.801887512,0.0322615728,0.048917748,-0.784811139,0.616958559,0,0,-0.205684066,-1.4804064,-1.20340753,1.83797634,-0.274416924,-1.16055977,-0.857447207,0.458613992,-1.81831706,1.25532699,1.25966609,0.504386842,-1.21554565,0.552045703,-0.127134144,0.0136740804,0.0214697197,-0.083134681,0.0424435064,1.10235393,-1.66037393,0.597048044,0.119587801,0.0821472853,0.0996498689,1.08159292,-1.68871093,0.825394571,0.0625776276
-0.105353847,-0.334340036,0.802651763,0.0284125712,0.0503033996,-0.785352468,0.616347253,0,0,-0.180157363,-1.46713817,-1.17045736,1.84314013,-0.274228096,-1.15705335,-0.860571206,0.464226276,-1.81930161,1.25674188,1.25241756,0.504781663,-1.21478975,0.553770304,-0.130337372,0.0134330997,0.0254602022,-0.0759045109,0.0430771038,1.09850693,-1.65531039,0.594723284,0.116995625,0.0892074704,0.101278476,1.08020926,-1.68774581,0.824497879,0.058946006
-0.104945585,-0.33443442,0.803416073,0.0245629884,0.0516882055,-0.785880029,0.615725219,0,0,-0.154630661,-1.45387006,-1.13750708,1.84830403,-0.274039239,-1.15354693,-0.863695264,0.46983853,-1.82028627,1.25815678,1.24516892,0.505176485,-1.21403396,0.555494964,-0.133540601,0.01319212,0.0294506848,-0.0686743483,0.0437107049,1.09465992,-1.65024686,0.592398524,0.114403442,0.0962676629,0.102907084,1.07882559,-1.68678081,0.823601127,0.0553143807
-0.104537316,-0.334528834,0.804180384,0.0207130276,0.0530721024,-0.786394119,0.615092516,0,0,-0.129103974,-1.44060194,-1.1045568,1.85346782,-0.273850381,-1.15004051,-0.866819263,0.475450814,-1.82127082,1.25957179,1.2379204,0.505571306,-1.21327806,0.557219625,-0.136743829,0.0129511394,0.0334411673,-0.0614441782,0.0443443023,1.09081292,-1.64518332,0.590073764,0.111811265,0.103327855,0.104535691,1.07744181,-1.68581581,0.822704375,0.0516827516
-0.104129054,-0.334623218,0.804944694,0.016862886,0.0544550046,-0.786894321,0.614449084,0,0,-0.103577271,-1.42733383,-1.07160664,1.85863173,-0.273661524,-1.14653409,-0.869943261,0.481063068,-1.82225537,1.26098669,1.23067188,0.505966127,-1.21252215,0.558944225,-0.139947072,0.0127101596,0.0374316461,-0.0542140119,0.0449778996,1.08696592,-1.64011979,0.587749004,0.109219089,0.110388041,0.106164306,1.07605815,-1.68485081,0.821807623,0.0480511263
-0.10378141,-0.334677607,0.805561602,0.0132500213,0.0554512255,-0.786972106,0.614348829,0,0,-0.0792794898,-1.41795588,-1.04140937,1.86137402,-0.274282306,-1.14304495,-0.872538149,0.485397369,-1.82302451,1.26241946,1.22400808,0.506229043,-1.21165919,0.560913503,-0.143373996,0.0122374883,0.0404602215,-0.0472804718,0.0450808071,1.08364606,-1.63564801,0.585809827,0.106831677,0.116982959,0.10748671,1.07531011,-1.68408561,0.820656419,0.0441213287
-0.10347008,-0.334708095,0.806090176,0.00977898948,0.0562157631,-0.786794543,0.61457181,0,0,-0.0557176694,-1.41090763,-1.01286089,1.86266625,-0.275387913,-1.13956618,-0.87481612,0.488966346,-1.82366443,1.26386297,1.2176944,0.506412983,-1.2107321,0.563029349,-0.146934897,0.0116260638,0.0429127328,-0.0405245684,0.0448658951,1.08064187,-1.63153052,0.584101617,0.104566902,0.123299241,0.108625747,1.07494283,-1.68343997,0.819352806,0.0400129668
-0.103158742,-0.334738553,0.80661881,0.00630773604,0.0569796115,-0.786607027,0.614787042,0,0,-0.0321558528,-1.4038595,-0.984312356,1.86395836,-0.276493549,-1.1360873,-0.87709403,0.492535323,-1.82430446,1.26530647,1.21138084,0.506596923,-1.20980513,0.565145135,-0.150495797,0.0110146403,0.0453652442,-0.033768665,0.0446509868,1.07763767,-1.62741303,0.582393408,0.102302127,0.129615515,0.109764785,1.07457542,-1.68279433,0.818049192,0.0359046012
-0.102847412,-0.334769011,0.807147443,0.00283639203,0.0577427261,-0.786409378,0.614994407,0,0,-0.00859403051,-1.39681125,-0.955763876,1.86525059,-0.277599156,-1.13260853,-0.879372001,0.49610427,-1.82494438,1.26674998,1.20506716,0.506780863,-1.20887804,0.567260981,-0.154056698,0.0104032159,0.0478177592,-0.0270127635,0.0444360748,1.07463348,-1.62329566,0.580685139,0.100037351,0.135931805,0.110903814,1.07420814,-1.68214869,0.816745579,0.0317962356
-0.102536075,-0.334799469,0.807676017,-0.000634906988,0.0585050993,-0.786201715,0.615193963,0,0,0.0149677824,-1.389763,-0.927215397,1.8665427,-0.278704792,-1.12912965,-0.881649971,0.499673247,-1.82558441,1.26819336,1.1987536,0.506964803,-1.20795095,0.569376767,-0.157617599,0.00979179144,0.0502702706,-0.020256862,0.0442211665,1.07162929,-1.61917818,0.578976929,0.0977725759,0.142248079,0.112042852,1.07384086,-1.68150306,0.815441906,0.0276878718
-0.102259733,-0.33485502,0.808147907,-0.00377047574,0.0593100674,-0.785790384,0.615631104,0,0,0.0362881646,-1.38410842,-0.901511192,1.86779642,-0.279839933,-1.12593651,-0.883722961,0.503083467,-1.82618642,1.2694304,1.19281304,0.507106602,-1.20723236,0.571382463,-0.160785601,0.00926110055,0.0522280447,-0.0138049554,0.0438531414,1.06896329,-1.61538911,0.577325225,0.0956406221,0.148263559,0.113007531,1.07366753,-1.68101263,0.814299703,0.0238142498
-0.102154449,-0.335033089,0.808342338,-0.00526531739,0.0603265464,-0.784423828,0.617261827,0,0,0.0466494896,-1.38526726,-0.889713943,1.86886191,-0.281119525,-1.12413967,-0.884793997,0.505717635,-1.82660234,1.26965761,1.1886965,0.507042229,-1.20753276,0.572849691,-0.162032604,0.00912513677,0.0517669097,-0.00883937068,0.0427364968,1.06795049,-1.61320543,0.575950027,0.094158113,0.152808338,0.113119721,1.07444251,-1.68128049,0.813946724,0.0210883562
-0.102049164,-0.335211158,0.808536828,-0.00676015532,0.0613425821,-0.783051252,0.618887901,0,0,0.0570108108,-1.38642609,-0.877916694,1.86992741,-0.282399118,-1.12234282,-0.885865033,0.508351862,-1.82701826,1.26988482,1.18457997,0.506977916,-1.20783329,0.574316919,-0.163279608,0.00898917392,0.0513057783,-0.00387378666,0.0416198485,1.0669378,-1.61102188,0.574574769,0.0926755965,0.157353118,0.11323192,1.0752176,-1.68154836,0.813593686,0.0183624625
-0.10194388,-0.335389227,0.808731258,-0.00825495273,0.0623581484,-0.781672537,0.620509088,0,0,0.0673721358,-1.38758492,-0.866119444,1.87099302,-0.283678681,-1.1205461,-0.886936069,0.51098603,-1.8274343,1.27011204,1.18046355,0.506913543,-1.2081337,0.575784147,-0.164526612,0.00885321014,0.0508446433,0.00109179819,0.0405032039,1.06592512,-1.60883832,0.573199511,0.0911930874,0.161897883,0.113344111,1.0759927,-1.68181622,0.813240707,0.0156365689
-0.101838596,-0.335567325,0.808925688,-0.0097496761,0.0633732155,-0.780287683,0.622125387,0,0,0.0777334571,-1.38874376,-0.854322195,1.87205851,-0.284958273,-1.11874926,-0.888007104,0.513620198,-1.82785022,1.27033925,1.17634702,0.506849229,-1.2084341,0.577251434,-0.1657736,0.00871724635,0.0503835082,0.00605738163,0.0393865556,1.06491244,-1.60665464,0.571824312,0.0897105709,0.166442662,0.113456301,1.07676768,-1.68208408,0.812887669,0.0129106762
-0.101733312,-0.335745394,0.809120119,-0.0112442896,0.0643877685,-0.778896749,0.623736858,0,0,0.0880947858,-1.38990259,-0.842524946,1.873124,-0.286237836,-1.11695242,-0.88907814,0.516254365,-1.82826626,1.27056646,1.1722306,0.506784916,-1.20873463,0.578718662,-0.167020604,0.0085812835,0.0499223731,0.0110229664,0.038269911,1.06389976,-1.60447109,0.570449054,0.0882280543,0.170987442,0.1135685,1.07754278,-1.68235207,0.81253469,0.0101847826
-0.101442263,-0.33578679,0.80900526,-0.0122290142,0.0656076968,-0.775982738,0.627213657,0,0,0.0901428759,-1.39786625,-0.847801089,1.88114822,-0.287076354,-1.11522043,-0.889806092,0.517100275,-1.82857823,1.2725749,1.17074239,0.50667578,-1.20936334,0.579852462,-0.167356163,0.00951167755,0.0457186997,0.0150401695,0.0360139236,1.06360281,-1.6033783,0.56944716,0.0870882422,0.174717262,0.112756133,1.07899988,-1.68357074,0.812981427,0.0096367579
-0.101076856,-0.335773498,0.808766544,-0.0130094336,0.0669082627,-0.772438586,0.631421268,0,0,0.0888636038,-1.40855336,-0.859910846,1.89195776,-0.287738293,-1.11351418,-0.890396774,0.517230332,-1.8288486,1.27529621,1.17030621,0.506548762,-1.21012354,0.580852747,-0.167326927,0.010868879,0.0400170833,0.0186777841,0.033301916,1.06359231,-1.60272205,0.568594754,0.0860855952,0.178120911,0.111573711,1.08072984,-1.68517017,0.8137483,0.00996042136
-0.10071145,-0.335760176,0.808527827,-0.0137894796,0.068206735,-0.768868983,0.635608554,0,0,0.0875843391,-1.41924059,-0.872020602,1.90276718,-0.288400263,-1.11180806,-0.890987456,0.517360449,-1.82911909,1.27801764,1.16987002,0.506421804,-1.21088374,0.581853092,-0.167297676,0.0122260805,0.0343154669,0.0223153997,0.0305899102,1.06358182,-1.60206592,0.567742288,0.0850829408,0.18152456,0.110391296,1.08245993,-1.68676949,0.814515114,0.0102840848
-0.100346044,-0.335746884,0.808289111,-0.0145690776,0.069502987,-0.765274405,0.639775157,0,0,0.0863050744,-1.42992771,-0.884130299,1.91357672,-0.289062202,-1.11010182,-0.891578138,0.517490566,-1.82938945,1.28073895,1.16943383,0.506294787,-1.21164393,0.582853436,-0.167268425,0.0135832829,0.0286138505,0.0259530153,0.0278779045,1.06357133,-1.60140967,0.566889882,0.0840802938,0.184928194,0.109208882,1.08419001,-1.68836892,0.815281987,0.0106077483
-0.0999806374,-0.335733563,0.808050454,-0.0153481513,0.0707968846,-0.761655092,0.64392072,0,0,0.0850258097,-1.44061494,-0.896240056,1.92438614,-0.289724171,-1.10839558,-0.89216882,0.517620683,-1.82965982,1.28346026,1.16899765,0.506167769,-1.21240425,0.583853781,-0.167239174,0.0149404844,0.0229122341,0.0295906309,0.0251658987,1.06356084,-1.60075355,0.566037416,0.0830776468,0.188331842,0.10802646,1.0859201,-1.68996823,0.816048801,0.0109314118
-0.0997306556,-0.335776001,0.807647705,-0.014644471,0.0714840367,-0.757939219,0.648231328,0,0,0.07850153,-1.45384145,-0.911609471,1.93118441,-0.290402681,-1.10658193,-0.892675996,0.517511308,-1.82990575,1.28704023,1.16862237,0.506065965,-1.21322429,0.584798157,-0.166081756,0.0143537046,0.0167377014,0.0321031362,0.0225627702,1.06435025,-1.60107446,0.565645576,0.0821835399,0.190693274,0.106673509,1.08804011,-1.69184625,0.816872895,0.0114157768
-0.0998117253,-0.335978329,0.806774676,-0.00968801603,0.0704339892,-0.75397557,0.653043807,0,0,0.0569335632,-1.47435129,-0.936328232,1.92647767,-0.291128695,-1.10446,-0.892943621,0.516715109,-1.83008146,1.29308307,1.1684221,0.506036401,-1.21421647,0.585582078,-0.161688536,0.00819121394,0.00920675416,0.0313886106,0.0202719234,1.06743348,-1.60419822,0.566574633,0.0816007555,0.190065488,0.104831442,1.09127891,-1.69452357,0.81786108,0.0123610655
-0.0998927876,-0.336180657,0.805901647,-0.00472999411,0.0693791807,-0.749962389,0.65781492,0,0,0.0353655964,-1.49486125,-0.961047053,1.92177093,-0.29185468,-1.10233796,-0.893211186,0.51591897,-1.8302573,1.29912579,1.16822171,0.506006837,-1.21520853,0.586366057,-0.157295316,0.00202872418,0.00167580706,0.0306740832,0.0179810785,1.07051682,-1.60732198,0.56750375,0.0810179785,0.189437687,0.102989368,1.09451759,-1.69720089,0.818849266,0.0133063532
-0.0999738574,-0.336382955,0.805028617,0.00022863294,0.0683198273,-0.745900571,0.662543952,0,0,0.0137976287,-1.51537108,-0.985765815,1.91706419,-0.292580694,-1.10021603,-0.893478811,0.515122771,-1.83043301,1.30516851,1.16802132,0.505977273,-1.21620071,0.587149978,-0.152902097,-0.00413376605,-0.00585513981,0.0299595576,0.0156902317,1.07360017,-1.61044574,0.568432868,0.0804352015,0.188809887,0.101147301,1.09775627,-1.69987833,0.819837451,0.0142516419
-0.100054927,-0.336585283,0.804155588,0.00518690655,0.0672561601,-0.74179101,0.66723001,0,0,-0.00777034182,-1.53588104,-1.01048458,1.91235745,-0.293306708,-1.09809399,-0.893746436,0.514326632,-1.83060873,1.31121135,1.16782093,0.505947769,-1.21719277,0.587933898,-0.148508877,-0.0102962572,-0.0133860875,0.029245032,0.0133993849,1.07668352,-1.61356962,0.569361985,0.0798524171,0.188182101,0.0993052274,1.10099494,-1.70255566,0.820825636,0.0151969297
-0.100135989,-0.336787611,0.803282559,0.010143864,0.0661883429,-0.737634361,0.67187196,0,0,-0.0293383058,-1.55639088,-1.03520346,1.90765071,-0.294032723,-1.09597206,-0.89401406,0.513530433,-1.83078444,1.31725407,1.16762054,0.505918205,-1.21818483,0.588717818,-0.144115657,-0.016458746,-0.0209170338,0.0285305064,0.01110854,1.07976675,-1.61669338,0.570291042,0.0792696401,0.1875543,0.0974631608,1.10423374,-1.70523298,0.821813822,0.0161422174
-0.100004897,-0.337088168,0.802214086,0.0162375923,0.064794071,-0.733586729,0.676305056,0,0,-0.0546539165,-1.57445204,-1.05835235,1.88765454,-0.295509666,-1.09535038,-0.893622577,0.514031112,-1.8309108,1.32453406,1.1684587,0.50585711,-1.21907938,0.589473605,-0.139170125,-0.0241871085,-0.0268925317,0.025985349,0.00823870953,1.08344591,-1.6208539,0.571897566,0.0794538707,0.184934214,0.0948472396,1.10834575,-1.70805073,0.822810411,0.0182625018
-0.0998217091,-0.337412894,0.801097572,0.0226112157,0.0633152947,-0.729520082,0.680647075,0,0,-0.0808896422,-1.59191191,-1.08111584,1.86390471,-0.297170997,-1.09509718,-0.893069208,0.51485014,-1.83102512,1.3321178,1.16955185,0.505788207,-1.21994996,0.590222418,-0.134088978,-0.0322999209,-0.032486137,0.022990739,0.00522672897,1.08727121,-1.62526894,0.573670328,0.079826422,0.181824982,0.0920413136,1.11267221,-1.71090305,0.823809087,0.0206712689
-0.0996385291,-0.33773759,0.799981058,0.0289839879,0.0618313402,-0.725395679,0.684936345,0,0,-0.107125364,-1.60937178,-1.10387933,1.84015477,-0.298832327,-1.09484398,-0.892515898,0.515669167,-1.83113933,1.33970153,1.170645,0.505719364,-1.22082055,0.590971291,-0.129007831,-0.0404127352,-0.0380797461,0.0199961271,0.00221474795,1.09109652,-1.62968397,0.575443089,0.080198966,0.178715751,0.0892353952,1.11699867,-1.71375537,0.824807763,0.023080036
-0.0994553417,-0.338062286,0.798864543,0.0353544205,0.0603425801,-0.721214712,0.689172089,0,0,-0.133361086,-1.62683177,-1.12664282,1.81640482,-0.300493628,-1.09459066,-0.891962588,0.516488194,-1.83125353,1.34728527,1.17173815,0.50565052,-1.22169113,0.591720164,-0.123926684,-0.0485255495,-0.0436733514,0.0170015171,-0.000797233486,1.09492183,-1.63409901,0.57721591,0.0805715173,0.175606519,0.0864294767,1.12132514,-1.71660769,0.825806379,0.0254888032
-0.0992721543,-0.338386983,0.797748029,0.0417210236,0.0588493496,-0.716978014,0.693353295,0,0,-0.159596801,-1.64429164,-1.14940619,1.79265487,-0.302154958,-1.09433746,-0.891409278,0.517307222,-1.83136773,1.35486901,1.1728313,0.505581677,-1.22256172,0.592468977,-0.118845545,-0.05663836,-0.0492669567,0.0140069062,-0.00380921387,1.09874713,-1.63851404,0.578988671,0.0809440613,0.172497287,0.0836235583,1.1256516,-1.71945989,0.826805055,0.0278975703
-0.0991588011,-0.3387025,0.796826422,0.0467774048,0.057425227,-0.713351488,0.696881592,0,0,-0.18311891,-1.65962732,-1.1686517,1.7671473,-0.30411312,-1.09420085,-0.891060591,0.518552542,-1.83146811,1.36056983,1.17515111,0.505383849,-1.22304618,0.593513072,-0.115270182,-0.06236846,-0.053430181,0.0103473458,-0.00680916337,1.10212219,-1.64262319,0.580742776,0.0814653784,0.168738812,0.0808814317,1.12926269,-1.72149813,0.827493131,0.0303376354
-0.0991767198,-0.339000762,0.796271026,0.0493782759,0.0561366528,-0.710947514,0.699259698,0,0,-0.201539725,-1.67096984,-1.18128371,1.73833573,-0.30662936,-1.09428382,-0.891096652,0.520599186,-1.83154237,1.36273086,1.17977679,0.504943609,-1.22280478,0.595112264,-0.114525504,-0.0636193678,-0.0549044684,0.005437769,-0.00978649408,1.10465109,-1.64615726,0.582461715,0.082266368,0.163759828,0.0782592371,1.13152885,-1.72200596,0.82759726,0.0328365378
-0.0991946384,-0.339298993,0.79571569,0.0519783199,0.0548468977,-0.708529413,0.701624036,0,0,-0.219960555,-1.68231249,-1.19391572,1.70952427,-0.30914557,-1.09436667,-0.891132772,0.522645831,-1.83161664,1.36489177,1.18440235,0.504503369,-1.22256339,0.596711397,-0.113780826,-0.0648702756,-0.0563787594,0.000528192089,-0.0127638252,1.10717988,-1.64969134,0.584180653,0.0830673575,0.158780843,0.0756370425,1.1337949,-1.72251391,0.827701449,0.0353354439
-0.0992125571,-0.339597255,0.795160353,0.0545773655,0.0535560325,-0.706097066,0.703974485,0,0,-0.238381386,-1.69365501,-1.20654762,1.6807127,-0.31166181,-1.09444952,-0.891168833,0.524692476,-1.83169091,1.36705279,1.18902802,0.50406307,-1.22232199,0.59831059,-0.113036148,-0.0661211908,-0.0578530505,-0.00438138563,-0.0157411564,1.10970879,-1.65322542,0.585899591,0.0838683471,0.153801858,0.0730148479,1.13606107,-1.72302175,0.827805579,0.0378343463
-0.0992304683,-0.339895517,0.794604957,0.0571752638,0.0522641353,-0.703650832,0.706310928,0,0,-0.256802201,-1.70499754,-1.21917963,1.65190113,-0.31417802,-1.09453237,-0.891204894,0.52673912,-1.83176517,1.36921382,1.1936537,0.50362283,-1.22208059,0.599909723,-0.11229147,-0.0673720986,-0.0593273379,-0.00929096155,-0.0187184867,1.11223769,-1.6567595,0.58761853,0.0846693292,0.148822874,0.0703926533,1.13832724,-1.72352958,0.827909768,0.0403332487
-0.0992483869,-0.340193748,0.794049621,0.0597718582,0.0509712771,-0.70119065,0.708633125,0,0,-0.275223017,-1.71634018,-1.23181164,1.62308955,-0.31669426,-1.09461534,-0.891240954,0.528785765,-1.83183932,1.37137485,1.19827938,0.50318259,-1.22183919,0.601508915,-0.111546792,-0.0686230063,-0.060801629,-0.0142005393,-0.0216958188,1.11476648,-1.66029358,0.589337468,0.0854703188,0.143843889,0.0677704588,1.14059329,-1.72403741,0.828013957,0.0428321511
-0.0993362218,-0.340424806,0.793618143,0.0609946251,0.0504201166,-0.699742436,0.709998727,0,0,-0.289408028,-1.72408342,-1.23920417,1.59894633,-0.319595784,-1.09449875,-0.891728818,0.530159056,-1.83189046,1.37241352,1.20225084,0.502821565,-1.22106373,0.603380144,-0.111137316,-0.0670300126,-0.0609546863,-0.0189671591,-0.0235209968,1.11689973,-1.66343832,0.590974927,0.0863136798,0.138767272,0.0663781166,1.14159095,-1.72423029,0.828383803,0.0451258346
-0.0994325653,-0.340647668,0.793201745,0.0620501973,0.0499589555,-0.698414922,0.711245835,0,0,-0.303077996,-1.73138916,-1.24595952,1.57537079,-0.322544158,-1.09435797,-0.892271578,0.53145045,-1.83193874,1.37331581,1.20614278,0.502470195,-1.22022343,0.605284512,-0.110768601,-0.0650912523,-0.0609471053,-0.0237163976,-0.0252060927,1.1189847,-1.66653562,0.592602491,0.0871621892,0.133678764,0.0651353002,1.14243448,-1.72438478,0.828785956,0.0473945662
-0.0995289013,-0.340870559,0.792785347,0.0631054789,0.0494975559,-0.697084188,0.712489545,0,0,-0.316747993,-1.73869491,-1.25271499,1.55179513,-0.325492561,-1.0942173,-0.892814279,0.532741845,-1.83198702,1.37421799,1.21003473,0.502118826,-1.219383,0.60718888,-0.110399887,-0.063152492,-0.0609395243,-0.0284656361,-0.0268911887,1.12106979,-1.66963291,0.594230056,0.088010706,0.128590271,0.0638924912,1.14327788,-1.72453928,0.829188168,0.0496633016
-0.0996252373,-0.341093421,0.792368948,0.0641604885,0.0490359366,-0.695750296,0.713730097,0,0,-0.330417961,-1.74600065,-1.25947046,1.52821958,-0.328440934,-1.09407651,-0.893357038,0.534033298,-1.8320353,1.37512028,1.21392667,0.501767397,-1.2185427,0.609093249,-0.110031173,-0.0612137318,-0.0609319434,-0.0332148746,-0.0285762865,1.12315488,-1.67273033,0.595857561,0.0888592154,0.123501785,0.0626496747,1.14412129,-1.72469389,0.829590321,0.0519320332
-0.0997215733,-0.341316313,0.79195255,0.0652151704,0.04857409,-0.694413066,0.714967251,0,0,-0.344087958,-1.75330639,-1.26622581,1.50464404,-0.331389308,-1.09393573,-0.893899798,0.535324693,-1.83208358,1.37602246,1.21781862,0.501416028,-1.21770239,0.610997617,-0.109662451,-0.0592749715,-0.0609243661,-0.0379641131,-0.0302613825,1.12523985,-1.67582762,0.597485125,0.0897077322,0.118413284,0.061406862,1.14496469,-1.72484839,0.829992473,0.0542007647
-0.0997931957,-0.341498584,0.791544139,0.0662677512,0.0481171794,-0.693311393,0.715969861,0,0,-0.356325507,-1.75952959,-1.27286005,1.48450947,-0.334177047,-1.09411252,-0.894384444,0.536183774,-1.83212447,1.37716472,1.22149801,0.501073778,-1.21727705,0.612716436,-0.109241866,-0.057567168,-0.0611049794,-0.0423923135,-0.0315897465,1.12722588,-1.67874503,0.59902972,0.0906345025,0.113667309,0.0604598075,1.14565158,-1.72505915,0.830317378,0.0562977903
-0.0998328477,-0.341628283,0.79114598,0.0673178211,0.0476667881,-0.692516327,0.716671109,0,0,-0.366709739,-1.76435208,-1.27933729,1.46882701,-0.336756885,-1.09470022,-0.894793928,0.536483526,-1.83215582,1.37861764,1.22490251,0.500743389,-1.21738851,0.614195168,-0.108754151,-0.0561581738,-0.0615290776,-0.0464051515,-0.0324565731,1.12908363,-1.68142962,0.600466967,0.0916625261,0.109364487,0.0598954111,1.14613593,-1.72534251,0.830542326,0.0581726544
-0.0998724997,-0.341758013,0.790747821,0.0683677197,0.0472162776,-0.691719651,0.717370629,0,0,-0.377093971,-1.7691747,-1.28581464,1.45314467,-0.339336753,-1.09528792,-0.895203412,0.536783218,-1.83218718,1.38007045,1.22830701,0.500413001,-1.21749997,0.6156739,-0.108266443,-0.0547491796,-0.0619531721,-0.0504179895,-0.033323396,1.13094139,-1.68411422,0.601904213,0.0926905498,0.105061658,0.059331011,1.14662027,-1.72562599,0.830767214,0.0600475222
-0.0999121517,-0.341887742,0.790349662,0.0694174692,0.0467656553,-0.690921247,0.718068361,0,0,-0.387478232,-1.77399731,-1.29229188,1.43746221,-0.341916591,-1.0958755,-0.895612895,0.537082911,-1.83221853,1.38152337,1.23171139,0.500082612,-1.21761143,0.617152631,-0.107778735,-0.0533401854,-0.0623772703,-0.0544308238,-0.0341902226,1.13279915,-1.68679881,0.60334146,0.0937185735,0.100758836,0.0587666109,1.14710462,-1.72590947,0.830992162,0.0619223863
-0.0999517962,-0.342017472,0.789951503,0.0704670325,0.0463149175,-0.690121114,0.718764365,0,0,-0.397862464,-1.77881992,-1.29876912,1.42177975,-0.344496459,-1.0964632,-0.896022379,0.537382662,-1.83225,1.38297629,1.23511589,0.499752194,-1.21772289,0.618631363,-0.107291028,-0.0519311912,-0.0628013685,-0.0584436618,-0.0350570455,1.13465691,-1.68948352,0.604778707,0.0947465971,0.0964560062,0.0582022145,1.14758897,-1.72619283,0.831217051,0.0637972578
-0.0999914482,-0.342147171,0.789553344,0.0715164244,0.0458640717,-0.689319432,0.71945858,0,0,-0.408246726,-1.78364253,-1.30524647,1.40609729,-0.347076297,-1.09705091,-0.896431863,0.537682354,-1.83228135,1.3844291,1.23852038,0.499421775,-1.21783435,0.620110095,-0.106803313,-0.050522197,-0.0632254705,-0.0624564998,-0.0359238721,1.13651466,-1.69216812,0.606215894,0.0957746208,0.0921531767,0.0576378144,1.14807332,-1.72647631,0.831441998,0.0656721219
-0.100021861,-0.342086762,0.789472997,0.0714722499,0.0446728319,-0.689053416,0.719792664,0,0,-0.412981361,-1.78517747,-1.3174752,1.40061057,-0.349671185,-1.09850931,-0.89665401,0.535632551,-1.83230197,1.39010632,1.2436657,0.499211609,-1.21875966,0.621222615,-0.108052008,-0.0489764586,-0.0638307855,-0.0657922328,-0.0359536968,1.13708019,-1.69375694,0.607230663,0.0969021022,0.0886281431,0.0570888408,1.14719856,-1.72613144,0.831450343,0.0679740533
-0.100052088,-0.342022508,0.789399028,0.0714060143,0.0434666425,-0.688797116,0.720118403,0,0,-0.417602539,-1.78664649,-1.32981956,1.39532852,-0.352266371,-1.09998524,-0.896872401,0.5335356,-1.83232236,1.3958683,1.24884593,0.499003887,-1.21970141,0.622327864,-0.109335557,-0.0474279746,-0.0644397438,-0.0691143796,-0.035966713,1.13761961,-1.69532394,0.608236969,0.0980315804,0.0851187259,0.05654018,1.1462965,-1.72577381,0.831454337,0.0702845603
-0.100082308,-0.341958255,0.789325058,0.0713396594,0.0422603898,-0.688539684,0.720442891,0,0,-0.422223747,-1.78811562,-1.3421638,1.39004648,-0.354861528,-1.10146117,-0.897090793,0.531438589,-1.83234274,1.40163028,1.25402629,0.498796135,-1.22064304,0.623433053,-0.110619113,-0.0458794944,-0.0650486946,-0.072436519,-0.0359797329,1.13815916,-1.69689083,0.609243274,0.0991610587,0.0816093087,0.0559915155,1.14539444,-1.7254163,0.83145833,0.0725950673
-0.100112535,-0.341894001,0.789251089,0.0712731853,0.0410540588,-0.688281059,0.720766246,0,0,-0.426844954,-1.78958464,-1.35450816,1.38476443,-0.357456714,-1.1029371,-0.897309184,0.529341638,-1.83236313,1.40739226,1.25920653,0.498588383,-1.2215848,0.624538302,-0.111902669,-0.0443310104,-0.0656576529,-0.0757586583,-0.035992749,1.1386987,-1.69845772,0.610249579,0.100290544,0.0780998841,0.0554428548,1.14449251,-1.72505867,0.831462383,0.0749055818
-0.100142762,-0.341829777,0.78917712,0.071206592,0.0398476645,-0.688021362,0.72108835,0,0,-0.431466132,-1.79105365,-1.3668524,1.37948239,-0.3600519,-1.10441303,-0.897527575,0.527244687,-1.83238351,1.41315424,1.26438689,0.498380631,-1.22252643,0.625643492,-0.113186218,-0.0427825302,-0.0662666112,-0.0790807977,-0.0360057689,1.13923824,-1.7000246,0.611255825,0.101420023,0.0745904669,0.0548941903,1.14359045,-1.72470117,0.831466377,0.0772160888
-0.10012912,-0.34155491,0.789268613,0.0696683973,0.0374557413,-0.687949479,0.721435308,0,0,-0.430473626,-1.79025078,-1.38478196,1.3814435,-0.362770885,-1.10653508,-0.897590518,0.521942675,-1.83172512,1.42487586,1.27522564,0.498176873,-1.22402799,0.626666427,-0.117228679,-0.0410923772,-0.0668431893,-0.0819416344,-0.0357870162,1.13851857,-1.70117092,0.611772239,0.10303171,0.0717283934,0.0535934269,1.1414876,-1.72407222,0.831470966,0.0797051862
-0.100075737,-0.341089219,0.789509952,0.0667958409,0.033989042,-0.688037932,0.721794307,0,0,-0.424395382,-1.78738964,-1.40777111,1.38996649,-0.365601987,-1.10924256,-0.897512615,0.513737082,-1.83045185,1.44199657,1.29119051,0.49797672,-1.22603667,0.627614856,-0.123770542,-0.0392738804,-0.0673904493,-0.0843845755,-0.0353582911,1.13665831,-1.70193601,0.611844778,0.105080239,0.0694527775,0.0516113117,1.13829684,-1.72319758,0.831476033,0.0823560804
-0.100022353,-0.340623528,0.789751291,0.0639217794,0.0305214748,-0.688112199,0.722138524,0,0,-0.418317169,-1.78452861,-1.43076038,1.39848948,-0.368433118,-1.11195004,-0.897434711,0.50553149,-1.82917845,1.45911729,1.30715549,0.497776538,-1.22804546,0.628563285,-0.130312398,-0.0374553837,-0.0679377094,-0.0868275091,-0.0349295661,1.13479793,-1.70270121,0.611917317,0.107128777,0.0671771541,0.0496291928,1.13510621,-1.72232294,0.831481099,0.0850069746
-0.0999689624,-0.340157866,0.78999269,0.061046388,0.0270532593,-0.688172519,0.722468019,0,0,-0.412238926,-1.78166759,-1.45374954,1.40701246,-0.371264249,-1.11465752,-0.897356749,0.497325957,-1.82790518,1.47623789,1.32312047,0.497576386,-1.23005414,0.629511654,-0.136854261,-0.0356368832,-0.0684849694,-0.0892704427,-0.0345008448,1.13293767,-1.70346642,0.611989856,0.109177306,0.0649015382,0.0476470776,1.13191545,-1.72144818,0.831486166,0.0876578763
-0.099915579,-0.339692175,0.790234029,0.0581698492,0.0235846043,-0.688218832,0.72278285,0,0,-0.406160712,-1.77880645,-1.47673881,1.41553545,-0.374095351,-1.117365,-0.897278845,0.489120364,-1.8266319,1.49335861,1.33908546,0.497376233,-1.23206294,0.630460083,-0.143396109,-0.0338183865,-0.0690322295,-0.0917133763,-0.0340721197,1.13107729,-1.7042315,0.612062454,0.111225843,0.0626259223,0.0456649587,1.12872481,-1.72057354,0.831491292,0.0903087705
-0.0998619422,-0.339233726,0.790457547,0.0551867597,0.0201161262,-0.688277423,0.723065794,0,0,-0.399396539,-1.77535701,-1.50028658,1.42480206,-0.376934648,-1.12005424,-0.897202015,0.480224311,-1.82507432,1.51101959,1.35564733,0.497171551,-1.23404193,0.631416619,-0.150063306,-0.0318885781,-0.0695023611,-0.094119437,-0.0336036347,1.12917507,-1.70505321,0.612137258,0.113378949,0.0604121163,0.043661505,1.12549424,-1.71976042,0.831554472,0.0929159224
-0.0998048261,-0.33887279,0.790439904,0.0507783145,0.0166524611,-0.688673258,0.723099828,0,0,-0.38338232,-1.76397169,-1.53136671,1.44409716,-0.379884034,-1.1224972,-0.897139728,0.462016821,-1.81968355,1.53596675,1.38025987,0.496906161,-1.23562062,0.632482827,-0.158420578,-0.0284576621,-0.0689323917,-0.096028246,-0.0325989835,1.12670696,-1.70663726,0.61224246,0.116942279,0.0590318926,0.0413703099,1.12172568,-1.71977711,0.832401335,0.0949332491
-0.0997477174,-0.338511825,0.790422261,0.0463678129,0.0131879095,-0.689047575,0.723111093,0,0,-0.367368102,-1.75258636,-1.56244671,1.46339226,-0.382833421,-1.12494016,-0.897077441,0.44380933,-1.81429291,1.56091392,1.40487242,0.496640742,-1.23719931,0.633549035,-0.166777864,-0.025026748,-0.0683624223,-0.0979370549,-0.0315943286,1.12423897,-1.7082212,0.612347722,0.120505609,0.0576516688,0.0390791148,1.11795723,-1.71979392,0.833248198,0.0969505683
-0.0996906012,-0.338150889,0.790404558,0.0419556573,0.00972279534,-0.689399958,0.72309947,0,0,-0.351353884,-1.74120104,-1.59352684,1.48268735,-0.385782808,-1.12738311,-0.897015095,0.42560187,-1.80890214,1.58586109,1.42948484,0.496375322,-1.238778,0.634615242,-0.175135151,-0.0215958357,-0.0677924529,-0.0998458713,-0.0305896774,1.12177098,-1.70980513,0.612452924,0.124068931,0.056271445,0.036787916,1.11418879,-1.71981061,0.834095061,0.0989678949
-0.0996334925,-0.337789953,0.790386915,0.0375422798,0.00625744974,-0.689730763,0.723065078,0,0,-0.335339665,-1.72981572,-1.62460685,1.50198245,-0.388732195,-1.12982595,-0.896952808,0.407394379,-1.80351138,1.61080825,1.45409739,0.496109933,-1.24035656,0.63568145,-0.183492437,-0.0181649216,-0.0672224835,-0.10175468,-0.0295850243,1.11930287,-1.71138918,0.612558126,0.12763226,0.0548912212,0.0344967209,1.11042035,-1.71982741,0.834941924,0.100985214
-0.0995763838,-0.337428987,0.790369272,0.0331280828,0.00279220031,-0.690039575,0.723007798,0,0,-0.319325447,-1.7184304,-1.65568697,1.52127755,-0.391681582,-1.13226891,-0.896890521,0.389186889,-1.79812074,1.63575542,1.47870994,0.495844513,-1.24193525,0.636747658,-0.191849723,-0.0147340074,-0.066652514,-0.103663489,-0.0285803732,1.11683488,-1.71297312,0.612663388,0.13119559,0.0535109974,0.0322055258,1.10665178,-1.71984422,0.835788786,0.103002541
-0.0994917378,-0.337395877,0.790236354,0.0300189294,0.000545971096,-0.690414846,0.72279048,0,0,-0.30342564,-1.70631778,-1.68575203,1.53869438,-0.394327193,-1.13469052,-0.896818757,0.372420341,-1.792521,1.66081703,1.49970579,0.495653301,-1.24362075,0.637571335,-0.197890595,-0.0116740838,-0.0660227239,-0.10539674,-0.0281826667,1.11531186,-1.71454561,0.612922132,0.13392584,0.0522160158,0.0311686005,1.1038847,-1.71982694,0.836735666,0.104115546
-0.0993897468,-0.337569416,0.790030718,0.0277322773,-0.000932140276,-0.690837145,0.722477734,0,0,-0.287597954,-1.69374681,-1.7151773,1.55492747,-0.396781355,-1.13709879,-0.896741033,0.356561989,-1.78678966,1.68595076,1.51842213,0.495508879,-1.24537361,0.638242066,-0.202471495,-0.00884798449,-0.0653552264,-0.107019335,-0.028167503,1.11438429,-1.71611094,0.613277674,0.136131018,0.0509747528,0.030922208,1.1017487,-1.71978831,0.837745488,0.104658589
-0.0992877483,-0.337742925,0.789825082,0.0254453737,-0.00241026981,-0.691254258,0.722159564,0,0,-0.271770269,-1.68117571,-1.74460268,1.57116055,-0.399235547,-1.13950694,-0.896663249,0.340703666,-1.78105831,1.71108437,1.53713846,0.495364457,-1.24712646,0.638912857,-0.20705241,-0.00602188474,-0.0646877214,-0.10864193,-0.028152341,1.11345685,-1.71767616,0.613633156,0.138336197,0.0497334935,0.0306758154,1.09961271,-1.71974957,0.838755369,0.105201639
-0.0991857573,-0.337916434,0.789619446,0.0231582671,-0.00388838351,-0.691665947,0.721835673,0,0,-0.255942583,-1.66860473,-1.77402794,1.58739376,-0.401689708,-1.1419152,-0.896585524,0.324845314,-1.77532697,1.73621809,1.5558548,0.495220006,-1.24887943,0.639583588,-0.21163331,-0.00319578475,-0.0640202239,-0.110264525,-0.0281371772,1.1125294,-1.71924138,0.613988698,0.140541375,0.0484922342,0.030429421,1.09747672,-1.71971095,0.839765251,0.105744682
-0.0990837663,-0.338089943,0.78941381,0.0208710153,-0.00536644692,-0.692072392,0.721506357,0,0,-0.240114897,-1.65603375,-1.80345321,1.60362685,-0.40414387,-1.14432335,-0.8965078,0.308986962,-1.76959562,1.7613517,1.57457113,0.495075583,-1.25063229,0.640254378,-0.21621421,-0.000369685702,-0.0633527264,-0.11188712,-0.0281220134,1.11160195,-1.72080672,0.614344239,0.142746553,0.0472509749,0.0301830284,1.09534073,-1.7196722,0.840775132,0.106287725
-0.098991096,-0.338215947,0.789259791,0.0190523379,-0.00632726355,-0.692526221,0.721113384,0,0,-0.225980446,-1.64386344,-1.8312608,1.61719775,-0.406466752,-1.14650404,-0.896669805,0.295175344,-1.7640959,1.78431606,1.5917542,0.494890124,-1.25214696,0.641027927,-0.21943526,0.00243533729,-0.0625816956,-0.113434345,-0.0281569324,1.11072326,-1.72216868,0.614632368,0.144803464,0.0459768884,0.0301052239,1.09332871,-1.71945751,0.841388941,0.106653571
-0.0989481956,-0.338088185,0.789381325,0.0197357796,-0.00452689081,-0.693257213,0.720405877,0,0,-0.220886126,-1.63383245,-1.85043097,1.61655557,-0.408088684,-1.14747012,-0.89811182,0.292291194,-1.75983274,1.79569852,1.60075116,0.494485736,-1.25239074,0.642350495,-0.215396062,0.00512783276,-0.0612579286,-0.114579149,-0.0284592453,1.11010504,-1.72244561,0.614560485,0.146068826,0.0445275642,0.0309275072,1.09197867,-1.71830237,0.839888334,0.106073342
-0.0989052951,-0.337960452,0.789502859,0.0204191376,-0.00272646965,-0.693984807,0.719694853,0,0,-0.215791807,-1.62380159,-1.86960113,1.61591339,-0.409710616,-1.14843607,-0.899553895,0.289407074,-1.7555697,1.80708098,1.60974813,0.494081348,-1.25263441,0.643673003,-0.211356848,0.00782032777,-0.0599341616,-0.115723953,-0.0287615564,1.10948682,-1.72272241,0.614488661,0.147334173,0.04307824,0.0317497887,1.09062862,-1.71714735,0.838387728,0.105493113
-0.0988624021,-0.337832689,0.789624393,0.0211024042,-0.00092602591,-0.694709182,0.71898061,0,0,-0.210697487,-1.61377072,-1.8887713,1.61527109,-0.411332548,-1.14940214,-0.90099597,0.286522925,-1.75130653,1.81846344,1.61874509,0.49367696,-1.25287807,0.64499557,-0.20731765,0.0105128232,-0.0586103946,-0.116868764,-0.0290638674,1.1088686,-1.72299922,0.614416838,0.148599535,0.0416289158,0.032572072,1.08927858,-1.71599233,0.836887121,0.104912885
-0.0988195017,-0.337704927,0.789745927,0.0217855666,0.000874414458,-0.695430279,0.718262792,0,0,-0.205603167,-1.60373986,-1.90794146,1.61462891,-0.41295445,-1.15036821,-0.902437985,0.283638775,-1.74704337,1.82984591,1.62774205,0.493272573,-1.25312185,0.646318078,-0.203278452,0.0132053187,-0.0572866276,-0.118013568,-0.0293661803,1.1082505,-1.72327614,0.614344954,0.149864897,0.0401795916,0.0333943553,1.08792865,-1.71483731,0.835386515,0.104332656
-0.0987766013,-0.337577194,0.789867461,0.0224686153,0.00267482665,-0.696148038,0.717541575,0,0,-0.200508848,-1.59370899,-1.92711174,1.61398673,-0.414576381,-1.15133417,-0.90388006,0.280754626,-1.74278021,1.84122837,1.63673902,0.492868185,-1.25336552,0.647640586,-0.199239254,0.0158978142,-0.0559628569,-0.11915838,-0.0296684913,1.10763228,-1.72355294,0.614273131,0.151130259,0.0387302637,0.0342166387,1.08657861,-1.71368229,0.833885908,0.103752427
-0.0988448188,-0.337565631,0.790108681,0.0241377112,0.00513818488,-0.696877956,0.716764987,0,0,-0.203632772,-1.58650208,-1.9349643,1.60107422,-0.415708482,-1.15154648,-0.905908644,0.284886748,-1.74160814,1.83646345,1.63306594,0.492595851,-1.25339901,0.648933232,-0.19358328,0.0180255044,-0.054189492,-0.120376542,-0.0290213488,1.10755217,-1.7232585,0.614812672,0.15138118,0.0369678698,0.035204906,1.0859375,-1.71232247,0.831622601,0.103306137
-0.0989601761,-0.337603331,0.790400743,0.0262250118,0.00788288191,-0.697606325,0.71595794,0,0,-0.210243434,-1.58049321,-1.9380151,1.58295596,-0.416632742,-1.15143907,-0.908186078,0.291995645,-1.74174762,1.82484758,1.62401748,0.492379546,-1.25334334,0.650213122,-0.187241361,0.0199135635,-0.0522253737,-0.121625833,-0.0279713832,1.10770047,-1.72272158,0.615611553,0.15120171,0.0350726508,0.0362635925,1.08559716,-1.71087575,0.829035759,0.102916673
-0.0990755334,-0.337641031,0.790692806,0.0283120219,0.0106275482,-0.698325455,0.715141356,0,0,-0.216854095,-1.57448447,-1.94106603,1.56483757,-0.417557031,-1.15133166,-0.910463512,0.299104542,-1.74188709,1.81323171,1.6149689,0.492163271,-1.25328779,0.651493013,-0.180899441,0.0218016244,-0.0502612554,-0.122875124,-0.0269214157,1.10784876,-1.72218466,0.616410434,0.151022241,0.0331774317,0.0373222828,1.08525681,-1.70942903,0.826448858,0.102527209
-0.0991908982,-0.33767876,0.790984869,0.030398665,0.0133720776,-0.699035525,0.714315474,0,0,-0.223464757,-1.5684756,-1.94411683,1.54671931,-0.41848129,-1.15122426,-0.912740946,0.306213439,-1.74202657,1.80161595,1.60592043,0.491946965,-1.25323212,0.652772903,-0.174557522,0.0236896854,-0.0482971333,-0.124124408,-0.0258714482,1.10799706,-1.72164774,0.617209375,0.150842771,0.0312822126,0.038380973,1.08491647,-1.70798242,0.823862016,0.102137744
-0.0993062556,-0.33771646,0.791276932,0.032484863,0.0161163639,-0.699736476,0.713480234,0,0,-0.230075419,-1.56246686,-1.94716763,1.52860093,-0.41940558,-1.15111685,-0.91501838,0.313322365,-1.74216604,1.79000008,1.59687185,0.49173066,-1.25317645,0.654052794,-0.168215603,0.0255777445,-0.046333015,-0.125373706,-0.0248214807,1.10814536,-1.72111094,0.618008256,0.150663301,0.0293869916,0.0394396633,1.08457613,-1.7065357,0.821275115,0.10174828
-0.0995110944,-0.337790012,0.791434884,0.0350101702,0.0189187527,-0.700334549,0.712704718,0,0,-0.23921968,-1.55941856,-1.94474125,1.51086783,-0.420263052,-1.15192151,-0.917572737,0.321819365,-1.74369943,1.77382016,1.58670115,0.491351604,-1.25404346,0.655391335,-0.161800489,0.0271167196,-0.0447265729,-0.12676613,-0.023623405,1.10947144,-1.72087669,0.618585646,0.150358781,0.0273426324,0.0406195335,1.08517349,-1.70543337,0.818822265,0.101272233
-0.0999895036,-0.337973148,0.791182756,0.0388790928,0.021899594,-0.700632691,0.712125599,0,0,-0.256109744,-1.56542134,-1.9255693,1.49431252,-0.420916378,-1.15551448,-0.920973897,0.334560066,-1.74949443,1.7436868,1.57309973,0.490474999,-1.25773132,0.656908989,-0.155161589,0.0275884625,-0.0442136228,-0.128596202,-0.0219725259,1.11439836,-1.72156787,0.618485749,0.149671957,0.0248423237,0.0421698838,1.08863747,-1.70538378,0.816778958,0.100531459
-0.100467905,-0.338156253,0.790930688,0.0427473411,0.0248801168,-0.700913727,0.711529076,0,0,-0.272999793,-1.57142413,-1.90639722,1.4777571,-0.421569705,-1.15910757,-0.924375057,0.347300798,-1.75528932,1.71355355,1.55949819,0.489598393,-1.2614193,0.658426642,-0.14852269,0.0280602053,-0.0437006727,-0.130426258,-0.0203216467,1.11932528,-1.72225904,0.618385792,0.148985133,0.0223420132,0.0437202342,1.09210145,-1.70533431,0.814735651,0.0997906923
-0.100946315,-0.338339359,0.79067862,0.0466146506,0.0278601088,-0.701177835,0.710915387,0,0,-0.289889842,-1.57742691,-1.88722527,1.46120167,-0.422223032,-1.16270053,-0.927776217,0.360041499,-1.7610842,1.68342018,1.54589677,0.488721788,-1.26510715,0.659944296,-0.14188379,0.0285319481,-0.0431877188,-0.132256314,-0.0186707675,1.12425232,-1.72295022,0.618285894,0.148298308,0.0198417045,0.0452705845,1.09556532,-1.70528483,0.812692404,0.0990499258
-0.101424724,-0.338522494,0.790426552,0.0504807308,0.0308393463,-0.701424837,0.710284412,0,0,-0.306779891,-1.58342969,-1.86805332,1.44464624,-0.422876388,-1.1662935,-0.931177378,0.37278223,-1.7668792,1.65328681,1.53229535,0.487845182,-1.26879513,0.661461949,-0.135244891,0.0290036909,-0.0426747687,-0.13408637,-0.0170198884,1.12917924,-1.7236414,0.618185997,0.147611469,0.017341394,0.0468209349,1.0990293,-1.70523524,0.810649097,0.0983091593
-0.101903126,-0.338705599,0.790174484,0.0543452948,0.0338176154,-0.701654792,0.709636211,0,0,-0.32366994,-1.58943248,-1.84888136,1.42809081,-0.423529714,-1.16988659,-0.934578598,0.385522962,-1.77267408,1.62315345,1.5186938,0.486968577,-1.27248299,0.662979603,-0.128605992,0.0294754338,-0.0421618186,-0.135916442,-0.0153690083,1.13410616,-1.72433257,0.6180861,0.146924645,0.0148410853,0.0483712815,1.10249329,-1.70518577,0.80860579,0.0975683928
-0.102395587,-0.338691831,0.790007412,0.0568049252,0.0352034643,-0.701662362,0.709368587,0,0,-0.338686317,-1.59652686,-1.83381224,1.4146862,-0.424098641,-1.17229521,-0.937216341,0.398495823,-1.77686501,1.60306287,1.50574052,0.486390859,-1.27485967,0.664099872,-0.124607712,0.0295199361,-0.0421620496,-0.137198761,-0.0147630181,1.13699234,-1.72505605,0.618419111,0.146548837,0.0130896159,0.0488364659,1.10463321,-1.70540571,0.807785809,0.0966524035
-0.102891758,-0.338625968,0.789862812,0.0588930137,0.036168173,-0.701610506,0.709201217,0,0,-0.353207111,-1.60390997,-1.81982803,1.40211475,-0.424645275,-1.17439067,-0.939652264,0.411530077,-1.78063178,1.58562851,1.49295866,0.485892206,-1.27688956,0.665114999,-0.12130785,0.0294514373,-0.0422980078,-0.138336226,-0.0144333886,1.13933885,-1.72578812,0.618866622,0.146255299,0.0115362071,0.0490146317,1.10642302,-1.70569694,0.807289362,0.0956900641
-0.103387937,-0.338560104,0.78971827,0.0609808005,0.0371326879,-0.701554894,0.709029794,0,0,-0.367727906,-1.61129308,-1.80584395,1.38954341,-0.425191909,-1.17648613,-0.942088127,0.424564332,-1.78439844,1.56819415,1.48017693,0.485393554,-1.27891946,0.666130185,-0.11800798,0.0293829385,-0.0424339697,-0.139473677,-0.01410376,1.14168525,-1.72652018,0.619314194,0.145961761,0.00998279825,0.0491927974,1.10821283,-1.70598805,0.806792915,0.0947277322
-0.103884108,-0.338494271,0.789573669,0.0630682632,0.0380970128,-0.701495588,0.708854795,0,0,-0.3822487,-1.61867619,-1.79185987,1.37697196,-0.425738543,-1.17858148,-0.94452405,0.437598616,-1.78816509,1.55075967,1.46739507,0.484894872,-1.28094935,0.667145312,-0.114708118,0.0293144397,-0.0425699279,-0.140611142,-0.0137741305,1.14403176,-1.72725224,0.619761705,0.145668224,0.00842938945,0.0493709631,1.11000252,-1.70627928,0.806296468,0.0937653929
-0.104380287,-0.338428408,0.789429128,0.065155372,0.0390611179,-0.701432467,0.708675921,0,0,-0.396769494,-1.62605929,-1.77787578,1.36440063,-0.426285148,-1.18067694,-0.946959913,0.45063287,-1.79193187,1.53332531,1.45461321,0.484396219,-1.28297925,0.668160439,-0.111408256,0.0292459391,-0.0427058898,-0.141748592,-0.0134445019,1.14637816,-1.72798431,0.620209217,0.145374686,0.00687598111,0.0495491326,1.11179233,-1.70657051,0.805800021,0.0928030536
-0.10482797,-0.338420421,0.789373338,0.0669560507,0.0397165306,-0.701441884,0.708462358,0,0,-0.409378409,-1.63361382,-1.76399064,1.35176015,-0.426875383,-1.18195748,-0.949378908,0.462172091,-1.79525661,1.5181725,1.44178569,0.484007895,-1.28421593,0.669235349,-0.108720824,0.0289807245,-0.0427234061,-0.142750934,-0.0134010818,1.14810896,-1.72843492,0.620832741,0.144840851,0.0055268635,0.0498085544,1.11312747,-1.70657456,0.80548507,0.0917292833
-0.105179474,-0.338527173,0.78949362,0.0681892037,0.0397600159,-0.701600373,0.708185315,0,0,-0.418195367,-1.64150858,-1.75030208,1.33898246,-0.427552044,-1.18162155,-0.951764464,0.47074607,-1.79770505,1.50754476,1.4288677,0.483838499,-1.28387928,0.670428634,-0.10724806,0.0283253528,-0.0425060056,-0.143485293,-0.0139253167,1.14861846,-1.72832727,0.621805191,0.143830419,0.00458292849,0.0502291322,1.11356115,-1.70600927,0.805530012,0.0904345065
-0.105530985,-0.338633925,0.789613962,0.0694222525,0.0398034416,-0.701757789,0.707907021,0,0,-0.427012324,-1.64940333,-1.73661351,1.32620478,-0.428228706,-1.18128562,-0.954150021,0.479320049,-1.80015337,1.49691701,1.41594982,0.483669072,-1.28354263,0.671621978,-0.105775297,0.0276699793,-0.0422886051,-0.144219652,-0.0144495517,1.14912796,-1.72821975,0.6227777,0.142819986,0.00363899372,0.0506497137,1.11399484,-1.70544398,0.805575013,0.0891397297
-0.105882488,-0.338740706,0.789734304,0.0706551895,0.0398468003,-0.701914072,0.707627654,0,0,-0.435829282,-1.65729809,-1.72292483,1.31342697,-0.428905398,-1.18094981,-0.956535578,0.487894028,-1.8026017,1.48628914,1.40303183,0.483499646,-1.28320599,0.672815263,-0.104302533,0.0270146057,-0.0420712046,-0.144953996,-0.0149737867,1.14963746,-1.7281121,0.62375015,0.141809553,0.00269505871,0.0510702953,1.11442852,-1.70487869,0.805619955,0.0878449455
-0.106233999,-0.338847458,0.789854586,0.0718880147,0.0398900919,-0.702069163,0.707347155,0,0,-0.444646239,-1.66519284,-1.70923626,1.30064929,-0.429582059,-1.18061388,-0.958921134,0.496468037,-1.80505013,1.4756614,1.39011383,0.48333022,-1.28286946,0.674008608,-0.102829769,0.026359234,-0.0418538041,-0.145688355,-0.0154980216,1.15014696,-1.72800446,0.6247226,0.14079912,0.00175112381,0.0514908731,1.1148622,-1.70431328,0.805664957,0.0865501687
-0.106585503,-0.33895424,0.789974928,0.0731207132,0.0399333201,-0.702223063,0.707065463,0,0,-0.453463197,-1.67308748,-1.6955477,1.2878716,-0.430258721,-1.18027794,-0.961306632,0.505042017,-1.80749846,1.46503365,1.37719584,0.483160794,-1.28253281,0.675201952,-0.101357006,0.0257038604,-0.0416364037,-0.146422714,-0.0160222575,1.15065646,-1.72789681,0.625695109,0.139788672,0.000807188801,0.0519114546,1.11529589,-1.70374799,0.805709898,0.0852553919
-0.106805168,-0.338775754,0.790324926,0.073013708,0.0385096595,-0.702632189,0.706748903,0,0,-0.456410468,-1.67867017,-1.69265878,1.28906155,-0.43106249,-1.18073714,-0.963209271,0.508542478,-1.80919313,1.46365416,1.372419,0.483031154,-1.28279161,0.676157236,-0.102709003,0.0248223227,-0.0422395691,-0.147294536,-0.0163274053,1.15003479,-1.72715259,0.626396775,0.139346913,0.000255195977,0.0515926182,1.11484396,-1.70281243,0.806318462,0.0855341479
-0.107006773,-0.338558197,0.790706336,0.0727230534,0.0368850082,-0.703074396,0.706425846,0,0,-0.45855394,-1.68393612,-1.69124866,1.29216421,-0.431883693,-1.18130505,-0.96504575,0.511348188,-1.81078458,1.46354103,1.36875689,0.482906967,-1.28313208,0.677079916,-0.104447834,0.0239098128,-0.0429551005,-0.148185179,-0.0166025516,1.14925814,-1.72632122,0.627061307,0.138983026,-0.000243123752,0.0511725284,1.11427069,-1.70182621,0.807004213,0.0860283896
-0.107208386,-0.33834064,0.791087806,0.0724321678,0.0352602229,-0.703514397,0.706100404,0,0,-0.460697412,-1.68920219,-1.68983865,1.29526687,-0.432704866,-1.18187308,-0.966882229,0.514153898,-1.81237602,1.46342802,1.3650949,0.482782781,-1.28347242,0.678002596,-0.106186666,0.0229973011,-0.0436706357,-0.149075836,-0.0168776978,1.14848137,-1.72548985,0.627725899,0.13861914,-0.000741443539,0.0507524349,1.11369753,-1.70083988,0.807689965,0.0865226313
-0.107409991,-0.338123113,0.791469216,0.0721410662,0.0336353444,-0.703952372,0.705772936,0,0,-0.462840885,-1.69446814,-1.68842864,1.29836941,-0.433526039,-1.18244112,-0.968718648,0.516959608,-1.81396735,1.46331501,1.36143279,0.482658595,-1.28381276,0.678925335,-0.10792549,0.0220847912,-0.0443861708,-0.149966478,-0.017152844,1.14770472,-1.72465849,0.628390431,0.138255253,-0.00123976322,0.0503323413,1.11312425,-1.69985366,0.808375657,0.0870168731
-0.107611597,-0.337905556,0.791850626,0.0718497485,0.032010369,-0.704388201,0.705443382,0,0,-0.464984357,-1.69973421,-1.68701863,1.30147207,-0.434347212,-1.18300903,-0.970555127,0.519765258,-1.81555879,1.46320188,1.3577708,0.482534409,-1.2841531,0.679848015,-0.109664321,0.0211722814,-0.0451017022,-0.150857121,-0.0174279902,1.14692807,-1.72382712,0.629055023,0.137891367,-0.00173808297,0.0499122515,1.11255109,-1.69886732,0.809061408,0.0875111148
-0.107653357,-0.337485611,0.792230487,0.0694940537,0.0290189628,-0.705069184,0.705128312,0,0,-0.458538711,-1.70101464,-1.69161081,1.31426072,-0.43530336,-1.18401909,-0.972239792,0.51584816,-1.81579328,1.46975601,1.36288667,0.482316464,-1.28471255,0.680835783,-0.115171596,0.0206485689,-0.0454276539,-0.151538089,-0.0174959674,1.1448648,-1.72310066,0.629444301,0.138503,-0.00178079959,0.0488467142,1.11108983,-1.69823146,0.810536087,0.0887609869
-0.107477874,-0.336790621,0.792608202,0.0643298402,0.0241689198,-0.706060171,0.704809666,0,0,-0.440420657,-1.69687867,-1.70435977,1.34021246,-0.436442852,-1.18562996,-0.973718107,0.502794921,-1.81418383,1.48537076,1.37993133,0.481971025,-1.28556979,0.681911886,-0.125800118,0.0206532273,-0.0452241749,-0.151934102,-0.0172824059,1.14105308,-1.72251701,0.62945956,0.14044036,-0.00120436156,0.0469040349,1.10842156,-1.69807172,0.813082874,0.0910377577
-0.10730239,-0.336095631,0.792985857,0.059161637,0.0193169862,-0.707014978,0.70445478,0,0,-0.422302604,-1.69274271,-1.71710873,1.36616421,-0.437582374,-1.18724072,-0.975196421,0.489741683,-1.81257427,1.5009855,1.39697611,0.481625587,-1.28642714,0.682988048,-0.136428624,0.020657884,-0.0450206921,-0.152330115,-0.0170688462,1.13724136,-1.72193325,0.629474819,0.142377704,-0.000627923466,0.0449613519,1.10575342,-1.6979121,0.815629661,0.0933145285
-0.107126914,-0.335400641,0.793363571,0.0539902374,0.0144639136,-0.707933664,0.704063833,0,0,-0.40418452,-1.68860686,-1.72985768,1.39211595,-0.438721895,-1.18885159,-0.976674795,0.476688445,-1.81096482,1.51660025,1.4140209,0.481280178,-1.28728437,0.684064209,-0.147057146,0.0206625424,-0.044817213,-0.152726129,-0.0168552846,1.13342953,-1.7213496,0.629490018,0.144315064,-5.1485491E-05,0.0430186726,1.10308516,-1.69775236,0.818176448,0.0955912992
-0.10695143,-0.334705651,0.793741226,0.048816435,0.00961044244,-0.708815932,0.703636706,0,0,-0.386066467,-1.68447089,-1.74260676,1.41806769,-0.439861417,-1.19046247,-0.97815311,0.463635176,-1.80935526,1.53221488,1.43106568,0.480934739,-1.28814161,0.685140312,-0.157685667,0.020667199,-0.0446137302,-0.153122142,-0.016641723,1.12961781,-1.72076583,0.629505277,0.146252409,0.000524952658,0.0410759896,1.10041702,-1.69759262,0.820723176,0.09786807
-0.106775947,-0.334010661,0.794118941,0.0436410345,0.00475732284,-0.709661722,0.703173637,0,0,-0.367948413,-1.68033504,-1.75535572,1.44401944,-0.441000938,-1.19207323,-0.979631424,0.450581938,-1.8077457,1.54782963,1.44811034,0.48058933,-1.28899884,0.686216474,-0.168314174,0.0206718575,-0.0444102511,-0.153518155,-0.0164281614,1.12580609,-1.72018206,0.629520535,0.148189768,0.00110139081,0.0391333103,1.09774876,-1.69743299,0.823269963,0.100144841
-0.10645698,-0.333784908,0.793839157,0.0393740274,0.00182931777,-0.709614277,0.703486979,0,0,-0.348121077,-1.67132223,-1.77229357,1.4696393,-0.442082644,-1.193501,-0.98084271,0.435425162,-1.80718184,1.56521082,1.47061276,0.479786992,-1.28999877,0.6875875,-0.176490083,0.0217990074,-0.044579193,-0.153360382,-0.0170058645,1.12351072,-1.7213223,0.629662573,0.149531707,0.00209369953,0.0380254723,1.0966754,-1.69910562,0.826154292,0.101476349
-0.106133312,-0.333574504,0.793537796,0.0351354107,-0.0010359264,-0.709519863,0.703808188,0,0,-0.328237712,-1.66214967,-1.78936863,1.49524832,-0.443162441,-1.19492269,-0.982045233,0.420199454,-1.80665207,1.58264995,1.493294,0.478969723,-1.29100335,0.688968182,-0.184585631,0.022962939,-0.044760339,-0.153184459,-0.0176094938,1.12126517,-1.72251892,0.629808784,0.150854126,0.00309963571,0.0369449891,1.09565425,-1.70083821,0.829049647,0.102776885
-0.105809644,-0.333364129,0.793236434,0.0308956988,-0.00390125718,-0.709406793,0.70411092,0,0,-0.308354378,-1.65297699,-1.80644381,1.52085733,-0.444242239,-1.19634449,-0.983247757,0.404973745,-1.80612242,1.60008907,1.51597524,0.478152424,-1.29200792,0.690348864,-0.192681164,0.0241268724,-0.0449414849,-0.15300855,-0.0182131249,1.11901963,-1.72371554,0.629954994,0.152176544,0.00410557166,0.0358645096,1.0946331,-1.70257092,0.831945062,0.104077414
-0.105485976,-0.333153754,0.792935073,0.0266552288,-0.00676645013,-0.709275126,0.704395175,0,0,-0.288471013,-1.64380443,-1.82351887,1.54646635,-0.445322037,-1.19776618,-0.984450221,0.389748037,-1.80559266,1.61752808,1.53865647,0.477335125,-1.29301262,0.691729546,-0.200776711,0.025290804,-0.0451226272,-0.152832627,-0.0188167561,1.11677408,-1.72491217,0.630101204,0.153498977,0.00511150761,0.0347840264,1.09361196,-1.70430362,0.834840417,0.10537795
-0.105162308,-0.33294335,0.792633712,0.0224143341,-0.00963127799,-0.709124804,0.704660833,0,0,-0.268587679,-1.63463187,-1.84059405,1.57207549,-0.446401864,-1.19918787,-0.985652745,0.374522358,-1.80506301,1.63496721,1.56133771,0.476517826,-1.2940172,0.693110228,-0.208872244,0.0264547374,-0.0453037731,-0.152656719,-0.0194203872,1.11452854,-1.72610891,0.630247414,0.154821396,0.00611744402,0.0337035432,1.09259081,-1.70603621,0.837735772,0.106678486
-0.104825549,-0.332833886,0.792416751,0.020391522,-0.0102692265,-0.709321201,0.704515696,0,0,-0.259756893,-1.62565839,-1.85312891,1.58931935,-0.447048008,-1.19951057,-0.987488449,0.368870199,-1.80503345,1.64503264,1.57873952,0.475571513,-1.29406202,0.694761634,-0.212014601,0.0274456851,-0.0443619825,-0.152488157,-0.0197154339,1.11377931,-1.72668588,0.629927754,0.156065285,0.00681833923,0.0337716527,1.09256554,-1.7072947,0.8395226,0.107363604
-0.10447634,-0.332820356,0.792279959,0.0204775408,-0.00879039429,-0.709858775,0.703991473,0,0,-0.261434048,-1.61687422,-1.8613472,1.59861028,-0.447281927,-1.19878817,-0.98992604,0.372319788,-1.80547941,1.64808774,1.59112215,0.474502534,-1.29319441,0.696670473,-0.210447878,0.0282721762,-0.0423525944,-0.152326599,-0.0197171047,1.11445284,-1.72667372,0.629165173,0.157234535,0.00722922711,0.0349317454,1.09348702,-1.70810235,0.840255439,0.107463643
-0.104127139,-0.332806826,0.792143166,0.0205635056,-0.00731152808,-0.710394442,0.703465343,0,0,-0.263111174,-1.60809004,-1.86956537,1.60790122,-0.447515815,-1.19806576,-0.992363691,0.375769407,-1.80592549,1.65114284,1.60350466,0.473433554,-1.29232681,0.698579252,-0.20888114,0.0290986672,-0.0403432064,-0.15216504,-0.0197187755,1.11512637,-1.72666156,0.62840265,0.158403769,0.00764011499,0.036091838,1.09440851,-1.70891011,0.840988338,0.107563689
-0.10377793,-0.332793295,0.792006373,0.0206494108,-0.00583263999,-0.710928142,0.702937245,0,0,-0.2647883,-1.59930587,-1.87778366,1.61719215,-0.447749734,-1.19734347,-0.994801342,0.379218996,-1.80637145,1.65419793,1.61588717,0.472364545,-1.2914592,0.700488091,-0.207314417,0.0299251564,-0.0383338183,-0.152003467,-0.0197204482,1.1157999,-1.72664952,0.627640128,0.159573004,0.00805100333,0.0372519307,1.09533,-1.70971775,0.841721177,0.107663728
-0.103428729,-0.332779765,0.791869581,0.0207352638,-0.00435374212,-0.711459935,0.7024073,0,0,-0.266465425,-1.59052169,-1.88600194,1.6264832,-0.447983623,-1.19662106,-0.997238934,0.382668585,-1.80681753,1.65725303,1.62826967,0.471295565,-1.29059148,0.70239687,-0.205747679,0.0307516474,-0.0363244303,-0.151841909,-0.019722119,1.11647344,-1.72663736,0.626877546,0.160742253,0.00846189074,0.0384120233,1.09625149,-1.71052539,0.842454016,0.107763767
-0.103108816,-0.332787931,0.791705906,0.0210721139,-0.00274874782,-0.711982965,0.70187521,0,0,-0.268914014,-1.58254492,-1.89264345,1.63457644,-0.448206007,-1.19607508,-0.999711931,0.386404037,-1.80733085,1.65891135,1.63941133,0.470205516,-1.28993034,0.704308689,-0.203769356,0.0314835683,-0.0344065167,-0.15175125,-0.0195774492,1.11738157,-1.72670138,0.626113594,0.16178596,0.00877457391,0.0397011563,1.09730577,-1.71136796,0.843108058,0.107802786
-0.103273608,-0.333154857,0.791097164,0.0255630724,0.000943099265,-0.71238023,0.701327384,0,0,-0.284127504,-1.58792663,-1.87319481,1.62285316,-0.448237777,-1.19844627,-1.00276959,0.39486894,-1.80895782,1.63745618,1.6300205,0.468766928,-1.29268575,0.706269979,-0.194980517,0.0306506921,-0.0340021923,-0.15283379,-0.0170113314,1.12217081,-1.72802544,0.625326157,0.160752743,0.00746228965,0.0431255177,1.1005584,-1.71278775,0.842456996,0.106832094
-0.103438407,-0.333521783,0.790488422,0.0300536752,0.00463533681,-0.712753117,0.700755537,0,0,-0.299341023,-1.59330833,-1.85374606,1.61112976,-0.448269546,-1.20081747,-1.00582731,0.403333873,-1.8105849,1.61600101,1.62062955,0.46732834,-1.29544103,0.70823127,-0.186191663,0.029817814,-0.0335978679,-0.153916329,-0.0144452136,1.12695992,-1.72934949,0.624538779,0.159719527,0.00615000585,0.0465498753,1.10381114,-1.71420765,0.841805935,0.105861403
-0.103603199,-0.33388871,0.78987968,0.0345434509,0.00832758471,-0.713101625,0.700159609,0,0,-0.314554513,-1.59869003,-1.83429742,1.59940648,-0.448301315,-1.20318878,-1.00888503,0.411798805,-1.81221199,1.59454584,1.61123872,0.465889782,-1.29819643,0.710192561,-0.177402809,0.0289849378,-0.0331935436,-0.154998869,-0.0118790958,1.13174915,-1.73067355,0.623751342,0.15868631,0.00483772205,0.0499742329,1.10706377,-1.71562743,0.841154933,0.104890712
-0.103767999,-0.334255636,0.789270937,0.0390319452,0.0120194657,-0.713425756,0.699539781,0,0,-0.329768032,-1.60407174,-1.81484866,1.5876832,-0.448333085,-1.20555997,-1.01194274,0.420263737,-1.81383896,1.57309067,1.60184777,0.464451194,-1.30095172,0.712153852,-0.16861397,0.0281520598,-0.0327892192,-0.156081393,-0.00931297801,1.13653839,-1.73199761,0.622963905,0.157653093,0.00352543802,0.0533985943,1.1103164,-1.71704721,0.840503871,0.10392002
-0.10393279,-0.334622562,0.788662136,0.0435186885,0.0157105979,-0.713725328,0.698895931,0,0,-0.344981521,-1.60945344,-1.79540002,1.5759598,-0.448364854,-1.20793116,-1.01500046,0.42872867,-1.81546605,1.5516355,1.59245682,0.463012606,-1.30370712,0.714115143,-0.159825116,0.0273191817,-0.0323848911,-0.157163933,-0.00674686069,1.14132762,-1.73332167,0.622176468,0.156619877,0.00221315445,0.0568229519,1.11356914,-1.71846712,0.83985281,0.102949329
-0.104113348,-0.334959298,0.788199425,0.0475534759,0.018356394,-0.713751495,0.69854182,0,0,-0.359440833,-1.61813629,-1.77265799,1.56227231,-0.448380172,-1.20960116,-1.0174123,0.436098039,-1.81675065,1.53213108,1.57877171,0.461755633,-1.30588412,0.716005266,-0.152374059,0.0257648006,-0.0327686444,-0.158243686,-0.00432186527,1.14501226,-1.73432517,0.621647894,0.155752182,0.00101204857,0.0594448522,1.11572301,-1.71948636,0.839035213,0.101816528
-0.104304351,-0.335276037,0.787833512,0.0512891561,0.020309547,-0.713597476,0.698380768,0,0,-0.373400182,-1.62900746,-1.74773276,1.5472827,-0.448384553,-1.21080625,-1.01939595,0.442741156,-1.81780827,1.51391983,1.56223965,0.460619092,-1.30767787,0.717848122,-0.145809859,0.0237321146,-0.0336748287,-0.159321576,-0.00199042377,1.1479646,-1.735116,0.621290863,0.154994234,-0.000115354982,0.0615347885,1.11714852,-1.72023988,0.838107169,0.100576267
-0.104495347,-0.335592747,0.787467539,0.0550240651,0.0222624168,-0.713430703,0.698207319,0,0,-0.3873595,-1.63987863,-1.72280765,1.53229308,-0.448388934,-1.21201134,-1.02137971,0.449384272,-1.81886578,1.49570858,1.5457077,0.459482521,-1.30947149,0.719690979,-0.139245644,0.0216994304,-0.034581013,-0.160399482,0.000341017527,1.15091681,-1.73590684,0.620933831,0.154236287,-0.00124275847,0.0636247247,1.11857402,-1.72099352,0.837179124,0.0993359983
-0.10468635,-0.335909486,0.787101626,0.0587580167,0.0242148973,-0.713251233,0.698021412,0,0,-0.401318818,-1.6507498,-1.69788241,1.51730335,-0.448393315,-1.2132163,-1.02336347,0.456027359,-1.8199234,1.47749734,1.52917564,0.45834595,-1.31126523,0.721533835,-0.132681429,0.0196667463,-0.0354871973,-0.161477387,0.00267245923,1.15386915,-1.73669767,0.620576799,0.153478339,-0.00237016217,0.0657146648,1.11999953,-1.72174716,0.83625108,0.0980957374
-0.104877353,-0.336226225,0.786735713,0.0624908097,0.026166888,-0.713059068,0.697823048,0,0,-0.415278167,-1.66162109,-1.67295718,1.50231373,-0.448397696,-1.21442139,-1.02534711,0.462670475,-1.82098103,1.45928609,1.51264369,0.457209408,-1.31305885,0.723376691,-0.126117229,0.0176340621,-0.0363933817,-0.162555277,0.00500390027,1.15682149,-1.73748851,0.620219767,0.152720392,-0.0034975654,0.0678045973,1.12142503,-1.72250068,0.835323036,0.0968554765
-0.105061606,-0.336527258,0.786412835,0.0660061315,0.0279929247,-0.712830305,0.697662234,0,0,-0.428426147,-1.67223907,-1.64904261,1.48756576,-0.448438913,-1.21551275,-1.02720559,0.468967706,-1.82198465,1.44228363,1.49635851,0.456152111,-1.31471419,0.725113094,-0.119870849,0.0156630892,-0.0372069888,-0.163556099,0.00726861833,1.1594938,-1.73817563,0.619909585,0.151975185,-0.00450113229,0.0696600527,1.12266254,-1.72317755,0.834407568,0.0956192687
-0.105206311,-0.336736232,0.786342561,0.0682536215,0.0290836319,-0.712453306,0.69778657,0,0,-0.436817199,-1.68137252,-1.63105249,1.47423398,-0.448695987,-1.21593714,-1.02832997,0.473237008,-1.82267213,1.43236768,1.48151982,0.455559552,-1.31555891,0.726225495,-0.115487918,0.0140539184,-0.0374778137,-0.164105013,0.00914213806,1.16052449,-1.73825431,0.619874001,0.151304737,-0.00477865245,0.0701407343,1.12279761,-1.72340417,0.833565593,0.0944068357
-0.105351023,-0.336945236,0.786272228,0.0705007166,0.0301741734,-0.712071657,0.697906315,0,0,-0.445208281,-1.69050586,-1.6130625,1.46090233,-0.448953062,-1.21636152,-1.02945423,0.47750631,-1.82335949,1.42245185,1.46668112,0.454966962,-1.31640363,0.727337837,-0.111104988,0.0124447495,-0.0377486348,-0.164653927,0.0110156583,1.16155529,-1.73833299,0.619838476,0.150634274,-0.00505617307,0.0706214234,1.12293267,-1.72363091,0.832723677,0.0931944102
-0.105495729,-0.33715421,0.786201954,0.0727473795,0.0312645286,-0.711685479,0.698021591,0,0,-0.453599334,-1.69963932,-1.59507239,1.44757056,-0.449210137,-1.21678591,-1.03057861,0.481775612,-1.82404697,1.41253603,1.45184243,0.454374403,-1.31724834,0.728450239,-0.106722049,0.0108355796,-0.0380194597,-0.165202841,0.0128891794,1.16258597,-1.73841166,0.619802892,0.149963826,-0.00533369323,0.0711021051,1.12306774,-1.72385752,0.831881702,0.0919819847
-0.105640434,-0.337363213,0.78613168,0.0749935731,0.032354679,-0.71129477,0.698132515,0,0,-0.461990386,-1.70877278,-1.5770824,1.43423879,-0.449467212,-1.21721029,-1.03170288,0.486044914,-1.82473433,1.40262008,1.43700373,0.453781843,-1.31809294,0.729562581,-0.102339119,0.00922641065,-0.0382902846,-0.16575174,0.0147626987,1.16361678,-1.73849034,0.619767368,0.149293363,-0.00561121339,0.0715827942,1.1232028,-1.72408414,0.831039786,0.0907695517
-0.105785139,-0.337572217,0.786061406,0.0772392377,0.0334446058,-0.710899472,0.69823885,0,0,-0.470381469,-1.71790612,-1.55909228,1.42090714,-0.449724287,-1.2176348,-1.03282726,0.490314215,-1.82542181,1.39270425,1.42216504,0.453189254,-1.31893766,0.730674982,-0.097956188,0.00761724077,-0.0385611057,-0.166300654,0.0166362189,1.16464746,-1.73856902,0.619731784,0.148622915,-0.00588873401,0.0720634758,1.12333786,-1.72431087,0.830197811,0.0895571262
-0.105906621,-0.337588429,0.786278605,0.0778732672,0.0331182666,-0.710407615,0.698684454,0,0,-0.47208479,-1.72508764,-1.55243957,1.4169625,-0.450286776,-1.2193141,-1.03348303,0.490961373,-1.82594323,1.3898598,1.41245508,0.452736169,-1.3202759,0.731472433,-0.0970444828,0.00635592779,-0.0395804383,-0.166722551,0.017859133,1.16451132,-1.73786938,0.61938417,0.147848383,-0.00588991866,0.0717260391,1.12238657,-1.72376072,0.829858661,0.0891557336
-0.106017672,-0.337518066,0.786624968,0.077783525,0.0321558677,-0.709872782,0.699282765,0,0,-0.470784456,-1.73139262,-1.55087876,1.41723394,-0.450986475,-1.22155702,-1.03392828,0.489981711,-1.82639003,1.39019132,1.40504873,0.452345699,-1.32183599,0.732128441,-0.0976918116,0.00525084743,-0.0409359448,-0.167087406,0.0187898427,1.16385114,-1.73681998,0.618896365,0.147027105,-0.00576699292,0.0710211471,1.12094724,-1.72286165,0.829745412,0.0891185999
-0.106128722,-0.337447733,0.78697139,0.077693671,0.0311934222,-0.709336877,0.699880004,0,0,-0.46948415,-1.73769748,-1.54931796,1.41750538,-0.451686174,-1.22379994,-1.03437352,0.489002049,-1.82683682,1.39052296,1.39764225,0.451955259,-1.32339597,0.73278451,-0.0983391404,0.00414576754,-0.0422914512,-0.167452261,0.0197205506,1.16319108,-1.7357707,0.618408561,0.146205828,-0.00564406766,0.0703162625,1.11950803,-1.72196257,0.829632103,0.0890814736
-0.106239773,-0.337377369,0.787317753,0.0776036754,0.030230917,-0.70879972,0.70047605,0,0,-0.468183815,-1.74400234,-1.54775715,1.41777682,-0.452385843,-1.22604287,-1.03481877,0.488022387,-1.82728362,1.39085448,1.3902359,0.451564789,-1.32495594,0.733440518,-0.0989864618,0.00304068695,-0.0436469577,-0.167817116,0.0206512585,1.1625309,-1.7347213,0.617920816,0.14538455,-0.00552114192,0.0696113706,1.1180687,-1.72106349,0.829518795,0.08904434
-0.106350817,-0.337307006,0.787664115,0.0775135756,0.0292683728,-0.708261609,0.701071084,0,0,-0.466883481,-1.75030732,-1.54619634,1.41804826,-0.453085542,-1.22828579,-1.03526402,0.487042725,-1.82773042,1.391186,1.38282943,0.451174319,-1.32651603,0.734096527,-0.0996337906,0.00193560647,-0.0450024642,-0.168181971,0.0215819664,1.16187072,-1.73367202,0.617433012,0.144563258,-0.00539821666,0.0689064786,1.11662948,-1.72016454,0.829405487,0.0890072063
-0.106367327,-0.337141216,0.788026869,0.0761366636,0.0275500342,-0.707880139,0.701676548,0,0,-0.459078401,-1.75395775,-1.54866278,1.42307794,-0.453935057,-1.23036718,-1.03561032,0.481010497,-1.82761383,1.39543164,1.3803215,0.450809598,-1.32798553,0.73474431,-0.102627829,0.00134312559,-0.0460023545,-0.168367758,0.0220395345,1.16039705,-1.73265624,0.616950631,0.143984184,-0.00506536895,0.067928426,1.11459541,-1.71932304,0.829908907,0.0895186514
-0.106075086,-0.336663663,0.788443089,0.0705548078,0.0233622752,-0.707992494,0.702298284,0,0,-0.430030823,-1.74893975,-1.56428123,1.44364691,-0.455273747,-1.23192132,-1.03563344,0.458478272,-1.82565689,1.41245961,1.39381027,0.45052883,-1.32915962,0.735365033,-0.113285445,0.00242462917,-0.0458409227,-0.16796878,0.0209519789,1.15626717,-1.73175025,0.616485775,0.144196078,-0.00404698309,0.0660582781,1.11061907,-1.71866965,0.83242631,0.0918215662
-0.105782844,-0.336186111,0.788859367,0.0649686679,0.019172756,-0.708070159,0.702885628,0,0,-0.400983244,-1.74392188,-1.57989955,1.46421576,-0.456612468,-1.23347545,-1.03565657,0.435946018,-1.82369995,1.42948759,1.40729892,0.450248092,-1.33033371,0.735985816,-0.123943068,0.00350613287,-0.045679491,-0.167569801,0.0198644213,1.15213728,-1.73084414,0.616020977,0.144407958,-0.00302859698,0.0641881377,1.10664272,-1.71801627,0.834943712,0.0941244736
-0.105490603,-0.335708559,0.789275587,0.0593790673,0.0149820913,-0.708112955,0.70343852,0,0,-0.371935666,-1.73890388,-1.59551799,1.4847846,-0.457951188,-1.23502958,-1.0356797,0.413413793,-1.82174289,1.44651544,1.42078769,0.449967355,-1.3315078,0.736606598,-0.134600684,0.00458763633,-0.0455180556,-0.167170808,0.0187768657,1.14800739,-1.72993815,0.615556121,0.144619837,-0.00201021112,0.0623179935,1.10266638,-1.71736288,0.837461114,0.0964273885
-0.105198361,-0.335231006,0.789691806,0.0537868217,0.0107908985,-0.708121002,0.703956783,0,0,-0.342888117,-1.73388588,-1.61113632,1.50535345,-0.459289908,-1.23658359,-1.03570282,0.390881538,-1.81978595,1.46354342,1.43427634,0.449686587,-1.33268189,0.73722738,-0.145258307,0.00566914026,-0.0453566238,-0.166771829,0.0176893082,1.14387751,-1.72903216,0.615091324,0.144831717,-0.000991825014,0.0604478493,1.09869003,-1.71670949,0.839978456,0.0987303033
-0.104906119,-0.334753484,0.790108025,0.048192773,0.0065997974,-0.708094299,0.704440534,0,0,-0.313840538,-1.72886801,-1.62675476,1.5259223,-0.460628599,-1.23813772,-1.03572595,0.368349314,-1.81782901,1.48057139,1.44776511,0.449405849,-1.33385599,0.737848163,-0.155915931,0.00675064325,-0.0451951921,-0.166372851,0.0166017525,1.13974762,-1.72812605,0.614626467,0.145043612,2.65607669E-05,0.0585777052,1.09471369,-1.71605611,0.842495859,0.101033211
-0.104496263,-0.334542453,0.790152192,0.0449092798,0.00459191762,-0.707522213,0.705247879,0,0,-0.29629153,-1.7207104,-1.64628494,1.53842235,-0.461725742,-1.23866427,-1.0357331,0.35701403,-1.81617916,1.49909854,1.45869005,0.449262649,-1.33404946,0.738207519,-0.162262648,0.00783699844,-0.0459031388,-0.166001901,0.0142384497,1.13769269,-1.72789395,0.61417222,0.14553225,0.000918116304,0.0573100075,1.09313822,-1.71597171,0.844378114,0.102359429
-0.104053006,-0.334407151,0.79009068,0.0422818065,0.00320398924,-0.70679462,0.706146836,0,0,-0.282008618,-1.71166098,-1.66692638,1.54863048,-0.462754279,-1.23889887,-1.03573561,0.348859161,-1.81461644,1.51805162,1.46888685,0.449158549,-1.33396435,0.738492548,-0.167384878,0.00892473198,-0.0468580276,-0.165638909,0.0115127778,1.13622725,-1.72785318,0.613721013,0.146099508,0.0017736461,0.0562134273,1.09224474,-1.71604884,0.846079946,0.10340821
-0.103609748,-0.334271848,0.790029168,0.03965386,0.00181600195,-0.706059992,0.707038701,0,0,-0.267725706,-1.70261168,-1.68756783,1.55883861,-0.463782787,-1.23913348,-1.03573823,0.340704322,-1.81305373,1.53700459,1.47908366,0.44905445,-1.33387935,0.738777637,-0.172507092,0.0100124646,-0.0478129163,-0.165275916,0.00878710579,1.13476181,-1.72781241,0.613269746,0.146666765,0.00262917578,0.0551168509,1.09135115,-1.71612597,0.847781718,0.104456998
-0.103166491,-0.334136546,0.789967656,0.0370255075,0.000427997205,-0.705318093,0.707923353,0,0,-0.253442794,-1.69356227,-1.70820928,1.56904674,-0.464811295,-1.2393682,-1.03574085,0.332549453,-1.81149113,1.55595756,1.48928034,0.44895035,-1.33379424,0.739062667,-0.177629322,0.0111001981,-0.0487678051,-0.164912939,0.00606143288,1.13329637,-1.72777164,0.612818539,0.147234023,0.0034847057,0.0540202744,1.09045768,-1.71620309,0.84948355,0.105505779
-0.102723233,-0.334001243,0.789906144,0.0343968309,-0.000959981699,-0.704568982,0.708800733,0,0,-0.239159897,-1.68451297,-1.7288506,1.57925487,-0.465839833,-1.2396028,-1.03574336,0.324394614,-1.80992842,1.57491064,1.49947715,0.448846221,-1.33370912,0.739347756,-0.182751551,0.0121879308,-0.0497226901,-0.164549947,0.00333576114,1.13183093,-1.72773087,0.612367272,0.147801295,0.00434023561,0.052923698,1.0895642,-1.71628022,0.851185381,0.106554568
-0.10235323,-0.334041297,0.789698839,0.0331901275,-0.000834000995,-0.704085827,0.709338367,0,0,-0.233562574,-1.67703366,-1.74362743,1.5834645,-0.466725767,-1.2396332,-1.03598166,0.322966605,-1.80936241,1.58645177,1.50772738,0.448603749,-1.33346486,0.739775717,-0.184606791,0.0132537885,-0.0499539897,-0.164074317,0.00076595234,1.13132191,-1.72798264,0.6121611,0.148509949,0.00503165741,0.0525038093,1.08974957,-1.71673524,0.852368653,0.107181467
-0.102136664,-0.334448695,0.78918606,0.0349620022,0.00246307254,-0.704165399,0.709170401,0,0,-0.246157676,-1.67284286,-1.74612033,1.57510984,-0.467313111,-1.23923612,-1.03671348,0.33562839,-1.81088412,1.58246851,1.51190066,0.44807142,-1.33288741,0.740502954,-0.179619178,0.014273826,-0.0486696847,-0.163362786,-0.00147739123,1.1328162,-1.72884679,0.612468123,0.149514794,0.0053793462,0.0535012819,1.09219491,-1.71798193,0.852465928,0.10692472
-0.101920091,-0.334856063,0.788673282,0.036733456,0.00576024177,-0.704235137,0.708992481,0,0,-0.258752793,-1.66865218,-1.74861336,1.56675518,-0.467900425,-1.23883891,-1.03744531,0.348290175,-1.81240594,1.57848513,1.51607382,0.447539121,-1.33230984,0.741230249,-0.174631566,0.0152938645,-0.0473853797,-0.162651241,-0.00372073473,1.13431048,-1.72971106,0.612775207,0.150519624,0.00572703499,0.0544987507,1.09464014,-1.71922863,0.852563143,0.106667973
-0.101703525,-0.335263431,0.788160503,0.038504418,0.00905736908,-0.70429498,0.708804727,0,0,-0.27134791,-1.66446137,-1.75110626,1.55840063,-0.46848774,-1.23844182,-1.03817713,0.36095196,-1.81392765,1.57450175,1.52024698,0.447006792,-1.33173227,0.741957486,-0.169643953,0.016313903,-0.0461010747,-0.161939695,-0.00596407847,1.13580489,-1.73057532,0.61308223,0.151524469,0.00607472379,0.0554962233,1.09708536,-1.7204752,0.852660358,0.106411234
-0.101486959,-0.335670829,0.787647784,0.0402748063,0.0123543115,-0.704344928,0.708606899,0,0,-0.283942997,-1.66027057,-1.75359929,1.55004597,-0.469075084,-1.23804462,-1.03890896,0.373613745,-1.81544936,1.57051849,1.52442014,0.446474463,-1.33115482,0.742684782,-0.164656341,0.0173339415,-0.0448167697,-0.16122815,-0.00820742175,1.13729918,-1.73143959,0.613389313,0.152529314,0.00642241258,0.0564936921,1.09953058,-1.72172189,0.852757633,0.106154487
-0.101270385,-0.336078197,0.787135005,0.0420445539,0.0156509336,-0.704384923,0.708399117,0,0,-0.296538115,-1.65607989,-1.75609219,1.54169142,-0.469662398,-1.23764741,-1.03964078,0.38627553,-1.81697118,1.56653512,1.5285933,0.445942163,-1.33057725,0.743412018,-0.159668729,0.01835398,-0.0435324647,-0.16051662,-0.0104507655,1.13879347,-1.73230374,0.613696337,0.153534159,0.00677010138,0.0574911609,1.1019758,-1.72296846,0.852854848,0.10589774
-0.101307318,-0.336399943,0.786561728,0.0454129837,0.0187262446,-0.703347623,0.709146798,0,0,-0.313242912,-1.66190827,-1.739573,1.52994633,-0.469932199,-1.23838937,-1.04015303,0.397579253,-1.81803131,1.55377698,1.52142239,0.444984913,-1.33166945,0.744552255,-0.153413877,0.0176443644,-0.045029521,-0.159804881,-0.0123615135,1.14186013,-1.73328853,0.613802493,0.152679354,0.00683719292,0.0581019297,1.10580683,-1.72393811,0.851678669,0.104751721
-0.101382956,-0.336708605,0.785979152,0.0490248911,0.0217676144,-0.702130437,0.710025132,0,0,-0.330575347,-1.66926682,-1.72015011,1.51768351,-0.470153511,-1.23930538,-1.04063165,0.408675581,-1.81902099,1.53967869,1.512519,0.443962783,-1.33301651,0.745755553,-0.146965474,0.0166705828,-0.0469513647,-0.159093112,-0.0142214643,1.14516687,-1.73429167,0.613878012,0.151540533,0.0068614292,0.0586536378,1.10984957,-1.72486532,0.850307941,0.103469886
-0.101458602,-0.337017268,0.785396636,0.0526357517,0.0248085782,-0.700895905,0.710886002,0,0,-0.347907782,-1.67662537,-1.70072734,1.50542068,-0.470374823,-1.24022126,-1.0411104,0.41977191,-1.82001078,1.52558029,1.5036155,0.442940652,-1.3343637,0.746958792,-0.140517071,0.0156968031,-0.0488732085,-0.158381343,-0.0160814151,1.14847374,-1.73529482,0.613953471,0.150401711,0.00688566547,0.0592053495,1.1138922,-1.72579253,0.848937273,0.102188058
-0.101534247,-0.337325931,0.78481406,0.0562452897,0.0278489087,-0.699644208,0.711729527,0,0,-0.365240216,-1.68398392,-1.68130445,1.49315786,-0.470596135,-1.24113715,-1.04158914,0.430868238,-1.82100046,1.511482,1.49471211,0.441918492,-1.33571088,0.748162091,-0.134068668,0.0147230225,-0.0507950522,-0.157669574,-0.0179413669,1.15178049,-1.73629808,0.614028931,0.149262905,0.00690990221,0.0597570576,1.11793494,-1.72671974,0.847566605,0.100906223
-0.101609893,-0.337634593,0.784231544,0.0598532595,0.0308883917,-0.698375463,0.712555468,0,0,-0.382572681,-1.69134247,-1.66188157,1.48089504,-0.470817447,-1.24205303,-1.04206777,0.441964567,-1.82199013,1.49738371,1.48580861,0.440896362,-1.33705807,0.749365389,-0.12762028,0.0137492428,-0.0527168959,-0.15695782,-0.0198013168,1.15508735,-1.73730123,0.61410439,0.148124084,0.00693413848,0.0603087656,1.12197757,-1.72764695,0.846195936,0.0996243954
-0.101719528,-0.337923259,0.783922315,0.0624676012,0.0330719948,-0.697442174,0.713146925,0,0,-0.396946877,-1.69878972,-1.64365757,1.46782565,-0.471143782,-1.24192619,-1.04242766,0.451627374,-1.82283723,1.4853673,1.47514176,0.440026611,-1.33730447,0.750608027,-0.122618034,0.012769145,-0.0536905117,-0.15614526,-0.0210650414,1.15658784,-1.73776364,0.614574969,0.14698559,0.00726056658,0.060386274,1.12422895,-1.72812879,0.845176518,0.0983408839
-0.101877697,-0.338183373,0.784003317,0.0636650398,0.0340345725,-0.697005928,0.713422179,0,0,-0.407096833,-1.7063638,-1.62714553,1.45360446,-0.471620083,-1.24031031,-1.04261768,0.459243208,-1.82348049,1.47632408,1.46195674,0.439374387,-1.33597898,0.751906812,-0.119680852,0.0117800264,-0.0533100888,-0.155188784,-0.0214773752,1.15550935,-1.73745382,0.615609586,0.145847559,0.00801851321,0.0597866476,1.12392235,-1.72797441,0.844658613,0.0970549881
-0.102035865,-0.338443518,0.78408432,0.0648623258,0.0349970646,-0.696567893,0.713695586,0,0,-0.417246789,-1.71393788,-1.61063349,1.43938327,-0.472096384,-1.23869443,-1.04280782,0.466859013,-1.82412374,1.46728075,1.44877183,0.438722193,-1.33465362,0.753205597,-0.116743669,0.0107909087,-0.0529296696,-0.154232308,-0.0218897071,1.15443075,-1.73714399,0.616644263,0.144709542,0.00877645984,0.0591870211,1.12361586,-1.72782016,0.844140768,0.095769085
-0.102194034,-0.338703632,0.784165323,0.0660594329,0.0359594673,-0.696127951,0.713967085,0,0,-0.427396715,-1.72151184,-1.59412134,1.42516208,-0.472572684,-1.23707855,-1.04299796,0.474474818,-1.82476711,1.45823741,1.43558681,0.438069999,-1.33332813,0.754504442,-0.113806486,0.00980179012,-0.0525492467,-0.153275833,-0.0223020408,1.15335214,-1.73683417,0.61767894,0.143571511,0.00953440648,0.0585873947,1.12330925,-1.7276659,0.843622923,0.0944831818
-0.102352202,-0.338963777,0.784246325,0.0672563761,0.0369217694,-0.695686221,0.714236736,0,0,-0.43754667,-1.72908592,-1.5776093,1.41094089,-0.473048985,-1.23546255,-1.0431881,0.482090652,-1.82541037,1.44919407,1.42240191,0.437417775,-1.33200276,0.755803227,-0.110869303,0.00881267153,-0.0521688275,-0.152319372,-0.0227143727,1.15227354,-1.73652446,0.618713617,0.142433494,0.010292354,0.0579877682,1.12300277,-1.72751153,0.843105078,0.0931972861
-0.10251037,-0.339223891,0.784327328,0.0684531257,0.0378839746,-0.695242703,0.714504421,0,0,-0.447696626,-1.73666,-1.56109726,1.39671969,-0.473525286,-1.23384666,-1.04337811,0.489706457,-1.82605374,1.44015086,1.40921688,0.436765581,-1.33067739,0.757102013,-0.107932121,0.00782355387,-0.0517884046,-0.151362896,-0.0231267065,1.15119493,-1.73621464,0.619748294,0.141295463,0.0110503007,0.0573881418,1.12269628,-1.72735727,0.842587173,0.091911383
-0.102601439,-0.339338034,0.784415185,0.0689170659,0.03766625,-0.694751263,0.71494925,0,0,-0.450655371,-1.74186218,-1.55549026,1.39283562,-0.474157482,-1.23404431,-1.04347956,0.490911931,-1.8264817,1.43835342,1.40213323,0.436232567,-1.33076727,0.757981122,-0.107345596,0.00671373308,-0.0523553602,-0.150953814,-0.0222301818,1.1506058,-1.7360183,0.620869756,0.140456751,0.0117042456,0.0560706109,1.12250268,-1.72729754,0.842387617,0.0914278924
-0.10268943,-0.339445502,0.7845034,0.0693474263,0.0373944938,-0.694257259,0.715401709,0,0,-0.453284919,-1.74695587,-1.55038249,1.38942468,-0.474796802,-1.23432505,-1.04357696,0.491823941,-1.82689989,1.43688786,1.39532888,0.435705006,-1.33092201,0.758841038,-0.10686668,0.00559838722,-0.0529656857,-0.150569797,-0.0212737415,1.1500392,-1.73582721,0.621995151,0.139631748,0.0123534286,0.0547202192,1.12231433,-1.72724223,0.842202663,0.0909811407
-0.102777429,-0.339552999,0.784591556,0.069777742,0.0371227078,-0.69376266,0.715853572,0,0,-0.455914497,-1.75204945,-1.54527462,1.38601375,-0.475436121,-1.23460567,-1.04367435,0.492735982,-1.82731807,1.43542218,1.38852453,0.435177445,-1.33107674,0.759700894,-0.106387757,0.00448304135,-0.0535760075,-0.150185779,-0.020317303,1.14947248,-1.73563612,0.623120546,0.138806745,0.0130026126,0.0533698276,1.12212598,-1.72718692,0.84201771,0.090534389
-0.10286542,-0.339660466,0.78467977,0.0702079982,0.0368508995,-0.693267643,0.716305077,0,0,-0.458544046,-1.75714302,-1.54016685,1.38260281,-0.476075441,-1.23488641,-1.04377174,0.493647993,-1.82773614,1.4339565,1.38172007,0.434649885,-1.33123159,0.760560811,-0.105908841,0.00336769549,-0.054186333,-0.149801761,-0.0193608627,1.14890587,-1.73544502,0.624245942,0.137981728,0.0136517966,0.0520194359,1.12193751,-1.72713161,0.841832697,0.0900876299
-0.102953419,-0.339767933,0.784767985,0.0706382021,0.0365790576,-0.69277209,0.716755927,0,0,-0.461173594,-1.76223671,-1.53505909,1.37919188,-0.47671476,-1.23516703,-1.04386914,0.494560033,-1.82815433,1.43249083,1.37491572,0.434122354,-1.33138633,0.761420667,-0.105429918,0.00225234963,-0.0547966585,-0.149417743,-0.0184044223,1.14833915,-1.73525393,0.625371337,0.137156725,0.0143009797,0.0506690443,1.12174916,-1.72707629,0.841647744,0.0896408781
-0.102865219,-0.339599699,0.784969449,0.0682771653,0.0343458429,-0.692698121,0.717166603,0,0,-0.448889941,-1.76235497,-1.53839529,1.3873719,-0.477488369,-1.23558426,-1.04388845,0.483994275,-1.82716978,1.43908811,1.37868547,0.433671921,-1.33165729,0.762231112,-0.110105202,0.00205454021,-0.0546383299,-0.148964837,-0.0170177836,1.1458739,-1.73500907,0.62610364,0.136907831,0.0152860107,0.048590228,1.11973202,-1.72701144,0.842367887,0.0902696177
-0.102601238,-0.339156389,0.785283983,0.0631284863,0.0301541593,-0.693022072,0.7175138,0,0,-0.421728015,-1.75750971,-1.55015588,1.40711558,-0.478395939,-1.23613787,-1.04382992,0.46197769,-1.82478595,1.45372951,1.39300454,0.433298439,-1.33204424,0.762992144,-0.119922608,0.00277211634,-0.0537131503,-0.148443177,-0.015201956,1.14151454,-1.73471069,0.626443863,0.137233675,0.0166061018,0.0457846895,1.11589038,-1.72693717,0.843991041,0.0919713229
-0.102337264,-0.338713109,0.785598457,0.0579764582,0.0259606857,-0.693315327,0.717829108,0,0,-0.394566119,-1.75266433,-1.56191635,1.42685938,-0.479303539,-1.23669136,-1.04377127,0.439961106,-1.822402,1.4683708,1.40732372,0.432924956,-1.33243108,0.763753235,-0.129740015,0.00348969223,-0.0527879708,-0.147921517,-0.0133861285,1.13715529,-1.73441243,0.626784086,0.137559518,0.0179261938,0.0429791547,1.11204875,-1.72686291,0.845614195,0.0936730281
-0.102073289,-0.3382698,0.785912991,0.0528217591,0.0217659809,-0.693577886,0.718112707,0,0,-0.367404193,-1.74781895,-1.57367682,1.44660318,-0.480211139,-1.23724484,-1.04371274,0.417944521,-1.82001805,1.4830122,1.42164278,0.432551473,-1.33281803,0.764514267,-0.139557421,0.00420726836,-0.0518627912,-0.147399873,-0.0115703009,1.13279593,-1.73411405,0.62712431,0.137885377,0.0192462839,0.04017362,1.10820711,-1.72678864,0.847237349,0.0953747332
-0.101809308,-0.33782649,0.786227524,0.0476650745,0.0175705943,-0.693809748,0.718364477,0,0,-0.340242267,-1.74297369,-1.58543742,1.46634686,-0.481118709,-1.23779833,-1.04365408,0.395927936,-1.81763422,1.49765348,1.43596196,0.432177991,-1.33320498,0.7652753,-0.149374828,0.00492484448,-0.0509376116,-0.146878213,-0.00975447241,1.12843657,-1.73381567,0.627464592,0.138211221,0.0205663759,0.0373680852,1.10436547,-1.72671437,0.848860502,0.0970764458
-0.101541623,-0.337380797,0.786529899,0.0425190739,0.0134073179,-0.694009423,0.718584299,0,0,-0.313104987,-1.73794973,-1.59764421,1.48626494,-0.482033104,-1.2383436,-1.0435977,0.373937219,-1.81523991,1.51269126,1.45060015,0.431806117,-1.3335849,0.76603359,-0.159145579,0.00568385888,-0.0500035211,-0.146373078,-0.00802061334,1.12410045,-1.73355317,0.627757847,0.13861458,0.02186995,0.0346051082,1.10054731,-1.72665,0.85046494,0.0987769067
-0.101195231,-0.336883903,0.786575019,0.0376263149,0.00992841367,-0.694152772,0.718775153,0,0,-0.286490619,-1.72913039,-1.61933327,1.50988472,-0.483092099,-1.23871219,-1.04358745,0.352496654,-1.81262565,1.53615427,1.47201884,0.431468695,-1.33381641,0.766732812,-0.167924747,0.00732339406,-0.0488800891,-0.146218866,-0.00802849513,1.12025869,-1.73405254,0.627053559,0.140664801,0.0228225831,0.032746423,1.0972259,-1.72679663,0.851671278,0.100450955
-0.100848831,-0.336387038,0.78662014,0.0327316038,0.00644872617,-0.694270968,0.718940079,0,0,-0.259876281,-1.72031093,-1.64102244,1.53350461,-0.484151125,-1.23908091,-1.04357719,0.331056058,-1.81001139,1.55961716,1.49343753,0.431131303,-1.33404791,0.767431974,-0.17670393,0.00896292925,-0.0477566607,-0.146064639,-0.00803637598,1.11641681,-1.73455191,0.62634927,0.142715007,0.0237752143,0.0308877379,1.09390438,-1.72694325,0.852877676,0.102125004
-0.100502439,-0.335890174,0.78666532,0.0278354716,0.00296863588,-0.69436425,0.719079137,0,0,-0.233261928,-1.71149158,-1.66271162,1.5571245,-0.485210121,-1.2394495,-1.04356694,0.309615463,-1.80739713,1.58308017,1.51485622,0.430793881,-1.33427942,0.768131196,-0.185483098,0.010602464,-0.0466332324,-0.145910427,-0.00804425776,1.11257505,-1.73505127,0.625644982,0.144765228,0.0247278456,0.0290290546,1.09058297,-1.72708976,0.854084074,0.10379906
-0.100156046,-0.33539328,0.786710441,0.0229384415,-0.000511483115,-0.694432378,0.719192088,0,0,-0.206647575,-1.70267224,-1.6844008,1.58074439,-0.486269116,-1.23981822,-1.04355669,0.288174868,-1.80478287,1.60654306,1.53627491,0.43045646,-1.33451092,0.768830419,-0.194262281,0.0122419996,-0.045509804,-0.145756215,-0.00805213861,1.10873318,-1.73555076,0.624940693,0.146815449,0.0256804768,0.0271703694,1.08726156,-1.72723639,0.855290413,0.105473109
-0.0998096466,-0.334896415,0.786755562,0.0180410538,-0.00399125181,-0.694475412,0.71927917,0,0,-0.180033237,-1.6938529,-1.70608997,1.60436428,-0.487328112,-1.24018681,-1.04354644,0.266734272,-1.80216861,1.63000607,1.5576936,0.430119067,-1.33474243,0.769529581,-0.203041449,0.0138815343,-0.044386372,-0.145601988,-0.00806002039,1.10489142,-1.73605013,0.624236405,0.14886567,0.026633108,0.0253116861,1.08394015,-1.72738302,0.856496811,0.107147157
-0.0994927064,-0.334733278,0.786855757,0.0162479486,-0.00478815287,-0.694680035,0.71911943,0,0,-0.169323027,-1.68414259,-1.72340977,1.61861432,-0.487861812,-1.23911047,-1.04364502,0.259256661,-1.79899955,1.64477742,1.57249629,0.429795325,-1.33366239,0.770382702,-0.205779433,0.0151009364,-0.0429721363,-0.145982549,-0.00843664259,1.10341632,-1.73592675,0.623313963,0.150436506,0.0266875587,0.025303103,1.08244324,-1.72712541,0.85722208,0.107908957
-0.099196285,-0.334802687,0.786994338,0.016618209,-0.0037156425,-0.695008695,0.71879971,0,0,-0.169696584,-1.67381132,-1.73768473,1.62633431,-0.48802942,-1.23702705,-1.04381931,0.261509985,-1.79544389,1.65349138,1.58268809,0.429481149,-1.33166838,0.771343052,-0.204307258,0.0160275437,-0.0413552374,-0.146735772,-0.00907024648,1.10359061,-1.73536956,0.62223947,0.151673272,0.0261160564,0.0265838765,1.08221781,-1.7265861,0.857612073,0.108034991
-0.0988998637,-0.334872097,0.787132919,0.0169884469,-0.00264312304,-0.695336342,0.718478858,0,0,-0.170070156,-1.66347992,-1.75195956,1.6340543,-0.488197029,-1.23494363,-1.04399359,0.263763309,-1.79188824,1.66220546,1.59288001,0.429166973,-1.32967424,0.772303343,-0.202835068,0.0169541501,-0.0397383347,-0.147489011,-0.00970385037,1.10376489,-1.73481238,0.621165037,0.152910024,0.0255445521,0.0278646518,1.08199239,-1.72604692,0.858002126,0.108161032
-0.0986034423,-0.334941536,0.787271559,0.0173586588,-0.00157059869,-0.695662916,0.718156874,0,0,-0.170443714,-1.65314865,-1.76623452,1.64177442,-0.488364637,-1.23286021,-1.04416788,0.266016603,-1.78833258,1.67091954,1.60307181,0.428852767,-1.32768011,0.773263693,-0.201362878,0.0178807564,-0.0381214321,-0.148242235,-0.0103374533,1.10393918,-1.73425519,0.620090544,0.154146791,0.0249730498,0.0291454252,1.08176696,-1.72550762,0.858392119,0.108287066
-0.098307021,-0.335010946,0.78741014,0.0177288428,-0.000498075329,-0.695988536,0.717833877,0,0,-0.170817271,-1.64281738,-1.78050935,1.64949441,-0.488532245,-1.23077679,-1.04434216,0.268269926,-1.78477693,1.67963362,1.61326361,0.428538591,-1.3256861,0.774224043,-0.199890688,0.0188073628,-0.0365045294,-0.148995474,-0.0109710572,1.10411346,-1.73369789,0.619016111,0.155383542,0.0244015474,0.0304261986,1.08154154,-1.72496831,0.858782113,0.108413108
-0.0980587006,-0.335126728,0.78748554,0.0186107382,0.00091328565,-0.69627434,0.717533886,0,0,-0.173969194,-1.6344465,-1.79071224,1.65440583,-0.488675296,-1.2291832,-1.04451644,0.272241205,-1.7821331,1.68447649,1.62112594,0.428119749,-1.32419908,0.775226653,-0.197662562,0.0195650607,-0.0351039618,-0.149791822,-0.0114988927,1.10497332,-1.73325348,0.617944837,0.156430751,0.0236381274,0.0320677832,1.08188844,-1.72453845,0.85895431,0.108415961
-0.0981221199,-0.335542947,0.787151337,0.0228093918,0.0045210598,-0.69629705,0.717376947,0,0,-0.19512859,-1.63878131,-1.77452207,1.64111423,-0.488659143,-1.23076403,-1.04469001,0.287347168,-1.78539872,1.66422939,1.61388958,0.427022487,-1.32599914,0.776503146,-0.19053492,0.0192279909,-0.0351055376,-0.150867611,-0.0113412123,1.11027586,-1.7335403,0.616894126,0.156249344,0.0216308273,0.0360479169,1.08594489,-1.72481775,0.857714653,0.107620433
-0.0981855392,-0.335959166,0.786817193,0.027007753,0.00812904909,-0.69629848,0.717197955,0,0,-0.216288,-1.64311624,-1.75833189,1.62782252,-0.48864302,-1.23234487,-1.0448637,0.30245316,-1.78866434,1.64398217,1.60665333,0.425925255,-1.32779908,0.777779639,-0.183407277,0.0188909229,-0.0351071097,-0.151943415,-0.011183532,1.11557841,-1.73382699,0.615843475,0.156067923,0.0196235254,0.0400280468,1.09000123,-1.72509706,0.856475055,0.106824897
-0.098248966,-0.336375415,0.786483049,0.0312054437,0.011736922,-0.696278572,0.716997087,0,0,-0.237447411,-1.64745116,-1.74214172,1.6145308,-0.488626868,-1.23392582,-1.04503739,0.317559123,-1.79192996,1.62373495,1.59941697,0.424828023,-1.32959914,0.779056191,-0.176279634,0.0185538549,-0.0351086818,-0.153019205,-0.0110258516,1.12088096,-1.73411369,0.614792764,0.155886516,0.0176162254,0.0440081805,1.09405756,-1.72537637,0.855235398,0.106029369
-0.0983123854,-0.336791635,0.786148846,0.0354020633,0.0153443404,-0.696237206,0.716774046,0,0,-0.258606821,-1.65178609,-1.72595155,1.60123909,-0.488610744,-1.23550665,-1.04521096,0.332665086,-1.7951957,1.60348773,1.59218061,0.423730791,-1.33139908,0.780332685,-0.169152007,0.0182167869,-0.0351102538,-0.154095009,-0.0108681703,1.12618351,-1.73440039,0.613742054,0.155705109,0.0156089254,0.0479883142,1.09811401,-1.72565567,0.85399574,0.105233841
-0.0983758047,-0.337207854,0.785814703,0.0395972431,0.0189509802,-0.696174562,0.716529131,0,0,-0.279766202,-1.65612102,-1.70976138,1.58794737,-0.488594592,-1.23708749,-1.04538465,0.347771049,-1.79846132,1.58324051,1.58494437,0.422633529,-1.33319902,0.781609178,-0.162024364,0.0178797171,-0.0351118259,-0.155170798,-0.0107104899,1.13148606,-1.73468709,0.612691402,0.155523703,0.0136016244,0.0519684441,1.10217035,-1.72593498,0.852756083,0.104438312
-0.0984808579,-0.337605506,0.785572767,0.0433778055,0.0216587465,-0.695918441,0.716482341,0,0,-0.298911393,-1.66317332,-1.69057035,1.57238269,-0.488589376,-1.23777246,-1.04550827,0.36030829,-1.80095196,1.56446433,1.57150733,0.421794176,-1.33433688,0.782781124,-0.155561775,0.0168577861,-0.0358150862,-0.155885622,-0.0106678167,1.13479066,-1.7349416,0.612746716,0.154940158,0.0120759131,0.0548428334,1.10465586,-1.72610319,0.851803243,0.10369949
-0.0986056775,-0.337994367,0.785374582,0.0469615646,0.0239397846,-0.695566416,0.716525555,0,0,-0.317100048,-1.67151618,-1.6699543,1.55573857,-0.488589346,-1.23803198,-1.04560828,0.371625692,-1.8030746,1.5463866,1.55512583,0.421077281,-1.33516026,0.78390342,-0.149414986,0.0155106317,-0.0368515626,-0.156429052,-0.0106797582,1.13714647,-1.73518097,0.613327265,0.154165655,0.0107788965,0.0571921356,1.10639536,-1.72621858,0.85098654,0.102987602
-0.0987304971,-0.338383198,0.785176396,0.0505446084,0.0262204781,-0.695201755,0.716555834,0,0,-0.335288733,-1.67985904,-1.64933825,1.53909445,-0.488589287,-1.2382915,-1.04570818,0.382943094,-1.80519724,1.52830887,1.53874433,0.420360386,-1.33598363,0.785025656,-0.143268213,0.0141634773,-0.0378880352,-0.156972468,-0.0106916986,1.13950229,-1.73542023,0.613907814,0.153391153,0.00948187895,0.059541434,1.10813475,-1.7263341,0.850169837,0.102275714
-0.0988553166,-0.338772058,0.784978211,0.054126747,0.0285007022,-0.694824576,0.71657306,0,0,-0.353477418,-1.6882019,-1.62872219,1.52245045,-0.488589257,-1.23855102,-1.04580808,0.394260526,-1.80731988,1.51023126,1.52236283,0.419643492,-1.33680701,0.786147952,-0.137121439,0.012816323,-0.0389245115,-0.157515883,-0.0107036391,1.1418581,-1.7356596,0.614488304,0.15261665,0.00818486139,0.0618907362,1.10987425,-1.72644949,0.849353135,0.101563826
-0.0989801362,-0.339160889,0.784780025,0.0577077679,0.0307803247,-0.694434702,0.716577172,0,0,-0.371666074,-1.69654477,-1.60810614,1.50580633,-0.488589197,-1.23881054,-1.04590797,0.405577928,-1.80944264,1.49215353,1.50598133,0.418926597,-1.33763039,0.787270248,-0.130974665,0.0114691677,-0.0399609841,-0.158059314,-0.0107155805,1.14421391,-1.73589885,0.615068853,0.151842147,0.00688784383,0.0642400384,1.11161375,-1.726565,0.848536432,0.100851938
-0.0991143063,-0.339499652,0.784612238,0.060958676,0.0327257402,-0.69409287,0.716553092,0,0,-0.388421267,-1.70475709,-1.58886111,1.48954713,-0.48863703,-1.23894823,-1.04596281,0.416178942,-1.81140006,1.47614563,1.49013996,0.418302476,-1.33828449,0.788281441,-0.125405297,0.0101544531,-0.0409146287,-0.158559009,-0.0106745847,1.14625609,-1.73615491,0.61575824,0.150981218,0.00568700675,0.0662475303,1.11303365,-1.72665834,0.847755313,0.100061245
-0.0992811695,-0.339663237,0.784550846,0.0630590767,0.0335046537,-0.693955839,0.716468096,0,0,-0.400164068,-1.71251357,-1.5744102,1.47463346,-0.488852203,-1.23865962,-1.04585958,0.424274981,-1.81277978,1.4673754,1.47618699,0.418002754,-1.33834672,0.788904428,-0.121854968,0.00895316899,-0.0415786356,-0.158905849,-0.0104484838,1.14720154,-1.73646963,0.616828322,0.149818093,0.00482248468,0.0670598224,1.11333585,-1.72667432,0.847098649,0.0989950001
-0.0994480401,-0.339826822,0.784489453,0.0651591867,0.034283407,-0.693815172,0.716379404,0,0,-0.411906838,-1.72026992,-1.55995941,1.45971978,-0.489067405,-1.23837101,-1.04575646,0.432370991,-1.81415951,1.45860517,1.4622339,0.417703062,-1.33840907,0.789527416,-0.118304648,0.0077518844,-0.0422426425,-0.159252688,-0.0102223828,1.14814699,-1.73678434,0.617898405,0.148654968,0.00395796215,0.0678721145,1.11363804,-1.72669029,0.846441984,0.097928755
-0.0996149108,-0.339990437,0.78442812,0.0672589913,0.0350619927,-0.693671107,0.716287196,0,0,-0.423649609,-1.72802627,-1.5455085,1.4448061,-0.489282608,-1.23808241,-1.04565334,0.440467,-1.81553924,1.44983494,1.44828093,0.41740334,-1.33847129,0.790150404,-0.114754319,0.00655060029,-0.0429066494,-0.159599543,-0.00999628194,1.14909256,-1.73709905,0.618968487,0.147491843,0.00309343962,0.0686843991,1.11394024,-1.72670627,0.84578532,0.0968625098
-0.099781774,-0.340154022,0.784366727,0.0693584383,0.0358403958,-0.693523526,0.716191351,0,0,-0.43539238,-1.73578262,-1.5310576,1.42989242,-0.489497781,-1.2377938,-1.04555011,0.44856301,-1.81691897,1.44106472,1.43432796,0.417103648,-1.33853352,0.790773392,-0.111203991,0.00534931617,-0.0435706563,-0.159946382,-0.00977018103,1.150038,-1.73741364,0.620038569,0.146328703,0.00222891709,0.0694966912,1.11424243,-1.72672236,0.845128715,0.0957962647
-0.0999486446,-0.340317637,0.784305334,0.0714575127,0.036618609,-0.693372488,0.716091871,0,0,-0.44713515,-1.74353898,-1.51660681,1.41497874,-0.489712983,-1.2375052,-1.04544699,0.456659019,-1.8182987,1.43229449,1.42037499,0.416803956,-1.33859575,0.791396379,-0.107653663,0.00414803205,-0.0442346632,-0.160293221,-0.00954407919,1.15098345,-1.73772836,0.621108651,0.145165578,0.00136439491,0.0703089833,1.11454475,-1.72673833,0.844472051,0.0947300196
-0.100182094,-0.340495735,0.784455478,0.0727358237,0.0367622823,-0.69351685,0.715815961,0,0,-0.453897327,-1.7496357,-1.5056535,1.40044546,-0.490391523,-1.23573446,-1.04542243,0.461961597,-1.81930816,1.42549169,1.40743041,0.416919947,-1.33710337,0.791929483,-0.105446756,0.00350810401,-0.0442965105,-0.160771832,-0.00909533072,1.15075505,-1.73771369,0.622566521,0.143584862,0.000612541917,0.0700145066,1.11365676,-1.72595048,0.843547523,0.0934298858
-0.100435793,-0.340678245,0.784669936,0.0737644508,0.036712911,-0.693751037,0.715486288,0,0,-0.459144324,-1.75522757,-1.49576426,1.38602793,-0.491211057,-1.23351276,-1.04542184,0.466414332,-1.82020497,1.41928756,1.39479256,0.417162389,-1.33513808,0.792435288,-0.103648528,0.0030389498,-0.0441751778,-0.161290526,-0.00857884996,1.15016937,-1.73759878,0.624142349,0.141877115,-0.00010503512,0.0693833306,1.11240685,-1.72491813,0.842541456,0.0920585915
-0.100689493,-0.340860754,0.784884393,0.0747929811,0.036663495,-0.69398433,0.715155602,0,0,-0.464391321,-1.76081932,-1.48587501,1.3716104,-0.492030561,-1.23129117,-1.04542124,0.470867097,-1.82110178,1.41308343,1.38215482,0.41740483,-1.3331728,0.792941093,-0.101850308,0.00256979559,-0.0440538414,-0.161809221,-0.00806236826,1.14958382,-1.73748386,0.625718236,0.140169352,-0.000822612143,0.0687521622,1.11115682,-1.72388577,0.841535449,0.0906872973
-0.1009432,-0.341043293,0.785098791,0.0758214369,0.0366140343,-0.694216788,0.7148242,0,0,-0.469638348,-1.76641119,-1.47598577,1.35719287,-0.492850065,-1.22906947,-1.04542065,0.475319833,-1.8219986,1.40687919,1.36951709,0.417647272,-1.33120751,0.793446898,-0.100052081,0.00210064114,-0.043932505,-0.16232793,-0.00754588703,1.14899826,-1.73736906,0.627294064,0.138461605,-0.00154018926,0.0681209862,1.10990679,-1.72285354,0.840529442,0.0893160105
-0.1011969,-0.341225803,0.785313249,0.0768497884,0.0365645289,-0.694448411,0.714491844,0,0,-0.474885345,-1.77200305,-1.46609652,1.34277523,-0.493669599,-1.22684789,-1.04542005,0.479772568,-1.82289541,1.40067506,1.35687923,0.417889714,-1.32924211,0.793952644,-0.0982538611,0.00163148704,-0.0438111685,-0.162846625,-0.00702940533,1.1484127,-1.73725414,0.628869891,0.136753842,-0.0022577662,0.0674898177,1.10865688,-1.72182119,0.839523375,0.0879447162
-0.1016993,-0.341485709,0.785426378,0.078509897,0.0368863679,-0.694306552,0.714432657,0,0,-0.478144109,-1.77623165,-1.45685494,1.32897532,-0.494816095,-1.22463524,-1.04539597,0.482246011,-1.82369459,1.39347911,1.34489501,0.418186545,-1.32729614,0.794433773,-0.0931546092,0.000842965266,-0.0444960818,-0.162971616,-0.00600166665,1.14505589,-1.73803771,0.631410062,0.133808702,-0.00212549511,0.0660517663,1.10533893,-1.7227478,0.836351752,0.0856791958
-0.102752388,-0.341917008,0.785314977,0.081568636,0.0380303375,-0.693333983,0.714974344,0,0,-0.477000266,-1.77744198,-1.4490478,1.31654322,-0.496686697,-1.22244275,-1.04531956,0.480336487,-1.82427752,1.38408673,1.3343581,0.418603897,-1.32539284,0.794860303,-0.0807457045,-0.000652751594,-0.0469663218,-0.162224814,-0.00384181924,1.13556254,-1.74081051,0.636085749,0.128123552,-0.00011135298,0.0628270134,1.09744203,-1.7280122,0.828384578,0.0814335197
-0.103805482,-0.342348307,0.785203636,0.0846265033,0.0391738936,-0.692353129,0.715507448,0,0,-0.475856394,-1.77865219,-1.44124055,1.30411112,-0.49855727,-1.22025025,-1.04524314,0.478426963,-1.82486045,1.37469447,1.32382107,0.419021219,-1.32348967,0.795286834,-0.0683367923,-0.00214846851,-0.0494365618,-0.161478013,-0.00168197171,1.12606919,-1.74358344,0.640761435,0.122438408,0.00190278923,0.0596022569,1.08954501,-1.73327672,0.820417464,0.0771878511
-0.104858577,-0.342779607,0.785092294,0.087683402,0.0403169952,-0.69136405,0.716032147,0,0,-0.474712521,-1.7798624,-1.43343329,1.29167891,-0.500427842,-1.21805775,-1.04516673,0.476517439,-1.82544339,1.36530221,1.31328404,0.419438541,-1.32158637,0.795713305,-0.0559278838,-0.00364418561,-0.0519068018,-0.160731196,0.000477876165,1.11657584,-1.74635637,0.645437121,0.116753258,0.0039169318,0.0563775003,1.08164811,-1.73854113,0.812450349,0.072942175
-0.105911672,-0.343210876,0.784980893,0.0907392055,0.0414596014,-0.690366685,0.716548264,0,0,-0.473568648,-1.78107262,-1.42562616,1.27924681,-0.502298474,-1.21586525,-1.04509032,0.474607944,-1.82602632,1.35590982,1.30274701,0.419855863,-1.31968307,0.796139836,-0.0435189791,-0.00513990223,-0.0543770418,-0.159984395,0.00263772323,1.10708237,-1.7491293,0.650112808,0.111068107,0.0059310738,0.0531527437,1.07375109,-1.74380565,0.804483175,0.0686964989
-0.106964767,-0.343642175,0.784869552,0.0937938169,0.0426016673,-0.689361215,0.717055857,0,0,-0.472424805,-1.78228295,-1.4178189,1.26681459,-0.504169047,-1.21367264,-1.04501402,0.47269842,-1.82660925,1.34651756,1.2922101,0.420273185,-1.3177799,0.796566367,-0.0311100688,-0.00663561933,-0.0568472855,-0.159237593,0.00479757134,1.09758902,-1.75190222,0.654788494,0.105382949,0.00794521626,0.0499279909,1.06585419,-1.74907005,0.796516061,0.0644508228
-0.108850934,-0.343746096,0.78545928,0.0961777419,0.042737782,-0.688533902,0.717526734,0,0,-0.470821112,-1.78163469,-1.41005766,1.25495517,-0.506246984,-1.21219957,-1.04478836,0.471387148,-1.82701766,1.33739591,1.28176546,0.420713782,-1.31660414,0.796856642,-0.0113649061,-0.0089576859,-0.061173752,-0.156656533,0.0079567004,1.0724225,-1.75335491,0.66320312,0.0994304493,0.0123879546,0.0481606722,1.06930733,-1.77503157,0.782854617,0.0541447215
-0.110877849,-0.343794733,0.786167443,0.0984479785,0.0427037477,-0.687733591,0.717988193,0,0,-0.469139755,-1.78067255,-1.40230405,1.24319255,-0.508359909,-1.21084797,-1.04453766,0.470176995,-1.82739663,1.32831991,1.27133632,0.421158344,-1.31555128,0.797123969,0.00961976778,-0.0114193708,-0.0658138469,-0.153765589,0.0112846652,1.04460788,-1.75458455,0.672249436,0.0934327766,0.0172410216,0.0466395989,1.07467818,-1.80448997,0.768231153,0.0428146608
-0.112904772,-0.343843341,0.786875665,0.100717634,0.042669449,-0.686929166,0.718445301,0,0,-0.467458397,-1.77971041,-1.39455056,1.23142982,-0.510472834,-1.20949638,-1.04428685,0.468966812,-1.82777548,1.31924391,1.26090729,0.421602875,-1.31449842,0.797391236,0.0306044463,-0.0138810556,-0.0704539344,-0.15087463,0.0146126309,1.01679337,-1.75581419,0.681295812,0.087435104,0.0220940895,0.0451185256,1.08004904,-1.83394849,0.753607631,0.0314845964
-0.114931688,-0.343891948,0.787583828,0.102986708,0.0426349081,-0.686120629,0.718898118,0,0,-0.46577704,-1.77874827,-1.38679707,1.2196672,-0.512585819,-1.20814478,-1.04403603,0.467756629,-1.82815444,1.31016803,1.25047827,0.422047406,-1.31344557,0.797658503,0.0515891165,-0.0163427405,-0.0750940293,-0.14798367,0.0179405957,0.988978684,-1.75704372,0.690342128,0.0814374313,0.0269471537,0.0435974523,1.08541989,-1.8634069,0.738984108,0.0201545395
-0.116958611,-0.343940556,0.788291991,0.105255127,0.0426001064,-0.68530798,0.719346642,0,0,-0.464095682,-1.77778614,-1.37904346,1.20790446,-0.514698744,-1.20679319,-1.04378533,0.466546446,-1.82853329,1.30109203,1.24004924,0.422491968,-1.31239283,0.79792583,0.0725737959,-0.0188044254,-0.0797341168,-0.145092711,0.0212685615,0.961164117,-1.75827336,0.699388504,0.0754397586,0.0318002217,0.0420763753,1.09079075,-1.8928653,0.724360585,0.00882447697
-0.119188376,-0.343208581,0.789504766,0.107041784,0.0420824923,-0.684586644,0.719800174,0,0,-0.459748894,-1.77623689,-1.37092686,1.19371831,-0.516852856,-1.20593596,-1.04349077,0.462293416,-1.82885921,1.2911166,1.22623563,0.422904849,-1.31198573,0.798115969,0.0949714482,-0.0194840152,-0.0840129331,-0.144157127,0.0235231761,0.930214822,-1.75764549,0.709054649,0.0696009025,0.0330785736,0.0421698131,1.10233128,-1.92197645,0.704488039,-0.00256208587
-0.121722631,-0.341304898,0.791475058,0.108105868,0.0408403277,-0.684005737,0.720264792,0,0,-0.451400965,-1.7738061,-1.36226523,1.1758945,-0.519068778,-1.20582092,-1.04313052,0.453472704,-1.8291055,1.27979064,1.20734131,0.423270226,-1.31254804,0.798190355,0.119490139,-0.0174884927,-0.087749429,-0.146156788,0.0241665728,0.894560039,-1.75422931,0.719651282,0.0640004352,0.0289908871,0.0446868055,1.12313342,-1.95056617,0.676735938,-0.0140334647
-0.124256887,-0.339401186,0.793445349,0.109169632,0.0395980217,-0.683422685,0.720727146,0,0,-0.443053067,-1.77137542,-1.3536036,1.15807056,-0.521284699,-1.20570588,-1.04277039,0.444651991,-1.82935178,1.2684648,1.18844712,0.423635632,-1.31311035,0.798264682,0.14400883,-0.0154929692,-0.091485925,-0.148156449,0.0248099715,0.858905256,-1.75081301,0.730247915,0.0583999753,0.0249032024,0.0472037978,1.14393544,-1.97915602,0.648983896,-0.0255048461
-0.126791149,-0.337497503,0.79541564,0.110233031,0.0383555852,-0.682837307,0.721187115,0,0,-0.434705138,-1.76894474,-1.34494197,1.14024675,-0.523500562,-1.20559096,-1.04241014,0.435831279,-1.82959807,1.25713897,1.16955292,0.424001008,-1.31367266,0.798339069,0.168527514,-0.0134974467,-0.0952224135,-0.150156111,0.0254533701,0.823250473,-1.74739683,0.740844548,0.0527995117,0.0208155178,0.0497207902,1.16473746,-2.00774574,0.621231854,-0.0369762219
-0.129325405,-0.33559379,0.797385871,0.111296065,0.0371130258,-0.682249725,0.721644759,0,0,-0.426357239,-1.76651406,-1.33628035,1.12242281,-0.525716484,-1.20547593,-1.04204988,0.427010566,-1.82984447,1.24581301,1.15065861,0.424366385,-1.31423497,0.798413455,0.193046212,-0.0115019232,-0.0989589095,-0.152155772,0.0260967687,0.787595689,-1.74398053,0.751441181,0.0471990518,0.0167278331,0.0522377826,1.1855396,-2.03633547,0.593479812,-0.0484476052
-0.13185966,-0.333690077,0.799356163,0.112358734,0.0358703621,-0.681659997,0.722100079,0,0,-0.418009311,-1.76408339,-1.32761872,1.104599,-0.527932405,-1.20536089,-1.04168975,0.418189853,-1.83009076,1.23448718,1.13176441,0.424731791,-1.31479728,0.798487782,0.217564911,-0.00950639974,-0.102695405,-0.154155433,0.0267401654,0.751940906,-1.74056435,0.762037814,0.0415985882,0.0126401465,0.054754775,1.20634162,-2.06492543,0.56572777,-0.0599189848
-0.134426981,-0.331559122,0.800980508,0.112103678,0.0331187211,-0.682752788,0.721238315,0,0,-0.413193524,-1.76417017,-1.32180619,1.09039366,-0.529580295,-1.20547748,-1.04144204,0.413244486,-1.83025563,1.2301929,1.11500144,0.425165474,-1.31538892,0.798380613,0.236432552,-0.0079374183,-0.10668318,-0.155494422,0.0289458055,0.722047985,-1.73547602,0.769133031,0.0404174924,0.0182727743,0.060013216,1.23036611,-2.08406734,0.542990744,-0.0692040771
-0.136996254,-0.329414725,0.80258441,0.111769557,0.0302774329,-0.683938026,0.720291317,0,0,-0.408586562,-1.76440585,-1.31616223,1.07640231,-0.531194627,-1.20560777,-1.04120111,0.408528268,-1.83041573,1.22631419,1.09836435,0.425603241,-1.31598234,0.798262715,0.25496611,-0.00639365241,-0.110685803,-0.156794369,0.0312437993,0.692495704,-1.73028886,0.776021242,0.0394976549,0.0244800393,0.0654337257,1.25458121,-2.10265064,0.520550132,-0.0783599317
-0.139565513,-0.327270329,0.804188311,0.111434273,0.0274357852,-0.685116231,0.719336808,0,0,-0.40397957,-1.7646414,-1.31051826,1.06241083,-0.532808959,-1.20573807,-1.04096019,0.403812021,-1.83057582,1.22243547,1.08172739,0.426040977,-1.31657577,0.798144817,0.273499668,-0.00484988699,-0.114688434,-0.158094317,0.0335417911,0.662943363,-1.72510159,0.782909453,0.0385778211,0.0306873042,0.0708542317,1.2787962,-2.12123394,0.498109609,-0.0875157714
-0.142134786,-0.325125933,0.805792212,0.111097828,0.0245938636,-0.686287284,0.718374789,0,0,-0.399372607,-1.76487708,-1.30487418,1.04841948,-0.534423351,-1.20586836,-1.04071915,0.399095774,-1.8307358,1.21855688,1.0650903,0.426478714,-1.31716919,0.798026919,0.292033255,-0.00330612133,-0.118691057,-0.159394264,0.0358397849,0.633391082,-1.71991444,0.789797723,0.0376579873,0.036894571,0.0762747377,1.3030113,-2.13981724,0.475669026,-0.096671626
-0.144704059,-0.322981536,0.807396114,0.110760212,0.0217517503,-0.687451005,0.71740514,0,0,-0.394765615,-1.76511264,-1.29923022,1.03442812,-0.536037683,-1.20599866,-1.04047823,0.394379556,-1.8308959,1.21467817,1.04845333,0.42691648,-1.31776261,0.797909021,0.310566813,-0.00176235556,-0.122693688,-0.160694212,0.0381377824,0.603838801,-1.71472728,0.796685934,0.0367381498,0.043101836,0.0816952437,1.32722628,-2.15840077,0.453228474,-0.105827473
-0.146814257,-0.321772903,0.808259487,0.110395767,0.0196103733,-0.6884588,0.716556191,0,0,-0.391527921,-1.76600492,-1.29537523,1.02474284,-0.537422299,-1.20619798,-1.04037857,0.391744792,-1.83102858,1.21306419,1.03534555,0.427330047,-1.318097,0.797793567,0.321486801,-0.00182934455,-0.125615343,-0.159236699,0.0384219326,0.584923387,-1.71129882,0.802396357,0.0370142162,0.0497141704,0.0825132355,1.34093583,-2.16470361,0.438908964,-0.111323461
-0.148443863,-0.321543992,0.808347523,0.110003836,0.0182026196,-0.689307272,0.715837598,0,0,-0.389723659,-1.76758468,-1.29339314,1.01956558,-0.538566411,-1.20646977,-1.04042697,0.391289175,-1.83113265,1.21382093,1.02593267,0.427718371,-1.31816018,0.797680736,0.324436069,-0.00358264288,-0.127405345,-0.154892415,0.0365977846,0.577143967,-1.70971155,0.806873739,0.0385422818,0.0567505769,0.0785128176,1.34364712,-2.1581502,0.433091491,-0.112987906
-0.150073454,-0.32131508,0.808435619,0.109611526,0.0167947933,-0.69015336,0.71511656,0,0,-0.387919426,-1.76916456,-1.29141104,1.01438832,-0.539710522,-1.20674145,-1.04047525,0.390833586,-1.83123672,1.21457779,1.0165199,0.428106666,-1.31822336,0.797567844,0.327385366,-0.00533594098,-0.129195333,-0.15054813,0.0347736366,0.569364488,-1.70812428,0.811351061,0.0400703438,0.0637869835,0.0745123997,1.34635842,-2.15159678,0.427273989,-0.114652358
-0.151703045,-0.321086168,0.808523715,0.109218851,0.0153869074,-0.690997124,0.714393079,0,0,-0.386115193,-1.77074432,-1.28942907,1.00921106,-0.540854633,-1.20701313,-1.04052365,0.390377969,-1.83134079,1.21533465,1.00710702,0.42849499,-1.31828654,0.797455013,0.330334634,-0.00708923955,-0.13098532,-0.146203846,0.0329494849,0.561585009,-1.70653713,0.815828443,0.0415984094,0.0708233863,0.0705119893,1.34906971,-2.14504313,0.421456516,-0.11631681
-0.153332651,-0.320857257,0.808611751,0.10882581,0.0139789777,-0.691838622,0.713667214,0,0,-0.384310931,-1.77232409,-1.28744698,1.0040338,-0.541998744,-1.20728481,-1.04057205,0.389922351,-1.83144486,1.21609139,0.997694135,0.428883284,-1.31834972,0.797342122,0.333283931,-0.00884253811,-0.132775322,-0.141859561,0.0311253369,0.55380553,-1.70494986,0.820305765,0.0431264713,0.0778597891,0.0665115714,1.35178101,-2.13848972,0.415639013,-0.117981263
-0.154939592,-0.320652902,0.808701813,0.108430699,0.0126001667,-0.692655146,0.712960601,0,0,-0.382633835,-1.77397251,-1.28558338,0.999048352,-0.543133616,-1.20754898,-1.04062355,0.389541358,-1.83154774,1.2169193,0.988503397,0.429268748,-1.31840265,0.797229826,0.335864216,-0.0106929382,-0.134407088,-0.137370288,0.0291041732,0.546521246,-1.70335925,0.824549973,0.0446846932,0.08479812,0.0625928491,1.35394514,-2.13140345,0.410233498,-0.119432956
-0.155880958,-0.32117033,0.808851123,0.107985146,0.0120781148,-0.692807138,0.712889671,0,0,-0.384693265,-1.77763915,-1.28720331,0.999700546,-0.543996215,-1.20759404,-1.04077005,0.391353756,-1.83161533,1.21983504,0.985842466,0.42956993,-1.31815386,0.797134161,0.32759881,-0.0153975394,-0.131388053,-0.128619149,0.0212920289,0.553793788,-1.70167112,0.821940541,0.0471293107,0.0888536647,0.061075449,1.34002936,-2.10865712,0.41693747,-0.11463096
-0.156822309,-0.321687758,0.809000373,0.107539542,0.0115560573,-0.692958713,0.712818325,0,0,-0.386752725,-1.78130579,-1.28882337,1.00035274,-0.544858754,-1.20763898,-1.04091656,0.393166184,-1.83168304,1.22275078,0.983181536,0.429871112,-1.31790495,0.797038436,0.319333404,-0.0201021396,-0.128369018,-0.119868025,0.0134798829,0.56106627,-1.69998288,0.81933105,0.0495739281,0.092909202,0.0595580451,1.32611346,-2.08591056,0.423641473,-0.109828971
-0.15776366,-0.322205186,0.809149683,0.107093886,0.0110339941,-0.69310993,0.71274668,0,0,-0.388812184,-1.78497243,-1.2904433,1.00100505,-0.545721292,-1.20768404,-1.04106307,0.394978583,-1.83175063,1.22566652,0.980520606,0.430172294,-1.31765616,0.79694277,0.311067998,-0.0248067398,-0.125349984,-0.111116894,0.00566773862,0.568338752,-1.69829476,0.816721618,0.0520185456,0.0969647467,0.0580406412,1.31219757,-2.06316423,0.430345446,-0.105026983
-0.158705011,-0.322722614,0.809298933,0.106648162,0.0105119236,-0.693260849,0.712674618,0,0,-0.390871614,-1.78863907,-1.29206324,1.00165725,-0.546583891,-1.20772898,-1.04120958,0.396791011,-1.83181834,1.22858226,0.977859676,0.430473477,-1.31740725,0.796847045,0.302802593,-0.0295113418,-0.122330956,-0.102365762,-0.00214440702,0.575611234,-1.69660652,0.814112186,0.054463163,0.101020284,0.0565232374,1.29828179,-2.04041791,0.437049419,-0.100224987
-0.159646362,-0.323240042,0.809448183,0.106202409,0.00998985022,-0.69341141,0.712602258,0,0,-0.392931074,-1.79230559,-1.29368317,1.00230944,-0.54744643,-1.20777392,-1.04135609,0.39860341,-1.83188593,1.231498,0.975198746,0.430774689,-1.31715834,0.79675138,0.294537187,-0.034215942,-0.119311921,-0.0936146379,-0.00995654985,0.582883775,-1.69491839,0.811502755,0.0569077805,0.105075821,0.0550058335,1.28436589,-2.01767159,0.443753421,-0.0954229981
-0.160155252,-0.324126899,0.809924126,0.104560606,0.00821526814,-0.694155931,0.712142706,0,0,-0.395049304,-1.79522395,-1.2971406,1.00738823,-0.548233867,-1.20799005,-1.04162979,0.401773095,-1.83193994,1.23603487,0.975009561,0.431004137,-1.3169539,0.796761036,0.281408489,-0.0394603275,-0.115974322,-0.0857721418,-0.0147485984,0.592514038,-1.69230151,0.806370795,0.0599240102,0.107335486,0.0565604381,1.26883507,-1.99654508,0.452056766,-0.0890213251
-0.160347447,-0.325284272,0.810639322,0.10204155,0.00552322436,-0.695327222,0.711391032,0,0,-0.397210538,-1.79759419,-1.30194366,1.01570857,-0.548966229,-1.20833135,-1.04199672,0.405936688,-1.83198392,1.2417587,0.97663039,0.431181073,-1.31678188,0.79684788,0.264718324,-0.0451000109,-0.11240343,-0.0785950571,-0.0173289757,0.603870928,-1.68900454,0.799391627,0.0633588433,0.108279996,0.0603647344,1.25212169,-1.97660494,0.461531371,-0.0814481676
-0.160539642,-0.326441675,0.811354518,0.0995208248,0.00283099851,-0.696487784,0.710628271,0,0,-0.399371803,-1.79996443,-1.30674672,1.0240289,-0.549698591,-1.20867276,-1.04236364,0.410100311,-1.83202779,1.24748266,0.978251278,0.43135801,-1.31660986,0.796934664,0.248028159,-0.0507396944,-0.108832538,-0.0714179799,-0.0199093521,0.615227878,-1.68570757,0.7924124,0.0667936727,0.109224506,0.0641690269,1.23540819,-1.95666492,0.471005976,-0.07387501
-0.160731822,-0.327599049,0.812069654,0.0969985276,0.000138715521,-0.697637439,0.709854424,0,0,-0.401533067,-1.80233479,-1.31154978,1.03234923,-0.550430954,-1.20901406,-1.04273057,0.414263904,-1.83207178,1.25320661,0.979872108,0.431534946,-1.31643784,0.797021508,0.231337994,-0.0563793741,-0.105261639,-0.0642408952,-0.0224897303,0.626584768,-1.68241048,0.785433173,0.0702285096,0.110169008,0.0679733232,1.21869469,-1.93672478,0.480480552,-0.0663018525
-0.160924017,-0.328756422,0.812784851,0.0944747999,-0.00255349744,-0.698776305,0.70906961,0,0,-0.403694302,-1.80470502,-1.31635273,1.04066956,-0.551163316,-1.20935547,-1.0430975,0.418427527,-1.83211577,1.25893056,0.981492996,0.431711882,-1.31626582,0.797108352,0.21464783,-0.0620190576,-0.101690747,-0.0570638105,-0.0250701047,0.637941718,-1.67911351,0.778453946,0.073663339,0.111113518,0.071777612,1.20198119,-1.91678476,0.489955157,-0.0587286986
-0.160961106,-0.329898089,0.813524663,0.0918727145,-0.00505450554,-0.699904501,0.708285034,0,0,-0.406137824,-1.80679417,-1.32099414,1.04902637,-0.551979661,-1.20945668,-1.04344237,0.422418267,-1.83215785,1.26449978,0.983446121,0.431873024,-1.31588972,0.797271967,0.197994485,-0.0673470944,-0.0981560796,-0.0504265241,-0.0271212403,0.649787903,-1.67575872,0.770747662,0.0774824694,0.112052426,0.07566531,1.18587506,-1.89783072,0.500000536,-0.0513026975
-0.15987806,-0.33092618,0.814442575,0.0887129009,-0.00617585098,-0.701024234,0.707571208,0,0,-0.410619825,-1.8068527,-1.32446837,1.05764651,-0.553402424,-1.20782411,-1.04362798,0.425160438,-1.83218646,1.26895142,0.987798989,0.431920111,-1.31403923,0.797990441,0.181607068,-0.070424363,-0.0948830098,-0.0476878136,-0.0253500324,0.665167987,-1.67198551,0.757790089,0.0840771198,0.112950884,0.0801553354,1.17415547,-1.88599789,0.514168143,-0.0449394844
-0.158795014,-0.331954271,0.815360487,0.0855517834,-0.00729716197,-0.702134848,0.706848204,0,0,-0.415101856,-1.80691135,-1.32794261,1.06626666,-0.554825246,-1.20619142,-1.04381347,0.427902639,-1.83221507,1.27340305,0.992151916,0.431967229,-1.31218874,0.798708916,0.165219665,-0.0735016242,-0.0916099399,-0.0449491031,-0.0235788245,0.680548072,-1.66821241,0.744832575,0.0906717628,0.113849342,0.0846453682,1.16243601,-1.87416506,0.52833581,-0.0385762751
-0.157711953,-0.332982361,0.816278398,0.0823895261,-0.00841839705,-0.703236401,0.706115961,0,0,-0.419583887,-1.80697,-1.33141685,1.0748868,-0.556248009,-1.20455873,-1.04399896,0.43064484,-1.83224356,1.27785468,0.996504784,0.432014316,-1.31033826,0.79942739,0.148832247,-0.0765788928,-0.0883368701,-0.0422103927,-0.0218076166,0.695928097,-1.66443932,0.731875002,0.0972664133,0.114747807,0.089135401,1.15071642,-1.86233211,0.542503417,-0.032213062
-0.156628907,-0.334010452,0.81719631,0.0792262256,-0.00953951105,-0.704328835,0.705374599,0,0,-0.424065918,-1.80702853,-1.33489108,1.08350694,-0.557670772,-1.20292604,-1.04418457,0.433387011,-1.83227217,1.28230631,1.00085771,0.432061404,-1.30848777,0.800145924,0.132444844,-0.0796561539,-0.0850638002,-0.0394716822,-0.0200364087,0.711308181,-1.66066623,0.718917489,0.103861064,0.115646265,0.0936254263,1.13899684,-1.85049927,0.556671023,-0.0258498508
-0.155545846,-0.335038543,0.818114221,0.0760619938,-0.0106604593,-0.70541203,0.704623997,0,0,-0.428547919,-1.80708718,-1.3383652,1.0921272,-0.559093595,-1.20129347,-1.04437006,0.436129212,-1.83230078,1.28675807,1.00521052,0.432108492,-1.30663729,0.800864398,0.116057433,-0.0827334225,-0.0817907304,-0.0367329679,-0.0182652026,0.726688206,-1.65689313,0.705959916,0.110455714,0.116544724,0.0981154591,1.12727726,-1.83866644,0.57083869,-0.0194866378
-0.154014736,-0.33552447,0.818554401,0.0731794387,-0.00939941499,-0.706336737,0.7040205,0,0,-0.434131294,-1.80715919,-1.33956373,1.09884405,-0.56080395,-1.19886279,-1.04452515,0.434785604,-1.83232272,1.28970098,1.00805748,0.432413191,-1.30442083,0.801532447,0.103853628,-0.0841500983,-0.0789237842,-0.0335851125,-0.0163097028,0.742946386,-1.65338206,0.692522228,0.115151837,0.119543582,0.101922847,1.11839056,-1.83085072,0.585856795,-0.0147059802
-0.152258918,-0.33573848,0.818755031,0.0704374164,-0.00694353133,-0.707176745,0.70348531,0,0,-0.440267026,-1.8072381,-1.33962095,1.10460651,-0.562658489,-1.19603181,-1.04466486,0.431392789,-1.83234131,1.29188728,1.010149,0.432847053,-1.30202091,0.802175283,0.0937480852,-0.0847339183,-0.0762605146,-0.0302320551,-0.0142617747,0.759644866,-1.65000236,0.678843677,0.118895762,0.123595893,0.105387859,1.1109246,-1.82504976,0.601301491,-0.010719046
-0.150503084,-0.335952491,0.8189556,0.067694284,-0.00448747072,-0.708006382,0.702939808,0,0,-0.446402758,-1.8073169,-1.33967805,1.11036885,-0.564513028,-1.19320095,-1.04480469,0.428000003,-1.83235979,1.29407346,1.01224053,0.433280915,-1.29962087,0.80281812,0.0836425498,-0.0853177309,-0.0735972524,-0.0268789958,-0.0122138457,0.776343405,-1.64662278,0.665165126,0.122639678,0.127648205,0.108852871,1.10345876,-1.8192488,0.616746187,-0.00673211226
-0.148747265,-0.336166501,0.819156229,0.0649501532,-0.00203134026,-0.708825707,0.702384114,0,0,-0.45253849,-1.8073957,-1.33973515,1.11613119,-0.566367626,-1.19037008,-1.04494452,0.424607188,-1.83237839,1.29625976,1.01433218,0.433714807,-1.29722095,0.803460956,0.073537007,-0.0859015509,-0.0709339902,-0.0235259365,-0.0101659168,0.793041945,-1.64324307,0.651486576,0.126383603,0.131700516,0.11231789,1.09599292,-1.81344783,0.632190883,-0.0027451783
-0.146991432,-0.336380512,0.819356799,0.0622051582,0.000424752652,-0.709634781,0.701818228,0,0,-0.458674222,-1.80747461,-1.33979225,1.12189353,-0.568222165,-1.1875391,-1.04508424,0.421214372,-1.83239698,1.29844606,1.0164237,0.434148669,-1.29482102,0.804103792,0.0634314641,-0.0864853635,-0.068270728,-0.0201728772,-0.00811798777,0.809740484,-1.63986337,0.637808025,0.130127534,0.135752827,0.115782902,1.08852696,-1.80764687,0.647635579,0.00124175614
-0.145141155,-0.336396515,0.818950534,0.0592906997,0.00321312854,-0.710513771,0.701173723,0,0,-0.464322746,-1.80759335,-1.33946347,1.12756383,-0.570093095,-1.18467844,-1.04522169,0.416909903,-1.83241415,1.30045938,1.01789546,0.434686989,-1.29246867,0.804672062,0.0556152835,-0.0868524611,-0.0655852482,-0.0170679688,-0.00623372942,0.824694812,-1.63815784,0.623740852,0.134736136,0.140605599,0.11793901,1.08041966,-1.80251479,0.662662983,0.0043983967
-0.14293626,-0.3356691,0.816266,0.0557411909,0.0072496892,-0.711676478,0.700254917,0,0,-0.468142182,-1.80786192,-1.3376857,1.13288832,-0.572025359,-1.18170607,-1.04535031,0.409182876,-1.83242631,1.30182362,1.0170399,0.435617507,-1.29029548,0.804960489,0.0563938133,-0.0864059553,-0.062816374,-0.0148946708,-0.00496392557,0.833100975,-1.64273715,0.608214855,0.14259091,0.148463443,0.115181237,1.06990433,-1.79989374,0.676123679,0.00443794345
-0.140731364,-0.334941655,0.813581467,0.0521896183,0.0112864058,-0.712817252,0.699314296,0,0,-0.471961588,-1.80813038,-1.33590782,1.13821292,-0.573957622,-1.17873371,-1.04547906,0.401455849,-1.83243835,1.30318797,1.01618445,0.436547995,-1.28812218,0.805248916,0.0571723469,-0.085959442,-0.0600474961,-0.0127213718,-0.00369412219,0.841507137,-1.64731646,0.592688859,0.150445685,0.156321287,0.112423457,1.059389,-1.79727268,0.689584374,0.00447749021
-0.138526484,-0.33421424,0.810896933,0.0486363061,0.0153229013,-0.713935852,0.69835192,0,0,-0.475781024,-1.80839896,-1.33412993,1.1435374,-0.575889885,-1.17576134,-1.04560769,0.393728822,-1.83245039,1.3045522,1.015329,0.437478513,-1.28594887,0.805537403,0.0579508767,-0.0855129361,-0.0572786182,-0.0105480729,-0.00242431881,0.849913299,-1.65189588,0.577162862,0.158300474,0.164179146,0.109665684,1.04887366,-1.79465163,0.70304507,0.00451703696
-0.136321589,-0.333486825,0.80821234,0.0450815856,0.0193587989,-0.71503222,0.697367787,0,0,-0.479600459,-1.80866754,-1.33235216,1.14886189,-0.577822208,-1.17278898,-1.04573631,0.386001796,-1.83246255,1.30591643,1.01447356,0.43840903,-1.28377569,0.80582583,0.0587294064,-0.0850664228,-0.054509744,-0.0083747739,-0.00115451496,0.858319461,-1.65647519,0.561636865,0.166155249,0.172036991,0.106907912,1.03835833,-1.79203057,0.716505766,0.00455658417
-0.134116709,-0.33275938,0.805527806,0.0415257923,0.0233937223,-0.716106296,0.696362138,0,0,-0.483419895,-1.808936,-1.33057427,1.15418649,-0.579754472,-1.16981661,-1.04586494,0.378274769,-1.83247459,1.30728078,1.01361799,0.439339519,-1.28160238,0.806114256,0.05950794,-0.084619917,-0.0517408662,-0.00620147586,0.000115288378,0.866725624,-1.66105449,0.546110868,0.174010038,0.179894835,0.104150131,1.027843,-1.78940952,0.729966462,0.00459613092
-0.132081538,-0.331411362,0.803275108,0.0367738008,0.0257672518,-0.716590643,0.696047127,0,0,-0.482961893,-1.80827641,-1.33126497,1.15934741,-0.581407487,-1.16781366,-1.04595959,0.371251345,-1.83225965,1.30890369,1.0122385,0.440129906,-1.28026342,0.806272566,0.0659710392,-0.0858389661,-0.049092114,-0.00565344561,-0.00257333252,0.886482656,-1.6792866,0.528210282,0.18161355,0.186746702,0.0955737531,1.00863516,-1.78562653,0.739888489,0.00337606482
-0.130101547,-0.329861611,0.80116272,0.0316317081,0.0276005305,-0.716869116,0.69594276,0,0,-0.481113613,-1.80731511,-1.33275783,1.16445518,-0.582969785,-1.16612566,-1.04604328,0.364456624,-1.83197105,1.31061089,1.01068854,0.440874755,-1.27919567,0.806388497,0.0742817968,-0.0875993669,-0.0464824028,-0.00563367782,-0.00654856348,0.909929097,-1.70195639,0.509537935,0.189135402,0.193271592,0.0851061493,0.986602068,-1.78146589,0.748660326,0.00174658583
-0.12812154,-0.328311861,0.799050331,0.0264883712,0.0294330921,-0.717126191,0.69581759,0,0,-0.479265332,-1.80635381,-1.33425081,1.16956306,-0.584532022,-1.16443765,-1.04612684,0.357661903,-1.83168232,1.31231797,1.0091387,0.441619605,-1.27812779,0.806504488,0.0825925544,-0.0893597752,-0.0438726917,-0.0056139105,-0.0105237942,0.933375478,-1.72462618,0.490865558,0.196657255,0.199796468,0.0746385455,0.964568913,-1.77730525,0.757432163,0.000117106945
-0.126141548,-0.32676211,0.796938002,0.0213442538,0.0312647708,-0.717361808,0.695671618,0,0,-0.477417022,-1.8053925,-1.33574378,1.17467082,-0.58609432,-1.16274965,-1.04621041,0.350867182,-1.8313936,1.31402504,1.00758874,0.442364454,-1.27706003,0.806620479,0.090903312,-0.0911201835,-0.0412629768,-0.00559414318,-0.0144990254,0.956821918,-1.74729586,0.472193182,0.204179108,0.206321359,0.0641709417,0.942535818,-1.7731446,0.766204,-0.00151237217
-0.124161556,-0.325212359,0.794825613,0.0161998123,0.0330954082,-0.717575967,0.695504844,0,0,-0.475568742,-1.8044312,-1.33723676,1.17977858,-0.587656558,-1.16106164,-1.04629397,0.344072491,-1.83110487,1.31573212,1.00603878,0.443109304,-1.27599227,0.806736469,0.0992140695,-0.0928805843,-0.0386532694,-0.00557437539,-0.0184742548,0.980268359,-1.76996565,0.453520834,0.211700961,0.212846249,0.0537033379,0.920502722,-1.76898384,0.774975836,-0.00314185093
-0.122512393,-0.323704571,0.793954372,0.0116972579,0.0341280438,-0.717693388,0.69542408,0,0,-0.471790493,-1.80314326,-1.34163356,1.187989,-0.589104414,-1.15933096,-1.04636884,0.338728011,-1.83093297,1.31851256,1.00378871,0.443977952,-1.27500558,0.806777775,0.106498107,-0.0921991616,-0.035403911,-0.00684223464,-0.0220899507,1.00246489,-1.79029858,0.437370896,0.216030061,0.213756114,0.0450660661,0.899082422,-1.76392436,0.782829523,-0.00150495267
-0.121638648,-0.322295159,0.795992196,0.00869883411,0.0332924724,-0.717622399,0.695581794,0,0,-0.463488817,-1.80108953,-1.35283661,1.20347118,-0.59028405,-1.15749991,-1.0464232,0.336782694,-1.83103478,1.32380843,0.99989754,0.445136756,-1.2742089,0.806644022,0.11137569,-0.0857945234,-0.0306553449,-0.0111280605,-0.02486296,1.02173197,-1.80515444,0.427133143,0.212875918,0.201505393,0.0407187715,0.879098594,-1.75675786,0.788531184,0.00778775057
-0.120764911,-0.320885777,0.798030019,0.00570024224,0.0324565545,-0.717544377,0.695732832,0,0,-0.455187112,-1.79903579,-1.36403966,1.21895337,-0.591463745,-1.15566897,-1.04647756,0.334837347,-1.83113658,1.32910442,0.99600637,0.446295559,-1.27341235,0.80651027,0.116253279,-0.0793898776,-0.0259067789,-0.0154138859,-0.0276359692,1.04099905,-1.8200103,0.41689536,0.209721789,0.189254671,0.0363714807,0.859114766,-1.74959135,0.794232905,0.0170804542
-0.119891167,-0.319476366,0.800067782,0.00270156912,0.0316203125,-0.717459381,0.695877075,0,0,-0.446885407,-1.79698205,-1.37524271,1.23443556,-0.59264338,-1.15383792,-1.04653203,0.33289203,-1.83123827,1.3344003,0.99211514,0.447454333,-1.27261567,0.806376517,0.121130861,-0.0729852393,-0.0211582109,-0.0196997132,-0.0304089785,1.06026614,-1.83486617,0.406657606,0.206567645,0.17700395,0.0320241861,0.839130878,-1.74242496,0.799934566,0.0263731591
-0.119017422,-0.318066984,0.802105606,-0.000297095889,0.0307837799,-0.717367411,0.696014583,0,0,-0.438583702,-1.79492831,-1.38644588,1.24991775,-0.593823075,-1.15200698,-1.04658639,0.330946684,-1.83134007,1.33969617,0.98822397,0.448613137,-1.27181911,0.806242764,0.126008451,-0.0665805936,-0.0164096449,-0.0239855386,-0.0331819877,1.07953334,-1.84972203,0.396419823,0.203413501,0.164753228,0.0276768953,0.81914705,-1.73525846,0.805636287,0.0356658623
-0.118143685,-0.316657573,0.804143429,-0.00329566724,0.0299469661,-0.717268527,0.696145236,0,0,-0.430281997,-1.79287457,-1.39764893,1.26539993,-0.595002711,-1.15017593,-1.04664075,0.329001367,-1.83144176,1.34499216,0.98433274,0.449771941,-1.27102244,0.806109011,0.130886033,-0.0601759553,-0.0116610778,-0.028271364,-0.0359549969,1.09880042,-1.86457789,0.38618204,0.200259373,0.152502507,0.0233296026,0.799163222,-1.72809196,0.811338007,0.0449585654
-0.117433801,-0.315996557,0.805374444,-0.00431175763,0.0301472843,-0.718244553,0.695123971,0,0,-0.430067599,-1.7899102,-1.40440178,1.27061856,-0.59583497,-1.14840579,-1.04663968,0.326740414,-1.83151948,1.34997189,0.981832981,0.451105773,-1.27032495,0.805831492,0.134303659,-0.053925816,-0.00597396959,-0.0368199646,-0.0382662639,1.11639142,-1.86919749,0.381109953,0.199772954,0.139756471,0.0210817438,0.786261857,-1.72241604,0.815356553,0.0522141941
-0.116754338,-0.315474451,0.806455672,-0.00495980959,0.0305400826,-0.719418645,0.693887353,0,0,-0.431354582,-1.78677678,-1.41032851,1.27393174,-0.596602738,-1.14664686,-1.04662836,0.324420869,-1.8315928,1.35489297,0.979591489,0.452472091,-1.26964593,0.80552721,0.137450248,-0.0477043614,-0.000112619782,-0.0461599529,-0.0404918082,1.1336714,-1.87191677,0.376996905,0.199781805,0.126918495,0.0192236472,0.774675429,-1.71701682,0.81906265,0.0590916388
-0.116074875,-0.314952344,0.80753684,-0.00560784759,0.0309327729,-0.720590234,0.692648232,0,0,-0.432641596,-1.78364336,-1.41625512,1.27724493,-0.597370505,-1.14488792,-1.04661715,0.322101295,-1.83166611,1.35981405,0.977349997,0.453838438,-1.26896679,0.805222929,0.140596837,-0.0414829031,0.00574873062,-0.0554999411,-0.0427173525,1.15095127,-1.87463605,0.372883826,0.199790657,0.114080518,0.0173655506,0.763089001,-1.71161759,0.822768807,0.0659690872
-0.115395419,-0.314430267,0.808618069,-0.00625586649,0.0313253552,-0.72175926,0.691406727,0,0,-0.433928579,-1.78050995,-1.42218184,1.28055811,-0.598138273,-1.14312899,-1.04660583,0.31978175,-1.83173931,1.36473513,0.975108564,0.455204755,-1.26828766,0.804918647,0.143743411,-0.0352614485,0.0116100796,-0.0648399293,-0.0449428968,1.16823113,-1.87735534,0.368770748,0.199799508,0.101242542,0.015507455,0.751502514,-1.70621836,0.826474905,0.0728465244
-0.114715956,-0.31390816,0.809699297,-0.00690385792,0.0317178294,-0.722925842,0.690162838,0,0,-0.435215592,-1.77737653,-1.42810845,1.28387129,-0.59890604,-1.14137006,-1.0465945,0.317462206,-1.83181262,1.36965621,0.972867072,0.456571102,-1.26760864,0.804614365,0.14689,-0.0290399939,0.0174714308,-0.0741799176,-0.0471684411,1.18551111,-1.88007462,0.3646577,0.199808344,0.088404566,0.0136493584,0.739916086,-1.70081913,0.830181003,0.0797239691
-0.114192121,-0.313602537,0.810359061,-0.0069612693,0.0321948901,-0.724114954,0.688892424,0,0,-0.437311858,-1.77495241,-1.43443155,1.28778219,-0.599596322,-1.1401664,-1.04658782,0.317226052,-1.83186996,1.37396157,0.972209036,0.457768768,-1.26702714,0.804368138,0.146864086,-0.0248170849,0.0211557932,-0.0822522566,-0.0483901352,1.19598317,-1.87937593,0.363903224,0.199706495,0.0776796117,0.0140493158,0.733933032,-1.69725251,0.832971096,0.0851271972
-0.113913998,-0.313638628,0.810353398,-0.00608628523,0.0328055583,-0.725340664,0.687581182,0,0,-0.440685779,-1.77364814,-1.4413805,1.29263675,-0.600164294,-1.13983929,-1.0465883,0.320279121,-1.83190238,1.3772949,0.974050999,0.45870012,-1.26659989,0.804213464,0.141829446,-0.0237494744,0.0214031432,-0.0883232579,-0.0480269641,1.19570708,-1.873281,0.368451238,0.19942987,0.0702906847,0.0180142783,0.736796498,-1.69657934,0.834314942,0.0882029384
-0.113635868,-0.313674748,0.810347736,-0.00521126483,0.0334160887,-0.726563215,0.686266899,0,0,-0.44405973,-1.77234375,-1.44832945,1.29749119,-0.600732267,-1.13951218,-1.0465889,0.32333222,-1.83193481,1.38062823,0.975892961,0.459631503,-1.26617277,0.80405879,0.136794791,-0.022681864,0.021650495,-0.0943942517,-0.047663793,1.19543099,-1.86718619,0.372999281,0.199153244,0.0629017502,0.0219792388,0.739660025,-1.69590604,0.835658848,0.0912786797
-0.113357745,-0.313710839,0.810342073,-0.00433621882,0.0340264775,-0.727782607,0.684949636,0,0,-0.44743365,-1.77103949,-1.4552784,1.30234575,-0.60130024,-1.13918495,-1.04658949,0.326385319,-1.83196723,1.38396156,0.977734864,0.460562885,-1.26574552,0.803904116,0.13176015,-0.0216142517,0.021897845,-0.100465253,-0.0473006256,1.19515502,-1.86109126,0.377547324,0.198876619,0.0555128232,0.0259441994,0.742523551,-1.69523287,0.837002695,0.0943544209
-0.113079615,-0.313746929,0.810336411,-0.00346115883,0.0346367136,-0.72899878,0.683629394,0,0,-0.450807601,-1.7697351,-1.46222734,1.30720019,-0.601868153,-1.13885784,-1.04658997,0.329438388,-1.83199966,1.38729489,0.979576826,0.461494237,-1.26531827,0.803749442,0.12672551,-0.0205466412,0.0221451949,-0.106536247,-0.0469374545,1.19487894,-1.85499632,0.382095367,0.198599994,0.0481238961,0.0299091619,0.745387077,-1.69455969,0.838346601,0.0974301621
-0.112801485,-0.31378305,0.810330689,-0.00258609653,0.0352467932,-0.730211794,0.68230617,0,0,-0.454181522,-1.76843083,-1.46917629,1.31205463,-0.602436125,-1.13853073,-1.04659057,0.332491487,-1.83203208,1.39062822,0.981418788,0.462425619,-1.26489103,0.803594768,0.121690869,-0.0194790289,0.0223925449,-0.112607248,-0.0465742834,1.19460285,-1.84890151,0.38664341,0.198323369,0.0407349654,0.0338741243,0.748250604,-1.6938864,0.839690447,0.100505903
-0.113318056,-0.314960033,0.809997201,-0.00284650503,0.0359870195,-0.729890466,0.682610333,0,0,-0.460284263,-1.76684666,-1.47215271,1.31425023,-0.602741301,-1.13731086,-1.04652905,0.339510351,-1.83206809,1.39148831,0.989517808,0.463184476,-1.26359463,0.803890169,0.112318218,-0.0167459231,0.0205360036,-0.116683863,-0.0478381403,1.19064748,-1.84235573,0.396519214,0.195658341,0.035901241,0.0371202528,0.755782425,-1.69426799,0.838116765,0.101472296
-0.113892481,-0.316220075,0.809639871,-0.00318957656,0.0367366932,-0.729456723,0.683032334,0,0,-0.466585666,-1.7652421,-1.47483993,1.31625223,-0.603027284,-1.13602591,-1.04646313,0.34681794,-1.83210433,1.39216828,0.998072386,0.463930786,-1.26223493,0.804218352,0.102629751,-0.0138915619,0.0185262915,-0.120615281,-0.0492204539,1.18642414,-1.83577716,0.406782895,0.192819446,0.0312535428,0.0403140485,0.763654113,-1.69472635,0.836330652,0.102285124
-0.114466898,-0.317480117,0.809282541,-0.00353264599,0.0374863371,-0.729022205,0.683453679,0,0,-0.472887069,-1.76363766,-1.47752714,1.31825423,-0.603313267,-1.13474095,-1.04639721,0.3541255,-1.83214068,1.39284825,1.00662696,0.464677066,-1.26087534,0.804546535,0.0929412767,-0.0110372026,0.0165165793,-0.124546699,-0.0506027639,1.18220091,-1.8291986,0.417046577,0.189980552,0.0266058445,0.0435078442,0.7715258,-1.69518483,0.834544539,0.103097945
-0.115041323,-0.318740129,0.808925152,-0.00387571123,0.03823594,-0.728586972,0.683874309,0,0,-0.479188472,-1.76203322,-1.48021424,1.32025623,-0.60359925,-1.13345599,-1.04633129,0.361433089,-1.83217692,1.39352834,1.01518154,0.465423375,-1.25951564,0.804874778,0.0832528099,-0.00818284228,0.0145068681,-0.128478125,-0.0519850738,1.17797756,-1.82262003,0.427310288,0.187141657,0.0219581462,0.0467016399,0.779397488,-1.69564319,0.832758486,0.103910774
-0.115615748,-0.320000172,0.808567822,-0.00421877159,0.0389854982,-0.728150964,0.684294164,0,0,-0.485489905,-1.76042867,-1.48290145,1.32225811,-0.603885233,-1.13217103,-1.04626536,0.368740678,-1.83221328,1.39420831,1.02373612,0.466169685,-1.25815594,0.805202961,0.0735643357,-0.00532848155,0.0124971559,-0.132409543,-0.0533673838,1.17375422,-1.81604147,0.437573969,0.184302747,0.0173104461,0.0498954356,0.787269175,-1.69610155,0.830972373,0.104723595
-0.116583407,-0.321381778,0.807938218,-0.00405345811,0.0401388928,-0.727129877,0.685313582,0,0,-0.49008888,-1.75940454,-1.48342121,1.32182467,-0.604272604,-1.13065457,-1.04618728,0.376642078,-1.83224344,1.3951776,1.03356791,0.466824651,-1.2564286,0.805732429,0.0655344948,-0.00327457627,0.0100228051,-0.134891018,-0.0542382002,1.16935515,-1.81191862,0.449094415,0.181069627,0.0155878682,0.0509765632,0.797663748,-1.69798458,0.827865303,0.104157701
-0.11798308,-0.322896898,0.807009518,-0.00332958228,0.0417357832,-0.725461781,0.686987817,0,0,-0.492817491,-1.75901794,-1.48155975,1.31871545,-0.604771256,-1.12888396,-1.04609609,0.385195881,-1.83226705,1.39646482,1.0448029,0.467379302,-1.25429749,0.80648315,0.059326902,-0.00210008794,0.00703797769,-0.13577953,-0.054547064,1.16476274,-1.81049347,0.461995572,0.177403376,0.0170789678,0.049736619,0.810830057,-1.7014327,0.823306978,0.102077082
-0.119382761,-0.324412018,0.806080818,-0.00260566175,0.0433323458,-0.723787427,0.688656151,0,0,-0.495546132,-1.75863135,-1.4796983,1.31560624,-0.605269969,-1.12711322,-1.04600489,0.393749654,-1.83229065,1.39775193,1.05603778,0.467933983,-1.25216627,0.80723381,0.0531193055,-0.000925599539,0.00405315123,-0.136668041,-0.0548559241,1.16017032,-1.80906844,0.474896729,0.173737124,0.0185700655,0.0484966747,0.823996365,-1.70488083,0.818748653,0.0999964625
-0.120782442,-0.325927109,0.805152118,-0.00188171538,0.0449285395,-0.722106814,0.690318525,0,0,-0.498274773,-1.75824487,-1.47783673,1.31249702,-0.605768681,-1.12534249,-1.0459137,0.402303427,-1.83231425,1.39903915,1.06727278,0.468488634,-1.25003505,0.807984531,0.0469117127,0.000248888769,0.00106832432,-0.137556553,-0.0551647842,1.1555779,-1.80764341,0.487797916,0.170070887,0.0200611651,0.0472567305,0.837162733,-1.70832884,0.814190328,0.0979158431
-0.122182123,-0.327442229,0.804223418,-0.00115776213,0.0465243272,-0.720419943,0.691974878,0,0,-0.501003385,-1.75785828,-1.47597528,1.3093878,-0.606267393,-1.12357187,-1.0458225,0.41085723,-1.83233774,1.40032637,1.07850778,0.469043285,-1.24790394,0.808735192,0.04070412,0.00142337731,-0.00191650295,-0.138445064,-0.055473648,1.15098548,-1.80621827,0.500699103,0.166404635,0.0215522628,0.0460167862,0.850329041,-1.71177697,0.809632003,0.0958352238
-0.123606756,-0.328953862,0.803307176,-0.000409511122,0.0481217988,-0.718668282,0.693685889,0,0,-0.503651738,-1.75749278,-1.47409427,1.30623925,-0.606780827,-1.12180388,-1.04573119,0.419487298,-1.83236122,1.40162611,1.08970034,0.469587564,-1.24576032,0.809498727,0.0345956087,0.00254793162,-0.00492964033,-0.139266953,-0.0557456352,1.14630735,-1.80480587,0.513601542,0.162780419,0.0232107602,0.0446382165,0.863637388,-1.71518505,0.804914296,0.09366934
-0.126202956,-0.330301553,0.802974582,0.00148019288,0.0498182885,-0.71414268,0.69822365,0,0,-0.502532542,-1.75811827,-1.47129703,1.30124259,-0.607987463,-1.12016606,-1.0456332,0.431698382,-1.83237648,1.40351963,1.0988996,0.469645292,-1.24303102,0.810864091,0.0331387259,0.00132829929,-0.00927186664,-0.136961505,-0.0542865545,1.137604,-1.80398798,0.5265643,0.161129519,0.0327279568,0.0367517918,0.883611977,-1.716712,0.792714,0.0875003636
-0.128799155,-0.331649244,0.802641988,0.003370133,0.0515126847,-0.709582388,0.702728927,0,0,-0.501413345,-1.75874364,-1.4684999,1.29624593,-0.6091941,-1.11852825,-1.04553521,0.443909466,-1.83239186,1.40541315,1.10809898,0.469703019,-1.24030185,0.812229514,0.0316818394,0.000108666914,-0.013614092,-0.134656057,-0.0528274737,1.12890053,-1.80317008,0.539527118,0.159478605,0.0422451533,0.0288653634,0.903586626,-1.71823895,0.780513704,0.0813313872
-0.13139537,-0.332996935,0.802309394,0.00526004005,0.0532047451,-0.704988062,0.707201183,0,0,-0.500294149,-1.75936902,-1.46570277,1.29124928,-0.610400736,-1.11689031,-1.04543722,0.45612058,-1.83240724,1.40730667,1.11729836,0.469760746,-1.23757267,0.813594878,0.0302249547,-0.00111096539,-0.0179563183,-0.132350594,-0.051368393,1.12019718,-1.80235219,0.552489877,0.157827705,0.0517623499,0.0209789388,0.923561215,-1.71976602,0.768313408,0.0751624107
-0.133991569,-0.334344655,0.8019768,0.00714964513,0.054894235,-0.700360358,0.711639643,0,0,-0.499174953,-1.75999451,-1.46290565,1.28625262,-0.611607373,-1.11525249,-1.04533923,0.468331665,-1.83242249,1.40920019,1.12649775,0.469818443,-1.23484349,0.814960301,0.02876807,-0.00233059772,-0.0222985446,-0.130045146,-0.0499093086,1.11149383,-1.8015343,0.565452695,0.156176791,0.0612795465,0.0130925113,0.943535864,-1.72129297,0.756113112,0.0689934343
-0.136587769,-0.335692346,0.801644206,0.00903867651,0.0565809011,-0.69569993,0.716043711,0,0,-0.498055756,-1.76061988,-1.46010852,1.28125596,-0.61281395,-1.11361468,-1.04524112,0.480542749,-1.83243787,1.41109371,1.13569713,0.46987617,-1.23211432,0.816325665,0.0273111854,-0.00355022983,-0.0266407691,-0.127739698,-0.0484502278,1.10279036,-1.8007164,0.578415453,0.154525891,0.070796743,0.00520608714,0.963510454,-1.72281992,0.743912816,0.0628244579
-0.139355317,-0.337026954,0.800800741,0.0114916684,0.0588863343,-0.687397063,0.723799348,0,0,-0.499825925,-1.76249588,-1.45545053,1.27569389,-0.614393651,-1.11295605,-1.04510605,0.49211818,-1.83245015,1.41244113,1.14299989,0.469501942,-1.22996414,0.818084419,0.0266355798,-0.00516777532,-0.0306293517,-0.124179997,-0.0541102178,1.09739101,-1.79989946,0.58868891,0.153026536,0.0760868639,-0.00134881469,0.980300963,-1.72514355,0.737504303,0.0619786009
-0.142254636,-0.338351518,0.799564302,0.0143788643,0.0616601296,-0.676169336,0.734020591,0,0,-0.503818691,-1.76533377,-1.44936097,1.26969695,-0.61626029,-1.11305082,-1.0449425,0.503204644,-1.83246017,1.41336846,1.14884365,0.468795478,-1.22825933,0.820145726,0.0265609603,-0.00709140906,-0.0343458988,-0.119655475,-0.0652464405,1.09453321,-1.79908323,0.596893549,0.151643768,0.0781253874,-0.00687946239,0.994642198,-1.72808003,0.735551119,0.0652274713
-0.14515397,-0.339676082,0.798327923,0.0172641724,0.0644203201,-0.664768338,0.744066596,0,0,-0.507811487,-1.76817179,-1.44327152,1.26370001,-0.618126988,-1.11314559,-1.04477894,0.514291108,-1.83247006,1.41429591,1.1546874,0.468089014,-1.22655439,0.822207093,0.0264863428,-0.00901504233,-0.0380624458,-0.115130953,-0.0763826594,1.0916754,-1.79826713,0.605098188,0.150261,0.080163911,-0.0124101099,1.00898349,-1.73101652,0.733597875,0.0684763417
-0.148053303,-0.341000617,0.797091484,0.0201454461,0.0671648011,-0.653202176,0.753929675,0,0,-0.511804283,-1.7710098,-1.43718207,1.25770319,-0.619993627,-1.11324036,-1.04461527,0.525377572,-1.83248007,1.41522324,1.16053116,0.46738252,-1.22484958,0.824268401,0.0264117233,-0.0109386761,-0.0417789929,-0.110606439,-0.0875188783,1.08881748,-1.7974509,0.613302886,0.148878217,0.0822024271,-0.0179407578,1.02332461,-1.73395288,0.73164469,0.071725212
-0.150952637,-0.342325181,0.795855045,0.0230205599,0.0698915944,-0.641479731,0.763602674,0,0,-0.515797079,-1.7738477,-1.43109262,1.25170624,-0.621860266,-1.11333513,-1.04445171,0.536463976,-1.83249009,1.41615057,1.16637492,0.466676056,-1.22314477,0.826329708,0.0263371039,-0.0128623098,-0.0454955399,-0.106081918,-0.0986550972,1.08595967,-1.79663467,0.621507525,0.147495449,0.0842409506,-0.0234714039,1.03766584,-1.73688936,0.729691505,0.0749740824
-0.15379636,-0.34362486,0.794572294,0.0257589985,0.0726419985,-0.629046977,0.773537099,0,0,-0.519616663,-1.7766732,-1.42490005,1.24613118,-0.623734295,-1.11373806,-1.04428434,0.546931922,-1.83249962,1.41693079,1.17200851,0.465932876,-1.22176802,0.828356683,0.0260666143,-0.0147089371,-0.04873145,-0.101307884,-0.109959371,1.08383369,-1.79578853,0.629406571,0.146192208,0.0857214183,-0.0285316203,1.0512538,-1.73994648,0.728461683,0.0785954669
-0.156188235,-0.344722301,0.792913198,0.0274447799,0.0757189244,-0.611785948,0.78691256,0,0,-0.522028983,-1.77939761,-1.41786957,1.24398494,-0.62566781,-1.11664486,-1.04408574,0.552373707,-1.83250606,1.41651535,1.1759336,0.464891613,-1.22305667,0.830104113,0.0242044553,-0.015929807,-0.04806168,-0.0945062563,-0.122629255,1.08765411,-1.79469824,0.63482213,0.145535186,0.0826670974,-0.0297690798,1.05871999,-1.74398422,0.733110487,0.0852439478
-0.158580109,-0.345819771,0.791254103,0.0291197859,0.0787636116,-0.594197631,0.79992348,0,0,-0.524441302,-1.7821219,-1.4108392,1.24183869,-0.627601326,-1.11955178,-1.04388726,0.557815492,-1.8325125,1.41609991,1.1798588,0.463850319,-1.22434533,0.831851602,0.0223422963,-0.0171506759,-0.0473919101,-0.0877046287,-0.135299146,1.09147453,-1.79360807,0.640237749,0.144878164,0.0796127766,-0.0310065392,1.06618619,-1.74802196,0.737759233,0.0918924212
-0.160971984,-0.346917212,0.789595008,0.0307815038,0.0817714557,-0.576306701,0.812549293,0,0,-0.526853681,-1.78484619,-1.40380883,1.23969245,-0.6295349,-1.12245858,-1.04368865,0.563257277,-1.83251905,1.41568446,1.18378389,0.462809026,-1.2256341,0.833599091,0.0204801373,-0.0183715466,-0.0467221402,-0.0809030011,-0.147969022,1.09529495,-1.79251778,0.645653307,0.144221142,0.0765584558,-0.0322439969,1.07365239,-1.75205958,0.742408037,0.0985408947
-0.163363859,-0.348014653,0.787935972,0.032427486,0.084738031,-0.558139563,0.824771583,0,0,-0.529266,-1.7875706,-1.39677846,1.23754621,-0.631468415,-1.12536538,-1.04349017,0.568699062,-1.83252549,1.41526902,1.18770897,0.461767733,-1.22692275,0.83534658,0.0186179802,-0.0195924155,-0.0460523702,-0.074101381,-0.160638914,1.09911537,-1.79142761,0.651068926,0.14356412,0.073504135,-0.0334814563,1.08111858,-1.75609732,0.747056842,0.105189368
-0.165755734,-0.349112093,0.786276877,0.0340553522,0.087659061,-0.539723635,0.836573064,0,0,-0.531678319,-1.79029489,-1.38974798,1.23539996,-0.63340199,-1.12827218,-1.04329157,0.574140847,-1.83253193,1.41485357,1.19163406,0.46072644,-1.22821152,0.837094069,0.0167558212,-0.0208132844,-0.0453826003,-0.0672997534,-0.173308805,1.10293579,-1.79033732,0.656484485,0.142907098,0.0704498142,-0.0347189158,1.0885849,-1.76013505,0.751705587,0.111837849
-0.167883843,-0.349948645,0.785003245,0.0347976349,0.0889178291,-0.522586346,0.847222686,0,0,-0.530025959,-1.79219556,-1.38352811,1.23356187,-0.635242224,-1.13067937,-1.04304433,0.577225685,-1.83253694,1.41426814,1.19473791,0.459832489,-1.22917485,0.838602066,0.0137615902,-0.0218649246,-0.0383563191,-0.0614473484,-0.183786348,1.10566652,-1.78811872,0.65862155,0.142235085,0.0659483448,-0.0316706933,1.0910114,-1.76240396,0.757204413,0.117556684
-0.169872358,-0.350647122,0.783933699,0.0350679494,0.0892873034,-0.50602603,0.857167244,0,0,-0.526222527,-1.7936604,-1.37773705,1.2318871,-0.637033045,-1.13282216,-1.04277122,0.579063237,-1.83254123,1.41359293,1.19740713,0.459016532,-1.22996616,0.839983284,0.0101682628,-0.022827005,-0.0279661529,-0.0560972765,-0.193103716,1.10782051,-1.785303,0.659023702,0.141555145,0.0606810376,-0.0263544768,1.09077084,-1.76373672,0.763153076,0.122783564
-0.171860874,-0.351345599,0.782864094,0.0353253782,0.0896237046,-0.489263266,0.866799414,0,0,-0.522419095,-1.79512525,-1.37194598,1.23021221,-0.638823867,-1.13496494,-1.04249811,0.580900788,-1.8325454,1.41291761,1.20007634,0.458200544,-1.23075736,0.841364503,0.00657493575,-0.0237890873,-0.0175759867,-0.0507472046,-0.202421084,1.1099745,-1.78248739,0.659425795,0.140875205,0.0554137342,-0.0210382584,1.0905304,-1.7650696,0.769101739,0.128010437
-0.173849404,-0.352044076,0.781794488,0.0355696045,0.089926593,-0.472316563,0.876107872,0,0,-0.518615663,-1.79659009,-1.36615503,1.22853732,-0.640614688,-1.13710773,-1.042225,0.58273834,-1.83254957,1.41224229,1.20274544,0.457384557,-1.23154855,0.842745721,0.00298160873,-0.0247511696,-0.00718582189,-0.0453971326,-0.211738437,1.1121285,-1.77967167,0.659827888,0.140195265,0.050146427,-0.0157220419,1.09028995,-1.76640248,0.775050402,0.133237317
-0.175837919,-0.352742553,0.780724883,0.035800375,0.0901956931,-0.455205172,0.885082722,0,0,-0.514812231,-1.79805493,-1.36036396,1.22686255,-0.64240557,-1.13925052,-1.04195201,0.584575891,-1.83255386,1.41156697,1.20541465,0.456568569,-1.23233986,0.84412694,-0.000611718744,-0.0257132519,0.00320434477,-0.0400470607,-0.221055806,1.11428249,-1.77685595,0.660229981,0.139515325,0.0448791236,-0.0104058245,1.09004939,-1.76773536,0.780999005,0.138464183
-0.177655235,-0.35334444,0.779661715,0.0359029695,0.0903630927,-0.437326789,0.89403069,0,0,-0.511348963,-1.79920435,-1.35470998,1.22493303,-0.644405246,-1.14153075,-1.04162729,0.585667193,-1.8325578,1.41078532,1.20841491,0.455677927,-1.23327315,0.845619082,-0.00343566528,-0.0263281185,0.0120851882,-0.0352758951,-0.229853004,1.11503601,-1.7744019,0.661243379,0.138707757,0.0398288406,-0.00563628925,1.08919978,-1.76917219,0.786158681,0.143008322
-0.178780407,-0.353555948,0.778624535,0.0355253927,0.0902148038,-0.416716516,0.903850853,0,0,-0.509260654,-1.79907894,-1.34961057,1.22197437,-0.64724946,-1.1443665,-1.0410943,0.583741426,-1.83256042,1.40957427,1.21275365,0.454485327,-1.23478067,0.847559571,-0.00314901699,-0.0255392008,0.0148638692,-0.032845255,-0.236547157,1.11012733,-1.7734102,0.664728284,0.137384236,0.0356559902,-0.00307697919,1.08588719,-1.77102947,0.788128495,0.14479211
-0.179905564,-0.353767455,0.777587354,0.0351286493,0.0900191367,-0.395855546,0.913214505,0,0,-0.507172346,-1.79895341,-1.34451103,1.21901572,-0.650093734,-1.14720213,-1.04056132,0.5818156,-1.83256316,1.4083631,1.21709239,0.453292727,-1.23628831,0.84950012,-0.00286236894,-0.0247502849,0.0176425483,-0.0304146167,-0.24324131,1.10521877,-1.7724185,0.668213248,0.136060715,0.0314831361,-0.00051766925,1.08257461,-1.77288675,0.790098369,0.146575898
-0.181030735,-0.353978962,0.776550174,0.0347132981,0.0897762403,-0.374775797,0.922105312,0,0,-0.505084097,-1.79882789,-1.3394115,1.21605694,-0.652937949,-1.15003788,-1.04002821,0.579889834,-1.8325659,1.40715194,1.22143114,0.452100098,-1.23779583,0.851440668,-0.00257572066,-0.0239613671,0.0204212293,-0.0279839747,-0.249935463,1.10031009,-1.77142668,0.671698153,0.134737194,0.027310282,0.00204164069,1.0792619,-1.77474403,0.792068183,0.148359686
-0.182155907,-0.354190469,0.775512934,0.0342799872,0.0894864872,-0.353510261,0.93050921,0,0,-0.502995789,-1.79870248,-1.33431196,1.21309829,-0.655782163,-1.15287364,-1.03949523,0.577964008,-1.83256865,1.40594077,1.22576988,0.450907499,-1.23930347,0.853381157,-0.00228907238,-0.0231724493,0.0231999103,-0.0255533345,-0.256629616,1.09540141,-1.77043498,0.675183058,0.133413672,0.0231374297,0.00460095098,1.07594931,-1.77660131,0.794037998,0.150143474
-0.183281064,-0.354401976,0.774475753,0.0338294543,0.0891504884,-0.332092971,0.938414693,0,0,-0.500907481,-1.79857695,-1.32921255,1.21013951,-0.658626378,-1.15570927,-1.03896224,0.576038241,-1.83257139,1.40472972,1.23010862,0.449714899,-1.24081099,0.855321705,-0.00200242409,-0.0223835334,0.0259785894,-0.0231226943,-0.263323754,1.09049284,-1.76944327,0.678668022,0.132090136,0.0189645775,0.00716026034,1.07263672,-1.7784586,0.796007812,0.151927263
-0.184150487,-0.354390204,0.775235772,0.0333130509,0.0878491402,-0.314807475,0.944494069,0,0,-0.499605685,-1.79869747,-1.32410228,1.20593476,-0.661312103,-1.1568563,-1.03870285,0.57411921,-1.83257341,1.40290642,1.23063838,0.448969364,-1.2411412,0.857049048,-0.00378132495,-0.0215834752,0.0270631462,-0.0215827581,-0.267426431,1.08630514,-1.76728773,0.680759728,0.131976575,0.0162052792,0.013257049,1.07272899,-1.77729261,0.797100067,0.152599096
-0.184931293,-0.354301035,0.77661854,0.0327686854,0.0861999467,-0.298888534,0.94982177,0,0,-0.498576373,-1.79890335,-1.31898832,1.20129836,-0.663942873,-1.15741813,-1.03853822,0.572202504,-1.8325752,1.40087116,1.22984815,0.448378742,-1.24106348,0.858702481,-0.0062759812,-0.0207795557,0.0275606513,-0.0203514695,-0.270631075,1.08236742,-1.76472878,0.682368696,0.132282287,0.013935809,0.0205796454,1.07400107,-1.77507913,0.79788816,0.152885601
-0.185712099,-0.354211897,0.778001368,0.0322146751,0.0845252499,-0.282875419,0.954881668,0,0,-0.49754709,-1.79910922,-1.31387436,1.19666183,-0.666573644,-1.15797997,-1.03837371,0.570285797,-1.83257699,1.3988359,1.22905803,0.447788119,-1.24098563,0.860355973,-0.00877063721,-0.0199756362,0.0280581582,-0.019120181,-0.273835719,1.0784297,-1.76216996,0.683977604,0.132587999,0.0116663389,0.0279022437,1.07527316,-1.77286553,0.798676252,0.15317212
-0.186492905,-0.354122758,0.779384136,0.0316514857,0.0828264803,-0.266781837,0.959669411,0,0,-0.496517807,-1.79931509,-1.3087604,1.1920253,-0.669204414,-1.1585418,-1.03820908,0.56836915,-1.83257878,1.39680052,1.22826791,0.447197497,-1.24090791,0.862009406,-0.0112652946,-0.0191717166,0.0285556633,-0.0178888924,-0.277040362,1.07449198,-1.75961101,0.685586572,0.132893711,0.00939686783,0.0352248438,1.07654524,-1.77065206,0.799464345,0.15345864
-0.187273711,-0.354033619,0.780766904,0.0310796034,0.0811050832,-0.250621527,0.964180887,0,0,-0.495488524,-1.79952097,-1.30364645,1.1873889,-0.671835184,-1.15910363,-1.03804445,0.566452444,-1.83258045,1.39476526,1.22747779,0.446606874,-1.24083006,0.863662839,-0.0137599502,-0.0183677971,0.0290531702,-0.0166576039,-0.280245036,1.07055426,-1.75705218,0.687195539,0.133199424,0.00712739769,0.0425474383,1.07781744,-1.76843846,0.800252497,0.15374516
-0.187862709,-0.353918672,0.781914771,0.0303712096,0.0795007199,-0.235211462,0.968211114,0,0,-0.495721489,-1.79947996,-1.29777324,1.1836729,-0.674294353,-1.15925455,-1.03806269,0.564120471,-1.83258212,1.39222682,1.22718346,0.446096957,-1.24048102,0.865272522,-0.0144602768,-0.018058816,0.027085742,-0.0150265768,-0.281658709,1.06379843,-1.75488019,0.689648986,0.132526815,0.00695538474,0.0483355932,1.07868385,-1.76800299,0.799359679,0.153101966
-0.187975213,-0.353739679,0.782479107,0.0293368585,0.0782215893,-0.221743524,0.971519709,0,0,-0.499090135,-1.79882598,-1.29001367,1.1822437,-0.676327348,-1.15838504,-1.03853464,0.560756743,-1.83258331,1.38843858,1.22812068,0.44578746,-1.23945785,0.866773427,-0.0107032219,-0.0189793315,0.0189950522,-0.0124025382,-0.278623372,1.05004203,-1.7536695,0.694200158,0.129423887,0.0119937658,0.0503119715,1.07854283,-1.77198434,0.794291139,0.150149226
-0.188087732,-0.353560656,0.783043444,0.028296195,0.0769264698,-0.208224714,0.974640489,0,0,-0.502458811,-1.798172,-1.2822541,1.1808145,-0.678360343,-1.15751553,-1.03900671,0.557392955,-1.83258438,1.38465035,1.22905791,0.445477992,-1.23843455,0.868274391,-0.00694616698,-0.0198998488,0.0109043634,-0.00977850053,-0.275588006,1.03628576,-1.75245869,0.69875139,0.126320973,0.0170321465,0.052288346,1.07840168,-1.77596581,0.789222658,0.147196487
-0.188200235,-0.353381664,0.783607781,0.027249828,0.0756160989,-0.194662899,0.977571487,0,0,-0.505827487,-1.79751801,-1.27449465,1.1793853,-0.680393279,-1.15664601,-1.03947878,0.554029226,-1.83258557,1.38086212,1.22999513,0.445168495,-1.23741138,0.869775295,-0.00318911159,-0.0208203644,0.00281367288,-0.00715446193,-0.272552669,1.02252948,-1.751248,0.703302622,0.123218045,0.0220705289,0.0542647205,1.07826054,-1.77994716,0.784154177,0.144243747
-0.188312739,-0.353202641,0.784172118,0.0261983685,0.0742912591,-0.181066051,0.980310977,0,0,-0.509196103,-1.79686391,-1.26673508,1.1779561,-0.682426274,-1.1557765,-1.03995085,0.550665498,-1.83258677,1.37707388,1.23093235,0.444859028,-1.23638821,0.8712762,0.000567942567,-0.0217408817,-0.0052770148,-0.00453042425,-0.269517332,1.00877309,-1.75003731,0.707853854,0.120115124,0.0271089077,0.0562410988,1.0781194,-1.78392863,0.779085636,0.141291007
-0.188425258,-0.353023648,0.784736454,0.0251424406,0.072952725,-0.167442158,0.982857525,0,0,-0.512564778,-1.79620993,-1.25897551,1.1765269,-0.684459269,-1.15490699,-1.04042292,0.547301769,-1.83258784,1.37328565,1.23186958,0.444549531,-1.23536503,0.872777104,0.00432499778,-0.0226613972,-0.013367705,-0.00190638541,-0.266481966,0.995016813,-1.74882662,0.712405086,0.117012195,0.032147292,0.0582174733,1.07797837,-1.78790998,0.774017155,0.138338268
-0.188549221,-0.352908313,0.784821391,0.0244642608,0.0728760809,-0.156897232,0.984618664,0,0,-0.517197073,-1.79709494,-1.25208139,1.17463899,-0.686045587,-1.15435243,-1.04084992,0.544161558,-1.83258867,1.37223172,1.23144329,0.444446236,-1.23487067,0.873748004,0.00763301877,-0.0239374489,-0.0192723237,0.00149435166,-0.263410062,0.986622572,-1.74828434,0.715198815,0.116058134,0.0367864519,0.0598220676,1.08066487,-1.78990018,0.771223068,0.136620238
-0.188675523,-0.352805912,0.784809053,0.0238606967,0.0730502233,-0.146961391,0.986152411,0,0,-0.522085667,-1.79829216,-1.24536288,1.17265809,-0.687541306,-1.15386176,-1.04126775,0.541066647,-1.83258951,1.37173247,1.23074043,0.444384784,-1.23448348,0.874611378,0.0108499629,-0.0252856147,-0.0247335453,0.0050526252,-0.260330707,0.979315877,-1.74787772,0.717636108,0.115539916,0.0413446426,0.0613512583,1.08392489,-1.79148638,0.768890202,0.135152638
-0.188801825,-0.352703512,0.784796715,0.023254605,0.0732169896,-0.137008861,0.987586439,0,0,-0.526974261,-1.79948938,-1.23864436,1.17067719,-0.689037025,-1.1533711,-1.04168558,0.537971795,-1.83259022,1.37123322,1.23003757,0.444323331,-1.23409629,0.875474751,0.0140669076,-0.0266337786,-0.0301947687,0.00861089956,-0.257251352,0.972009242,-1.74747097,0.720073402,0.115021698,0.0459028333,0.062880449,1.08718503,-1.7930727,0.766557395,0.133685037
-0.188928112,-0.352601111,0.784784317,0.0226461645,0.0733763203,-0.127042606,0.988920212,0,0,-0.531862855,-1.8006866,-1.23192585,1.16869628,-0.690532744,-1.15288043,-1.04210341,0.534876883,-1.83259106,1.37073398,1.22933471,0.444261879,-1.2337091,0.876338124,0.0172838513,-0.0279819425,-0.0356559902,0.0121691721,-0.254172027,0.964702547,-1.74706435,0.722510695,0.114503488,0.050461024,0.064409636,1.09044504,-1.79465902,0.764224589,0.132217437
-0.189054415,-0.35249871,0.784771979,0.0220355634,0.0735281706,-0.117065728,0.990153372,0,0,-0.536751449,-1.80188382,-1.22520721,1.16671538,-0.692028463,-1.15238976,-1.04252124,0.531781971,-1.83259177,1.37023473,1.22863185,0.444200397,-1.23332191,0.877201498,0.0205007959,-0.0293301083,-0.0411172099,0.0157274473,-0.251092672,0.957395911,-1.74665773,0.724947929,0.11398527,0.0550192147,0.0659388229,1.09370518,-1.79624522,0.761891782,0.130749837
-0.189141169,-0.352367371,0.784679651,0.0216954667,0.0739542246,-0.108339295,0.991121948,0,0,-0.541016757,-1.80327499,-1.21912444,1.1648488,-0.693358898,-1.15222752,-1.04288852,0.528913796,-1.83259249,1.37016177,1.2275691,0.444157273,-1.23327041,0.877898932,0.022709433,-0.0307411961,-0.0458385944,0.0191375185,-0.2486981,0.953163087,-1.74643707,0.726422489,0.113723181,0.0587227494,0.0672951713,1.0964334,-1.79743958,0.761834085,0.129885718
-0.18916221,-0.352187932,0.784454405,0.0218068417,0.0748438016,-0.101697072,0.99175638,0,0,-0.544246614,-1.8049885,-1.21409774,1.16317248,-0.694414675,-1.15261066,-1.043172,0.526422322,-1.83259296,1.3707968,1.22590852,0.444144607,-1.23377681,0.878320515,0.0232428033,-0.0322568305,-0.0493307635,0.0223013572,-0.247441202,0.954037309,-1.74652553,0.726297498,0.113886625,0.0610063002,0.0683643669,1.09827793,-1.79798281,0.765556455,0.130024239
-0.189183265,-0.352008492,0.784229159,0.0219172388,0.0757300779,-0.0950493887,0.99234575,0,0,-0.547476411,-1.80670202,-1.20907116,1.16149616,-0.695470512,-1.1529938,-1.04345536,0.523930788,-1.83259344,1.37143183,1.22424793,0.444131941,-1.23428333,0.878742099,0.0237761736,-0.0337724648,-0.0528229326,0.0254651979,-0.246184319,0.95491159,-1.74661398,0.726172507,0.114050068,0.063289851,0.069433555,1.10012257,-1.79852605,0.769278884,0.130162761
-0.189204305,-0.351829082,0.784003854,0.0220266506,0.0766129643,-0.0883972049,0.992890358,0,0,-0.550706267,-1.80841553,-1.20404458,1.15981984,-0.696526289,-1.15337694,-1.04373872,0.521439254,-1.83259392,1.37206686,1.22258735,0.444119275,-1.23478973,0.879163682,0.0243095458,-0.0352881029,-0.056315098,0.0286290366,-0.244927436,0.955785811,-1.74670243,0.726047516,0.114213511,0.0655734017,0.0705027506,1.10196722,-1.7990694,0.773001254,0.130301267
-0.189225361,-0.351649642,0.783778608,0.0221350547,0.0774923339,-0.081741415,0.993389845,0,0,-0.553936064,-1.81012905,-1.199018,1.15814352,-0.697582126,-1.15376008,-1.0440222,0.51894778,-1.83259439,1.37270188,1.22092676,0.444106609,-1.23529613,0.879585326,0.0248429161,-0.0368037373,-0.0598072708,0.0317928754,-0.243670553,0.956660092,-1.74679089,0.725922525,0.114376962,0.06785696,0.0715719387,1.10381174,-1.79961264,0.776723623,0.130439788
-0.189246401,-0.351470202,0.783553362,0.0222424399,0.0783680454,-0.0750828981,0.993844211,0,0,-0.557165921,-1.81184256,-1.1939913,1.1564672,-0.698637962,-1.15414321,-1.04430556,0.516456246,-1.83259487,1.37333691,1.21926618,0.444093943,-1.23580265,0.880006909,0.0253762882,-0.0383193716,-0.0632994398,0.034956716,-0.24241367,0.957534313,-1.74687934,0.725797534,0.114540406,0.0701405108,0.0726411343,1.10565639,-1.80015588,0.780446053,0.130578309
-0.188883185,-0.351617694,0.783544719,0.0225642994,0.0778706446,-0.0733233243,0.994007528,0,0,-0.557254612,-1.81317806,-1.18956637,1.15637434,-0.699664533,-1.15315855,-1.04448199,0.515212655,-1.83259523,1.3713237,1.21576071,0.44442901,-1.23538971,0.880426168,0.0251237936,-0.0406127982,-0.0677434206,0.0376631431,-0.238582179,0.954720676,-1.74606597,0.7260921,0.112656578,0.0746149495,0.0731301755,1.10647547,-1.80055213,0.778130591,0.127376944
-0.188486606,-0.351793557,0.783554912,0.0229047853,0.0772539899,-0.071989134,0.994145274,0,0,-0.557070434,-1.81448078,-1.18519354,1.15641916,-0.70068866,-1.15205491,-1.04464924,0.514077485,-1.83259547,1.36908042,1.2120949,0.444794267,-1.23489702,0.880845189,0.0248030517,-0.0429737754,-0.072270073,0.0403298438,-0.234527096,0.951586843,-1.74517429,0.726423085,0.110594951,0.0792796537,0.0735688284,1.10720551,-1.80093563,0.775290787,0.12388552
-0.188090026,-0.351969421,0.783565104,0.023245221,0.0766371489,-0.0706547722,0.994280875,0,0,-0.556886315,-1.8157835,-1.18082082,1.15646386,-0.701712728,-1.15095139,-1.04481637,0.512942255,-1.83259583,1.36683714,1.20842922,0.445159554,-1.23440421,0.88126421,0.024482308,-0.0453347526,-0.0767967179,0.0429965444,-0.230472013,0.94845295,-1.7442826,0.726754129,0.108533323,0.0839443579,0.0740074813,1.10793567,-1.80131912,0.772450924,0.120394088
-0.187693447,-0.352145284,0.783575296,0.0235856008,0.0760201365,-0.0693202466,0.994414091,0,0,-0.556702197,-1.8170861,-1.17644811,1.15650868,-0.702736795,-1.14984787,-1.04498363,0.511807024,-1.83259618,1.36459398,1.20476341,0.445524812,-1.23391151,0.88168329,0.024161566,-0.0476957262,-0.0813233629,0.045663245,-0.226416931,0.945319057,-1.74339104,0.727085114,0.106471695,0.0886090621,0.0744461343,1.1086657,-1.8017025,0.76961112,0.116902664
-0.187296852,-0.352321148,0.783585489,0.0239259284,0.0754029527,-0.0679855794,0.994545162,0,0,-0.556518018,-1.81838882,-1.17207539,1.15655339,-0.703760922,-1.14874434,-1.04515076,0.510671854,-1.83259654,1.3623507,1.20109761,0.445890069,-1.23341882,0.882102311,0.0238408223,-0.0500567034,-0.0858500153,0.0483299457,-0.222361863,0.942185163,-1.74249935,0.727416158,0.104410067,0.0932737663,0.0748847872,1.10939574,-1.802086,0.766771317,0.11341124
-0.186709881,-0.352507979,0.783560753,0.0243121274,0.0747641772,-0.0692850351,0.994494319,0,0,-0.556957185,-1.81948912,-1.17151618,1.15679634,-0.704726756,-1.1479013,-1.04524004,0.508779287,-1.83259678,1.36313665,1.19793439,0.446400076,-1.23341179,0.882247329,0.0233006384,-0.051679153,-0.0904346779,0.0502762757,-0.213631898,0.940717697,-1.74190724,0.727823496,0.104492716,0.0987090096,0.0722663254,1.11141264,-1.80173016,0.764250517,0.109790869
-0.185903355,-0.352707475,0.783495605,0.0247509535,0.0740995631,-0.0736212134,0.994221628,0,0,-0.558115005,-1.82035601,-1.17535436,1.15726781,-0.705625415,-1.14735878,-1.04523933,0.506013513,-1.8325969,1.36741555,1.19535041,0.447077006,-1.23396504,0.882076323,0.0225074254,-0.052450031,-0.0950862393,0.0513919629,-0.199511483,0.941171706,-1.74166059,0.72831887,0.107047886,0.105032735,0.0661227927,1.11491323,-1.80052173,0.762097657,0.106021814
-0.185096845,-0.352906972,0.783430517,0.0251893196,0.0734334663,-0.0779561698,0.993929625,0,0,-0.559272826,-1.82122302,-1.17919254,1.15773928,-0.706524134,-1.14681613,-1.04523873,0.503247738,-1.83259714,1.37169445,1.19276643,0.447753936,-1.23451829,0.881905317,0.0217142105,-0.0532209054,-0.0997378007,0.0525076501,-0.185391054,0.941625655,-1.74141383,0.728814185,0.109603047,0.111356452,0.05997926,1.11841393,-1.79931331,0.759944797,0.102252759
-0.18429032,-0.353106439,0.783365369,0.0256271958,0.0727659315,-0.082289651,0.993618071,0,0,-0.560430586,-1.82208991,-1.18303072,1.15821075,-0.707422853,-1.14627361,-1.04523814,0.500481963,-1.83259737,1.37597334,1.19018245,0.448430866,-1.23507154,0.881734312,0.0209209956,-0.0539917834,-0.104389362,0.0536233373,-0.171270639,0.942079663,-1.74116719,0.729309559,0.112158209,0.117680177,0.053835731,1.12191463,-1.79810488,0.757791877,0.098483704
-0.183483809,-0.353305936,0.783300281,0.0260645598,0.0720969886,-0.0866213962,0.993287146,0,0,-0.561588407,-1.82295692,-1.18686891,1.15868223,-0.708321512,-1.14573097,-1.04523742,0.497716188,-1.83259749,1.38025212,1.18759847,0.449107766,-1.23562479,0.881563306,0.0201277826,-0.0547626577,-0.109040931,0.0547390245,-0.157150209,0.942533672,-1.74092054,0.729804933,0.114713378,0.124003902,0.0476921983,1.12541521,-1.79689646,0.755639017,0.094714649
-0.182674184,-0.353502631,0.783242226,0.0264993627,0.0714206323,-0.0910356864,0.992929697,0,0,-0.562742829,-1.82381916,-1.19071805,1.15919793,-0.709217429,-1.14517725,-1.0452379,0.49494499,-1.83259773,1.38456476,1.18502104,0.44979614,-1.23617542,0.88138479,0.0193167981,-0.0555323027,-0.113654472,0.0558340847,-0.142963439,0.943027139,-1.7406491,0.730243564,0.117286049,0.130309001,0.0415494703,1.12887573,-1.79568911,0.753540933,0.0909604803
-0.181516305,-0.353385895,0.783976495,0.0267036818,0.0700543448,-0.104954012,0.991647184,0,0,-0.563516617,-1.82415485,-1.19580102,1.16468632,-0.709796131,-1.14336014,-1.04535675,0.491562068,-1.83259785,1.39267302,1.18318629,0.451769948,-1.23643279,0.880362689,0.0165070742,-0.0561636016,-0.113991678,0.0546091609,-0.121313564,0.947961211,-1.73759508,0.724308133,0.121828131,0.134519458,0.0354968831,1.12782717,-1.79460287,0.757603526,0.0888809785
-0.18035844,-0.35326916,0.784710824,0.0269028638,0.0686732978,-0.118861042,0.990167797,0,0,-0.564290404,-1.82449067,-1.2008841,1.17017472,-0.710374832,-1.14154291,-1.04547548,0.488179177,-1.83259797,1.40078115,1.18135154,0.453743756,-1.23669028,0.879340589,0.0136973485,-0.0567948967,-0.114328884,0.0533842333,-0.0996636897,0.952895224,-1.73454118,0.718372703,0.126370206,0.138729915,0.0294442996,1.1267786,-1.79351676,0.761666179,0.0868014768
-0.17920056,-0.353152394,0.785445154,0.0270967856,0.0672782883,-0.132748529,0.98849237,0,0,-0.565064192,-1.82482636,-1.20596707,1.17566311,-0.710953534,-1.1397258,-1.04559433,0.484796256,-1.83259809,1.40888929,1.17951667,0.455717564,-1.23694766,0.878318489,0.0108876247,-0.0574261956,-0.114666089,0.0521593057,-0.078013815,0.957829237,-1.73148715,0.712437212,0.130912289,0.142940372,0.0233917143,1.12573004,-1.79243064,0.765728772,0.0847219676
-0.17804268,-0.353035659,0.786179483,0.0272853337,0.0658701435,-0.146608278,0.986621857,0,0,-0.565837979,-1.82516205,-1.21105015,1.18115151,-0.711532235,-1.1379087,-1.04571319,0.481413364,-1.83259821,1.41699743,1.17768192,0.457691371,-1.23720515,0.877296329,0.00807789899,-0.0580574907,-0.115003303,0.0509343781,-0.0563639365,0.96276325,-1.72843313,0.706501782,0.135454372,0.147150844,0.017339129,1.12468147,-1.7913444,0.769791424,0.0826424658
-0.1768848,-0.352918893,0.786913812,0.0274683945,0.0644496903,-0.160432026,0.98455739,0,0,-0.566611707,-1.82549787,-1.21613312,1.1866399,-0.712110996,-1.13609159,-1.04583204,0.478030443,-1.83259845,1.42510557,1.17584705,0.459665179,-1.23746252,0.876274228,0.00526817515,-0.0586887859,-0.115340509,0.0497094505,-0.0347140692,0.967697263,-1.72537911,0.700566292,0.139996454,0.151361302,0.0112865446,1.12363279,-1.79025829,0.773854017,0.0805629641
-0.175529733,-0.352685571,0.787551463,0.0279855374,0.0633743107,-0.177271411,0.981720626,0,0,-0.567478955,-1.82571959,-1.22110188,1.19232762,-0.712476015,-1.13393998,-1.04590607,0.474464327,-1.83228493,1.43241513,1.17274749,0.462055475,-1.23769832,0.874916494,0.00342769455,-0.0595359653,-0.118167572,0.0499622598,-0.0208781399,0.970157325,-1.72240651,0.693976223,0.1424032,0.15200977,0.0118948836,1.12044084,-1.78886843,0.778293073,0.0803666487
-0.174015373,-0.352358073,0.788110971,0.0287683215,0.0625644997,-0.196541011,0.978074431,0,0,-0.568421721,-1.82584941,-1.22597826,1.19817626,-0.712668538,-1.13151824,-1.04594386,0.470750213,-1.83171809,1.43907964,1.16862631,0.464782149,-1.23791659,0.873287678,0.00237012771,-0.0605575219,-0.12300583,0.0514087155,-0.0133539829,0.970619023,-1.71949959,0.686857402,0.143085122,0.149781018,0.0178836323,1.11551762,-1.78723323,0.783036172,0.0816914886
-0.172501013,-0.352030575,0.78867048,0.0295407027,0.0617297851,-0.215752184,0.974047065,0,0,-0.569364488,-1.82597923,-1.23085463,1.20402491,-0.712861001,-1.12909639,-1.04598176,0.467036128,-1.83115125,1.44574404,1.16450512,0.467508823,-1.23813498,0.871658862,0.00131256122,-0.0615790784,-0.12784408,0.0528551713,-0.00582982553,0.97108072,-1.71659267,0.679738581,0.143767044,0.147552282,0.0238723792,1.11059427,-1.78559804,0.787779212,0.083016336
-0.170986652,-0.351703078,0.789229989,0.0303017702,0.0608710907,-0.234882548,0.96964258,0,0,-0.570307195,-1.82610905,-1.23573101,1.20987368,-0.713053524,-1.12667465,-1.04601967,0.463322014,-1.83058453,1.45240855,1.16038394,0.470235497,-1.23835325,0.870029986,0.000254994404,-0.062600635,-0.132682338,0.054301627,0.00169433269,0.971542418,-1.71368575,0.67261976,0.144448951,0.14532353,0.029861128,1.10567093,-1.78396285,0.792522311,0.0843411833
-0.169472292,-0.35137555,0.789789498,0.031050643,0.0599894263,-0.253909975,0.964866281,0,0,-0.571249962,-1.82623875,-1.24060738,1.21572232,-0.713245988,-1.1242528,-1.04605746,0.459607899,-1.83001769,1.45907295,1.15626276,0.472962171,-1.23857152,0.86840117,-0.00080257206,-0.0636221915,-0.137520596,0.0557480827,0.00921848882,0.972004116,-1.71077883,0.665500939,0.145130873,0.143094793,0.035849873,1.1007477,-1.78232765,0.797265351,0.0856660232
-0.16792351,-0.351044446,0.790208876,0.0319464691,0.0591251701,-0.272993654,0.959665656,0,0,-0.572034836,-1.82632899,-1.24501586,1.22136104,-0.713403106,-1.12184107,-1.04609644,0.455741376,-1.82926536,1.46538174,1.15199625,0.475703806,-1.2387892,0.866753399,-0.001154367,-0.0646755025,-0.142602578,0.0566826425,0.0157602299,0.972066522,-1.70917702,0.658178151,0.145961806,0.140430778,0.0415703133,1.0951339,-1.78060138,0.801974177,0.0872376114
-0.166056156,-0.350679934,0.789332032,0.0343108922,0.0585990809,-0.293642133,0.953500569,0,0,-0.571358919,-1.8260529,-1.24509573,1.22505772,-0.713232756,-1.11952221,-1.04614508,0.450464487,-1.82679605,1.46839929,1.14638519,0.478583753,-1.2390002,0.86493057,0.00502442848,-0.0660226196,-0.149939775,0.0528805666,0.0132115502,0.968434453,-1.71965182,0.648967564,0.148171455,0.133739114,0.0448080674,1.08313155,-1.77803266,0.806365788,0.0910923705
-0.164188817,-0.350315452,0.788455129,0.0366627797,0.0580445565,-0.31418398,0.946876526,0,0,-0.570683002,-1.82577682,-1.2451756,1.2287544,-0.713062406,-1.11720347,-1.04619384,0.445187628,-1.82432687,1.47141683,1.14077413,0.48146373,-1.23921132,0.863107741,0.0112032229,-0.0673697293,-0.157276958,0.0490784906,0.0106628705,0.964802444,-1.73012674,0.639757037,0.150381103,0.127047449,0.0480458178,1.0711292,-1.77546394,0.810757339,0.094947122
-0.162321463,-0.349950939,0.787578225,0.0389987566,0.0574622937,-0.33458966,0.939801514,0,0,-0.570007026,-1.82550073,-1.24525547,1.23245108,-0.712892056,-1.11488473,-1.04624259,0.43991074,-1.82185757,1.47443449,1.13516307,0.484343678,-1.23942244,0.861284912,0.0173820201,-0.068716839,-0.164614141,0.0452764146,0.0081141917,0.961170375,-1.74060154,0.630546451,0.152590752,0.120355785,0.0512835719,1.05912685,-1.77289522,0.81514895,0.0988018811
-0.160454124,-0.349586457,0.786701381,0.0413155146,0.056853123,-0.354830354,0.932285428,0,0,-0.56933111,-1.82522464,-1.24533534,1.23614776,-0.712721705,-1.11256588,-1.04629123,0.434633851,-1.81938827,1.47745204,1.12955201,0.487223655,-1.23963344,0.859462082,0.0235608127,-0.0700639486,-0.171951324,0.0414743386,0.00556551246,0.957538307,-1.75107646,0.621335924,0.1548004,0.113664128,0.0545213223,1.04712451,-1.77032661,0.819540501,0.102656633
-0.158586785,-0.349221945,0.785824478,0.043609824,0.0562179536,-0.374877781,0.92433995,0,0,-0.568655193,-1.82494855,-1.24541521,1.23984444,-0.712551355,-1.11024714,-1.04633999,0.429356992,-1.81691909,1.48046958,1.12394094,0.490103602,-1.23984456,0.857639253,0.029739609,-0.0714110658,-0.179288521,0.0376722589,0.00301683298,0.953906298,-1.76155126,0.612125397,0.157010049,0.106972463,0.0577590764,1.03512216,-1.76775789,0.823932111,0.106511392
-0.15648827,-0.348833203,0.785965264,0.0484667458,0.0550298095,-0.397311568,0.914749205,0,0,-0.567399561,-1.82516158,-1.2436831,1.24362755,-0.712410092,-1.11004579,-1.04639208,0.425627917,-1.81449854,1.48041356,1.1182344,0.492589146,-1.24194527,0.855817199,0.0389592424,-0.0726162568,-0.18237032,0.0276295077,-0.000896698737,0.962822556,-1.78155375,0.600054801,0.161956325,0.0951028392,0.0598602854,1.02365112,-1.76378441,0.827337086,0.110529311
-0.154260784,-0.348430961,0.786673844,0.0547483712,0.0535068102,-0.420977205,0.903835118,0,0,-0.565820515,-1.82564747,-1.24094009,1.24745882,-0.712285101,-1.11102581,-1.0464462,0.422762364,-1.81210518,1.47864294,1.11247444,0.494854689,-1.24510026,0.853995621,0.0498753525,-0.0737422854,-0.183078036,0.0141050983,-0.00557167828,0.97873944,-1.80687165,0.586388588,0.168429375,0.080344446,0.0613274239,1.01247656,-1.75902736,0.830191612,0.114638261
-0.152033314,-0.348028719,0.787382424,0.0610002913,0.0519427471,-0.444375694,0.892250597,0,0,-0.564241469,-1.82613337,-1.23819709,1.25129008,-0.71216011,-1.11200595,-1.04650021,0.419896811,-1.80971181,1.47687221,1.10671461,0.497120202,-1.24825525,0.852174044,0.0607914627,-0.0748683065,-0.183785766,0.000580689579,-0.0102466578,0.994656384,-1.83218956,0.572722375,0.174902409,0.0655860528,0.0627945662,1.001302,-1.75427032,0.833046138,0.118747205
-0.149805844,-0.347626477,0.788090944,0.0672088712,0.050340917,-0.467455685,0.880019248,0,0,-0.562662482,-1.82661927,-1.23545408,1.25512135,-0.71203512,-1.11298597,-1.04655433,0.417031258,-1.80731845,1.47510147,1.10095477,0.499385715,-1.25141025,0.850352407,0.0717075691,-0.0759943277,-0.184493497,-0.0129437195,-0.0149216363,1.01057339,-1.85750747,0.559056163,0.181375444,0.0508276634,0.0642617047,0.990127385,-1.74951327,0.835900664,0.122856155
-0.147578359,-0.347224206,0.788799524,0.0733607262,0.0487048551,-0.490167737,0.867168725,0,0,-0.561083436,-1.82710516,-1.23271108,1.25895262,-0.711910129,-1.11396599,-1.04660833,0.414165735,-1.8049252,1.47333074,1.09519482,0.501651227,-1.25456512,0.848530829,0.0826236829,-0.0771203488,-0.185201228,-0.0264681298,-0.0195966158,1.02649021,-1.88282537,0.54538995,0.187848493,0.0360692702,0.0657288432,0.978952825,-1.74475622,0.83875519,0.126965106
-0.14551881,-0.346828073,0.789487362,0.0788960084,0.0468436293,-0.511806071,0.854187131,0,0,-0.559866905,-1.8275615,-1.23070216,1.26152921,-0.711790562,-1.11483502,-1.0466156,0.411757767,-1.80318856,1.47168791,1.09082866,0.503770292,-1.25753963,0.84684217,0.0916836858,-0.0779368132,-0.186555311,-0.0391112529,-0.0248869192,1.04110193,-1.9023068,0.53333199,0.193218052,0.0222796779,0.0677578673,0.968826413,-1.74015033,0.841423631,0.130561367
-0.144192934,-0.346458703,0.790085018,0.0819913298,0.0441033505,-0.530260444,0.842707634,0,0,-0.560234487,-1.82788861,-1.2319001,1.25862396,-0.711694658,-1.11521876,-1.04641879,0.411349028,-1.80432177,1.47060382,1.09255147,0.50524956,-1.25972533,0.845734179,0.0926341563,-0.0774007887,-0.190733358,-0.0479039401,-0.0328656435,1.05001068,-1.89628744,0.528300643,0.193766415,0.0127228852,0.0722418651,0.963279366,-1.73620486,0.843279064,0.13191767
-0.142867044,-0.346089303,0.790682614,0.0850511268,0.0413372926,-0.548482656,0.830797374,0,0,-0.560602009,-1.82821584,-1.23309815,1.25571871,-0.711598754,-1.11560249,-1.04622197,0.410940289,-1.80545485,1.46951973,1.09427428,0.506728768,-1.26191103,0.844626188,0.0935846344,-0.0768647566,-0.19491142,-0.0566966273,-0.040844366,1.05891931,-1.89026821,0.523269296,0.194314793,0.00316609233,0.0767258555,0.957732379,-1.73225939,0.845134497,0.133273974
-0.141541168,-0.345719904,0.79128027,0.0880707577,0.0385494567,-0.566445112,0.818472564,0,0,-0.560969532,-1.82854295,-1.2342962,1.25281346,-0.71150285,-1.11598635,-1.04602504,0.41053158,-1.80658805,1.46843553,1.0959971,0.508208036,-1.26409674,0.843518198,0.0945351049,-0.0763287246,-0.199089468,-0.0654893145,-0.0488230884,1.06782806,-1.88424885,0.518237948,0.194863155,-0.00639070012,0.0812098533,0.952185333,-1.72831392,0.846989989,0.134630278
-0.140215293,-0.345350504,0.791877866,0.0910457894,0.0357439406,-0.584121287,0.805751383,0,0,-0.561337113,-1.82887006,-1.23549414,1.24990809,-0.711406946,-1.11637008,-1.04582822,0.410122842,-1.80772114,1.46735144,1.09771991,0.509687245,-1.26628256,0.842410207,0.0954855755,-0.0757927001,-0.20326753,-0.074281998,-0.0568018109,1.07673681,-1.87822962,0.513206601,0.195411518,-0.0159474947,0.0856938437,0.946638346,-1.72436845,0.848845422,0.135986567
-0.138889417,-0.344981104,0.792475522,0.0939719453,0.0329249315,-0.601486027,0.79265368,0,0,-0.561704636,-1.82919729,-1.23669219,1.24700284,-0.711311042,-1.11675394,-1.04563141,0.409714133,-1.80885422,1.46626735,1.09944272,0.511166453,-1.26846826,0.841302276,0.0964360535,-0.075256668,-0.207445577,-0.0830746815,-0.0647805333,1.08564556,-1.87221026,0.508175254,0.195959881,-0.0255042855,0.0901778415,0.941091299,-1.72042298,0.850700855,0.13734287
-0.139894754,-0.345508367,0.792807341,0.0947539285,0.0304603241,-0.617333889,0.780379951,0,0,-0.560369074,-1.82933319,-1.23931396,1.24239171,-0.711263716,-1.11620533,-1.04551959,0.41440931,-1.81025815,1.4637481,1.10595834,0.512518227,-1.26923716,0.840459943,0.0935177505,-0.0717564672,-0.207728922,-0.089618966,-0.0694802254,1.08850288,-1.86381721,0.508994579,0.194334388,-0.031822931,0.092677705,0.934231818,-1.71727192,0.849831939,0.137073636
-0.141759664,-0.346366227,0.79304117,0.0947260037,0.0281158052,-0.632513642,0.768220663,0,0,-0.558405519,-1.82939851,-1.24246061,1.23715138,-0.711234331,-1.11531305,-1.04543912,0.420986444,-1.81176198,1.46069968,1.11424124,0.513822973,-1.26948357,0.8397156,0.0891729668,-0.0671633258,-0.206576228,-0.0953342095,-0.0729708746,1.08912897,-1.85454893,0.511971176,0.191907346,-0.0369476117,0.0944459885,0.926888287,-1.71441376,0.847958446,0.136205018
-0.143624574,-0.347224087,0.793274999,0.0946616754,0.0257586911,-0.64746207,0.755757034,0,0,-0.556442022,-1.82946396,-1.24560738,1.23191118,-0.711204886,-1.11442077,-1.04535878,0.427563578,-1.8132658,1.45765138,1.12252414,0.515127778,-1.26973009,0.838971257,0.0848281756,-0.062570177,-0.205423519,-0.101049453,-0.0764615238,1.08975506,-1.84528065,0.514947772,0.189480305,-0.0420722887,0.0962142721,0.919544816,-1.71155572,0.846084952,0.135336414
-0.145489484,-0.348081946,0.793508828,0.0945609584,0.0233916771,-0.662161529,0.743002772,0,0,-0.554478467,-1.82952929,-1.24875402,1.22667098,-0.711175501,-1.11352849,-1.04527831,0.434140682,-1.81476951,1.45460296,1.13080704,0.516432524,-1.2699765,0.838226914,0.0804833844,-0.0579770282,-0.204270825,-0.106764697,-0.0799521729,1.09038103,-1.83601236,0.517924368,0.187053263,-0.0471969694,0.0979825482,0.912201345,-1.70869756,0.844211519,0.134467795
-0.147354394,-0.348939806,0.793742657,0.0944240093,0.0210175086,-0.676595569,0.729973197,0,0,-0.552514911,-1.82959461,-1.25190079,1.22143066,-0.711146057,-1.11263621,-1.04519784,0.440717816,-1.81627333,1.45155454,1.13908994,0.517737269,-1.27022302,0.837482572,0.0761385933,-0.0533838831,-0.203118116,-0.11247994,-0.0834428221,1.09100711,-1.82674408,0.520901024,0.184626222,-0.0523216464,0.0997508317,0.904857874,-1.7058394,0.842338026,0.133599192
-0.149868459,-0.349851549,0.793849409,0.0942734405,0.0189207215,-0.689953148,0.717439294,0,0,-0.55031234,-1.82955825,-1.25537169,1.21636248,-0.711255252,-1.11160707,-1.04513156,0.447303087,-1.81763244,1.44918859,1.14693809,0.518948197,-1.27010167,0.836913228,0.0718885213,-0.0490149297,-0.199916273,-0.117645159,-0.0852928162,1.09045899,-1.81838322,0.524919569,0.182269678,-0.055524148,0.0998439044,0.898781836,-1.70345974,0.839042485,0.131853506
-0.15409416,-0.350905418,0.793621242,0.094154276,0.0175621547,-0.701010585,0.706689835,0,0,-0.547479451,-1.82925344,-1.25969744,1.211748,-0.711730003,-1.11021721,-1.04510272,0.453909844,-1.81860983,1.44862199,1.15363967,0.519911706,-1.26901054,0.836805165,0.0678881928,-0.0452371277,-0.191311345,-0.121360071,-0.0828167945,1.08681476,-1.81241536,0.53168565,0.180098996,-0.0536583178,0.0955198556,0.896047652,-1.70234179,0.831997395,0.12779516
-0.158319876,-0.351959288,0.793393016,0.0940124542,0.0161984302,-0.711907685,0.69576335,0,0,-0.544646502,-1.82894874,-1.26402318,1.20713353,-0.712204754,-1.10882723,-1.04507375,0.460516632,-1.81958735,1.44805539,1.16034126,0.520875275,-1.2679193,0.836697161,0.0638878644,-0.0414593257,-0.182706401,-0.125074983,-0.0803407654,1.08317041,-1.80644739,0.538451731,0.177928314,-0.0517924875,0.0911958069,0.893313468,-1.70122385,0.824952304,0.123736829
-0.162545592,-0.353013158,0.793164849,0.0938480273,0.0148305176,-0.722636163,0.684667468,0,0,-0.541813612,-1.82864392,-1.26834893,1.20251906,-0.712679565,-1.10743737,-1.04504478,0.467123389,-1.82056475,1.44748867,1.16704285,0.521838784,-1.26682818,0.836589098,0.0598875396,-0.0376815237,-0.174101472,-0.128789887,-0.0778647438,1.07952619,-1.80047941,0.545217812,0.175757647,-0.0499266535,0.0868717507,0.890579283,-1.70010591,0.817907155,0.11967849
-0.166771308,-0.354066998,0.792936623,0.093661122,0.0134594068,-0.73318851,0.673410177,0,0,-0.538980663,-1.82833922,-1.27267468,1.19790459,-0.713154316,-1.10604751,-1.04501593,0.473730147,-1.82154226,1.44692206,1.17374432,0.522802353,-1.26573694,0.836481094,0.0558872111,-0.0339037217,-0.165496543,-0.132504806,-0.0753887147,1.07588196,-1.79451156,0.551983893,0.173586965,-0.0480608232,0.0825477019,0.887845099,-1.69898796,0.810862064,0.115620151
-0.170997024,-0.355120867,0.792708457,0.0934518799,0.0120860832,-0.743557036,0.661999643,0,0,-0.536147773,-1.8280344,-1.27700043,1.19329011,-0.713629067,-1.10465753,-1.04498696,0.480336934,-1.82251978,1.44635546,1.18044591,0.523765862,-1.26464581,0.836373031,0.0518868864,-0.030125916,-0.156891614,-0.13621971,-0.072912693,1.07223761,-1.78854358,0.558749974,0.171416298,-0.046194993,0.0782236531,0.885110974,-1.69787002,0.803816974,0.111561812
-0.175114363,-0.356067747,0.792127967,0.0940321758,0.0122463908,-0.749526024,0.65514791,0,0,-0.530647695,-1.82604074,-1.27870893,1.18702006,-0.71449393,-1.10318196,-1.04494727,0.480375409,-1.82321692,1.44355476,1.18408763,0.524515212,-1.26303053,0.836609542,0.0522199571,-0.0275746044,-0.149095103,-0.138434082,-0.0675878748,1.06734526,-1.78561699,0.565583467,0.169666141,-0.0396670699,0.0732498989,0.889760017,-1.69894016,0.795034111,0.106706373
-0.179207802,-0.356990993,0.791469753,0.0947844461,0.0127445012,-0.754509389,0.649283528,0,0,-0.524559498,-1.82367468,-1.27984035,1.18038487,-0.715444863,-1.10168755,-1.04490519,0.478965491,-1.8238523,1.44026136,1.18705451,0.525217354,-1.26129961,0.83692193,0.0535085872,-0.0252937451,-0.141476855,-0.140317574,-0.0616348647,1.06217778,-1.78336108,0.572431862,0.16800873,-0.0321111046,0.0681328773,0.896037102,-1.70049274,0.785868049,0.101675175
-0.183301255,-0.357914269,0.790811598,0.0955311283,0.013241902,-0.759447992,0.643379509,0,0,-0.518471241,-1.82130873,-1.28097177,1.1737498,-0.716395795,-1.10019302,-1.0448631,0.477555573,-1.82448757,1.43696809,1.19002151,0.525919437,-1.25956881,0.837234378,0.0547972172,-0.0230128858,-0.133858621,-0.142201066,-0.0556818582,1.05701029,-1.78110516,0.579280257,0.166351318,-0.0245551374,0.0630158558,0.902314246,-1.70204532,0.776701987,0.0966439769
-0.187394693,-0.358837545,0.790153384,0.0962720513,0.0137385018,-0.764340997,0.637436926,0,0,-0.512383044,-1.81894267,-1.28210318,1.16711473,-0.717346728,-1.0986985,-1.04482102,0.476145685,-1.82512295,1.43367469,1.1929884,0.52662158,-1.25783789,0.837546766,0.0560858473,-0.0207320284,-0.126240373,-0.144084543,-0.0497288518,1.05184269,-1.77884924,0.586128652,0.164693892,-0.0169991739,0.0578988343,0.90859139,-1.7035979,0.767535925,0.0916127712
-0.191488132,-0.359760791,0.78949517,0.0970071107,0.0142342132,-0.76918745,0.631456912,0,0,-0.506294847,-1.8165766,-1.2832346,1.16047966,-0.718297601,-1.09720397,-1.04477906,0.474735767,-1.82575834,1.43038142,1.19595528,0.527323723,-1.25610709,0.837859213,0.0573744811,-0.0184511691,-0.118622132,-0.145968035,-0.0437758416,1.04667521,-1.77659333,0.592977047,0.163036481,-0.00944320764,0.0527818128,0.914868474,-1.70515049,0.758369863,0.0865815729
-0.195019647,-0.360798776,0.788360476,0.0984524935,0.0156459473,-0.772709548,0.62688303,0,0,-0.495516092,-1.8132695,-1.28398955,1.15165627,-0.719564736,-1.09552777,-1.04463756,0.468413502,-1.82608247,1.42596507,1.1955843,0.528149843,-1.25435758,0.838038862,0.0619037896,-0.0168453474,-0.111185655,-0.147476122,-0.038220603,1.04348326,-1.7764765,0.59935987,0.161135286,-0.00222063414,0.049356617,0.925049901,-1.70888746,0.749283314,0.0827143937
-0.197567984,-0.36203739,0.786391973,0.101147942,0.0186616965,-0.773970723,0.624812126,0,0,-0.476530761,-1.80831587,-1.28408575,1.13900423,-0.721385121,-1.09353352,-1.04432237,0.453496516,-1.82586229,1.41958392,1.18937325,0.529192924,-1.2525754,0.837986231,0.0721030012,-0.0164205693,-0.104067184,-0.14832738,-0.0333613008,1.04374766,-1.78010201,0.604928195,0.158807591,0.00441863434,0.0488914475,0.942062318,-1.71644652,0.740335703,0.0808837861
-0.200116321,-0.363276035,0.78442353,0.103841312,0.0216772147,-0.775214791,0.622727156,0,0,-0.4575454,-1.80336213,-1.28418195,1.12635219,-0.723205566,-1.09153926,-1.04400706,0.43857953,-1.82564223,1.41320276,1.18316221,0.530236006,-1.25079334,0.8379336,0.0823022127,-0.015995793,-0.0969487131,-0.149178654,-0.0285020005,1.04401195,-1.78372753,0.610496521,0.156479895,0.0110579031,0.0484262779,0.959074676,-1.72400558,0.731388092,0.0790531859
-0.202664658,-0.364514679,0.782455027,0.106532417,0.0246923007,-0.776441693,0.620628357,0,0,-0.438560069,-1.79840851,-1.28427815,1.11370027,-0.725025952,-1.08954501,-1.04369187,0.423662543,-1.82542205,1.40682149,1.17695129,0.531279087,-1.24901116,0.837880909,0.0925014168,-0.0155710168,-0.0898302421,-0.150029927,-0.0236427002,1.04427636,-1.78735304,0.616064906,0.154152185,0.0176971704,0.0479611084,0.976087093,-1.73156452,0.722440481,0.0772225782
-0.205212995,-0.365753323,0.780486524,0.109221071,0.0277067497,-0.777651191,0.61851579,0,0,-0.419574708,-1.79345477,-1.28437436,1.10104823,-0.726846337,-1.08755076,-1.04337668,0.408745557,-1.82520187,1.40044034,1.17074025,0.532322228,-1.24722898,0.837828279,0.102700628,-0.0151462406,-0.0827117711,-0.150881186,-0.018783398,1.04454076,-1.79097855,0.621633232,0.151824489,0.0243364386,0.0474959388,0.993099511,-1.73912358,0.71349287,0.075391978
-0.207761332,-0.366991937,0.778518081,0.111907087,0.0307203624,-0.778843343,0.616389632,0,0,-0.400589377,-1.78850114,-1.28447056,1.08839619,-0.728666723,-1.08555651,-1.04306138,0.393828601,-1.82498169,1.39405918,1.1645292,0.533365309,-1.24544692,0.837775648,0.11289984,-0.0147214634,-0.0755933002,-0.15173246,-0.0139240958,1.04480517,-1.79460406,0.627201557,0.149496794,0.0309757087,0.0470307693,1.01011193,-1.74668252,0.704545259,0.0735613704
-0.208580777,-0.367982209,0.774490952,0.115604043,0.0354035348,-0.778515875,0.615869582,0,0,-0.372595429,-1.78470612,-1.28700495,1.0769974,-0.7307266,-1.08308017,-1.04232979,0.370268315,-1.82487106,1.39234591,1.15618634,0.534628391,-1.24357939,0.837366343,0.128641218,-0.014944314,-0.069610253,-0.153133377,-0.0106273144,1.04889989,-1.80635774,0.632398665,0.149498343,0.0375288352,0.0478542522,1.03139007,-1.76117206,0.698609352,0.0703889728
-0.209225148,-0.368947327,0.770255387,0.119399779,0.0402551629,-0.778006911,0.615490317,0,0,-0.343689263,-1.78102839,-1.28978634,1.06572556,-0.732810795,-1.08055496,-1.04155612,0.345832795,-1.82477152,1.39110529,1.14762771,0.535913706,-1.24170315,0.836920977,0.144943804,-0.0152327456,-0.0637421906,-0.154589951,-0.0074887583,1.0533824,-1.81893432,0.637558281,0.149735764,0.0440732427,0.0488082245,1.05310035,-1.77636325,0.692978382,0.0670806989
-0.209869519,-0.369912416,0.766019821,0.123191178,0.0451055467,-0.777468145,0.615087509,0,0,-0.314783067,-1.77735066,-1.29256773,1.05445373,-0.734894931,-1.07802975,-1.04078245,0.321397245,-1.82467186,1.38986456,1.13906908,0.53719908,-1.23982704,0.836475551,0.161246389,-0.0155211771,-0.0578741208,-0.156046525,-0.00435020262,1.0578649,-1.83151102,0.642717838,0.149973184,0.0506176502,0.0497622006,1.0748105,-1.79155445,0.687347353,0.0637724251
-0.21051389,-0.370877534,0.761784256,0.126977801,0.0499541461,-0.776899636,0.614661098,0,0,-0.28587687,-1.77367294,-1.29534912,1.0431819,-0.736979067,-1.07550454,-1.04000866,0.296961725,-1.82457232,1.38862395,1.13051045,0.538484454,-1.23795092,0.836030185,0.177548975,-0.0158096086,-0.0520060509,-0.157503098,-0.00121164601,1.06234741,-1.8440876,0.647877395,0.150210589,0.0571620539,0.0507161766,1.09652078,-1.80674565,0.681716383,0.0604641512
-0.211158261,-0.371842653,0.75754869,0.130759209,0.0548003763,-0.776301265,0.614211142,0,0,-0.256970704,-1.76999521,-1.29813051,1.03191006,-0.739063263,-1.07297933,-1.039235,0.272526205,-1.82447278,1.38738334,1.1219517,0.539769769,-1.23607469,0.83558476,0.193851575,-0.0160980392,-0.0461379848,-0.158959657,0.0019269106,1.06682992,-1.8566643,0.653036952,0.150448009,0.0637064651,0.051670149,1.11823094,-1.82193696,0.676085413,0.0571558774
-0.211321175,-0.37155655,0.751009524,0.134048223,0.0590071492,-0.775418401,0.614227653,0,0,-0.226778418,-1.76956546,-1.30395639,1.01999128,-0.741362512,-1.07038677,-1.03842175,0.247672215,-1.82465577,1.39186275,1.11416078,0.541049302,-1.23443961,0.835132301,0.21338582,-0.0172751937,-0.0413500145,-0.160186023,0.00375155057,1.07175207,-1.87574899,0.65796417,0.151340291,0.0697952658,0.0520291738,1.13986659,-1.84303129,0.671919107,0.0525150076
-0.21090135,-0.369756013,0.741682053,0.136744633,0.062441878,-0.774206996,0.614821553,0,0,-0.195029452,-1.77306724,-1.31346738,1.00728953,-0.743922114,-1.06771266,-1.03756058,0.22231172,-1.82518065,1.40326571,1.10729921,0.542321801,-1.23309636,0.834671199,0.236831665,-0.0195280518,-0.0378693938,-0.161133751,0.00398583431,1.07720625,-1.90271127,0.662610233,0.15302521,0.0753326192,0.0516680703,1.16141188,-1.87127066,0.669525504,0.0462611802
-0.210481524,-0.367955476,0.732354581,0.139438331,0.0658754855,-0.772979379,0.615402639,0,0,-0.163280487,-1.77656901,-1.32297838,0.994587719,-0.746481657,-1.06503856,-1.03669953,0.19695124,-1.82570553,1.41466868,1.10043752,0.543594301,-1.23175299,0.834210157,0.26027751,-0.02178091,-0.0343887731,-0.16208148,0.00422011781,1.08266032,-1.92967343,0.667256296,0.154710144,0.0808699653,0.0513069667,1.18295705,-1.89951015,0.66713196,0.0400073491
-0.210061684,-0.366154939,0.72302711,0.142129123,0.069307752,-0.771735489,0.61597085,0,0,-0.131531522,-1.78007078,-1.33248925,0.98188597,-0.749041259,-1.06236458,-1.03583837,0.17159076,-1.82623041,1.42607176,1.09357584,0.5448668,-1.23040962,0.833749115,0.283723325,-0.02403377,-0.0309081525,-0.163029209,0.00445440179,1.0881145,-1.95663559,0.671902359,0.156395063,0.0864073187,0.0509458631,1.20450234,-1.92774951,0.664738417,0.033753518
-0.209641859,-0.364354402,0.713699639,0.14481689,0.0727384761,-0.770475686,0.616526186,0,0,-0.0997825488,-1.78357244,-1.34200025,0.96918416,-0.751600862,-1.05969048,-1.0349772,0.146230265,-1.82675529,1.43747473,1.08671415,0.54613924,-1.22906637,0.833288074,0.307169169,-0.0262866281,-0.0274275299,-0.163976938,0.00468868529,1.09356856,-1.98359776,0.676548421,0.158079982,0.0919446647,0.0505847596,1.22604764,-1.955989,0.662344873,0.0274996888
-0.209222034,-0.362553865,0.704372168,0.147501424,0.076167427,-0.769199789,0.617068589,0,0,-0.0680335835,-1.78707421,-1.35151124,0.95648241,-0.754160464,-1.05701649,-1.03411603,0.120869778,-1.82728016,1.44887769,1.07985246,0.54741174,-1.227723,0.832827032,0.330615014,-0.0285394862,-0.0239469111,-0.164924651,0.00492296927,1.09902275,-2.0105598,0.681194484,0.159764901,0.0974820107,0.050223656,1.24759293,-1.98422837,0.659951329,0.0212458614
-0.207979605,-0.358417064,0.695669115,0.148750409,0.078234449,-0.768669546,0.61717093,0,0,-0.0389197245,-1.78999603,-1.37093008,0.943128407,-0.756999671,-1.05460489,-1.03354514,0.0977731347,-1.82762194,1.47681332,1.07680321,0.548751771,-1.22638214,0.832632244,0.355740517,-0.029917445,-0.0220199712,-0.163953975,0.000421653007,1.09960914,-2.03274322,0.680700541,0.162343547,0.100729391,0.0442645699,1.25547183,-2.00809956,0.659337997,0.0165818408
-0.206734508,-0.354272664,0.686968029,0.149993852,0.0802966207,-0.768137097,0.617268085,0,0,-0.00981441233,-1.79291594,-1.39038098,0.929772317,-0.759839773,-1.05219412,-1.0329752,0.0746838376,-1.82796311,1.50480258,1.07376635,0.550092041,-1.22504115,0.83243829,0.380871475,-0.0312925652,-0.0200980697,-0.16297707,-0.00409502117,1.10017967,-2.05491114,0.680189908,0.164925069,0.103969343,0.0382873267,1.26330638,-2.03195643,0.658730447,0.0119229769
-0.205489427,-0.350128263,0.678267002,0.151236415,0.082358323,-0.76759994,0.617361367,0,0,0.019290898,-1.79583585,-1.409832,0.916416228,-0.762679875,-1.04978347,-1.03240526,0.0515945405,-1.82830429,1.53279185,1.07072949,0.551432371,-1.22370017,0.832244337,0.406002462,-0.0326676853,-0.0181761682,-0.162000164,-0.00861169491,1.10075033,-2.07707906,0.679679334,0.167506605,0.107209295,0.0323100835,1.27114105,-2.05581331,0.658122897,0.00726411399
-0.204244331,-0.345983863,0.669565916,0.152478024,0.0844195038,-0.767058134,0.617450953,0,0,0.0483962148,-1.79875576,-1.4292829,0.903060138,-0.765519977,-1.0473727,-1.0318352,0.0285052378,-1.82864547,1.56078124,1.06769264,0.552772641,-1.22235918,0.832050383,0.431133419,-0.0340428092,-0.0162542667,-0.161023259,-0.0131283691,1.10132086,-2.09924698,0.679168701,0.170088142,0.110449247,0.0263328385,1.27897561,-2.07967019,0.657515287,0.00260524987
-0.202999234,-0.341839463,0.66086489,0.15371871,0.086480163,-0.766511619,0.617536843,0,0,0.0775015205,-1.80167568,-1.44873381,0.889704049,-0.768360078,-1.04496205,-1.03126526,0.00541594252,-1.82898664,1.58877051,1.06465578,0.554112911,-1.22101831,0.83185643,0.456264377,-0.0354179293,-0.0143323652,-0.160046354,-0.0176450424,1.10189152,-2.1214149,0.678658068,0.172669664,0.113689199,0.0203555953,1.28681016,-2.10352707,0.656907737,-0.00205361261
-0.20208396,-0.337476134,0.653248727,0.153940767,0.0875991732,-0.765838563,0.618158519,0,0,0.101784289,-1.80404258,-1.47080922,0.87788713,-0.770908833,-1.04268527,-1.03102827,-0.0150237437,-1.82926321,1.61891854,1.0629009,0.55525732,-1.21968877,0.831895411,0.478822023,-0.0358517654,-0.0119497888,-0.158067644,-0.021472197,1.10022402,-2.13938427,0.677150667,0.173040107,0.113605075,0.012582087,1.28731406,-2.12286544,0.656396151,-0.00522152102
-0.201448381,-0.332927167,0.646552563,0.153299361,0.0879198983,-0.76505971,0.619235933,0,0,0.12197756,-1.80594051,-1.49511027,0.867375433,-0.773210466,-1.04052222,-1.03107345,-0.0332165696,-1.82948494,1.65089715,1.06223309,0.556235731,-1.21836889,0.832131982,0.499197483,-0.0354874022,-0.00917656068,-0.155239388,-0.0247146413,1.09665859,-2.15379333,0.674798071,0.171535552,0.11070215,0.00328535307,1.28160167,-2.13837242,0.655965865,-0.00712510664
-0.200812787,-0.328378201,0.639856398,0.152657613,0.0882404149,-0.764279068,0.620311856,0,0,0.142170832,-1.80783856,-1.51941121,0.856863737,-0.775512099,-1.03835905,-1.03111875,-0.0514093935,-1.82970667,1.68287587,1.06156528,0.557214141,-1.21704912,0.832368493,0.519572973,-0.0351230353,-0.00640333258,-0.152411148,-0.0279570855,1.09309328,-2.1682024,0.672445416,0.170030996,0.107799232,-0.00601137988,1.27588916,-2.1538794,0.655535638,-0.00902869273
-0.200177208,-0.323829234,0.633160233,0.152015522,0.0885607302,-0.763496697,0.621386468,0,0,0.162364095,-1.80973649,-1.54371214,0.846351981,-0.777813733,-1.03619599,-1.03116405,-0.0696022213,-1.8299284,1.71485448,1.06089747,0.558192551,-1.21572924,0.832605064,0.539948463,-0.0347586721,-0.00363010447,-0.149582893,-0.0311995316,1.08952785,-2.18261147,0.670092762,0.168526441,0.104896307,-0.0153081147,1.27017665,-2.16938639,0.655105352,-0.0109322779
-0.199541613,-0.319280297,0.626464069,0.151373073,0.0888808519,-0.762712598,0.62245959,0,0,0.182557359,-1.81163442,-1.56801307,0.835840285,-0.780115366,-1.03403282,-1.03120935,-0.0877950415,-1.83015025,1.74683321,1.06022966,0.559170902,-1.21440935,0.832841575,0.560323894,-0.0343943052,-0.000856877188,-0.146754652,-0.034441974,1.08596253,-2.19702053,0.667740107,0.167021886,0.101993382,-0.0246048458,1.26446414,-2.18489337,0.654675066,-0.012835863
-0.199000567,-0.314807087,0.619941711,0.15064165,0.0890436396,-0.761926949,0.623574972,0,0,0.201903537,-1.81347561,-1.59235728,0.825570047,-0.782366216,-1.03189456,-1.03129804,-0.105353445,-1.8303653,1.77852941,1.05944645,0.560122371,-1.21312785,0.833104372,0.580089748,-0.0338602066,0.00193092925,-0.143868029,-0.0374138951,1.08201981,-2.21099854,0.665487707,0.165173218,0.09849751,-0.0339487605,1.25808167,-2.19993639,0.654424012,-0.0144924559
-0.199470907,-0.311144352,0.615278959,0.148961157,0.0875250101,-0.761139035,0.625153899,0,0,0.212187648,-1.81470919,-1.61716342,0.817882895,-0.78407383,-1.03002203,-1.03185129,-0.116124943,-1.83050954,1.80720353,1.0574286,0.560785592,-1.21225584,0.833648145,0.593333781,-0.0315103233,0.00487469276,-0.140356943,-0.0374918096,1.07404029,-2.22036457,0.664306939,0.159643486,0.088658452,-0.0437973887,1.24453199,-2.21001601,0.656089723,-0.0135067822
-0.199941248,-0.307481617,0.610616148,0.147279412,0.0860056281,-0.760344863,0.62672776,0,0,0.222471759,-1.81594288,-1.64196956,0.810195744,-0.785781443,-1.02814949,-1.03240454,-0.126896426,-1.83065367,1.83587766,1.05541062,0.561448753,-1.21138382,0.834191918,0.606577873,-0.02916044,0.00781845581,-0.136845842,-0.037569724,1.0660609,-2.22973037,0.663126171,0.15411374,0.0788193941,-0.0536460169,1.2309823,-2.2200954,0.657755375,-0.0125211077
-0.200411573,-0.303818911,0.605953336,0.145596415,0.0844854936,-0.759544313,0.628296375,0,0,0.23275587,-1.81717658,-1.6667757,0.802508593,-0.787489057,-1.02627695,-1.03295767,-0.137667924,-1.83079779,1.8645519,1.05339277,0.562111974,-1.21051192,0.834735692,0.619821906,-0.0268105567,0.0107622193,-0.133334756,-0.0376476385,1.05808151,-2.2390964,0.661945462,0.148584008,0.0689803362,-0.0634946451,1.21743262,-2.23017502,0.659421086,-0.0115354341
-0.200881913,-0.300156176,0.601290524,0.143912241,0.082964696,-0.758737564,0.629859865,0,0,0.243039981,-1.81841028,-1.69158185,0.794821441,-0.78919667,-1.02440441,-1.03351092,-0.148439422,-1.83094192,1.89322603,1.05137491,0.562775135,-1.20963991,0.835279465,0.633065939,-0.0244606733,0.0137059819,-0.129823655,-0.0377255529,1.050102,-2.2484622,0.660764694,0.143054277,0.0591412745,-0.073343277,1.20388293,-2.24025464,0.661086738,-0.0105497595
-0.201352254,-0.296493441,0.596627772,0.142226905,0.0814432353,-0.757924616,0.631418109,0,0,0.253324091,-1.81964386,-1.71638799,0.78713429,-0.790904284,-1.02253187,-1.03406417,-0.15921092,-1.83108604,1.92190027,1.04935706,0.563438296,-1.20876801,0.835823238,0.646309972,-0.02211079,0.0166497454,-0.126312569,-0.0378034674,1.0421226,-2.25782824,0.659583986,0.13752453,0.0493022166,-0.0831919014,1.19033325,-2.25033402,0.66275245,-0.00956408586
-0.202055678,-0.293561548,0.592824221,0.14000982,0.0791340843,-0.757346451,0.632899404,0,0,0.25978741,-1.82060349,-1.74002492,0.780915856,-0.792351842,-1.0209707,-1.03475022,-0.166948706,-1.83119285,1.94672859,1.04628408,0.563938737,-1.20825315,0.836465418,0.65663445,-0.01829255,0.0194169544,-0.122820422,-0.0372085981,1.03112876,-2.26512957,0.660292029,0.132033885,0.0368067883,-0.0918278396,1.17191839,-2.25819159,0.666875243,-0.00772481505
-0.202896088,-0.291059166,0.5895257,0.137478709,0.0763610527,-0.756898582,0.634329021,0,0,0.264005244,-1.82140183,-1.76297474,0.775560558,-0.793646634,-1.01959252,-1.03551412,-0.172903612,-1.83127749,1.96929681,1.04259098,0.564343572,-1.20794833,0.837165415,0.665243089,-0.0136113698,0.0220804047,-0.119339421,-0.0362183452,1.01836348,-2.27121735,0.662110209,0.126566216,0.0227502473,-0.0997510999,1.15064442,-2.26474333,0.672442079,-0.00538389478
-0.203736514,-0.288556784,0.586227179,0.134945244,0.0735866725,-0.756438375,0.635748327,0,0,0.268223077,-1.8222003,-1.78592455,0.770205259,-0.794941425,-1.01821423,-1.03627813,-0.178858534,-1.83136225,1.99186504,1.03889799,0.564748347,-1.20764339,0.837865472,0.673851728,-0.00893019047,0.024743855,-0.115858421,-0.0352280885,1.00559819,-2.27730513,0.66392833,0.121098556,0.00869370345,-0.107674353,1.12937045,-2.27129507,0.678008914,-0.00304297451
-0.204576924,-0.286054373,0.582928658,0.132409558,0.0708110854,-0.755965769,0.637157321,0,0,0.27244094,-1.82299876,-1.80887437,0.764849961,-0.796236217,-1.01683605,-1.03704214,-0.18481344,-1.83144701,2.01443338,1.03520489,0.565153122,-1.20733857,0.838565469,0.682460368,-0.00424901163,0.0274073035,-0.112377413,-0.0342378318,0.992832839,-2.28339314,0.66574645,0.115630887,-0.0053628399,-0.115597613,1.10809648,-2.27784681,0.68357569,-0.00070205424
-0.20541735,-0.283551991,0.579630136,0.129871771,0.0680344179,-0.755480766,0.638555765,0,0,0.276658773,-1.82379723,-1.83182418,0.759494603,-0.797530949,-1.01545775,-1.03780615,-0.190768361,-1.83153164,2.03700161,1.0315119,0.565557897,-1.20703363,0.839265525,0.691068947,0.00043216825,0.0300707538,-0.108896412,-0.0332475752,0.980067492,-2.28948092,0.667564631,0.110163219,-0.0194193851,-0.123520866,1.08682251,-2.28439832,0.689142525,0.00163886638
-0.206153035,-0.281213075,0.576317191,0.126970246,0.0651651174,-0.75513953,0.639840961,0,0,0.279995918,-1.82441604,-1.85436916,0.754204452,-0.798780978,-1.0141567,-1.038535,-0.195982531,-1.83141756,2.05845356,1.02770197,0.565916598,-1.20681536,0.83998543,0.699152708,0.00473294826,0.0323163457,-0.104446299,-0.032444112,0.966326952,-2.29519749,0.669804752,0.104947373,-0.03263098,-0.130555436,1.06386018,-2.29055071,0.69542402,0.00367526594
-0.206392303,-0.279649168,0.572936237,0.122350007,0.0618591979,-0.755517781,0.640622258,0,0,0.279158205,-1.82418311,-1.87499559,0.749222994,-0.799818754,-1.0132215,-1.03909707,-0.197685316,-1.83036077,2.07461381,1.02333796,0.566056788,-1.20700729,0.840799868,0.704748333,0.00723050907,0.0325811505,-0.0954022631,-0.0325261094,0.947963357,-2.29915476,0.674045205,0.100925192,-0.0418372266,-0.133377373,1.03289413,-2.29480934,0.705093145,0.00426813401
-0.206631571,-0.278085262,0.569555283,0.117725268,0.0585508905,-0.755871177,0.641382456,0,0,0.278320462,-1.82395017,-1.89562213,0.744241536,-0.800856531,-1.01228631,-1.03965926,-0.199388117,-1.82930398,2.09077406,1.01897395,0.566196978,-1.20719934,0.841614246,0.710343957,0.00972807035,0.0328459553,-0.0863582268,-0.0326081067,0.929599822,-2.30311179,0.678285658,0.0969030187,-0.0510434769,-0.136199296,1.00192809,-2.29906774,0.71476227,0.00486100232
-0.206870839,-0.276521355,0.566174328,0.113096453,0.0552405231,-0.756199539,0.642121434,0,0,0.277482718,-1.82371724,-1.91624856,0.739260077,-0.801894307,-1.01135099,-1.04022145,-0.201090917,-1.82824719,2.10693407,1.01460993,0.566337228,-1.20739138,0.842428684,0.715939581,0.0122256307,0.0331107602,-0.0773141906,-0.0326901041,0.911236227,-2.30706882,0.682526171,0.0928808451,-0.0602497235,-0.139021218,0.970962048,-2.30332637,0.724431396,0.00545387017
-0.207110092,-0.274957478,0.562793314,0.108464047,0.0519284382,-0.756502926,0.642839253,0,0,0.276645005,-1.82348442,-1.93687499,0.734278619,-0.802932084,-1.01041579,-1.04078364,-0.202793702,-1.82719052,2.12309432,1.01024604,0.566477418,-1.20758343,0.843243062,0.721535206,0.014723192,0.033375565,-0.0682701468,-0.0327721015,0.892872691,-2.3110261,0.686766624,0.0888586715,-0.0694559738,-0.141843155,0.939996004,-2.307585,0.734100461,0.00604673848
-0.20734936,-0.273393571,0.55941236,0.103828512,0.0486149527,-0.756781399,0.643535733,0,0,0.275807261,-1.82325149,-1.95750141,0.729297161,-0.80396986,-1.0094806,-1.04134583,-0.204496503,-1.82613373,2.13925457,1.00588202,0.566617608,-1.20777547,0.8440575,0.72713083,0.0172207523,0.0336403698,-0.0592261143,-0.0328540988,0.874509096,-2.31498313,0.691007137,0.0848364979,-0.0786622167,-0.144665077,0.909029961,-2.31184363,0.743769586,0.00663960632
-0.207617491,-0.272446185,0.556078136,0.098431319,0.044597514,-0.756690681,0.644780278,0,0,0.273405135,-1.82157302,-1.97643113,0.723893642,-0.804882348,-1.00863338,-1.04176664,-0.20427756,-1.82433009,2.15157533,1.0008204,0.566606164,-1.2081989,0.844954193,0.731319189,0.0186456665,0.0328462571,-0.0497419573,-0.0331414305,0.850754797,-2.317945,0.697340846,0.08193627,-0.0855531171,-0.142877713,0.875316501,-2.31503129,0.752184451,0.00605015783
-0.207896933,-0.271740288,0.55276221,0.0927310511,0.0403018817,-0.756427109,0.646215737,0,0,0.270390302,-1.81932843,-1.99469638,0.71832484,-0.805745721,-1.00782073,-1.04213202,-0.20330596,-1.8222338,2.16239214,0.995485544,0.566535354,-1.20871294,0.845883131,0.734956324,0.019650463,0.0316374078,-0.04008542,-0.0335091837,0.824889123,-2.32051706,0.704494357,0.0794754773,-0.0915371776,-0.139285058,0.840526938,-2.31779933,0.760107994,0.00499764038
-0.208176374,-0.27103442,0.549446344,0.087025255,0.036003653,-0.756123364,0.647617042,0,0,0.267375439,-1.81708384,-2.01296163,0.712756038,-0.806609094,-1.00700808,-1.0424974,-0.202334359,-1.82013762,2.17320919,0.99015075,0.566464543,-1.20922709,0.846812069,0.738593459,0.0206552595,0.0304285605,-0.0304288883,-0.0338769369,0.799023449,-2.32308936,0.711647928,0.0770146772,-0.097521238,-0.135692418,0.805737376,-2.32056737,0.768031538,0.00394512247
-0.208455816,-0.270328522,0.546130419,0.081314832,0.0317035057,-0.755779505,0.648983896,0,0,0.264360607,-1.81483924,-2.03122687,0.707187235,-0.807472467,-1.00619543,-1.04286277,-0.201362759,-1.81804144,2.184026,0.984815896,0.566393733,-1.20974112,0.847741008,0.742230654,0.0216600578,0.0292197131,-0.0207723528,-0.0342446901,0.773157775,-2.32566142,0.718801439,0.0745538771,-0.103505298,-0.132099763,0.770947874,-2.32333541,0.775955081,0.00289260503
-0.208735257,-0.269622624,0.542814553,0.0756006911,0.027402129,-0.755395532,0.650316238,0,0,0.261345774,-1.81259465,-2.04949212,0.701618433,-0.808335841,-1.00538278,-1.04322827,-0.200391173,-1.81594527,2.19484282,0.979481101,0.566322923,-1.21025515,0.848670006,0.745867789,0.0226648543,0.0280108657,-0.0111158201,-0.0346124433,0.747292161,-2.32823348,0.725955009,0.072093077,-0.109489359,-0.128507122,0.736158311,-2.32610345,0.783878624,0.0018400877
-0.209066838,-0.26912877,0.539593816,0.070101589,0.0231052395,-0.754747152,0.651850224,0,0,0.258650929,-1.80991364,-2.06689477,0.695922792,-0.809156895,-1.00454319,-1.04356003,-0.199175045,-1.81357753,2.20458913,0.973473966,0.566242218,-1.21082807,0.849599838,0.749170244,0.0236290004,0.026941441,-0.00244586729,-0.0350129716,0.721562743,-2.33056903,0.733526707,0.0702590868,-0.114922747,-0.12431059,0.70304215,-2.32861686,0.791073024,0.000925160595
-0.209544629,-0.269229233,0.536639929,0.0652095377,0.0188211314,-0.75343132,0.654014349,0,0,0.256853193,-1.80600893,-2.08187985,0.689871609,-0.809859276,-1.00362802,-1.04379749,-0.197273478,-1.81044841,2.21133447,0.965582192,0.566133916,-1.21156585,0.850532293,0.751534402,0.0244791862,0.0262628794,0.00345832948,-0.0355053842,0.696215212,-2.33224082,0.742270708,0.0701822639,-0.11881239,-0.118421175,0.674617052,-2.3304162,0.796223342,0.000395950599
-0.210022405,-0.269329727,0.533686042,0.0603136085,0.0145354969,-0.752078593,0.656146944,0,0,0.255055487,-1.80210423,-2.09686494,0.683820426,-0.810561717,-1.00271297,-1.04403508,-0.195371896,-1.8073194,2.21807957,0.957690477,0.566025674,-1.21230364,0.851464808,0.753898501,0.0253293701,0.0255843159,0.00936252624,-0.0359977968,0.670867741,-2.33391261,0.751014709,0.0701054409,-0.122702025,-0.112531766,0.646191955,-2.33221531,0.801373661,-0.00013325944
-0.210500196,-0.26943022,0.530732155,0.0554145239,0.0102489591,-0.750689209,0.65824765,0,0,0.253257751,-1.79819953,-2.11184978,0.677769184,-0.811264098,-1.0017978,-1.04427254,-0.193470314,-1.80419028,2.22482467,0.949798703,0.565917373,-1.21304142,0.852397263,0.75626266,0.0261795558,0.0249057543,0.0152667239,-0.0364902131,0.64552027,-2.33558464,0.759758711,0.0700286254,-0.126591668,-0.106642351,0.617766857,-2.33401465,0.806523979,-0.000662469538
-0.210977972,-0.269530684,0.527778268,0.0505129918,0.00596214598,-0.749263227,0.660316229,0,0,0.251460016,-1.79429483,-2.12683487,0.671718001,-0.811966479,-1.00088274,-1.04451013,-0.191568732,-1.80106127,2.23157001,0.941906929,0.565809071,-1.21377921,0.853329718,0.758626819,0.0270297397,0.0242271908,0.0211709198,-0.0369826257,0.620172799,-2.33725643,0.768502712,0.0699518025,-0.130481303,-0.100752935,0.58934176,-2.33581376,0.811674356,-0.0011916795
-0.211455762,-0.269631177,0.524824381,0.0456097424,0.00167568226,-0.747801065,0.662352383,0,0,0.249662295,-1.79039001,-2.14181995,0.665666819,-0.81266886,-0.999967635,-1.04474759,-0.18966715,-1.79793215,2.23831511,0.934015155,0.565700769,-1.214517,0.854262173,0.760990977,0.0278799254,0.0235486273,0.0270751175,-0.037475042,0.594825268,-2.33892846,0.777246773,0.0698749796,-0.134370953,-0.0948635191,0.560916662,-2.33761311,0.816824675,-0.00172088959
-0.211905956,-0.269719929,0.52359271,0.043980334,0.000384389074,-0.745787203,0.664730906,0,0,0.252468407,-1.7831049,-2.15289044,0.65869689,-0.813273132,-0.998911381,-1.04491806,-0.190650254,-1.79338503,2.24164295,0.925578654,0.565567911,-1.21522152,0.85515219,0.762687147,0.0288133137,0.0231764447,0.0278095491,-0.0352759585,0.586149693,-2.34002757,0.783648312,0.0738067701,-0.137142316,-0.0926979557,0.552055001,-2.33853745,0.820519745,-0.000761150673
-0.212349564,-0.269805849,0.522772253,0.0431321412,-0.000192036168,-0.743638813,0.667188823,0,0,0.256373584,-1.77501273,-2.16302657,0.651507676,-0.813854039,-0.997821391,-1.04507244,-0.192322001,-1.78849936,2.24415517,0.917012036,0.565429151,-1.21591818,0.856032014,0.764223814,0.0297665633,0.0228773989,0.0273098517,-0.0324343629,0.581453979,-2.34098983,0.78949064,0.0786955059,-0.139646739,-0.0914213583,0.547863543,-2.33925319,0.8238675,0.000554031343
-0.212793171,-0.269891798,0.521951795,0.042283427,-0.000768471567,-0.741481602,0.669639111,0,0,0.260278732,-1.76692057,-2.1731627,0.644318461,-0.814434886,-0.99673146,-1.04522681,-0.193993732,-1.78361368,2.24666739,0.908445477,0.565290391,-1.21661472,0.856911898,0.765760541,0.030719813,0.0225783549,0.0268101525,-0.0295927655,0.576758325,-2.34195209,0.795333028,0.0835842416,-0.142151147,-0.0901447609,0.543672144,-2.33996892,0.827215195,0.00186921365
-0.213236779,-0.269977719,0.521131277,0.0414342247,-0.00134489697,-0.739315867,0.67208153,0,0,0.264183909,-1.7588284,-2.18329883,0.637129247,-0.815015733,-0.99564147,-1.04538119,-0.195665479,-1.77872801,2.2491796,0.899878919,0.565151632,-1.21731138,0.857791722,0.767297208,0.0316730626,0.0222793091,0.0263104551,-0.0267511681,0.572062612,-2.34291458,0.801175416,0.0884729698,-0.14465557,-0.0888681635,0.539480686,-2.34068441,0.83056289,0.00318439538
-0.213680387,-0.270063668,0.520310819,0.040584553,-0.00192129216,-0.73714143,0.674516022,0,0,0.268089056,-1.75073624,-2.19343495,0.629940033,-0.81559664,-0.994551539,-1.04553556,-0.197337225,-1.77384233,2.25169158,0.891312361,0.565012872,-1.21800792,0.858671546,0.768833876,0.0326263122,0.0219802652,0.0258107577,-0.0239095706,0.567366958,-2.34387684,0.807017744,0.0933617055,-0.147159994,-0.0875915661,0.535289228,-2.34140015,0.833910644,0.00449957745
-0.213969588,-0.270134896,0.522570372,0.0407491997,-0.000833945,-0.735208333,0.676614821,0,0,0.271891534,-1.74151564,-2.20233059,0.623561323,-0.816066921,-0.993680179,-1.04563999,-0.198805481,-1.76825142,2.25272465,0.88329339,0.564840853,-1.21869111,0.859557986,0.767584503,0.033958789,0.0219349395,0.0229220875,-0.0207387134,0.569752634,-2.33919573,0.811350226,0.0993747413,-0.147849649,-0.0870033354,0.539982617,-2.33695936,0.836846352,0.00624816725
-0.213974088,-0.270179093,0.530508816,0.0427841283,0.00332122389,-0.733720243,0.678095281,0,0,0.275504619,-1.7302146,-2.20893955,0.61867702,-0.816333294,-0.993211806,-1.04565227,-0.199898541,-1.76136029,2.25103045,0.876284122,0.564607501,-1.21934962,0.860456526,0.761198223,0.0359904766,0.0223574191,0.0156286657,-0.0169607718,0.585194886,-2.32410908,0.812898695,0.107460745,-0.145193279,-0.087684311,0.561057806,-2.3230114,0.839022338,0.00879586674
-0.213978574,-0.27022326,0.53844732,0.0448180959,0.00747660268,-0.73221308,0.679558337,0,0,0.279117703,-1.71891356,-2.21554828,0.613792717,-0.816599727,-0.992743433,-1.04566467,-0.200991616,-1.75446904,2.24933624,0.869274855,0.564374089,-1.22000825,0.861355066,0.754811883,0.0380221643,0.0227798987,0.00833524391,-0.0131828291,0.600637138,-2.30902243,0.814447224,0.115546755,-0.142536923,-0.0883652791,0.582132995,-2.3090632,0.841198385,0.0113435676
-0.213983074,-0.270267457,0.546385765,0.0468509495,0.0116318669,-0.730686963,0.681003809,0,0,0.282730788,-1.70761263,-2.22215724,0.608908415,-0.816866159,-0.992275059,-1.04567695,-0.20208469,-1.74757779,2.2476418,0.862265587,0.564140737,-1.22066677,0.862253606,0.748425603,0.0400538519,0.0232023783,0.00104182411,-0.00940488745,0.61607939,-2.29393578,0.815995753,0.123632759,-0.139880553,-0.0890462548,0.603208184,-2.29511523,0.843374372,0.0138912667
-0.213987559,-0.270311624,0.554324269,0.0488825291,0.0157867,-0.729142129,0.682431817,0,0,0.286343873,-1.69631159,-2.22876596,0.604024112,-0.817132533,-0.991806686,-1.04568923,-0.203177765,-1.74068654,2.2459476,0.855256319,0.563907385,-1.22132528,0.863152087,0.742039263,0.0420855395,0.0236248579,-0.00625159824,-0.00562694436,0.631521642,-2.27884912,0.817544222,0.131718755,-0.137224197,-0.0897272304,0.624283433,-2.28116703,0.845550418,0.0164389666
-0.213992059,-0.270355821,0.562262714,0.0509126708,0.0199407786,-0.727578521,0.683841944,0,0,0.289956957,-1.68501055,-2.23537469,0.59913981,-0.817398965,-0.991338313,-1.0457015,-0.204270825,-1.7337954,2.2442534,0.848247111,0.563673973,-1.22198379,0.864050627,0.735652983,0.0441172309,0.0240473375,-0.0135450205,-0.00184900186,0.646963894,-2.26376247,0.819092751,0.139804766,-0.134567827,-0.090408206,0.645358622,-2.26721907,0.847726405,0.0189866666
-0.213564754,-0.271030396,0.575657368,0.0489444658,0.0201445632,-0.726759434,0.684849858,0,0,0.278825641,-1.67058051,-2.23897052,0.591796458,-0.81724304,-0.991862178,-1.04578888,-0.19393979,-1.72131872,2.23679805,0.840133846,0.563201606,-1.22262669,0.86523658,0.706659496,0.0447838604,0.0228612125,-0.0224438086,0.000243321163,0.667243123,-2.23567986,0.812254012,0.144868523,-0.129450411,-0.0827826113,0.668773293,-2.24138117,0.845897734,0.0214570221
-0.213087335,-0.271778136,0.589685321,0.0465118736,0.0198897664,-0.72602278,0.685807467,0,0,0.265982956,-1.65578723,-2.24221659,0.584167659,-0.817038119,-0.99250114,-1.04588485,-0.182282791,-1.70819378,2.22867393,0.83189249,0.562701464,-1.22326779,0.866455913,0.675042152,0.0452920496,0.0214883815,-0.0315289274,0.00214,0.688083827,-2.20608878,0.80444175,0.149581507,-0.124047339,-0.0741929039,0.692459524,-2.2141633,0.843604207,0.0239183996
-0.212609917,-0.272525877,0.603713274,0.0440789089,0.0196348187,-0.725280881,0.686760008,0,0,0.253140301,-1.64099395,-2.24546266,0.576538861,-0.816833198,-0.993140161,-1.04598093,-0.170625806,-1.69506872,2.22054982,0.823651075,0.562201321,-1.2239089,0.867675185,0.643424749,0.0458002426,0.0201155525,-0.0406140424,0.00403667847,0.708924532,-2.17649794,0.796629488,0.154294476,-0.118644275,-0.0656031966,0.716145754,-2.18694544,0.84131074,0.0263797771
-0.212132484,-0.273273617,0.617741227,0.04164562,0.0193797238,-0.724533379,0.687707365,0,0,0.24029763,-1.6262008,-2.24870872,0.568910122,-0.816628277,-0.993779123,-1.04607701,-0.158968806,-1.68194377,2.21242571,0.81540972,0.561701238,-1.22455001,0.868894517,0.611807406,0.0463084355,0.0187427215,-0.0496991649,0.0059333574,0.729765177,-2.14690685,0.788817227,0.15900746,-0.113241211,-0.0570134893,0.739831984,-2.15972757,0.839017212,0.0288411565
-0.211655065,-0.274021357,0.63176918,0.0392120667,0.0191244893,-0.723780632,0.688649595,0,0,0.227454975,-1.61140752,-2.25195479,0.561281323,-0.816423357,-0.994418085,-1.04617298,-0.147311807,-1.66881883,2.20430183,0.807168305,0.561201096,-1.22519112,0.87011385,0.580190003,0.0468166247,0.0173698924,-0.0587842837,0.0078300368,0.750605881,-2.11731601,0.781004906,0.163720444,-0.107838139,-0.0484237783,0.763518214,-2.13250971,0.836723685,0.031302534
-0.211264238,-0.275379926,0.644909203,0.0368508436,0.0182149746,-0.723089337,0.689530373,0,0,0.210858226,-1.59825909,-2.25345874,0.553963363,-0.815728605,-0.995330334,-1.04625428,-0.131098405,-1.65622282,2.19406056,0.800298035,0.560407221,-1.22540331,0.87167269,0.547696412,0.0466857888,0.0153345838,-0.0666596666,0.00927998777,0.768824518,-2.08896041,0.771672189,0.166576877,-0.102450892,-0.0405059941,0.783030093,-2.10560727,0.83207804,0.0339897573
-0.210983455,-0.277514756,0.65692091,0.0345814601,0.0164739322,-0.72247684,0.690333366,0,0,0.189490572,-1.58720112,-2.25274873,0.547040403,-0.814411283,-0.996589839,-1.04631662,-0.109094486,-1.64429915,2.1811285,0.795170128,0.559240103,-1.22507012,0.873663068,0.514089227,0.0457428358,0.0124573633,-0.0729976669,0.0101622138,0.783710957,-2.06217551,0.76040709,0.167073935,-0.0970837399,-0.0334421173,0.797236979,-2.07910538,0.824443221,0.0369639993
-0.210702673,-0.279649585,0.668932617,0.032311704,0.014732697,-0.721857488,0.691130042,0,0,0.168122932,-1.57614303,-2.25203848,0.540117443,-0.81309396,-0.997849286,-1.04637909,-0.0870905593,-1.63237548,2.16819668,0.790042222,0.558072984,-1.22473705,0.875653446,0.480482012,0.0447998866,0.00958014373,-0.0793356672,0.0110444399,0.798597395,-2.03539038,0.749141991,0.167570993,-0.0917165875,-0.0263782404,0.811443865,-2.05260372,0.816808343,0.0399382412
-0.21042189,-0.281784415,0.680944324,0.0300416388,0.0129913175,-0.721231639,0.69192034,0,0,0.146755278,-1.56508493,-2.25132847,0.533194542,-0.811776638,-0.999108791,-1.04644156,-0.0650866404,-1.62045181,2.15526485,0.784914255,0.556905866,-1.22440398,0.877643824,0.446874827,0.0438569337,0.00670292415,-0.0856736675,0.0119266668,0.813483834,-2.00860524,0.737876952,0.168068051,-0.0863494352,-0.0193143636,0.825650692,-2.02610183,0.809173524,0.0429124795
-0.210141107,-0.283919245,0.692955971,0.0277713258,0.0112498403,-0.720599055,0.69270426,0,0,0.125387639,-1.55402696,-2.25061822,0.526271582,-0.810459316,-1.00036824,-1.0465039,-0.0430827141,-1.60852802,2.14233303,0.779786348,0.555738688,-1.22407091,0.879634202,0.413267642,0.0429139808,0.0038257041,-0.0920116603,0.0128088929,0.828370273,-1.98182011,0.726611853,0.168565109,-0.0809822753,-0.0122504858,0.839857578,-1.99960005,0.801538646,0.0458867215
-0.209860325,-0.286054075,0.704967678,0.025500834,0.00950831641,-0.719959974,0.693481922,0,0,0.104019992,-1.54296887,-2.24990821,0.519348621,-0.809141994,-1.0016278,-1.04656637,-0.0210787933,-1.59660435,2.12940121,0.774658442,0.554571569,-1.22373784,0.881624579,0.379660457,0.0419710316,0.000948484754,-0.0983496606,0.0136911189,0.843256652,-1.95503509,0.715346754,0.169062153,-0.0756151229,-0.00518661132,0.854064465,-1.97309828,0.793903828,0.0488609634
-0.209959313,-0.289970428,0.714394748,0.0260968916,0.00999579579,-0.719280303,0.694157839,0,0,0.0758135468,-1.53329754,-2.24241495,0.51906091,-0.805583477,-1.00348938,-1.04660726,0.0114775216,-1.58692157,2.10553932,0.779861808,0.552015901,-1.22178662,0.885531902,0.357391864,0.0411724858,-0.00227137539,-0.101296917,0.0142509099,0.849805713,-1.93257535,0.704250336,0.169528246,-0.0697193518,-0.00150132505,0.858536839,-1.95011604,0.785496235,0.0499625169
-0.210064188,-0.293914407,0.723781765,0.0267373882,0.0105178449,-0.718598962,0.694831073,0,0,0.0475009978,-1.52364767,-2.23481655,0.518876076,-0.801990211,-1.00536025,-1.04664791,0.0441975519,-1.57727349,2.08150792,0.785225511,0.549438655,-1.21981025,0.889469028,0.335299194,0.0403761789,-0.00549655128,-0.104191571,0.0148056988,0.856225431,-1.91018271,0.693156481,0.169993863,-0.0638153777,0.00213154452,0.862858236,-1.92718828,0.777076662,0.0510350168
-0.210169077,-0.297858417,0.733168721,0.0273778439,0.0110398782,-0.717916429,0.695503294,0,0,0.0191884544,-1.51399779,-2.22721815,0.518691301,-0.798396945,-1.00723124,-1.04668844,0.0769175813,-1.56762552,2.05747652,0.790589154,0.54686141,-1.21783388,0.893406093,0.313206524,0.039579872,-0.00872172695,-0.107086226,0.0153604876,0.862645149,-1.88779008,0.682062685,0.170459464,-0.0579113998,0.00576441363,0.867179632,-1.90426064,0.768657088,0.0521075204
-0.210273951,-0.301802427,0.742555678,0.0280182511,0.0115618929,-0.717232645,0.696174264,0,0,-0.00912409462,-1.50434792,-2.21961975,0.518506527,-0.794803619,-1.00910223,-1.04672897,0.109637611,-1.55797744,2.03344512,0.795952797,0.544284165,-1.21585763,0.897343218,0.291113853,0.0387835689,-0.0119469026,-0.109980881,0.0159152765,0.869064867,-1.86539745,0.670968831,0.170925081,-0.0520074256,0.0093972832,0.871501029,-1.88133287,0.760237515,0.0531800203
-0.210378826,-0.305746406,0.751942635,0.0286586154,0.0120838881,-0.716547906,0.69684422,0,0,-0.0374366343,-1.49469805,-2.21202135,0.518321693,-0.791210353,-1.0109731,-1.04676962,0.142357633,-1.54832947,2.00941372,0.80131644,0.54170692,-1.21388125,0.901280284,0.269021213,0.037987262,-0.0151720783,-0.112875536,0.0164700653,0.875484586,-1.84300482,0.659875035,0.171390682,-0.0461034514,0.0130301518,0.875822425,-1.85840511,0.751817882,0.0542525202
-0.210469261,-0.30983898,0.759008348,0.0298418496,0.0130185019,-0.715382576,0.697974145,0,0,-0.0622708425,-1.48971665,-2.20454407,0.519547224,-0.787766278,-1.01399934,-1.04680264,0.170556262,-1.54513037,1.98671353,0.807937086,0.539054096,-1.21311343,0.904581428,0.250941455,0.0373838507,-0.0181595534,-0.115121372,0.0170355104,0.881494343,-1.82610786,0.651391685,0.171123639,-0.0406960249,0.0158432741,0.879488647,-1.84078264,0.744496644,0.0547117069
-0.210546821,-0.314063758,0.764007986,0.0315081328,0.0143203316,-0.713785172,0.699509025,0,0,-0.0840091035,-1.48889029,-2.19717431,0.522028148,-0.784454882,-1.01805377,-1.0468291,0.194730535,-1.5476712,1.96519804,0.81567657,0.536333919,-1.21342123,0.907316506,0.236433432,0.0369521305,-0.0209354572,-0.116789721,0.0176104419,0.887139201,-1.81410253,0.645231783,0.170204476,-0.0357305631,0.0179267675,0.882571697,-1.82788193,0.738152862,0.0546250083
-0.210624382,-0.318288535,0.769007564,0.0331741646,0.0156220561,-0.712181032,0.701037526,0,0,-0.105747364,-1.48806405,-2.18980479,0.524509013,-0.781143546,-1.0221082,-1.04685545,0.218904823,-1.55021203,1.94368267,0.823416054,0.533613801,-1.21372902,0.910051584,0.221925423,0.0365204103,-0.0237113629,-0.11845807,0.0181853715,0.892784059,-1.8020972,0.639071882,0.169285312,-0.0307651032,0.020010259,0.885654807,-1.81498134,0.731809139,0.0545383058
-0.210701928,-0.322513342,0.774007142,0.0348398909,0.0169236418,-0.710570335,0.702559471,0,0,-0.127485633,-1.48723769,-2.18243527,0.526989877,-0.77783221,-1.02616262,-1.04688179,0.243079096,-1.55275285,1.9221673,0.831155479,0.530893624,-1.21403682,0.912786603,0.207417414,0.0360886864,-0.0264872685,-0.120126419,0.018760303,0.898428857,-1.79009187,0.63291198,0.168366164,-0.0257996414,0.0220937524,0.888737857,-1.80208075,0.725465357,0.0544516034
-0.210779488,-0.326738119,0.779006779,0.0365052596,0.018225044,-0.708952844,0.704074621,0,0,-0.149223879,-1.48641133,-2.17506552,0.529470742,-0.774520814,-1.03021717,-1.04690826,0.267253369,-1.55529368,1.90065181,0.838894963,0.528173506,-1.21434474,0.915521681,0.19290942,0.0356569663,-0.0292631723,-0.121794768,0.0193352327,0.904073715,-1.77808654,0.626752079,0.167447001,-0.0208341815,0.0241772458,0.891820908,-1.78918016,0.719121635,0.054364901
-0.210836917,-0.330865026,0.783716738,0.037917316,0.0195428245,-0.707389474,0.70553571,0,0,-0.170333177,-1.48586118,-2.1671741,0.533167899,-0.771052361,-1.03431046,-1.04693401,0.290707111,-1.55891716,1.87901783,0.84807533,0.525408208,-1.21464324,0.918303609,0.178392872,0.0355016068,-0.0318369791,-0.123274498,0.0199764334,0.909806669,-1.76680505,0.620909452,0.166524857,-0.0157954358,0.0262441654,0.895116031,-1.77705944,0.713084698,0.054199744
-0.210640296,-0.333757013,0.784772515,0.0361380614,0.0210697223,-0.706585467,0.706390262,0,0,-0.183507413,-1.48879516,-2.15269947,0.552210331,-0.765601516,-1.0388937,-1.04695106,0.305070013,-1.57619977,1.85588694,0.875435054,0.522073388,-1.21482575,0.921676755,0.163768575,0.0388328582,-0.0318611003,-0.122374572,0.021453714,0.916650534,-1.76465631,0.619069993,0.165565163,-0.00983211678,0.0281019956,0.901085794,-1.77477932,0.710918844,0.0530447252
-0.210443676,-0.336649001,0.785828233,0.0343585201,0.0225965083,-0.705776513,0.707239985,0,0,-0.196681648,-1.49172902,-2.1382246,0.571252704,-0.760150671,-1.04347706,-1.04696822,0.319432944,-1.59348226,1.83275616,0.902794719,0.518738508,-1.21500814,0.925049901,0.149144277,0.0421641096,-0.0318852179,-0.121474653,0.0229309946,0.923494399,-1.76250744,0.617230535,0.164605469,-0.00386879989,0.0299598239,0.907055557,-1.77249932,0.708753049,0.0518897064
-0.210247055,-0.339540988,0.78688401,0.0325787291,0.0241231564,-0.70496279,0.708084881,0,0,-0.209855869,-1.49466288,-2.12374997,0.590295136,-0.754699826,-1.04806042,-1.04698539,0.333795875,-1.61076474,1.80962527,0.930154443,0.515403688,-1.21519065,0.928423047,0.134519964,0.0454953611,-0.0319093391,-0.120574728,0.0244082753,0.930338264,-1.76035857,0.615391076,0.163645774,0.00209451863,0.0318176523,0.91302532,-1.77021921,0.706587195,0.0507346876
-0.210050434,-0.342433006,0.787939787,0.0307987183,0.0256496277,-0.70414418,0.70892489,0,0,-0.223030105,-1.49759674,-2.1092751,0.609337509,-0.749249041,-1.05264378,-1.04700243,0.348158807,-1.62804723,1.78649449,0.957514107,0.512068808,-1.21537316,0.931796253,0.119895674,0.0488266125,-0.0319334567,-0.119674802,0.025885554,0.937182128,-1.75820982,0.613551557,0.16268608,0.00805783458,0.0336754844,0.918995082,-1.76793909,0.704421341,0.0495796688
-0.209853813,-0.345324993,0.788995504,0.0290185343,0.0271758959,-0.703320861,0.709759951,0,0,-0.236204326,-1.50053072,-2.09480047,0.628379941,-0.743798196,-1.05722702,-1.0470196,0.362521708,-1.64532971,1.7633636,0.984873772,0.508733988,-1.21555555,0.935169399,0.105271377,0.052157864,-0.0319575742,-0.118774876,0.0273628347,0.944026053,-1.75606096,0.611712098,0.161726385,0.0140211536,0.0355333127,0.924964845,-1.76565897,0.702255487,0.04842465
-0.210005745,-0.347349226,0.789096892,0.0265044793,0.027217865,-0.70303607,0.710138679,0,0,-0.243228734,-1.50637817,-2.08364081,0.654740632,-0.738683105,-1.06258619,-1.04703307,0.37150979,-1.65909564,1.75354099,1.01174605,0.506196201,-1.21634662,0.937744677,0.0903789327,0.0545821376,-0.0302695073,-0.118136272,0.0286227465,0.950415134,-1.75625479,0.609825611,0.16164723,0.0189225972,0.0375991464,0.931364536,-1.76519394,0.701289356,0.0468859114
-0.210373312,-0.348836631,0.788607895,0.0235361923,0.026341442,-0.703081191,0.710231721,0,0,-0.246448576,-1.51402819,-2.07453227,0.685628712,-0.733775675,-1.0684253,-1.04704416,0.377172709,-1.67068589,1.75195158,1.03831673,0.504151523,-1.21751428,0.939826429,0.0753206015,0.0564453155,-0.0275222044,-0.11765933,0.0297481865,0.956522942,-1.75789797,0.607909977,0.162112817,0.0231671222,0.039793659,0.938030183,-1.76585174,0.701065481,0.0451097898
-0.210740879,-0.350324035,0.788118899,0.0205676146,0.0254647471,-0.703119457,0.710317969,0,0,-0.249668434,-1.52167821,-2.06542349,0.716516793,-0.728868246,-1.07426429,-1.04705536,0.382835656,-1.68227613,1.75036204,1.0648874,0.502106845,-1.21868193,0.941908121,0.060262274,0.0583084933,-0.0247749034,-0.117182389,0.0308736246,0.962630749,-1.75954115,0.605994403,0.162578389,0.0274116453,0.0419881754,0.94469589,-1.76650941,0.700841606,0.0433336645
-0.211108446,-0.351811439,0.787629843,0.017598832,0.0245878045,-0.703151047,0.710397243,0,0,-0.252888262,-1.52932823,-2.05631495,0.747404933,-0.723960817,-1.0801034,-1.04706645,0.388498604,-1.69386649,1.7487725,1.09145808,0.500062168,-1.21984959,0.943989873,0.0452039465,0.0601716712,-0.0220276006,-0.116705447,0.0319990627,0.968738496,-1.76118422,0.60407877,0.163043976,0.0316561684,0.044182688,0.951361597,-1.76716721,0.700617671,0.041557543
-0.211476013,-0.353298843,0.787140846,0.0146299331,0.0237106457,-0.703175962,0.710469902,0,0,-0.256108135,-1.53697813,-2.04720616,0.778293014,-0.719053388,-1.08594239,-1.04707766,0.394161552,-1.70545673,1.74718308,1.11802876,0.49801749,-1.22101724,0.946071565,0.0301456172,0.0620348491,-0.0192802995,-0.116228506,0.0331245027,0.974846303,-1.7628274,0.602163196,0.163509563,0.0359006934,0.0463772006,0.958027244,-1.76782501,0.700393796,0.0397814177
-0.211773276,-0.354829103,0.786540151,0.0124421837,0.0233696606,-0.702960491,0.710735977,0,0,-0.261476487,-1.54419219,-2.03695321,0.806746364,-0.714249313,-1.09115481,-1.04708815,0.400984526,-1.71638882,1.74321473,1.14239442,0.496128559,-1.22191191,0.948061764,0.0167586971,0.0633927509,-0.0169019867,-0.115852967,0.0339800157,0.981442809,-1.76463807,0.600323617,0.163794056,0.0397736169,0.0486173369,0.965343773,-1.76872063,0.700181246,0.0381672345
-0.211707249,-0.356580824,0.785362482,0.0142905535,0.0257997829,-0.701530099,0.712029338,0,0,-0.277945548,-1.54915369,-2.02078724,0.822620213,-0.709979475,-1.09312892,-1.04709542,0.413801193,-1.72391999,1.72695589,1.15536737,0.495044231,-1.22139561,0.949579,0.0120074507,0.0621400289,-0.0164301321,-0.11600136,0.0334409028,0.990564466,-1.76731467,0.598877072,0.163142964,0.0417265855,0.0510931909,0.97602284,-1.77084553,0.700027227,0.0373897441
-0.211641222,-0.358332515,0.784184754,0.0161388144,0.0282296706,-0.700090468,0.713313401,0,0,-0.29441461,-1.55411518,-2.00462127,0.838494003,-0.705709696,-1.09510314,-1.04710269,0.426617861,-1.73145127,1.71069705,1.16834033,0.493959934,-1.22087932,0.951096237,0.00725620473,0.0608873069,-0.0159582794,-0.116149753,0.0329017863,0.999686062,-1.76999128,0.597430527,0.162491858,0.043679554,0.0535690449,0.986701906,-1.77297032,0.699873269,0.0366122536
-0.21157521,-0.360084206,0.783007085,0.0179868899,0.0306592211,-0.698641717,0.714588225,0,0,-0.310883701,-1.55907667,-1.98845541,0.854367852,-0.701439857,-1.09707737,-1.04710984,0.439434528,-1.73898256,1.69443822,1.18131328,0.492875606,-1.22036302,0.952613473,0.00250495854,0.0596345849,-0.0154864248,-0.116298147,0.0323626697,1.00880766,-1.77266788,0.595983982,0.161840752,0.0456325226,0.0560448989,0.997380972,-1.77509522,0.69971925,0.0358347669
-0.211509183,-0.361835927,0.781829417,0.0198347103,0.0330883451,-0.697183788,0.715853691,0,0,-0.327352762,-1.56403816,-1.97228944,0.870241702,-0.697170019,-1.09905159,-1.04711711,0.452251196,-1.74651372,1.67817938,1.19428623,0.491791278,-1.21984673,0.954130709,-0.00224628812,0.0583818629,-0.0150145711,-0.11644654,0.0318235569,1.01792932,-1.77534449,0.594537437,0.161189646,0.0475854911,0.0585207529,1.0080601,-1.77722001,0.699565291,0.0350572765
-0.211443156,-0.363587618,0.780651748,0.0216822065,0.0355169512,-0.695716977,0.717109799,0,0,-0.343821824,-1.56899953,-1.95612359,0.886115491,-0.692900181,-1.10102582,-1.04712439,0.465067834,-1.75404501,1.66192043,1.20725918,0.49070698,-1.21933043,0.955647886,-0.00699753314,0.0571291447,-0.0145427175,-0.116594933,0.0312844403,1.02705097,-1.7780211,0.593090892,0.160538554,0.0495384596,0.0609966032,1.0187391,-1.77934492,0.699411273,0.0342797861
-0.211348668,-0.365020782,0.779359818,0.0255764388,0.0377894975,-0.693333387,0.719170868,0,0,-0.364005327,-1.58229077,-1.92159998,0.908864737,-0.688237131,-1.10622025,-1.04712987,0.474917769,-1.75971568,1.63970637,1.21828568,0.489048183,-1.22231066,0.957628727,-0.00945458934,0.0533272065,-0.0192067679,-0.116216883,0.0318947397,1.03845489,-1.7804358,0.59152633,0.158791289,0.0512077995,0.0641287938,1.03094375,-1.78163683,0.698946476,0.0335979499
-0.211242348,-0.366321623,0.778020442,0.0303206965,0.0399963595,-0.690547049,0.721544087,0,0,-0.385731757,-1.59904206,-1.87945104,0.934469998,-0.683410764,-1.11275232,-1.04713464,0.48353532,-1.76461351,1.61501861,1.22850347,0.487150759,-1.22674334,0.959802091,-0.0109586678,0.0484663583,-0.0260042045,-0.115620166,0.0329824947,1.05080676,-1.78274155,0.589912772,0.156588703,0.0527593233,0.0675336197,1.04378211,-1.78399813,0.698352516,0.0329558514
-0.211136013,-0.367622435,0.776681125,0.0350641087,0.0422017723,-0.687732279,0.723888099,0,0,-0.407458156,-1.61579335,-1.83730197,0.9600752,-0.678584397,-1.11928427,-1.04713929,0.4921529,-1.76951122,1.59033084,1.23872137,0.485253334,-1.23117602,0.961975455,-0.0124627464,0.0436055101,-0.032801643,-0.115023442,0.0340702459,1.06315875,-1.78504729,0.588299274,0.154386103,0.0543108508,0.0709384456,1.05662036,-1.78635955,0.697758555,0.0323137529
-0.211029693,-0.368923277,0.775341749,0.0398061015,0.0444054678,-0.684889436,0.726202607,0,0,-0.429184586,-1.63254476,-1.7951529,0.985680401,-0.67375803,-1.12581635,-1.04714406,0.50077045,-1.77440906,1.56564307,1.24893928,0.48335591,-1.23560882,0.964148879,-0.0139668249,0.038744662,-0.0395990796,-0.114426725,0.0351580009,1.07551074,-1.78735304,0.586685717,0.152183518,0.0558623783,0.0743432716,1.06945872,-1.78872085,0.697164595,0.0316716507
-0.210923374,-0.370224118,0.774002373,0.0445460901,0.046607174,-0.682018876,0.728487194,0,0,-0.450910985,-1.64929605,-1.75300395,1.01128566,-0.668931663,-1.13234842,-1.0471487,0.50938803,-1.77930689,1.54095531,1.25915718,0.481458485,-1.24004149,0.966322243,-0.0154709024,0.0338838138,-0.0463965163,-0.11383,0.0362457521,1.08786261,-1.78965878,0.58507216,0.149980932,0.0574139021,0.0777480975,1.08229697,-1.79108214,0.696570635,0.0310295522
-0.210791841,-0.371494263,0.772662818,0.0490193889,0.0487150252,-0.67949456,0.730418503,0,0,-0.469810575,-1.66459262,-1.71300125,1.03437781,-0.664507568,-1.13806605,-1.04715264,0.516148508,-1.78377461,1.51725292,1.26747644,0.479800761,-1.24399996,0.968315482,-0.0160323326,0.0290234294,-0.0519445278,-0.113031685,0.0372248888,1.09840286,-1.79208255,0.584322035,0.147746012,0.0594290085,0.0803079084,1.09345198,-1.7936132,0.69681567,0.0302906707
-0.210585028,-0.372672707,0.771322489,0.0527025312,0.0505479202,-0.678066611,0.731363893,0,0,-0.480269253,-1.67554557,-1.6794076,1.0499661,-0.661284506,-1.14135182,-1.04715383,0.517363727,-1.78695822,1.49649322,1.27012658,0.478858709,-1.24654233,0.969770849,-0.0137790479,0.0241644271,-0.0537617952,-0.111631393,0.037879698,1.10353327,-1.79485869,0.586149991,0.145414546,0.0628283545,0.0803445131,1.09958088,-1.79665101,0.699565947,0.0292628035
-0.2103782,-0.37385118,0.769982219,0.0563848391,0.0523799285,-0.676625133,0.732294738,0,0,-0.490727931,-1.68649864,-1.64581394,1.06555438,-0.658061385,-1.14463747,-1.04715514,0.518578947,-1.7901417,1.4757334,1.2727766,0.477916658,-1.24908471,0.971226215,-0.0115257632,0.0193054229,-0.0555790626,-0.110231102,0.0385345034,1.10866368,-1.79763484,0.587978005,0.143083096,0.0662277043,0.0803811252,1.10570967,-1.7996887,0.702316225,0.0282349344
-0.210171387,-0.375029653,0.768641889,0.0600661002,0.0542109273,-0.675170183,0.73321104,0,0,-0.501186609,-1.69745159,-1.61222029,1.08114254,-0.654838324,-1.14792323,-1.04715633,0.519794166,-1.7933253,1.45497358,1.27542675,0.476974607,-1.25162709,0.972681642,-0.00927247759,0.0144464206,-0.0573963262,-0.108830817,0.0391893126,1.11379409,-1.80041087,0.589805961,0.14075163,0.0696270466,0.0804177299,1.11183846,-1.80272651,0.705066442,0.0272070654
-0.209964558,-0.376208127,0.767301619,0.0637460947,0.056040816,-0.673701882,0.734112918,0,0,-0.511645317,-1.70840454,-1.57862651,1.09673083,-0.651615262,-1.151209,-1.04715753,0.521009326,-1.79650891,1.43421388,1.27807677,0.476032555,-1.25416946,0.974137008,-0.00701919245,0.00958741829,-0.0592135936,-0.107430525,0.0398441218,1.1189245,-1.80318701,0.591633916,0.138420179,0.0730263963,0.0804543346,1.11796737,-1.80576432,0.70781672,0.0261791982
-0.209757745,-0.3773866,0.765961289,0.0674245954,0.0578694753,-0.67222029,0.735000014,0,0,-0.522103965,-1.71935761,-1.54503286,1.11231911,-0.648392141,-1.15449464,-1.04715884,0.522224545,-1.79969251,1.41345406,1.28072691,0.475090504,-1.25671184,0.975592375,-0.00476590684,0.00472841505,-0.061030861,-0.106030233,0.040498931,1.12405491,-1.80596316,0.593461871,0.136088714,0.0764257461,0.0804909468,1.12409616,-1.80880201,0.710566998,0.0251513291
-0.209530205,-0.378732473,0.762252331,0.0705525279,0.0601144582,-0.672086179,0.734648824,0,0,-0.512901187,-1.72626805,-1.52384222,1.12106276,-0.646976531,-1.1560415,-1.04646802,0.506491601,-1.80198991,1.40670979,1.27852988,0.475804538,-1.25784516,0.975485027,0.00255387649,0.00121722464,-0.0609239489,-0.106377259,0.042266164,1.13162744,-1.81677055,0.598521709,0.132684633,0.0811538696,0.0794668943,1.13156605,-1.81991386,0.714969039,0.0260803793
-0.209297329,-0.380121469,0.757933497,0.0735381395,0.0624661446,-0.672292054,0.733971059,0,0,-0.498635858,-1.7321378,-1.50584519,1.12804413,-0.646026254,-1.15714073,-1.0455991,0.486394793,-1.80405927,1.40357423,1.27508473,0.476944923,-1.25861561,0.974975348,0.0111781945,-0.00194692763,-0.0603215955,-0.107174188,0.0443198271,1.13982892,-1.82964599,0.604413688,0.129004374,0.0862241387,0.0781697407,1.13938117,-1.83310473,0.71979636,0.027513301
-0.209064454,-0.381510437,0.753614664,0.0765227452,0.0648169667,-0.672487974,0.733282447,0,0,-0.484370559,-1.73800743,-1.48784816,1.13502538,-0.645075977,-1.15823984,-1.04473007,0.466297954,-1.80612862,1.40043879,1.27163959,0.478085339,-1.25938618,0.974465609,0.0198025145,-0.00511108059,-0.0597192422,-0.107971117,0.0463734902,1.14803028,-1.84252143,0.610305667,0.1253241,0.0912944078,0.0768725872,1.14719641,-1.8462956,0.72462368,0.0289462209
-0.208831593,-0.382899433,0.749295831,0.0795061961,0.0671668202,-0.672673821,0.732582748,0,0,-0.470105261,-1.74387717,-1.46985102,1.14200675,-0.6441257,-1.15933895,-1.04386115,0.446201146,-1.80819798,1.39730322,1.26819444,0.479225755,-1.26015663,0.973955929,0.0284268297,-0.00827523228,-0.0591168888,-0.108768046,0.0484271534,1.15623164,-1.85539687,0.616197705,0.121643841,0.096364677,0.0755754337,1.15501153,-1.85948634,0.729451001,0.0303791426
-0.208598718,-0.3842884,0.744976938,0.082488358,0.0695155859,-0.672849536,0.731872141,0,0,-0.455839962,-1.7497468,-1.45185399,1.14898813,-0.643175483,-1.16043818,-1.04299212,0.426104337,-1.81026721,1.39416766,1.26474929,0.48036617,-1.2609272,0.97344619,0.0370511487,-0.0114393849,-0.0585145354,-0.109564967,0.0504808165,1.16443312,-1.8682723,0.622089684,0.117963575,0.101434946,0.0742782801,1.16282678,-1.87267721,0.734278321,0.0318120643
-0.20853588,-0.385191917,0.740151346,0.0858154967,0.0720723942,-0.673574388,0.730574369,0,0,-0.437183172,-1.75534356,-1.43870461,1.15296173,-0.642807305,-1.16109669,-1.04191065,0.40395847,-1.81209064,1.39701295,1.25940728,0.481859535,-1.26149535,0.97265929,0.0482587069,-0.0141862398,-0.0575427003,-0.110491842,0.0518904179,1.17327988,-1.88282084,0.627102435,0.115579255,0.10636203,0.0729527324,1.17091644,-1.88707566,0.739282131,0.0324256085
-0.208803728,-0.385151416,0.73434031,0.0898141414,0.0750342906,-0.67536813,0.728135407,0,0,-0.409986496,-1.76040971,-1.4349823,1.15108633,-0.643571019,-1.16089833,-1.04041576,0.377827972,-1.81343567,1.41148889,1.25037658,0.484039247,-1.26166999,0.971333206,0.0644897521,-0.0161215998,-0.0558523536,-0.111671396,0.0520475507,1.18338168,-1.90062273,0.630405545,0.115715079,0.111010663,0.0715719536,1.17953992,-1.90382254,0.744629085,0.0314457528
-0.209071577,-0.385110885,0.728529215,0.0938101262,0.0779939294,-0.677139223,0.72567153,0,0,-0.38278982,-1.76547587,-1.43126011,1.14921093,-0.644334793,-1.16069996,-1.038921,0.351697445,-1.81478071,1.42596483,1.241346,0.486218959,-1.26184464,0.970007122,0.0807207972,-0.0180569589,-0.0541620068,-0.112850957,0.0522046834,1.19348347,-1.91842473,0.633708596,0.115850911,0.115659297,0.0701911747,1.1881634,-1.9205693,0.749976099,0.0304658953
-0.209339425,-0.385070354,0.722718179,0.0978030264,0.0809509978,-0.678887308,0.723182976,0,0,-0.355593145,-1.77054203,-1.4275378,1.14733565,-0.645098567,-1.16050148,-1.03742623,0.325566947,-1.81612575,1.44044065,1.2323153,0.488398701,-1.26201928,0.968681037,0.0969518349,-0.019992318,-0.0524716601,-0.114030518,0.0523618162,1.20358527,-1.93622661,0.637011707,0.115986735,0.12030793,0.0688103959,1.19678688,-1.93731618,0.755323052,0.0294860378
-0.209607258,-0.385029823,0.716907144,0.101792455,0.0839051902,-0.680612266,0.720669985,0,0,-0.328396469,-1.77560818,-1.42381549,1.14546025,-0.645862281,-1.16030312,-1.03593135,0.29943645,-1.81747091,1.4549166,1.2232846,0.490578413,-1.26219392,0.967354953,0.11318288,-0.0219276771,-0.0507813133,-0.115210079,0.0525189489,1.21368706,-1.95402861,0.640314758,0.116122559,0.124956563,0.067429617,1.20541036,-1.95406306,0.760670066,0.0285061821
-0.209875107,-0.384989321,0.711096048,0.105777986,0.0868562236,-0.682313979,0.718132854,0,0,-0.301199764,-1.78067434,-1.42009318,1.14358497,-0.646626055,-1.16010475,-1.03443658,0.273305923,-1.81881595,1.46939254,1.21425402,0.492758125,-1.26236856,0.966028869,0.129413933,-0.0238630362,-0.0490909666,-0.11638964,0.0526760779,1.22378886,-1.97183049,0.643617809,0.11625839,0.129605189,0.0660488382,1.21403384,-1.97080982,0.76601702,0.0275263246
-0.209706903,-0.382644892,0.70309633,0.10846106,0.0884615108,-0.683663726,0.71625042,0,0,-0.269340515,-1.78417349,-1.4358598,1.13524497,-0.648673058,-1.15917265,-1.03287065,0.247294292,-1.81974483,1.50097466,1.20804548,0.494958401,-1.26192069,0.964945793,0.14976038,-0.0252700802,-0.0491641648,-0.117762536,0.0506944954,1.23124683,-1.99557555,0.644822419,0.11818289,0.133043587,0.0601970665,1.22065139,-1.99449742,0.772419035,0.0277557708
-0.209481448,-0.379997998,0.694809318,0.110972241,0.0898893625,-0.684960544,0.714446783,0,0,-0.236869186,-1.787467,-1.45418477,1.12605631,-0.650888503,-1.15814435,-1.03129542,0.221298262,-1.82061911,1.53480244,1.20220745,0.497161418,-1.26139104,0.963894606,0.170647085,-0.0266077705,-0.0494688712,-0.119160816,0.048432149,1.2383579,-2.02010059,0.645751476,0.12034221,0.136323109,0.0537583642,1.2270056,-2.01909614,0.778959453,0.0281439684
-0.209255993,-0.377351135,0.686522305,0.113481998,0.0913160443,-0.686248183,0.71263361,0,0,-0.204397857,-1.79076052,-1.47250974,1.11686766,-0.653103948,-1.15711594,-1.02972019,0.195302248,-1.82149339,1.56863022,1.19636929,0.499364406,-1.2608614,0.962843478,0.191533774,-0.0279454608,-0.0497735776,-0.120559104,0.0461698063,1.24546885,-2.04462576,0.646680593,0.122501522,0.139602631,0.0473196618,1.23335993,-2.04369473,0.78549993,0.028532166
-0.209030539,-0.374704272,0.678235233,0.115990236,0.0927415118,-0.687526762,0.710810959,0,0,-0.171926528,-1.79405403,-1.49083471,1.10767901,-0.655319393,-1.15608752,-1.02814496,0.169306219,-1.82236767,1.60245788,1.19053125,0.501567364,-1.26033175,0.96179229,0.212420478,-0.029283151,-0.0500782803,-0.121957384,0.0439074636,1.25257993,-2.06915092,0.647609651,0.124660835,0.142882153,0.0408809595,1.23971415,-2.06829333,0.792040408,0.0289203618
-0.208805084,-0.372057378,0.66994822,0.118496865,0.09416572,-0.688796282,0.708978951,0,0,-0.139455184,-1.79734755,-1.50915968,1.09849036,-0.657534838,-1.15505922,-1.02656972,0.143310189,-1.82324195,1.63628566,1.18469322,0.503770411,-1.2598021,0.960741162,0.233307183,-0.0306208413,-0.0503829867,-0.123355664,0.0416451171,1.25969088,-2.09367609,0.648538768,0.126820147,0.146161675,0.0344422571,1.24606836,-2.09289193,0.798580885,0.0293085594
-0.208652779,-0.369029045,0.662718892,0.120809607,0.0955192074,-0.689626575,0.707599044,0,0,-0.109504066,-1.80014729,-1.53130138,1.08911681,-0.659696937,-1.15393722,-1.02530766,0.119474314,-1.82398522,1.67125499,1.1807164,0.505717635,-1.25912893,0.959935188,0.254939377,-0.0312744044,-0.0512632728,-0.124977484,0.0399307758,1.26374662,-2.11452484,0.648035765,0.128045797,0.147107601,0.0261075217,1.2474227,-2.11380315,0.80319804,0.030386718
-0.208598137,-0.36549148,0.6569013,0.12286485,0.0967793018,-0.689877391,0.706829131,0,0,-0.0829166844,-1.80228806,-1.55853724,1.0794965,-0.661787868,-1.15269041,-1.02446353,0.0985216051,-1.82455349,1.7077477,1.17922366,0.507323503,-1.25826418,0.959456384,0.277566582,-0.0310148485,-0.0529117957,-0.126897648,0.0389478616,1.26372421,-2.1304667,0.645621419,0.128025264,0.144938856,0.0152421249,1.24210334,-2.12979245,0.805248201,0.0323857777
-0.208543479,-0.361953944,0.651083708,0.124919318,0.0980387852,-0.690123618,0.706054568,0,0,-0.0563293099,-1.80442882,-1.58577311,1.06987619,-0.663878798,-1.15144348,-1.02361941,0.0775689036,-1.82512176,1.74424052,1.17773092,0.508929312,-1.25739956,0.95897764,0.300193757,-0.0307552945,-0.0545603149,-0.128817827,0.0379649438,1.26370192,-2.14640832,0.643207014,0.128004745,0.142770126,0.00437672995,1.2367841,-2.14578199,0.807298362,0.0343848355
-0.208488837,-0.358416408,0.645266116,0.126972988,0.0992976353,-0.690365493,0.705275476,0,0,-0.0297419354,-1.80656958,-1.6130091,1.06025577,-0.665969729,-1.15019667,-1.02277529,0.056616202,-1.82569003,1.78073335,1.17623818,0.510535181,-1.25653481,0.958498836,0.322820961,-0.0304957405,-0.0562088378,-0.13073799,0.0369820297,1.2636795,-2.16235018,0.640792608,0.127984211,0.140601382,-0.00648866501,1.23146474,-2.1617713,0.809348524,0.0363838971
-0.208434194,-0.354878873,0.639448524,0.129025832,0.100555837,-0.690602839,0.704491794,0,0,-0.00315455603,-1.80871034,-1.64024496,1.05063546,-0.66806072,-1.14894974,-1.02193117,0.0356634967,-1.8262583,1.81722617,1.17474544,0.512141049,-1.25567007,0.958020091,0.345448166,-0.0302361846,-0.0578573607,-0.132658169,0.0359991118,1.26365721,-2.17829204,0.638378203,0.127963677,0.138432652,-0.0173540618,1.22614551,-2.1777606,0.811398625,0.0383829549
-0.208379537,-0.351341337,0.633630931,0.131077766,0.101813361,-0.690835714,0.703703582,0,0,0.0234328154,-1.8108511,-1.66748095,1.04101515,-0.670151651,-1.14770293,-1.02108705,0.014710797,-1.82682657,1.853719,1.1732527,0.513746917,-1.25480533,0.957541287,0.368075371,-0.0299766306,-0.0595058799,-0.134578332,0.0350161977,1.2636348,-2.19423366,0.635963857,0.127943158,0.136263907,-0.0282194559,1.22082615,-2.19375014,0.813448787,0.0403820127
-0.208847299,-0.347591013,0.629284143,0.133227244,0.103382282,-0.690354764,0.703543186,0,0,0.0446157008,-1.81226313,-1.69417655,1.0333209,-0.671629608,-1.14659572,-1.02095115,-0.00337075558,-1.82720137,1.88283086,1.17137051,0.514761746,-1.25426888,0.957503915,0.394595951,-0.0292202029,-0.0596635006,-0.136060178,0.0364190526,1.25504255,-2.20474839,0.633767843,0.126446307,0.129340976,-0.0383245833,1.20706272,-2.20429611,0.813780665,0.0409411415
-0.209329739,-0.343834698,0.624978721,0.13537854,0.104959235,-0.689848721,0.703395426,0,0,0.0656467751,-1.81365466,-1.72085702,1.0256809,-0.673090339,-1.14549243,-1.02083504,-0.0213716589,-1.8275708,1.9117353,1.16947722,0.515760005,-1.2537415,0.957478881,0.421225905,-0.0284498185,-0.0597792454,-0.137529716,0.0378889255,1.24620962,-2.21511054,0.631577969,0.124907978,0.122284494,-0.0484083556,1.19306195,-2.21468925,0.814064324,0.0414598212
-0.209812164,-0.340078384,0.620673239,0.137528867,0.106535442,-0.689337611,0.703242362,0,0,0.0866778493,-1.81504619,-1.74753749,1.01804078,-0.67455107,-1.14438915,-1.02071893,-0.0393725596,-1.82794011,1.94063973,1.16758406,0.516758263,-1.25321424,0.957453847,0.44785583,-0.0276794359,-0.0598949865,-0.138999239,0.0393587947,1.23737669,-2.22547269,0.629388094,0.123369657,0.11522802,-0.0584921278,1.17906129,-2.22508216,0.814347923,0.0419785008
-0.210294604,-0.336322069,0.616367817,0.139678165,0.108110845,-0.688821375,0.703084171,0,0,0.107708924,-1.81643772,-1.77421796,1.01040077,-0.676011801,-1.14328587,-1.02060282,-0.0573734678,-1.82830954,1.96954429,1.16569078,0.517756522,-1.25268698,0.957428813,0.474485785,-0.0269090515,-0.0600107275,-0.140468776,0.0408286639,1.22854376,-2.23583484,0.627198279,0.121831335,0.108171538,-0.0685759038,1.16506052,-2.2354753,0.814631581,0.0424971804
-0.210777044,-0.332565755,0.612062335,0.141826361,0.109685414,-0.688300014,0.702920675,0,0,0.128739998,-1.81782913,-1.80089843,1.00276065,-0.677472532,-1.14218259,-1.02048671,-0.0753743649,-1.82867885,1.99844873,1.16379762,0.51875478,-1.2521596,0.957403779,0.501115739,-0.026138667,-0.0601264723,-0.141938299,0.0422985367,1.21971083,-2.24619699,0.625008404,0.120293014,0.101115055,-0.0786596686,1.15105987,-2.24586844,0.81491518,0.04301586
-0.211257175,-0.329151511,0.608375132,0.142585799,0.109617874,-0.688760757,0.702326,0,0,0.146068528,-1.81628752,-1.82437694,0.995804608,-0.678570628,-1.14132977,-1.02063406,-0.091188103,-1.82705581,2.02147436,1.15959787,0.519530356,-1.25202107,0.95750314,0.522980094,-0.0246549267,-0.0596421808,-0.142405152,0.043915309,1.20775259,-2.25468421,0.624514043,0.118389085,0.0925385877,-0.087386474,1.13495266,-2.2543807,0.816280484,0.0430462845
-0.211735174,-0.326056808,0.605265498,0.142048091,0.108016536,-0.690139413,0.701329052,0,0,0.159938559,-1.81200588,-1.84486437,0.989487588,-0.679329991,-1.14071107,-1.02102745,-0.10495881,-1.82357156,2.03900862,1.15324354,0.520097852,-1.25224566,0.95771873,0.540392876,-0.0225048419,-0.0585974008,-0.141935408,0.0456693098,1.19287503,-2.26141953,0.625603497,0.116143644,0.0825422928,-0.094845742,1.11687779,-2.26113629,0.818656266,0.0426206328
-0.212213174,-0.322962105,0.602155864,0.141509563,0.106414542,-0.691514075,0.700328052,0,0,0.173808575,-1.80772436,-1.86535192,0.983170569,-0.680089295,-1.14009237,-1.02142084,-0.118729517,-1.82008719,2.05654287,1.14688933,0.520665348,-1.25247025,0.95793432,0.557805657,-0.0203547589,-0.0575526245,-0.141465664,0.0474233069,1.17799759,-2.26815486,0.626692891,0.113898203,0.0725460052,-0.10230501,1.09880292,-2.26789188,0.821032047,0.0421949849
-0.212691158,-0.319867402,0.599046171,0.140970215,0.104811929,-0.692884803,0.699322999,0,0,0.187678605,-1.80344272,-1.88583934,0.976853549,-0.680848658,-1.13947356,-1.02181423,-0.132500216,-1.81660295,2.07407713,1.140535,0.521232843,-1.25269485,0.95814991,0.575218499,-0.018204676,-0.0565078445,-0.14099592,0.0491773039,1.16312003,-2.27489042,0.627782285,0.111652762,0.0625497177,-0.10976427,1.08072805,-2.27464724,0.823407769,0.0417693332
-0.213169158,-0.316772699,0.595936537,0.140430078,0.103208736,-0.694251478,0.698313951,0,0,0.201548621,-1.79916108,-1.90632677,0.97053653,-0.681608021,-1.13885486,-1.02220762,-0.146270931,-1.8131187,2.09161139,1.13418067,0.521800339,-1.25291944,0.9583655,0.59263128,-0.016054593,-0.0554630645,-0.140526175,0.050931301,1.14824259,-2.28162575,0.628871739,0.109407321,0.0525534302,-0.117223538,1.06265318,-2.28140283,0.825783551,0.0413436815
-0.2136437,-0.313783795,0.592895687,0.13983129,0.10155049,-0.695611477,0.697323024,0,0,0.215152264,-1.79429054,-1.92627227,0.963959754,-0.682331085,-1.13827729,-1.02262843,-0.159852698,-1.80913687,2.10836625,1.12742841,0.522348642,-1.25319886,0.958590925,0.609669924,-0.0138606625,-0.0543397814,-0.140063182,0.0525948368,1.13301194,-2.28821635,0.630293071,0.10727974,0.042469319,-0.124492586,1.04454577,-2.28801322,0.828174889,0.0408983789
-0.214065447,-0.312412113,0.590906858,0.138347074,0.0990584418,-0.696925521,0.696665168,0,0,0.224683747,-1.7804153,-1.93793201,0.953412116,-0.682500064,-1.13832939,-1.02347016,-0.170546159,-1.79754925,2.11320519,1.11459303,0.522604227,-1.25431788,0.95896709,0.62098825,-0.0109964227,-0.0520163439,-0.139703274,0.052875448,1.11238229,-2.29259443,0.636788428,0.106953956,0.0310426205,-0.128853679,1.02594066,-2.29240417,0.830804348,0.0401526839
-0.214487195,-0.311040401,0.588917971,0.136861354,0.096565254,-0.698232174,0.69600004,0,0,0.234215215,-1.76654005,-1.94959188,0.942864418,-0.682669103,-1.1383816,-1.02431178,-0.181239605,-1.78596163,2.1180439,1.10175765,0.522859752,-1.2554369,0.959343255,0.632306516,-0.00813218299,-0.0496929064,-0.139343351,0.0531560592,1.09175277,-2.29697251,0.643283784,0.106628172,0.019615924,-0.133214787,1.00733566,-2.29679537,0.833433807,0.0394069925
-0.214908957,-0.30966872,0.586929142,0.135374188,0.0940710157,-0.699531496,0.695327461,0,0,0.243746683,-1.7526648,-1.96125162,0.93231678,-0.682838082,-1.13843369,-1.0251534,-0.191933051,-1.77437401,2.12288284,1.08892214,0.523115337,-1.25655591,0.95971936,0.643624842,-0.00526794232,-0.047369469,-0.138983443,0.0534366742,1.07112312,-2.30135036,0.649779141,0.106302388,0.00818922557,-0.13757588,0.98873055,-2.30118656,0.836063266,0.0386612974
-0.215330705,-0.308297038,0.584940255,0.133885577,0.0915757865,-0.700823426,0.694647551,0,0,0.253278166,-1.73878956,-1.97291136,0.921769142,-0.683007061,-1.13848591,-1.02599502,-0.202626511,-1.76278639,2.12772155,1.07608676,0.523370862,-1.25767493,0.960095525,0.654943168,-0.00240370305,-0.0450460352,-0.138623536,0.0537172854,1.0504936,-2.30572844,0.656274498,0.105976604,-0.00323746959,-0.141936988,0.970125496,-2.30557752,0.838692725,0.0379156061
-0.215752468,-0.306925356,0.582951427,0.132395595,0.0890796632,-0.702107847,0.693960309,0,0,0.262809634,-1.72491431,-1.9845711,0.911221445,-0.683176041,-1.13853812,-1.02683675,-0.213319957,-1.75119877,2.13256049,1.06325138,0.523626447,-1.25879395,0.96047163,0.666261494,0.000460537151,-0.0427225977,-0.138263613,0.0539978966,1.02986395,-2.31010652,0.662769854,0.10565082,-0.0146641685,-0.146298081,0.951520443,-2.30996871,0.841322184,0.037169911
-0.216310084,-0.305563658,0.581042767,0.129666954,0.0859309211,-0.703333974,0.693630815,0,0,0.268511891,-1.70574391,-1.99178088,0.898617685,-0.683064401,-1.13890934,-1.02788377,-0.220511362,-1.73423755,2.1314714,1.04715633,0.523741305,-1.26034665,0.960922837,0.675180197,0.00456429739,-0.0393192992,-0.138878435,0.0531282574,1.00538588,-2.31355619,0.671787024,0.107011378,-0.0251743011,-0.14878948,0.932106972,-2.31342888,0.843430996,0.0361565091
-0.216956124,-0.304208517,0.57918632,0.126129702,0.0823556781,-0.70451057,0.693522692,0,0,0.271721989,-1.68312716,-1.99609447,0.884675682,-0.682770014,-1.13948834,-1.02906454,-0.225423515,-1.71377921,2.12652445,1.02893996,0.52376467,-1.26218164,0.96142298,0.682537079,0.00947477203,-0.0352131985,-0.140127644,0.0515099987,0.978403032,-2.31640196,0.682445467,0.109469458,-0.0350879095,-0.150064036,0.91216749,-2.31628299,0.845200896,0.0349688716
-0.217602164,-0.302853346,0.577329814,0.122588865,0.078778021,-0.705668449,0.693396032,0,0,0.274932116,-1.66051054,-2.00040817,0.870733738,-0.682475686,-1.14006746,-1.0302453,-0.230335683,-1.69332075,2.12157774,1.01072347,0.523787975,-1.26401663,0.961923063,0.689894021,0.0143852457,-0.0311070979,-0.141376853,0.0498917401,0.951420248,-2.31924772,0.693103909,0.111927539,-0.045001518,-0.151338577,0.892227948,-2.31913733,0.846970797,0.0337812379
-0.218248218,-0.301498175,0.575473368,0.119044751,0.075198248,-0.706807494,0.693250954,0,0,0.278142214,-1.6378938,-2.00472164,0.856791735,-0.682181358,-1.14064646,-1.03142607,-0.23524785,-1.67286241,2.11663079,0.9925071,0.52381134,-1.2658515,0.962423146,0.697250903,0.0192957204,-0.0270009954,-0.142626062,0.0482734814,0.924437404,-2.32209325,0.703762352,0.11438562,-0.0549151264,-0.152613133,0.872288406,-2.32199144,0.848740757,0.0325936042
-0.218894258,-0.300143033,0.573616922,0.115497604,0.0716166273,-0.707927585,0.69308728,0,0,0.281352311,-1.61527705,-2.00903535,0.842849731,-0.681887031,-1.14122546,-1.03260684,-0.240160018,-1.65240395,2.11168385,0.974290669,0.523834646,-1.26768649,0.962923229,0.704607844,0.024206195,-0.0228948947,-0.143875271,0.0466552228,0.89745456,-2.32493901,0.714420855,0.1168437,-0.0648287386,-0.153887674,0.852348864,-2.32484579,0.850510657,0.0314059667
-0.219499752,-0.298871994,0.571782291,0.11215505,0.0682528391,-0.708875954,0.693006277,0,0,0.283788532,-1.594028,-2.0132637,0.828980744,-0.681637943,-1.1417563,-1.03373504,-0.244105935,-1.63318574,2.10682964,0.956296742,0.523885667,-1.26949632,0.963401437,0.71157825,0.0288240612,-0.0186704062,-0.145221919,0.0451641381,0.87186408,-2.32763529,0.724876523,0.119514778,-0.0739254579,-0.15524295,0.834192753,-2.32754993,0.85218811,0.0303493869
-0.219875693,-0.298077226,0.570071518,0.109984398,0.0661301315,-0.708947778,0.693486392,0,0,0.281843275,-1.58052194,-2.01701117,0.815524995,-0.681645215,-1.14201438,-1.03456569,-0.242581457,-1.62098861,2.10250092,0.93956238,0.524093509,-1.27116418,0.963755667,0.716360211,0.0317853242,-0.013775669,-0.147120297,0.0443930663,0.854156315,-2.32948494,0.734184206,0.123391725,-0.0783973485,-0.157055199,0.82613349,-2.32940507,0.853341877,0.0300347637
-0.22025162,-0.297282487,0.568360686,0.107812651,0.0640067458,-0.709012926,0.693959951,0,0,0.279898047,-1.56701577,-2.02075839,0.802069306,-0.681652486,-1.14227247,-1.03539646,-0.241056979,-1.60879147,2.09817219,0.922828019,0.52430135,-1.27283192,0.964109957,0.721142232,0.0347465836,-0.00888093188,-0.14901866,0.0436219946,0.83644855,-2.33133459,0.743491888,0.127268672,-0.0828692466,-0.158867463,0.818074167,-2.33126044,0.854495704,0.0297201406
-0.220627561,-0.296487719,0.566649914,0.105639853,0.0618827194,-0.709071279,0.694426954,0,0,0.27795282,-1.55350959,-2.02450562,0.788613558,-0.681659758,-1.14253056,-1.03622711,-0.239532501,-1.59659433,2.09384346,0.906093657,0.524509192,-1.27449977,0.964464188,0.725924194,0.0377078466,-0.00398619426,-0.150917038,0.0428509228,0.818740726,-2.33318424,0.752799511,0.131145626,-0.0873411372,-0.160679713,0.810014904,-2.33311558,0.855649531,0.0294055175
-0.221003488,-0.29569298,0.564939141,0.103466071,0.0597581305,-0.709122956,0.694887459,0,0,0.276007563,-1.54000354,-2.02825308,0.775157809,-0.68166703,-1.14278865,-1.03705788,-0.238008022,-1.5843972,2.08951473,0.889359355,0.524717033,-1.27616751,0.964818418,0.730706215,0.0406691097,0.000908543763,-0.152815402,0.042079851,0.80103296,-2.33503389,0.762107193,0.135022581,-0.0918130353,-0.162491962,0.801955581,-2.33497071,0.856803298,0.0290908944
-0.221379429,-0.294898242,0.563228309,0.101291366,0.0576330274,-0.709167898,0.695341229,0,0,0.274062335,-1.52649736,-2.0320003,0.761702061,-0.681674302,-1.14304674,-1.03788853,-0.236483544,-1.57220006,2.085186,0.872624993,0.524924874,-1.27783537,0.965172648,0.735488176,0.043630369,0.00580328051,-0.15471378,0.0413087793,0.783325136,-2.33688378,0.771414876,0.13889952,-0.0962849259,-0.164304227,0.793896317,-2.33682609,0.857957125,0.0287762713
-0.221458197,-0.294038951,0.564167142,0.100180499,0.0569090396,-0.70893991,0.695794106,0,0,0.27046448,-1.51731002,-2.03460932,0.75011313,-0.681674361,-1.14337885,-1.03845298,-0.233034417,-1.56543446,2.08069158,0.859919012,0.524987936,-1.2792474,0.965456903,0.737528026,0.0445930399,0.00973357074,-0.156150818,0.0400824919,0.777302027,-2.33162856,0.77852416,0.142616421,-0.095774658,-0.164084539,0.79675895,-2.33085585,0.858830452,0.0293221809
-0.221406206,-0.293151259,0.566271603,0.099537842,0.0568015464,-0.708593309,0.696248055,0,0,0.266139627,-1.51002276,-2.03671741,0.739345431,-0.681671202,-1.14374363,-1.03890026,-0.228738576,-1.56105828,2.07612419,0.848985255,0.52498728,-1.28054702,0.965710282,0.738361537,0.0446764603,0.0132395662,-0.157384887,0.0386559367,0.776419342,-2.32324767,0.784666359,0.146262899,-0.093072556,-0.16297093,0.80442661,-2.32144308,0.859580457,0.0302466713
-0.221354231,-0.292263597,0.568376064,0.0988950878,0.0566940047,-0.708246231,0.696701467,0,0,0.261814743,-1.50273538,-2.03882551,0.728577733,-0.681668103,-1.14410841,-1.03934765,-0.224442735,-1.55668211,2.07155657,0.838051498,0.524986625,-1.28184664,0.965963721,0.739195049,0.0447598808,0.0167455617,-0.158618972,0.0372293778,0.775536716,-2.31486678,0.790808499,0.149909377,-0.0903704613,-0.161857307,0.812094271,-2.31203008,0.860330403,0.0311711617
-0.221302256,-0.291375935,0.570480525,0.0982522741,0.056586422,-0.707898498,0.697154343,0,0,0.25748986,-1.49544811,-2.04093361,0.717810035,-0.681664944,-1.14447331,-1.03979492,-0.220146894,-1.55230582,2.06698918,0.827117741,0.524986029,-1.28314638,0.96621716,0.740028501,0.0448433012,0.0202515572,-0.159853041,0.0358028226,0.774654031,-2.30648589,0.796950638,0.153555855,-0.0876683667,-0.160743698,0.819761872,-2.30261731,0.861080408,0.0320956521
-0.221250281,-0.290488273,0.572584987,0.0976093858,0.0564787984,-0.707550406,0.697606683,0,0,0.253164977,-1.48816073,-2.04304171,0.707042336,-0.681661844,-1.14483809,-1.04024231,-0.215851054,-1.54792964,2.0624218,0.816183984,0.524985373,-1.284446,0.966470599,0.740862012,0.0449267216,0.0237575527,-0.161087111,0.0343762673,0.773771405,-2.298105,0.803092778,0.157202348,-0.0849662647,-0.15963009,0.827429533,-2.29320455,0.861830413,0.0330201425
-0.221139729,-0.290002763,0.577287436,0.0963497087,0.0556796603,-0.707368672,0.698030293,0,0,0.244208142,-1.48149586,-2.04451466,0.696575463,-0.681443632,-1.14495075,-1.04068422,-0.206830338,-1.5437305,2.05688167,0.806408226,0.524805009,-1.28524125,0.966955304,0.73466897,0.0444951691,0.0263453107,-0.162218034,0.0319102779,0.775354981,-2.28409004,0.805850685,0.160559371,-0.0821871832,-0.155647427,0.835219622,-2.27856851,0.861134052,0.0341490619
-0.220842525,-0.290798962,0.590269506,0.0931231454,0.0526759401,-0.707710147,0.698355079,0,0,0.220489293,-1.47681451,-2.04396367,0.687067449,-0.680540085,-1.14426017,-1.04110873,-0.182751551,-1.54009521,2.04824185,0.800323188,0.524051785,-1.28442895,0.96817714,0.706082582,0.0424224064,0.0260066595,-0.163020179,0.0261316281,0.784798384,-2.25211906,0.797823012,0.162993938,-0.079162769,-0.142521158,0.843400061,-2.24728632,0.855828285,0.0359294973
-0.220545322,-0.291595131,0.603251517,0.0898945704,0.0496710129,-0.708037794,0.698666096,0,0,0.196770445,-1.47213328,-2.04341269,0.677559376,-0.679636538,-1.14356947,-1.04153323,-0.15867278,-1.53645992,2.0396018,0.79423815,0.523298621,-1.28361678,0.969399035,0.677496135,0.0403496474,0.0256680101,-0.163822338,0.0203529801,0.794241786,-2.22014809,0.789795339,0.165428504,-0.0761383474,-0.129394889,0.85158056,-2.21600389,0.850522518,0.0377099328
-0.220248118,-0.29239133,0.616233587,0.0866641626,0.0466650501,-0.708351493,0.698963463,0,0,0.173051596,-1.46745193,-2.04286194,0.668051362,-0.678732991,-1.14287877,-1.04195774,-0.134593993,-1.53282464,2.03096199,0.788153052,0.522545397,-1.28280449,0.970620871,0.648909748,0.0382768847,0.0253293589,-0.164624482,0.0145743303,0.803685188,-2.18817711,0.781767666,0.167863071,-0.0731139332,-0.11626862,0.859761,-2.18472171,0.845216691,0.0394903645
-0.219950899,-0.293187529,0.629215658,0.0834321231,0.0436582379,-0.708651364,0.699247062,0,0,0.149332747,-1.46277058,-2.04231095,0.658543289,-0.677829444,-1.14218819,-1.04238224,-0.110515207,-1.52918935,2.02232218,0.782068014,0.521792173,-1.28199232,0.971842706,0.6203233,0.036204122,0.0249907076,-0.165426642,0.00879568327,0.813128591,-2.15620637,0.773739994,0.170297638,-0.0700895116,-0.103142358,0.867941439,-2.15343952,0.839910924,0.0412707999
-0.219653696,-0.293983728,0.642197669,0.0801986307,0.0406507328,-0.708937109,0.699516892,0,0,0.125613898,-1.45808935,-2.04175997,0.649035215,-0.676925898,-1.14149749,-1.04280674,-0.0864364207,-1.52555394,2.01368237,0.775982976,0.521039009,-1.28118002,0.973064601,0.591736913,0.0341313593,0.0246520583,-0.166228786,0.00301703322,0.822571993,-2.12423539,0.765712321,0.172732204,-0.0670650974,-0.0900160819,0.876121938,-2.1221571,0.834605157,0.0430512354
-0.219539136,-0.297055572,0.6550439,0.0790801793,0.0396001935,-0.709088087,0.699551523,0,0,0.0958077237,-1.45299911,-2.03626943,0.647207677,-0.674925745,-1.14024568,-1.0431149,-0.0523326471,-1.52128243,1.99731708,0.776699245,0.519434273,-1.27838695,0.975631535,0.564454019,0.0325589739,0.0231276881,-0.166428357,-0.00208199839,0.830124855,-2.09308028,0.754993618,0.173801899,-0.0651541054,-0.0773858055,0.881703496,-2.09083343,0.825728834,0.0452262498
-0.21947512,-0.300757408,0.667852461,0.0785474032,0.0390914567,-0.70920366,0.699523032,0,0,0.0643164441,-1.44779563,-2.02941179,0.647506297,-0.672622085,-1.13883841,-1.04339087,-0.0154537354,-1.51683474,1.97881317,0.779298246,0.517593861,-1.27504539,0.978570759,0.537532032,0.0311251003,0.0212750863,-0.16646114,-0.00699289795,0.837154448,-2.06215119,0.743530035,0.17449376,-0.0635513365,-0.064892821,0.886565685,-2.05949807,0.815864086,0.0475104935
-0.21941112,-0.304459214,0.680661023,0.0780145824,0.0385826938,-0.709318876,0.699494123,0,0,0.032825157,-1.44259226,-2.02255392,0.647804856,-0.670318365,-1.13743114,-1.04366672,0.0214251801,-1.51238704,1.96030939,0.781897306,0.515753388,-1.27170396,0.981510043,0.510610044,0.0296912286,0.0194224827,-0.166493908,-0.0119037982,0.844183981,-2.03122211,0.732066453,0.175185621,-0.0619485676,-0.0523998365,0.891427875,-2.02816272,0.805999339,0.0497947372
-0.219347104,-0.30816102,0.693469584,0.0774817169,0.0380739085,-0.709433556,0.699464798,0,0,0.00133387954,-1.43738878,-2.01569605,0.648103476,-0.668014705,-1.136024,-1.04394269,0.0583040863,-1.50793946,1.9418056,0.784496367,0.513912976,-1.2683624,0.984449327,0.483688056,0.028257357,0.0175698828,-0.166526675,-0.0168146957,0.851213574,-2.00029302,0.72060287,0.175877482,-0.060345795,-0.0399068557,0.896290064,-1.99682736,0.796134591,0.0520789772
-0.219283104,-0.311862826,0.706278205,0.0769488066,0.0375650972,-0.709547937,0.699435115,0,0,-0.0301574077,-1.43218541,-2.00883818,0.648402035,-0.665711045,-1.13461673,-1.04421866,0.095183,-1.50349176,1.92330182,0.787095368,0.512072504,-1.26502097,0.987388611,0.456766039,0.0268234853,0.0157172792,-0.166559443,-0.0217255969,0.858243108,-1.96936381,0.709139287,0.176569343,-0.0587430261,-0.0274138711,0.901152253,-1.96549201,0.786269903,0.0543632209
-0.21932067,-0.316067129,0.716904163,0.0773339719,0.0384505689,-0.709020853,0.699878871,0,0,-0.0658283383,-1.43358457,-1.98969626,0.662044168,-0.662364781,-1.13566601,-1.04446292,0.131422058,-1.50747943,1.89162958,0.802479565,0.508904934,-1.26360428,0.99058044,0.433141202,0.0262652747,0.0123428907,-0.165694803,-0.0257380605,0.868361175,-1.94407547,0.69781512,0.176475391,-0.0570796803,-0.0164459888,0.908726335,-1.93995917,0.776580811,0.056288749
-0.219566792,-0.32130307,0.723049402,0.0796028376,0.0421980321,-0.707166016,0.701283872,0,0,-0.11007978,-1.44853842,-1.94533598,0.703079522,-0.656878173,-1.14175808,-1.04464233,0.166347533,-1.52878451,1.83292365,0.844110668,0.503012836,-1.26613891,0.994290769,0.416285127,0.0275047328,0.00584438583,-0.162987828,-0.0279061012,0.884819686,-1.93036711,0.686777294,0.174768195,-0.0552919805,-0.00860902946,0.921867788,-1.92633855,0.767252266,0.0574778616
-0.2198129,-0.32653898,0.729194641,0.0818699002,0.0459447205,-0.705293596,0.702671707,0,0,-0.154331222,-1.46349216,-1.9009757,0.744114876,-0.651391566,-1.14785028,-1.04482162,0.201273024,-1.55008948,1.77421784,0.885741711,0.497120738,-1.26867366,0.998001099,0.399429053,0.0287441928,-0.000654119649,-0.160280868,-0.0300741419,0.901278198,-1.91665876,0.675739467,0.173060998,-0.0535042807,-0.000772069616,0.935009241,-1.91271794,0.757923782,0.0586669706
-0.220059022,-0.33177489,0.73533988,0.084134981,0.0496903397,-0.703403711,0.704042196,0,0,-0.198582649,-1.47844601,-1.85661542,0.78515029,-0.645905018,-1.15394235,-1.04500103,0.236198485,-1.57139456,1.71551192,0.927372813,0.49122864,-1.27120841,1.00171137,0.382573009,0.0299836509,-0.0071526235,-0.157573894,-0.0322421826,0.917736769,-1.90295041,0.664701641,0.171353802,-0.051716581,0.00706488825,0.948150635,-1.89909732,0.748595238,0.0598560832
-0.220305145,-0.337010831,0.741485119,0.086397931,0.0534346364,-0.701496601,0.705395401,0,0,-0.242834091,-1.49339986,-1.81225514,0.826185644,-0.64041841,-1.16003454,-1.04518044,0.271123976,-1.59269953,1.65680599,0.969003916,0.485336542,-1.27374315,1.00542176,0.365716934,0.031223109,-0.0136511289,-0.154866934,-0.0344102234,0.93419528,-1.88924205,0.653663814,0.169646606,-0.0499288775,0.0149018494,0.961292088,-1.88547671,0.739266753,0.0610451922
-0.220551252,-0.342246741,0.747630358,0.0886585861,0.0571773201,-0.699572444,0.706731081,0,0,-0.287085533,-1.50835371,-1.76789486,0.867220998,-0.634931803,-1.16612661,-1.04535973,0.306049466,-1.61400461,1.59810007,1.01063502,0.479444414,-1.2762779,1.00913203,0.34886089,0.0324625671,-0.0201496352,-0.152159959,-0.0365782641,0.950653791,-1.8755337,0.642625988,0.167939425,-0.0481411777,0.0227388088,0.974433541,-1.87185609,0.729938209,0.0622343048
-0.22118783,-0.347730845,0.750867665,0.0900886655,0.0581494905,-0.698501289,0.707529962,0,0,-0.311383665,-1.52561355,-1.74033654,0.89545393,-0.631388724,-1.17105079,-1.04519367,0.325215578,-1.62880826,1.57123744,1.03628504,0.476472944,-1.27916491,1.01044667,0.334526122,0.0330069289,-0.0247295182,-0.150778249,-0.0365605801,0.962086141,-1.86833751,0.637285054,0.165981397,-0.0455156676,0.0277605373,0.982789397,-1.8634522,0.722535968,0.0606821999
-0.221881747,-0.353251427,0.753677726,0.0913966596,0.0587146357,-0.697554529,0.708249152,0,0,-0.332750618,-1.54321229,-1.71524644,0.921806097,-0.628131151,-1.17580342,-1.04497695,0.342066616,-1.64265692,1.54905248,1.05958736,0.473930508,-1.28210366,1.01140928,0.320561737,0.0334491804,-0.0290275514,-0.149591222,-0.0362218134,0.972780108,-1.86209798,0.632780969,0.163986534,-0.0427670777,0.0323687047,0.990442216,-1.8558147,0.71541667,0.0587274022
-0.222575665,-0.35877201,0.756487787,0.0927043557,0.0592795908,-0.696605444,0.708966017,0,0,-0.354117572,-1.56081092,-1.69015622,0.948158264,-0.624873579,-1.18055606,-1.04476011,0.358917654,-1.65650558,1.52686763,1.0828898,0.471388072,-1.28504252,1.01237202,0.306597382,0.0338914283,-0.0333255827,-0.148404181,-0.035883043,0.983474076,-1.85585845,0.628276885,0.161991671,-0.0400184914,0.0369768664,0.998095036,-1.84817719,0.708297372,0.0567726046
-0.223269597,-0.364292592,0.759297907,0.0940117165,0.05984433,-0.695653975,0.709680259,0,0,-0.375484526,-1.57840967,-1.66506612,0.974510491,-0.621616006,-1.18530869,-1.04454339,0.375768691,-1.67035425,1.50468278,1.10619211,0.468845636,-1.28798127,1.01333463,0.292632997,0.0343336798,-0.0376236178,-0.147217155,-0.0355442762,0.994168043,-1.84961891,0.62377286,0.159996808,-0.0372699015,0.0415850319,1.0057478,-1.84053969,0.701178074,0.0548178069
-0.223963514,-0.369813174,0.762107968,0.095318757,0.0604088679,-0.694700062,0.710392237,0,0,-0.39685148,-1.5960083,-1.63997602,1.00086272,-0.618358374,-1.19006133,-1.04432654,0.392619729,-1.68420291,1.48249793,1.12949443,0.466303229,-1.29092014,1.01429725,0.278668642,0.0347759314,-0.0419216529,-0.146030128,-0.0352055095,1.00486195,-1.84337938,0.619268775,0.158001944,-0.0345213152,0.0461932011,1.01340067,-1.83290219,0.694058716,0.052863013
-0.224616289,-0.374770135,0.764370203,0.095695816,0.0597314835,-0.694067657,0.711016655,0,0,-0.409719348,-1.61232197,-1.62239945,1.02580011,-0.615766585,-1.19455171,-1.04402936,0.402675748,-1.69603384,1.47180343,1.15070403,0.464632094,-1.29396284,1.01463223,0.264402866,0.0348509736,-0.0448774844,-0.144995958,-0.0343476869,1.01308393,-1.83831537,0.616055965,0.155601397,-0.031822037,0.0498577431,1.01920593,-1.82626116,0.688952386,0.0522999801
-0.225211382,-0.378936797,0.765864253,0.0947686955,0.0573124923,-0.693885267,0.711517692,0,0,-0.410669208,-1.62683344,-1.61535895,1.04875386,-0.614108324,-1.19867444,-1.04361916,0.403203368,-1.70503545,1.47722161,1.16897881,0.464182764,-1.29715133,1.01408696,0.249714494,0.0344110951,-0.0459511876,-0.14417617,-0.0327620171,1.01783955,-1.8348999,0.614653826,0.152631953,-0.0291919,0.0521990843,1.02242029,-1.82101738,0.686668754,0.0536885746
-0.225806475,-0.38310346,0.767358243,0.0938408971,0.0548930615,-0.693698108,0.7120139,0,0,-0.411619097,-1.6413449,-1.60831845,1.07170761,-0.612450063,-1.20279717,-1.04320896,0.403730989,-1.71403706,1.48263991,1.18725371,0.463733435,-1.30033994,1.0135417,0.235026106,0.0339712165,-0.0470248908,-0.143356368,-0.0311763491,1.02259517,-1.83148432,0.613251686,0.149662524,-0.0265617631,0.0545404218,1.02563465,-1.81577373,0.684385061,0.0550771691
-0.226401567,-0.387270123,0.768852234,0.092912443,0.0524732396,-0.693506002,0.712504983,0,0,-0.412568986,-1.65585649,-1.60127795,1.09466136,-0.610791862,-1.20691991,-1.04279876,0.404258639,-1.72303867,1.48805809,1.2055285,0.463284105,-1.30352843,1.01299644,0.220337719,0.033531338,-0.0480985977,-0.142536581,-0.0295906793,1.02735078,-1.82806885,0.611849606,0.146693081,-0.0239316281,0.0568817593,1.02884912,-1.81052995,0.682101429,0.0564657636
-0.22699666,-0.391436785,0.770346284,0.0919833407,0.0500530675,-0.693309069,0.712991178,0,0,-0.413518876,-1.67036796,-1.59423745,1.1176151,-0.609133601,-1.21104276,-1.04238856,0.404786259,-1.73204029,1.49347627,1.2238034,0.462834775,-1.30671692,1.01245117,0.205649331,0.0330914557,-0.0491723008,-0.141716778,-0.0280050095,1.0321064,-1.82465327,0.610447466,0.143723637,-0.0213014912,0.0592231005,1.03206348,-1.80528617,0.679817796,0.0578543544
-0.227591753,-0.395603448,0.771840274,0.09105362,0.0476326086,-0.693107367,0.713472307,0,0,-0.414468735,-1.68487954,-1.58719695,1.14056885,-0.60747534,-1.2151655,-1.04197836,0.405313879,-1.7410419,1.49889457,1.24207819,0.462385476,-1.30990541,1.01190591,0.190960959,0.0326515771,-0.0502460077,-0.140896991,-0.0264193416,1.03686202,-1.8212378,0.609045327,0.140754208,-0.0186713561,0.061564438,1.03527784,-1.80004251,0.677534103,0.0592429489
-0.227380961,-0.398604274,0.772763312,0.0899140388,0.0456954837,-0.691169441,0.715620279,0,0,-0.421744645,-1.69246066,-1.57871091,1.14790785,-0.606495678,-1.21599317,-1.04215407,0.413077563,-1.74701703,1.49838305,1.24522495,0.462152213,-1.31009305,1.01187754,0.177976176,0.0293776542,-0.0504648834,-0.137384906,-0.0255191457,1.03772414,-1.81841624,0.609842002,0.140147895,-0.0146995103,0.0624743998,1.03986096,-1.79696798,0.676654518,0.058619678
-0.227137133,-0.401557297,0.773662925,0.0887645781,0.0437774584,-0.68915087,0.717827022,0,0,-0.429279804,-1.69975781,-1.57016563,1.15460694,-0.605543792,-1.21668601,-1.04235375,0.42113775,-1.75286806,1.49762857,1.24775171,0.461927861,-1.31015778,1.01187027,0.165061206,0.0259875916,-0.0506487302,-0.133762479,-0.0246470384,1.03842676,-1.81561899,0.6107288,0.139638409,-0.0106726829,0.0633257031,1.04450023,-1.79398239,0.67583245,0.057913959
-0.226893321,-0.404510349,0.774562538,0.0876138732,0.0418587774,-0.687122643,0.720023751,0,0,-0.436814964,-1.70705497,-1.56162035,1.16130602,-0.604591906,-1.21737874,-1.04255342,0.429197967,-1.75871909,1.49687397,1.25027847,0.461703479,-1.31022251,1.01186299,0.152146235,0.022597529,-0.050832577,-0.130140066,-0.0237749331,1.03912938,-1.81282175,0.611615598,0.139128938,-0.00664585456,0.0641770065,1.04913938,-1.79099679,0.675010383,0.05720824
-0.226649493,-0.407463372,0.775462151,0.0864619389,0.0399395265,-0.685084879,0.722210407,0,0,-0.444350123,-1.71435213,-1.55307508,1.16800511,-0.60364002,-1.21807146,-1.04275322,0.437258154,-1.76457024,1.4961195,1.25280523,0.461479098,-1.31028724,1.01185572,0.139231279,0.0192074664,-0.0510164239,-0.126517653,-0.0229028277,1.039832,-1.8100245,0.612502396,0.138619468,-0.00261902623,0.0650283098,1.05377865,-1.78801119,0.674188316,0.0565025248
-0.22640568,-0.410416424,0.776361763,0.0853088573,0.0380197912,-0.683037698,0.72438705,0,0,-0.451885253,-1.72164929,-1.54452991,1.17470419,-0.602688134,-1.21876419,-1.0429529,0.445318371,-1.77042127,1.49536502,1.25533211,0.461254716,-1.31035185,1.01184845,0.126316309,0.0158174038,-0.0512002707,-0.122895233,-0.0220307205,1.0405345,-1.80722725,0.613389194,0.138109982,0.00140780106,0.0658796132,1.0584178,-1.7850256,0.673366249,0.0557968058
-0.225989893,-0.412875175,0.777000368,0.084139131,0.0370413139,-0.680709362,0.726762235,0,0,-0.461178124,-1.7286942,-1.53462172,1.18070519,-0.601712465,-1.21821117,-1.04318309,0.452762693,-1.77523816,1.4915241,1.25707483,0.46096459,-1.30943024,1.01214802,0.114344425,0.0117808376,-0.0518182255,-0.118083194,-0.0201201476,1.04136896,-1.80418956,0.613692224,0.138148293,0.00654838141,0.0679380223,1.06561577,-1.78251958,0.671413362,0.0539596677
-0.225405559,-0.41484943,0.777383208,0.0829529464,0.0369853862,-0.678104699,0.729331851,0,0,-0.472193927,-1.73549187,-1.52337778,1.18602204,-0.600713372,-1.2164371,-1.04344332,0.45960331,-1.77904141,1.48465765,1.25804913,0.460610032,-1.30754161,1.01274824,0.103296973,0.007110551,-0.0528617091,-0.112105064,-0.0171916373,1.04233277,-1.80091608,0.61342293,0.138723522,0.0127806906,0.0711796805,1.07532179,-1.78048348,0.668351948,0.0510134846
-0.224821225,-0.416823655,0.777765989,0.0817654878,0.036928907,-0.675490022,0.731890738,0,0,-0.483209729,-1.74228954,-1.51213372,1.19133902,-0.599714279,-1.21466303,-1.04370356,0.466443926,-1.78284454,1.47779119,1.25902343,0.460255474,-1.3056531,1.01334858,0.0922495127,0.00244026515,-0.053905189,-0.106126934,-0.0142631289,1.04329646,-1.79764259,0.613153696,0.139298767,0.0190129988,0.0744213387,1.08502793,-1.77844739,0.665290534,0.0480673015
-0.224236876,-0.41879791,0.77814883,0.0805768222,0.036871884,-0.672865272,0.734438777,0,0,-0.494225562,-1.74908721,-1.50088978,1.19665587,-0.598715246,-1.21288884,-1.04396367,0.473284543,-1.7866478,1.47092485,1.25999773,0.459900945,-1.30376446,1.0139488,0.08120206,-0.0022300214,-0.0549486689,-0.100148804,-0.0113346204,1.04426014,-1.7943691,0.612884402,0.139873996,0.0252453089,0.0776629969,1.09473395,-1.77641141,0.66222918,0.0451211147
-0.223652542,-0.420772165,0.778531611,0.0793869868,0.0368143134,-0.670230627,0.736975908,0,0,-0.505241334,-1.75588489,-1.48964572,1.20197272,-0.597716153,-1.21111476,-1.0442239,0.480125159,-1.79045093,1.4640584,1.26097202,0.459546387,-1.30187595,1.01454914,0.0701546073,-0.00690030679,-0.0559921525,-0.0941706747,-0.00840611197,1.04522383,-1.79109573,0.612615168,0.140449241,0.0314776152,0.0809046552,1.10444009,-1.77437532,0.659167767,0.0421749316
-0.223041251,-0.422722995,0.778882444,0.0781964734,0.0368386023,-0.667633355,0.739455283,0,0,-0.51615262,-1.76256943,-1.47835505,1.20724404,-0.596726477,-1.20928156,-1.04447985,0.486676365,-1.79418838,1.45705545,1.26179028,0.459201187,-1.29994869,1.01515746,0.0593640506,-0.0115684494,-0.0570088923,-0.0881148428,-0.0054823244,1.04618871,-1.78785121,0.612261593,0.140930712,0.0377572849,0.0841604248,1.1139847,-1.77251363,0.65635699,0.0393485613
-0.221910775,-0.424222767,0.778616726,0.0770134181,0.0384496152,-0.665936053,0.741026103,0,0,-0.525050461,-1.7670753,-1.46616507,1.21163797,-0.595917165,-1.20631027,-1.04465497,0.48765257,-1.79666054,1.44742346,1.25960374,0.459036201,-1.29727626,1.01592052,0.0535219498,-0.016195301,-0.0575105213,-0.080562301,-0.00264949165,1.04717743,-1.78516412,0.610284388,0.139606133,0.0449491888,0.0876880288,1.1204195,-1.77401245,0.658373475,0.0388301015
-0.220780298,-0.425722539,0.778351068,0.0758296251,0.040060319,-0.664232612,0.742590189,0,0,-0.533948243,-1.77158117,-1.45397508,1.21603191,-0.595107853,-1.20333898,-1.04483008,0.488628775,-1.79913259,1.43779135,1.2574172,0.458871216,-1.29460394,1.01668358,0.047679849,-0.0208221544,-0.058012154,-0.0730097517,0.000183341341,1.04816616,-1.78247714,0.608307242,0.138281569,0.0521410964,0.0912156403,1.12685418,-1.77551115,0.66038996,0.0383116417
-0.219649807,-0.427222341,0.778085351,0.074645102,0.0416706726,-0.662522912,0.744147301,0,0,-0.542846084,-1.77608705,-1.44178498,1.22042584,-0.594298542,-1.20036769,-1.04500508,0.48960498,-1.80160463,1.42815936,1.25523055,0.45870623,-1.29193163,1.01744664,0.0418377444,-0.0254490059,-0.0585137829,-0.0654572099,0.00301617477,1.04915488,-1.77979004,0.606330037,0.13695699,0.0593330003,0.0947432443,1.13328898,-1.77700984,0.662406504,0.0377931781
-0.21851933,-0.428722113,0.777819693,0.0734598786,0.0432806201,-0.660807014,0.745697379,0,0,-0.551743925,-1.7805928,-1.42959499,1.22481978,-0.59348923,-1.19739652,-1.0451802,0.490581185,-1.80407667,1.41852725,1.25304401,0.458541244,-1.28925931,1.0182097,0.0359956436,-0.0300758574,-0.0590154156,-0.0579046644,0.00584900705,1.0501436,-1.77710295,0.604352891,0.135632411,0.0665249079,0.0982708484,1.13972366,-1.77850866,0.664422989,0.0372747183
-0.217388853,-0.430221915,0.777553976,0.0722740144,0.0448901318,-0.659085035,0.747240543,0,0,-0.560641706,-1.78509867,-1.41740501,1.22921371,-0.592679977,-1.19442523,-1.0453552,0.491557419,-1.80654883,1.40889525,1.25085747,0.458376259,-1.286587,1.01897275,0.0301535409,-0.0347027108,-0.0595170446,-0.0503521189,0.00868184026,1.0511322,-1.77441597,0.602375686,0.134307832,0.0737168118,0.10179846,1.14615846,-1.78000736,0.666439533,0.0367562547
-0.216313884,-0.431547403,0.77705425,0.0718948096,0.0464815497,-0.657798707,0.748312533,0,0,-0.568890452,-1.78866887,-1.40796852,1.23116577,-0.592131913,-1.19224751,-1.045488,0.49040699,-1.8085072,1.40327287,1.24927688,0.458228558,-1.28508353,1.01951909,0.0259113554,-0.0387016088,-0.0591820702,-0.0435846522,0.00970697496,1.05549061,-1.77280331,0.597850859,0.132159024,0.0782961696,0.104229972,1.14740407,-1.78289115,0.67248714,0.0376934931
-0.215276912,-0.432753652,0.776394367,0.072067678,0.0480606779,-0.656811297,0.749063015,0,0,-0.576694965,-1.7915988,-1.40041649,1.23144698,-0.591762722,-1.19061279,-1.04559183,0.487801284,-1.81011403,1.40039432,1.24811089,0.45809266,-1.28438008,1.01991713,0.0227640215,-0.0422707908,-0.0582745932,-0.0373544283,0.00949506741,1.06215477,-1.77192569,0.591582537,0.129446149,0.0810877159,0.105911411,1.14509869,-1.7867229,0.681293309,0.0396268889
-0.21423994,-0.433959901,0.775734544,0.0722402707,0.0496396348,-0.655821264,0.749810517,0,0,-0.584499478,-1.79452872,-1.39286435,1.2317282,-0.59139353,-1.18897808,-1.04569566,0.485195577,-1.81172085,1.39751577,1.24694502,0.457956761,-1.28367651,1.02031505,0.0196166877,-0.0458399728,-0.0573671125,-0.0311242025,0.00928316079,1.06881905,-1.77104819,0.585314214,0.126733288,0.0838792622,0.107592858,1.1427933,-1.79055452,0.690099537,0.0415602885
-0.213202968,-0.43516615,0.775074661,0.0724125579,0.0512183867,-0.654828489,0.750554919,0,0,-0.592303991,-1.79745865,-1.38531232,1.23200929,-0.591024339,-1.18734348,-1.04579949,0.482589841,-1.81332767,1.39463723,1.24577904,0.457820833,-1.28297305,1.02071309,0.0164693538,-0.0494091511,-0.0564596355,-0.0248939786,0.00907125417,1.0754832,-1.77017069,0.579045951,0.124020435,0.086670801,0.109274298,1.14048791,-1.79438627,0.698905706,0.0434936844
-0.212165996,-0.436372399,0.774414778,0.072584562,0.0527969226,-0.653833151,0.751296401,0,0,-0.600108564,-1.80038857,-1.37776017,1.23229051,-0.590655148,-1.18570876,-1.04590321,0.479984134,-1.81493449,1.39175868,1.24461305,0.457684934,-1.2822696,1.02111101,0.013322019,-0.0529783331,-0.0555521548,-0.0186637528,0.00885934662,1.08214748,-1.76929319,0.572777629,0.121307567,0.0894623473,0.110955738,1.13818252,-1.79821789,0.707711935,0.045427084
-0.211209431,-0.437482893,0.773664534,0.072896786,0.0543657839,-0.652845979,0.752012372,0,0,-0.607239127,-1.803177,-1.37060225,1.23209679,-0.590330243,-1.18426096,-1.04599011,0.477214247,-1.81646371,1.38966382,1.24318874,0.457578301,-1.28172112,1.02144003,0.0103006978,-0.0563878305,-0.0544531345,-0.012342032,0.00837413315,1.08981848,-1.7687192,0.566653609,0.118144847,0.0915026292,0.112477131,1.13487959,-1.80231833,0.716648638,0.0475434922
-0.210754827,-0.437995851,0.772350192,0.0740860254,0.0558755212,-0.651923597,0.75258553,0,0,-0.610162616,-1.80508149,-1.36590469,1.2289387,-0.590282083,-1.18397951,-1.04597104,0.473419398,-1.8175081,1.39246094,1.24015176,0.457654268,-1.28214109,1.02133858,0.00806601997,-0.0588004962,-0.0521583706,-0.00544913718,0.00618276466,1.10377467,-1.7700398,0.561430097,0.112173818,0.0888530537,0.112999409,1.12534964,-1.80809641,0.726400197,0.0508023649
-0.210300237,-0.438508809,0.77103585,0.0752749145,0.0573850088,-0.650997996,0.753154993,0,0,-0.613086045,-1.80698586,-1.36120725,1.22578073,-0.590233862,-1.18369806,-1.04595196,0.469624549,-1.81855249,1.39525807,1.23711479,0.457730234,-1.28256106,1.02123713,0.00583134312,-0.0612131581,-0.0498636104,0.00144375768,0.00399139663,1.11773086,-1.7713604,0.556206584,0.106202796,0.0862034708,0.113521695,1.11581969,-1.81387436,0.736151755,0.0540612414
-0.209845647,-0.439021736,0.769721448,0.0764634311,0.058894217,-0.650069177,0.75372076,0,0,-0.616009533,-1.80889034,-1.35650969,1.22262263,-0.590185642,-1.1834166,-1.04593289,0.4658297,-1.81959701,1.3980552,1.23407769,0.4578062,-1.28298104,1.02113557,0.00359666557,-0.0636258274,-0.0475688502,0.00833665207,0.00180002884,1.13168705,-1.772681,0.550983071,0.100231767,0.0835538954,0.114043973,1.10628974,-1.81965244,0.745903313,0.057320118
-0.209391057,-0.439534694,0.768407106,0.0776515827,0.0604031384,-0.649137199,0.754282892,0,0,-0.618932962,-1.81079483,-1.35181212,1.21946454,-0.590137482,-1.18313515,-1.04591382,0.462034851,-1.8206414,1.40085232,1.23104072,0.457882166,-1.28340101,1.02103412,0.0013619879,-0.0660384893,-0.0452740863,0.0152295483,-0.000391339534,1.14564323,-1.7740016,0.545759559,0.0942607448,0.0809043124,0.114566259,1.0967598,-1.82543039,0.755654871,0.0605789945
-0.208936453,-0.440047622,0.767092764,0.0788393319,0.0619117469,-0.648202121,0.754841268,0,0,-0.621856451,-1.81269932,-1.34711456,1.21630645,-0.590089262,-1.1828537,-1.04589474,0.458240002,-1.82168591,1.40364945,1.22800374,0.457958132,-1.28382099,1.02093256,-0.000872689066,-0.0684511513,-0.0429793261,0.0221224427,-0.00258270721,1.15959942,-1.7753222,0.540536046,0.0882897153,0.078254737,0.115088545,1.08722973,-1.83120847,0.76540637,0.063837871
-0.208591178,-0.440623492,0.765356302,0.079858914,0.0628307983,-0.647392035,0.755353212,0,0,-0.620615363,-1.81414473,-1.34371364,1.21492851,-0.590074301,-1.18358827,-1.04594588,0.456769675,-1.8224808,1.40677333,1.2244575,0.458106846,-1.28430367,1.02066553,-0.00204165187,-0.0698863342,-0.0436632074,0.027773086,-0.00489421282,1.16746676,-1.77933097,0.540800869,0.0807637051,0.0741712898,0.115396149,1.07439339,-1.83930504,0.770648539,0.0661136881
-0.208296761,-0.441228628,0.763423383,0.0808002427,0.063475512,-0.646640003,0.755843282,0,0,-0.617436349,-1.81537652,-1.34091604,1.21437883,-0.590074778,-1.1847955,-1.04602981,0.456381053,-1.82315969,1.41004932,1.2206744,0.458289474,-1.28481567,1.02032137,-0.0027146847,-0.0708666369,-0.0457331948,0.0328456499,-0.00726162363,1.17250073,-1.78459084,0.543619692,0.0725140795,0.0694205835,0.115603864,1.06001818,-1.8484807,0.773792267,0.0679320395
-0.208002359,-0.441833764,0.761490464,0.0817413852,0.064120084,-0.645886421,0.756331742,0,0,-0.614257336,-1.81660819,-1.33811855,1.21382928,-0.590075314,-1.18600285,-1.04611373,0.45599243,-1.82383871,1.41332543,1.21689117,0.458472073,-1.28532755,1.01997721,-0.00338771753,-0.0718469471,-0.0478031822,0.03791821,-0.00962903444,1.17753458,-1.78985059,0.546438456,0.0642644465,0.0646698847,0.115811579,1.04564309,-1.85765636,0.776935935,0.0697503909
-0.207707942,-0.44243893,0.759557545,0.0826823711,0.064764522,-0.645131648,0.756818593,0,0,-0.611078322,-1.81783998,-1.33532095,1.2132796,-0.59007585,-1.1872102,-1.04619753,0.455603808,-1.82451761,1.41660142,1.21310806,0.458654672,-1.28583944,1.01963294,-0.00406075036,-0.0728272572,-0.0498731732,0.0429907739,-0.0119964452,1.18256855,-1.79511034,0.549257219,0.0560148209,0.0599191859,0.116019286,1.031268,-1.86683202,0.780079663,0.0715687424
-0.207413539,-0.443044066,0.757624626,0.0836231709,0.0654088184,-0.644375443,0.757303834,0,0,-0.607899249,-1.81907177,-1.33252335,1.21273005,-0.590076327,-1.18841755,-1.04628146,0.455215186,-1.8251965,1.41987741,1.20932496,0.458837271,-1.28635132,1.01928878,-0.00473378319,-0.0738075599,-0.0519431606,0.0480633341,-0.0143638561,1.1876024,-1.8003701,0.552076042,0.0477651954,0.0551684834,0.116227001,1.01689291,-1.87600768,0.783223331,0.0733870864
-0.207162857,-0.443769306,0.755796552,0.0841714367,0.065728955,-0.64419961,0.757364988,0,0,-0.604241669,-1.82020724,-1.32973289,1.21120322,-0.590210438,-1.18917739,-1.04632688,0.454700798,-1.82582152,1.4226594,1.2048198,0.45914042,-1.28650498,1.01892364,-0.00368522317,-0.0742297322,-0.0541541167,0.0521419868,-0.0165877342,1.1867851,-1.8062073,0.558150411,0.0402046852,0.0507932156,0.116171218,0.999016464,-1.88449478,0.786537826,0.0750482678
-0.207061291,-0.44490397,0.754325926,0.0833816305,0.0649440065,-0.646004021,0.755981982,0,0,-0.598952472,-1.82101405,-1.3269664,1.2063446,-0.590800047,-1.18841147,-1.04624104,0.453757733,-1.82626271,1.42375672,1.19785309,0.459854454,-1.28543735,1.01848686,0.00323285186,-0.0727490038,-0.0568456762,0.0528320447,-0.0183222611,1.16601872,-1.814013,0.575324357,0.0349936187,0.0476979204,0.11521709,0.969202638,-1.89063454,0.790434718,0.0761735961
-0.206959724,-0.446038663,0.752855301,0.0825912729,0.0641586334,-0.64780426,0.754594028,0,0,-0.593663216,-1.82182074,-1.32419991,1.20148611,-0.591389656,-1.18764567,-1.04615533,0.452814668,-1.82670403,1.42485416,1.19088638,0.460568488,-1.28436971,1.01805019,0.0101509271,-0.0712682754,-0.0595372394,0.0535221063,-0.0200567879,1.14525235,-1.82181871,0.592498302,0.0297825523,0.0446026213,0.114262953,0.939388812,-1.89677417,0.79433161,0.0772989243
-0.206858158,-0.447173357,0.751384616,0.0818003714,0.0633728355,-0.649600387,0.753201127,0,0,-0.588374019,-1.82262754,-1.32143342,1.1966275,-0.591979265,-1.18687975,-1.0460695,0.451871574,-1.82714534,1.42595148,1.18391967,0.461282521,-1.28330207,1.01761341,0.0170690026,-0.069787547,-0.0622288026,0.0542121679,-0.0217913147,1.12448597,-1.82962441,0.609672248,0.024571484,0.0415073261,0.113308825,0.909574986,-1.90291381,0.798228502,0.07842426
-0.206756592,-0.448308021,0.74991399,0.0810089558,0.0625866428,-0.651392341,0.751803577,0,0,-0.583084822,-1.82343435,-1.31866693,1.191769,-0.592568815,-1.18611395,-1.04598367,0.450928509,-1.82758653,1.42704892,1.17695284,0.461996585,-1.28223443,1.01717663,0.0239870772,-0.0683068186,-0.0649203584,0.0549022257,-0.0235258415,1.10371971,-1.83743,0.626846194,0.0193604175,0.0384120308,0.112354696,0.879761159,-1.90905344,0.802125394,0.0795495883
-0.206655025,-0.449442714,0.748443305,0.0802170336,0.0618000627,-0.653180063,0.75040108,0,0,-0.577795625,-1.82424104,-1.31590044,1.18691039,-0.593158424,-1.18534803,-1.04589796,0.449985445,-1.82802784,1.42814624,1.16998613,0.462710619,-1.28116679,1.01673985,0.0309051536,-0.0668260977,-0.0676119253,0.0555922873,-0.0252603684,1.08295333,-1.84523571,0.64402014,0.0141493492,0.0353167355,0.111400567,0.849947333,-1.9151932,0.806022286,0.0806749165
-0.206344664,-0.450143844,0.750234425,0.076315701,0.0586684979,-0.66005981,0.745020211,0,0,-0.582448244,-1.82483006,-1.32123506,1.17924011,-0.593092859,-1.18278885,-1.04584599,0.450335503,-1.82834888,1.42179966,1.16669869,0.463524699,-1.27946663,1.01624143,0.0350275747,-0.0661152229,-0.0714303181,0.0558312014,-0.0140431793,1.05146301,-1.84033215,0.650211573,0.0132162953,0.0382911116,0.107839532,0.827279985,-1.90391505,0.806310713,0.0788966715
-0.205972359,-0.450716347,0.752993464,0.0714790523,0.0548313074,-0.668366969,0.738356173,0,0,-0.590051353,-1.82535446,-1.32897365,1.17073524,-0.592832863,-1.17969739,-1.04580402,0.451069295,-1.82863414,1.41324389,1.1645031,0.464368463,-1.27757895,1.01572454,0.0383203439,-0.0656328201,-0.0755831152,0.0559362359,0.00101761473,1.01679027,-1.83165681,0.653143704,0.0135528017,0.0430667512,0.103504866,0.806733489,-1.8874681,0.805528283,0.0762567595
-0.205600038,-0.451288819,0.755752504,0.0666301623,0.050984703,-0.676575303,0.73157829,0,0,-0.597654402,-1.82587886,-1.33671236,1.16223049,-0.592572808,-1.17660594,-1.04576206,0.451803118,-1.82891953,1.40468812,1.1623075,0.465212256,-1.27569115,1.01520777,0.0416131131,-0.0651504174,-0.0797359124,0.0560412668,0.0160784107,0.982117534,-1.8229816,0.656075895,0.0138893081,0.0478423871,0.0991701931,0.786186993,-1.87102103,0.804745793,0.0736168399
-0.205227733,-0.451861322,0.758511543,0.0617712438,0.0471304208,-0.684680879,0.724689662,0,0,-0.605257452,-1.82640326,-1.34445107,1.15372574,-0.592312813,-1.1735146,-1.04572022,0.452536911,-1.8292048,1.39613235,1.16011202,0.466056019,-1.27380335,1.01469088,0.0449058823,-0.0646680146,-0.0838887095,0.0561463013,0.0311392024,0.947444797,-1.81430626,0.659008086,0.0142258145,0.052618023,0.0948355272,0.765640438,-1.85457408,0.803963363,0.0709769279
-0.204855412,-0.452433795,0.761270583,0.0569044948,0.0432702079,-0.69268018,0.717693388,0,0,-0.612860501,-1.82692766,-1.35218966,1.14522099,-0.592052817,-1.17042315,-1.04567826,0.453270733,-1.82949018,1.38757658,1.15791643,0.466899782,-1.27191556,1.0141741,0.0481986515,-0.0641856119,-0.0880415067,0.0562513322,0.0461999997,0.912772059,-1.80563104,0.661940217,0.0145623209,0.0573936626,0.090500854,0.745093942,-1.83812702,0.803180933,0.0683370084
-0.204626247,-0.453015476,0.763602614,0.0524556004,0.0397676639,-0.700174451,0.710930943,0,0,-0.619259596,-1.82739413,-1.3585614,1.13876033,-0.591769397,-1.16706538,-1.04567075,0.454952002,-1.82974446,1.37921011,1.15507782,0.468013823,-1.26959097,1.01347327,0.0523104407,-0.0642507747,-0.0905833617,0.0577084757,0.0601364262,0.879258215,-1.7974571,0.665000677,0.0147926603,0.0624956787,0.0854272619,0.725206673,-1.82515359,0.803441167,0.0660289079
-0.204707637,-0.453617096,0.76500839,0.0489194579,0.0370456353,-0.706728697,0.704818487,0,0,-0.623046756,-1.82773507,-1.36196756,1.13673413,-0.591435313,-1.16313004,-1.04573786,0.458688796,-1.82993138,1.37125468,1.15084434,0.469714165,-1.2663188,1.01237345,0.0581990741,-0.0655038729,-0.0896303058,0.0620989837,0.0716335624,0.848258674,-1.79037106,0.668339372,0.0147926733,0.0683057755,0.0787505805,0.706749618,-1.81971586,0.805963457,0.06444069
-0.204789013,-0.454218745,0.766414106,0.0453774147,0.0343191251,-0.71321404,0.698633611,0,0,-0.626833916,-1.82807589,-1.36537361,1.13470805,-0.59110117,-1.15919459,-1.04580498,0.46242556,-1.83011842,1.36329913,1.14661074,0.471414506,-1.2630465,1.01127362,0.0640877038,-0.0667569786,-0.0886772573,0.0664894879,0.0831306949,0.817259073,-1.7832849,0.671678066,0.0147926854,0.0741158724,0.0720738992,0.688292563,-1.81427813,0.808485806,0.0628524646
-0.204870403,-0.454820365,0.767819881,0.0418305248,0.0315889493,-0.719628334,0.692378163,0,0,-0.630621076,-1.82841671,-1.36877978,1.13268197,-0.590767026,-1.15525925,-1.04587209,0.466162354,-1.83030534,1.3553437,1.14237726,0.473114818,-1.25977421,1.01017368,0.0699763373,-0.0680100769,-0.0877242014,0.0708799958,0.0946278349,0.786259472,-1.77619874,0.675016761,0.0147926984,0.0799259618,0.0653972179,0.669835508,-1.80884051,0.811008155,0.0612642393
-0.204951778,-0.455421984,0.769225597,0.0382798612,0.0288559273,-0.725969732,0.686054051,0,0,-0.634408236,-1.82875764,-1.37218583,1.13065588,-0.590432882,-1.1513238,-1.04593921,0.469899118,-1.83049238,1.34738815,1.13814366,0.47481516,-1.25650191,1.00907385,0.0758649707,-0.0692631751,-0.0867711529,0.0752705038,0.106124967,0.755259871,-1.76911259,0.678355515,0.0147927115,0.0857360587,0.0587205403,0.651378453,-1.80340278,0.813530445,0.0596760139
-0.205033168,-0.456023604,0.770631373,0.0347264856,0.0261208769,-0.732236207,0.679663062,0,0,-0.638195395,-1.82909846,-1.37559199,1.1286298,-0.590098798,-1.14738846,-1.04600632,0.473635912,-1.8306793,1.33943272,1.13391018,0.476515502,-1.25322974,1.00797403,0.0817536041,-0.0705162808,-0.085818097,0.0796610117,0.117622107,0.724260271,-1.76202655,0.68169421,0.0147927236,0.0915461555,0.0520438589,0.632921457,-1.79796505,0.816052794,0.0580877922
-0.205075085,-0.456401318,0.770441294,0.033071138,0.0242487583,-0.736661375,0.675017238,0,0,-0.639134645,-1.82933629,-1.37799203,1.12671542,-0.589974463,-1.14542174,-1.04605007,0.474942505,-1.83081007,1.33579803,1.1292454,0.477821767,-1.25175631,1.00689447,0.0878509358,-0.0721471012,-0.0848780349,0.0830998868,0.126307294,0.703458607,-1.7600677,0.686704576,0.014871547,0.0951404721,0.0477853157,0.621962607,-1.79820621,0.819315672,0.0581260696
-0.20511058,-0.456742555,0.769991159,0.0317238495,0.0225162413,-0.740766168,0.670635581,0,0,-0.639609754,-1.8295573,-1.38022804,1.12481928,-0.5898844,-1.1437757,-1.04608989,0.475853056,-1.83093154,1.33286762,1.12451041,0.479063809,-1.25057602,1.00581813,0.0939822868,-0.0738394856,-0.0839400962,0.0863836706,0.13453424,0.684318841,-1.75894451,0.691987395,0.0149632143,0.0983736962,0.0439208485,0.612225711,-1.79937291,0.822699189,0.05842942
-0.205146089,-0.457083791,0.769540966,0.0303751733,0.0207826868,-0.74484098,0.666226268,0,0,-0.640084922,-1.82977831,-1.38246417,1.12292314,-0.589794338,-1.14212978,-1.04612982,0.476763636,-1.83105314,1.32993722,1.11977541,0.480305851,-1.24939585,1.00474191,0.100113638,-0.0755318701,-0.0830021501,0.0896674544,0.142761171,0.665179133,-1.75782132,0.697270215,0.0150548816,0.101606913,0.0400563814,0.602488816,-1.80053961,0.826082706,0.0587327667
-0.205181584,-0.457425028,0.769090831,0.0290252641,0.0190482959,-0.748885214,0.661789715,0,0,-0.640560031,-1.82999933,-1.38470018,1.12102699,-0.589704275,-1.14048386,-1.04616976,0.477674186,-1.83117461,1.32700682,1.11504042,0.481547892,-1.24821556,1.00366557,0.106244989,-0.0772242546,-0.0820642039,0.0929512382,0.150988102,0.646039367,-1.75669813,0.702552974,0.0151465479,0.10484013,0.0361919105,0.59275192,-1.80170631,0.829466224,0.0590361133
-0.205217078,-0.457766265,0.768640637,0.0276742969,0.0173132904,-0.752898633,0.657326519,0,0,-0.64103514,-1.83022034,-1.38693631,1.11913085,-0.589614153,-1.13883793,-1.04620969,0.478584737,-1.83129621,1.32407629,1.11030543,0.482789963,-1.24703526,1.00258934,0.11237634,-0.0789166391,-0.0811262652,0.0962350294,0.159215048,0.6268996,-1.75557494,0.707835793,0.0152382152,0.108073354,0.0323274434,0.583015025,-1.80287302,0.832849741,0.05933946
-0.205238223,-0.457969546,0.768372476,0.0268689916,0.0162794162,-0.755274653,0.654655039,0,0,-0.641318202,-1.83035207,-1.38826847,1.11800122,-0.589560509,-1.13785732,-1.04623342,0.479127228,-1.83136857,1.32233047,1.10748446,0.483529925,-1.24633217,1.00194812,0.116029218,-0.0799249113,-0.0805674642,0.0981914103,0.164116412,0.615496695,-1.75490582,0.710983157,0.015292828,0.109999612,0.0300251059,0.577214062,-1.80356812,0.83486557,0.059520185
-0.205238223,-0.457969546,0.768372476,0.0268689916,0.0162794162,-0.755274653,0.654655039,0,0,-0.641318202,-1.83035207,-1.38826847,1.11800122,-0.589560509,-1.13785732,-1.04623342,0.479127228,-1.83136857,1.32233047,1.10748446,0.483529925,-1.24633217,1.00194812,0.116029218,-0.0799249113,-0.0805674642,0.0981914103,0.164116412,0.615496695,-1.75490582,0.710983157,0.015292828,0.109999612,0.0300251059,0.577214062,-1.80356812,0.83486557,0.059520185
-0.205238223,-0.457969546,0.768372476,0.0268689916,0.0162794162,-0.755274653,0.654655039,0,0,-0.641318202,-1.83035207,-1.38826847,1.11800122,-0.589560509,-1.13785732,-1.04623342,0.479127228,-1.83136857,1.32233047,1.10748446,0.483529925,-1.24633217,1.00194812,0.116029218,-0.0799249113,-0.0805674642,0.0981914103,0.164116412,0.615496695,-1.75490582,0.710983157,0.015292828,0.109999612,0.0300251059,0.577214062,-1.80356812,0.83486557,0.059520185
-0.205238223,-0.457969546,0.768372476,0.0268689916,0.0162794162,-0.755274653,0.654655039,0,0,-0.641318202,-1.83035207,-1.38826847,1.11800122,-0.589560509,-1.13785732,-1.04623342,0.479127228,-1.83136857,1.32233047,1.10748446,0.483529925,-1.24633217,1.00194812,0.116029218,-0.0799249113,-0.0805674642,0.0981914103,0.164116412,0.615496695,-1.75490582,0.710983157,0.015292828,0.109999612,0.0300251059,0.577214062,-1.80356812,0.83486557,0.059520185
