0.04013235121965408,-0.41050955653190613,1.0598375797271729,0.2353910207748413,-0.02392664924263954,-0.31389859318733215,0.9195032715797424,0.0,0.0,0.03920307755470276,-0.6816481351852417,-0.013052377849817276,1.6986451663796942e-17,-0.0024738390929996967,-0.0325748510658741,-0.013635348528623581,-0.09674956649541855,-0.32328441739082336,-0.048925694078207016,1.7185372057503694e-17,-0.035237547010183334,0.17440606653690338,-0.08941469341516495,0.07329321652650833,-0.26989585161209106,-0.4934154748916626,-0.1389196664094925,-0.14097240567207336,-0.08345776796340942,-0.06400506943464279,-0.02246003970503807,0.033100176602602005,-0.06705982983112335,-0.15865583717823029,0.08319084346294403,0.040057092905044556,0.0030355697963386774,0.026170145720243454
0.024062734097242355,-0.41499486565589905,1.0658161640167236,0.2781129777431488,-0.04650126397609711,-0.3340826630592346,0.8993772864341736,0.0,0.0,0.0603644922375679,-0.8755830526351929,-0.021206393837928772,1.3218721728595481e-17,-0.007900064811110497,-0.06459450721740723,-0.017732813954353333,-0.11432652175426483,-0.37848415970802307,-0.048398006707429886,1.1334222313464923e-17,-0.0326521098613739,0.16497722268104553,-0.10097762197256088,0.083876833319664,-0.3492143154144287,-0.5072309970855713,-0.151381716132164,-0.14801646769046783,-0.057446930557489395,-0.05522727221250534,-0.0227744709700346,0.03252789005637169,-0.08003807067871094,-0.16417239606380463,0.0765819102525711,0.03744153678417206,0.004464718978852034,0.031027719378471375
-0.008618243038654327,-0.42432746291160583,1.0705068111419678,0.336018830537796,-0.08034304529428482,-0.362596333026886,0.8655404448509216,0.0,0.0,0.0795966386795044,-1.1320509910583496,-0.028588099405169487,-3.982227794203812e-18,-0.011757053434848785,-0.09547463059425354,-0.023656679317355156,-0.15072423219680786,-0.4745531678199768,-0.049811363220214844,1.1481695381793327e-17,-0.029331453144550323,0.14562638103961945,-0.11035454273223877,0.09172292053699493,-0.4552372992038727,-0.49713194370269775,-0.15948361158370972,-0.14726832509040833,-0.023475125432014465,-0.045018650591373444,-0.02551438845694065,0.0260368250310421,-0.0871184691786766,-0.15867969393730164,0.07806526124477386,0.04216625541448593,0.011932223103940487,0.03687705844640732
-0.040125034749507904,-0.3781859278678894,1.082425832748413,0.3378864824771881,-0.1629525125026703,-0.44911110401153564,0.8109121322631836,0.0,0.0,0.09350555390119553,-1.3251283168792725,-0.04737410694360733,0.03807714581489563,-0.021784624084830284,-0.13631045818328857,-0.03347007930278778,-0.3273996114730835,-0.6854421496391296,-0.062414541840553284,5.979895029708669e-18,-0.024265103042125702,0.09689635038375854,-0.10840977728366852,0.05164186656475067,-0.5402497053146362,-0.3679172098636627,-0.1647498458623886,-0.1043786033987999,0.014983328990638256,-0.0779651403427124,-0.05831362307071686,0.01347273588180542,-0.09642422199249268,-0.11140378564596176,0.05879252776503563,0.03216705471277237,0.009091596119105816,0.04250754043459892
-0.03897923603653908,-0.3305699825286865,1.0801849365234375,0.2544257640838623,-0.22225558757781982,-0.5243889093399048,0.7815921902656555,0.0,0.0,0.06160345673561096,-1.4027687311172485,-0.058567777276039124,0.1521255522966385,-0.02634640783071518,-0.2152739316225052,-0.05563889443874359,-0.5061303377151489,-0.8578813076019287,-0.07537819445133209,0.023562520742416382,-0.016156243160367012,0.011211875826120377,-0.09875447303056717,0.0012755170464515686,-0.5148899555206299,-0.24125513434410095,-0.15710456669330597,-0.055704839527606964,0.011068366467952728,-0.23322397470474243,-0.03427669405937195,0.02681014873087406,-0.08591055124998093,-0.07714179158210754,-0.023107409477233887,-0.033551014959812164,0.02461983636021614,0.05442911386489868
-0.03828144073486328,-0.29945632815361023,1.0578590631484985,0.14999715983867645,-0.23627199232578278,-0.5652472376823425,0.7759974002838135,0.0,0.0,-0.02370382845401764,-1.462205171585083,-0.038962747901678085,0.3414192199707031,-0.022051719948649406,-0.3325490951538086,-0.09810063987970352,-0.6323820352554321,-0.9573044776916504,-0.0771094411611557,0.11316023766994476,-0.003995620645582676,-0.12178777903318405,-0.07329052686691284,0.02206779457628727,-0.38596951961517334,-0.1818220019340515,-0.16320013999938965,0.001095350831747055,-0.033357180655002594,-0.480648398399353,0.09127520024776459,0.05336320400238037,-0.09705173969268799,-0.04780811443924904,-0.1228555291891098,-0.2060195654630661,0.10934560000896454,0.06388866901397705
-0.03430086374282837,-0.2806028723716736,1.0198488235473633,0.059315767139196396,-0.22836285829544067,-0.5781736969947815,0.7810551524162292,0.0,0.0,-0.09358157962560654,-1.5311253070831299,-0.005392499268054962,0.6642656326293945,-0.02025773376226425,-0.46368587017059326,-0.14887133240699768,-0.7669491767883301,-1.0731099843978882,-0.04518512263894081,0.27313879132270813,0.017483120784163475,-0.29805082082748413,-0.03633825108408928,0.04870735853910446,-0.26191145181655884,-0.18465197086334229,-0.1671655774116516,0.04648540914058685,-0.05601092427968979,-0.7252115607261658,0.25253522396087646,0.07792595028877258,-0.10432040691375732,-0.02144528552889824,-0.13772177696228027,-0.4761863648891449,0.26177746057510376,0.0728650689125061
-0.028984390199184418,-0.27508437633514404,0.9758388996124268,0.0030556563287973404,-0.20970147848129272,-0.5746195316314697,0.791093111038208,0.0,0.0,-0.16106292605400085,-1.5875709056854248,0.05556941032409668,1.0906248092651367,-0.019359547644853592,-0.5692462921142578,-0.19667625427246094,-0.8385087251663208,-1.2095539569854736,0.01835785247385502,0.5484506487846375,0.045442525297403336,-0.48601365089416504,0.008424906060099602,0.03647009655833244,-0.17572015523910522,-0.20995181798934937,-0.1697431206703186,0.06089659035205841,0.027088232338428497,-0.970694899559021,0.40573596954345703,0.095352903008461,-0.09797416627407074,-0.004707545042037964,-0.03376253321766853,-0.7721405625343323,0.4250122606754303,0.0803014412522316
-0.022718343883752823,-0.27536696195602417,0.9380598068237305,-0.01712038926780224,-0.17215915024280548,-0.5778102278709412,0.7976236343383789,0.0,0.0,-0.2316942662000656,-1.5833157300949097,0.13138073682785034,1.434954285621643,-0.018596980720758438,-0.637507438659668,-0.23930753767490387,-0.8002662658691406,-1.313186526298523,0.07664219290018082,0.9062739610671997,0.07282033562660217,-0.6406211853027344,0.05059316009283066,0.0010225791484117508,-0.11058347672224045,-0.22052448987960815,-0.16302931308746338,0.05805554240942001,0.22719638049602509,-1.1865406036376953,0.5056935548782349,0.10701146721839905,-0.07841040194034576,0.01391566451638937,0.18253891170024872,-1.0371631383895874,0.5432246923446655,0.08568167686462402
-0.015108291059732437,-0.27634096145629883,0.9084684252738953,-0.028547076508402824,-0.12300704419612885,-0.590336263179779,0.7972185611724854,0.0,0.0,-0.2993347644805908,-1.5284773111343384,0.19397567212581635,1.630470871925354,-0.021231938153505325,-0.6789186000823975,-0.2787451446056366,-0.6878459453582764,-1.3977528810501099,0.09342621266841888,1.238100528717041,0.0956299901008606,-0.7518796920776367,0.08742590248584747,-0.04532420262694359,-0.05477117747068405,-0.2068454474210739,-0.1329450011253357,0.05492120981216431,0.4537779688835144,-1.3376715183258057,0.5475462675094604,0.11113789677619934,-0.04311423376202583,0.036372147500514984,0.42535242438316345,-1.2418705224990845,0.6115455031394958,0.09019672870635986
-0.007454592268913984,-0.27750179171562195,0.8826183676719666,-0.04181339591741562,-0.07360772788524628,-0.6053988337516785,0.7914074659347534,0.0,0.0,-0.34466487169265747,-1.4420298337936401,0.22672882676124573,1.720785140991211,-0.02779087796807289,-0.7053733468055725,-0.31709349155426025,-0.5435513854026794,-1.4987457990646362,0.07622133940458298,1.48836350440979,0.11372022330760956,-0.8311205506324768,0.12022681534290314,-0.08326475322246552,-0.007756974548101425,-0.17735381424427032,-0.08989892154932022,0.055666543543338776,0.636131227016449,-1.4331616163253784,0.563806414604187,0.10916273295879364,-0.00029904022812843323,0.05968211963772774,0.6258710026741028,-1.390486240386963,0.654979407787323,0.09133857488632202
-0.002444879151880741,-0.2789328694343567,0.8599026203155518,-0.059143148362636566,-0.027682363986968994,-0.6201295852661133,0.7817769050598145,0.0,0.0,-0.3558594584465027,-1.3386375904083252,0.21755659580230713,1.7593319416046143,-0.03803228959441185,-0.7247726917266846,-0.3551293909549713,-0.3962641954421997,-1.6155827045440674,0.04850911349058151,1.6448558568954468,0.12768521904945374,-0.8924739360809326,0.15072688460350037,-0.10735246539115906,0.03644584119319916,-0.1399943232536316,-0.04057862609624863,0.05908415466547012,0.7663958072662354,-1.4968221187591553,0.5735262632369995,0.0998532623052597,0.04565706476569176,0.0813269317150116,0.7731942534446716,-1.5019547939300537,0.6909686326980591,0.0877736359834671
-0.005160374566912651,-0.28109246492385864,0.8420925736427307,-0.07600223273038864,0.008788532577455044,-0.6343390941619873,0.7692595720291138,0.0,0.0,-0.3343021273612976,-1.241239309310913,0.17935213446617126,1.8104267120361328,-0.04945572465658188,-0.7398252487182617,-0.39304473996162415,-0.2698708772659302,-1.691538691520691,0.010057630017399788,1.6880030632019043,0.13946501910686493,-0.952156662940979,0.182611882686615,-0.12435866892337799,0.07591979205608368,-0.09768149256706238,0.00782880187034607,0.06240498274564743,0.8546721339225769,-1.5382342338562012,0.5807907581329346,0.07978873699903488,0.08883582055568695,0.10124404728412628,0.874138355255127,-1.5794198513031006,0.7212111949920654,0.07743953913450241
-0.012320142239332199,-0.2836490869522095,0.8306589126586914,-0.09569977968931198,0.04048619419336319,-0.6434963941574097,0.7583632469177246,0.0,0.0,-0.32508814334869385,-1.160653829574585,0.14450988173484802,1.8658497333526611,-0.05944615602493286,-0.7587063312530518,-0.4177399277687073,-0.1791490763425827,-1.7409100532531738,-0.01599455066025257,1.680305004119873,0.15044476091861725,-0.9938336610794067,0.2047373354434967,-0.13724857568740845,0.12453226000070572,-0.06320401281118393,0.04889031499624252,0.06495103240013123,0.9093221426010132,-1.559419870376587,0.5845785737037659,0.054795946925878525,0.12348589301109314,0.12016985565423965,0.936309814453125,-1.6253693103790283,0.7441151142120361,0.06484168022871017
-0.01932474598288536,-0.2860012650489807,0.8260418176651001,-0.11435478925704956,0.06639288365840912,-0.6478745341300964,0.7501823306083679,0.0,0.0,-0.3165673613548279,-1.0811476707458496,0.11682523787021637,1.9226877689361572,-0.06779218465089798,-0.7759875059127808,-0.4336206018924713,-0.1149788424372673,-1.7730014324188232,-0.03483549878001213,1.6354032754898071,0.16071482002735138,-1.0249720811843872,0.22142726182937622,-0.14731529355049133,0.17074553668498993,-0.0396297350525856,0.08213817328214645,0.06447620689868927,0.9396108388900757,-1.5632108449935913,0.5841047763824463,0.030197789892554283,0.1496327817440033,0.1346159130334854,0.9723586440086365,-1.6465610265731812,0.7587462663650513,0.05129732936620712
-0.01866752654314041,-0.28640225529670715,0.824459433555603,-0.11983008682727814,0.07539479434490204,-0.6481157541275024,0.7482662200927734,0.0,0.0,-0.26265662908554077,-0.9363468885421753,0.07563700526952744,1.992631196975708,-0.07647843658924103,-0.7770187854766846,-0.4537254869937897,-0.08133050054311752,-1.793860912322998,-0.07787775248289108,1.504929542541504,0.17216186225414276,-1.071494460105896,0.24410659074783325,-0.15337273478507996,0.17366942763328552,-0.03303002938628197,0.10682950913906097,0.057169873267412186,0.9530636072158813,-1.557685375213623,0.581191897392273,0.015655100345611572,0.1684606969356537,0.13831564784049988,0.9938199520111084,-1.6573618650436401,0.7696905136108398,0.04481836035847664
-0.018008394166827202,-0.28816521167755127,0.8260749578475952,-0.12756508588790894,0.08718614280223846,-0.6428956389427185,0.7502071261405945,0.0,0.0,-0.22475701570510864,-0.8289812207221985,0.030726369470357895,2.0602328777313232,-0.08480247110128403,-0.7803394198417664,-0.4660111665725708,-0.0559798926115036,-1.8074195384979248,-0.1223333328962326,1.384289026260376,0.18228933215141296,-1.1056009531021118,0.26226770877838135,-0.15630018711090088,0.18755221366882324,-0.03483348712325096,0.12824635207653046,0.045286186039447784,0.9571203589439392,-1.5423166751861572,0.5754572153091431,0.003401930909603834,0.18373408913612366,0.1387295424938202,1.005218267440796,-1.6555726528167725,0.7757018208503723,0.03788556531071663
-0.01613406091928482,-0.2912111282348633,0.8291822075843811,-0.1351410448551178,0.10242754966020584,-0.6315141916275024,0.7565945982933044,0.0,0.0,-0.1953202486038208,-0.7342151403427124,-0.02580362744629383,2.1378657817840576,-0.09275723248720169,-0.7818872928619385,-0.47348928451538086,-0.05588522553443909,-1.816232681274414,-0.15354743599891663,1.26670503616333,0.19175249338150024,-1.1351709365844727,0.27456846833229065,-0.15216699242591858,0.20844866335391998,-0.04550202190876007,0.14547963440418243,0.028984950855374336,0.9560602903366089,-1.5227570533752441,0.5708634853363037,-0.005822133272886276,0.19622203707695007,0.1360006332397461,1.0125148296356201,-1.6482056379318237,0.779776394367218,0.03426888585090637
-0.014890113845467567,-0.2930413484573364,0.832209587097168,-0.14413094520568848,0.11411000788211823,-0.6205862760543823,0.7622846364974976,0.0,0.0,-0.17911715805530548,-0.6504893898963928,-0.0992322564125061,2.2338407039642334,-0.10130433738231659,-0.7802515029907227,-0.4780357778072357,-0.0989159420132637,-1.8219611644744873,-0.15666769444942474,1.128125548362732,0.20163193345069885,-1.1698887348175049,0.27717721462249756,-0.1497126966714859,0.23042765259742737,-0.05807393416762352,0.15692296624183655,0.015594937838613987,0.9510765671730042,-1.5060385465621948,0.5671170949935913,-0.014489933848381042,0.20617753267288208,0.1353248506784439,1.0132522583007812,-1.6396093368530273,0.7850455045700073,0.03246275335550308
-0.016144370660185814,-0.2943691611289978,0.8347011804580688,-0.15782912075519562,0.12242355197668076,-0.6118258833885193,0.7653570771217346,0.0,0.0,-0.17581292986869812,-0.5800678730010986,-0.1921047568321228,2.3328633308410645,-0.11179773509502411,-0.7743026614189148,-0.48084360361099243,-0.19692686200141907,-1.825684666633606,-0.11903224140405655,0.9308696985244751,0.21666328608989716,-1.2176384925842285,0.26505306363105774,-0.15369489789009094,0.25674447417259216,-0.06451822072267532,0.1665092408657074,0.006246722303330898,0.9422152042388916,-1.4931373596191406,0.5628197193145752,-0.024701962247490883,0.2164893001317978,0.1384023129940033,1.006855845451355,-1.6293537616729736,0.792944073677063,0.02958514168858528
-0.02014819346368313,-0.2958826422691345,0.8389608860015869,-0.1740965098142624,0.12642577290534973,-0.6093659996986389,0.7631382942199707,0.0,0.0,-0.18557724356651306,-0.5261121392250061,-0.3041516840457916,2.4209256172180176,-0.12411055713891983,-0.7642077207565308,-0.4843289852142334,-0.33499813079833984,-1.8281049728393555,-0.050482384860515594,0.6486641764640808,0.24496716260910034,-1.2829694747924805,0.23511847853660583,-0.1654287576675415,0.2832590937614441,-0.058886393904685974,0.1742415428161621,0.004347368609160185,0.928586483001709,-1.4804637432098389,0.5557461977005005,-0.031464070081710815,0.226267009973526,0.14577510952949524,0.9930332899093628,-1.6155915260314941,0.8023761510848999,0.027462948113679886
-0.023025259375572205,-0.2873888611793518,0.8369592428207397,-0.19304481148719788,0.11998751759529114,-0.6050384640693665,0.7630629539489746,0.0,0.0,-0.1692139357328415,-0.463836669921875,-0.5245082378387451,2.448723793029785,-0.15016582608222961,-0.7344740629196167,-0.5035123229026794,-0.46349793672561646,-1.8296781778335571,0.0020234249532222748,0.42163169384002686,0.2808699607849121,-1.4271862506866455,0.19958671927452087,-0.18392132222652435,0.2942769527435303,-0.06535189598798752,0.1849336475133896,0.014141452498733997,0.9229347705841064,-1.4853391647338867,0.5424501895904541,-0.025118272751569748,0.24280759692192078,0.15273866057395935,0.9843971729278564,-1.6266958713531494,0.8170227408409119,0.02847135066986084
-0.025569498538970947,-0.2800757884979248,0.8339767456054688,-0.2156054526567459,0.10878381878137589,-0.6044467091560364,0.7591604590415955,0.0,0.0,-0.09327852725982666,-0.462730348110199,-0.780529260635376,2.4345712661743164,-0.18208542466163635,-0.6909862756729126,-0.530756950378418,-0.5467613339424133,-1.8307007551193237,0.02690809965133667,0.27406057715415955,0.305995911359787,-1.5689702033996582,0.16777917742729187,-0.2204553186893463,0.29931482672691345,-0.061868760734796524,0.2008766233921051,0.0312822088599205,0.9221900701522827,-1.4882144927978516,0.5296735167503357,-0.018121803179383278,0.26386725902557373,0.1672951579093933,0.9793499708175659,-1.6417372226715088,0.831341028213501,0.028153402730822563
-0.028086137026548386,-0.26869556307792664,0.831089973449707,-0.23660443723201752,0.09217146039009094,-0.6134182214736938,0.7478240728378296,0.0,0.0,0.06759454309940338,-0.5545859336853027,-1.0516220331192017,2.377925395965576,-0.219214528799057,-0.6426491141319275,-0.5581741333007812,-0.6173055171966553,-1.8313654661178589,0.030935702845454216,0.17813937366008759,0.32109084725379944,-1.661240577697754,0.1410016417503357,-0.24714446067810059,0.29214149713516235,-0.042582325637340546,0.21597614884376526,0.04774632304906845,0.90721595287323,-1.490335464477539,0.5181879997253418,-0.01232670247554779,0.28578272461891174,0.18231631815433502,0.9572818875312805,-1.6559809446334839,0.8416721820831299,0.026420097798109055
-0.029223471879959106,-0.25461864471435547,0.8266037702560425,-0.2492467164993286,0.06292606145143509,-0.6333035230636597,0.7299609780311584,0.0,0.0,0.28939053416252136,-0.7223386764526367,-1.3284180164337158,2.2597782611846924,-0.26131170988082886,-0.6013963222503662,-0.5818047523498535,-0.6801955699920654,-1.831797480583191,0.018157878890633583,0.11579059064388275,0.32616597414016724,-1.7212163209915161,0.1225229948759079,-0.264492392539978,0.2540477216243744,-0.007087154313921928,0.22923393547534943,0.05832437798380852,0.879923403263092,-1.4990127086639404,0.5125850439071655,-0.006694336421787739,0.3077522814273834,0.1911253035068512,0.9214769005775452,-1.6736294031143188,0.8515868782997131,0.024974029511213303
-0.02701667509973049,-0.24198830127716064,0.8200812339782715,-0.24944889545440674,0.02331867255270481,-0.6574588418006897,0.7106190323829651,0.0,0.0,0.5083280205726624,-0.8954148292541504,-1.5760581493377686,2.1009483337402344,-0.3031434416770935,-0.5759525299072266,-0.6018838286399841,-0.7364781498908997,-1.8320783376693726,-0.005914594978094101,0.07526388019323349,0.32343789935112,-1.7588967084884644,0.11201000213623047,-0.27576854825019836,0.17921985685825348,0.03337850794196129,0.24416641891002655,0.06415006518363953,0.8545849323272705,-1.5149309635162354,0.5138057470321655,0.0008778818883001804,0.33214372396469116,0.19258025288581848,0.8907804489135742,-1.6966681480407715,0.8580314517021179,0.025156371295452118
-0.022556554526090622,-0.23304083943367004,0.8148719072341919,-0.24403642117977142,-0.014103990979492664,-0.6789370775222778,0.6923089623451233,0.0,0.0,0.6943913102149963,-1.0359550714492798,-1.779097557067871,1.9363152980804443,-0.3411649167537689,-0.5656410455703735,-0.6203053593635559,-0.7814340591430664,-1.8322608470916748,-0.03569184988737106,0.04892152175307274,0.3163624107837677,-1.7766152620315552,0.10698337852954865,-0.283098042011261,0.09348446875810623,0.06577520072460175,0.26437950134277344,0.06769256293773651,0.8326123952865601,-1.5236871242523193,0.5143934488296509,0.006849318742752075,0.36126434803009033,0.18957336246967316,0.8663889765739441,-1.7160470485687256,0.8622204065322876,0.025029797106981277
-0.01701158471405506,-0.22754159569740295,0.8110790252685547,-0.23850023746490479,-0.04408971965312958,-0.6975315809249878,0.6742576956748962,0.0,0.0,0.8425838947296143,-1.14349365234375,-1.9444563388824463,1.7898008823394775,-0.3743807077407837,-0.567113995552063,-0.6384533643722534,-0.817172646522522,-1.8323794603347778,-0.06582103669643402,0.031798988580703735,0.3085583448410034,-1.7799997329711914,0.10480190813541412,-0.28786224126815796,0.016935832798480988,0.08625543117523193,0.2854922115802765,0.07230977714061737,0.812440037727356,-1.5260722637176514,0.5148477554321289,0.010288354009389877,0.38753408193588257,0.18212762475013733,0.8451876640319824,-1.7311536073684692,0.8649432063102722,0.024949170649051666
-0.011396694928407669,-0.2254067063331604,0.8075979948043823,-0.23446907103061676,-0.0654464140534401,-0.7127769589424133,0.6577917337417603,0.0,0.0,0.9535835981369019,-1.2206792831420898,-2.0813112258911133,1.6607882976531982,-0.403219997882843,-0.5768312215805054,-0.6568527817726135,-0.8449164628982544,-1.8324565887451172,-0.09396077692508698,0.02066934108734131,0.30147072672843933,-1.7758078575134277,0.10394102334976196,-0.2909589409828186,-0.04032308608293533,0.08714256435632706,0.3000939190387726,0.079466313123703,0.7932401895523071,-1.5306129455566406,0.5206130743026733,0.009371073916554451,0.40461266040802,0.1683458387851715,0.8217025399208069,-1.7448394298553467,0.8667130470275879,0.025287453085184097
-0.0061876121908426285,-0.226121187210083,0.8029070496559143,-0.23300766944885254,-0.08161411434412003,-0.7240474820137024,0.6440510153770447,0.0,0.0,1.036381483078003,-1.2697595357894897,-2.1911683082580566,1.557613730430603,-0.42741239070892334,-0.5927696228027344,-0.6763404011726379,-0.8627541065216064,-1.832506775856018,-0.12007516622543335,0.01343507133424282,0.29466164112091064,-1.7685942649841309,0.10398934781551361,-0.29297178983688354,-0.08295972645282745,0.06593019515275955,0.31043148040771484,0.08927040547132492,0.7651403546333313,-1.5374442338943481,0.5332489609718323,0.0049500842578709126,0.41571372747421265,0.1447712928056717,0.7881824970245361,-1.7616796493530273,0.8678634166717529,0.023199880495667458
-0.0021592965349555016,-0.2294183373451233,0.7959622144699097,-0.23219986259937286,-0.09142931550741196,-0.7312417030334473,0.6348302960395813,0.0,0.0,1.0957486629486084,-1.2985725402832031,-2.2712740898132324,1.4671343564987183,-0.4469994902610779,-0.6117861270904541,-0.6971374750137329,-0.8788508772850037,-1.8325393199920654,-0.14232389628887177,0.008732795715332031,0.28859394788742065,-1.7623333930969238,0.10419394075870514,-0.29428017139434814,-0.11297249794006348,0.02598421275615692,0.318950891494751,0.10333682596683502,0.7356877326965332,-1.547141671180725,0.5508815050125122,0.0014405633555725217,0.42292940616607666,0.11329266428947449,0.7636973857879639,-1.7832071781158447,0.8657293319702148,0.018615664914250374
0.0011126280296593904,-0.23336124420166016,0.7915946245193481,-0.23133863508701324,-0.09719765186309814,-0.7364856004714966,0.6281910538673401,0.0,0.0,1.132969856262207,-1.315920114517212,-2.323939323425293,1.3918321132659912,-0.4618411064147949,-0.6325213313102722,-0.7195577621459961,-0.8884328603744507,-1.8325605392456055,-0.15994231402873993,0.005676317028701305,0.2829127311706543,-1.7571170330047607,0.10449694097042084,-0.2951306104660034,-0.13620421290397644,-0.023222310468554497,0.32709890604019165,0.12018708884716034,0.7089308500289917,-1.5576488971710205,0.567533016204834,0.0004892511642538011,0.4276195764541626,0.07539443671703339,0.757602334022522,-1.8058104515075684,0.8553727865219116,0.013544293120503426
0.004199499264359474,-0.23749199509620667,0.7881931066513062,-0.2314492017030716,-0.10065148770809174,-0.7432483434677124,0.6195824146270752,0.0,0.0,1.155724287033081,-1.3277764320373535,-2.350651979446411,1.336277961730957,-0.47215864062309265,-0.6545454859733582,-0.743703305721283,-0.8904938697814941,-1.8325742483139038,-0.17250409722328186,0.003689605975523591,0.2774774432182312,-1.7523777484893799,0.10484486818313599,-0.2956833839416504,-0.15560762584209442,-0.07338075339794159,0.33565130829811096,0.14217308163642883,0.6847278475761414,-1.5694122314453125,0.5831289291381836,0.0002777384943328798,0.4306681752204895,0.029523426666855812,0.7667362689971924,-1.8316558599472046,0.8388501405715942,0.007976186461746693
0.00708627188578248,-0.24179860949516296,0.7838466167449951,-0.23308409750461578,-0.10235704481601715,-0.749786376953125,0.6107497215270996,0.0,0.0,1.1653883457183838,-1.3305673599243164,-2.355973243713379,1.2968800067901611,-0.47891899943351746,-0.6775434017181396,-0.768923282623291,-0.8925443291664124,-1.8325831890106201,-0.1789565086364746,0.002398243872448802,0.2729884386062622,-1.7500684261322021,0.10471384972333908,-0.29604268074035645,-0.1690794676542282,-0.1243344396352768,0.34228700399398804,0.1661405861377716,0.6623873114585876,-1.5853360891342163,0.5997645854949951,-0.00016480681370012462,0.4313082695007324,-0.022535402327775955,0.7851583361625671,-1.8622539043426514,0.8201173543930054,0.00017136428505182266
0.009573224931955338,-0.24553774297237396,0.7807618975639343,-0.2363465130329132,-0.10283318161964417,-0.7575744390487671,0.5997053980827332,0.0,0.0,1.164110779762268,-1.3299058675765991,-2.346872091293335,1.2695109844207764,-0.48307865858078003,-0.7005377411842346,-0.7947825193405151,-0.8917826414108276,-1.832589030265808,-0.18056032061576843,0.001558858435600996,0.2691360414028168,-1.7494118213653564,0.10418146848678589,-0.2962762415409088,-0.17770010232925415,-0.16754135489463806,0.3472459316253662,0.18879824876785278,0.6418288946151733,-1.5965174436569214,0.6123400926589966,0.0028082921635359526,0.43037429451942444,-0.07338330149650574,0.8006487488746643,-1.8855094909667969,0.800113320350647,-0.009196515195071697
0.011130880564451218,-0.24954617023468018,0.777839183807373,-0.2403106391429901,-0.1010112464427948,-0.7660819888114929,0.5875082015991211,0.0,0.0,1.1591609716415405,-1.3298683166503906,-2.327662944793701,1.2482820749282837,-0.4854472279548645,-0.7227373719215393,-0.820623517036438,-0.8884756565093994,-1.8325928449630737,-0.17855392396450043,0.00101325789000839,0.26569440960884094,-1.7508617639541626,0.10322371125221252,-0.29642805457115173,-0.1818084418773651,-0.20390351116657257,0.35244220495224,0.20838260650634766,0.626697301864624,-1.606591820716858,0.6227846741676331,0.002970781410112977,0.4293506145477295,-0.11828861385583878,0.8208434581756592,-1.9030520915985107,0.7823761701583862,-0.017161570489406586
0.011949772946536541,-0.25335919857025146,0.7756229043006897,-0.24455194175243378,-0.09798098355531693,-0.7745291590690613,0.5750640034675598,0.0,0.0,1.1534899473190308,-1.3306820392608643,-2.3029708862304688,1.231441855430603,-0.4867667853832245,-0.7438421249389648,-0.8460791707038879,-0.8875141739845276,-1.8325953483581543,-0.17372235655784607,0.0006586175877600908,0.26277321577072144,-1.754260778427124,0.10185890644788742,-0.2965267300605774,-0.18186014890670776,-0.23121336102485657,0.356434166431427,0.22375965118408203,0.616066575050354,-1.6142182350158691,0.6308543682098389,0.0033914761152118444,0.4284921884536743,-0.15511998534202576,0.8395473957061768,-1.913753628730774,0.7677394151687622,-0.024750087410211563
0.012602725997567177,-0.25650039315223694,0.773979663848877,-0.24785634875297546,-0.09478629380464554,-0.7812950015068054,0.5649433135986328,0.0,0.0,1.1479177474975586,-1.3357144594192505,-2.2765092849731445,1.2205008268356323,-0.48714739084243774,-0.7640289068222046,-0.8711127638816833,-0.8865649104118347,-1.8325968980789185,-0.16770365834236145,0.00042810142622329295,0.260139524936676,-1.7594103813171387,0.10009963810443878,-0.2965908646583557,-0.17888325452804565,-0.25159090757369995,0.3572017550468445,0.23530811071395874,0.6117498278617859,-1.6205878257751465,0.6367046236991882,0.006221408024430275,0.4276319444179535,-0.18712928891181946,0.8527997732162476,-1.9197447299957275,0.7571041584014893,-0.03271474689245224
0.013634255155920982,-0.2586216330528259,0.7729780077934265,-0.25018247961997986,-0.09285876899957657,-0.7864691615104675,0.5570029616355896,0.0,0.0,1.14204740524292,-1.3391646146774292,-2.248805522918701,1.2188092470169067,-0.4867526590824127,-0.783706784248352,-0.8958020210266113,-0.8863388895988464,-1.8325979709625244,-0.16086456179618835,0.0002782659139484167,0.25771307945251465,-1.7652711868286133,0.09799175709486008,-0.2966325581073761,-0.1748393177986145,-0.2646046578884125,0.3545137643814087,0.24672888219356537,0.6116418242454529,-1.625784993171692,0.640046238899231,0.01343236118555069,0.4267033636569977,-0.21565702557563782,0.8606922626495361,-1.9192261695861816,0.7501092553138733,-0.041515760123729706
0.015003498643636703,-0.2593139111995697,0.7726566195487976,-0.2508249878883362,-0.09131518751382828,-0.7896833419799805,0.5524026155471802,0.0,0.0,1.1357452869415283,-1.3424404859542847,-2.2232189178466797,1.223189115524292,-0.48602020740509033,-0.802716076374054,-0.9199306964874268,-0.8876399397850037,-1.8325986862182617,-0.1532764434814453,0.00018087284115608782,0.25560706853866577,-1.7727032899856567,0.09536425024271011,-0.2966596484184265,-0.17109431326389313,-0.2684440016746521,0.350905179977417,0.2547786235809326,0.6186822056770325,-1.6277945041656494,0.6394870281219482,0.022497374564409256,0.425832599401474,-0.2413991391658783,0.8591706156730652,-1.9131141901016235,0.7509231567382812,-0.048248980194330215
0.01629316620528698,-0.25906649231910706,0.7732113599777222,-0.2499018907546997,-0.09178091585636139,-0.7894649505615234,0.5530555248260498,0.0,0.0,1.1284232139587402,-1.3414503335952759,-2.1995692253112793,1.2337970733642578,-0.48518311977386475,-0.8211808800697327,-0.9434844851493835,-0.8903087377548218,-1.8325990438461304,-0.1449388712644577,0.00011756734602386132,0.25377628207206726,-1.7817614078521729,0.09203203022480011,-0.29667726159095764,-0.16556037962436676,-0.26509958505630493,0.34079450368881226,0.2581901252269745,0.6314780712127686,-1.628295660018921,0.635174036026001,0.03459853306412697,0.4165780544281006,-0.26218241453170776,0.8458720445632935,-1.9021905660629272,0.75958251953125,-0.052245862782001495
0.016992824152112007,-0.2578197717666626,0.7746021747589111,-0.24729540944099426,-0.09462888538837433,-0.7862595915794373,0.5582887530326843,0.0,0.0,1.1221853494644165,-1.3368257284164429,-2.179490804672241,1.25,-0.4846651554107666,-0.8388303518295288,-0.9662827253341675,-0.8911229372024536,-1.8325992822647095,-0.13656972348690033,7.641877164132893e-05,0.25178641080856323,-1.791428565979004,0.08800692856311798,-0.2966887354850769,-0.15720972418785095,-0.25172993540763855,0.3215412199497223,0.25494906306266785,0.6519662737846375,-1.628104329109192,0.626240074634552,0.05107086896896362,0.3985874056816101,-0.2715194821357727,0.8287643194198608,-1.8842895030975342,0.7727934718132019,-0.053788118064403534
0.016660325229167938,-0.25581270456314087,0.7767568230628967,-0.24229122698307037,-0.09916570782661438,-0.7797398567199707,0.5687414407730103,0.0,0.0,1.119699239730835,-1.3314276933670044,-2.1663639545440674,1.2640581130981445,-0.4850922226905823,-0.8551954030990601,-0.9877986907958984,-0.8920159935951233,-1.8325995206832886,-0.1267392337322235,4.967219865648076e-05,0.24969863891601562,-1.8036444187164307,0.08276302367448807,-0.29669618606567383,-0.14319103956222534,-0.2290385216474533,0.2898623049259186,0.2391248494386673,0.6816864013671875,-1.6289751529693604,0.6137781739234924,0.0696401298046112,0.3710266053676605,-0.2673327624797821,0.8135974407196045,-1.8626487255096436,0.7890543937683105,-0.04980788379907608
0.0161873921751976,-0.25194481015205383,0.7784121632575989,-0.23508813977241516,-0.10750825703144073,-0.7684923410415649,0.5853161811828613,0.0,0.0,1.1130024194717407,-1.3241221904754639,-2.165473222732544,1.2892884016036987,-0.4860818386077881,-0.8710892796516418,-1.008085012435913,-0.8833233714103699,-1.8325996398925781,-0.11676299571990967,3.228692730772309e-05,0.24672403931617737,-1.813481092453003,0.07608771324157715,-0.29670101404190063,-0.12781620025634766,-0.20509490370750427,0.24781426787376404,0.21359893679618835,0.715280294418335,-1.634190559387207,0.6021946668624878,0.09113042056560516,0.34057915210723877,-0.2560780346393585,0.8048813343048096,-1.8403960466384888,0.8003791570663452,-0.046237699687480927
0.014857865869998932,-0.247453510761261,0.7801046967506409,-0.22545404732227325,-0.11919344216585159,-0.7534445524215698,0.6060402393341064,0.0,0.0,1.0990099906921387,-1.3047391176223755,-2.170833110809326,1.3212378025054932,-0.48768770694732666,-0.8858813047409058,-1.021775245666504,-0.874534010887146,-1.8325997591018677,-0.1058330088853836,2.0986501112929545e-05,0.24312156438827515,-1.8199899196624756,0.06821047514677048,-0.29670417308807373,-0.11340369284152985,-0.18063879013061523,0.20100785791873932,0.18747296929359436,0.7439930438995361,-1.6424486637115479,0.5980346202850342,0.10948175936937332,0.3116154074668884,-0.23489618301391602,0.8025627136230469,-1.8198896646499634,0.8024572134017944,-0.04122902825474739
0.013432119973003864,-0.24171727895736694,0.7812093496322632,-0.21616613864898682,-0.13526643812656403,-0.7323957681655884,0.6313253045082092,0.0,0.0,1.0658133029937744,-1.2600849866867065,-2.182879686355591,1.3710777759552002,-0.48986712098121643,-0.899589478969574,-1.030673861503601,-0.8639003038406372,-1.8325997591018677,-0.09356240183115005,1.3641225450555794e-05,0.23923248052597046,-1.8242244720458984,0.058884285390377045,-0.2967061996459961,-0.10064191371202469,-0.1585216075181961,0.15347832441329956,0.1659199297428131,0.7588828802108765,-1.6535670757293701,0.6008765697479248,0.1298295259475708,0.28401076793670654,-0.21082065999507904,0.7968063950538635,-1.802814245223999,0.802865743637085,-0.032305244356393814
0.011210966855287552,-0.23659387230873108,0.7816969156265259,-0.20729516446590424,-0.15394796431064606,-0.70196133852005,0.6637612581253052,0.0,0.0,1.0121054649353027,-1.189604640007019,-2.1936452388763428,1.4349815845489502,-0.49174898862838745,-0.91204833984375,-1.0364580154418945,-0.8623025417327881,-1.8325997591018677,-0.07849482446908951,8.866796633810736e-06,0.23609019815921783,-1.8270295858383179,0.04766502231359482,-0.29670751094818115,-0.0845087468624115,-0.14841055870056152,0.10348474979400635,0.1495664417743683,0.7581570744514465,-1.669069766998291,0.6140432953834534,0.147530198097229,0.2531103789806366,-0.19056826829910278,0.788219690322876,-1.7892708778381348,0.8037197589874268,-0.01835319586098194
0.010486849583685398,-0.2319750338792801,0.7808730602264404,-0.202107772231102,-0.17558763921260834,-0.6612890362739563,0.7007269859313965,0.0,0.0,0.9376266002655029,-1.0800261497497559,-2.192107677459717,1.523943543434143,-0.4927401542663574,-0.9243148565292358,-1.040217638015747,-0.8678455352783203,-1.8324435949325562,-0.060146596282720566,5.763417448179098e-06,0.23464453220367432,-1.8288474082946777,0.03415188193321228,-0.2967083752155304,-0.06428079307079315,-0.15063442289829254,0.05240800604224205,0.13959664106369019,0.7306745052337646,-1.6894347667694092,0.6361279487609863,0.16625288128852844,0.21375128626823425,-0.17195013165473938,0.7669910192489624,-1.7827801704406738,0.808301568031311,0.00634189136326313
0.009005341678857803,-0.22948554158210754,0.7795299887657166,-0.20151187479496002,-0.19948934018611908,-0.6098423600196838,0.7400603890419006,0.0,0.0,0.8382276296615601,-0.9418786764144897,-2.1757843494415283,1.640259861946106,-0.4925902485847473,-0.9351674318313599,-1.042661428451538,-0.8971097469329834,-1.827568531036377,-0.03965509310364723,3.746221182154841e-06,0.23485800623893738,-1.8301193714141846,0.01970439776778221,-0.29670894145965576,-0.031246529892086983,-0.16794700920581818,-0.0027224645018577576,0.141590416431427,0.6784765720367432,-1.7113150358200073,0.6599722504615784,0.185516357421875,0.16152311861515045,-0.15511666238307953,0.7248815298080444,-1.776090145111084,0.8186708688735962,0.03424149006605148
0.006483154371380806,-0.22957530617713928,0.7771823406219482,-0.20565028488636017,-0.22285166382789612,-0.5537199378013611,0.7755251526832581,0.0,0.0,0.7249026298522949,-0.8001853823661804,-2.146707057952881,1.7429296970367432,-0.49189120531082153,-0.9453873634338379,-1.0442498922348022,-0.9500817060470581,-1.8189153671264648,-0.020636137574911118,2.43504359787039e-06,0.23631373047828674,-1.830987572669983,0.0065497891046106815,-0.2967092990875244,0.01417420245707035,-0.19450148940086365,-0.055900465697050095,0.15566867589950562,0.6138951778411865,-1.7322620153427124,0.6836789846420288,0.19831842184066772,0.10382239520549774,-0.14042091369628906,0.6718529462814331,-1.7664520740509033,0.8304774761199951,0.056152649223804474
0.004930381663143635,-0.23163732886314392,0.7733840942382812,-0.21367555856704712,-0.24151058495044708,-0.5016126036643982,0.8027454614639282,0.0,0.0,0.6140244603157043,-0.6796239614486694,-2.1172239780426025,1.806281328201294,-0.49095821380615234,-0.9569524526596069,-1.0452823638916016,-1.0117745399475098,-1.822026014328003,-0.0039773862808942795,1.5827782817723346e-06,0.2381679117679596,-1.8315519094467163,-0.003834755625575781,-0.2967095375061035,0.0633523091673851,-0.22054220736026764,-0.09741778671741486,0.17549514770507812,0.5507946610450745,-1.750293254852295,0.7077261209487915,0.20599061250686646,0.05329754948616028,-0.12849077582359314,0.6204879283905029,-1.7581489086151123,0.8441147804260254,0.07213877141475677
0.0037167537957429886,-0.23577076196670532,0.7691048383712769,-0.22434087097644806,-0.2536003887653351,-0.45891299843788147,0.8214358687400818,0.0,0.0,0.5202372670173645,-0.5945058465003967,-2.1011457443237305,1.8241575956344604,-0.49103546142578125,-0.9695252776145935,-1.045930027961731,-1.0689516067504883,-1.8255915641784668,0.01069317851215601,1.028805854730308e-06,0.24088051915168762,-1.831918716430664,-0.012981954962015152,-0.29670971632003784,0.1089077740907669,-0.2470608353614807,-0.12440705299377441,0.19255654513835907,0.49328088760375977,-1.7639522552490234,0.7326674461364746,0.20845738053321838,0.016237080097198486,-0.12224085628986359,0.576530933380127,-1.7499207258224487,0.853174090385437,0.08106090128421783
0.0022180690430104733,-0.24107015132904053,0.7665203809738159,-0.23524951934814453,-0.2601664960384369,-0.42465585470199585,0.8346487283706665,0.0,0.0,0.4436809718608856,-0.5413497090339661,-2.097226142883301,1.8077890872955322,-0.49245718121528625,-0.9812440872192383,-1.0463510751724243,-1.1164045333862305,-1.828044056892395,0.025392845273017883,6.687237714686489e-07,0.24451816082000732,-1.8321505784988403,-0.02213035151362419,-0.296709805727005,0.14591220021247864,-0.27932244539260864,-0.1419500708580017,0.20255884528160095,0.44461071491241455,-1.769103765487671,0.7590808272361755,0.20521727204322815,-0.01037641055881977,-0.12214723229408264,0.5388482213020325,-1.7379755973815918,0.8590631484985352,0.08210408687591553
0.0006203658413141966,-0.24484804272651672,0.76521897315979,-0.24776919186115265,-0.2626866102218628,-0.40291300415992737,0.8409918546676636,0.0,0.0,0.38044166564941406,-0.5099575519561768,-2.105135917663574,1.7765344381332397,-0.49484461545944214,-0.9910732507705688,-1.0466328859329224,-1.1504069566726685,-1.8296386003494263,0.04168231040239334,4.346704258750833e-07,0.2487659454345703,-1.8322514295578003,-0.03130517899990082,-0.2967098653316498,0.17390424013137817,-0.310271680355072,-0.1533530354499817,0.20997479557991028,0.4051592946052551,-1.7673015594482422,0.7807266712188721,0.20504190027713776,-0.02792132832109928,-0.12626685202121735,0.5004605650901794,-1.7235908508300781,0.8628910183906555,0.07555805146694183
0.00023524223070126027,-0.2471843957901001,0.7669180631637573,-0.2615363597869873,-0.2611852288246155,-0.3955172896385193,0.8408014178276062,0.0,0.0,0.33385223150253296,-0.4976111650466919,-2.1215109825134277,1.7463476657867432,-0.49784424901008606,-0.997968316078186,-1.0468248128890991,-1.1716792583465576,-1.8306750059127808,0.06090202555060387,2.825357796609751e-07,0.25375688076019287,-1.8322890996932983,-0.04042600095272064,-0.29670989513397217,0.19141697883605957,-0.33381474018096924,-0.16076496243476868,0.2159588783979416,0.3752286434173584,-1.7603193521499634,0.7920467257499695,0.21417927742004395,-0.03471284359693527,-0.13187119364738464,0.45797014236450195,-1.7066210508346558,0.8653791546821594,0.06441577523946762
0.0008881326648406684,-0.25013476610183716,0.7728875875473022,-0.2783223092556,-0.2594601809978485,-0.39636605978012085,0.8355303406715393,0.0,0.0,0.3130132555961609,-0.5152530074119568,-2.150320529937744,1.7027513980865479,-0.5027776956558228,-1.0034312009811401,-1.0468226671218872,-1.1784522533416748,-1.8313486576080322,0.09225001931190491,1.8364825393746287e-07,0.25970983505249023,-1.8323945999145508,-0.05082697048783302,-0.29670992493629456,0.197246253490448,-0.3533145785331726,-0.16558271646499634,0.21881434321403503,0.34293538331985474,-1.750970721244812,0.7957824468612671,0.23272018134593964,-0.030206583440303802,-0.14311519265174866,0.39696016907691956,-1.6834957599639893,0.8669964075088501,0.04548124223947525
0.0042991358786821365,-0.25330933928489685,0.7805646061897278,-0.29316410422325134,-0.25602492690086365,-0.4038211405277252,0.8279097080230713,0.0,0.0,0.3136335611343384,-0.5465044379234314,-2.176081657409668,1.6398941278457642,-0.5081771016120911,-1.0096439123153687,-1.046865463256836,-1.1761834621429443,-1.8317866325378418,0.12968158721923828,1.1937136434880813e-07,0.26488572359085083,-1.8324635028839111,-0.06101095676422119,-0.29670995473861694,0.17874303460121155,-0.3661980926990509,-0.1687142550945282,0.21965089440345764,0.3162011206150055,-1.7357131242752075,0.7926595211029053,0.25334668159484863,-0.0069806985557079315,-0.16099223494529724,0.3246050477027893,-1.656950831413269,0.8680476546287537,0.022376544773578644
0.008666221983730793,-0.25784048438072205,0.7890246510505676,-0.3063705265522003,-0.25045663118362427,-0.4227924942970276,0.8152638077735901,0.0,0.0,0.32163572311401367,-0.5919497013092041,-2.197160482406616,1.5801730155944824,-0.5131482481956482,-1.016378402709961,-1.0469720363616943,-1.1660727262496948,-1.832071304321289,0.16722670197486877,7.759138043184066e-08,0.2673357427120209,-1.8325049877166748,-0.06862365454435349,-0.29670995473861694,0.14514049887657166,-0.35948705673217773,-0.1707497537136078,0.22565162181854248,0.3054523766040802,-1.7159453630447388,0.7835208177566528,0.2655312120914459,0.03379034996032715,-0.1792898178100586,0.2482665479183197,-1.626936912536621,0.8687309622764587,-0.0028025414794683456
0.011944213882088661,-0.26487961411476135,0.797380805015564,-0.3179710805416107,-0.24260659515857697,-0.45192965865135193,0.7973682284355164,0.0,0.0,0.33060282468795776,-0.6395034790039062,-2.2067902088165283,1.5298739671707153,-0.5171394348144531,-1.0240082740783691,-1.0470517873764038,-1.1627326011657715,-1.8322563171386719,0.2050316035747528,5.043439443852549e-08,0.2679784893989563,-1.8325309753417969,-0.07377997785806656,-0.29670995473861694,0.11282451450824738,-0.33397620916366577,-0.17207282781600952,0.23568198084831238,0.3096213936805725,-1.694831371307373,0.7667300701141357,0.26724815368652344,0.08204373717308044,-0.1909017562866211,0.1780727654695511,-1.594381332397461,0.8691750764846802,-0.02070617489516735
0.013406656682491302,-0.27386972308158875,0.8045529723167419,-0.3281848728656769,-0.2316889464855194,-0.4863263666629791,0.7759520411491394,0.0,0.0,0.3414532542228699,-0.6936072111129761,-2.2052345275878906,1.5039198398590088,-0.5197266340255737,-1.03324556350708,-1.0471036434173584,-1.1769994497299194,-1.8323765993118286,0.24554553627967834,3.2782356385041567e-08,0.2678733766078949,-1.8325492143630981,-0.07770532369613647,-0.29670995473861694,0.09592225402593613,-0.301443874835968,-0.17293283343315125,0.2464461624622345,0.3196168541908264,-1.6775097846984863,0.7417904138565063,0.2598441243171692,0.121202751994133,-0.1951390504837036,0.12201671302318573,-1.5630770921707153,0.8694637417793274,-0.024268247187137604
0.011130131781101227,-0.2860272526741028,0.810981035232544,-0.34256675839424133,-0.2216300219297409,-0.5210577249526978,0.7496845722198486,0.0,0.0,0.34570300579071045,-0.7753193378448486,-2.1825079917907715,1.4905295372009277,-0.5217658877372742,-1.054853081703186,-1.0471372604370117,-1.1916459798812866,-1.8324546813964844,0.3238471448421478,2.1308530051555863e-08,0.26361608505249023,-1.8325669765472412,-0.0833066925406456,-0.29670995473861694,0.10243633389472961,-0.2719251215457916,-0.17349183559417725,0.25962138175964355,0.30597466230392456,-1.6650327444076538,0.7268653512001038,0.2522674798965454,0.13396695256233215,-0.19543498754501343,0.04691382870078087,-1.518522024154663,0.8696513772010803,-0.017459306865930557
0.00807394739240408,-0.30061617493629456,0.8131654262542725,-0.35979124903678894,-0.21329332888126373,-0.5549509525299072,0.7190867066383362,0.0,0.0,0.33160191774368286,-0.8594167232513428,-2.1397666931152344,1.492375135421753,-0.5230807065963745,-1.0845271348953247,-1.047159194946289,-1.2049188613891602,-1.832505464553833,0.42273563146591187,1.3850543822968575e-08,0.25588124990463257,-1.8325785398483276,-0.09068037569522858,-0.29670995473861694,0.11765292286872864,-0.2544167935848236,-0.17385518550872803,0.2821299731731415,0.2700801193714142,-1.653433918952942,0.720736563205719,0.2525465488433838,0.12778374552726746,-0.18599984049797058,-0.047969475388526917,-1.470344066619873,0.8697733879089355,-0.0029889168217778206
0.003710900666192174,-0.31795644760131836,0.811282753944397,-0.3787113130092621,-0.20361480116844177,-0.5851048231124878,0.6875835061073303,0.0,0.0,0.2910209000110626,-0.9467933773994446,-2.074483633041382,1.5027787685394287,-0.5234597325325012,-1.1198081970214844,-1.0471735000610352,-1.211670160293579,-1.8325384855270386,0.5230367183685303,9.002853573747416e-09,0.2443867325782776,-1.8295269012451172,-0.10022099316120148,-0.29670995473861694,0.1387602984905243,-0.2517150044441223,-0.1740913689136505,0.30673086643218994,0.22913289070129395,-1.6467899084091187,0.7249676585197449,0.25560489296913147,0.11359164118766785,-0.16678336262702942,-0.15250074863433838,-1.4212065935134888,0.8698526620864868,0.015929976478219032
-0.0021640858612954617,-0.3353811204433441,0.806350827217102,-0.3958582282066345,-0.19246557354927063,-0.6068070530891418,0.6618447303771973,0.0,0.0,0.23086045682430267,-1.0297558307647705,-1.9855520725250244,1.5194981098175049,-0.5233362317085266,-1.1579879522323608,-1.0471827983856201,-1.2113351821899414,-1.8325599431991577,0.611535370349884,5.851854556482294e-09,0.23065438866615295,-1.8204288482666016,-0.11269555985927582,-0.29670995473861694,0.16471675038337708,-0.260642945766449,-0.17424488067626953,0.3276001811027527,0.19581861793994904,-1.6474380493164062,0.7392473220825195,0.2548828721046448,0.10077322274446487,-0.14358609914779663,-0.2422088086605072,-1.3801960945129395,0.8699042201042175,0.031503353267908096
-0.00717728678137064,-0.3390415608882904,0.8009694218635559,-0.3864120543003082,-0.17646493017673492,-0.6194324493408203,0.6601888537406921,0.0,0.0,0.1786644011735916,-1.07891845703125,-1.8798514604568481,1.5888872146606445,-0.5186178088188171,-1.1839573383331299,-1.0471887588500977,-1.218752384185791,-1.8325738906860352,0.6716045141220093,3.803705350691189e-09,0.2201177179813385,-1.8155779838562012,-0.12664183974266052,-0.29668694734573364,0.1672707200050354,-0.26067712903022766,-0.17434465885162354,0.3098551034927368,0.2611280381679535,-1.66824209690094,0.7281461954116821,0.24967220425605774,0.12166332453489304,-0.14635765552520752,-0.18353396654129028,-1.4235789775848389,0.8699377179145813,0.03088224306702614
-0.013971693813800812,-0.33626899123191833,0.7963899970054626,-0.36217814683914185,-0.16347090899944305,-0.6207677125930786,0.6758341193199158,0.0,0.0,0.15564453601837158,-1.1098170280456543,-1.784327745437622,1.6666386127471924,-0.512668788433075,-1.2000563144683838,-1.0471925735473633,-1.225757360458374,-1.832582950592041,0.7041804790496826,2.4724082781091283e-09,0.2101345956325531,-1.814265251159668,-0.1412702351808548,-0.2966949939727783,0.1557549387216568,-0.25813424587249756,-0.17440952360630035,0.27308163046836853,0.36128300428390503,-1.6980655193328857,0.7134284973144531,0.23887541890144348,0.1613476574420929,-0.15964671969413757,-0.05002565681934357,-1.5006015300750732,0.8699594736099243,0.016699615865945816
-0.021475130692124367,-0.33158206939697266,0.78989577293396,-0.33799076080322266,-0.15483126044273376,-0.6128923892974854,0.6972463130950928,0.0,0.0,0.1477043479681015,-1.1125259399414062,-1.7028400897979736,1.7426350116729736,-0.5076887607574463,-1.2091293334960938,-1.0471951961517334,-1.225813388824463,-1.8325889110565186,0.712071418762207,1.6070653696687032e-09,0.19998574256896973,-1.817626953125,-0.15638968348503113,-0.29670023918151855,0.14482860267162323,-0.2546601891517639,-0.17445167899131775,0.23779402673244476,0.44935888051986694,-1.7281711101531982,0.7071805000305176,0.22493115067481995,0.20241186022758484,-0.17340929806232452,0.09112676978111267,-1.5777264833450317,0.8699735999107361,-0.0014937622472643852
-0.028542013838887215,-0.32742375135421753,0.7834421396255493,-0.31867650151252747,-0.14913469552993774,-0.6010167002677917,0.717623233795166,0.0,0.0,0.14546754956245422,-1.0834355354309082,-1.6276581287384033,1.8061890602111816,-0.5050739049911499,-1.2131267786026,-1.047196865081787,-1.220308780670166,-1.8325927257537842,0.6991943717002869,1.0445924125690453e-09,0.1895686239004135,-1.821869134902954,-0.17215454578399658,-0.29670363664627075,0.13945272564888,-0.24643422663211823,-0.17447909712791443,0.21405676007270813,0.5133181810379028,-1.7525289058685303,0.7105469107627869,0.20938365161418915,0.23802417516708374,-0.1799471378326416,0.21446877717971802,-1.6394709348678589,0.8699827790260315,-0.019066298380494118
-0.033366817981004715,-0.3223838210105896,0.7788366079330444,-0.30014774203300476,-0.14688608050346375,-0.586756706237793,0.7375991344451904,0.0,0.0,0.1542513072490692,-1.0378682613372803,-1.5660004615783691,1.8575122356414795,-0.5049143433570862,-1.2111647129058838,-1.047197937965393,-1.211381196975708,-1.8325952291488647,0.6751244068145752,6.789850348631887e-10,0.1805019974708557,-1.825624942779541,-0.18709219992160797,-0.29670584201812744,0.12697473168373108,-0.23897624015808105,-0.17449691891670227,0.2015150636434555,0.5595904588699341,-1.760650634765625,0.7081560492515564,0.19443288445472717,0.2695784568786621,-0.17496895790100098,0.31733179092407227,-1.6852010488510132,0.8699887990951538,-0.02980298548936844
-0.038590483367443085,-0.31846582889556885,0.7748427391052246,-0.2869807481765747,-0.14793525636196136,-0.5710319876670837,0.7547712922096252,0.0,0.0,0.16974520683288574,-0.983892023563385,-1.5258033275604248,1.894181489944458,-0.507777214050293,-1.2046856880187988,-1.0471985340118408,-1.2054022550582886,-1.8325968980789185,0.6417020559310913,4.413402698855151e-10,0.1726725697517395,-1.828066110610962,-0.20071467757225037,-0.29670727252960205,0.11797231435775757,-0.2329772710800171,-0.1745084822177887,0.19604378938674927,0.5854519605636597,-1.7663037776947021,0.7096810340881348,0.1779271960258484,0.2937425374984741,-0.16778108477592468,0.39304423332214355,-1.7159346342086792,0.8699926733970642,-0.03917495906352997
-0.04512795805931091,-0.3172159790992737,0.7714027166366577,-0.2808326184749603,-0.15171311795711517,-0.5573045015335083,0.766503632068634,0.0,0.0,0.19042055308818817,-0.9456024169921875,-1.5165023803710938,1.9026589393615723,-0.5113768577575684,-1.200494408607483,-1.047199010848999,-1.2023526430130005,-1.8325979709625244,0.6128876209259033,2.8687116571113336e-10,0.16749727725982666,-1.82962965965271,-0.21174344420433044,-0.29670822620391846,0.1178002804517746,-0.22542446851730347,-0.1745160073041916,0.19401156902313232,0.5888701677322388,-1.773335337638855,0.7172625064849854,0.1601189821958542,0.30975204706192017,-0.1613817811012268,0.43754976987838745,-1.7318663597106934,0.8699951767921448,-0.048771291971206665
-0.0498201884329319,-0.3172592520713806,0.7688763737678528,-0.27856382727622986,-0.1564035415649414,-0.5484654307365417,0.7727391719818115,0.0,0.0,0.2101685255765915,-0.9181088805198669,-1.5270308256149292,1.898857593536377,-0.515317440032959,-1.1975878477096558,-1.0471992492675781,-1.2109770774841309,-1.8325986862182617,0.5883519649505615,1.8646625910001546e-10,0.16466858983039856,-1.8306691646575928,-0.22059491276741028,-0.2967088222503662,0.11986379325389862,-0.2146178036928177,-0.17452090978622437,0.19520699977874756,0.578790009021759,-1.7784202098846436,0.7273862957954407,0.1467331349849701,0.3215319514274597,-0.15375283360481262,0.46129298210144043,-1.7390692234039307,0.8699968457221985,-0.05769795924425125
-0.05502341687679291,-0.3195919990539551,0.7654643058776855,-0.2822345197200775,-0.16467231512069702,-0.5406584143638611,0.7751872539520264,0.0,0.0,0.24253016710281372,-0.906891942024231,-1.5721888542175293,1.8818144798278809,-0.5210208296775818,-1.1954779624938965,-1.047037124633789,-1.2320892810821533,-1.8325990438461304,0.5657404661178589,1.2120304759832834e-10,0.1636376678943634,-1.8313449621200562,-0.22913141548633575,-0.29670923948287964,0.12839709222316742,-0.20632204413414001,-0.17452408373355865,0.19795136153697968,0.5445998907089233,-1.7880821228027344,0.7472327947616577,0.13799789547920227,0.327883780002594,-0.15576153993606567,0.46018868684768677,-1.7388291358947754,0.8699979186058044,-0.06923618912696838
-0.05758535489439964,-0.32208287715911865,0.7631585597991943,-0.28693443536758423,-0.17463403940200806,-0.5370706915855408,0.773774266242981,0.0,0.0,0.279427707195282,-0.9086943864822388,-1.6348276138305664,1.8661105632781982,-0.5273345112800598,-1.194122076034546,-1.0469765663146973,-1.2592897415161133,-1.8325992822647095,0.5484022498130798,7.87819531833378e-11,0.16379550099372864,-1.8317841291427612,-0.23681879043579102,-0.29670950770378113,0.1341230571269989,-0.1969185471534729,-0.1745261549949646,0.20364537835121155,0.49954259395599365,-1.7916533946990967,0.7659584283828735,0.13876327872276306,0.329619824886322,-0.16233326494693756,0.4419078528881073,-1.7314426898956299,0.8699986338615417,-0.07717475295066833
-0.057169489562511444,-0.3246205747127533,0.7618889212608337,-0.2899427115917206,-0.1852869689464569,-0.5369093418121338,0.7702794075012207,0.0,0.0,0.3110945224761963,-0.9241418242454529,-1.7010581493377686,1.8568767309188843,-0.5331752896308899,-1.1942559480667114,-1.0470547676086426,-1.2866853475570679,-1.8325995206832886,0.5372457504272461,5.1208239038036396e-11,0.1644199788570404,-1.8320696353912354,-0.24326875805854797,-0.29670965671539307,0.13233423233032227,-0.188641756772995,-0.17452749609947205,0.20968598127365112,0.45301148295402527,-1.7904629707336426,0.7810683846473694,0.14704714715480804,0.32740893959999084,-0.17004522681236267,0.415081262588501,-1.721410870552063,0.8699990510940552,-0.07779277116060257
-0.05265382304787636,-0.32832908630371094,0.7615401744842529,-0.289729505777359,-0.1937166452407837,-0.5406478047370911,0.7656570076942444,0.0,0.0,0.3154085576534271,-0.946886420249939,-1.746335506439209,1.8498430252075195,-0.5371840000152588,-1.197717547416687,-1.0471055507659912,-1.30923593044281,-1.8325996398925781,0.5286949276924133,3.328533629276542e-11,0.16371165215969086,-1.8321219682693481,-0.24821791052818298,-0.2967097759246826,0.12042543292045593,-0.18117758631706238,-0.1745283603668213,0.21319198608398438,0.41620123386383057,-1.7867494821548462,0.7918297052383423,0.15949124097824097,0.32642650604248047,-0.1746262162923813,0.39010265469551086,-1.7139387130737305,0.869999349117279,-0.06993377953767776
-0.045858658850193024,-0.3341573476791382,0.7623755931854248,-0.2910216450691223,-0.1983582228422165,-0.5474114418029785,0.7591450214385986,0.0,0.0,0.27217817306518555,-1.010291576385498,-1.7401591539382935,1.8314244747161865,-0.5400570034980774,-1.212921380996704,-1.0471385717391968,-1.3066456317901611,-1.8325997591018677,0.5195794105529785,2.163546598821231e-11,0.15739043056964874,-1.823150396347046,-0.25499874353408813,-0.2967098355293274,0.10984243452548981,-0.1722082495689392,-0.17452892661094666,0.20734335482120514,0.37966978549957275,-1.7795672416687012,0.8049893379211426,0.1738433539867401,0.32353052496910095,-0.1844368577003479,0.36213240027427673,-1.705822467803955,0.8699995279312134,-0.059215594083070755
-0.03826790302991867,-0.33843496441841125,0.7617449760437012,-0.29222920536994934,-0.19565577805042267,-0.5529965162277222,0.7553249597549438,0.0,0.0,0.1848941147327423,-1.1101396083831787,-1.6756045818328857,1.8054286241531372,-0.5420705080032349,-1.2347924709320068,-1.047160029411316,-1.2619019746780396,-1.8325997591018677,0.5008763074874878,1.4063049336154876e-11,0.1484917849302292,-1.8036167621612549,-0.266275554895401,-0.29670989513397217,0.10308462381362915,-0.17331162095069885,-0.1745292991399765,0.19495642185211182,0.36918482184410095,-1.776573896408081,0.8136951327323914,0.18873360753059387,0.3237496018409729,-0.19481225311756134,0.35518786311149597,-1.709911823272705,0.8699996471405029,-0.05369115620851517
-0.03034365549683571,-0.3343120813369751,0.7564153075218201,-0.277458131313324,-0.18262766301631927,-0.5630534291267395,0.7567264437675476,0.0,0.0,0.09633533656597137,-1.2044814825057983,-1.5834870338439941,1.8150815963745117,-0.5377207398414612,-1.2458640336990356,-1.0471739768981934,-1.2081778049468994,-1.832592248916626,0.46915769577026367,5.2611499086197e-06,0.13838180899620056,-1.7874565124511719,-0.27502334117889404,-0.29670992493629456,0.0771021917462349,-0.1930159628391266,-0.1745295375585556,0.18900682032108307,0.45562583208084106,-1.7900853157043457,0.7874194383621216,0.20104698836803436,0.34659838676452637,-0.1734340935945511,0.41920700669288635,-1.7466731071472168,0.8699997067451477,-0.05892574042081833
-0.0230815839022398,-0.3277212977409363,0.7520931959152222,-0.25374096632003784,-0.16825170814990997,-0.5768111944198608,0.7580209970474243,0.0,0.0,0.026165537536144257,-1.2965216636657715,-1.4877310991287231,1.8383820056915283,-0.5290653705596924,-1.2472634315490723,-1.0471830368041992,-1.1538968086242676,-1.832594871520996,0.4243919849395752,3.4197473723907024e-06,0.12553229928016663,-1.7732212543487549,-0.27873653173446655,-0.29670995473861694,0.040842827409505844,-0.20840567350387573,-0.17452970147132874,0.1772758513689041,0.5690574049949646,-1.7976692914962769,0.746175229549408,0.20171865820884705,0.37304848432540894,-0.1337897628545761,0.5060303211212158,-1.7859017848968506,0.8699997663497925,-0.06491472572088242
-0.018419720232486725,-0.3220876157283783,0.7478023767471313,-0.23236778378486633,-0.15789613127708435,-0.5879244208335876,0.7585636973381042,0.0,0.0,-0.04076450318098068,-1.381406307220459,-1.386858582496643,1.859055757522583,-0.518134593963623,-1.24186110496521,-1.0471889972686768,-1.102675199508667,-1.8325966596603394,0.3659520447254181,2.2228357465792214e-06,0.10962381213903427,-1.759674310684204,-0.2777059078216553,-0.29670995473861694,0.009466012939810753,-0.21907514333724976,-0.1745297908782959,0.16501082479953766,0.6617404222488403,-1.8063066005706787,0.7139514684677124,0.1933397352695465,0.39197346568107605,-0.09453622996807098,0.5808521509170532,-1.818953275680542,0.8697173595428467,-0.07157085835933685
-0.016409819945693016,-0.31696227192878723,0.7457991242408752,-0.2137664556503296,-0.15297357738018036,-0.5940510630607605,0.7602672576904297,0.0,0.0,-0.09513992071151733,-1.458387017250061,-1.2947077751159668,1.8549996614456177,-0.5068321824073792,-1.2323362827301025,-1.0471928119659424,-1.0644595623016357,-1.8325977325439453,0.29717516899108887,1.444843178433075e-06,0.0908750370144844,-1.7477591037750244,-0.27215683460235596,-0.29670995473861694,-0.01740051433444023,-0.22615645825862885,-0.17452985048294067,0.15381833910942078,0.7237445116043091,-1.8129768371582031,0.6947397589683533,0.18154528737068176,0.40241217613220215,-0.06185536831617355,0.6410611867904663,-1.8380283117294312,0.8593054413795471,-0.07861968874931335
-0.016515139490365982,-0.3133357763290405,0.7458416223526001,-0.1989535242319107,-0.15026558935642242,-0.595419704914093,0.7637494206428528,0.0,0.0,-0.13931402564048767,-1.514520525932312,-1.2059017419815063,1.8258614540100098,-0.4966011345386505,-1.2203702926635742,-1.047195315361023,-1.0477805137634277,-1.8325984477996826,0.22471249103546143,9.391480375597894e-07,0.07084338366985321,-1.7387924194335938,-0.26352304220199585,-0.29670995473861694,-0.03488381579518318,-0.22780534625053406,-0.17452989518642426,0.1447719782590866,0.760446310043335,-1.81618070602417,0.6863975524902344,0.16887478530406952,0.4068605899810791,-0.035568661987781525,0.6876826286315918,-1.8457138538360596,0.8454675674438477,-0.08350072801113129
-0.01803971827030182,-0.3096320331096649,0.7458585500717163,-0.19257673621177673,-0.14923077821731567,-0.5910853147506714,0.768936038017273,0.0,0.0,-0.20688140392303467,-1.568429708480835,-1.1151607036590576,1.7816487550735474,-0.48827940225601196,-1.2061389684677124,-1.047196865081787,-1.0503416061401367,-1.8325989246368408,0.15610545873641968,6.104461931499827e-07,0.051945362240076065,-1.7352021932601929,-0.25376835465431213,-0.29670995473861694,-0.03564983606338501,-0.22618158161640167,-0.17452992498874664,0.14197519421577454,0.7723025679588318,-1.8179492950439453,0.6841666102409363,0.16143253445625305,0.406203031539917,-0.016765736043453217,0.7131267189979553,-1.8476967811584473,0.836283802986145,-0.08451060950756073
-0.019459448754787445,-0.30918705463409424,0.7459098100662231,-0.19015268981456757,-0.1477804034948349,-0.5898410677909851,0.7707726359367371,0.0,0.0,-0.28894665837287903,-1.632758617401123,-1.0184259414672852,1.7242951393127441,-0.4823921322822571,-1.1893231868743896,-1.047197937965393,-1.079318881034851,-1.8325992822647095,0.09842968732118607,3.967899999679503e-07,0.03530192747712135,-1.736415147781372,-0.24408233165740967,-0.29670995473861694,-0.027225127443671227,-0.2133738249540329,-0.17452993988990784,0.15140819549560547,0.7728681564331055,-1.8190159797668457,0.6852650046348572,0.1542915254831314,0.406571626663208,0.00034214742481708527,0.721633791923523,-1.8456498384475708,0.834242045879364,-0.08681002259254456
-0.020531702786684036,-0.3099803924560547,0.7443307638168335,-0.19084122776985168,-0.14768365025520325,-0.5872676372528076,0.7725839018821716,0.0,0.0,-0.3555292785167694,-1.702460765838623,-0.9243943691253662,1.6584217548370361,-0.479023277759552,-1.172164797782898,-1.0471985340118408,-1.1301093101501465,-1.8325995206832886,0.05594097822904587,2.579134843472275e-07,0.02287951111793518,-1.7434742450714111,-0.2359151840209961,-0.29670995473861694,-0.014436040073633194,-0.20145124197006226,-0.17452995479106903,0.16763553023338318,0.7640599012374878,-1.8216300010681152,0.6879778504371643,0.14921364188194275,0.40970051288604736,0.011975460685789585,0.7184160947799683,-1.844620704650879,0.8359200358390808,-0.09094592183828354
-0.01893548108637333,-0.30769574642181396,0.7416529655456543,-0.19712750613689423,-0.1521306037902832,-0.5883777141571045,0.7692910432815552,0.0,0.0,-0.4080381393432617,-1.748009443283081,-0.8707280158996582,1.576765537261963,-0.4786115884780884,-1.1551179885864258,-1.047199010848999,-1.186274528503418,-1.8325996398925781,0.04034627228975296,1.6764376198352693e-07,0.019776610657572746,-1.7607195377349854,-0.23238505423069,-0.29670995473861694,-0.0011222558096051216,-0.17993022501468658,-0.17452335357666016,0.19253063201904297,0.7372252941131592,-1.8191415071487427,0.6896179914474487,0.15905551612377167,0.4121538996696472,0.012626610696315765,0.6978809833526611,-1.8436864614486694,0.8396598100662231,-0.09098337590694427
-0.016449809074401855,-0.303964763879776,0.7399717569351196,-0.20632138848304749,-0.15716706216335297,-0.5925903916358948,0.7626051902770996,0.0,0.0,-0.4444483518600464,-1.7776161432266235,-0.8403440713882446,1.497036337852478,-0.479849249124527,-1.1382896900177002,-1.0471992492675781,-1.230648398399353,-1.8325997591018677,0.05285631865262985,1.089684431576643e-07,0.026415692642331123,-1.7855446338653564,-0.23375694453716278,-0.29670995473861694,0.012466403655707836,-0.15523110330104828,-0.1729915738105774,0.21585747599601746,0.7038731575012207,-1.8121049404144287,0.6895132064819336,0.17689141631126404,0.41402024030685425,0.0025266772136092186,0.6693190336227417,-1.8388129472732544,0.8473870754241943,-0.08824934810400009
-0.01337943971157074,-0.30049988627433777,0.7397247552871704,-0.21517401933670044,-0.16103196144104004,-0.5969623327255249,0.7559131979942322,0.0,0.0,-0.46001869440078735,-1.7968604564666748,-0.8214412927627563,1.4231815338134766,-0.482027143239975,-1.1227922439575195,-1.0471994876861572,-1.2608966827392578,-1.8325997591018677,0.08804154396057129,7.082948627612495e-08,0.04021530598402023,-1.8020139932632446,-0.23894420266151428,-0.29670995473861694,0.0235190000385046,-0.13786907494068146,-0.17204783856868744,0.23118245601654053,0.6721664667129517,-1.8025782108306885,0.6860278248786926,0.19298717379570007,0.41332823038101196,-0.015191259793937206,0.6400049924850464,-1.8312959671020508,0.855301558971405,-0.08198972046375275
-0.010374206118285656,-0.29741257429122925,0.7404543161392212,-0.22300215065479279,-0.16260096430778503,-0.5991584658622742,0.7515583634376526,0.0,0.0,-0.4584561586380005,-1.8093692064285278,-0.8038114905357361,1.354844331741333,-0.48465418815612793,-1.109114646911621,-1.0471996068954468,-1.2782881259918213,-1.8325997591018677,0.13714247941970825,4.6039165368938484e-08,0.05778367072343826,-1.8127189874649048,-0.24683484435081482,-0.29670995473861694,0.03278890252113342,-0.13163737952709198,-0.1720454841852188,0.2366376370191574,0.6487826704978943,-1.79421865940094,0.6820317506790161,0.20427832007408142,0.4112102687358856,-0.03729548677802086,0.6186802387237549,-1.8233458995819092,0.8604459762573242,-0.07659194618463516
-0.007780666463077068,-0.2951923608779907,0.7418647408485413,-0.23083989322185516,-0.16098743677139282,-0.5990018248558044,0.7496618628501892,0.0,0.0,-0.4522241950035095,-1.8174998760223389,-0.7804375290870667,1.2912176847457886,-0.487491250038147,-1.0970520973205566,-1.0471997261047363,-1.284177541732788,-1.8325997591018677,0.1899653971195221,2.992545589108886e-08,0.07516525685787201,-1.8196772336959839,-0.2560049891471863,-0.29670995473861694,0.04295102134346962,-0.1341683566570282,-0.17265614867210388,0.23337070643901825,0.6347878575325012,-1.7867376804351807,0.6764731407165527,0.21019917726516724,0.41032105684280396,-0.059246547520160675,0.604926347732544,-1.8159109354019165,0.8637898564338684,-0.07409684360027313
-0.005817401222884655,-0.293523371219635,0.7426074743270874,-0.23900912702083588,-0.1571940928697586,-0.5977731347084045,0.7488871216773987,0.0,0.0,-0.44549381732940674,-1.8227849006652832,-0.7511341571807861,1.2353811264038086,-0.49070101976394653,-1.0862953662872314,-1.0471997261047363,-1.277182936668396,-1.8325997591018677,0.23768281936645508,1.9451546151572074e-08,0.08960305154323578,-1.82420015335083,-0.26498502492904663,-0.29670995473861694,0.053370073437690735,-0.1414598971605301,-0.1733119934797287,0.22645002603530884,0.6296752095222473,-1.7835664749145508,0.672519862651825,0.2095136046409607,0.4125811457633972,-0.078402578830719,0.599342942237854,-1.8124091625213623,0.8659633994102478,-0.07677213847637177
-0.004873551428318024,-0.29210442304611206,0.7427746653556824,-0.2464148998260498,-0.1535319685935974,-0.5965532064437866,0.7482191920280457,0.0,0.0,-0.4364109933376312,-1.826220154762268,-0.7140052914619446,1.1945815086364746,-0.49453234672546387,-1.0765666961669922,-1.0471997261047363,-1.2585844993591309,-1.8325997591018677,0.2765757441520691,1.2643504909704006e-08,0.10021531581878662,-1.8271400928497314,-0.27282804250717163,-0.29670995473861694,0.060943104326725006,-0.14831998944282532,-0.1737383008003235,0.21764065325260162,0.6272113919258118,-1.7836270332336426,0.671821117401123,0.20488378405570984,0.41634508967399597,-0.09303326159715652,0.5972421765327454,-1.8122191429138184,0.8673761487007141,-0.0804441049695015
-0.0047455704770982265,-0.29099541902542114,0.7430791854858398,-0.25219884514808655,-0.15119515359401703,-0.5955787301063538,0.7475438714027405,0.0,0.0,-0.4246358871459961,-1.8284530639648438,-0.6710876822471619,1.1697824001312256,-0.49949562549591064,-1.0678060054779053,-1.0471997261047363,-1.2323071956634521,-1.8325997591018677,0.30560237169265747,8.218277613991631e-09,0.1071845293045044,-1.8290510177612305,-0.27912649512290955,-0.29670995473861694,0.06460278481245041,-0.1521218866109848,-0.17401538789272308,0.20718148350715637,0.6228737831115723,-1.7846770286560059,0.6742168068885803,0.19811898469924927,0.41993921995162964,-0.10202109813690186,0.5957323312759399,-1.8127920627593994,0.8682944774627686,-0.08308498561382294
-0.006118851713836193,-0.29034730792045593,0.7436356544494629,-0.256122887134552,-0.15185140073299408,-0.5926943421363831,0.7483686208724976,0.0,0.0,-0.40817147493362427,-1.8299028873443604,-0.6206842660903931,1.1611158847808838,-0.505656361579895,-1.0598725080490112,-1.0471997261047363,-1.2035157680511475,-1.8325997591018677,0.32497477531433105,5.3418802714588765e-09,0.1112503781914711,-1.8302929401397705,-0.28370392322540283,-0.29670995473861694,0.06439343839883804,-0.15512236952781677,-0.17419549822807312,0.1951611191034317,0.6114669442176819,-1.784212350845337,0.6796212792396545,0.18991078436374664,0.42263028025627136,-0.10686667263507843,0.5903908014297485,-1.8117625713348389,0.8687574863433838,-0.0861552357673645
-0.008298873901367188,-0.2901339530944824,0.7447665333747864,-0.2580149173736572,-0.15494512021541595,-0.5876628160476685,0.7510477900505066,0.0,0.0,-0.3899572491645813,-1.8308417797088623,-0.5671842098236084,1.1623413562774658,-0.5134691596031189,-1.0528643131256104,-1.0471937656402588,-1.1787022352218628,-1.8325997591018677,0.3356429636478424,3.4722220654259672e-09,0.11341091990470886,-1.8311002254486084,-0.28646978735923767,-0.29670995473861694,0.06150715798139572,-0.1575300693511963,-0.174312561750412,0.1822071075439453,0.594730794429779,-1.7809381484985352,0.6858328580856323,0.18171890079975128,0.4242185056209564,-0.10709020495414734,0.5824476480484009,-1.8082597255706787,0.8673452138900757,-0.08763794600963593
-0.010623831301927567,-0.29057085514068604,0.7461467981338501,-0.25702527165412903,-0.15909865498542786,-0.5825040340423584,0.7545294165611267,0.0,0.0,-0.37102508544921875,-1.8314564228057861,-0.515355110168457,1.1692180633544922,-0.523281455039978,-1.0469133853912354,-1.0466822385787964,-1.160834789276123,-1.8325997591018677,0.3402653634548187,2.2569441870956553e-09,0.11444748938083649,-1.8316245079040527,-0.28754404187202454,-0.29670995473861694,0.0560196191072464,-0.1574326604604721,-0.17438866198062897,0.16949516534805298,0.5785506963729858,-1.7760229110717773,0.6909611225128174,0.175014927983284,0.4264688491821289,-0.10225765407085419,0.576604962348938,-1.8034545183181763,0.8651845455169678,-0.08841587603092194
-0.012282729148864746,-0.2914472222328186,0.7480393052101135,-0.2534658908843994,-0.16397112607955933,-0.5791800022125244,0.7572444081306458,0.0,0.0,-0.34944790601730347,-1.831856608390808,-0.4737483263015747,1.1720995903015137,-0.5357780456542969,-1.0425188541412354,-1.0447704792022705,-1.1535245180130005,-1.8325997591018677,0.3430967330932617,1.4670136216921037e-09,0.11559879779815674,-1.8319435119628906,-0.28726065158843994,-0.29670995473861694,0.047278281301259995,-0.15335291624069214,-0.17443811893463135,0.15903297066688538,0.5616416335105896,-1.7673606872558594,0.6921871900558472,0.17120838165283203,0.42965978384017944,-0.09472764283418655,0.5708887577056885,-1.7962698936462402,0.8625079393386841,-0.0886790007352829
-0.012553103268146515,-0.29264944791793823,0.7499008178710938,-0.24927665293216705,-0.16796545684337616,-0.5801997780799866,0.7569788694381714,0.0,0.0,-0.3288205862045288,-1.832116723060608,-0.445284366607666,1.1702684164047241,-0.5507816672325134,-1.0397412776947021,-1.0415067672729492,-1.1603833436965942,-1.8325997591018677,0.34925901889801025,9.53558787486486e-10,0.11841128766536713,-1.8321729898452759,-0.2864779233932495,-0.29670995473861694,0.03969937190413475,-0.14234665036201477,-0.17447027564048767,0.1551201343536377,0.5486579537391663,-1.7577550411224365,0.6891955137252808,0.17051798105239868,0.43199431896209717,-0.08888347446918488,0.5645605325698853,-1.7883336544036865,0.8623452186584473,-0.08957366645336151
-0.01121597271412611,-0.2929585874080658,0.7507636547088623,-0.24564668536186218,-0.1724029779434204,-0.5836994051933289,0.7544733285903931,0.0,0.0,-0.30818551778793335,-1.832285761833191,-0.43754416704177856,1.1522549390792847,-0.5681599378585815,-1.0390983819961548,-1.0370382070541382,-1.1749012470245361,-1.8325997591018677,0.36257413029670715,6.198132007639856e-10,0.12397810816764832,-1.832322359085083,-0.2864859402179718,-0.29670995473861694,0.03250861540436745,-0.12937094271183014,-0.17449116706848145,0.1574563831090927,0.5380018949508667,-1.7494230270385742,0.6833062171936035,0.17472457885742188,0.4328470230102539,-0.08698543161153793,0.5560669898986816,-1.7820453643798828,0.8638564944267273,-0.08912906050682068
-0.0082000233232975,-0.29236292839050293,0.7510363459587097,-0.24370883405208588,-0.1757097691297531,-0.5897712111473083,0.7496012449264526,0.0,0.0,-0.2916841208934784,-1.8323956727981567,-0.4505813717842102,1.1145546436309814,-0.5867844223976135,-1.0399744510650635,-1.032453179359436,-1.1928179264068604,-1.8325997591018677,0.3839672803878784,4.028785638432453e-10,0.13228851556777954,-1.832419514656067,-0.28794461488723755,-0.29670995473861694,0.027761980891227722,-0.11582273244857788,-0.17342887818813324,0.16468442976474762,0.5312567353248596,-1.7421879768371582,0.6746902465820312,0.18401211500167847,0.43221575021743774,-0.08822408318519592,0.5475730299949646,-1.7775087356567383,0.8657713532447815,-0.08678936213254929
-0.004615034908056259,-0.2914029359817505,0.7511006593704224,-0.24491502344608307,-0.17630574107170105,-0.5953838229179382,0.7446146607398987,0.0,0.0,-0.28103452920913696,-1.8324670791625977,-0.4745253324508667,1.0710699558258057,-0.60469651222229,-1.0411251783370972,-1.029349684715271,-1.2137658596038818,-1.8325997591018677,0.41118836402893066,2.618710526203216e-10,0.14223498106002808,-1.8324825763702393,-0.2914372682571411,-0.29670995473861694,0.030169442296028137,-0.10858386754989624,-0.17270159721374512,0.17163842916488647,0.5289275050163269,-1.7367568016052246,0.6650557518005371,0.1934637874364853,0.4300471246242523,-0.09241543710231781,0.5381636619567871,-1.7732939720153809,0.8672513365745544,-0.08333240449428558
-0.0005408539436757565,-0.29044508934020996,0.7511318922042847,-0.24911156296730042,-0.17440718412399292,-0.5999512076377869,0.7399892807006836,0.0,0.0,-0.2728915810585022,-1.8325135707855225,-0.5057281255722046,1.0278501510620117,-0.6209783554077148,-1.0420738458633423,-1.0283849239349365,-1.232783555984497,-1.8325997591018677,0.44199085235595703,1.7021616061096978e-10,0.1523849070072174,-1.8325235843658447,-0.2966053783893585,-0.29670995473861694,0.03826025128364563,-0.11168621480464935,-0.1725543737411499,0.1770850270986557,0.529501736164093,-1.7339179515838623,0.6559438705444336,0.20027132332324982,0.42466282844543457,-0.10183550417423248,0.5271345376968384,-1.7692513465881348,0.8682133555412292,-0.07961996644735336
0.0034688818268477917,-0.29031479358673096,0.7515114545822144,-0.2544635236263275,-0.169267475605011,-0.605333685874939,0.7349611520767212,0.0,0.0,-0.2661142945289612,-1.8325437307357788,-0.5329748392105103,0.9967493414878845,-0.6347091197967529,-1.0422329902648926,-1.0299880504608154,-1.2477984428405762,-1.8325997591018677,0.47264009714126587,1.1064048288655925e-10,0.16065867245197296,-1.832550287246704,-0.3024805784225464,-0.29670995473861694,0.049654729664325714,-0.1206963062286377,-0.1732458472251892,0.1784261167049408,0.5378878116607666,-1.7348817586898804,0.6491037607192993,0.2031683623790741,0.41767314076423645,-0.11162252724170685,0.5178426504135132,-1.765810489654541,0.8688386678695679,-0.07603898644447327
0.0069310665130615234,-0.2911461889743805,0.7525017261505127,-0.25975415110588074,-0.1615810990333557,-0.6108487844467163,0.7302623391151428,0.0,0.0,-0.2586153745651245,-1.8325634002685547,-0.5450009703636169,0.9880261421203613,-0.6454216837882996,-1.0413331985473633,-1.033994197845459,-1.2572131156921387,-1.8325997591018677,0.5014607906341553,7.191634093794974e-11,0.166120707988739,-1.8325676918029785,-0.3087054491043091,-0.29670995473861694,0.0625225305557251,-0.13285160064697266,-0.17369529604911804,0.1764279305934906,0.5538781881332397,-1.7365161180496216,0.6420226693153381,0.20466594398021698,0.4106249213218689,-0.121058888733387,0.5099871158599854,-1.762152910232544,0.8692451119422913,-0.07422152161598206
0.009591672569513321,-0.2925673723220825,0.753433346748352,-0.26460519433021545,-0.15229615569114685,-0.6158602833747864,0.7262961268424988,0.0,0.0,-0.24782301485538483,-1.8324120044708252,-0.5404132008552551,1.0028636455535889,-0.6532169580459595,-1.0392683744430542,-1.0386161804199219,-1.2628391981124878,-1.8325997591018677,0.5286962389945984,4.6745603915487877e-11,0.16889061033725739,-1.8325788974761963,-0.31549936532974243,-0.29670995473861694,0.07633266597986221,-0.14779886603355408,-0.17398744821548462,0.1725548803806305,0.5759817361831665,-1.7394585609436035,0.6356357336044312,0.2069198489189148,0.40364930033683777,-0.12888450920581818,0.5049048662185669,-1.760054111480713,0.8695092797279358,-0.07350941002368927
0.012609921395778656,-0.2936975657939911,0.7540854811668396,-0.2689799666404724,-0.14328120648860931,-0.6213462948799133,0.7218372821807861,0.0,0.0,-0.23231124877929688,-1.8245220184326172,-0.524196445941925,1.0407326221466064,-0.6583511233329773,-1.0362647771835327,-1.0416204929351807,-1.2669590711593628,-1.8325997591018677,0.5554669499397278,3.0384621901857756e-11,0.16983896493911743,-1.8325862884521484,-0.3231036067008972,-0.29670995473861694,0.08873691409826279,-0.16129949688911438,-0.17417733371257782,0.1678217053413391,0.599758505821228,-1.743438959121704,0.6299748420715332,0.21000424027442932,0.3964870572090149,-0.13315346837043762,0.5005378127098083,-1.7600090503692627,0.8696810007095337,-0.07162944227457047
0.016023043543100357,-0.2952679693698883,0.7545815706253052,-0.270988404750824,-0.13609500229358673,-0.6272177696228027,0.7173849940299988,0.0,0.0,-0.19830527901649475,-1.8042702674865723,-0.5140308737754822,1.0968879461288452,-0.6615432500839233,-1.0323424339294434,-1.043573260307312,-1.269702434539795,-1.8325997591018677,0.5816429853439331,1.974997769493836e-11,0.16892682015895844,-1.8325910568237305,-0.3309599757194519,-0.29670995473861694,0.09570208191871643,-0.1728288233280182,-0.17430076003074646,0.1621604859828949,0.6241379976272583,-1.7482423782348633,0.6260902881622314,0.21298740804195404,0.38982442021369934,-0.13240575790405273,0.5000231266021729,-1.7616195678710938,0.869792640209198,-0.06747540831565857
0.019842378795146942,-0.29693830013275146,0.7546960711479187,-0.27046069502830505,-0.13202759623527527,-0.6331995725631714,0.7130764722824097,0.0,0.0,-0.14663846790790558,-1.7773923873901367,-0.5286666750907898,1.164863109588623,-0.6639099717140198,-1.0274426937103271,-1.0448426008224487,-1.26671302318573,-1.8325997591018677,0.6088467240333557,1.2837475873994642e-11,0.1664094775915146,-1.8325941562652588,-0.338611364364624,-0.29670995473861694,0.09517849236726761,-0.18063580989837646,-0.17438098788261414,0.155700221657753,0.6457387208938599,-1.7521333694458008,0.6224566102027893,0.21892449259757996,0.38491714000701904,-0.12771213054656982,0.5027357339859009,-1.7650104761123657,0.8698651790618896,-0.05924658477306366
0.02373345196247101,-0.2982054054737091,0.754051923751831,-0.2694932818412781,-0.13003970682621002,-0.6374203562736511,0.7100410461425781,0.0,0.0,-0.09023510664701462,-1.7443863153457642,-0.5768295526504517,1.2495017051696777,-0.6654436588287354,-1.022414207458496,-1.0456676483154297,-1.2533717155456543,-1.8325997591018677,0.6373494267463684,8.344365129420162e-12,0.1626097559928894,-1.8325960636138916,-0.3463388681411743,-0.29670995473861694,0.09189778566360474,-0.18566401302814484,-0.1744331419467926,0.14861825108528137,0.662543773651123,-1.7550278902053833,0.6199581623077393,0.2275678962469101,0.38200968503952026,-0.12181009352207184,0.5069549083709717,-1.7709228992462158,0.869912326335907,-0.04795447364449501
0.02662811614573002,-0.29986006021499634,0.7535909414291382,-0.26681217551231384,-0.12947948276996613,-0.6346082091331482,0.7136656641960144,0.0,0.0,-0.04658219590783119,-1.6987700462341309,-0.6467126607894897,1.3316282033920288,-0.6670522689819336,-1.0174894332885742,-1.046203851699829,-1.2400974035263062,-1.8325997591018677,0.6661282777786255,5.423819379735129e-12,0.15873250365257263,-1.8325973749160767,-0.3555571436882019,-0.29670995473861694,0.08594293892383575,-0.19850704073905945,-0.1744670271873474,0.13859429955482483,0.670630931854248,-1.7547333240509033,0.6216360330581665,0.23457661271095276,0.38362249732017517,-0.11687245965003967,0.515376091003418,-1.7760777473449707,0.8699429631233215,-0.03922635316848755
0.028433125466108322,-0.3015873432159424,0.7531784772872925,-0.2673834264278412,-0.12811319530010223,-0.6278455853462219,0.7196548581123352,0.0,0.0,-0.025360070168972015,-1.6321444511413574,-0.7290819883346558,1.4352954626083374,-0.6679933667182922,-1.0136457681655884,-1.0465524196624756,-1.2337971925735474,-1.8325997591018677,0.6908606886863708,3.5254739665785406e-12,0.15527775883674622,-1.8325982093811035,-0.3664250671863556,-0.29670995473861694,0.08626279979944229,-0.2101358324289322,-0.1744890660047531,0.1309732049703598,0.667365550994873,-1.7537829875946045,0.629143238067627,0.23618680238723755,0.3889184892177582,-0.10997900366783142,0.5240249633789062,-1.780900239944458,0.8699628710746765,-0.03324645385146141
0.02763953059911728,-0.30460643768310547,0.7538670301437378,-0.26740777492523193,-0.12859231233596802,-0.6116786599159241,0.733352780342102,0.0,0.0,0.005768509581685066,-1.5412614345550537,-0.8281078338623047,1.5477769374847412,-0.6687633991241455,-1.0111725330352783,-1.0467790365219116,-1.229913353919983,-1.8325997591018677,0.7046693563461304,2.291553882413644e-12,0.1523190438747406,-1.8325988054275513,-0.3789617121219635,-0.29670995473861694,0.0861399844288826,-0.22856011986732483,-0.1745033860206604,0.11865750700235367,0.6505159735679626,-1.7541520595550537,0.6462966799736023,0.22681373357772827,0.3954582214355469,-0.10633300244808197,0.5366964936256409,-1.7831389904022217,0.8699758052825928,-0.027382751926779747
0.025356942787766457,-0.3083961009979248,0.7560845613479614,-0.265774130821228,-0.13189265131950378,-0.5883095860481262,0.7522368431091309,0.0,0.0,0.04473639652132988,-1.4237582683563232,-0.9370110034942627,1.6525448560714722,-0.6714805364608765,-1.008894920349121,-1.0469262599945068,-1.2298648357391357,-1.8325997591018677,0.7078393697738647,1.4895247578763926e-12,0.15052637457847595,-1.83259916305542,-0.3932695686817169,-0.29670995473861694,0.08157681673765182,-0.24818888306617737,-0.17451269924640656,0.10741575062274933,0.6234458684921265,-1.7516846656799316,0.6672419309616089,0.21074825525283813,0.40274614095687866,-0.10778391361236572,0.5485807061195374,-1.781151533126831,0.8699842095375061,-0.02652510069310665
0.022248324006795883,-0.3117183446884155,0.7578748464584351,-0.266255259513855,-0.1395324319601059,-0.560325562953949,0.7717992067337036,0.0,0.0,0.0839550718665123,-1.3000553846359253,-1.0458447933197021,1.739565134048462,-0.6765295267105103,-1.0067671537399292,-1.0470221042633057,-1.2273766994476318,-1.8325997591018677,0.7016108632087708,9.68189721103907e-13,0.15038834512233734,-1.832599401473999,-0.408450722694397,-0.29670995473861694,0.07596788555383682,-0.26450973749160767,-0.17451874911785126,0.10271052271127701,0.5862125754356384,-1.7482678890228271,0.6892300844192505,0.18889787793159485,0.4096914529800415,-0.11382150650024414,0.5497745871543884,-1.7775514125823975,0.8699896931648254,-0.031159713864326477
0.01878378540277481,-0.31526869535446167,0.7593792676925659,-0.2668549716472626,-0.15156526863574982,-0.5306976437568665,0.7900483012199402,0.0,0.0,0.12091642618179321,-1.1828709840774536,-1.1505050659179688,1.8049347400665283,-0.6835994124412537,-1.0039926767349243,-1.0470843315124512,-1.2285141944885254,-1.8325997591018677,0.6869644522666931,6.293255304899714e-13,0.15175557136535645,-1.8325995206832886,-0.4228646159172058,-0.29670995473861694,0.06787081062793732,-0.2753871977329254,-0.17452268302440643,0.10107749700546265,0.542718768119812,-1.7447339296340942,0.707606852054596,0.16619205474853516,0.41399645805358887,-0.12199270725250244,0.5409771800041199,-1.772047758102417,0.869993269443512,-0.034553494304418564
0.011622809804975986,-0.3218296468257904,0.758305549621582,-0.2725675106048584,-0.16937507688999176,-0.4967733919620514,0.8063716292381287,0.0,0.0,0.15499860048294067,-1.0880210399627686,-1.2579631805419922,1.821012258529663,-0.6923739910125732,-1.0034947395324707,-1.047050952911377,-1.2264020442962646,-1.8325997591018677,0.6664894223213196,4.090461964371267e-13,0.15390512347221375,-1.8325996398925781,-0.4366205334663391,-0.29670995473861694,0.06665758788585663,-0.28922998905181885,-0.17452523112297058,0.09662600606679916,0.4786359965801239,-1.7532284259796143,0.7376160621643066,0.13913950324058533,0.4123038053512573,-0.14654116332530975,0.5134153962135315,-1.7644906044006348,0.8699955940246582,-0.04545930027961731
0.006704709492623806,-0.32801488041877747,0.7578598856925964,-0.27722492814064026,-0.18833619356155396,-0.46883755922317505,0.8172314167022705,0.0,0.0,0.18560542166233063,-1.0212830305099487,-1.3599388599395752,1.8156049251556396,-0.7013204097747803,-1.0045075416564941,-1.0470491647720337,-1.2187856435775757,-1.8325997591018677,0.6429492831230164,2.658611720531001e-13,0.15496471524238586,-1.8325984477996826,-0.4473687410354614,-0.29670995473861694,0.06258184462785721,-0.2963172495365143,-0.1745269000530243,0.09635018557310104,0.40952837467193604,-1.7565269470214844,0.7679383158683777,0.12160488218069077,0.4044007956981659,-0.17492014169692993,0.4772699475288391,-1.7535490989685059,0.8699970841407776,-0.056627728044986725
0.004988175351172686,-0.3329769968986511,0.7586122751235962,-0.2804635167121887,-0.2055702656507492,-0.4507927894592285,0.8221112489700317,0.0,0.0,0.21165534853935242,-0.9771250486373901,-1.4519999027252197,1.8018624782562256,-0.7097933292388916,-1.0070022344589233,-1.047074794769287,-1.208484411239624,-1.8325997591018677,0.6193096041679382,1.7280222933992173e-13,0.15460188686847687,-1.8323338031768799,-0.4547601342201233,-0.29670995473861694,0.05732429772615433,-0.2955462336540222,-0.17452797293663025,0.10292842984199524,0.3458864986896515,-1.751737117767334,0.7936728000640869,0.11769898980855942,0.39204105734825134,-0.2034321427345276,0.4381788372993469,-1.738295078277588,0.8699980974197388,-0.06847676634788513
0.005791984498500824,-0.3370666801929474,0.75999915599823,-0.2820895314216614,-0.21963737905025482,-0.4404394328594208,0.8235277533531189,0.0,0.0,0.2350366711616516,-0.9523969292640686,-1.5346016883850098,1.7824242115020752,-0.7176295518875122,-1.0109295845031738,-1.0470993518829346,-1.1970323324203491,-1.8325997591018677,0.5981889963150024,1.1230751571777997e-13,0.15323275327682495,-1.8319664001464844,-0.45980164408683777,-0.29670995473861694,0.05192221701145172,-0.2934344410896301,-0.17452868819236755,0.11252982169389725,0.2910998463630676,-1.7414109706878662,0.8135460615158081,0.12273310124874115,0.3773999810218811,-0.22937080264091492,0.4024149775505066,-1.721273422241211,0.8699987530708313,-0.07763905078172684
0.008637594990432262,-0.3399272561073303,0.7620590925216675,-0.28384891152381897,-0.22968658804893494,-0.4377344250679016,0.821621835231781,0.0,0.0,0.25557979941368103,-0.9382476806640625,-1.606513261795044,1.7622126340866089,-0.7246755361557007,-1.0164527893066406,-1.047134518623352,-1.1869349479675293,-1.8325997591018677,0.5819636583328247,7.298470909664762e-14,0.15133598446846008,-1.8318450450897217,-0.46338406205177307,-0.29670995473861694,0.050273627042770386,-0.28886646032333374,-0.17452913522720337,0.12411385774612427,0.24885293841362,-1.7278953790664673,0.8268123269081116,0.1333315074443817,0.36043232679367065,-0.25075608491897583,0.3712996542453766,-1.7033681869506836,0.8699991703033447,-0.08255365490913391
0.012510508298873901,-0.34172242879867554,0.764360785484314,-0.28612959384918213,-0.2360866814851761,-0.44051453471183777,0.8175205588340759,0.0,0.0,0.27411675453186035,-0.9308149814605713,-1.6687705516815186,1.7412445545196533,-0.7310030460357666,-1.0233154296875,-1.0471574068069458,-1.1783655881881714,-1.8325997591018677,0.5718525648117065,4.743521723961537e-14,0.14923648536205292,-1.8319988250732422,-0.46625763177871704,-0.29670995473861694,0.05232086032629013,-0.2828630805015564,-0.17452943325042725,0.13582658767700195,0.21946868300437927,-1.7142155170440674,0.8338071703910828,0.14635661244392395,0.34320083260536194,-0.2674405574798584,0.34451887011528015,-1.6861228942871094,0.8699994087219238,-0.08412863314151764
0.016794709488749504,-0.34272733330726624,0.7665010094642639,-0.28908655047416687,-0.23961441218852997,-0.44643986225128174,0.8122225403785706,0.0,0.0,0.2916466295719147,-0.9279142022132874,-1.7228566408157349,1.7206499576568604,-0.736670196056366,-1.0312912464141846,-1.0471723079681396,-1.1706063747406006,-1.8325997591018677,0.5679503679275513,3.082368819277807e-14,0.14707890152931213,-1.832205057144165,-0.4690127968788147,-0.29670995473861694,0.05702199786901474,-0.27612122893333435,-0.17452962696552277,0.14615605771541595,0.2007957398891449,-1.7024807929992676,0.8360666632652283,0.159021258354187,0.32760557532310486,-0.2784126400947571,0.32207897305488586,-1.671383261680603,0.8699995875358582,-0.08259956538677216
0.021081887185573578,-0.3431203365325928,0.7684125900268555,-0.2929723858833313,-0.24116720259189606,-0.45468270778656006,0.8057724237442017,0.0,0.0,0.3093576431274414,-0.9259302020072937,-1.7679810523986816,1.7030723094940186,-0.7416516542434692,-1.0402400493621826,-1.0471819639205933,-1.164800763130188,-1.8325997591018677,0.5690380334854126,2.003813646045058e-14,0.14489781856536865,-1.8323396444320679,-0.4717821478843689,-0.29670995473861694,0.06354140490293503,-0.2673500180244446,-0.1745297610759735,0.15489527583122253,0.19020962715148926,-1.6934688091278076,0.835588812828064,0.16950997710227966,0.3152775466442108,-0.28307679295539856,0.3024672865867615,-1.659001111984253,0.8699997067451477,-0.08045725524425507
0.024760570377111435,-0.3429139256477356,0.7696969509124756,-0.298263281583786,-0.24142664670944214,-0.46353816986083984,0.7986767292022705,0.0,0.0,0.32874080538749695,-0.9227125644683838,-1.8040767908096313,1.687976360321045,-0.7460149526596069,-1.0499305725097656,-1.0471882820129395,-1.1604998111724854,-1.8325997591018677,0.572772741317749,1.3012433537911046e-14,0.1427643895149231,-1.8324275016784668,-0.47474461793899536,-0.29670995473861694,0.07088690996170044,-0.25898322463035583,-0.17452985048294067,0.16173535585403442,0.182846337556839,-1.687911033630371,0.8339964151382446,0.1754118651151657,0.3060121536254883,-0.28409430384635925,0.282718688249588,-1.6494746208190918,0.8699997663497925,-0.0787462443113327
0.027442969381809235,-0.3437703847885132,0.7715528011322021,-0.3034999370574951,-0.2395843118429184,-0.46949872374534607,0.7937619686126709,0.0,0.0,0.35284820199012756,-0.9169331192970276,-1.8301842212677002,1.6657503843307495,-0.7499361038208008,-1.060064673423767,-1.0471923351287842,-1.1591178178787231,-1.8325997591018677,0.574978232383728,8.475850433293207e-15,0.14052711427211761,-1.8324854373931885,-0.4784480929374695,-0.29670995473861694,0.07599668204784393,-0.2565063238143921,-0.17452989518642426,0.16297978162765503,0.1762065291404724,-1.6828664541244507,0.8334444165229797,0.17336083948612213,0.30210280418395996,-0.28305584192276,0.2638891637325287,-1.6407899856567383,0.8699998259544373,-0.07820183038711548
0.029193483293056488,-0.3454548120498657,0.7733976244926453,-0.3098953068256378,-0.23551543056964874,-0.4702443778514862,0.7920653820037842,0.0,0.0,0.37611907720565796,-0.9029875993728638,-1.8444688320159912,1.6390273571014404,-0.7531414031982422,-1.071075201034546,-1.0471949577331543,-1.1608366966247559,-1.8325997591018677,0.571585476398468,5.503244209078759e-15,0.1384696066379547,-1.8325247764587402,-0.4836536645889282,-0.29670995473861694,0.08039935678243637,-0.2624549865722656,-0.17452992498874664,0.15828648209571838,0.1666419357061386,-1.6793766021728516,0.8347017765045166,0.16450674831867218,0.3030865788459778,-0.2830203175544739,0.24619929492473602,-1.635093331336975,0.8699998259544373,-0.07829450815916061
0.029735445976257324,-0.3475150167942047,0.7742369174957275,-0.3176995515823364,-0.2303774058818817,-0.4619769752025604,0.7953430414199829,0.0,0.0,0.3910323679447174,-0.8741858005523682,-1.8439781665802002,1.6152151823043823,-0.755206823348999,-1.0834730863571167,-1.047196626663208,-1.1532495021820068,-1.8325997591018677,0.5592763423919678,3.584780652117654e-15,0.1369161307811737,-1.831996202468872,-0.491404265165329,-0.29670995473861694,0.08812493085861206,-0.2795172333717346,-0.17452993988990784,0.1509513556957245,0.15165568888187408,-1.6775474548339844,0.8384864926338196,0.1519266664981842,0.3040965795516968,-0.288283109664917,0.23254211246967316,-1.6348072290420532,0.8699998259544373,-0.07748905569314957
0.03218737989664078,-0.34162914752960205,0.7726470232009888,-0.30934739112854004,-0.2226048856973648,-0.45097291469573975,0.807077944278717,0.0,0.0,0.39896130561828613,-0.8256727457046509,-1.8159067630767822,1.6542537212371826,-0.7534871101379395,-1.091387152671814,-1.0471978187561035,-1.116510272026062,-1.8302468061447144,0.5310110449790955,0.00859219953417778,0.1330164521932602,-1.832207441329956,-0.496216356754303,-0.29670995473861694,0.07372920215129852,-0.3057224452495575,-0.17452995479106903,0.14797672629356384,0.18923377990722656,-1.684058666229248,0.8178020715713501,0.14512678980827332,0.31500187516212463,-0.27828115224838257,0.26992207765579224,-1.66105318069458,0.8699998259544373,-0.06700928509235382
0.031986888498067856,-0.33585137128829956,0.7701884508132935,-0.2825796604156494,-0.22102157771587372,-0.4376422166824341,0.8244800567626953,0.0,0.0,0.40141206979751587,-0.7886238694190979,-1.783304214477539,1.7461626529693604,-0.7505776286125183,-1.0911870002746582,-1.0471985340118408,-1.0214349031448364,-1.815931797027588,0.4908824563026428,0.05994380638003349,0.1268802285194397,-1.8310730457305908,-0.4996449947357178,-0.29670995473861694,0.031107403337955475,-0.3321871757507324,-0.17452996969223022,0.14115436375141144,0.2476050853729248,-1.6967962980270386,0.7941462993621826,0.13850103318691254,0.32930096983909607,-0.26482224464416504,0.3313775658607483,-1.692571997642517,0.8699998259544373,-0.06169852614402771
0.03179893270134926,-0.33329713344573975,0.7685555815696716,-0.2361445426940918,-0.22305673360824585,-0.4294514060020447,0.8426463603973389,0.0,0.0,0.4086827039718628,-0.8007155656814575,-1.7651174068450928,1.8582582473754883,-0.7475218772888184,-1.0816497802734375,-1.047199010848999,-0.8853533267974854,-1.8191543817520142,0.4519609212875366,0.17769154906272888,0.1166357547044754,-1.8184878826141357,-0.49953436851501465,-0.29670995473861694,-0.04036198556423187,-0.35105961561203003,-0.17452996969223022,0.13197356462478638,0.3247564733028412,-1.7069576978683472,0.7700258493423462,0.13429102301597595,0.3472612202167511,-0.24875661730766296,0.4109879732131958,-1.7213255167007446,0.8699998259544373,-0.06114697456359863
0.0307944193482399,-0.33887267112731934,0.7698912620544434,-0.17970459163188934,-0.21844002604484558,-0.43987783789634705,0.8523483276367188,0.0,0.0,0.42517775297164917,-0.8840930461883545,-1.777120590209961,1.9203650951385498,-0.7472769618034363,-1.0654270648956299,-1.04716157913208,-0.7203661203384399,-1.8238587379455566,0.44518351554870605,0.3708440363407135,0.10314725339412689,-1.7991843223571777,-0.49774080514907837,-0.29670995473861694,-0.1123480349779129,-0.3447703719139099,-0.17452996969223022,0.12079751491546631,0.4322636127471924,-1.7154242992401123,0.7498964071273804,0.1295994222164154,0.37147200107574463,-0.22101131081581116,0.5166060924530029,-1.7402305603027344,0.8615747690200806,-0.06826147437095642
0.03243638575077057,-0.3495546579360962,0.772429347038269,-0.12465119361877441,-0.20685620605945587,-0.4707828760147095,0.8485493659973145,0.0,0.0,0.44252049922943115,-1.0293434858322144,-1.8133621215820312,1.9268138408660889,-0.7487038373947144,-1.0478192567825317,-1.0471714735031128,-0.5241602659225464,-1.826918125152588,0.48667681217193604,0.5989714860916138,0.08397023379802704,-1.7692687511444092,-0.4921621084213257,-0.2956829369068146,-0.17616093158721924,-0.30238842964172363,-0.17452996969223022,0.10817384719848633,0.5588383674621582,-1.7258613109588623,0.7361821532249451,0.12766480445861816,0.3941722810268402,-0.1829565316438675,0.6383498907089233,-1.7551933526992798,0.8441768884658813,-0.07277612388134003
0.037124909460544586,-0.35854780673980713,0.771695077419281,-0.08185789734125137,-0.18141226470470428,-0.5097955465316772,0.8369572162628174,0.0,0.0,0.4479771554470062,-1.182279109954834,-1.852836012840271,1.9284210205078125,-0.747541069984436,-1.0342180728912354,-1.0471813678741455,-0.3172353506088257,-1.828906774520874,0.5582056045532227,0.831710696220398,0.05715275555849075,-1.7327380180358887,-0.47885698080062866,-0.2740324139595032,-0.21120208501815796,-0.23748308420181274,-0.17452996969223022,0.09439589828252792,0.6813896894454956,-1.7395365238189697,0.7250828742980957,0.13104383647441864,0.40892744064331055,-0.14323870837688446,0.7535425424575806,-1.7744510173797607,0.8287065625190735,-0.06963028758764267
0.043929487466812134,-0.36473962664604187,0.767791748046875,-0.05263787508010864,-0.15698018670082092,-0.5349121689796448,0.8285260200500488,0.0,0.0,0.4353984594345093,-1.3083006143569946,-1.8992726802825928,1.9401600360870361,-0.7468500137329102,-1.0308811664581299,-1.0462216138839722,-0.14956066012382507,-1.8301993608474731,0.6273722648620605,0.9878910183906555,0.038494572043418884,-1.6989943981170654,-0.4702208638191223,-0.2543564438819885,-0.22814585268497467,-0.196308434009552,-0.17452996969223022,0.0800875797867775,0.7745267152786255,-1.7519416809082031,0.7197325229644775,0.1395241618156433,0.4185183048248291,-0.11329114437103271,0.8382507562637329,-1.7949162721633911,0.822974681854248,-0.06305357813835144
0.05029740929603577,-0.36774611473083496,0.7646194696426392,-0.028284406289458275,-0.12161880731582642,-0.5581210255622864,0.8203107714653015,0.0,0.0,0.4210048019886017,-1.4242134094238281,-1.9377797842025757,1.967949628829956,-0.7387903928756714,-1.0287094116210938,-1.046563982963562,0.0003454461693763733,-1.831039547920227,0.6928266286849976,1.1015808582305908,0.010859347879886627,-1.6661648750305176,-0.45110884308815,-0.22056365013122559,-0.22625979781150818,-0.1558421403169632,-0.17452996969223022,0.06077039986848831,0.8682020306587219,-1.7576372623443604,0.7036426067352295,0.14760282635688782,0.4247523546218872,-0.08468610793352127,0.9213520288467407,-1.808884859085083,0.8099921345710754,-0.05642411857843399
0.05607195943593979,-0.3694635033607483,0.7610158920288086,-0.009063858538866043,-0.09253881871700287,-0.5731369853019714,0.814167320728302,0.0,0.0,0.4067233204841614,-1.5113179683685303,-1.971369743347168,2.008249282836914,-0.7314388751983643,-1.0314805507659912,-1.0467865467071533,0.1280527114868164,-1.8315856456756592,0.7636756896972656,1.1551592350006104,-0.011381788179278374,-1.6361501216888428,-0.4349479079246521,-0.19194865226745605,-0.22339119017124176,-0.13234779238700867,-0.17452996969223022,0.04103961959481239,0.9413769245147705,-1.7632503509521484,0.690821647644043,0.15193895995616913,0.42880451679229736,-0.06498826295137405,0.983675479888916,-1.8205347061157227,0.8014543056488037,-0.05290559306740761
0.06113981455564499,-0.37066787481307983,0.7586325407028198,0.006514508277177811,-0.06981760263442993,-0.5835219621658325,0.8090643882751465,0.0,0.0,0.40280136466026306,-1.5678513050079346,-1.9934420585632324,2.058107376098633,-0.7242876291275024,-1.0367038249969482,-1.046931266784668,0.23946192860603333,-1.8319406509399414,0.8438188433647156,1.1690337657928467,-0.029821308329701424,-1.608224868774414,-0.4205792546272278,-0.16833290457725525,-0.22313398122787476,-0.11768714338541031,-0.17452996969223022,0.021949486806988716,0.9941426515579224,-1.7666816711425781,0.6810866594314575,0.15277855098247528,0.4314383864402771,-0.05282214283943176,1.0282175540924072,-1.8279085159301758,0.7955923080444336,-0.0524706169962883
0.06534712016582489,-0.3720681071281433,0.7576255798339844,0.015939490869641304,-0.05438772588968277,-0.5920042991638184,0.8039395809173584,0.0,0.0,0.42586854100227356,-1.5853313207626343,-1.995725393295288,2.1086506843566895,-0.7172144055366516,-1.0425413846969604,-1.047025203704834,0.33833420276641846,-1.8321713209152222,0.9162189960479736,1.1683542728424072,-0.045528218150138855,-1.5836504697799683,-0.4072994589805603,-0.15265421569347382,-0.22396734356880188,-0.10382331162691116,-0.17452996969223022,0.002780507318675518,1.0221573114395142,-1.769779920578003,0.6779610514640808,0.150469571352005,0.43315041065216064,-0.045480482280254364,1.0552606582641602,-1.832418441772461,0.7927042841911316,-0.052009109407663345
0.06811819970607758,-0.37366265058517456,0.7588785886764526,0.012816142290830612,-0.046977996826171875,-0.6016757488250732,0.797254741191864,0.0,0.0,0.49548444151878357,-1.5595154762268066,-1.9933505058288574,2.155355453491211,-0.7113360166549683,-1.0465954542160034,-1.0470863580703735,0.42599421739578247,-1.832321286201477,0.978906512260437,1.1633148193359375,-0.05899425595998764,-1.562200903892517,-0.395041823387146,-0.15126579999923706,-0.2173381745815277,-0.0826621949672699,-0.17452996969223022,-0.013592012226581573,1.024836540222168,-1.7702794075012207,0.680306077003479,0.14539745450019836,0.4342632293701172,-0.041082944720983505,1.0608538389205933,-1.831773281097412,0.7938096523284912,-0.05082171410322189
0.07036621123552322,-0.3747803270816803,0.762363612651825,-0.0039099641144275665,-0.045616794377565384,-0.6135652661323547,0.7883156538009644,0.0,0.0,0.5918874144554138,-1.493501901626587,-2.0180463790893555,2.2015480995178223,-0.7095130681991577,-1.0479373931884766,-1.047126054763794,0.5005595684051514,-1.8324187994003296,1.0309940576553345,1.1563669443130493,-0.07068309187889099,-1.5440683364868164,-0.38368725776672363,-0.1632751077413559,-0.19939813017845154,-0.051552582532167435,-0.17452996969223022,-0.02269529551267624,1.0089424848556519,-1.765610933303833,0.6840928792953491,0.13819676637649536,0.43498659133911133,-0.03624119237065315,1.0452585220336914,-1.8257973194122314,0.798913836479187,-0.048035137355327606
0.072674959897995,-0.3759670853614807,0.7660272121429443,-0.029115382581949234,-0.04835722595453262,-0.622439980506897,0.7806293964385986,0.0,0.0,0.7065621018409729,-1.4078104496002197,-2.075364589691162,2.2519986629486084,-0.7122950553894043,-1.0459017753601074,-1.0469934940338135,0.5647954940795898,-1.8324822187423706,1.0697295665740967,1.1448802947998047,-0.08116459101438522,-1.5290292501449585,-0.3728429675102234,-0.18242624402046204,-0.17209604382514954,-0.01609284244477749,-0.17452996969223022,-0.02254755236208439,0.9810229539871216,-1.760589361190796,0.6915570497512817,0.1297621876001358,0.4354567527770996,-0.035022638738155365,1.0166294574737549,-1.8187062740325928,0.8062319755554199,-0.04498753696680069
0.07479603588581085,-0.3777692914009094,0.7683435082435608,-0.056415241211652756,-0.055362045764923096,-0.6266881823539734,0.7752510905265808,0.0,0.0,0.8173747062683105,-1.3225958347320557,-2.1497793197631836,2.2975239753723145,-0.7180675864219666,-1.0434606075286865,-1.046530842781067,0.606583833694458,-1.8325233459472656,1.0967987775802612,1.1343955993652344,-0.08959934860467911,-1.5174193382263184,-0.36405956745147705,-0.20603208243846893,-0.1429116129875183,0.021075040102005005,-0.17452996969223022,-0.015872538089752197,0.9507780075073242,-1.7593740224838257,0.7014368772506714,0.12045327574014664,0.43576234579086304,-0.035450782626867294,0.9865995645523071,-1.8133995532989502,0.8144530057907104,-0.04058685898780823
0.07823044061660767,-0.37854212522506714,0.7684329748153687,-0.07575579732656479,-0.06222163513302803,-0.6268025636672974,0.7729864120483398,0.0,0.0,0.9445120096206665,-1.233501672744751,-2.2408840656280518,2.348464012145996,-0.7254115343093872,-1.029001235961914,-1.0465238094329834,0.6207875609397888,-1.8325501680374146,1.1188185214996338,1.1220500469207764,-0.10550159215927124,-1.5090469121932983,-0.34583333134651184,-0.19251906871795654,-0.12082824110984802,0.0476931557059288,-0.17452996969223022,0.006752370856702328,0.8868863582611084,-1.7620786428451538,0.723157525062561,0.11246474087238312,0.4359610080718994,-0.04861310496926308,0.9263630509376526,-1.8145534992218018,0.833648681640625,-0.034660596400499344
0.08098313212394714,-0.37902727723121643,0.7688013315200806,-0.08228317648172379,-0.06703616678714752,-0.6258548498153687,0.7726845145225525,0.0,0.0,1.0371990203857422,-1.168252944946289,-2.3142552375793457,2.38020658493042,-0.7308356761932373,-1.0093473196029663,-1.0467604398727417,0.6188869476318359,-1.832567572593689,1.1292457580566406,1.1004921197891235,-0.12656152248382568,-1.5029996633529663,-0.321114718914032,-0.15640439093112946,-0.11262025684118271,0.06234123557806015,-0.17452996969223022,0.03068394958972931,0.8177578449249268,-1.7634649276733398,0.745384693145752,0.10478618741035461,0.4360901117324829,-0.06745627522468567,0.8629875183105469,-1.8111953735351562,0.846371591091156,-0.032657086849212646
0.08349442481994629,-0.3795524537563324,0.7693221569061279,-0.07613751292228699,-0.06838861852884293,-0.6268153786659241,0.7724173665046692,0.0,0.0,1.0611339807510376,-1.1415596008300781,-2.35487699508667,2.3955860137939453,-0.7320351600646973,-0.9900166988372803,-1.0469142198562622,0.6023187637329102,-1.8325788974761963,1.1327664852142334,1.0702424049377441,-0.14993558824062347,-1.498286485671997,-0.29330381751060486,-0.10799616575241089,-0.1195971667766571,0.06707693636417389,-0.17452996969223022,0.05142407864332199,0.7644875049591064,-1.7612173557281494,0.7593728303909302,0.10119882225990295,0.43617403507232666,-0.08464920520782471,0.8100553750991821,-1.8047221899032593,0.8546414971351624,-0.03112025558948517
0.08488897979259491,-0.3826075792312622,0.769027590751648,-0.06060215085744858,-0.0724949985742569,-0.6316119432449341,0.7695052027702332,0.0,0.0,0.9680554866790771,-1.192800760269165,-2.3542957305908203,2.3971762657165527,-0.7313880920410156,-1.0068434476852417,-1.0470142364501953,0.5779591202735901,-1.8325862884521484,1.1196913719177246,1.018738865852356,-0.17462557554244995,-1.495935320854187,-0.2638437747955322,-0.08616288006305695,-0.14481158554553986,0.07448139786720276,-0.17452996969223022,0.04870995879173279,0.7618817687034607,-1.763636827468872,0.7636326551437378,0.09860795736312866,0.43622857332229614,-0.08972102403640747,0.8048108816146851,-1.801668643951416,0.860016942024231,-0.02710169181227684
0.08861856162548065,-0.38370639085769653,0.7682785391807556,-0.041435398161411285,-0.06716959178447723,-0.6327067613601685,0.7703593969345093,0.0,0.0,0.8518317341804504,-1.2547411918640137,-2.3462746143341064,2.408055067062378,-0.7291293740272522,-1.028538465499878,-1.0470792055130005,0.5510756373405457,-1.8325910568237305,1.1211730241775513,1.0007236003875732,-0.1968402862548828,-1.4914369583129883,-0.23635923862457275,-0.05915376543998718,-0.16794970631599426,0.059834204614162445,-0.17452996969223022,0.04124024137854576,0.7811691761016846,-1.7645480632781982,0.7578213214874268,0.10173864662647247,0.4362640380859375,-0.0857546329498291,0.8177571296691895,-1.8034818172454834,0.8635109663009644,-0.020207077264785767
0.09383025765419006,-0.38370048999786377,0.7666666507720947,-0.02587098814547062,-0.057659029960632324,-0.6336910724639893,0.7710005044937134,0.0,0.0,0.7453284859657288,-1.318045973777771,-2.3162858486175537,2.397388458251953,-0.7253928184509277,-1.0481865406036377,-1.047121524810791,0.5324680805206299,-1.8325941562652588,1.1279048919677734,1.008221983909607,-0.2164003849029541,-1.485144853591919,-0.21097725629806519,-0.04166235029697418,-0.18169471621513367,0.03801433742046356,-0.17452996969223022,0.033444225788116455,0.8191691040992737,-1.7648561000823975,0.743869423866272,0.10756148397922516,0.4362871050834656,-0.07830580323934555,0.8452421426773071,-1.8095812797546387,0.8657820820808411,-0.016088517382740974
0.09941449761390686,-0.38395482301712036,0.7637391090393066,-0.013373340480029583,-0.04750794172286987,-0.634650468826294,0.7712216973304749,0.0,0.0,0.6619881987571716,-1.3838642835617065,-2.2870867252349854,2.3800556659698486,-0.7251720428466797,-1.0743298530578613,-1.0471439361572266,0.5241509675979614,-1.8325961828231812,1.1492915153503418,1.0263069868087769,-0.22974857687950134,-1.4793781042099,-0.19334231317043304,-0.03658303618431091,-0.18936322629451752,0.01580309309065342,-0.17452996969223022,0.024680810049176216,0.8717879056930542,-1.767690658569336,0.7267614006996155,0.1132851243019104,0.436302125453949,-0.07024751603603363,0.8855155110359192,-1.8202601671218872,0.8672582507133484,-0.013589998707175255
0.10364504158496857,-0.38290661573410034,0.7624345421791077,-0.008472868241369724,-0.03897784650325775,-0.6383571028709412,0.7687061429023743,0.0,0.0,0.6113930940628052,-1.4313194751739502,-2.245237350463867,2.3576183319091797,-0.7196253538131714,-1.0870897769927979,-1.047163486480713,0.5249091386795044,-1.8325974941253662,1.1677162647247314,1.051032304763794,-0.2427612841129303,-1.4712426662445068,-0.174706369638443,-0.045565929263830185,-0.1862870752811432,0.0024995659478008747,-0.17452996969223022,0.02001315727829933,0.929313063621521,-1.7620161771774292,0.6993027925491333,0.11961069703102112,0.43631184101104736,-0.060333240777254105,0.9256223440170288,-1.8247272968292236,0.862492561340332,-0.014013879001140594
0.10617376118898392,-0.3821968138217926,0.7615978121757507,-0.008475873619318008,-0.03212383762001991,-0.6418306827545166,0.7661263942718506,0.0,0.0,0.604875922203064,-1.452531099319458,-2.193324565887451,2.325634717941284,-0.71148282289505,-1.0904324054718018,-1.0471762418746948,0.5354862213134766,-1.832598328590393,1.1870700120925903,1.0772020816802979,-0.25510257482528687,-1.4617754220962524,-0.1554488241672516,-0.05803443491458893,-0.1773674041032791,-0.0012028815690428019,-0.17452996969223022,0.016622476279735565,0.974658727645874,-1.758259892463684,0.6799989938735962,0.1225280910730362,0.43631815910339355,-0.056285493075847626,0.959102988243103,-1.8270628452301025,0.8558275103569031,-0.01555866189301014
0.10720637440681458,-0.38186925649642944,0.7612757086753845,-0.013765823096036911,-0.02835179679095745,-0.6452507972717285,0.7633203864097595,0.0,0.0,0.6410402655601501,-1.4456932544708252,-2.151419162750244,2.2908711433410645,-0.7054001688957214,-1.0912156105041504,-1.0471844673156738,0.5530259013175964,-1.8325988054275513,1.206028699874878,1.1001226902008057,-0.2647327780723572,-1.4531991481781006,-0.13961170613765717,-0.07212786376476288,-0.1652829796075821,0.0020777410827577114,-0.17452996969223022,0.013344724662601948,1.000164270401001,-1.7580552101135254,0.6731189489364624,0.12147361785173416,0.43632227182388306,-0.0569038912653923,0.9778764843940735,-1.8284416198730469,0.8535158634185791,-0.016846586018800735
0.10702547430992126,-0.3816255033016205,0.7627554535865784,-0.026620803400874138,-0.02936209924519062,-0.650265634059906,0.7586723566055298,0.0,0.0,0.7084020376205444,-1.4111155271530151,-2.1442317962646484,2.2701966762542725,-0.7028982043266296,-1.0908468961715698,-1.0471899509429932,0.5764878392219543,-1.83259916305542,1.2196656465530396,1.1182048320770264,-0.2718468904495239,-1.4456757307052612,-0.12735429406166077,-0.09571647644042969,-0.14987999200820923,0.01269950158894062,-0.17452996969223022,0.01113100629299879,1.008880615234375,-1.755134105682373,0.6733144521713257,0.11888772249221802,0.43632495403289795,-0.05879257619380951,0.9805103540420532,-1.8255465030670166,0.8542003035545349,-0.01922786608338356
0.1063523069024086,-0.38114500045776367,0.764286458492279,-0.04665485769510269,-0.03522098809480667,-0.6556285619735718,0.7528173923492432,0.0,0.0,0.806158721446991,-1.3598082065582275,-2.1745312213897705,2.2712275981903076,-0.7042985558509827,-1.0884478092193604,-1.047115683555603,0.6018649339675903,-1.832599401473999,1.2263318300247192,1.131704330444336,-0.2774290442466736,-1.4392201900482178,-0.11730162799358368,-0.1273283064365387,-0.1315377801656723,0.029907751828432083,-0.17452996969223022,0.01005199272185564,1.000697374343872,-1.7545897960662842,0.679789125919342,0.11556586623191833,0.43632668256759644,-0.06383384764194489,0.9684575796127319,-1.823868751525879,0.8589876890182495,-0.020526226609945297
0.10579743981361389,-0.38130080699920654,0.7642841339111328,-0.06511157751083374,-0.043412547558546066,-0.6601895689964294,0.747011125087738,0.0,0.0,0.8943381905555725,-1.299521803855896,-2.227224826812744,2.279395341873169,-0.7078263759613037,-1.0868656635284424,-1.047144889831543,0.6113232374191284,-1.8325995206832886,1.2268850803375244,1.142055630683899,-0.2824358344078064,-1.4354900121688843,-0.10922788083553314,-0.15733547508716583,-0.11803198605775833,0.05285949259996414,-0.17452996969223022,0.008232604712247849,0.9862776398658752,-1.7626104354858398,0.6884046792984009,0.10736194252967834,0.43632781505584717,-0.06711222976446152,0.9553465843200684,-1.8262958526611328,0.8628041744232178,-0.016674824059009552
0.10669391602277756,-0.3811500668525696,0.7626914978027344,-0.0696299746632576,-0.049735404551029205,-0.6587954759597778,0.7474400401115417,0.0,0.0,0.9495237469673157,-1.22576105594635,-2.27118182182312,2.3100829124450684,-0.709684431552887,-1.0765043497085571,-1.0471642017364502,0.5886228084564209,-1.8325996398925781,1.2147295475006104,1.1551907062530518,-0.2929626405239105,-1.4324142932891846,-0.09326638281345367,-0.1502417027950287,-0.11981518566608429,0.07055237889289856,-0.17452996969223022,0.010462719947099686,0.9450947642326355,-1.7793264389038086,0.7027627229690552,0.09600384533405304,0.4363285303115845,-0.08057589828968048,0.9324129819869995,-1.8330079317092896,0.8653226494789124,-0.00906556099653244
0.10725867748260498,-0.38515985012054443,0.7578748464584351,-0.06630130112171173,-0.06772607564926147,-0.6490378379821777,0.7548292875289917,0.0,0.0,0.8515670299530029,-1.1894904375076294,-2.235353946685791,2.3473684787750244,-0.7065710425376892,-1.0848863124847412,-1.047176718711853,0.5466933846473694,-1.8325997591018677,1.1810446977615356,1.2312958240509033,-0.3130989074707031,-1.4341530799865723,-0.06618131697177887,-0.17286674678325653,-0.14308729767799377,0.0760294646024704,-0.17452996969223022,0.004932344425469637,0.9253727197647095,-1.8050934076309204,0.7196425199508667,0.08257661759853363,0.4363290071487427,-0.09714825451374054,0.9449489116668701,-1.8467864990234375,0.8669596910476685,-0.003982914611697197
0.11005936563014984,-0.3900426924228668,0.7503914833068848,-0.05667426809668541,-0.08267462253570557,-0.62813401222229,0.7716221213340759,0.0,0.0,0.6170212626457214,-1.2266287803649902,-2.1041040420532227,2.4001083374023438,-0.6991703510284424,-1.116480827331543,-1.0471848249435425,0.48464488983154297,-1.8325997591018677,1.134063482284546,1.4172667264938354,-0.34315159916877747,-1.4383113384246826,-0.02838600054383278,-0.1936245709657669,-0.16902963817119598,0.04477643966674805,-0.17452996969223022,0.008854186162352562,0.9199499487876892,-1.832541584968567,0.7379181981086731,0.07780779898166656,0.43632930517196655,-0.11175850033760071,0.9711899161338806,-1.8691725730895996,0.8680237531661987,-0.0006704344414174557
0.11475031077861786,-0.3935489356517792,0.7431204915046692,-0.050241388380527496,-0.09157034009695053,-0.606113076210022,0.7884907126426697,0.0,0.0,0.36753860116004944,-1.307801604270935,-1.9533700942993164,2.4421896934509277,-0.6896145939826965,-1.1523939371109009,-1.0471900701522827,0.41414445638656616,-1.8325997591018677,1.0850942134857178,1.6256847381591797,-0.3795658349990845,-1.443692684173584,0.016462473198771477,-0.21196520328521729,-0.18298950791358948,-0.0010234732180833817,-0.17452996969223022,0.020806657150387764,0.9317727088928223,-1.8548781871795654,0.7549046277999878,0.08482792228460312,0.43632954359054565,-0.1144334226846695,1.000267505645752,-1.8915088176727295,0.8687154054641724,-0.0031498530879616737
0.1206621378660202,-0.3917888402938843,0.7397642135620117,-0.04748911038041115,-0.09146342426538467,-0.6029757261276245,0.7910748720169067,0.0,0.0,0.15692737698554993,-1.396956443786621,-1.814622402191162,2.4106180667877197,-0.6759021282196045,-1.1725366115570068,-1.0471935272216797,0.33810338377952576,-1.8325997591018677,1.0430686473846436,1.829425573348999,-0.41803646087646484,-1.4402992725372314,0.06316432356834412,-0.2103869467973709,-0.18834973871707916,-0.021498776972293854,-0.17452996969223022,0.04474758356809616,0.9588712453842163,-1.856844425201416,0.7462847828865051,0.10540221631526947,0.4361892342567444,-0.09599126875400543,1.0123300552368164,-1.9029481410980225,0.868443489074707,-0.016664957627654076
0.12857502698898315,-0.3887675702571869,0.740119218826294,-0.04920455440878868,-0.08360879868268967,-0.6113172173500061,0.785416841506958,0.0,0.0,-0.023591451346874237,-1.4854152202606201,-1.6846263408660889,2.316570997238159,-0.6580368280410767,-1.1818816661834717,-1.0471487045288086,0.24422681331634521,-1.8325997591018677,1.0092387199401855,2.029309034347534,-0.45561683177948,-1.430046558380127,0.10930211842060089,-0.204864963889122,-0.17407332360744476,-0.020977569743990898,-0.17452996969223022,0.06276757270097733,0.9975131750106812,-1.8480020761489868,0.723081111907959,0.12767961621284485,0.4214302897453308,-0.06956800818443298,1.0258805751800537,-1.9036494493484497,0.8590627908706665,-0.029545830562710762
0.13839948177337646,-0.3851645290851593,0.7443788647651672,-0.0496242418885231,-0.07232701778411865,-0.6251315474510193,0.7755751609802246,0.0,0.0,-0.1757080852985382,-1.563027024269104,-1.5840967893600464,2.1973555088043213,-0.6377207040786743,-1.1823447942733765,-1.0470235347747803,0.12374643981456757,-1.8191086053848267,0.9927856922149658,2.211291790008545,-0.4891396760940552,-1.4163693189620972,0.15211953222751617,-0.19466407597064972,-0.1483103334903717,-0.013778315857052803,-0.17452996969223022,0.0741908997297287,1.0356756448745728,-1.8314707279205322,0.691157877445221,0.1433253288269043,0.3834267258644104,-0.041409172117710114,1.0344589948654175,-1.8931019306182861,0.8442122936248779,-0.0329647995531559
0.14906984567642212,-0.3819778561592102,0.7523238658905029,-0.04124147817492485,-0.06255905330181122,-0.6378874182701111,0.7664757966995239,0.0,0.0,-0.3156079053878784,-1.6360218524932861,-1.494613528251648,2.053049087524414,-0.6167620420455933,-1.1769087314605713,-1.0467616319656372,0.008016049861907959,-1.759953498840332,1.004607915878296,2.3630504608154297,-0.5158535838127136,-1.401845932006836,0.189256951212883,-0.17850740253925323,-0.1247895210981369,-0.006952017080038786,-0.17452993988990784,0.0789213702082634,1.0675106048583984,-1.8106660842895508,0.6547024250030518,0.1498376578092575,0.3215049207210541,-0.017377909272909164,1.0396523475646973,-1.8689526319503784,0.82245934009552,-0.02849918231368065
0.1609373390674591,-0.3798714280128479,0.7627005577087402,-0.02816840447485447,-0.0566549114882946,-0.6443881392478943,0.7620766162872314,0.0,0.0,-0.44040197134017944,-1.7048208713531494,-1.405890703201294,1.9053268432617188,-0.5973988771438599,-1.1677814722061157,-1.0464893579483032,-0.10239063203334808,-1.668116569519043,1.0310195684432983,2.4713830947875977,-0.5359086990356445,-1.3880231380462646,0.22057710587978363,-0.16667231917381287,-0.10283613950014114,-0.005482271779328585,-0.1743004024028778,0.0782933235168457,1.0953426361083984,-1.785130500793457,0.6143392324447632,0.14997059106826782,0.23995524644851685,-0.0012875329703092575,1.0353314876556396,-1.8352036476135254,0.8033772110939026,-0.016443995758891106
0.1719045341014862,-0.37914514541625977,0.7745033502578735,-0.012119685299694538,-0.05399438366293907,-0.6457017660140991,0.7615818977355957,0.0,0.0,-0.5461920499801636,-1.74954354763031,-1.3394896984100342,1.7616780996322632,-0.5809666514396667,-1.1557732820510864,-1.0460050106048584,-0.21312734484672546,-1.5563229322433472,1.069807529449463,2.544963836669922,-0.5496950149536133,-1.3750064373016357,0.24651658535003662,-0.15780270099639893,-0.08980806171894073,-0.009436258114874363,-0.1679684817790985,0.07420535385608673,1.1117558479309082,-1.757262945175171,0.5782041549682617,0.13934320211410522,0.1529552936553955,0.008088302798569202,1.0253183841705322,-1.794238805770874,0.7850879430770874,0.0029044784605503082
0.17880557477474213,-0.37918439507484436,0.7846132516860962,0.004778395872563124,-0.05341985821723938,-0.6441944241523743,0.7629790902137756,0.0,0.0,-0.6195371747016907,-1.7786132097244263,-1.290743350982666,1.6370660066604614,-0.5680379867553711,-1.1426751613616943,-1.0457913875579834,-0.3322368860244751,-1.4478464126586914,1.128415822982788,2.5906920433044434,-0.5580419301986694,-1.3634836673736572,0.2681436240673065,-0.14984558522701263,-0.08503486961126328,-0.014894380234181881,-0.15604425966739655,0.06538768112659454,1.1200366020202637,-1.7323294878005981,0.5498464107513428,0.1225506141781807,0.07175058126449585,0.012456628493964672,1.015076756477356,-1.754305124282837,0.7740395069122314,0.026754120364785194
0.18164533376693726,-0.3798391819000244,0.7904443740844727,0.019154731184244156,-0.05492068827152252,-0.6407182216644287,0.7655696868896484,0.0,0.0,-0.6675733923912048,-1.7975084781646729,-1.253429889678955,1.5331459045410156,-0.558324933052063,-1.13009512424469,-1.0457611083984375,-0.4644671678543091,-1.3625588417053223,1.2065222263336182,2.610527992248535,-0.562055230140686,-1.3536436557769775,0.2865573763847351,-0.14138050377368927,-0.08243001997470856,-0.020356446504592896,-0.1429165154695511,0.05318609997630119,1.117361068725586,-1.7198331356048584,0.5360687971115112,0.09772421419620514,0.0014407113194465637,0.012385869398713112,0.9967796802520752,-1.7254465818405151,0.7805488109588623,0.05804622918367386
0.1817246675491333,-0.3810797929763794,0.791374683380127,0.026778077706694603,-0.057985611259937286,-0.6336240172386169,0.7710001468658447,0.0,0.0,-0.6972776651382446,-1.8097904920578003,-1.2274351119995117,1.4544230699539185,-0.5506494045257568,-1.1191816329956055,-1.0458773374557495,-0.5954456329345703,-1.3044960498809814,1.2929250001907349,2.6143765449523926,-0.5624961256980896,-1.3446770906448364,0.30237603187561035,-0.13935604691505432,-0.07466860115528107,-0.03197955712676048,-0.1309850811958313,0.03810195252299309,1.107337236404419,-1.7229809761047363,0.5407338738441467,0.07688925415277481,-0.053444020450115204,0.00934030395001173,0.9768562316894531,-1.7120330333709717,0.8026598691940308,0.09140275418758392
0.1804332584142685,-0.3831633925437927,0.7904922962188721,0.031066177412867546,-0.060199279338121414,-0.6243889927864075,0.7781705260276794,0.0,0.0,-0.7133188247680664,-1.8177738189697266,-1.2064849138259888,1.3905117511749268,-0.5446771383285522,-1.1101405620574951,-1.0460060834884644,-0.7253270149230957,-1.281025767326355,1.3880960941314697,2.594978094100952,-0.5598962306976318,-1.337807059288025,0.31585967540740967,-0.13503296673297882,-0.06326314061880112,-0.04154059290885925,-0.1257152259349823,0.02606542594730854,1.0886825323104858,-1.7375357151031494,0.556553065776825,0.0617508739233017,-0.09575100988149643,0.00056063337251544,0.9564321041107178,-1.7055039405822754,0.8262287974357605,0.12340366095304489
0.17872224748134613,-0.3855137825012207,0.7897498607635498,0.03112114779651165,-0.06148567423224449,-0.6125016212463379,0.787459671497345,0.0,0.0,-0.7150090932846069,-1.8229628801345825,-1.1883656978607178,1.3366132974624634,-0.5401632785797119,-1.1032241582870483,-1.046102523803711,-0.8513373136520386,-1.294468879699707,1.4903719425201416,2.558668375015259,-0.5546542406082153,-1.3328053951263428,0.3272670805454254,-0.13581162691116333,-0.04873991757631302,-0.05159880220890045,-0.12346528470516205,0.01699455827474594,1.0782076120376587,-1.7495064735412598,0.5706186294555664,0.05044059082865715,-0.12332364916801453,-0.009793918579816818,0.9474329948425293,-1.700630784034729,0.8415486812591553,0.14648711681365967
0.17730386555194855,-0.3878304958343506,0.7886555790901184,0.026222893968224525,-0.061206888407468796,-0.5976730585098267,0.7989699244499207,0.0,0.0,-0.7104261517524719,-1.8263357877731323,-1.170762300491333,1.288679599761963,-0.5366573333740234,-1.0981566905975342,-1.0462538003921509,-0.962870717048645,-1.333159327507019,1.5865639448165894,2.501650810241699,-0.547134518623352,-1.3297953605651855,0.33645814657211304,-0.1388007253408432,-0.027189919725060463,-0.06489384174346924,-0.12505456805229187,0.011495672166347504,1.07280695438385,-1.759049415588379,0.5830582976341248,0.04506239667534828,-0.14124587178230286,-0.0181697029620409,0.9462709426879883,-1.6990803480148315,0.8515065908432007,0.16373826563358307
0.17647728323936462,-0.38959789276123047,0.7886379957199097,0.017453648149967194,-0.061754532158374786,-0.5831551551818848,0.809822142124176,0.0,0.0,-0.7020785808563232,-1.8285281658172607,-1.149933934211731,1.2451329231262207,-0.5335721969604492,-1.0944535732269287,-1.0464799404144287,-1.0642852783203125,-1.3871304988861084,1.6678862571716309,2.421943426132202,-0.5373318195343018,-1.3285256624221802,0.3430635631084442,-0.144892156124115,-0.0028049172833561897,-0.08022943139076233,-0.129316046833992,0.009226047433912754,1.0679620504379272,-1.7628659009933472,0.5903241038322449,0.04557535797357559,-0.15289531648159027,-0.023439504206180573,0.9457127451896667,-1.6971557140350342,0.8579792380332947,0.17690354585647583
0.17645323276519775,-0.390708863735199,0.7889043688774109,0.008497551083564758,-0.060749538242816925,-0.5752867460250854,0.8156484365463257,0.0,0.0,-0.6882120966911316,-1.8299533128738403,-1.1296921968460083,1.20615553855896,-0.5309199094772339,-1.091557264328003,-1.0467088222503662,-1.1513105630874634,-1.458546757698059,1.7413129806518555,2.3273327350616455,-0.5252819657325745,-1.329280138015747,0.3471417725086212,-0.14928409457206726,0.02072826772928238,-0.09168653190135956,-0.1353868991136551,0.011270483955740929,1.0681790113449097,-1.7637264728546143,0.5919030904769897,0.048288777470588684,-0.16046744585037231,-0.025461826473474503,0.949874997138977,-1.6955506801605225,0.8621864914894104,0.18781238794326782
0.17680352926254272,-0.3913956880569458,0.789200484752655,-0.0003758380189538002,-0.05766333267092705,-0.5727850198745728,0.8176748752593994,0.0,0.0,-0.6689974665641785,-1.83087956905365,-1.1109222173690796,1.1752057075500488,-0.5288689732551575,-1.089584231376648,-1.0468807220458984,-1.2205556631088257,-1.538268804550171,1.798176646232605,2.226357936859131,-0.5119474530220032,-1.331351637840271,0.3494652211666107,-0.1521894931793213,0.04448468238115311,-0.1016637533903122,-0.14197684824466705,0.015786007046699524,1.0745463371276855,-1.7627028226852417,0.590386688709259,0.05014415085315704,-0.16538932919502258,-0.023821456357836723,0.9608449935913086,-1.6947556734085083,0.8649212121963501,0.19519971311092377
0.17713579535484314,-0.3920854926109314,0.7892279624938965,-0.006385596003383398,-0.05295537784695625,-0.5750219225883484,0.8163974285125732,0.0,0.0,-0.6444342136383057,-1.831481695175171,-1.09316885471344,1.1540509462356567,-0.5278890132904053,-1.0884253978729248,-1.0469924211502075,-1.2718007564544678,-1.6217694282531738,1.8305633068084717,2.114771842956543,-0.4979843497276306,-1.3345074653625488,0.35041049122810364,-0.15044140815734863,0.06391120702028275,-0.10903376340866089,-0.1493818461894989,0.024336740374565125,1.0858852863311768,-1.761117935180664,0.5866038799285889,0.04996272549033165,-0.1685885488986969,-0.018167125061154366,0.9746949076652527,-1.695159912109375,0.8666987419128418,0.1996205896139145
0.17736658453941345,-0.3925751745700836,0.788639485836029,-0.011829919181764126,-0.04798145219683647,-0.5797109603881836,0.8133222460746765,0.0,0.0,-0.6247380375862122,-1.8318730592727661,-1.0729429721832275,1.141632318496704,-0.5278431177139282,-1.0876197814941406,-1.047065019607544,-1.3000999689102173,-1.6950480937957764,1.8456733226776123,2.0142135620117188,-0.48405584692955017,-1.3374395370483398,0.35099053382873535,-0.14843125641345978,0.08149048686027527,-0.11364932358264923,-0.15808454155921936,0.03518158197402954,1.1025742292404175,-1.7597414255142212,0.5787007212638855,0.0538833923637867,-0.16988980770111084,-0.010924352332949638,0.9896628856658936,-1.6984179019927979,0.8676528930664062,0.20049487054347992
0.17717774212360382,-0.39308422803878784,0.7882795929908752,-0.01372342649847269,-0.04355468600988388,-0.5887186527252197,0.8070470690727234,0.0,0.0,-0.6023972630500793,-1.8321274518966675,-1.0588127374649048,1.1383793354034424,-0.5294570326805115,-1.0869863033294678,-1.047112226486206,-1.304207444190979,-1.7431912422180176,1.851028561592102,1.927635908126831,-0.47070735692977905,-1.339058518409729,0.35190972685813904,-0.1448376476764679,0.08894246071577072,-0.11470817029476166,-0.16384044289588928,0.045897066593170166,1.1210384368896484,-1.755260705947876,0.5669019818305969,0.05672761797904968,-0.16366514563560486,-0.0034868642687797546,1.006183385848999,-1.7008154392242432,0.8652651906013489,0.19480527937412262
0.17645278573036194,-0.39362865686416626,0.7871678471565247,-0.011843503452837467,-0.0379144586622715,-0.6009188890457153,0.7983224391937256,0.0,0.0,-0.5759000778198242,-1.832118272781372,-1.0415440797805786,1.1458966732025146,-0.5322743654251099,-1.0861245393753052,-1.0471429824829102,-1.2874070405960083,-1.7744842767715454,1.846303105354309,1.851853609085083,-0.45882517099380493,-1.3387900590896606,0.3540790379047394,-0.13847538828849792,0.08897705376148224,-0.11016689240932465,-0.16758178174495697,0.05436535179615021,1.1425220966339111,-1.7516156435012817,0.5534067749977112,0.05966780334711075,-0.15111911296844482,0.001966010546311736,1.0280959606170654,-1.704188585281372,0.8557394742965698,0.18439003825187683
0.17577126622200012,-0.39419275522232056,0.7853716611862183,-0.006206996273249388,-0.030844269320368767,-0.6156484484672546,0.7873925566673279,0.0,0.0,-0.5378798842430115,-1.830894947052002,-1.0308626890182495,1.1581175327301025,-0.5368055701255798,-1.0847976207733154,-1.0469810962677002,-1.2454850673675537,-1.7948247194290161,1.8394402265548706,1.7882883548736572,-0.44909629225730896,-1.3363664150238037,0.35840028524398804,-0.1271192580461502,0.08222982287406921,-0.10053589940071106,-0.1700136512517929,0.061025746166706085,1.1634413003921509,-1.7496026754379272,0.540706992149353,0.06115467846393585,-0.13425365090370178,0.007398928049951792,1.0524576902389526,-1.7070562839508057,0.8399996757507324,0.17135167121887207
0.175394207239151,-0.39478403329849243,0.7830876111984253,0.003417996224015951,-0.02135976031422615,-0.6333248615264893,0.773583710193634,0.0,0.0,-0.4878433346748352,-1.8245099782943726,-1.0327070951461792,1.1656850576400757,-0.5430721044540405,-1.0829038619995117,-1.0466995239257812,-1.1855183839797974,-1.8080459833145142,1.8335851430892944,1.7333834171295166,-0.4419777989387512,-1.3323301076889038,0.36516791582107544,-0.10913707315921783,0.0707327127456665,-0.08434465527534485,-0.17159436643123627,0.06681445240974426,1.1868493556976318,-1.74761962890625,0.5274438858032227,0.06184675544500351,-0.11637058854103088,0.014664759859442711,1.0810441970825195,-1.7083053588867188,0.8184825778007507,0.1567312330007553
0.1751628816127777,-0.3951326906681061,0.7810529470443726,0.014894219115376472,-0.0102702546864748,-0.6524658799171448,0.7576020956039429,0.0,0.0,-0.43364280462265015,-1.812806248664856,-1.0402309894561768,1.1645811796188354,-0.5497525930404663,-1.0804500579833984,-1.0464950799942017,-1.1220459938049316,-1.81663978099823,1.8220757246017456,1.6767741441726685,-0.4371325969696045,-1.3281452655792236,0.3736273944377899,-0.08586012572050095,0.058340106159448624,-0.06329572200775146,-0.17262183129787445,0.07193361967802048,1.2118169069290161,-1.7423608303070068,0.5109216570854187,0.0617201030254364,-0.1009596437215805,0.025915972888469696,1.1097296476364136,-1.7063297033309937,0.7941761612892151,0.14238660037517548
0.17501595616340637,-0.3949959874153137,0.778964638710022,0.02608938328921795,0.0018470874056220055,-0.6697232127189636,0.7421501278877258,0.0,0.0,-0.3819963335990906,-1.8003370761871338,-1.0497041940689087,1.1557753086090088,-0.5557352900505066,-1.077676773071289,-1.0464155673980713,-1.0606539249420166,-1.82222580909729,1.7976105213165283,1.6157444715499878,-0.4343201518058777,-1.3244879245758057,0.3833566904067993,-0.061826568096876144,0.049290288239717484,-0.04190919175744057,-0.1732896864414215,0.07338687777519226,1.2417654991149902,-1.7333797216415405,0.49003225564956665,0.06260371208190918,-0.08999493718147278,0.04007451981306076,1.1409146785736084,-1.7018826007843018,0.7690647840499878,0.1288830041885376
0.174961656332016,-0.39438414573669434,0.7779918313026428,0.03586038574576378,0.013597492128610611,-0.6826831698417664,0.7297073602676392,0.0,0.0,-0.34209251403808594,-1.7882152795791626,-1.0536264181137085,1.1359918117523193,-0.5603866577148438,-1.0749011039733887,-1.046417474746704,-1.0030734539031982,-1.8257503509521484,1.7645432949066162,1.5556888580322266,-0.4326492249965668,-1.3216214179992676,0.3936181664466858,-0.038166310638189316,0.043191224336624146,-0.02224777080118656,-0.17372378706932068,0.07155212759971619,1.2707045078277588,-1.7236249446868896,0.46775349974632263,0.06276370584964752,-0.0825347751379013,0.05221744626760483,1.169442057609558,-1.6961665153503418,0.7458326816558838,0.11847846210002899
0.17477193474769592,-0.39315497875213623,0.7769126892089844,0.047292985022068024,0.02363603562116623,-0.6934958100318909,0.7185181379318237,0.0,0.0,-0.29768887162208557,-1.7811381816864014,-1.0589858293533325,1.1081020832061768,-0.564590334892273,-1.0721358060836792,-1.0463680028915405,-0.9652441740036011,-1.82814621925354,1.731836199760437,1.4905016422271729,-0.4309091567993164,-1.3198614120483398,0.40306419134140015,-0.014489074237644672,0.03485656529664993,-0.0036769863218069077,-0.17400595545768738,0.06777501106262207,1.3008145093917847,-1.7152409553527832,0.44823187589645386,0.05823121219873428,-0.07854045182466507,0.0634276419878006,1.1982734203338623,-1.690213918685913,0.7248796224594116,0.1093883365392685
0.17447249591350555,-0.3914353549480438,0.7761352062225342,0.06108551099896431,0.034779664129018784,-0.7010190486907959,0.7096697688102722,0.0,0.0,-0.26165133714675903,-1.773593783378601,-1.0608149766921997,1.0738047361373901,-0.5682374835014343,-1.0698143243789673,-1.0463600158691406,-0.9495512247085571,-1.8292462825775146,1.6832919120788574,1.4091072082519531,-0.4286378026008606,-1.3192843198776245,0.4107619524002075,0.014044470153748989,0.02643674798309803,0.010583562776446342,-0.17418935894966125,0.06391584873199463,1.3287286758422852,-1.7043179273605347,0.4273158609867096,0.052394647151231766,-0.07632222771644592,0.07168286293745041,1.2263121604919434,-1.681117296218872,0.7035324573516846,0.10132892429828644
0.17402514815330505,-0.38862431049346924,0.774635910987854,0.07474862039089203,0.044195082038640976,-0.7055626511573792,0.7033069729804993,0.0,0.0,-0.22681762278079987,-1.7686047554016113,-1.0625784397125244,1.0357741117477417,-0.5714133381843567,-1.0677118301391602,-1.046302318572998,-0.9409511089324951,-1.8299700021743774,1.6288328170776367,1.3230962753295898,-0.42512568831443787,-1.3200327157974243,0.4163104295730591,0.04192831739783287,0.01725708320736885,0.021967986598610878,-0.17430856823921204,0.059765249490737915,1.3554962873458862,-1.6956932544708252,0.4086674451828003,0.04643840715289116,-0.07703238725662231,0.07841455936431885,1.2526925802230835,-1.6729609966278076,0.6833625435829163,0.09501470625400543
0.17345121502876282,-0.3849087059497833,0.7726927995681763,0.08886567503213882,0.052218228578567505,-0.7081131935119629,0.6985355615615845,0.0,0.0,-0.18717004358768463,-1.7661566734313965,-1.068030834197998,0.9959298372268677,-0.5744094848632812,-1.0654786825180054,-1.0461946725845337,-0.9371537566184998,-1.830622673034668,1.5810577869415283,1.2399882078170776,-0.4198901057243347,-1.3222591876983643,0.4195253849029541,0.0675697922706604,0.006637531332671642,0.03381602466106415,-0.17438605427742004,0.055613551288843155,1.3830838203430176,-1.6876583099365234,0.3920861482620239,0.03962119668722153,-0.08028949797153473,0.08358137309551239,1.2780859470367432,-1.6656644344329834,0.664793848991394,0.09075462818145752
0.17301657795906067,-0.38092151284217834,0.7711883783340454,0.09938573837280273,0.05866692215204239,-0.706540584564209,0.6981984972953796,0.0,0.0,-0.1557285487651825,-1.7577033042907715,-1.069618821144104,0.9562841653823853,-0.5766714215278625,-1.0636510848999023,-1.0461586713790894,-0.9431779384613037,-1.8290449380874634,1.536150336265564,1.1703159809112549,-0.4129079282283783,-1.3248401880264282,0.42049944400787354,0.08671893924474716,-0.0007033511064946651,0.040003761649131775,-0.17443642020225525,0.05113769322633743,1.405367136001587,-1.6798248291015625,0.3786822259426117,0.034246958792209625,-0.08427868783473969,0.08369196951389313,1.299368977546692,-1.657010793685913,0.6484296321868896,0.08921261876821518
0.17262910306453705,-0.37774497270584106,0.7688978910446167,0.11124374717473984,0.0656701922416687,-0.7046344876289368,0.6977123022079468,0.0,0.0,-0.12385097146034241,-1.7517939805984497,-1.077222228050232,0.9297333359718323,-0.5789541006088257,-1.0656969547271729,-1.0460997819900513,-0.9426287412643433,-1.8299946784973145,1.5036640167236328,1.1199007034301758,-0.40640580654144287,-1.3266725540161133,0.41994714736938477,0.10295794904232025,-0.010349542833864689,0.04454749822616577,-0.17446917295455933,0.052926190197467804,1.4331549406051636,-1.6723065376281738,0.3660088777542114,0.029109688475728035,-0.08745934069156647,0.08672857284545898,1.3262364864349365,-1.651087999343872,0.6321289539337158,0.08924160152673721
0.17212751507759094,-0.3749522566795349,0.7667531371116638,0.12396596372127533,0.07372766733169556,-0.7033496499061584,0.6960573792457581,0.0,0.0,-0.0878399983048439,-1.7497365474700928,-1.090911626815796,0.9147040843963623,-0.5811500549316406,-1.0698822736740112,-1.0460748672485352,-0.9372000694274902,-1.8307918310165405,1.4805946350097656,1.0780118703842163,-0.4001382887363434,-1.3281755447387695,0.4182182252407074,0.12063305079936981,-0.018866250291466713,0.05164584517478943,-0.17448832094669342,0.05688824504613876,1.4608542919158936,-1.664984107017517,0.3531552255153656,0.024043677374720573,-0.09165576100349426,0.09228017926216125,1.3513154983520508,-1.6455793380737305,0.6165758371353149,0.08758804202079773
0.17147798836231232,-0.37239617109298706,0.765352725982666,0.1355993151664734,0.08102620393037796,-0.7040846347808838,0.6923239231109619,0.0,0.0,-0.05444320663809776,-1.7503910064697266,-1.1087796688079834,0.9054138660430908,-0.5833950042724609,-1.0751383304595947,-1.0461328029632568,-0.9316000938415527,-1.831424593925476,1.4728915691375732,1.0416717529296875,-0.39359021186828613,-1.3297199010849,0.41536378860473633,0.13618412613868713,-0.026773225516080856,0.06460580974817276,-0.17447185516357422,0.06300915777683258,1.485621690750122,-1.6557927131652832,0.3399730622768402,0.01940145343542099,-0.09547166526317596,0.09867571294307709,1.3720107078552246,-1.6393718719482422,0.6049792170524597,0.08486270904541016
0.17098268866539001,-0.3701225221157074,0.7646603584289551,0.1433362364768982,0.08541429787874222,-0.7053278088569641,0.688964307308197,0.0,0.0,-0.025973279029130936,-1.7505857944488525,-1.1292692422866821,0.898614764213562,-0.5858410000801086,-1.0810770988464355,-1.046241283416748,-0.9297537207603455,-1.8318359851837158,1.4827265739440918,1.0121419429779053,-0.38654303550720215,-1.331449270248413,0.41156160831451416,0.14493301510810852,-0.03351778909564018,0.0783320963382721,-0.17445790767669678,0.06961661577224731,1.5036156177520752,-1.647613286972046,0.32852408289909363,0.016275785863399506,-0.09793050587177277,0.10335381329059601,1.38627290725708,-1.633714199066162,0.5988233685493469,0.08396174013614655
0.17075158655643463,-0.3682631850242615,0.7642155885696411,0.14778484404087067,0.08609567582607269,-0.7063831686973572,0.6868551969528198,0.0,0.0,-2.6088207960128784e-05,-1.750232219696045,-1.1509426832199097,0.8896405696868896,-0.5886228084564209,-1.0872704982757568,-1.046227216720581,-0.9319519400596619,-1.8321033716201782,1.516083836555481,0.9897390604019165,-0.37873613834381104,-1.333834171295166,0.40686726570129395,0.14596396684646606,-0.042040400207042694,0.09218163788318634,-0.17448219656944275,0.07583968341350555,1.5160760879516602,-1.6415960788726807,0.3209289312362671,0.01681526005268097,-0.09908530116081238,0.10664839297533035,1.3960988521575928,-1.6303480863571167,0.5974933505058289,0.08492061495780945
0.17061655223369598,-0.36677655577659607,0.7648375034332275,0.14677725732326508,0.08668426424264908,-0.7048829197883606,0.6885363459587097,0.0,0.0,0.01743280328810215,-1.743549108505249,-1.1691839694976807,0.8731096982955933,-0.5912326574325562,-1.0898641347885132,-1.0463343858718872,-0.9388877153396606,-1.8322771787643433,1.581800937652588,0.9571266770362854,-0.36618947982788086,-1.3410648107528687,0.3991866409778595,0.15148979425430298,-0.040025874972343445,0.10470917820930481,-0.17449891567230225,0.07792007178068161,1.5095534324645996,-1.6448379755020142,0.3247802257537842,0.018745286390185356,-0.09984958916902542,0.10388973355293274,1.3862608671188354,-1.630626916885376,0.6056488752365112,0.08768565952777863
0.17067573964595795,-0.3660205602645874,0.76523756980896,0.14191366732120514,0.08814142644405365,-0.7007012367248535,0.693620502948761,0.0,0.0,0.02456299401819706,-1.7300312519073486,-1.1846797466278076,0.8561019897460938,-0.5935736298561096,-1.0903680324554443,-1.0465168952941895,-0.9481323957443237,-1.8323900699615479,1.662471055984497,0.9287034273147583,-0.3513367474079132,-1.3501200675964355,0.3901849091053009,0.15342290699481964,-0.031412165611982346,0.10770299285650253,-0.17450979351997375,0.0802299976348877,1.5011210441589355,-1.6507792472839355,0.3302537798881531,0.020254235714673996,-0.09907637536525726,0.09957271814346313,1.3749842643737793,-1.633792519569397,0.6166856288909912,0.09076358377933502
0.17132267355918884,-0.36572718620300293,0.7661229372024536,0.13338927924633026,0.08907287567853928,-0.6928439140319824,0.7030224204063416,0.0,0.0,0.021196313202381134,-1.7117071151733398,-1.1975054740905762,0.8375540971755981,-0.5956633687019348,-1.0895353555679321,-1.046648621559143,-0.9460288286209106,-1.8322315216064453,1.7565371990203857,0.9112758636474609,-0.33564358949661255,-1.359911561012268,0.3811345100402832,0.14917674660682678,-0.018947064876556396,0.0995355099439621,-0.17451685667037964,0.07965799421072006,1.490286946296692,-1.6558332443237305,0.33517104387283325,0.023826217278838158,-0.09790794551372528,0.09269566833972931,1.3628318309783936,-1.635756254196167,0.6273105144500732,0.09476008266210556
0.17220225930213928,-0.3653484284877777,0.766042947769165,0.12092188000679016,0.0883694738149643,-0.6824246048927307,0.7154476642608643,0.0,0.0,0.006507198326289654,-1.6936566829681396,-1.2083441019058228,0.8148578405380249,-0.5975468754768372,-1.0885766744613647,-1.0467419624328613,-0.9243414402008057,-1.8241097927093506,1.8585691452026367,0.9213522672653198,-0.32138365507125854,-1.367761254310608,0.3740001320838928,0.13658668100833893,-0.003268646076321602,0.08253973722457886,-0.17452144622802734,0.07678117603063583,1.4809834957122803,-1.6633632183074951,0.34105509519577026,0.027979092672467232,-0.09632982313632965,0.08412070572376251,1.3540045022964478,-1.640514612197876,0.6363633871078491,0.09967879951000214
0.17260782420635223,-0.36511820554733276,0.7646733522415161,0.10575946420431137,0.08898504823446274,-0.6706395745277405,0.7287929058074951,0.0,0.0,-0.022100254893302917,-1.677761197090149,-1.2148959636688232,0.7869684100151062,-0.5989940166473389,-1.088348388671875,-1.0468591451644897,-0.8861333131790161,-1.803513526916504,1.9482522010803223,0.97184157371521,-0.3101845681667328,-1.3711484670639038,0.36994338035583496,0.12013828009366989,0.017988968640565872,0.0599462166428566,-0.1745244264602661,0.0732010006904602,1.4769647121429443,-1.6720664501190186,0.348357617855072,0.03147172927856445,-0.09346335381269455,0.07603377103805542,1.3522189855575562,-1.6478780508041382,0.6424421072006226,0.1018892377614975
0.1723223179578781,-0.3653082251548767,0.7626297473907471,0.08877377957105637,0.08921023458242416,-0.658992350101471,0.7415454983711243,0.0,0.0,-0.05323341116309166,-1.6676809787750244,-1.2181352376937866,0.7568589448928833,-0.5993954539299011,-1.0864038467407227,-1.0469392538070679,-0.8175657987594604,-1.7693151235580444,2.015056610107422,1.073062539100647,-0.30229872465133667,-1.369044542312622,0.37012940645217896,0.10472133010625839,0.04304155334830284,0.03562914952635765,-0.1745263636112213,0.06837514042854309,1.4693723917007446,-1.6848015785217285,0.361588716506958,0.03594695031642914,-0.08996831625699997,0.06659528613090515,1.3479701280593872,-1.6588274240493774,0.6500610113143921,0.10474454611539841
0.171532541513443,-0.36584457755088806,0.7601433992385864,0.07100783288478851,0.09009138494729996,-0.6479560136795044,0.7529903054237366,0.0,0.0,-0.08757247030735016,-1.6644623279571533,-1.2173477411270142,0.7257096767425537,-0.5985336899757385,-1.083312749862671,-1.0470304489135742,-0.7029721736907959,-1.7338486909866333,2.0453388690948486,1.2243188619613647,-0.2982752323150635,-1.3615694046020508,0.37508624792099,0.09036307036876678,0.07195144146680832,0.010286304168403149,-0.1745276004076004,0.06132951006293297,1.4602093696594238,-1.7007981538772583,0.3794265389442444,0.04360588639974594,-0.08699961751699448,0.05572165921330452,1.3429590463638306,-1.6722965240478516,0.657478392124176,0.10690879821777344
0.17032445967197418,-0.36878132820129395,0.757047176361084,0.06527407467365265,0.10232879221439362,-0.6435346603393555,0.7557322382926941,0.0,0.0,-0.1263260692358017,-1.6657536029815674,-1.2183574438095093,0.718917191028595,-0.5968120694160461,-1.085998296737671,-1.0470898151397705,-0.587559700012207,-1.7136900424957275,1.99485445022583,1.3654882907867432,-0.2983517050743103,-1.3543678522109985,0.38366633653640747,0.08721441775560379,0.09805595874786377,-0.0064740595407783985,-0.1745261400938034,0.059795185923576355,1.4762221574783325,-1.7079765796661377,0.3861984610557556,0.044020600616931915,-0.08392471075057983,0.05451299995183945,1.3619530200958252,-1.6827118396759033,0.6581474542617798,0.10497860610485077
0.16954296827316284,-0.37155628204345703,0.7536836862564087,0.07068340480327606,0.1136622354388237,-0.643392026424408,0.753744900226593,0.0,0.0,-0.1560819000005722,-1.6753554344177246,-1.225614309310913,0.7493465542793274,-0.594447672367096,-1.0985221862792969,-1.0471283197402954,-0.4513664245605469,-1.7336255311965942,1.8515520095825195,1.4358890056610107,-0.3014575242996216,-1.3523774147033691,0.3942721486091614,0.08794437348842621,0.10725072026252747,-0.018917568027973175,-0.17452198266983032,0.057753030210733414,1.5010218620300293,-1.7111932039260864,0.38606032729148865,0.044241778552532196,-0.08309784531593323,0.05796562135219574,1.392364501953125,-1.6890839338302612,0.6461726427078247,0.10277697443962097
0.16877484321594238,-0.37470483779907227,0.7506082057952881,0.08484731614589691,0.12218766659498215,-0.6519858241081238,0.743495523929596,0.0,0.0,-0.17333762347698212,-1.6901607513427734,-1.2300403118133545,0.7962188124656677,-0.591062068939209,-1.1145763397216797,-1.047153115272522,-0.34136688709259033,-1.7680697441101074,1.64573073387146,1.3969178199768066,-0.30411869287490845,-1.3564257621765137,0.4029083847999573,0.10332128405570984,0.09795840084552765,-0.014052484184503555,-0.17443209886550903,0.06393945962190628,1.5125378370285034,-1.7152445316314697,0.3927900195121765,0.048063308000564575,-0.0805797353386879,0.06685729324817657,1.4104722738265991,-1.7008856534957886,0.6355291604995728,0.10212187469005585
0.16679790616035461,-0.3786112368106842,0.749748945236206,0.09563007950782776,0.12249942123889923,-0.6695575714111328,0.7263204455375671,0.0,0.0,-0.19281665980815887,-1.7106564044952393,-1.216334581375122,0.8424607515335083,-0.5864362716674805,-1.1311644315719604,-1.0471694469451904,-0.2514779567718506,-1.790655255317688,1.4752014875411987,1.2987350225448608,-0.3037094175815582,-1.363966464996338,0.4087727665901184,0.11407463252544403,0.0801551342010498,0.006882836110889912,-0.16832289099693298,0.07935623824596405,1.5027635097503662,-1.719699740409851,0.4092939794063568,0.04909880831837654,-0.07209104299545288,0.08467253297567368,1.4053274393081665,-1.7171106338500977,0.6348296999931335,0.09856472164392471
0.1642574667930603,-0.38134297728538513,0.7501552104949951,0.09669461101293564,0.1185164824128151,-0.6886340379714966,0.7087927460670471,0.0,0.0,-0.20651015639305115,-1.7331292629241943,-1.2110360860824585,0.8874136805534363,-0.5831902027130127,-1.1458466053009033,-1.04718017578125,-0.1730213314294815,-1.8053358793258667,1.3931735754013062,1.208770990371704,-0.30061277747154236,-1.3645925521850586,0.4097764492034912,0.11118725687265396,0.07334086298942566,0.028392814099788666,-0.15621846914291382,0.0878993421792984,1.481677770614624,-1.7271292209625244,0.4269028902053833,0.04253536835312843,-0.06300950050354004,0.10425198078155518,1.3871376514434814,-1.7327508926391602,0.6370622515678406,0.09416346997022629
0.1616685390472412,-0.38448330760002136,0.7513176202774048,0.09219472110271454,0.11009591817855835,-0.7110481262207031,0.6883236765861511,0.0,0.0,-0.20998281240463257,-1.7645630836486816,-1.2173560857772827,0.9216223955154419,-0.5814664363861084,-1.1581758260726929,-1.0469893217086792,-0.1283968836069107,-1.814878225326538,1.4058387279510498,1.128455638885498,-0.2937881648540497,-1.364317774772644,0.40524351596832275,0.09666234999895096,0.06658217310905457,0.059682540595531464,-0.14114901423454285,0.09481927752494812,1.4547045230865479,-1.7371654510498047,0.44885897636413574,0.035542238503694534,-0.05316079407930374,0.1284562647342682,1.3600428104400635,-1.7486765384674072,0.6462401151657104,0.08828537166118622
0.1606612354516983,-0.3868314027786255,0.7536337375640869,0.08062086254358292,0.09641086310148239,-0.7335130572319031,0.6679549813270569,0.0,0.0,-0.212423175573349,-1.7882764339447021,-1.2224856615066528,0.9387474060058594,-0.5807367563247681,-1.1683868169784546,-1.0470625162124634,-0.10383287072181702,-1.8210808038711548,1.5010135173797607,1.0767097473144531,-0.2848843038082123,-1.365683674812317,0.3978015184402466,0.06879040598869324,0.05666714906692505,0.09799971431493759,-0.12533678114414215,0.10107418894767761,1.421687126159668,-1.746351718902588,0.4677831530570984,0.03618457540869713,-0.04299372434616089,0.15110917389392853,1.3245819807052612,-1.762476921081543,0.6656154990196228,0.08778443187475204
0.16356253623962402,-0.38981813192367554,0.7569654583930969,0.057329751551151276,0.07809443771839142,-0.7493908405303955,0.6550022959709167,0.0,0.0,-0.21071983873844147,-1.7989996671676636,-1.222654104232788,0.9368665814399719,-0.5807880759239197,-1.1755008697509766,-1.0471105575561523,-0.10216131806373596,-1.8251124620437622,1.6854922771453857,1.0841426849365234,-0.2716919183731079,-1.369685411453247,0.3874039053916931,0.027755962684750557,0.04810666665434837,0.13037312030792236,-0.10487823188304901,0.09974399209022522,1.3723413944244385,-1.755101203918457,0.48885470628738403,0.04641600698232651,-0.02750515006482601,0.16229544579982758,1.2742663621902466,-1.7772259712219238,0.6997386813163757,0.09791744500398636
0.16711652278900146,-0.3944842219352722,0.7608171701431274,0.0318998359143734,0.06668590754270554,-0.7447974681854248,0.6631832122802734,0.0,0.0,-0.23241078853607178,-1.7963590621948242,-1.2024502754211426,0.9282419681549072,-0.5791127681732178,-1.1739596128463745,-1.0471417903900146,-0.15327602624893188,-1.8218917846679688,1.894749402999878,1.159901738166809,-0.2572445869445801,-1.3693623542785645,0.37898653745651245,0.002300133928656578,0.05444467440247536,0.12373705208301544,-0.08287256211042404,0.0911475419998169,1.3078182935714722,-1.76446533203125,0.5159735679626465,0.06139963120222092,-0.009022777900099754,0.16083210706710815,1.2070050239562988,-1.7908978462219238,0.7439268827438354,0.10988093912601471
0.16934622824192047,-0.39945900440216064,0.7634868025779724,0.01053687371313572,0.06122281029820442,-0.7280787229537964,0.6826727986335754,0.0,0.0,-0.27603912353515625,-1.7949005365371704,-1.1682833433151245,0.9263534545898438,-0.5753634572029114,-1.164863109588623,-1.0471620559692383,-0.23059120774269104,-1.818530559539795,2.073086977005005,1.2907438278198242,-0.24705690145492554,-1.3633215427398682,0.3774074614048004,-0.00862787663936615,0.07181370258331299,0.09733700752258301,-0.07028794288635254,0.08294260501861572,1.2530747652053833,-1.7753487825393677,0.5368747115135193,0.07643744349479675,0.0009030010551214218,0.15460529923439026,1.1416724920272827,-1.8003073930740356,0.787667453289032,0.11840254813432693
0.17091095447540283,-0.4042421281337738,0.7655249834060669,-0.005173831712454557,0.05752961337566376,-0.7092272043228149,0.702609658241272,0.0,0.0,-0.3251993656158447,-1.795172929763794,-1.1366024017333984,0.9313719868659973,-0.5722028017044067,-1.1557148694992065,-1.0471752882003784,-0.3022571802139282,-1.8101472854614258,2.232881546020508,1.4436876773834229,-0.23997697234153748,-1.35590660572052,0.37948644161224365,-0.015120342373847961,0.09079611301422119,0.07743628323078156,-0.06931951642036438,0.07653806358575821,1.2167994976043701,-1.7868473529815674,0.5473658442497253,0.0898437350988388,4.2569299694150686e-05,0.14253424108028412,1.0936846733093262,-1.8015730381011963,0.8164837956428528,0.12770108878612518
0.17202183604240417,-0.4087885618209839,0.7675288319587708,-0.011231315322220325,0.053728144615888596,-0.6882070302963257,0.7234350442886353,0.0,0.0,-0.3692248463630676,-1.8035169839859009,-1.1070964336395264,0.9447852373123169,-0.5697247385978699,-1.14366614818573,-1.047183871269226,-0.3667721152305603,-1.7997941970825195,2.3633289337158203,1.5999348163604736,-0.2363142967224121,-1.3458800315856934,0.3866453766822815,-0.007468726020306349,0.10656239092350006,0.06556493788957596,-0.08583717048168182,0.07094790041446686,1.1851296424865723,-1.8047555685043335,0.5518683791160583,0.10539078712463379,-0.015939965844154358,0.12248263508081436,1.051426887512207,-1.7950727939605713,0.8352144360542297,0.13844478130340576
0.1735457330942154,-0.4122854173183441,0.7697650194168091,-0.01412515714764595,0.047624871134757996,-0.6642193794250488,0.7458853125572205,0.0,0.0,-0.41495469212532043,-1.8125483989715576,-1.0750463008880615,0.9623603224754333,-0.5678089261054993,-1.1311606168746948,-1.047189474105835,-0.4185214638710022,-1.7905471324920654,2.459897994995117,1.735488772392273,-0.2350774109363556,-1.3356796503067017,0.3971812129020691,0.007474265992641449,0.12110097706317902,0.06337544322013855,-0.11541323363780975,0.07389633357524872,1.1458189487457275,-1.8339598178863525,0.5489466786384583,0.12635448575019836,-0.04287530854344368,0.09356851130723953,1.0069897174835205,-1.7828595638275146,0.8473893404006958,0.1534940004348755
0.1760404109954834,-0.41450637578964233,0.7729367017745972,-0.016520336270332336,0.039035700261592865,-0.6355610489845276,0.7708860635757446,0.0,0.0,-0.4689796566963196,-1.8195663690567017,-1.0506727695465088,0.9661023616790771,-0.5675143003463745,-1.1197972297668457,-1.0471930503845215,-0.4665454924106598,-1.7803288698196411,2.522258758544922,1.8438611030578613,-0.23534409701824188,-1.3262834548950195,0.40939754247665405,0.030871102586388588,0.12412732094526291,0.06961341947317123,-0.13610410690307617,0.10511282086372375,1.0904645919799805,-1.879589319229126,0.5384833812713623,0.14960312843322754,-0.06373205035924911,0.053033024072647095,0.9574652314186096,-1.7686903476715088,0.8553030490875244,0.16957762837409973
0.17817464470863342,-0.415438711643219,0.7770696878433228,-0.019222529605031013,0.029154902324080467,-0.6036243438720703,0.7965036630630493,0.0,0.0,-0.525870680809021,-1.8241280317306519,-1.0380864143371582,0.9485384225845337,-0.5682907700538635,-1.1102309226989746,-1.0471954345703125,-0.4973568022251129,-1.7684860229492188,2.5652871131896973,1.9221000671386719,-0.23631054162979126,-1.3186366558074951,0.4220028519630432,0.06375991553068161,0.12383769452571869,0.08377090096473694,-0.14955316483974457,0.17347750067710876,1.0299220085144043,-1.949305772781372,0.5283929109573364,0.18099088966846466,-0.08149044215679169,0.005551012232899666,0.898482084274292,-1.75054931640625,0.8604469299316406,0.18151238560676575
0.17875297367572784,-0.41533163189888,0.7818073034286499,-0.024441096931695938,0.019328756257891655,-0.5706019997596741,0.8206353187561035,0.0,0.0,-0.5750002861022949,-1.8270931243896484,-1.0341516733169556,0.9207881689071655,-0.5691689252853394,-1.1022604703903198,-1.0471969842910767,-0.513450026512146,-1.7562975883483887,2.591064214706421,1.981886863708496,-0.23801960051059723,-1.3126306533813477,0.43478044867515564,0.09375506639480591,0.12887726724147797,0.09535495936870575,-0.15246149897575378,0.26001015305519104,0.9626126289367676,-2.0324795246124268,0.5355204939842224,0.21654731035232544,-0.0986558347940445,-0.03856891393661499,0.8436683416366577,-1.7274658679962158,0.8637904524803162,0.1889595091342926
0.17746463418006897,-0.4139120876789093,0.7856640815734863,-0.032214079052209854,0.008762778714299202,-0.5394200086593628,0.8413747549057007,0.0,0.0,-0.6116727590560913,-1.8290205001831055,-1.0375113487243652,0.8902238607406616,-0.5696372389793396,-1.095741629600525,-1.0471980571746826,-0.5196054577827454,-1.7416574954986572,2.5949654579162598,2.0248491764068604,-0.2405773401260376,-1.3081655502319336,0.4475254416465759,0.11737662553787231,0.13431279361248016,0.09966683387756348,-0.13375401496887207,0.33689630031585693,0.8933794498443604,-2.1259443759918213,0.5582150220870972,0.24880534410476685,-0.11132402718067169,-0.07340553402900696,0.7933266162872314,-1.7071011066436768,0.8659637570381165,0.19483551383018494
0.1756364107131958,-0.4118228852748871,0.7889513969421387,-0.042599163949489594,-0.0016264859586954117,-0.5119342803955078,0.8579661250114441,0.0,0.0,-0.632324755191803,-1.8302732706069946,-1.0472471714019775,0.8598280549049377,-0.5695398449897766,-1.0901036262512207,-1.04719877243042,-0.516652524471283,-1.7301268577575684,2.575138568878174,2.061826229095459,-0.24432450532913208,-1.3045926094055176,0.46065717935562134,0.1328907310962677,0.13753663003444672,0.09614463150501251,-0.09296189993619919,0.3903510570526123,0.818069577217102,-2.2064452171325684,0.5865792036056519,0.2750975787639618,-0.11507688462734222,-0.09586332738399506,0.7498950362205505,-1.69112229347229,0.8673763871192932,0.19663597643375397
0.17400720715522766,-0.4095211625099182,0.7944178581237793,-0.05413602665066719,-0.01215112954378128,-0.48879802227020264,0.8706308603286743,0.0,0.0,-0.6420734524726868,-1.8310260772705078,-1.0506455898284912,0.8306094408035278,-0.5683860778808594,-1.0849378108978271,-1.0471992492675781,-0.5038388967514038,-1.720656394958496,2.5367677211761475,2.0913658142089844,-0.24901381134986877,-1.3022223711013794,0.4740394353866577,0.1542879045009613,0.13285890221595764,0.08959989994764328,-0.029665464535355568,0.4129095673561096,0.7266210317611694,-2.2588558197021484,0.611426830291748,0.2866123914718628,-0.10811008512973785,-0.11127763241529465,0.6902283430099487,-1.6709550619125366,0.8682945966720581,0.19414889812469482
0.17258167266845703,-0.4068540930747986,0.800844669342041,-0.06692581623792648,-0.022991754114627838,-0.4702511727809906,0.879690945148468,0.0,0.0,-0.6495935320854187,-1.8313682079315186,-1.0489041805267334,0.8044078350067139,-0.566453218460083,-1.08024001121521,-1.0471994876861572,-0.48527708649635315,-1.711317777633667,2.48823618888855,2.1198062896728516,-0.25409674644470215,-1.3006346225738525,0.48729178309440613,0.18263496458530426,0.12474846094846725,0.07956109195947647,0.044284142553806305,0.4108191728591919,0.6232706308364868,-2.2929227352142334,0.6343532800674438,0.2855220139026642,-0.09705430269241333,-0.12197341024875641,0.61213219165802,-1.646459698677063,0.8688914775848389,0.1906285285949707
0.17153753340244293,-0.40417569875717163,0.8059803247451782,-0.07884284853935242,-0.03090715780854225,-0.4569157063961029,0.8854697346687317,0.0,0.0,-0.6531357765197754,-1.8315716981887817,-1.046255111694336,0.7863268852233887,-0.5640130639076233,-1.0759468078613281,-1.0471996068954468,-0.46135491132736206,-1.7043198347091675,2.438328266143799,2.1466617584228516,-0.25912371277809143,-1.2996182441711426,0.5001893043518066,0.21891987323760986,0.11986982822418213,0.06699226051568985,0.11173012107610703,0.3980085253715515,0.5308839082717896,-2.315066337585449,0.6540919542312622,0.27629342675209045,-0.08975093811750412,-0.12612134218215942,0.5286201238632202,-1.6207412481307983,0.8692794442176819,0.18724501132965088
0.17087501287460327,-0.40164852142333984,0.8099848031997681,-0.08934912085533142,-0.036777935922145844,-0.44742417335510254,0.8890869617462158,0.0,0.0,-0.6543683409690857,-1.8314568996429443,-1.0429978370666504,0.7770470380783081,-0.5612634420394897,-1.072149395942688,-1.0471997261047363,-0.4354608654975891,-1.6970140933990479,2.3940341472625732,2.1726503372192383,-0.26362723112106323,-1.2990103960037231,0.5124046802520752,0.2593536376953125,0.11766593158245087,0.05228426679968834,0.1689470112323761,0.3770545423030853,0.45100581645965576,-2.3294596672058105,0.6695384979248047,0.26194822788238525,-0.08849065750837326,-0.12466494739055634,0.44231897592544556,-1.592514157295227,0.8695316314697266,0.18575993180274963
0.17080682516098022,-0.39968615770339966,0.813805103302002,-0.09809273481369019,-0.04081304743885994,-0.4409772455692291,0.891207754611969,0.0,0.0,-0.657516598701477,-1.831160306930542,-1.039736032485962,0.7766019105911255,-0.5582805871963501,-1.0689640045166016,-1.0471997261047363,-0.4121856093406677,-1.689344048500061,2.364640235900879,2.2021515369415283,-0.2671780288219452,-1.2982544898986816,0.5237511396408081,0.295871376991272,0.11934690177440643,0.036848798394203186,0.21133053302764893,0.35763663053512573,0.3869470953941345,-2.338815212249756,0.6785634756088257,0.24793827533721924,-0.09331274032592773,-0.11763513088226318,0.3621518015861511,-1.5609021186828613,0.8696955442428589,0.18377065658569336
0.17132315039634705,-0.39820152521133423,0.8168396949768066,-0.10447631031274796,-0.04295462742447853,-0.4372999370098114,0.8921930193901062,0.0,0.0,-0.6605963706970215,-1.8313766717910767,-1.0381075143814087,0.7826714515686035,-0.5552052855491638,-1.0662869215011597,-1.0471997261047363,-0.39142856001853943,-1.6808664798736572,2.3455350399017334,2.230651378631592,-0.2699739634990692,-1.2973511219024658,0.5343927145004272,0.3268737196922302,0.12375687062740326,0.02178279496729374,0.23836012184619904,0.34193986654281616,0.3396405577659607,-2.3448963165283203,0.6847410798072815,0.23672330379486084,-0.10394226014614105,-0.10757391154766083,0.2916061282157898,-1.530678153038025,0.8698020577430725,0.18253305554389954
0.17244477570056915,-0.39714860916137695,0.8190190196037292,-0.10942363739013672,-0.043231017887592316,-0.4362349212169647,0.8921080231666565,0.0,0.0,-0.6650569438934326,-1.831592321395874,-1.0388826131820679,0.7917044162750244,-0.5521009564399719,-1.0640249252319336,-1.0471997261047363,-0.37120336294174194,-1.6725032329559326,2.334254741668701,2.2586886882781982,-0.2721724808216095,-1.2962558269500732,0.5445436239242554,0.3510286808013916,0.13078881800174713,0.008168996311724186,0.25468680262565613,0.3317864239215851,0.3047536015510559,-2.348849058151245,0.6902160048484802,0.22929389774799347,-0.11872779577970505,-0.0982731506228447,0.23350083827972412,-1.50467848777771,0.8698713183403015,0.18171386420726776
0.17384454607963562,-0.39652708172798157,0.8205243349075317,-0.11323648691177368,-0.04189608246088028,-0.43711110949516296,0.8912665843963623,0.0,0.0,-0.6711384057998657,-1.8317418098449707,-1.0414031744003296,0.802682638168335,-0.5489250421524048,-1.0621273517608643,-1.0471997261047363,-0.3507065176963806,-1.6654224395751953,2.3253278732299805,2.2844316959381104,-0.27402934432029724,-1.295062780380249,0.5544052124023438,0.3693994879722595,0.13953492045402527,-0.00435628741979599,0.2635864019393921,0.3250883221626282,0.2791050374507904,-2.3514184951782227,0.6957035660743713,0.22463811933994293,-0.135300412774086,-0.09028178453445435,0.1863488256931305,-1.48343825340271,0.8699163198471069,0.18103930354118347
0.17524485290050507,-0.3961913287639618,0.8214067220687866,-0.11633380502462387,-0.0384427048265934,-0.44076597690582275,0.8892210125923157,0.0,0.0,-0.6762987375259399,-1.8318397998809814,-1.0447314977645874,0.8156519532203674,-0.5455617308616638,-1.0604515075683594,-1.0471997261047363,-0.3272637724876404,-1.6630027294158936,2.314816951751709,2.304882526397705,-0.27584701776504517,-1.2940664291381836,0.5642307996749878,0.3836616575717926,0.14858929812908173,-0.015651490539312363,0.26929017901420593,0.32177379727363586,0.2627055048942566,-2.35308837890625,0.6998432278633118,0.22051115334033966,-0.148678719997406,-0.08271177858114243,0.15029649436473846,-1.4684815406799316,0.8699455857276917,0.17906445264816284
0.17654307186603546,-0.39602354168891907,0.821745753288269,-0.11867009848356247,-0.033376652747392654,-0.44637158513069153,0.8863158822059631,0.0,0.0,-0.6806519031524658,-1.831925392150879,-1.048707365989685,0.8287290334701538,-0.5420277118682861,-1.0589995384216309,-1.0471997261047363,-0.29757681488990784,-1.667182445526123,2.297299385070801,2.317955493927002,-0.2779810428619385,-1.2934141159057617,0.574303388595581,0.39375296235084534,0.1562209129333496,-0.026623211801052094,0.27355292439460754,0.31972670555114746,0.2573613226413727,-2.3541738986968994,0.7013517618179321,0.21571266651153564,-0.15756580233573914,-0.07490101456642151,0.12504249811172485,-1.4599003791809082,0.869964599609375,0.17537103593349457
0.17745061218738556,-0.39666247367858887,0.8220443725585938,-0.12205095589160919,-0.026598453521728516,-0.45531758666038513,0.881522536277771,0.0,0.0,-0.6796316504478455,-1.8300151824951172,-1.0571668148040771,0.8388193845748901,-0.5393316745758057,-1.0622665882110596,-1.0471997261047363,-0.2552016079425812,-1.6795830726623535,2.2783546447753906,2.3398473262786865,-0.28048086166381836,-1.2959063053131104,0.5850712060928345,0.3958188593387604,0.16939687728881836,-0.03347235918045044,0.2785060405731201,0.3260725438594818,0.2555917501449585,-2.354879379272461,0.7047606110572815,0.22031384706497192,-0.16349783539772034,-0.06891803443431854,0.11413078010082245,-1.4572304487228394,0.8699769377708435,0.16904938220977783
0.17780572175979614,-0.3971620202064514,0.8213748931884766,-0.12476698309183121,-0.021130310371518135,-0.4649103283882141,0.8762677311897278,0.0,0.0,-0.677786111831665,-1.8289347887039185,-1.0642446279525757,0.8451170325279236,-0.5366965532302856,-1.0680816173553467,-1.0471997261047363,-0.20644564926624298,-1.699906587600708,2.257495880126953,2.3553194999694824,-0.2835085690021515,-1.3009494543075562,0.5964062809944153,0.39510560035705566,0.18110519647598267,-0.036455944180488586,0.2813567519187927,0.3315882682800293,0.25363224744796753,-2.3553380966186523,0.7066481709480286,0.22494177520275116,-0.16735702753067017,-0.06442181766033173,0.10822795331478119,-1.4593324661254883,0.8699849843978882,0.16388775408267975
0.17755848169326782,-0.3972488045692444,0.8206262588500977,-0.12481936812400818,-0.015946635976433754,-0.475963830947876,0.8704161643981934,0.0,0.0,-0.6752758622169495,-1.8287084102630615,-1.066403865814209,0.8502236604690552,-0.5335755348205566,-1.0749499797821045,-1.0471997261047363,-0.15971554815769196,-1.7298550605773926,2.235391139984131,2.3508996963500977,-0.2873191833496094,-1.3076778650283813,0.6082057356834412,0.39631354808807373,0.19000640511512756,-0.03582163155078888,0.2814010977745056,0.34264934062957764,0.2585267424583435,-2.3556361198425293,0.7042711973190308,0.22299005091190338,-0.16986756026744843,-0.0595683753490448,0.1071966141462326,-1.462113857269287,0.8699902296066284,0.15847501158714294
0.17679639160633087,-0.39705049991607666,0.8198119401931763,-0.12128327786922455,-0.008709178306162357,-0.4919619560241699,0.8620834946632385,0.0,0.0,-0.6659735441207886,-1.8258564472198486,-1.064060091972351,0.8563452959060669,-0.5304629802703857,-1.0857551097869873,-1.0471997261047363,-0.12735244631767273,-1.7658154964447021,2.214876174926758,2.3348069190979004,-0.292106568813324,-1.3169960975646973,0.6205029487609863,0.3986300826072693,0.20165416598320007,-0.026728451251983643,0.2745257019996643,0.37044012546539307,0.2831452786922455,-2.355829954147339,0.6973059773445129,0.22042053937911987,-0.17149940133094788,-0.050670020282268524,0.12054214626550674,-1.4678394794464111,0.8699936270713806,0.15174303948879242
0.17641887068748474,-0.3969121277332306,0.8199068903923035,-0.1096920445561409,-0.00031238343217410147,-0.5191154479980469,0.8476359844207764,0.0,0.0,-0.6506136655807495,-1.8137024641036987,-1.06678307056427,0.862989068031311,-0.5299942493438721,-1.101231336593628,-1.0471997261047363,-0.1285216212272644,-1.7891900539398193,2.2053627967834473,2.3208656311035156,-0.29475560784339905,-1.324720025062561,0.6284831762313843,0.4040061831474304,0.21194757521152496,0.0014205090701580048,0.2606843113899231,0.4157812297344208,0.3209248185157776,-2.3559560775756836,0.6851731538772583,0.21660268306732178,-0.17256009578704834,-0.03578711301088333,0.1375066488981247,-1.4707744121551514,0.8699958324432373,0.144827738404274
0.17528310418128967,-0.3958878517150879,0.8196321725845337,-0.0946820005774498,0.010720898397266865,-0.5534455180168152,0.827416718006134,0.0,0.0,-0.6267303228378296,-1.8019551038742065,-1.0776281356811523,0.8750597238540649,-0.5317807793617249,-1.121411681175232,-1.0471997261047363,-0.13525566458702087,-1.8043835163116455,2.2090728282928467,2.321540594100952,-0.2962745428085327,-1.3321316242218018,0.6338604688644409,0.4129359722137451,0.22968021035194397,0.045795176178216934,0.23582670092582703,0.47247856855392456,0.37741485238075256,-2.3560378551483154,0.6632785797119141,0.2174026519060135,-0.17324955761432648,-0.016217848286032677,0.1610640287399292,-1.4755723476409912,0.8699972629547119,0.1372714340686798
0.17403262853622437,-0.3949560523033142,0.8194277286529541,-0.0794658362865448,0.018786542117595673,-0.5828782916069031,0.8084461092948914,0.0,0.0,-0.6120226979255676,-1.7991008758544922,-1.0890884399414062,0.8869001269340515,-0.5336896181106567,-1.1373780965805054,-1.0471997261047363,-0.137743279337883,-1.8142592906951904,2.2297592163085938,2.313025951385498,-0.29651010036468506,-1.3352296352386475,0.6371209621429443,0.42000246047973633,0.2405642420053482,0.08864030241966248,0.20833633840084076,0.5226725339889526,0.42342501878738403,-2.356091022491455,0.6449415683746338,0.21695339679718018,-0.17369771003723145,-0.006137392017990351,0.1840537190437317,-1.4809828996658325,0.8699981570243835,0.1317473202943802
0.17371875047683716,-0.39555180072784424,0.8187059164047241,-0.0662248358130455,0.022081933915615082,-0.6042963862419128,0.7936955094337463,0.0,0.0,-0.6031914949417114,-1.8013176918029785,-1.100736379623413,0.8985226154327393,-0.5351454019546509,-1.1487975120544434,-1.0471997261047363,-0.14959867298603058,-1.820678472518921,2.251654863357544,2.2992122173309326,-0.29634255170822144,-1.3356068134307861,0.639297604560852,0.4184408485889435,0.2398291528224945,0.11842381954193115,0.17995277047157288,0.5634741187095642,0.4535483717918396,-2.356125593185425,0.6352316737174988,0.21867635846138,-0.17395931482315063,-0.006416838616132736,0.2068885862827301,-1.4902379512786865,0.8699987530708313,0.1295865923166275
0.17531198263168335,-0.3970361053943634,0.8167535066604614,-0.05664344131946564,0.02227318100631237,-0.6178155541419983,0.7839638590812683,0.0,0.0,-0.5944967269897461,-1.802642822265625,-1.1149300336837769,0.9145473837852478,-0.5364595651626587,-1.158481478691101,-1.0471997261047363,-0.17815953493118286,-1.8248509168624878,2.2737998962402344,2.2906198501586914,-0.2962259352207184,-1.3357030153274536,0.641086220741272,0.4026624858379364,0.23029503226280212,0.13482888042926788,0.14835575222969055,0.6000382900238037,0.4787265360355377,-2.347289800643921,0.6341234445571899,0.2281292974948883,-0.174158975481987,-0.013652379624545574,0.24166059494018555,-1.508469820022583,0.8699991703033447,0.13170012831687927
0.1801266074180603,-0.3990957736968994,0.8146731853485107,-0.05114620178937912,0.01743229851126671,-0.6209248304367065,0.7820054888725281,0.0,0.0,-0.5876915454864502,-1.7996153831481934,-1.1341001987457275,0.9279968738555908,-0.5382255911827087,-1.1678017377853394,-1.0471997261047363,-0.23996242880821228,-1.820412278175354,2.2876687049865723,2.2985756397247314,-0.29679399728775024,-1.3381094932556152,0.6433035731315613,0.3671285808086395,0.20738011598587036,0.136038675904274,0.11671789735555649,0.6227738857269287,0.4966686964035034,-2.32784366607666,0.6351274847984314,0.24797490239143372,-0.17428883910179138,-0.02841009572148323,0.28640878200531006,-1.5316815376281738,0.8699994087219238,0.14067859947681427
0.18584097921848297,-0.40174567699432373,0.8128762245178223,-0.046713314950466156,0.0036622462794184685,-0.6130409836769104,0.7886603474617004,0.0,0.0,-0.5852487087249756,-1.8008356094360352,-1.1581974029541016,0.9396944046020508,-0.5404754281044006,-1.1780359745025635,-1.046764850616455,-0.3382704555988312,-1.7865326404571533,2.3105456829071045,2.3167412281036377,-0.29656749963760376,-1.3424203395843506,0.6447067856788635,0.3056234121322632,0.16905972361564636,0.12187749147415161,0.09051820635795593,0.6296831369400024,0.5031713247299194,-2.2814652919769287,0.6346743702888489,0.27032530307769775,-0.17437323927879333,-0.046003591269254684,0.3448151648044586,-1.556755542755127,0.8699995875358582,0.14801087975502014
0.19009187817573547,-0.40515702962875366,0.8096343278884888,-0.03902517631649971,-0.017033493146300316,-0.5873478651046753,0.8082136511802673,0.0,0.0,-0.6044371128082275,-1.8119516372680664,-1.1797690391540527,0.9544848203659058,-0.5426756143569946,-1.1819636821746826,-1.046917200088501,-0.4796653389930725,-1.7094039916992188,2.3689422607421875,2.319660186767578,-0.2923493981361389,-1.3429092168807983,0.6443021297454834,0.22835096716880798,0.11754464358091354,0.08833781629800797,0.05050934478640556,0.5975351333618164,0.5314465761184692,-2.1971542835235596,0.634517252445221,0.274632066488266,-0.17442810535430908,-0.07801812887191772,0.41313326358795166,-1.587752342224121,0.8697249293327332,0.15004190802574158
0.19216981530189514,-0.4070899784564972,0.807134211063385,-0.029237838461995125,-0.0343022383749485,-0.5553930401802063,0.8303656578063965,0.0,0.0,-0.6206756234169006,-1.8191784620285034,-1.2119730710983276,0.9643851518630981,-0.5454298257827759,-1.1828807592391968,-1.0466495752334595,-0.6236697435379028,-1.6093196868896484,2.4390931129455566,2.3228020668029785,-0.28609123826026917,-1.3406643867492676,0.6432004570960999,0.1512688845396042,0.07561910897493362,0.0448005273938179,0.0014821477234363556,0.5512505769729614,0.5696747899055481,-2.1158998012542725,0.6405792236328125,0.27461880445480347,-0.17446376383304596,-0.11175329983234406,0.491436243057251,-1.61282217502594,0.8563283085823059,0.15322376787662506
0.1917804777622223,-0.40820014476776123,0.8046663999557495,-0.020727137103676796,-0.04763638600707054,-0.520772397518158,0.8521133661270142,0.0,0.0,-0.632298469543457,-1.823875904083252,-1.2462422847747803,0.9738529324531555,-0.5482239127159119,-1.18187415599823,-1.0466407537460327,-0.7607918977737427,-1.514453411102295,2.51174259185791,2.3394997119903564,-0.2783276438713074,-1.3354624509811401,0.6418918967247009,0.07452629506587982,0.05180325731635094,-0.0027031078934669495,-0.05243872478604317,0.49396005272865295,0.6172277927398682,-2.038020610809326,0.6553001403808594,0.2688099145889282,-0.1744869351387024,-0.14276790618896484,0.5735594034194946,-1.632162094116211,0.8361060619354248,0.15483881533145905
0.18974396586418152,-0.40997758507728577,0.800337553024292,-0.014776096679270267,-0.05245058611035347,-0.4878440797328949,0.8712282180786133,0.0,0.0,-0.6347059011459351,-1.8269293308258057,-1.2784743309020996,0.9804782867431641,-0.5510461330413818,-1.1759207248687744,-1.0467760562896729,-0.8739418983459473,-1.4418294429779053,2.557828426361084,2.3576676845550537,-0.26965001225471497,-1.3244976997375488,0.641882061958313,0.015680689364671707,0.03718236833810806,-0.040871527045965195,-0.09517066925764084,0.4390529990196228,0.675959587097168,-1.9761085510253906,0.6712106466293335,0.2598724365234375,-0.16142135858535767,-0.1764097511768341,0.6493291854858398,-1.6575841903686523,0.8237124681472778,0.15068019926548004
0.18649321794509888,-0.41363245248794556,0.7952127456665039,-0.011054438538849354,-0.05323968455195427,-0.45515453815460205,0.8887506127357483,0.0,0.0,-0.6266502141952515,-1.8289140462875366,-1.3056069612503052,0.9870755076408386,-0.5545558333396912,-1.1677758693695068,-1.0469210147857666,-0.9385983347892761,-1.3867281675338745,2.580960750579834,2.3840861320495605,-0.26057279109954834,-1.3091628551483154,0.6435484290122986,-0.0296771377325058,0.023094160482287407,-0.07270128279924393,-0.12294643372297287,0.40011924505233765,0.7369645833969116,-1.9270265102386475,0.6831619739532471,0.2556695342063904,-0.1346101462841034,-0.21646590530872345,0.7157995700836182,-1.6867671012878418,0.8202511072158813,0.13920189440250397
0.1811542809009552,-0.42011380195617676,0.7910410165786743,-0.011050180532038212,-0.05455838516354561,-0.41885635256767273,0.9063447117805481,0.0,0.0,-0.6160693168640137,-1.8298933506011963,-1.3218480348587036,1.0061289072036743,-0.5593711137771606,-1.1591700315475464,-1.0469348430633545,-0.9507215023040771,-1.3418469429016113,2.597426414489746,2.439699411392212,-0.24980951845645905,-1.2905142307281494,0.6462745666503906,-0.06730856001377106,0.01681997813284397,-0.10325280576944351,-0.1410006880760193,0.37875717878341675,0.7875357866287231,-1.8888996839523315,0.6990020275115967,0.25288859009742737,-0.10557496547698975,-0.2716014087200165,0.7737140655517578,-1.7103121280670166,0.8140976428985596,0.11796048283576965
0.1742137372493744,-0.42916059494018555,0.7874072194099426,-0.015030881389975548,-0.0540023110806942,-0.3817901611328125,0.9225476384162903,0.0,0.0,-0.6143071055412292,-1.8260531425476074,-1.3490970134735107,1.0524418354034424,-0.5648996233940125,-1.155470609664917,-1.047027587890625,-0.9086020588874817,-1.3116227388381958,2.623426675796509,2.507985830307007,-0.23950070142745972,-1.275838851928711,0.6490024328231812,-0.09299757331609726,0.024037735536694527,-0.13593527674674988,-0.15273594856262207,0.3703845143318176,0.8189343214035034,-1.8636507987976074,0.7224160432815552,0.25339794158935547,-0.0797077938914299,-0.3317711651325226,0.819922149181366,-1.7283976078033447,0.8057694435119629,0.0957467257976532
0.16726243495941162,-0.4396713972091675,0.784652590751648,-0.01823275536298752,-0.04304443672299385,-0.3487081229686737,0.9360647797584534,0.0,0.0,-0.6451555490493774,-1.7929673194885254,-1.415556788444519,1.1439745426177979,-0.5730820894241333,-1.1462723016738892,-1.0470746755599976,-0.7705502510070801,-1.290891170501709,2.618241310119629,2.5860490798950195,-0.22735178470611572,-1.2609938383102417,0.6531813740730286,-0.0913509875535965,0.035749465227127075,-0.1626432240009308,-0.154929056763649,0.3578365743160248,0.8260198831558228,-1.846217393875122,0.7514120936393738,0.2564568817615509,-0.05425490811467171,-0.38766321539878845,0.856614351272583,-1.7425949573516846,0.7932006120681763,0.08060327917337418
0.16052520275115967,-0.45124250650405884,0.7818820476531982,-0.029093187302350998,-0.0229880902916193,-0.31795284152030945,0.9473811388015747,0.0,0.0,-0.7046273946762085,-1.707671880722046,-1.522383689880371,1.2892965078353882,-0.5832794904708862,-1.133768916130066,-1.0471184253692627,-0.5675773024559021,-1.3059033155441284,2.6251888275146484,2.641127586364746,-0.2134723663330078,-1.2543843984603882,0.6584689617156982,-0.0725247785449028,0.04900222271680832,-0.17973627150058746,-0.12583504617214203,0.3409167528152466,0.8149123191833496,-1.831162691116333,0.7870840430259705,0.25891387462615967,-0.009385870769619942,-0.42809978127479553,0.8867113590240479,-1.7635023593902588,0.793189287185669,0.074338398873806
0.15308444201946259,-0.46257486939430237,0.7778342962265015,-0.05548408254981041,-0.0024607202503830194,-0.286804735660553,0.9563778042793274,0.0,0.0,-0.7528111934661865,-1.5560952425003052,-1.6466329097747803,1.4757517576217651,-0.5935088396072388,-1.1179252862930298,-1.0468034744262695,-0.32128918170928955,-1.3634905815124512,2.6100575923919678,2.647254467010498,-0.20055635273456573,-1.2609888315200806,0.6663910150527954,-0.05609975755214691,0.06890164315700531,-0.19111023843288422,-0.061319924890995026,0.32239583134651184,0.795849084854126,-1.8146412372589111,0.8158217668533325,0.2599877715110779,0.062224846333265305,-0.45361217856407166,0.9150524735450745,-1.7959527969360352,0.802046537399292,0.06981267035007477
0.14486989378929138,-0.4750201404094696,0.7726329565048218,-0.09263604134321213,0.004861080087721348,-0.24046868085861206,0.966214120388031,0.0,0.0,-0.7583966255187988,-1.3723690509796143,-1.770160436630249,1.6436119079589844,-0.6029864549636841,-1.1099131107330322,-1.0458396673202515,-0.08173246681690216,-1.466400384902954,2.5047669410705566,2.6027448177337646,-0.19447912275791168,-1.2834210395812988,0.6792035102844238,-0.06650175154209137,0.09609560668468475,-0.21972878277301788,0.018547311425209045,0.2888365387916565,0.7739181518554688,-1.7960350513458252,0.8347748517990112,0.25583022832870483,0.150753453373909,-0.47351309657096863,0.9490571618080139,-1.8316110372543335,0.8109688758850098,0.0639781728386879
0.13688437640666962,-0.4857860803604126,0.7695192098617554,-0.11940141767263412,0.002012466313317418,-0.20543476939201355,0.9713577032089233,0.0,0.0,-0.6737142205238342,-1.2162145376205444,-1.8330650329589844,1.7314774990081787,-0.6090067028999329,-1.1082868576049805,-1.0446709394454956,0.1134861558675766,-1.590888261795044,2.2857751846313477,2.513399839401245,-0.19542601704597473,-1.3076565265655518,0.6955951452255249,-0.08679528534412384,0.11169983446598053,-0.23832756280899048,0.0790901854634285,0.24980507791042328,0.7490130662918091,-1.7769391536712646,0.847087562084198,0.24691098928451538,0.21508702635765076,-0.4798133969306946,0.969078004360199,-1.8531826734542847,0.8078876733779907,0.06663744896650314
0.12868034839630127,-0.49510735273361206,0.7689730525016785,-0.12159571051597595,0.0017824802780523896,-0.19420398771762848,0.9733941555023193,0.0,0.0,-0.5064836144447327,-1.137641191482544,-1.913628339767456,1.7877476215362549,-0.6178871393203735,-1.0989429950714111,-1.0428236722946167,0.23237580060958862,-1.6754868030548096,2.0172901153564453,2.355851173400879,-0.1996469646692276,-1.3238928318023682,0.711718738079071,-0.08274149149656296,0.10262780636548996,-0.24104033410549164,0.10365322232246399,0.2242264598608017,0.7279036641120911,-1.7649381160736084,0.8546379804611206,0.24667572975158691,0.23794586956501007,-0.47701478004455566,0.9682556390762329,-1.8582494258880615,0.8009374141693115,0.07414592802524567
0.12038716673851013,-0.5032528638839722,0.768324613571167,-0.116872638463974,-0.0016991195734590292,-0.19685658812522888,0.9734399914741516,0.0,0.0,-0.27379310131073,-1.1386724710464478,-2.0294690132141113,1.7848830223083496,-0.6344655156135559,-1.084529995918274,-1.0369373559951782,0.303912878036499,-1.7304763793945312,1.8023885488510132,2.165081024169922,-0.2041051983833313,-1.3336955308914185,0.7267420291900635,-0.0729985460639,0.09252902120351791,-0.2342013716697693,0.10863674432039261,0.20220260322093964,0.7045193314552307,-1.7567102909088135,0.859514594078064,0.24902379512786865,0.23561376333236694,-0.47631561756134033,0.9501644372940063,-1.8586759567260742,0.789343535900116,0.08372944593429565
0.11270728707313538,-0.5097020268440247,0.7664386034011841,-0.10148656368255615,-0.011137261986732483,-0.21543224155902863,0.9711670279502869,0.0,0.0,-0.04303920269012451,-1.217846155166626,-2.187436819076538,1.73530912399292,-0.6550658345222473,-1.0682940483093262,-1.031686782836914,0.35804426670074463,-1.7662196159362793,1.6440870761871338,1.9931211471557617,-0.20764628052711487,-1.336822271347046,0.7408270835876465,-0.06814384460449219,0.07223217934370041,-0.21720565855503082,0.09540855884552002,0.18365342915058136,0.6910714507102966,-1.7561805248260498,0.8626300096511841,0.2575928866863251,0.21721231937408447,-0.47292226552963257,0.9292947053909302,-1.8581547737121582,0.779423177242279,0.09190993756055832
0.10628250241279602,-0.514715850353241,0.7666580677032471,-0.07729382067918777,-0.020958157256245613,-0.24968720972537994,0.9650091528892517,0.0,0.0,0.14377915859222412,-1.331373929977417,-2.336841106414795,1.680605173110962,-0.6697021722793579,-1.054675579071045,-1.0343297719955444,0.4143369197845459,-1.7894526720046997,1.5313661098480225,1.8387212753295898,-0.2097949981689453,-1.3347885608673096,0.754148006439209,-0.06110697239637375,0.04077572003006935,-0.19167883694171906,0.07233783602714539,0.16730543971061707,0.6926442384719849,-1.7642202377319336,0.8644657135009766,0.26159507036209106,0.19325697422027588,-0.4625086784362793,0.9113998413085938,-1.8630915880203247,0.773847758769989,0.09826365113258362
0.10125063359737396,-0.518478512763977,0.7673218250274658,-0.049754589796066284,-0.02749810181558132,-0.2968731224536896,0.9532232880592346,0.0,0.0,0.2732672095298767,-1.4396809339523315,-2.4460010528564453,1.673984408378601,-0.6726711392402649,-1.0462584495544434,-1.0380423069000244,0.47039854526519775,-1.8045542240142822,1.4457389116287231,1.6789870262145996,-0.20986977219581604,-1.3295378684997559,0.7659629583358765,-0.049483418464660645,0.004677599295973778,-0.16025874018669128,0.04714001342654228,0.1548984795808792,0.7127671837806702,-1.777264952659607,0.8604573011398315,0.2599075138568878,0.17106741666793823,-0.4394080638885498,0.896316409111023,-1.8733196258544922,0.7795854806900024,0.10856601595878601
0.0975443422794342,-0.5207626223564148,0.7679488658905029,-0.026621127501130104,-0.029833845794200897,-0.3524401783943176,0.9349797964096069,0.0,0.0,0.35777008533477783,-1.514306902885437,-2.5256800651550293,1.7329872846603394,-0.6655896306037903,-1.0425095558166504,-1.0411009788513184,0.5231977701187134,-1.8143701553344727,1.3719563484191895,1.5046037435531616,-0.20759537816047668,-1.321667194366455,0.7758100032806396,-0.033610668033361435,-0.030087176710367203,-0.13055244088172913,0.03293902054429054,0.14785368740558624,0.7409350872039795,-1.7859690189361572,0.8474808931350708,0.25064051151275635,0.15746578574180603,-0.4046079218387604,0.8722621202468872,-1.8850032091140747,0.7984301447868347,0.12138843536376953
0.09505711495876312,-0.5204192996025085,0.766737699508667,-0.00839074607938528,-0.029567284509539604,-0.4177640676498413,0.9080355763435364,0.0,0.0,0.41555461287498474,-1.5227956771850586,-2.531445264816284,1.8666608333587646,-0.6506451368331909,-1.0522916316986084,-1.0432355403900146,0.556817352771759,-1.8207505941390991,1.3318709135055542,1.3405680656433105,-0.20245246589183807,-1.3164658546447754,0.7832895517349243,-0.017845842987298965,-0.06175762042403221,-0.08959083259105682,0.02735717222094536,0.147246852517128,0.7828932404518127,-1.795937180519104,0.8262688517570496,0.2286446988582611,0.1462009996175766,-0.3531583249568939,0.8410831689834595,-1.900080680847168,0.8234644532203674,0.13626480102539062
0.09305170923471451,-0.5166395902633667,0.768130362033844,-0.003064621239900589,-0.0263912882655859,-0.4974426329135895,0.8670899271965027,0.0,0.0,0.448350727558136,-1.4520734548568726,-2.4161226749420166,2.0397417545318604,-0.6268136501312256,-1.0663048028945923,-1.0446231365203857,0.5884851217269897,-1.8248978853225708,1.305929183959961,1.1958966255187988,-0.1944095641374588,-1.3124973773956299,0.7873346209526062,-0.015237534418702126,-0.07352066040039062,-0.019959524273872375,0.026094350963830948,0.1583854705095291,0.8405348658561707,-1.7923365831375122,0.7888768911361694,0.2037123292684555,0.13095125555992126,-0.2782326638698578,0.8211675882339478,-1.897411823272705,0.8397518396377563,0.14786499738693237
0.09238845109939575,-0.5103693008422852,0.7726393938064575,-0.011930634267628193,-0.0202754158526659,-0.5806666612625122,0.8138014078140259,0.0,0.0,0.4369690418243408,-1.328324317932129,-2.2205350399017334,2.2176496982574463,-0.5967462062835693,-1.0775408744812012,-1.045525074005127,0.6325769424438477,-1.8275935649871826,1.3056037425994873,1.095956563949585,-0.18245162069797516,-1.3079499006271362,0.787941575050354,-0.028051652014255524,-0.06497602164745331,0.06762736290693283,0.030001210048794746,0.172490656375885,0.8957301378250122,-1.7724199295043945,0.7371575832366943,0.18594509363174438,0.1151340901851654,-0.19382990896701813,0.8029443025588989,-1.874672770500183,0.8503386378288269,0.1553516387939453
0.09403610229492188,-0.5026137828826904,0.7766035199165344,-0.025957349687814713,-0.01395928394049406,-0.6425445079803467,0.7656813263893127,0.0,0.0,0.41530734300613403,-1.2190791368484497,-2.049896001815796,2.3769993782043457,-0.5704295039176941,-1.0805768966674805,-1.0461113452911377,0.6750771999359131,-1.8293458223342896,1.3178136348724365,1.0515515804290771,-0.16903600096702576,-1.3013437986373901,0.7866647243499756,-0.04142133146524429,-0.051582470536231995,0.12601545453071594,0.04558967798948288,0.17062219977378845,0.9261022806167603,-1.7510035037994385,0.6943281888961792,0.17047624289989471,0.10156220197677612,-0.11933083832263947,0.7886348366737366,-1.8485088348388672,0.8572200536727905,0.1642291396856308
0.09695237874984741,-0.4965752959251404,0.7787282466888428,-0.04000997915863991,-0.004166244529187679,-0.6891481876373291,0.723503053188324,0.0,0.0,0.3863641321659088,-1.1422349214553833,-1.9346234798431396,2.504887104034424,-0.5518320798873901,-1.0848890542984009,-1.046492338180542,0.7046657204627991,-1.8304431438446045,1.331068992614746,1.0396850109100342,-0.1599692851305008,-1.3009748458862305,0.7863257527351379,-0.05589951202273369,-0.035761598497629166,0.17162959277629852,0.0642261952161789,0.15957552194595337,0.9529322385787964,-1.7346223592758179,0.6576935648918152,0.16051962971687317,0.08763918280601501,-0.05646383762359619,0.7899093627929688,-1.8284759521484375,0.8616930246353149,0.1737179309129715
0.09955008327960968,-0.4926704168319702,0.7781527042388916,-0.04905499517917633,0.008488014340400696,-0.7201501131057739,0.6920298933982849,0.0,0.0,0.3557337820529938,-1.092674970626831,-1.8612627983093262,2.606750011444092,-0.5394427180290222,-1.0892634391784668,-1.0466749668121338,0.7276768684387207,-1.8310551643371582,1.3369193077087402,1.0499941110610962,-0.1536565124988556,-1.3029299974441528,0.7863419055938721,-0.062435075640678406,-0.021076815202832222,0.19705969095230103,0.08318213373422623,0.1450870782136917,0.9771254658699036,-1.7280464172363281,0.6312644481658936,0.15228915214538574,0.07551254332065582,-0.013829044997692108,0.802607536315918,-1.8203380107879639,0.864600419998169,0.17832881212234497
0.1005236953496933,-0.48981142044067383,0.7761249542236328,-0.053266797214746475,0.020607948303222656,-0.7363529205322266,0.674182653427124,0.0,0.0,0.32134437561035156,-1.0625005960464478,-1.8146650791168213,2.6907401084899902,-0.5309537649154663,-1.0911859273910522,-1.046764612197876,0.7466347813606262,-1.831449270248413,1.3336819410324097,1.0759882926940918,-0.14715984463691711,-1.303112506866455,0.7852016687393188,-0.0591699555516243,-0.009792107157409191,0.19843746721744537,0.10296601057052612,0.1308460682630539,0.9893980026245117,-1.7281668186187744,0.6167324781417847,0.14329668879508972,0.07098445296287537,0.009913989342749119,0.8157384395599365,-1.821556568145752,0.8664902448654175,0.17543432116508484
0.09984796494245529,-0.4881908893585205,0.7741252183914185,-0.05447981506586075,0.03199625015258789,-0.7437020540237427,0.6655189394950867,0.0,0.0,0.2882069945335388,-1.0417492389678955,-1.7838324308395386,2.7578139305114746,-0.5251364707946777,-1.0919312238693237,-1.0467181205749512,0.7601656913757324,-1.8318517208099365,1.3288919925689697,1.1086180210113525,-0.14043374359607697,-1.3027894496917725,0.7831302881240845,-0.05075889080762863,-0.000622456893324852,0.18606504797935486,0.12162540853023529,0.12180931866168976,0.9920791387557983,-1.7300794124603271,0.6106945872306824,0.1359870731830597,0.07565225660800934,0.019225681200623512,0.8299721479415894,-1.8266420364379883,0.8677186369895935,0.16619253158569336
0.0979752317070961,-0.48668038845062256,0.7712782621383667,-0.05363524332642555,0.04113151878118515,-0.7430416941642761,0.665823221206665,0.0,0.0,0.24953854084014893,-1.02748441696167,-1.756218671798706,2.81048321723938,-0.5204890966415405,-1.0844182968139648,-1.0467169284820557,0.7666760683059692,-1.8321136236190796,1.3213469982147217,1.1418275833129883,-0.12526148557662964,-1.294918417930603,0.7754373550415039,-0.0358424112200737,0.0003025781479664147,0.15686580538749695,0.14409953355789185,0.12094956636428833,0.9855048656463623,-1.7335760593414307,0.6116783618927002,0.12932135164737701,0.09495069831609726,0.018880363553762436,0.8396797776222229,-1.8377788066864014,0.8685171008110046,0.15165048837661743
0.09508097171783447,-0.485912024974823,0.7693700790405273,-0.050685081630945206,0.04829583689570427,-0.741420567035675,0.6673785448074341,0.0,0.0,0.21291311085224152,-1.0159356594085693,-1.7267167568206787,2.847388744354248,-0.5163636207580566,-1.073038935661316,-1.0466574430465698,0.7708584666252136,-1.832283854484558,1.3128843307495117,1.163841724395752,-0.10486815869808197,-1.2840100526809692,0.7646139860153198,-0.020792007446289062,-0.0023341767955571413,0.12808172404766083,0.16096952557563782,0.1253453493118286,0.9791242480278015,-1.7349729537963867,0.6144832372665405,0.12345251441001892,0.11831195652484894,0.01609138958156109,0.8460962772369385,-1.849324107170105,0.8689489364624023,0.13614171743392944
0.09136254340410233,-0.4856925308704376,0.7672232389450073,-0.04627454653382301,0.053328871726989746,-0.7395173907279968,0.6694241762161255,0.0,0.0,0.18270976841449738,-1.0082741975784302,-1.6967072486877441,2.8708155155181885,-0.5129519701004028,-1.060059666633606,-1.0465468168258667,0.7725024223327637,-1.8323944807052612,1.3051716089248657,1.1755990982055664,-0.08185695856809616,-1.272352695465088,0.7527406811714172,-0.00768684409558773,-0.00664886087179184,0.10166790336370468,0.17146103084087372,0.13272932171821594,0.9765593409538269,-1.7388800382614136,0.6200287342071533,0.11718340963125229,0.14270222187042236,0.013531043194234371,0.8524620532989502,-1.863818883895874,0.8690478801727295,0.12039181590080261
0.0869772881269455,-0.4857712984085083,0.7673100233078003,-0.042727477848529816,0.05577283725142479,-0.7383974194526672,0.670695960521698,0.0,0.0,0.16458159685134888,-0.9938463568687439,-1.6531009674072266,2.8761708736419678,-0.5088732242584229,-1.0475292205810547,-1.0465164184570312,0.7757703065872192,-1.8324663639068604,1.3013551235198975,1.1816130876541138,-0.05802849680185318,-1.2609565258026123,0.7414067983627319,0.00034503964707255363,-0.009103274904191494,0.08357636630535126,0.17425763607025146,0.14522916078567505,0.9736368060112,-1.7377341985702515,0.6240255832672119,0.11440459638834,0.16528265178203583,0.009225969202816486,0.8540104627609253,-1.8710885047912598,0.8673661947250366,0.10344643890857697
0.0827115923166275,-0.4856071472167969,0.7685508728027344,-0.04177635908126831,0.058734700083732605,-0.7363486289978027,0.6727522611618042,0.0,0.0,0.16556189954280853,-0.9658752679824829,-1.5976169109344482,2.861135482788086,-0.5043809413909912,-1.0347944498062134,-1.046419620513916,0.78296959400177,-1.8325130939483643,1.3033608198165894,1.1906907558441162,-0.03453381732106209,-1.2499022483825684,0.7316277027130127,0.0029821405187249184,-0.005894165486097336,0.07112337648868561,0.17308685183525085,0.15817391872406006,0.9742621183395386,-1.7334051132202148,0.6262511014938354,0.1133202314376831,0.18761685490608215,0.0031164733227342367,0.8600395321846008,-1.8733665943145752,0.8641745448112488,0.08689425885677338
0.0788232833147049,-0.48486748337745667,0.7709535360336304,-0.044303443282842636,0.06043678894639015,-0.7345756888389587,0.6743760704994202,0.0,0.0,0.18379944562911987,-0.9242724180221558,-1.5300161838531494,2.831144094467163,-0.49879181385040283,-1.0211727619171143,-1.0463557243347168,0.7916876077651978,-1.8325434923171997,1.309640884399414,1.205288052558899,-0.012343620881438255,-1.2394616603851318,0.7241881489753723,-0.0029712135437875986,0.001135633559897542,0.0660768449306488,0.16777274012565613,0.1722755879163742,0.9791586399078369,-1.7254332304000854,0.6244463920593262,0.11498496681451797,0.20929160714149475,-0.003371173981577158,0.870139479637146,-1.8698252439498901,0.8628193736076355,0.0697093978524208
0.07540963590145111,-0.4835096001625061,0.7744933366775513,-0.05053316429257393,0.06115506961941719,-0.7314391136169434,0.6772764325141907,0.0,0.0,0.22713205218315125,-0.8645056486129761,-1.4509629011154175,2.78642201423645,-0.4920136332511902,-1.0053272247314453,-1.0462844371795654,0.8074290156364441,-1.8325631618499756,1.3190975189208984,1.2223349809646606,0.008031677454710007,-1.2288639545440674,0.7196216583251953,-0.016231056302785873,0.012468653731048107,0.06570442765951157,0.15865494310855865,0.18439936637878418,0.9856565594673157,-1.7139616012573242,0.6200559735298157,0.1167449951171875,0.22739684581756592,-0.006229002960026264,0.8822454214096069,-1.8614683151245117,0.8648874759674072,0.0546795129776001
0.07288911938667297,-0.48133161664009094,0.7770228385925293,-0.05970101058483124,0.061452388763427734,-0.7242476940155029,0.684196412563324,0.0,0.0,0.29023462533950806,-0.7940403819084167,-1.3800469636917114,2.736240863800049,-0.48573794960975647,-0.9855382442474365,-1.0460668802261353,0.8177496790885925,-1.832576036453247,1.3294674158096313,1.245804786682129,0.026043538004159927,-1.2183915376663208,0.7182613611221313,-0.03369224816560745,0.027833880856633186,0.06364805996417999,0.14457370340824127,0.19375097751617432,0.9955083727836609,-1.706315040588379,0.6197497844696045,0.11896246671676636,0.24049270153045654,-0.01163310743868351,0.9015907049179077,-1.8541977405548096,0.8665313720703125,0.04306483641266823
0.07125623524188995,-0.4791480302810669,0.7804682850837708,-0.06984124332666397,0.06105140969157219,-0.7132276296615601,0.6947670578956604,0.0,0.0,0.3701924979686737,-0.7160653471946716,-1.3242632150650024,2.678694486618042,-0.4802705645561218,-0.9618197679519653,-1.0457576513290405,0.8241884708404541,-1.8325843811035156,1.3354902267456055,1.268581509590149,0.04143446683883667,-1.2079209089279175,0.7202612161636353,-0.05156100168824196,0.045600004494190216,0.058705884963274,0.12482470273971558,0.20120099186897278,1.0004085302352905,-1.6972336769104004,0.6222563982009888,0.12084080278873444,0.24579845368862152,-0.02028154954314232,0.9182472825050354,-1.8426226377487183,0.8675366640090942,0.034925106912851334
0.07032908499240875,-0.4769592881202698,0.7823822498321533,-0.0788443386554718,0.06069446727633476,-0.6994898319244385,0.7076819539070129,0.0,0.0,0.45268070697784424,-0.6386374235153198,-1.29463529586792,2.637298822402954,-0.4760904312133789,-0.9333047866821289,-1.0455180406570435,0.8308526277542114,-1.8325897455215454,1.3382271528244019,1.288164496421814,0.054434970021247864,-1.1973183155059814,0.7254688143730164,-0.06653809547424316,0.06495464593172073,0.05189129710197449,0.09932407736778259,0.20292600989341736,1.0060222148895264,-1.6948826313018799,0.6296267509460449,0.12334854900836945,0.2427387535572052,-0.03055458888411522,0.937258780002594,-1.8336049318313599,0.8683131337165833,0.029926063492894173
0.07014535367488861,-0.4751701354980469,0.7836835980415344,-0.08763695508241653,0.05999113991856575,-0.6857419013977051,0.7200548052787781,0.0,0.0,0.5335545539855957,-0.5668771266937256,-1.287369966506958,2.610126495361328,-0.47258460521698,-0.9010521173477173,-1.0453332662582397,0.828472375869751,-1.832593321800232,1.3323187828063965,1.3051334619522095,0.06500071287155151,-1.1877384185791016,0.7335122227668762,-0.0795450359582901,0.08436749875545502,0.04474303871393204,0.07335430383682251,0.2014535367488861,1.007323980331421,-1.694938063621521,0.6379870772361755,0.12334029376506805,0.23473423719406128,-0.03820481896400452,0.9515633583068848,-1.8255987167358398,0.8688147068023682,0.028327863663434982
0.07052916288375854,-0.473666250705719,0.7839873433113098,-0.09532737731933594,0.05828924477100372,-0.6733582615852356,0.7308239936828613,0.0,0.0,0.606246292591095,-0.5069517493247986,-1.3003654479980469,2.598590612411499,-0.469607949256897,-0.8662446737289429,-1.0451884269714355,0.8126721382141113,-1.8325955867767334,1.3197212219238281,1.324276089668274,0.07369324564933777,-1.179736614227295,0.7436717748641968,-0.08954661339521408,0.10221882164478302,0.03961801901459694,0.047473158687353134,0.19733965396881104,1.0039738416671753,-1.6990022659301758,0.6476039886474609,0.12321899831295013,0.2217908501625061,-0.041822679340839386,0.9604170322418213,-1.8198058605194092,0.869226336479187,0.03166157752275467
0.07139705121517181,-0.4722624123096466,0.7831665277481079,-0.10073711723089218,0.05391233041882515,-0.6636807322502136,0.7392383217811584,0.0,0.0,0.6645442247390747,-0.4614172577857971,-1.3263458013534546,2.594242811203003,-0.46716827154159546,-0.8316141366958618,-1.045127034187317,0.7873733043670654,-1.8325971364974976,1.3041391372680664,1.338037371635437,0.08125779032707214,-1.173388957977295,0.7551364898681641,-0.09670116752386093,0.11497588455677032,0.04003452882170677,0.020221691578626633,0.19307895004749298,0.9974473714828491,-1.7073893547058105,0.6566585898399353,0.12392276525497437,0.20447689294815063,-0.03892960026860237,0.9631016254425049,-1.816295862197876,0.8694970607757568,0.039023786783218384
0.07297469675540924,-0.47099703550338745,0.7813895344734192,-0.10413361340761185,0.04580002650618553,-0.6579422354698181,0.7444263696670532,0.0,0.0,0.7086166739463806,-0.42883583903312683,-1.354797124862671,2.595492362976074,-0.46464836597442627,-0.7992404699325562,-1.0452231168746948,0.7555544972419739,-1.832598090171814,1.2898885011672974,1.3469488620758057,0.08810155093669891,-1.1686551570892334,0.767398476600647,-0.10653276741504669,0.12145668268203735,0.04807646572589874,-0.010723118670284748,0.19052228331565857,0.9942049980163574,-1.7184724807739258,0.6643466353416443,0.12764319777488708,0.18306058645248413,-0.02781619504094124,0.9634302258491516,-1.813793420791626,0.8696730732917786,0.047261886298656464
0.07538832724094391,-0.46987414360046387,0.7790234088897705,-0.10467109829187393,0.03541623055934906,-0.6570918560028076,0.7456675171852112,0.0,0.0,0.7336371541023254,-0.41022634506225586,-1.3820070028305054,2.60147762298584,-0.461883544921875,-0.770630419254303,-1.0454511642456055,0.7197392582893372,-1.8325986862182617,1.2757002115249634,1.3501189947128296,0.09458287060260773,-1.1652545928955078,0.7798099517822266,-0.11745928227901459,0.1219443827867508,0.06395921856164932,-0.047310471534729004,0.1913599818944931,0.9973725080490112,-1.7300214767456055,0.6673511862754822,0.13625293970108032,0.15746712684631348,-0.007614681497216225,0.9618417024612427,-1.8115205764770508,0.8697874546051025,0.058646172285079956
0.07857926189899445,-0.46872878074645996,0.7763146162033081,-0.101240374147892,0.024523576721549034,-0.662693202495575,0.7416108250617981,0.0,0.0,0.7327137589454651,-0.41006994247436523,-1.405470609664917,2.616035223007202,-0.45851200819015503,-0.7467129230499268,-1.0458426475524902,0.6870311498641968,-1.8325990438461304,1.2615978717803955,1.3386852741241455,0.101239874958992,-1.1629087924957275,0.7915836572647095,-0.12798020243644714,0.11580829322338104,0.08649162948131561,-0.09002631902694702,0.19737789034843445,1.0120782852172852,-1.7395930290222168,0.6625316143035889,0.14982403814792633,0.12877796590328217,0.020567838102579117,0.9613995552062988,-1.808838129043579,0.8698617815971375,0.07156066596508026
0.0819818377494812,-0.46731704473495483,0.7763099670410156,-0.09558974206447601,0.01535713393241167,-0.6745564341545105,0.7318472862243652,0.0,0.0,0.6956456899642944,-0.439299076795578,-1.4268031120300293,2.6423840522766113,-0.45466935634613037,-0.7283366918563843,-1.04631769657135,0.646012008190155,-1.8325992822647095,1.245679497718811,1.3123416900634766,0.10803653299808502,-1.1617549657821655,0.80208420753479,-0.13541671633720398,0.09641163796186447,0.11234603077173233,-0.11960260570049286,0.20780065655708313,1.0360054969787598,-1.7415852546691895,0.6465924978256226,0.15677443146705627,0.11437240242958069,0.05682656168937683,0.9643633365631104,-1.8071160316467285,0.8699101209640503,0.08061118423938751
0.08482133597135544,-0.46643275022506714,0.7764971852302551,-0.08628825098276138,0.010735063813626766,-0.6872043013572693,0.7212415337562561,0.0,0.0,0.6159648895263672,-0.5236689448356628,-1.4549801349639893,2.6815500259399414,-0.451627254486084,-0.7158307433128357,-1.0466264486312866,0.5895642638206482,-1.8325995206832886,1.2351484298706055,1.2654331922531128,0.1156536266207695,-1.161824107170105,0.8104108572006226,-0.13659965991973877,0.07206402719020844,0.12791839241981506,-0.13882718980312347,0.21372902393341064,1.0692106485366821,-1.7389394044876099,0.6249653100967407,0.1557963639497757,0.10797330737113953,0.10326750576496124,0.9737342596054077,-1.8064751625061035,0.8699415326118469,0.08697311580181122
0.08669249713420868,-0.4667738080024719,0.7753878831863403,-0.06827592104673386,0.012187940068542957,-0.6938973069190979,0.7167261838912964,0.0,0.0,0.4956766963005066,-0.675108790397644,-1.515769362449646,2.729429244995117,-0.45485037565231323,-0.7100732922554016,-1.046434998512268,0.514268696308136,-1.8325996398925781,1.2333550453186035,1.2042877674102783,0.12443698942661285,-1.1628062725067139,0.8165141344070435,-0.11932694166898727,0.0494190938770771,0.11522780358791351,-0.15132316946983337,0.202359139919281,1.0957095623016357,-1.7456740140914917,0.6100173592567444,0.14704856276512146,0.0994759202003479,0.15393587946891785,0.9828728437423706,-1.8087382316589355,0.8699619770050049,0.09768326580524445
0.08867689967155457,-0.46655750274658203,0.7718641757965088,-0.04102915897965431,0.006608026567846537,-0.7029003500938416,0.7100732922554016,0.0,0.0,0.3366146683692932,-0.8727788925170898,-1.5958187580108643,2.752542018890381,-0.4665480852127075,-0.7190438508987427,-1.0467026233673096,0.4306323230266571,-1.8325997591018677,1.2632761001586914,1.1354994773864746,0.13464821875095367,-1.164965033531189,0.8213287591934204,-0.09774612635374069,0.009857898578047752,0.09152968227863312,-0.15939633548259735,0.17190314829349518,1.1126266717910767,-1.769450306892395,0.6070508360862732,0.13407492637634277,0.08533567190170288,0.20569643378257751,0.9950045943260193,-1.8169106245040894,0.8699752688407898,0.10905367136001587
0.09194725751876831,-0.46566107869148254,0.7667626738548279,-0.016156945377588272,-0.013669369742274284,-0.720396876335144,0.6932390928268433,0.0,0.0,0.1495349407196045,-1.0858500003814697,-1.6696174144744873,2.6974472999572754,-0.48522382974624634,-0.7619175314903259,-1.0468766689300537,0.3361658751964569,-1.8325997591018677,1.3153083324432373,1.0965094566345215,0.14265410602092743,-1.174246907234192,0.8276968002319336,-0.10511617362499237,-0.042273469269275665,0.07152660191059113,-0.16360685229301453,0.123655766248703,1.135131597518921,-1.8024568557739258,0.6085638999938965,0.11570106446743011,0.0568581186234951,0.25419706106185913,1.0230501890182495,-1.8269462585449219,0.8699839115142822,0.12357130646705627
0.09593121707439423,-0.46243298053741455,0.7627856135368347,-0.002619001781567931,-0.030041150748729706,-0.7399704456329346,0.6719630360603333,0.0,0.0,-0.022829502820968628,-1.2481358051300049,-1.716921091079712,2.5518264770507812,-0.502000093460083,-0.798529326915741,-1.0445226430892944,0.2415492981672287,-1.8325997591018677,1.4170658588409424,1.1158376932144165,0.15015634894371033,-1.184434175491333,0.8303191661834717,-0.11119820177555084,-0.07406722009181976,0.05142499506473541,-0.15490171313285828,0.06952428817749023,1.1402018070220947,-1.831754207611084,0.6126255989074707,0.09147287160158157,0.035474106669425964,0.28770017623901367,1.0399523973464966,-1.834321141242981,0.8699895143508911,0.13530202209949493
0.09935592114925385,-0.4601680636405945,0.7626924514770508,-0.014016970992088318,-0.036664869636297226,-0.758717954158783,0.6502355933189392,0.0,0.0,-0.18960876762866974,-1.3665701150894165,-1.7201366424560547,2.337644577026367,-0.5164262652397156,-0.8346273303031921,-1.0435553789138794,0.16817456483840942,-1.8325997591018677,1.563481330871582,1.2206993103027344,0.15544751286506653,-1.192611575126648,0.8330233693122864,-0.13596086204051971,-0.07282883673906326,0.03883618861436844,-0.12371589243412018,0.01799694262444973,1.1258983612060547,-1.8428220748901367,0.6187432408332825,0.06640680879354477,0.03597287833690643,0.2987600266933441,1.0389182567596436,-1.8359768390655518,0.8699931502342224,0.1377166360616684
0.09991270303726196,-0.46042126417160034,0.7629576921463013,-0.03800496086478233,-0.025051044300198555,-0.7758428454399109,0.6292820572853088,0.0,0.0,-0.337584912776947,-1.4586145877838135,-1.6896507740020752,2.1685256958007812,-0.524195671081543,-0.8674170970916748,-1.0448310375213623,0.0970882847905159,-1.8325997591018677,1.6890766620635986,1.4016125202178955,0.1540253609418869,-1.1964281797409058,0.8432221412658691,-0.1543225198984146,-0.0478019043803215,0.025859201326966286,-0.06626132875680923,-0.008951258845627308,1.0976566076278687,-1.840545654296875,0.6324220299720764,0.04722157120704651,0.07014760375022888,0.2958911061286926,1.0283094644546509,-1.8447128534317017,0.8699955344200134,0.12478844821453094
0.09805755317211151,-0.46200692653656006,0.7616522312164307,-0.056054603308439255,-0.011177926324307919,-0.7901151776313782,0.610287606716156,0.0,0.0,-0.4366801977157593,-1.530073642730713,-1.6715972423553467,2.043466806411743,-0.5288271903991699,-0.8942478895187378,-1.0455470085144043,0.050913043320178986,-1.8325997591018677,1.8164243698120117,1.6139912605285645,0.14804048836231232,-1.1977444887161255,0.8588986396789551,-0.16134631633758545,-0.03470391407608986,0.00935068167746067,4.4558197259902954e-05,-0.016151005402207375,1.0677027702331543,-1.8330531120300293,0.6501798033714294,0.038986727595329285,0.11654600501060486,0.28052592277526855,1.0197248458862305,-1.8603272438049316,0.869732141494751,0.10555602610111237
0.09542704373598099,-0.4637805223464966,0.7604511380195618,-0.06790081411600113,-0.0004568063886836171,-0.8048250675201416,0.5896150469779968,0.0,0.0,-0.5065013766288757,-1.5768855810165405,-1.6638447046279907,1.9644474983215332,-0.5301952362060547,-0.9164552688598633,-1.0460708141326904,0.02794298157095909,-1.8237303495407104,1.9395910501480103,1.8009905815124512,0.14024163782596588,-1.1997462511062622,0.8771253824234009,-0.16336677968502045,-0.03285975009202957,-0.0021404451690614223,0.0590529590845108,-0.006599124521017075,1.0420055389404297,-1.8196526765823364,0.6656003594398499,0.044858306646347046,0.16041505336761475,0.26087626814842224,1.0123472213745117,-1.8736436367034912,0.869187593460083,0.08814731985330582
0.09281429648399353,-0.465093195438385,0.758857011795044,-0.07486330717802048,0.007297673728317022,-0.8188113570213318,0.5691134929656982,0.0,0.0,-0.5536259412765503,-1.6100726127624512,-1.6593207120895386,1.9190022945404053,-0.5283322334289551,-0.9357420802116394,-1.0464659929275513,0.019699083641171455,-1.8126304149627686,2.0265800952911377,1.9344474077224731,0.1306908130645752,-1.2037618160247803,0.8974193930625916,-0.16161105036735535,-0.03626216948032379,-0.010344699025154114,0.10675908625125885,0.011569597758352757,1.022152066230774,-1.8077404499053955,0.676679253578186,0.05365924537181854,0.19932426512241364,0.23875492811203003,1.008815884590149,-1.8851170539855957,0.8682316541671753,0.07236561924219131
0.09068600088357925,-0.46563977003097534,0.7576295733451843,-0.07934343814849854,0.01043477188795805,-0.8297852873802185,0.5523152947425842,0.0,0.0,-0.5794816017150879,-1.631439208984375,-1.666304588317871,1.8995137214660645,-0.5246108770370483,-0.9527384042739868,-1.0466493368148804,0.024660559371113777,-1.8039624691009521,2.0868401527404785,2.011262893676758,0.12047676742076874,-1.2091572284698486,0.9184143543243408,-0.16300928592681885,-0.04268023371696472,-0.015755273401737213,0.14166970551013947,0.027816344052553177,1.0094811916351318,-1.7983956336975098,0.6832065582275391,0.06219616159796715,0.2293231189250946,0.2163897156715393,1.0110527276992798,-1.8921164274215698,0.8673791885375977,0.060818158090114594
0.0892157256603241,-0.4656546115875244,0.7567285299301147,-0.08266393840312958,0.009614414535462856,-0.8370200395584106,0.5408064723014832,0.0,0.0,-0.5822857618331909,-1.6379008293151855,-1.6958448886871338,1.9083592891693115,-0.520151674747467,-0.9678894281387329,-1.0466519594192505,0.027983255684375763,-1.7965028285980225,2.131310224533081,2.044618606567383,0.11041541397571564,-1.2148690223693848,0.938991904258728,-0.17073746025562286,-0.05027981847524643,-0.01905973255634308,0.1648503690958023,0.039786197245121,1.006543517112732,-1.791048288345337,0.6862658858299255,0.0708572193980217,0.2483295202255249,0.1981264352798462,1.0189621448516846,-1.8957993984222412,0.867479681968689,0.05675613507628441
0.08831068873405457,-0.4656084477901459,0.7554888725280762,-0.08389776945114136,0.0074976407922804356,-0.8410255908966064,0.5343977212905884,0.0,0.0,-0.561196506023407,-1.634864091873169,-1.738149881362915,1.9254462718963623,-0.5151625275611877,-0.9814398288726807,-1.0465707778930664,0.02210436388850212,-1.7937231063842773,2.155637264251709,2.056485891342163,0.10006187856197357,-1.2196801900863647,0.95939701795578,-0.1772235929965973,-0.05656849592924118,-0.023307792842388153,0.17851445078849792,0.04859437048435211,1.0085783004760742,-1.7881033420562744,0.6888729929924011,0.07591189444065094,0.25942742824554443,0.1849634051322937,1.0276579856872559,-1.8991224765777588,0.8665667772293091,0.05591290071606636
0.08791667222976685,-0.46528613567352295,0.7538927793502808,-0.08573959767818451,0.0038198092952370644,-0.8432833552360535,0.5305725932121277,0.0,0.0,-0.5322484374046326,-1.6287341117858887,-1.7736015319824219,1.958038330078125,-0.5076719522476196,-0.994621992111206,-1.0467640161514282,0.01670205593109131,-1.7959086894989014,2.1665210723876953,2.058626890182495,0.08947348594665527,-1.2232980728149414,0.9794918298721313,-0.18592527508735657,-0.06118136644363403,-0.022127142176032066,0.18384334444999695,0.05758891627192497,1.014944314956665,-1.7886312007904053,0.6916968822479248,0.08155395090579987,0.2637505531311035,0.1785244345664978,1.0348234176635742,-1.903017520904541,0.8652146458625793,0.05885494500398636
0.08777330815792084,-0.46498531103134155,0.7506473660469055,-0.08474448323249817,0.0001930869184434414,-0.8439976572990417,0.5296095609664917,0.0,0.0,-0.49357467889785767,-1.6271178722381592,-1.800511360168457,1.9950401782989502,-0.4982261657714844,-1.0074915885925293,-1.0469164848327637,0.007145566865801811,-1.8050730228424072,2.1747145652770996,2.0447192192077637,0.0790947675704956,-1.22561514377594,0.9989075660705566,-0.18934158980846405,-0.06602457910776138,-0.018828263506293297,0.18364089727401733,0.06944265961647034,1.0273467302322388,-1.7962722778320312,0.6960001587867737,0.08404368162155151,0.2634586691856384,0.1765851378440857,1.0421793460845947,-1.9119054079055786,0.8653368949890137,0.06454186141490936
0.08753787726163864,-0.46489623188972473,0.7472680807113647,-0.07945701479911804,-0.005359232891350985,-0.8429072499275208,0.5321327447891235,0.0,0.0,-0.43553993105888367,-1.6341290473937988,-1.8089264631271362,2.0562846660614014,-0.48529013991355896,-1.0217766761779785,-1.04701566696167,-0.011763506568968296,-1.814705729484558,2.150839328765869,2.0029592514038086,0.0671931803226471,-1.2261452674865723,1.0154728889465332,-0.18301613628864288,-0.07279910147190094,-0.015495287254452705,0.1743392050266266,0.08813270926475525,1.034302830696106,-1.8063675165176392,0.7010543346405029,0.08523716032505035,0.2554437220096588,0.17588718235492706,1.0399491786956787,-1.9207972288131714,0.8631536960601807,0.07415857911109924
0.08726592361927032,-0.4651224613189697,0.7429647445678711,-0.07222408801317215,-0.010577044449746609,-0.8415793776512146,0.5351783633232117,0.0,0.0,-0.3667452037334442,-1.648187279701233,-1.8268388509750366,2.101278066635132,-0.4724796712398529,-1.035804033279419,-1.047080159187317,-0.03632199764251709,-1.8209686279296875,2.1386191844940186,1.9606540203094482,0.05484595149755478,-1.2239124774932861,1.0260813236236572,-0.16760869324207306,-0.07628434151411057,-0.015396131202578545,0.15817558765411377,0.10926712304353714,1.0347963571548462,-1.8218145370483398,0.7099741697311401,0.087578184902668,0.24086838960647583,0.1720869541168213,1.0309346914291382,-1.9341351985931396,0.8635560274124146,0.09030230343341827
0.0878041535615921,-0.4657014012336731,0.7395015954971313,-0.0622108057141304,-0.01131261233240366,-0.843424916267395,0.5335130095481873,0.0,0.0,-0.28981390595436096,-1.6536097526550293,-1.8544135093688965,2.124626398086548,-0.46081382036209106,-1.0486701726913452,-1.0471220016479492,-0.07416141033172607,-1.8250395059585571,2.140958070755005,1.9184366464614868,0.04303492605686188,-1.2199562788009644,1.0329434871673584,-0.13823027908802032,-0.07484263181686401,-0.01583092287182808,0.1382143795490265,0.13379476964473724,1.0304656028747559,-1.8406007289886475,0.7220582962036133,0.08985676616430283,0.22438958287239075,0.16073116660118103,1.0193159580230713,-1.9524335861206055,0.8651202321052551,0.10840705037117004
0.08939465135335922,-0.4662269949913025,0.7350770235061646,-0.05020643025636673,-0.007910446263849735,-0.8501213192939758,0.5241284370422363,0.0,0.0,-0.20795398950576782,-1.6520922183990479,-1.8901020288467407,2.12819504737854,-0.4505156874656677,-1.0598888397216797,-1.0471491813659668,-0.11726298183202744,-1.8276855945587158,2.1470882892608643,1.8797612190246582,0.03173018619418144,-1.2153314352035522,1.0374693870544434,-0.09618803858757019,-0.06881657242774963,-0.01533697172999382,0.11500420421361923,0.15899541974067688,1.0236071348190308,-1.8626463413238525,0.7331734895706177,0.09253343939781189,0.20732970535755157,0.13984760642051697,1.00993013381958,-1.9728153944015503,0.8665173053741455,0.12676358222961426
0.0922413170337677,-0.4661984145641327,0.7291661500930786,-0.03954961523413658,-0.002794824540615082,-0.8600754141807556,0.5086238980293274,0.0,0.0,-0.12994606792926788,-1.646848201751709,-1.9304254055023193,2.1220781803131104,-0.4411618709564209,-1.0699023008346558,-1.0471669435501099,-0.1547844260931015,-1.8294055461883545,2.1533000469207764,1.8590548038482666,0.020857064053416252,-1.2108105421066284,1.0405099391937256,-0.053317293524742126,-0.05923963338136673,-0.012477303855121136,0.09030739217996597,0.17832791805267334,1.0204334259033203,-1.8880552053451538,0.7432112693786621,0.09545837342739105,0.18956144154071808,0.11274530738592148,1.0091896057128906,-1.9926605224609375,0.8677362203598022,0.14537197351455688
0.09577895700931549,-0.46579933166503906,0.7226844429969788,-0.029649829491972923,0.0023296852596104145,-0.8717690706253052,0.4890134930610657,0.0,0.0,-0.05707847699522972,-1.638505220413208,-1.9709515571594238,2.1191678047180176,-0.4322913885116577,-1.0787358283996582,-1.0471785068511963,-0.1911405622959137,-1.8305236101150513,2.1503193378448486,1.8479878902435303,0.010270573198795319,-1.2070212364196777,1.0425065755844116,-0.011386958882212639,-0.04961464926600456,-0.00613169651478529,0.06558042019605637,0.19463267922401428,1.020095944404602,-1.9132888317108154,0.7522411942481995,0.09537570178508759,0.1724519431591034,0.08328312635421753,1.0117524862289429,-2.009906768798828,0.8685284852981567,0.160447359085083
0.09946005046367645,-0.46507519483566284,0.7163680791854858,-0.020584670826792717,0.006985299289226532,-0.8819741010665894,0.4707963466644287,0.0,0.0,0.011745292693376541,-1.628664493560791,-2.009134531021118,2.1219141483306885,-0.4239237606525421,-1.0865464210510254,-1.047186017036438,-0.22538745403289795,-1.8312503099441528,2.1449759006500244,1.844311237335205,0.0005005653947591782,-1.2040892839431763,1.0437862873077393,0.026540212333202362,-0.04153629392385483,0.003636757843196392,0.045207127928733826,0.2050657570362091,1.022194743156433,-1.9355099201202393,0.7590562701225281,0.09330877661705017,0.1566915214061737,0.05561753362417221,1.0176451206207275,-2.0230095386505127,0.8690434694290161,0.1733735203742981
0.10268288850784302,-0.46407490968704224,0.7108290791511536,-0.01189202070236206,0.01080922782421112,-0.889671266078949,0.45631882548332214,0.0,0.0,0.07762160152196884,-1.6199003458023071,-2.046674966812134,2.1272387504577637,-0.4163628816604614,-1.0933815240859985,-1.0471909046173096,-0.25700798630714417,-1.831722617149353,2.1379783153533936,1.8412445783615112,-0.008345521986484528,-1.2018883228302002,1.044584035873413,0.0598832406103611,-0.0359220989048481,0.01348484680056572,0.029781535267829895,0.21039429306983948,1.0259087085723877,-1.9534893035888672,0.7654783725738525,0.08744792640209198,0.14204777777194977,0.03010638803243637,1.025568962097168,-2.0317835807800293,0.8693782091140747,0.18250495195388794
0.10517227649688721,-0.46307891607284546,0.7071170210838318,-0.004219359718263149,0.014581277035176754,-0.8949699401855469,0.4458681046962738,0.0,0.0,0.14313021302223206,-1.6113063097000122,-2.0838162899017334,2.1295275688171387,-0.40984588861465454,-1.0992623567581177,-1.047194004058838,-0.2855314612388611,-1.8320297002792358,2.136641025543213,1.8437080383300781,-0.016004769131541252,-1.2000385522842407,1.0450944900512695,0.08803457021713257,-0.030795447528362274,0.022177759557962418,0.018797915428876877,0.2117246836423874,1.0282480716705322,-1.9649217128753662,0.7701832056045532,0.08049708604812622,0.12840011715888977,0.007520019076764584,1.0313317775726318,-2.034590244293213,0.8695958256721497,0.18909262120723724
0.10715222358703613,-0.4619559645652771,0.7043359875679016,0.002798391506075859,0.017994161695241928,-0.8992676138877869,0.43701961636543274,0.0,0.0,0.20887935161590576,-1.5989372730255127,-2.1135334968566895,2.1327407360076904,-0.4041473865509033,-1.1041626930236816,-1.0471961498260498,-0.3157182037830353,-1.8322292566299438,2.1352615356445312,1.8451387882232666,-0.022480174899101257,-1.1985750198364258,1.0453929901123047,0.11359094828367233,-0.026527125388383865,0.03206147253513336,0.010710117407143116,0.21420787274837494,1.0299913883209229,-1.9727163314819336,0.773303747177124,0.07230694591999054,0.11605266481637955,-0.012081182561814785,1.0350998640060425,-2.0346741676330566,0.8697372674942017,0.19346874952316284
0.10870809108018875,-0.4609031677246094,0.7027794122695923,0.008204055950045586,0.022083239629864693,-0.9019210934638977,0.43125787377357483,0.0,0.0,0.27575501799583435,-1.5859596729278564,-2.1396868228912354,2.1327998638153076,-0.39958637952804565,-1.107919692993164,-1.0471974611282349,-0.34496480226516724,-1.832358956336975,2.1342995166778564,1.850780963897705,-0.027733270078897476,-1.1974401473999023,1.0456037521362305,0.1344543844461441,-0.021450631320476532,0.03926056623458862,0.005286603234708309,0.21415874361991882,1.031691551208496,-1.9759974479675293,0.7743678092956543,0.06556334346532822,0.10600383579730988,-0.029799869284033775,1.0380969047546387,-2.031075954437256,0.8698291778564453,0.19526250660419464
0.10980218648910522,-0.4597119092941284,0.7023333311080933,0.011745255440473557,0.025729728862643242,-0.9042674899101257,0.4260285496711731,0.0,0.0,0.3417363166809082,-1.5735878944396973,-2.161102771759033,2.137079954147339,-0.39588239789009094,-1.1105594635009766,-1.0471982955932617,-0.37128177285194397,-1.8324432373046875,2.128413438796997,1.8574631214141846,-0.03229893371462822,-1.1965365409851074,1.045732855796814,0.15118257701396942,-0.017248012125492096,0.04559655860066414,0.0037997032050043344,0.21593309938907623,1.031162977218628,-1.9751698970794678,0.7736319899559021,0.05750235170125961,0.10002100467681885,-0.04376097023487091,1.0381454229354858,-2.025475263595581,0.8698889017105103,0.1944619119167328
0.11065307259559631,-0.45843201875686646,0.7022277116775513,0.014892887324094772,0.0281562190502882,-0.9078060388565063,0.41817906498908997,0.0,0.0,0.4058772325515747,-1.5570933818817139,-2.1700854301452637,2.1428914070129395,-0.3928470015525818,-1.1120421886444092,-1.04719877243042,-0.3993592858314514,-1.8324980735778809,2.126176595687866,1.8538042306900024,-0.035481248050928116,-1.1958379745483398,1.045703649520874,0.1668756902217865,-0.015097958967089653,0.05701693147420883,0.005550095811486244,0.22416538000106812,1.030069351196289,-1.9725887775421143,0.769625723361969,0.0484347827732563,0.09806564450263977,-0.05129152536392212,1.0348646640777588,-2.020617961883545,0.8699277639389038,0.19258475303649902
0.11116370558738708,-0.45706427097320557,0.703265905380249,0.015868717804551125,0.030026167631149292,-0.9103882312774658,0.41235893964767456,0.0,0.0,0.4707190990447998,-1.540233850479126,-2.1767654418945312,2.150583028793335,-0.39107081294059753,-1.112141489982605,-1.0471992492675781,-0.4232237935066223,-1.8325337171554565,2.129436492919922,1.8437432050704956,-0.03733612224459648,-1.1953872442245483,1.0456461906433105,0.1762005090713501,-0.012691371142864227,0.06710642576217651,0.009569603018462658,0.22950270771980286,1.0284767150878906,-1.9674394130706787,0.7643685340881348,0.0402141697704792,0.09778635948896408,-0.052823878824710846,1.0305554866790771,-2.0144577026367188,0.8699530363082886,0.19149723649024963
0.1113806962966919,-0.455626517534256,0.7054203748703003,0.015295268036425114,0.03102595917880535,-0.9118636846542358,0.4090331196784973,0.0,0.0,0.5311852693557739,-1.5227715969085693,-2.1770007610321045,2.1551902294158936,-0.390252947807312,-1.1111947298049927,-1.0471994876861572,-0.44217830896377563,-1.8325568437576294,2.1346378326416016,1.831794261932373,-0.03826630860567093,-1.194815993309021,1.0455836057662964,0.17981332540512085,-0.010286921635270119,0.0770886093378067,0.013977372087538242,0.23404860496520996,1.0279874801635742,-1.9607876539230347,0.7586613893508911,0.03296777978539467,0.09760449081659317,-0.04986843839287758,1.0262678861618042,-2.0074963569641113,0.8699694275856018,0.1912522315979004
0.11137130856513977,-0.45426857471466064,0.7079105377197266,0.013036010786890984,0.03229757025837898,-0.9121048450469971,0.40847474336624146,0.0,0.0,0.5846837759017944,-1.5071825981140137,-2.1767661571502686,2.1547696590423584,-0.3906101882457733,-1.1093069314956665,-1.0471774339675903,-0.45512837171554565,-1.8325718641281128,2.138021945953369,1.820956826210022,-0.038600482046604156,-1.194114089012146,1.0455491542816162,0.1771065592765808,-0.007409821730107069,0.08371876180171967,0.019079100340604782,0.23292583227157593,1.0296530723571777,-1.9526302814483643,0.7535287141799927,0.02658456563949585,0.09885020554065704,-0.04301060736179352,1.0251843929290771,-1.9999966621398926,0.8699800968170166,0.19028973579406738
0.11117997765541077,-0.4531119167804718,0.7106267809867859,0.008893976919353008,0.033101536333560944,-0.9123618006706238,0.40794748067855835,0.0,0.0,0.6358659267425537,-1.4928607940673828,-2.1771156787872314,2.154817581176758,-0.39195382595062256,-1.1065936088562012,-1.0471045970916748,-0.46277153491973877,-1.832581639289856,2.1404736042022705,1.8093935251235962,-0.03831592947244644,-1.193488597869873,1.0455151796340942,0.17003539204597473,-0.004717998206615448,0.08928380906581879,0.024552151560783386,0.23250862956047058,1.030548095703125,-1.9429147243499756,0.7485297918319702,0.022103939205408096,0.10206285864114761,-0.03431060537695885,1.0231468677520752,-1.9923949241638184,0.8699870109558105,0.18886908888816833
0.11092086881399155,-0.4521157443523407,0.7132695317268372,0.0037144648376852274,0.033763714134693146,-0.9124069213867188,0.40787240862846375,0.0,0.0,0.6869953870773315,-1.4811457395553589,-2.1813292503356934,2.1536502838134766,-0.3944360315799713,-1.1032905578613281,-1.0469746589660645,-0.4669497013092041,-1.8325879573822021,2.1453988552093506,1.7997167110443115,-0.0372377373278141,-1.1929726600646973,1.0454976558685303,0.16076402366161346,-0.0018140493193641305,0.09316475689411163,0.02988537959754467,0.23187729716300964,1.0301035642623901,-1.932753086090088,0.7442300915718079,0.020003048703074455,0.10623577237129211,-0.025963567197322845,1.020692229270935,-1.985254168510437,0.8699915409088135,0.1878783106803894
0.11058037728071213,-0.4511513113975525,0.715441107749939,-0.001663324306719005,0.03453992307186127,-0.9118516445159912,0.40906086564064026,0.0,0.0,0.7393283843994141,-1.4746546745300293,-2.1890995502471924,2.147648811340332,-0.3980216979980469,-1.0996272563934326,-1.0467989444732666,-0.46733570098876953,-1.8325921297073364,2.1495559215545654,1.7914538383483887,-0.03555610403418541,-1.1925959587097168,1.0455024242401123,0.150849387049675,0.00136563868727535,0.09522100538015366,0.03471679240465164,0.23007681965827942,1.0290758609771729,-1.9236023426055908,0.7414112091064453,0.018267668783664703,0.11067096143960953,-0.019575882703065872,1.019418716430664,-1.9795039892196655,0.8699944615364075,0.18703188002109528
0.1101372092962265,-0.4501805901527405,0.7176461815834045,-0.007128200028091669,0.03482621908187866,-0.9112077951431274,0.4104103744029999,0.0,0.0,0.7933651208877563,-1.4708938598632812,-2.195622444152832,2.133789539337158,-0.40239638090133667,-1.0957677364349365,-1.046601414680481,-0.4646100103855133,-1.832594871520996,2.149594783782959,1.781101107597351,-0.03337633237242699,-1.192379117012024,1.0454857349395752,0.14044484496116638,0.004629848059266806,0.09811866283416748,0.03770264983177185,0.22791877388954163,1.0262657403945923,-1.914672613143921,0.7401448488235474,0.016342643648386,0.11388586461544037,-0.014170072041451931,1.0170094966888428,-1.9735971689224243,0.8699963688850403,0.18587318062782288
0.10971327871084213,-0.44914692640304565,0.7197854518890381,-0.013594873249530792,0.03408585116267204,-0.9110702872276306,0.41061440110206604,0.0,0.0,0.8461416363716125,-1.4640891551971436,-2.1976118087768555,2.1176345348358154,-0.4072144031524658,-1.091691255569458,-1.0464438199996948,-0.45734620094299316,-1.8325966596603394,2.143407106399536,1.7674927711486816,-0.030749747529625893,-1.1924684047698975,1.0454463958740234,0.1280621588230133,0.007784991525113583,0.10367977619171143,0.03913330286741257,0.22719088196754456,1.0216398239135742,-1.9062416553497314,0.7395805716514587,0.014777538366615772,0.11590194702148438,-0.009368963539600372,1.0132551193237305,-1.9678125381469727,0.8699976205825806,0.18522414565086365
0.10921453684568405,-0.4480707049369812,0.7219069600105286,-0.020667703822255135,0.03277003392577171,-0.9110472798347473,0.41047754883766174,0.0,0.0,0.893322229385376,-1.4576735496520996,-2.1984078884124756,2.0976264476776123,-0.41262954473495483,-1.0873780250549316,-1.0463107824325562,-0.4471091628074646,-1.8325977325439453,2.137662410736084,1.755401849746704,-0.027616774663329124,-1.1925870180130005,1.0454020500183105,0.11403803527355194,0.010895012877881527,0.11016301810741425,0.039444491267204285,0.22567462921142578,1.015994906425476,-1.8990604877471924,0.7399138808250427,0.013561933301389217,0.11692607402801514,-0.005335990339517593,1.0089839696884155,-1.9620780944824219,0.8699983954429626,0.18466365337371826
0.10850672423839569,-0.44705796241760254,0.7239326238632202,-0.027462296187877655,0.03089102730154991,-0.9106616973876953,0.4110802114009857,0.0,0.0,0.9369841814041138,-1.4555916786193848,-2.1971237659454346,2.071725368499756,-0.41847777366638184,-1.0828604698181152,-1.0462002754211426,-0.43627092242240906,-1.8325984477996826,2.13317608833313,1.7462151050567627,-0.02417706698179245,-1.1924870014190674,1.0453604459762573,0.10102684795856476,0.01427512802183628,0.11653144657611847,0.037876587361097336,0.22302502393722534,1.0072089433670044,-1.8939824104309082,0.7420802116394043,0.012431265786290169,0.11527116596698761,-0.0037865519989281893,1.0020619630813599,-1.9564317464828491,0.8699989318847656,0.1843976080417633
0.10764037072658539,-0.4462452530860901,0.7262289524078369,-0.03417104110121727,0.028271738439798355,-0.9096254110336304,0.41305527091026306,0.0,0.0,0.9710573554039001,-1.455159068107605,-2.194356679916382,2.049079418182373,-0.4244324564933777,-1.0783511400222778,-1.046196699142456,-0.42390283942222595,-1.8325989246368408,2.131089687347412,1.749068021774292,-0.0206801425665617,-1.1921124458312988,1.0453667640686035,0.0864768698811531,0.01683451607823372,0.12252019345760345,0.03440143167972565,0.22003161907196045,0.9981302618980408,-1.889849066734314,0.7456191778182983,0.014121521264314651,0.111604705452919,-0.004037453327327967,0.995046854019165,-1.9499478340148926,0.8699992895126343,0.18325451016426086
0.10646016895771027,-0.44556981325149536,0.7292267084121704,-0.03968854248523712,0.025708183646202087,-0.9079716801643372,0.41635483503341675,0.0,0.0,0.9991680383682251,-1.4573147296905518,-2.19059681892395,2.0268940925598145,-0.43070852756500244,-1.0737760066986084,-1.046188235282898,-0.41440242528915405,-1.8325992822647095,2.1273574829101562,1.7554680109024048,-0.017378851771354675,-1.1915838718414307,1.0453448295593262,0.07256664335727692,0.019345711916685104,0.12888726592063904,0.029323704540729523,0.2179335653781891,0.9892756938934326,-1.8853931427001953,0.749008059501648,0.016306990757584572,0.10630114376544952,-0.005640151910483837,0.9873689413070679,-1.941359043121338,0.8699995279312134,0.1805325299501419
0.10506150871515274,-0.4451732635498047,0.7317566871643066,-0.044313304126262665,0.023807048797607422,-0.904462456703186,0.4235767424106598,0.0,0.0,1.010542392730713,-1.4588420391082764,-2.188671112060547,2.010660171508789,-0.4368973970413208,-1.0695688724517822,-1.0462708473205566,-0.4014132022857666,-1.8325995206832886,2.129382610321045,1.786186695098877,-0.014280940406024456,-1.1908981800079346,1.0454436540603638,0.06028793752193451,0.02247757837176323,0.13165003061294556,0.023534676060080528,0.2144453376531601,0.9810166358947754,-1.8838855028152466,0.7529945969581604,0.021705765277147293,0.09984174370765686,-0.012667560949921608,0.9812394380569458,-1.934051513671875,0.8699996471405029,0.17780043184757233
0.10336992144584656,-0.44494739174842834,0.7338024973869324,-0.04745831340551376,0.02290431410074234,-0.8992680311203003,0.43421196937561035,0.0,0.0,1.012368083000183,-1.4644174575805664,-2.1872875690460205,2.005981922149658,-0.4425559639930725,-1.0657635927200317,-1.0463721752166748,-0.38465020060539246,-1.8325996398925781,2.1392364501953125,1.837138056755066,-0.011451882310211658,-1.1908111572265625,1.0455949306488037,0.04960082471370697,0.02610994130373001,0.13309496641159058,0.017391037195920944,0.20900051295757294,0.9759174585342407,-1.8843011856079102,0.7572195529937744,0.029468409717082977,0.09332025051116943,-0.02098812907934189,0.9789104461669922,-1.928177833557129,0.8699997067451477,0.17638656497001648
0.10172668099403381,-0.44476693868637085,0.7358065247535706,-0.05041100084781647,0.021220523864030838,-0.8930448293685913,0.4466311037540436,0.0,0.0,1.0067245960235596,-1.4613842964172363,-2.180229902267456,2.0136044025421143,-0.44761937856674194,-1.062364101409912,-1.0464574098587036,-0.36311739683151245,-1.8325997591018677,2.1415579319000244,1.8922991752624512,-0.00891017820686102,-1.1920838356018066,1.0457382202148438,0.037111226469278336,0.030813463032245636,0.13603447377681732,0.007447621785104275,0.20221374928951263,0.9727136492729187,-1.886143684387207,0.7627893686294556,0.03855891153216362,0.08330691605806351,-0.030322588980197906,0.9771928191184998,-1.9216852188110352,0.8699997663497925,0.174835205078125
0.10001923888921738,-0.4449518918991089,0.7393354177474976,-0.055241454392671585,0.020803697407245636,-0.8858402371406555,0.46022021770477295,0.0,0.0,1.0008282661437988,-1.44479501247406,-2.180459499359131,2.020275354385376,-0.4538140892982483,-1.0590918064117432,-1.046349048614502,-0.3491484224796295,-1.8325997591018677,2.14685320854187,1.9478378295898438,-0.005500300321727991,-1.1948859691619873,1.0458561182022095,0.021548019722104073,0.03929278254508972,0.14110374450683594,-0.0019846069626510143,0.1929476410150528,0.9676740169525146,-1.8845434188842773,0.7662763595581055,0.04756827652454376,0.07458724081516266,-0.037920206785202026,0.9721336364746094,-1.9110352993011475,0.8699998259544373,0.17220038175582886
0.09801080822944641,-0.4452844262123108,0.7446492314338684,-0.06196928769350052,0.02040449157357216,-0.876753568649292,0.4764941334724426,0.0,0.0,1.002734899520874,-1.4253013134002686,-2.2005786895751953,2.027296304702759,-0.46202486753463745,-1.055556058883667,-1.0461108684539795,-0.3411819636821747,-1.8302650451660156,2.1520962715148926,1.9922547340393066,-0.0008408811409026384,-1.1989139318466187,1.0459697246551514,0.0009170928969979286,0.04911838471889496,0.14507544040679932,-0.00971923302859068,0.17869964241981506,0.962050199508667,-1.8788126707077026,0.7670130729675293,0.05450005084276199,0.06735382974147797,-0.04512147977948189,0.9648662805557251,-1.8952860832214355,0.8699998259544373,0.16895921528339386
0.09570800513029099,-0.4456210732460022,0.7514680624008179,-0.07303624600172043,0.017876241356134415,-0.8682960867881775,0.49031421542167664,0.0,0.0,1.012406587600708,-1.3861007690429688,-2.244034767150879,2.0440473556518555,-0.47177866101264954,-1.0547693967819214,-1.0458217859268188,-0.33875641226768494,-1.8129420280456543,2.15405011177063,2.024113655090332,0.004361284896731377,-1.2046730518341064,1.0460097789764404,-0.03252464160323143,0.05888420715928078,0.154495969414711,-0.016263363882899284,0.1678871214389801,0.9573737382888794,-1.8666656017303467,0.7638579607009888,0.0628054141998291,0.06254837661981583,-0.04968263953924179,0.9569122791290283,-1.8752923011779785,0.8699998259544373,0.1646706461906433
0.09318511933088303,-0.4460090100765228,0.7589277029037476,-0.08631070703268051,0.01504511944949627,-0.8585359454154968,0.5052130222320557,0.0,0.0,1.0216701030731201,-1.3300254344940186,-2.308804512023926,2.0584611892700195,-0.482882559299469,-1.0553014278411865,-1.045555591583252,-0.34353846311569214,-1.7881195545196533,2.1524782180786133,2.0507240295410156,0.010244930163025856,-1.2108992338180542,1.0460615158081055,-0.06920769065618515,0.06719191372394562,0.16088685393333435,-0.016655737534165382,0.1597120761871338,0.9491451978683472,-1.8490387201309204,0.7559777498245239,0.0704163908958435,0.06387452036142349,-0.05118579417467117,0.9462521076202393,-1.8545489311218262,0.8699998259544373,0.15799078345298767
0.09073292464017868,-0.4461076855659485,0.7661302089691162,-0.09753450006246567,0.0122615871950984,-0.8443472385406494,0.5267014503479004,0.0,0.0,1.022293210029602,-1.275599718093872,-2.3845174312591553,2.0403785705566406,-0.4960024356842041,-1.053023099899292,-1.045328140258789,-0.3389543890953064,-1.7603561878204346,2.1470541954040527,2.06477689743042,0.018819767981767654,-1.2145180702209473,1.0456023216247559,-0.0973999872803688,0.07016836851835251,0.15493181347846985,-0.008397632278501987,0.14894530177116394,0.9313621520996094,-1.8270742893218994,0.7456496953964233,0.07672856748104095,0.07069066911935806,-0.051371000707149506,0.9301234483718872,-1.836198091506958,0.8699998259544373,0.1539536863565445
0.08723625540733337,-0.44585806131362915,0.771166980266571,-0.11403608322143555,0.006593805737793446,-0.8277342915534973,0.5493708848953247,0.0,0.0,1.0278146266937256,-1.2269737720489502,-2.486499071121216,2.040330648422241,-0.5091214179992676,-1.0566246509552002,-1.044263243675232,-0.3198894262313843,-1.716614007949829,2.1753222942352295,2.082306385040283,0.027235597372055054,-1.2214903831481934,1.0441460609436035,-0.14112941920757294,0.07457361370325089,0.15372247993946075,0.002025254536420107,0.1368514895439148,0.9206358194351196,-1.807878017425537,0.7371683120727539,0.08826495707035065,0.07963733375072479,-0.05775303766131401,0.9260933995246887,-1.8241642713546753,0.8699998259544373,0.1525069624185562
0.0833783745765686,-0.44565215706825256,0.7762317657470703,-0.12825536727905273,-0.0026049187872558832,-0.8086382150650024,0.5741498470306396,0.0,0.0,1.0428085327148438,-1.173558235168457,-2.6165876388549805,2.054004669189453,-0.5222327709197998,-1.0622130632400513,-1.0430878400802612,-0.2982524037361145,-1.6429932117462158,2.2413196563720703,2.0977323055267334,0.03648873046040535,-1.2293953895568848,1.04127836227417,-0.18652871251106262,0.07256060838699341,0.15291613340377808,0.013644075952470303,0.12871548533439636,0.913217306137085,-1.7854349613189697,0.7292078137397766,0.10755500197410583,0.09037266671657562,-0.06732743978500366,0.9288673996925354,-1.8112692832946777,0.8699998259544373,0.1552320420742035
0.0793401300907135,-0.44529372453689575,0.7800266742706299,-0.13753782212734222,-0.012003942392766476,-0.7833240628242493,0.6060879826545715,0.0,0.0,1.0491724014282227,-1.1281691789627075,-2.738255023956299,2.0663559436798096,-0.5359846353530884,-1.0668342113494873,-1.0425305366516113,-0.28005850315093994,-1.5561332702636719,2.3292524814605713,2.121575117111206,0.04603717476129532,-1.2362985610961914,1.037862777709961,-0.2205667495727539,0.0675402358174324,0.14231878519058228,0.02804724872112274,0.12051202356815338,0.905437171459198,-1.7649435997009277,0.7228901982307434,0.13056853413581848,0.10368812084197998,-0.08271335810422897,0.9344158172607422,-1.8022940158843994,0.8699371814727783,0.15925930440425873
0.07511524111032486,-0.44453418254852295,0.7830091714859009,-0.13934235274791718,-0.021041009575128555,-0.752703070640564,0.6431010961532593,0.0,0.0,1.0322613716125488,-1.0876095294952393,-2.8183367252349854,2.0958805084228516,-0.5511329174041748,-1.0624406337738037,-1.0441648960113525,-0.272895485162735,-1.4694044589996338,2.4097442626953125,2.1585962772369385,0.05786862224340439,-1.2371728420257568,1.033355951309204,-0.23422175645828247,0.0544033944606781,0.119108185172081,0.047776468098163605,0.117669977247715,0.8904720544815063,-1.7462447881698608,0.7174525260925293,0.1512998789548874,0.1216706782579422,-0.09558640420436859,0.9336422681808472,-1.797214150428772,0.8696886897087097,0.16056327521800995
0.07155172526836395,-0.4436628818511963,0.7848068475723267,-0.1382102519273758,-0.02979600429534912,-0.7204197645187378,0.678973913192749,0.0,0.0,1.0134375095367432,-1.0487769842147827,-2.870389938354492,2.1406443119049072,-0.5658177733421326,-1.0518591403961182,-1.0452271699905396,-0.27412354946136475,-1.3980727195739746,2.471712589263916,2.2009520530700684,0.07098442316055298,-1.2336357831954956,1.0286996364593506,-0.24214032292366028,0.03924683853983879,0.09945052862167358,0.06586771458387375,0.11708948761224747,0.8811699748039246,-1.7334909439086914,0.7130686044692993,0.16542786359786987,0.13870450854301453,-0.10366126894950867,0.937262773513794,-1.795435905456543,0.8696143627166748,0.15946312248706818
0.0693664699792862,-0.44297152757644653,0.7863812446594238,-0.13450518250465393,-0.03969794511795044,-0.6886423230171204,0.7114099860191345,0.0,0.0,1.0039403438568115,-1.0171968936920166,-2.9038524627685547,2.177093267440796,-0.5773169994354248,-1.0412429571151733,-1.0459176301956177,-0.28045499324798584,-1.3380833864212036,2.5035386085510254,2.241051435470581,0.08437107503414154,-1.2278871536254883,1.0241494178771973,-0.2491595447063446,0.022434143349528313,0.0833965390920639,0.07808799296617508,0.11678291112184525,0.8756628632545471,-1.7238693237304688,0.7079765796661377,0.17048925161361694,0.15026894211769104,-0.10724648833274841,0.9406880140304565,-1.7930326461791992,0.8695206642150879,0.15605390071868896
0.06833355128765106,-0.44243550300598145,0.7875175476074219,-0.12832412123680115,-0.04887217655777931,-0.6605660319328308,0.7381035685539246,0.0,0.0,0.9909815192222595,-0.9937421083450317,-2.9134435653686523,2.203220844268799,-0.5843544602394104,-1.0328110456466675,-1.0463664531707764,-0.2894989848136902,-1.2885836362838745,2.5037498474121094,2.273104190826416,0.0972798764705658,-1.2215185165405273,1.0200326442718506,-0.2551994025707245,0.005097438581287861,0.07287850230932236,0.08491148054599762,0.11718782037496567,0.8784924745559692,-1.717353343963623,0.7010400295257568,0.16984224319458008,0.15723812580108643,-0.10375965386629105,0.9468390941619873,-1.7907487154006958,0.8694189786911011,0.15166118741035461
0.06814524531364441,-0.4421277940273285,0.7880936861038208,-0.1188981905579567,-0.05519569665193558,-0.6356126666069031,0.7607977390289307,0.0,0.0,0.9559415578842163,-0.9886951446533203,-2.8867874145507812,2.2184500694274902,-0.5870040655136108,-1.027248501777649,-1.0466581583023071,-0.29344484210014343,-1.2522107362747192,2.4834229946136475,2.3066763877868652,0.10947965085506439,-1.214922547340393,1.0166337490081787,-0.2569081485271454,-0.011836531572043896,0.06393910944461823,0.08707524091005325,0.11508801579475403,0.8899768590927124,-1.7140634059906006,0.6920050382614136,0.16527904570102692,0.160371333360672,-0.09696764498949051,0.9582313895225525,-1.7890290021896362,0.8692905902862549,0.1458616852760315
0.06857170909643173,-0.44193944334983826,0.7872481346130371,-0.1073269471526146,-0.056825440376996994,-0.6157481670379639,0.778528094291687,0.0,0.0,0.8811544179916382,-0.9974216222763062,-2.8205862045288086,2.23496413230896,-0.585350513458252,-1.0251519680023193,-1.0468478202819824,-0.28208982944488525,-1.2315523624420166,2.4443066120147705,2.3429625034332275,0.12022514641284943,-1.2091532945632935,1.0146089792251587,-0.2512444257736206,-0.026889324188232422,0.05818551033735275,0.08715113997459412,0.11197866499423981,0.9096484184265137,-1.7155300378799438,0.6813557744026184,0.15811116993427277,0.1618768572807312,-0.08637110888957977,0.9755679368972778,-1.7910609245300293,0.8691792488098145,0.13952858746051788
0.06953217834234238,-0.4423938989639282,0.7856255769729614,-0.09302927553653717,-0.05056767910718918,-0.5996460914611816,0.7932294607162476,0.0,0.0,0.7609397768974304,-1.0337979793548584,-2.7241358757019043,2.2457940578460693,-0.5805604457855225,-1.0267322063446045,-1.046971082687378,-0.2509412169456482,-1.2396726608276367,2.3964993953704834,2.3764262199401855,0.12925922870635986,-1.2048728466033936,1.01445734500885,-0.23205047845840454,-0.038090385496616364,0.05138419568538666,0.08669858425855637,0.10690201073884964,0.9332708120346069,-1.7190334796905518,0.6723352670669556,0.15043723583221436,0.16307058930397034,-0.07230939716100693,0.99674391746521,-1.7950806617736816,0.8689740300178528,0.13217860460281372
0.07116937637329102,-0.4445715546607971,0.7801461219787598,-0.07770110666751862,-0.035744789987802505,-0.5857953429222107,0.8059334754943848,0.0,0.0,0.6063225865364075,-1.1135199069976807,-2.6007399559020996,2.2485742568969727,-0.5744097828865051,-1.043053150177002,-1.047051191329956,-0.19722804427146912,-1.2895088195800781,2.345005512237549,2.4085946083068848,0.1349114626646042,-1.2103099822998047,1.0173773765563965,-0.2040821760892868,-0.04153550788760185,0.04454052448272705,0.08492094278335571,0.1004393994808197,0.9702155590057373,-1.734328269958496,0.6701093912124634,0.14370884001255035,0.16412803530693054,-0.05903320014476776,1.0322421789169312,-1.8102247714996338,0.869300127029419,0.1248214989900589
0.07233545184135437,-0.4446902275085449,0.7738043069839478,-0.0650283694267273,-0.020415818318724632,-0.574076771736145,0.8159598112106323,0.0,0.0,0.45730987191200256,-1.2058281898498535,-2.4726364612579346,2.2380356788635254,-0.5646360516548157,-1.0573941469192505,-1.0471031665802002,-0.14202001690864563,-1.3652317523956299,2.2897188663482666,2.420017957687378,0.1376132369041443,-1.2152637243270874,1.023600459098816,-0.1707039773464203,-0.03974369913339615,0.03539789840579033,0.08328211307525635,0.092078298330307,1.0034699440002441,-1.7519505023956299,0.6654300689697266,0.13823381066322327,0.16379180550575256,-0.04586151987314224,1.0629428625106812,-1.82725191116333,0.8660187125205994,0.11883307993412018
0.07324189692735672,-0.444179892539978,0.7658424377441406,-0.05895041674375534,-0.0077849626541137695,-0.5670113563537598,0.8215609788894653,0.0,0.0,0.3180277943611145,-1.299943447113037,-2.348254919052124,2.215273380279541,-0.5509191155433655,-1.0709086656570435,-1.0471370220184326,-0.08561941236257553,-1.4561370611190796,2.2378628253936768,2.4299228191375732,0.13677582144737244,-1.2212727069854736,1.0318602323532104,-0.15008382499217987,-0.03125007450580597,0.028168169781565666,0.08322583884000778,0.0798802375793457,1.0421488285064697,-1.7746726274490356,0.66208815574646,0.1329565942287445,0.16384819149971008,-0.03352861851453781,1.1003588438034058,-1.8478862047195435,0.8622568845748901,0.11166694760322571
0.07391619682312012,-0.4432760775089264,0.7595921754837036,-0.05504562333226204,0.0038708692882210016,-0.5660287141799927,0.8225365877151489,0.0,0.0,0.19911983609199524,-1.3885955810546875,-2.235233783721924,2.1851491928100586,-0.533432126045227,-1.0828497409820557,-1.04715895652771,-0.04173481464385986,-1.5489072799682617,2.1745142936706543,2.425044059753418,0.1320813149213791,-1.2283698320388794,1.037229061126709,-0.13440139591693878,-0.019359609112143517,0.021620213985443115,0.08156103640794754,0.06908904016017914,1.079537034034729,-1.792025089263916,0.656420111656189,0.12534169852733612,0.1625080108642578,-0.02274261601269245,1.1359726190567017,-1.8613688945770264,0.8529137969017029,0.10364341735839844
0.07429997622966766,-0.4418697953224182,0.7533024549484253,-0.04936838522553444,0.017270006239414215,-0.5686580538749695,0.8209095001220703,0.0,0.0,0.10659392178058624,-1.4646153450012207,-2.1328799724578857,2.1306819915771484,-0.5132851600646973,-1.0925246477127075,-1.0471700429916382,-0.003831511363387108,-1.6347295045852661,2.095400333404541,2.3941211700439453,0.12425631284713745,-1.235597848892212,1.0407187938690186,-0.11381515860557556,-0.007279162295162678,0.013634072616696358,0.07782797515392303,0.06298269331455231,1.118875503540039,-1.8085044622421265,0.6487785577774048,0.11702808737754822,0.16079236567020416,-0.01726413518190384,1.1748812198638916,-1.8726766109466553,0.8376781940460205,0.09530659765005112
0.07426293194293976,-0.4399946331977844,0.7485311031341553,-0.0407218337059021,0.03073868155479431,-0.5741093754768372,0.8171874284744263,0.0,0.0,0.036844491958618164,-1.5285072326660156,-2.040396213531494,2.051471710205078,-0.4915696382522583,-1.0997766256332397,-1.0470373630523682,0.02360893040895462,-1.7038613557815552,1.9989097118377686,2.3373703956604004,0.11400064826011658,-1.242006540298462,1.0429871082305908,-0.09002479910850525,0.0010552131570875645,0.0047537595964968204,0.07232274115085602,0.059243135154247284,1.158061146736145,-1.8186748027801514,0.6371051073074341,0.10771770030260086,0.1580343246459961,-0.014197668060660362,1.2137677669525146,-1.8767762184143066,0.816437840461731,0.08490881323814392
0.07364222407341003,-0.4378753900527954,0.7447863221168518,-0.027707930654287338,0.04366490617394447,-0.5812692046165466,0.812066376209259,0.0,0.0,-0.008299179375171661,-1.5826107263565063,-1.9531962871551514,1.948033332824707,-0.4692401587963104,-1.1047903299331665,-1.0467454195022583,0.04674339294433594,-1.7489198446273804,1.8972395658493042,2.259361982345581,0.10229724645614624,-1.247025489807129,1.044337272644043,-0.061250071972608566,0.00513139134272933,-0.00425310991704464,0.062361061573028564,0.055586595088243484,1.1981332302093506,-1.8246262073516846,0.6207901239395142,0.09767387062311172,0.15205660462379456,-0.015746593475341797,1.2526895999908447,-1.8738510608673096,0.7877234220504761,0.07332900166511536
0.07319929450750351,-0.43542271852493286,0.7426578998565674,-0.008514787070453167,0.05960838496685028,-0.5910546183586121,0.8043810129165649,0.0,0.0,-0.016565609723329544,-1.6283044815063477,-1.8584517240524292,1.8151438236236572,-0.4467189311981201,-1.1073803901672363,-1.0463080406188965,0.04991644620895386,-1.7782078981399536,1.7938203811645508,2.1570205688476562,0.09003829210996628,-1.2500431537628174,1.0450440645217896,-0.020224491134285927,0.006119398400187492,-0.009992789477109909,0.04802710562944412,0.05143124237656593,1.2388430833816528,-1.823380708694458,0.6002365350723267,0.08425422012805939,0.1409686803817749,-0.018815135583281517,1.2901915311813354,-1.8616654872894287,0.7511016726493835,0.06161760538816452
0.07257518172264099,-0.4322311580181122,0.7393754720687866,0.010995450429618359,0.07326587289571762,-0.6023843288421631,0.794760525226593,0.0,0.0,-0.006599072366952896,-1.6714849472045898,-1.763007640838623,1.671187162399292,-0.424655020236969,-1.1080267429351807,-1.0459785461425781,0.05151671916246414,-1.7972450256347656,1.7051957845687866,2.042149782180786,0.07750459760427475,-1.2514318227767944,1.0454165935516357,0.020698171108961105,0.005779449827969074,-0.012170462869107723,0.031627241522073746,0.045311298221349716,1.2791554927825928,-1.8244608640670776,0.5806165933609009,0.07208328694105148,0.12676623463630676,-0.02245599776506424,1.3267009258270264,-1.8502169847488403,0.7140527963638306,0.05448943004012108
0.07209653407335281,-0.4283822178840637,0.7354603409767151,0.027239207178354263,0.08412965387105942,-0.6127884387969971,0.7852837443351746,0.0,0.0,0.014682927168905735,-1.7100284099578857,-1.6740789413452148,1.5367438793182373,-0.40349942445755005,-1.106677770614624,-1.0458059310913086,0.04489946365356445,-1.8096191883087158,1.6269690990447998,1.93160080909729,0.06439144909381866,-1.251094102859497,1.0457026958465576,0.058367807418107986,0.006399651989340782,-0.012640565633773804,0.01546894945204258,0.03880145773291588,1.312564730644226,-1.8280770778656006,0.5628342628479004,0.0603041909635067,0.11334176361560822,-0.027494724839925766,1.3569657802581787,-1.8408629894256592,0.6801568269729614,0.051766447722911835
0.07179491221904755,-0.42394620180130005,0.7304112911224365,0.040558602660894394,0.09259475767612457,-0.622249960899353,0.7762642502784729,0.0,0.0,0.03444388881325722,-1.7429653406143188,-1.6007814407348633,1.4181662797927856,-0.38385218381881714,-1.1039867401123047,-1.0457273721694946,0.0359964594244957,-1.8176624774932861,1.5635652542114258,1.8269150257110596,0.0513419471681118,-1.2495282888412476,1.0458941459655762,0.09223467111587524,0.007553584408015013,-0.011516659520566463,0.0009127603843808174,0.03253652900457382,1.3418540954589844,-1.8347384929656982,0.5482764840126038,0.05190524458885193,0.10154902189970016,-0.03285887837409973,1.3833720684051514,-1.8357179164886475,0.6519539952278137,0.05017561465501785
0.0719204694032669,-0.4193735420703888,0.7267434597015381,0.05198616907000542,0.09940498322248459,-0.6293452382087708,0.7689868211746216,0.0,0.0,0.054836876690387726,-1.7656383514404297,-1.5391221046447754,1.3170356750488281,-0.3655150830745697,-1.1000882387161255,-1.045669674873352,0.028921693563461304,-1.8228905200958252,1.5046097040176392,1.7305124998092651,0.03853040561079979,-1.2469674348831177,1.0460643768310547,0.12180295586585999,0.00873132236301899,-0.010967375710606575,-0.012616661377251148,0.024815114215016365,1.3643484115600586,-1.8379812240600586,0.5336158871650696,0.045637816190719604,0.09019188582897186,-0.03793869912624359,1.403662085533142,-1.8268826007843018,0.6271476745605469,0.04885590076446533
0.0722523108124733,-0.414872944355011,0.7236207723617554,0.061543628573417664,0.10469269752502441,-0.6349046230316162,0.7629861831665039,0.0,0.0,0.07698621600866318,-1.7799421548843384,-1.486398696899414,1.2335820198059082,-0.3481205403804779,-1.0952914953231812,-1.0456516742706299,0.017618345096707344,-1.8262888193130493,1.4494549036026,1.6478333473205566,0.026196489110589027,-1.2434040307998657,1.046218752861023,0.1457637995481491,0.009758805856108665,-0.009851982817053795,-0.025429384782910347,0.017476828768849373,1.3826903104782104,-1.8411486148834229,0.5229132175445557,0.03994832932949066,0.07981868088245392,-0.041787512600421906,1.4209873676300049,-1.817439317703247,0.6060531139373779,0.048188816756010056
0.07260875403881073,-0.41071754693984985,0.7206119298934937,0.06848504394292831,0.10759992152452469,-0.6395530104637146,0.7580924034118652,0.0,0.0,0.09725786000490189,-1.7886962890625,-1.4422202110290527,1.1700081825256348,-0.3314257562160492,-1.0901517868041992,-1.045701503753662,0.0036207949742674828,-1.8284976482391357,1.4003983736038208,1.58331298828125,0.014494296163320541,-1.2390297651290894,1.0463453531265259,0.1617078334093094,0.011138500645756721,-0.0073073310777544975,-0.038320183753967285,0.011181186884641647,1.3979142904281616,-1.846360206604004,0.5170732140541077,0.035621561110019684,0.07069405913352966,-0.045536451041698456,1.4355363845825195,-1.8101840019226074,0.590121865272522,0.04803617298603058
0.07288974523544312,-0.4071313738822937,0.7187895774841309,0.0715116634964943,0.10637389868497849,-0.6433975100517273,0.7547253370285034,0.0,0.0,0.11308478564023972,-1.7922242879867554,-1.4036015272140503,1.130718469619751,-0.3149860203266144,-1.0852880477905273,-1.045820951461792,-0.005455123260617256,-1.8299334049224854,1.3575236797332764,1.545571208000183,0.003389188554137945,-1.2340316772460938,1.0464601516723633,0.1629669964313507,0.012741959653794765,-0.004421422258019447,-0.05045679584145546,0.004229811020195484,1.4095689058303833,-1.850895643234253,0.515531063079834,0.03393132984638214,0.06216971203684807,-0.04861496388912201,1.4473992586135864,-1.8019245862960815,0.5791555643081665,0.04811299592256546
0.07313134521245956,-0.40417245030403137,0.7177307605743408,0.06851428747177124,0.10008802264928818,-0.6474451422691345,0.7523981332778931,0.0,0.0,0.11874537169933319,-1.7906394004821777,-1.3698701858520508,1.1251760721206665,-0.298683226108551,-1.0816938877105713,-1.046050786972046,-0.008841391652822495,-1.8308666944503784,1.3193241357803345,1.543955683708191,-0.007074901834130287,-1.2286603450775146,1.046579122543335,0.1469040960073471,0.015891175717115402,-0.0009524569613859057,-0.061340730637311935,-0.0017807816620916128,1.4159907102584839,-1.8569070100784302,0.5200903415679932,0.034887585788965225,0.05573304742574692,-0.05166173726320267,1.4555332660675049,-1.7960927486419678,0.5751761794090271,0.05097416415810585
0.07335780560970306,-0.4024578928947449,0.7173178791999817,0.06323736906051636,0.0922001302242279,-0.6529467701911926,0.7491065859794617,0.0,0.0,0.12734338641166687,-1.7901027202606201,-1.3599469661712646,1.154018759727478,-0.2883078455924988,-1.0855441093444824,-1.046163558959961,-0.0258439090102911,-1.8314733505249023,1.311182975769043,1.5748533010482788,-0.014576740562915802,-1.2292335033416748,1.0461440086364746,0.11386226117610931,0.018866997212171555,0.005419422406703234,-0.07016320526599884,-0.005591649562120438,1.4309767484664917,-1.859572172164917,0.5245446562767029,0.03878410533070564,0.052335191518068314,-0.04961691051721573,1.4714126586914062,-1.7899980545043945,0.5744728446006775,0.05536928027868271
0.07324302196502686,-0.40038442611694336,0.7186124324798584,0.0520259365439415,0.07940921187400818,-0.6593842506408691,0.745788037776947,0.0,0.0,0.12815280258655548,-1.7941012382507324,-1.375470757484436,1.2115612030029297,-0.2822422981262207,-1.094443678855896,-1.0462024211883545,-0.042263492941856384,-1.8318675756454468,1.3275059461593628,1.6340413093566895,-0.02003568783402443,-1.2341808080673218,1.0457096099853516,0.06256740540266037,0.02197074145078659,0.01260340865701437,-0.07411910593509674,-0.011883608065545559,1.4424716234207153,-1.857046127319336,0.5300299525260925,0.04707859456539154,0.049652568995952606,-0.0413595475256443,1.4828121662139893,-1.7837834358215332,0.5799819231033325,0.06006012111902237
0.07314129918813705,-0.3992440104484558,0.7202147841453552,0.03761321306228638,0.061664216220378876,-0.6648963093757629,0.7434350252151489,0.0,0.0,0.1295182704925537,-1.7970960140228271,-1.4218389987945557,1.288482427597046,-0.2798597812652588,-1.1067607402801514,-1.0456539392471313,-0.04450282081961632,-1.832123875617981,1.3803162574768066,1.712080717086792,-0.02291344664990902,-1.2408959865570068,1.0442125797271729,0.0006200112402439117,0.02199677936732769,0.018937190994620323,-0.07670088112354279,-0.019362423568964005,1.4468927383422852,-1.8560924530029297,0.538678765296936,0.0589013546705246,0.047842979431152344,-0.034528281539678574,1.4875057935714722,-1.7838854789733887,0.5948168635368347,0.06922940909862518
0.07408758252859116,-0.40157079696655273,0.7226585745811462,0.025963885709643364,0.04580996185541153,-0.6714982986450195,0.739132821559906,0.0,0.0,0.1436750590801239,-1.7957826852798462,-1.5168849229812622,1.371665358543396,-0.2818202078342438,-1.1201177835464478,-1.0433845520019531,-0.06701428443193436,-1.8322904109954834,1.4850883483886719,1.7871124744415283,-0.02199334278702736,-1.2488429546356201,1.0393552780151367,-0.05673990026116371,0.018947651609778404,0.028460487723350525,-0.07852062582969666,-0.027453705668449402,1.447279930114746,-1.856093168258667,0.5535508394241333,0.06840570271015167,0.044225700199604034,-0.024822305887937546,1.4861502647399902,-1.7880746126174927,0.6218307614326477,0.08204598724842072
0.07492376863956451,-0.4048483967781067,0.7249869108200073,0.0140773244202137,0.028084836900234222,-0.6757243275642395,0.736484706401825,0.0,0.0,0.1603807508945465,-1.7825839519500732,-1.651716709136963,1.4551236629486084,-0.286923885345459,-1.1334450244903564,-1.040360927581787,-0.08389516174793243,-1.8209917545318604,1.634040117263794,1.8610353469848633,-0.018282024189829826,-1.2579537630081177,1.032995343208313,-0.10967469215393066,0.013734007254242897,0.036744773387908936,-0.08002035319805145,-0.035924091935157776,1.437922716140747,-1.8585302829742432,0.5683352947235107,0.08252781629562378,0.04002903401851654,-0.016975242644548416,1.4744783639907837,-1.7961934804916382,0.6528379321098328,0.09847871214151382
0.0757938101887703,-0.4102720022201538,0.7267431616783142,0.0011324655497446656,0.010947813279926777,-0.6751983761787415,0.737554132938385,0.0,0.0,0.1833864152431488,-1.7556272745132446,-1.8148772716522217,1.5431545972824097,-0.2938210964202881,-1.146955966949463,-1.0368592739105225,-0.09378942847251892,-1.8003933429718018,1.806267499923706,1.9316997528076172,-0.013131421990692616,-1.2670539617538452,1.0266201496124268,-0.15667417645454407,0.01044762134552002,0.042716413736343384,-0.08076100796461105,-0.044101424515247345,1.420553207397461,-1.8632445335388184,0.5853962898254395,0.09842757880687714,0.03652653098106384,-0.012944831512868404,1.4550637006759644,-1.8086836338043213,0.6861587762832642,0.1155698373913765
0.07658302783966064,-0.4182150661945343,0.7281090021133423,-0.009299581870436668,-0.0021428309846669436,-0.6704467535018921,0.7418962717056274,0.0,0.0,0.21445682644844055,-1.7219691276550293,-1.98914635181427,1.636094093322754,-0.3008960485458374,-1.159369707107544,-1.0337226390838623,-0.10902144014835358,-1.7813756465911865,1.9835268259048462,2.0001959800720215,-0.0077380104921758175,-1.2752580642700195,1.020859718322754,-0.190105140209198,0.009601367637515068,0.048720162361860275,-0.08156664669513702,-0.05032750219106674,1.3986287117004395,-1.8690705299377441,0.6036783456802368,0.1093277558684349,0.03272145986557007,-0.010497944429516792,1.4306771755218506,-1.8221874237060547,0.7189444899559021,0.12957647442817688
0.07722176611423492,-0.4268452525138855,0.7287865877151489,-0.014543361030519009,-0.010120091959834099,-0.6628775596618652,0.748518168926239,0.0,0.0,0.25088635087013245,-1.6929816007614136,-2.1639676094055176,1.7271071672439575,-0.30764925479888916,-1.1698575019836426,-1.0312196016311646,-0.12879112362861633,-1.7703237533569336,2.1579720973968506,2.0572292804718018,-0.002392514841631055,-1.2814291715621948,1.015729546546936,-0.2047482132911682,0.009090015664696693,0.05466568470001221,-0.08299661427736282,-0.0539490208029747,1.3754113912582397,-1.8765077590942383,0.6219874024391174,0.11316955089569092,0.028524015098810196,-0.007734945043921471,1.4041130542755127,-1.835556983947754,0.7492743730545044,0.14168766140937805
0.07800890505313873,-0.4349810481071472,0.729716420173645,-0.013882551342248917,-0.011299382895231247,-0.6523194313049316,0.7577328085899353,0.0,0.0,0.29605334997177124,-1.672164797782898,-2.327127695083618,1.8106400966644287,-0.31369420886039734,-1.1775410175323486,-1.0313409566879272,-0.15361058712005615,-1.7683025598526,2.326369524002075,2.0986719131469727,0.00316400034353137,-1.2858171463012695,1.0118980407714844,-0.18929533660411835,0.009444775059819221,0.0602138452231884,-0.08601239323616028,-0.05331140756607056,1.3385486602783203,-1.885299801826477,0.635612428188324,0.11269854009151459,0.02326265349984169,-0.0066256336867809296,1.3633053302764893,-1.8497768640518188,0.783110499382019,0.15650367736816406
0.0786655992269516,-0.44228726625442505,0.7294918894767761,-0.012836117297410965,-0.0123097263276577,-0.6415584683418274,0.7668678760528564,0.0,0.0,0.33859115839004517,-1.656551718711853,-2.47764253616333,1.8875617980957031,-0.31958964467048645,-1.1850286722183228,-1.0317635536193848,-0.1786147803068161,-1.767558217048645,2.481703758239746,2.129910945892334,0.008417095988988876,-1.2895655632019043,1.0084604024887085,-0.1735737919807434,0.009115655906498432,0.06762739270925522,-0.08809676766395569,-0.04993133991956711,1.30899178981781,-1.8961987495422363,0.6448534727096558,0.11237487196922302,0.017743472009897232,-0.0064799850806593895,1.3284629583358765,-1.8632681369781494,0.8130699396133423,0.17287029325962067
0.07926744967699051,-0.447828084230423,0.7304883003234863,-0.010847646743059158,-0.010438494384288788,-0.6290245652198792,0.7772396802902222,0.0,0.0,0.3742791414260864,-1.6394219398498535,-2.60247540473938,1.9570691585540771,-0.3245304822921753,-1.1911728382110596,-1.0346977710723877,-0.19619761407375336,-1.768702745437622,2.6135144233703613,2.1516594886779785,0.01323535293340683,-1.293160080909729,1.0064208507537842,-0.14810097217559814,0.011143207550048828,0.0760493278503418,-0.09060630202293396,-0.04436712712049484,1.2764356136322021,-1.9040441513061523,0.6514331102371216,0.11067740619182587,0.011783456429839134,-0.011258529499173164,1.2913390398025513,-1.8699274063110352,0.8329938650131226,0.18840572237968445
0.07958295941352844,-0.45147034525871277,0.7340329885482788,-0.012296848930418491,-0.008140587247908115,-0.6107585430145264,0.7916796207427979,0.0,0.0,0.39491745829582214,-1.6158356666564941,-2.6908857822418213,2.0192654132843018,-0.3264279365539551,-1.1931967735290527,-1.0390734672546387,-0.1963731050491333,-1.76728355884552,2.7076022624969482,2.163759708404541,0.017573727294802666,-1.295046091079712,1.0081279277801514,-0.11331850290298462,0.020904164761304855,0.07797276973724365,-0.09439176321029663,-0.040298692882061005,1.220647931098938,-1.9089299440383911,0.6627209186553955,0.11272785067558289,0.004326739814132452,-0.024339402094483376,1.237797498703003,-1.8682281970977783,0.8459459543228149,0.20410951972007751
0.07991799712181091,-0.4546414613723755,0.7369208931922913,-0.016394589096307755,-0.008413257077336311,-0.5934804081916809,0.8046374917030334,0.0,0.0,0.4012497067451477,-1.5917949676513672,-2.748046398162842,2.0698108673095703,-0.3263400197029114,-1.1925628185272217,-1.0419178009033203,-0.18733811378479004,-1.7659003734588623,2.7754769325256348,2.1671953201293945,0.021512750536203384,-1.2956312894821167,1.0122010707855225,-0.09087401628494263,0.031476233154535294,0.07840324938297272,-0.0966787040233612,-0.03561460226774216,1.1689460277557373,-1.9142957925796509,0.6786609292030334,0.11524052917957306,-0.003014392452314496,-0.03842765837907791,1.1926766633987427,-1.8655378818511963,0.854364812374115,0.21802771091461182
0.08052045106887817,-0.45768141746520996,0.7396249175071716,-0.02072775736451149,-0.01051102764904499,-0.5797954201698303,0.8144305348396301,0.0,0.0,0.3947543203830719,-1.5715919733047485,-2.776944160461426,2.1046693325042725,-0.32470589876174927,-1.1902637481689453,-1.0437664985656738,-0.17604376375675201,-1.7661256790161133,2.8218741416931152,2.1589512825012207,0.02482864260673523,-1.2949751615524292,1.017897605895996,-0.07921195775270462,0.03911168873310089,0.0774175226688385,-0.09697971493005753,-0.029803887009620667,1.1239683628082275,-1.9177260398864746,0.6928880214691162,0.1170312911272049,-0.009105516597628593,-0.04937988147139549,1.1557637453079224,-1.8620970249176025,0.8598371148109436,0.2283799648284912
0.08132242411375046,-0.4604559540748596,0.7417999505996704,-0.02474173903465271,-0.012344101443886757,-0.5697848200798035,0.8213286399841309,0.0,0.0,0.3842795491218567,-1.5577523708343506,-2.788914680480957,2.135343074798584,-0.3219902515411377,-1.1869319677352905,-1.0449681282043457,-0.17183195054531097,-1.766893982887268,2.852543354034424,2.150095224380493,0.027169693261384964,-1.2932385206222534,1.0249860286712646,-0.07379323244094849,0.04404888302087784,0.07538260519504547,-0.09442022442817688,-0.02262411266565323,1.090156078338623,-1.9206690788269043,0.6991273164749146,0.11849704384803772,-0.011600795201957226,-0.06034290790557861,1.1281849145889282,-1.8599227666854858,0.8633940815925598,0.23403501510620117
0.0822557657957077,-0.462698757648468,0.7444953918457031,-0.028735961765050888,-0.014695175923407078,-0.5644662976264954,0.8248249292373657,0.0,0.0,0.37865814566612244,-1.547769546508789,-2.7803115844726562,2.1779656410217285,-0.3184053599834442,-1.183166742324829,-1.0457491874694824,-0.1712212860584259,-1.765946626663208,2.86468505859375,2.144240379333496,0.028747472912073135,-1.2905325889587402,1.032657265663147,-0.07632312923669815,0.043708641082048416,0.06974790245294571,-0.08473454415798187,-0.014305765740573406,1.0637657642364502,-1.9164891242980957,0.705254077911377,0.11963597685098648,-0.007846647873520851,-0.07111235707998276,1.1077477931976318,-1.857248306274414,0.8657061457633972,0.22966349124908447
0.08308503776788712,-0.4643036723136902,0.7465823888778687,-0.031512219458818436,-0.015233381651341915,-0.5656496286392212,0.8239025473594666,0.0,0.0,0.3754097819328308,-1.5349406003952026,-2.747328281402588,2.227473735809326,-0.3143375515937805,-1.1793197393417358,-1.0462570190429688,-0.17241021990776062,-1.7638880014419556,2.8553295135498047,2.141601800918579,0.029334278777241707,-1.2869467735290527,1.0376813411712646,-0.07897520065307617,0.04025481641292572,0.06334387511014938,-0.07304205000400543,-0.0010352898389101028,1.0477296113967896,-1.91029691696167,0.710239052772522,0.12270280718803406,-0.0002993517555296421,-0.07838235795497894,1.0931124687194824,-1.8571255207061768,0.8672089576721191,0.22174200415611267
0.08407856523990631,-0.465639591217041,0.74882972240448,-0.03318844735622406,-0.011338440701365471,-0.5733497142791748,0.8185598254203796,0.0,0.0,0.3790792226791382,-1.5170626640319824,-2.6744205951690674,2.2625956535339355,-0.30942589044570923,-1.17531156539917,-1.0465869903564453,-0.1752507984638214,-1.7606838941574097,2.8170759677886963,2.136396646499634,0.0289364792406559,-1.2825555801391602,1.0409698486328125,-0.07673875987529755,0.036934468895196915,0.05844161659479141,-0.06137412041425705,0.016242804005742073,1.0374438762664795,-1.9012441635131836,0.7097128033638,0.12672829627990723,0.011106985621154308,-0.08190520107746124,1.0820742845535278,-1.8570895195007324,0.8681857585906982,0.20786306262016296
0.08533179759979248,-0.46646201610565186,0.7520523071289062,-0.03840138018131256,-0.00696905143558979,-0.5904987454414368,0.8060943484306335,0.0,0.0,0.3881042003631592,-1.4696072340011597,-2.549013614654541,2.293654441833496,-0.3032670319080353,-1.1703848838806152,-1.0468015670776367,-0.17587657272815704,-1.7460405826568604,2.7515928745269775,2.124326229095459,0.02842715010046959,-1.2776148319244385,1.0429781675338745,-0.07902248203754425,0.03442702814936638,0.06338810920715332,-0.05024147778749466,0.04176598787307739,1.0301077365875244,-1.8855977058410645,0.7004385590553284,0.1354404091835022,0.02848578616976738,-0.0795765370130539,1.070664405822754,-1.8554975986480713,0.8688207268714905,0.19100907444953918
0.08691003173589706,-0.4666963219642639,0.7548189163208008,-0.04855557903647423,-0.0018331862520426512,-0.6138746738433838,0.7879065871238708,0.0,0.0,0.4008167088031769,-1.3836485147476196,-2.3795506954193115,2.3035404682159424,-0.29649874567985535,-1.164350986480713,-1.0469410419464111,-0.17383579909801483,-1.7208888530731201,2.6741130352020264,2.095470905303955,0.028920412063598633,-1.2725026607513428,1.0440729856491089,-0.08813603222370148,0.035773228853940964,0.08247269690036774,-0.04533557593822479,0.07324948906898499,1.0344440937042236,-1.8675580024719238,0.6816173791885376,0.15367648005485535,0.05043204128742218,-0.0771264061331749,1.0661989450454712,-1.8554829359054565,0.8692334294319153,0.17118284106254578
0.08838601410388947,-0.4668956995010376,0.7569409608840942,-0.061746902763843536,0.001968474593013525,-0.6391421556472778,0.7666033506393433,0.0,0.0,0.4018063247203827,-1.282062292098999,-2.2081027030944824,2.310281753540039,-0.2907710671424866,-1.156831979751587,-1.0470316410064697,-0.16486969590187073,-1.6923997402191162,2.6164486408233643,2.058483600616455,0.031078796833753586,-1.2670613527297974,1.0446443557739258,-0.1066569834947586,0.03978954255580902,0.10866386443376541,-0.058265574276447296,0.10715503245592117,1.0557345151901245,-1.8489818572998047,0.6539179086685181,0.18410006165504456,0.0729449987411499,-0.07953056693077087,1.0695964097976685,-1.8559057712554932,0.8695017099380493,0.15027326345443726
0.0890922099351883,-0.46720606088638306,0.7580922842025757,-0.0740969106554985,0.004638901446014643,-0.6639008522033691,0.7441262006759644,0.0,0.0,0.3776038885116577,-1.1861788034439087,-2.047614336013794,2.32481050491333,-0.28679928183555603,-1.147973656654358,-1.0470905303955078,-0.15768681466579437,-1.6661853790283203,2.572503089904785,2.0208239555358887,0.034592803567647934,-1.2610808610916138,1.0449050664901733,-0.12952032685279846,0.043025121092796326,0.1336851716041565,-0.09176525473594666,0.13935071229934692,1.0942540168762207,-1.829514503479004,0.6263400316238403,0.21562442183494568,0.09402172267436981,-0.08520865440368652,1.0807844400405884,-1.8570020198822021,0.8696760535240173,0.13076187670230865
0.08849744498729706,-0.468086302280426,0.7585784196853638,-0.08617012947797775,0.011373153887689114,-0.683316171169281,0.7249305248260498,0.0,0.0,0.34154167771339417,-1.1029843091964722,-1.9229505062103271,2.341796636581421,-0.28620731830596924,-1.1380338668823242,-1.0470417737960815,-0.16615557670593262,-1.6468102931976318,2.5532212257385254,1.9991767406463623,0.0394686684012413,-1.2544443607330322,1.044933795928955,-0.14796584844589233,0.046183519065380096,0.1497093141078949,-0.12073291838169098,0.15623381733894348,1.140181541442871,-1.8088980913162231,0.5969116687774658,0.23907649517059326,0.12496757507324219,-0.0917695164680481,1.0989680290222168,-1.8609365224838257,0.8697894215583801,0.1136564314365387
0.08687783032655716,-0.4692806601524353,0.7591110467910767,-0.09698987752199173,0.021167445927858353,-0.6979820728302002,0.7092008590698242,0.0,0.0,0.3023054003715515,-1.0294305086135864,-1.8370095491409302,2.3677730560302734,-0.289285272359848,-1.1272296905517578,-1.0467102527618408,-0.18370980024337769,-1.630403757095337,2.5384769439697266,1.988502025604248,0.04488017410039902,-1.247446894645691,1.0452462434768677,-0.16169026494026184,0.051672376692295074,0.15517784655094147,-0.13956189155578613,0.15691962838172913,1.1884169578552246,-1.7867763042449951,0.5640581846237183,0.250003457069397,0.15902754664421082,-0.09528245031833649,1.1175402402877808,-1.8643238544464111,0.8698630928993225,0.09836586564779282
0.0848289355635643,-0.4711437225341797,0.75970458984375,-0.10683467984199524,0.032651398330926895,-0.7089751958847046,0.6963292360305786,0.0,0.0,0.27415406703948975,-0.9652515649795532,-1.7826272249221802,2.392167091369629,-0.2958686947822571,-1.116039514541626,-1.0461714267730713,-0.2075280249118805,-1.6169931888580322,2.530534029006958,1.99290931224823,0.0511251837015152,-1.2404344081878662,1.0456352233886719,-0.17533382773399353,0.06783007830381393,0.1508180946111679,-0.15178626775741577,0.14921532571315765,1.2323540449142456,-1.7694746255874634,0.5388204455375671,0.24869143962860107,0.18341901898384094,-0.09445097297430038,1.1351277828216553,-1.8639596700668335,0.8699109554290771,0.08665112406015396
0.08267462998628616,-0.4735894799232483,0.7606220245361328,-0.11495722085237503,0.042931441217660904,-0.7187409996986389,0.6843633055686951,0.0,0.0,0.2602020800113678,-0.9059996604919434,-1.7480900287628174,2.4145472049713135,-0.30515921115875244,-1.104745626449585,-1.0456892251968384,-0.23547768592834473,-1.6031155586242676,2.5263822078704834,2.002342462539673,0.05835340917110443,-1.2339280843734741,1.045841932296753,-0.18741460144519806,0.0873807892203331,0.14455392956733704,-0.15663295984268188,0.13864311575889587,1.2647552490234375,-1.7553153038024902,0.5204301476478577,0.2431776076555252,0.19776970148086548,-0.0867762640118599,1.1457897424697876,-1.860745906829834,0.8699420690536499,0.0810200646519661
0.08036082237958908,-0.47620445489883423,0.7619890570640564,-0.12070021778345108,0.051066964864730835,-0.7267823815345764,0.6742485165596008,0.0,0.0,0.2526959180831909,-0.8613090515136719,-1.7259966135025024,2.424664258956909,-0.31614160537719727,-1.0938975811004639,-1.04534912109375,-0.25766700506210327,-1.5893259048461914,2.5226073265075684,2.0168654918670654,0.0662827417254448,-1.2277246713638306,1.0459873676300049,-0.19629883766174316,0.103213369846344,0.13768547773361206,-0.15085074305534363,0.12655608355998993,1.2862166166305542,-1.7432336807250977,0.5051547288894653,0.23367901146411896,0.20877999067306519,-0.07420456409454346,1.14976966381073,-1.8560715913772583,0.8699623346328735,0.07716198265552521
0.07777539640665054,-0.4790353775024414,0.763761043548584,-0.12454292178153992,0.05758318677544594,-0.7331128716468811,0.6661221981048584,0.0,0.0,0.2507971525192261,-0.8290249705314636,-1.7152736186981201,2.42636775970459,-0.3285081684589386,-1.0832171440124512,-1.04506254196167,-0.2769029438495636,-1.5789532661437988,2.5199806690216064,2.0304107666015625,0.07484954595565796,-1.222121000289917,1.0460246801376343,-0.20264677703380585,0.11413019895553589,0.13096371293067932,-0.1376594752073288,0.11694739013910294,1.2991414070129395,-1.7320127487182617,0.49400758743286133,0.22111214697360992,0.22014635801315308,-0.05779555067420006,1.15041184425354,-1.8503406047821045,0.8699755072593689,0.07302746176719666
0.07477986812591553,-0.4817184805870056,0.7653792500495911,-0.12788847088813782,0.06153770908713341,-0.7378762364387512,0.6598457098007202,0.0,0.0,0.2572294771671295,-0.810219407081604,-1.712881326675415,2.4370429515838623,-0.3415070176124573,-1.0722299814224243,-1.0448936223983765,-0.28924673795700073,-1.5746502876281738,2.518418788909912,2.041219711303711,0.0836256891489029,-1.2174646854400635,1.0462037324905396,-0.2093091607093811,0.11986520141363144,0.12563803791999817,-0.11920301616191864,0.11056703329086304,1.305159091949463,-1.7230174541473389,0.48607486486434937,0.2072468400001526,0.23300701379776,-0.03728675842285156,1.1489051580429077,-1.845346450805664,0.8699840307235718,0.06748145818710327
0.07162585854530334,-0.484129935503006,0.7664321660995483,-0.12872314453125,0.06367313861846924,-0.7411853671073914,0.655759334564209,0.0,0.0,0.2683125138282776,-0.8107634782791138,-1.7123167514801025,2.441929817199707,-0.3545483350753784,-1.0621740818023682,-1.0447981357574463,-0.29438063502311707,-1.575791835784912,2.514972448348999,2.054184913635254,0.09221441298723221,-1.213634729385376,1.046392798423767,-0.21279552578926086,0.11870737373828888,0.12028933316469193,-0.09749285131692886,0.10696510225534439,1.3064194917678833,-1.7172508239746094,0.48176681995391846,0.19200196862220764,0.2477818727493286,-0.016307493671774864,1.147756814956665,-1.8421335220336914,0.8699895739555359,0.06021655350923538
0.06847930699586868,-0.48642420768737793,0.7666003704071045,-0.1270798295736313,0.06408275663852692,-0.744012713432312,0.6528316736221313,0.0,0.0,0.2753661274909973,-0.8311401009559631,-1.710479736328125,2.4377601146698,-0.36734282970428467,-1.0536779165267944,-1.0448110103607178,-0.2973775565624237,-1.5775504112243652,2.5044102668762207,2.0696606636047363,0.10037995129823685,-1.2107442617416382,1.0465304851531982,-0.21286620199680328,0.110733263194561,0.11519010365009308,-0.07419982552528381,0.10725206136703491,1.3041932582855225,-1.7148696184158325,0.481070339679718,0.17600636184215546,0.26424434781074524,0.003239530138671398,1.1460132598876953,-1.8420500755310059,0.8699932098388672,0.05232705920934677
0.06526540964841843,-0.48878297209739685,0.7671008706092834,-0.12439937889575958,0.06206629425287247,-0.7479721903800964,0.6490071415901184,0.0,0.0,0.27486154437065125,-0.8695312738418579,-1.7043678760528564,2.436108350753784,-0.37929490208625793,-1.046834945678711,-1.0449835062026978,-0.29539185762405396,-1.5760581493377686,2.487787961959839,2.0868940353393555,0.10806936025619507,-1.208835482597351,1.046610951423645,-0.2119835615158081,0.09741486608982086,0.10935086011886597,-0.050324395298957825,0.11162594705820084,1.2962759733200073,-1.711430549621582,0.4797329306602478,0.16157019138336182,0.28128719329833984,0.02186659164726734,1.1373538970947266,-1.8417541980743408,0.8699955344200134,0.043655965477228165
0.061774883419275284,-0.4914027154445648,0.7671961784362793,-0.12018661201000214,0.05856957286596298,-0.7521576881408691,0.6452779769897461,0.0,0.0,0.2702624201774597,-0.9246150851249695,-1.7008843421936035,2.441410541534424,-0.3907718360424042,-1.041682243347168,-1.0451300144195557,-0.2959998548030853,-1.570425271987915,2.47300386428833,2.107145071029663,0.1157168298959732,-1.2078744173049927,1.0466309785842896,-0.20918402075767517,0.08169232308864594,0.10001309961080551,-0.02679162286221981,0.11487334966659546,1.2855570316314697,-1.7099761962890625,0.47912073135375977,0.14876368641853333,0.2973153293132782,0.037943337112665176,1.1232942342758179,-1.8429501056671143,0.8699970841407776,0.03573951870203018
0.05797598138451576,-0.49456942081451416,0.7680030465126038,-0.11509989202022552,0.05390835553407669,-0.7572125196456909,0.6406833529472351,0.0,0.0,0.2623734474182129,-0.9858253598213196,-1.7008659839630127,2.45109224319458,-0.40200895071029663,-1.038748025894165,-1.0452214479446411,-0.300015389919281,-1.5552958250045776,2.455803871154785,2.130420207977295,0.12352921068668365,-1.2074817419052124,1.0466299057006836,-0.20250704884529114,0.0661894902586937,0.08556630462408066,-0.005591429769992828,0.1182578057050705,1.266265869140625,-1.7080491781234741,0.47997042536735535,0.13899746537208557,0.3118191957473755,0.048870999366045,1.0955793857574463,-1.8423959016799927,0.8699980974197388,0.02959490939974785
0.05379234254360199,-0.49851977825164795,0.7688884735107422,-0.109215646982193,0.04948233813047409,-0.7628709077835083,0.6353356838226318,0.0,0.0,0.26110947132110596,-1.0557808876037598,-1.7038452625274658,2.449526309967041,-0.41304755210876465,-1.0379829406738281,-1.0452220439910889,-0.30964553356170654,-1.5374341011047363,2.44046950340271,2.152499198913574,0.13188296556472778,-1.2074122428894043,1.0465857982635498,-0.1897982358932495,0.05099596083164215,0.06748480349779129,0.015769293531775475,0.12023390829563141,1.2393121719360352,-1.7070307731628418,0.4834703207015991,0.12965252995491028,0.3275845944881439,0.05498470366001129,1.0555418729782104,-1.8416271209716797,0.8699987530708313,0.02351824939250946
0.04916337504982948,-0.5032263398170471,0.7681744694709778,-0.1032644659280777,0.04459497705101967,-0.7694188356399536,0.6287626624107361,0.0,0.0,0.2634730339050293,-1.1310398578643799,-1.7100682258605957,2.434572219848633,-0.423689067363739,-1.039283275604248,-1.0452640056610107,-0.31924760341644287,-1.5150631666183472,2.4269046783447266,2.1683526039123535,0.14100481569766998,-1.2075966596603394,1.0464918613433838,-0.17274990677833557,0.03489089384675026,0.04664035886526108,0.038041215389966965,0.121888667345047,1.2071528434753418,-1.710521936416626,0.49287575483322144,0.12018950283527374,0.34546154737472534,0.05559606850147247,1.0059245824813843,-1.8450653553009033,0.8699991703033447,0.01844930462539196
0.044170282781124115,-0.5087245106697083,0.7660326957702637,-0.09898737072944641,0.039437662810087204,-0.7771427035331726,0.620238184928894,0.0,0.0,0.2557339668273926,-1.2035796642303467,-1.7157220840454102,2.412736415863037,-0.43325287103652954,-1.0427742004394531,-1.045473575592041,-0.31847697496414185,-1.4887875318527222,2.411789894104004,2.183912754058838,0.15035800635814667,-1.20779550075531,1.0464191436767578,-0.15317022800445557,0.017202161252498627,0.02438797429203987,0.06380268931388855,0.12663953006267548,1.1667948961257935,-1.7145795822143555,0.5058367252349854,0.1119280606508255,0.367470920085907,0.047645632177591324,0.9453855156898499,-1.851704716682434,0.8699994087219238,0.011960262432694435
0.03906450420618057,-0.5143654346466064,0.763534426689148,-0.09560342133045197,0.03479434549808502,-0.7847959399223328,0.6113466620445251,0.0,0.0,0.25283223390579224,-1.269723653793335,-1.7203025817871094,2.391509771347046,-0.44160348176956177,-1.0476877689361572,-1.045682668685913,-0.31446951627731323,-1.4622876644134521,2.3989171981811523,2.19144606590271,0.16025763750076294,-1.2083041667938232,1.0462825298309326,-0.13527248799800873,-0.0010465169325470924,0.006645394489169121,0.08987656235694885,0.13431115448474884,1.1277611255645752,-1.7155317068099976,0.5178396105766296,0.10882129520177841,0.3904927372932434,0.03220195323228836,0.8900251388549805,-1.8566663265228271,0.8699995875358582,0.007259783335030079
0.034187398850917816,-0.5198827981948853,0.7604705095291138,-0.09360164403915405,0.02982395701110363,-0.7907000780105591,0.6042702794075012,0.0,0.0,0.2494525909423828,-1.3254457712173462,-1.7234821319580078,2.376070499420166,-0.4484631419181824,-1.0538914203643799,-1.045961618423462,-0.3055461347103119,-1.435585618019104,2.382253885269165,2.199296474456787,0.17022758722305298,-1.2089145183563232,1.04619562625885,-0.12063869833946228,-0.015644552186131477,-0.009069131687283516,0.11039666086435318,0.1426955759525299,1.0917916297912598,-1.7172449827194214,0.5289267301559448,0.1077369973063469,0.4065333604812622,0.012096335180103779,0.841503381729126,-1.8613322973251343,0.8699997067451477,0.004514876753091812
0.029502274468541145,-0.5253655910491943,0.7598354816436768,-0.09235454350709915,0.02680279314517975,-0.7938077449798584,0.6005176901817322,0.0,0.0,0.2576740086078644,-1.3751883506774902,-1.7199349403381348,2.3572723865509033,-0.4533582329750061,-1.0608726739883423,-1.046175241470337,-0.28983092308044434,-1.419171929359436,2.3631296157836914,2.219245672225952,0.17966336011886597,-1.2092736959457397,1.0462416410446167,-0.10855613648891449,-0.02457815408706665,-0.021453052759170532,0.12621767818927765,0.14786501228809357,1.061733365058899,-1.7196154594421387,0.5407477617263794,0.10746574401855469,0.4169621467590332,-0.009137843735516071,0.8061383962631226,-1.866236686706543,0.8699997663497925,0.002799744252115488
0.025313805788755417,-0.5304805040359497,0.7605629563331604,-0.091556116938591,0.024357877671718597,-0.7967936396598816,0.5967780947685242,0.0,0.0,0.2678273618221283,-1.40901517868042,-1.7097944021224976,2.3442111015319824,-0.4564151167869568,-1.0682473182678223,-1.0464227199554443,-0.28694748878479004,-1.4050886631011963,2.3390893936157227,2.250789165496826,0.1885889768600464,-1.2099838256835938,1.0462663173675537,-0.1016441136598587,-0.03148874267935753,-0.027185097336769104,0.13828234374523163,0.15167342126369476,1.0395357608795166,-1.7209341526031494,0.5518891215324402,0.10598732531070709,0.42374086380004883,-0.02424512431025505,0.7861934900283813,-1.8700602054595947,0.8699998259544373,0.0018501062877476215
0.021727925166487694,-0.5345703363418579,0.7617901563644409,-0.09190120548009872,0.02017291821539402,-0.7985242605209351,0.5945639610290527,0.0,0.0,0.2750898599624634,-1.4209115505218506,-1.702075481414795,2.346083641052246,-0.4588927626609802,-1.075465440750122,-1.0466675758361816,-0.30372869968414307,-1.3885020017623901,2.3145837783813477,2.2907662391662598,0.1976141631603241,-1.2112183570861816,1.046256184577942,-0.10351093858480453,-0.039666369557380676,-0.02795395255088806,0.14794479310512543,0.15379983186721802,1.0238337516784668,-1.7194559574127197,0.559423565864563,0.10610605776309967,0.42814692854881287,-0.035850584506988525,0.7785204648971558,-1.8698748350143433,0.8699998259544373,-0.0009818546241149306
0.018618900328874588,-0.5376315712928772,0.7639641761779785,-0.09128482639789581,0.014068583957850933,-0.7959722876548767,0.5982452034950256,0.0,0.0,0.2846387028694153,-1.4125568866729736,-1.6983492374420166,2.350266456604004,-0.46175849437713623,-1.0816073417663574,-1.046756386756897,-0.3337315022945404,-1.364492416381836,2.2708797454833984,2.3229403495788574,0.20673471689224243,-1.2121963500976562,1.0462746620178223,-0.11218234896659851,-0.05034154653549194,-0.032552335411310196,0.15371741354465485,0.15212970972061157,1.0138752460479736,-1.714740514755249,0.5652933716773987,0.10512401908636093,0.4299268424510956,-0.04331672191619873,0.7843737602233887,-1.866167664527893,0.869931161403656,-0.0046934885904192924
0.015915244817733765,-0.5398799180984497,0.766757607460022,-0.09086918085813522,0.004748274106532335,-0.7885051965713501,0.6082595586776733,0.0,0.0,0.29481199383735657,-1.3859957456588745,-1.6943705081939697,2.352349281311035,-0.4651678502559662,-1.0865212678909302,-1.0468189716339111,-0.36141905188560486,-1.3305203914642334,2.198352098464966,2.3477566242218018,0.2154323309659958,-1.212186336517334,1.0464426279067993,-0.12850439548492432,-0.05831332504749298,-0.04202931001782417,0.14960242807865143,0.1492268145084381,1.008357048034668,-1.7111213207244873,0.5720899105072021,0.10718313604593277,0.4218853712081909,-0.049417175352573395,0.7997050285339355,-1.8608760833740234,0.8695822358131409,-0.0062257833778858185
0.013341175392270088,-0.5411940217018127,0.7705763578414917,-0.08951102942228317,-0.00893456768244505,-0.7770184874534607,0.6230170130729675,0.0,0.0,0.3080180287361145,-1.3472988605499268,-1.6979265213012695,2.349630832672119,-0.4701727032661438,-1.0892882347106934,-1.046837568283081,-0.3902732729911804,-1.2824677228927612,2.1155171394348145,2.363832473754883,0.22481679916381836,-1.2104957103729248,1.045969843864441,-0.15299230813980103,-0.0639159306883812,-0.051980867981910706,0.1328006088733673,0.14404837787151337,1.0082873106002808,-1.708426833152771,0.5777857899665833,0.11473353952169418,0.4020838737487793,-0.05706833302974701,0.8255331516265869,-1.8499391078948975,0.8638423681259155,-0.004177798982709646
0.010578341782093048,-0.5418380498886108,0.7748763561248779,-0.0865953341126442,-0.025761017575860023,-0.7630530595779419,0.6399903893470764,0.0,0.0,0.3361862897872925,-1.3048983812332153,-1.717915415763855,2.3435726165771484,-0.47759607434272766,-1.089111089706421,-1.0468471050262451,-0.4192478060722351,-1.2268788814544678,2.059755802154541,2.3803532123565674,0.23691880702972412,-1.206145167350769,1.0439465045928955,-0.18090027570724487,-0.06727011501789093,-0.058709025382995605,0.10511835664510727,0.1383545845746994,1.0111536979675293,-1.707733392715454,0.5837924480438232,0.1263154149055481,0.37431490421295166,-0.06705515831708908,0.8570299744606018,-1.8342740535736084,0.8493212461471558,-0.0017340641934424639
0.007189747877418995,-0.542061448097229,0.7790682315826416,-0.0822145864367485,-0.04340700805187225,-0.7468264698982239,0.6584882736206055,0.0,0.0,0.3736605644226074,-1.2630586624145508,-1.7481070756912231,2.3326592445373535,-0.487116277217865,-1.0864802598953247,-1.0469367504119873,-0.4446091651916504,-1.1707520484924316,2.0317962169647217,2.395148277282715,0.25160685181617737,-1.1992876529693604,1.0404154062271118,-0.20653927326202393,-0.06830202043056488,-0.06065015494823456,0.07139075547456741,0.13296228647232056,1.0129003524780273,-1.709143042564392,0.5915672779083252,0.14033839106559753,0.34437432885169983,-0.07802067697048187,0.8872276544570923,-1.81707763671875,0.8289903402328491,-0.000989563181065023
0.0030701947398483753,-0.5419678688049316,0.782809853553772,-0.07874733209609985,-0.061690233647823334,-0.7297689914703369,0.6763359904289246,0.0,0.0,0.408456027507782,-1.2173643112182617,-1.7735295295715332,2.3301613330841064,-0.4975084364414215,-1.082062840461731,-1.0470287799835205,-0.4629106819629669,-1.1220431327819824,2.0186927318573,2.405973434448242,0.2676624059677124,-1.1907477378845215,1.0361777544021606,-0.2301322966814041,-0.06660246104001999,-0.055500615388154984,0.035316310822963715,0.13200697302818298,1.0111465454101562,-1.7122304439544678,0.6009506583213806,0.15490131080150604,0.3158988952636719,-0.08650237321853638,0.9064677953720093,-1.8016215562820435,0.8092454671859741,-0.0024309612344950438
-0.0018064938485622406,-0.5417026281356812,0.7862881422042847,-0.07542946189641953,-0.08019350469112396,-0.7092523574829102,0.6963048577308655,0.0,0.0,0.4287014603614807,-1.1704899072647095,-1.787663459777832,2.335289716720581,-0.5079025030136108,-1.0764212608337402,-1.047088623046875,-0.4666171669960022,-1.0789074897766113,2.0072414875030518,2.4162516593933105,0.2841152250766754,-1.1809499263763428,1.031762719154358,-0.25116023421287537,-0.06288164854049683,-0.04963843524456024,-0.00026086345314979553,0.13294535875320435,1.0059839487075806,-1.7155146598815918,0.6108213663101196,0.17081645131111145,0.29026371240615845,-0.09184011071920395,0.9181563854217529,-1.7874090671539307,0.7914079427719116,-0.003127418225631118
-0.006817310582846403,-0.5415261387825012,0.7885810732841492,-0.07217540591955185,-0.09648770093917847,-0.6884267330169678,0.7152268886566162,0.0,0.0,0.4341772198677063,-1.1262036561965942,-1.7917768955230713,2.353745698928833,-0.5179499387741089,-1.0696113109588623,-1.0471274852752686,-0.46216070652008057,-1.0531805753707886,1.9971871376037598,2.4250237941741943,0.3005104959011078,-1.1703945398330688,1.0276799201965332,-0.2659192681312561,-0.057798922061920166,-0.040676649659872055,-0.03290119394659996,0.1380363553762436,0.999092698097229,-1.7206487655639648,0.6227132678031921,0.1852060854434967,0.26974552869796753,-0.09240929782390594,0.9271397590637207,-1.7763620615005493,0.7781946659088135,-0.002430466702207923
-0.011502602137625217,-0.5412808060646057,0.7899892926216125,-0.06943120062351227,-0.11013566702604294,-0.6684439182281494,0.7322787642478943,0.0,0.0,0.42957401275634766,-1.0828170776367188,-1.791978120803833,2.3797366619110107,-0.5282069444656372,-1.0615732669830322,-1.0471527576446533,-0.45827603340148926,-1.0460072755813599,2.0018844604492188,2.444599151611328,0.31754404306411743,-1.1582919359207153,1.0239198207855225,-0.27568989992141724,-0.051999904215335846,-0.02964959852397442,-0.06223222613334656,0.14497508108615875,0.9905893802642822,-1.7262228727340698,0.6365180015563965,0.1988932341337204,0.2541833817958832,-0.08922379463911057,0.9359852075576782,-1.7666473388671875,0.7707396745681763,-0.00027098855935037136
-0.015706077218055725,-0.5408915877342224,0.790597677230835,-0.06803872436285019,-0.12202411144971848,-0.6487369537353516,0.7480782866477966,0.0,0.0,0.41569262742996216,-1.038854956626892,-1.7814602851867676,2.4084935188293457,-0.5382387638092041,-1.0532617568969727,-1.0471692085266113,-0.4565225839614868,-1.0490686893463135,2.008556604385376,2.475653648376465,0.33476966619491577,-1.145371437072754,1.0206100940704346,-0.28223010897636414,-0.044969841837882996,-0.020434631034731865,-0.08898608386516571,0.15127821266651154,0.9779482483863831,-1.732573390007019,0.6522922515869141,0.2101941555738449,0.24136242270469666,-0.08549106121063232,0.9425013065338135,-1.7589040994644165,0.7677144408226013,0.002547680865973234
-0.019206229597330093,-0.5408969521522522,0.7910910248756409,-0.06648848950862885,-0.13216672837734222,-0.629021167755127,0.7631798982620239,0.0,0.0,0.3984167277812958,-1.001108169555664,-1.758540153503418,2.4319329261779785,-0.5478729009628296,-1.0451358556747437,-1.047179937362671,-0.4555915594100952,-1.0597994327545166,2.0110998153686523,2.512338638305664,0.3520781397819519,-1.1321754455566406,1.017730712890625,-0.2865282893180847,-0.03671244904398918,-0.014095919206738472,-0.1168433278799057,0.1536855697631836,0.9628983736038208,-1.7381579875946045,0.6689416766166687,0.21916452050209045,0.22514262795448303,-0.08185634016990662,0.9473944306373596,-1.7512357234954834,0.768382728099823,0.00909965019673109
-0.021795421838760376,-0.5414209365844727,0.790637731552124,-0.06569091975688934,-0.14066949486732483,-0.6093465685844421,0.7775561213493347,0.0,0.0,0.37249302864074707,-0.9735331535339355,-1.7206079959869385,2.4500010013580322,-0.5563263893127441,-1.038312554359436,-1.0471868515014648,-0.442440390586853,-1.0787273645401,1.9988977909088135,2.554290533065796,0.368492066860199,-1.1196980476379395,1.015662431716919,-0.28929102420806885,-0.03234906867146492,-0.010187473148107529,-0.13703367114067078,0.15262745320796967,0.9455224275588989,-1.7434165477752686,0.684330940246582,0.2234071046113968,0.21355190873146057,-0.08041948080062866,0.9511818289756775,-1.7473196983337402,0.771794319152832,0.014621902257204056
-0.023219827562570572,-0.5425688028335571,0.7898126840591431,-0.06507302075624466,-0.14778271317481995,-0.5916320085525513,0.7898716926574707,0.0,0.0,0.34085991978645325,-0.9543249607086182,-1.668312668800354,2.4654483795166016,-0.5631946325302124,-1.032788634300232,-1.0471913814544678,-0.4166794717311859,-1.1042473316192627,1.9723210334777832,2.5975754261016846,0.3839323818683624,-1.108616828918457,1.0144778490066528,-0.29097121953964233,-0.033401910215616226,-0.006356529425829649,-0.1501573920249939,0.15081918239593506,0.9260821342468262,-1.7467539310455322,0.6978738903999329,0.2244088053703308,0.20699891448020935,-0.07951049506664276,0.9532398581504822,-1.7460744380950928,0.7759281396865845,0.018500274047255516
-0.023280354216694832,-0.5442986488342285,0.7888241410255432,-0.06436345726251602,-0.15274393558502197,-0.5779994130134583,0.7990264892578125,0.0,0.0,0.3077516555786133,-0.94139564037323,-1.606250524520874,2.4783716201782227,-0.5685213208198547,-1.0281190872192383,-1.0471943616867065,-0.3868336081504822,-1.1368999481201172,1.9377272129058838,2.6353025436401367,0.398623526096344,-1.0993337631225586,1.014256238937378,-0.2918989658355713,-0.03926195949316025,-0.00032289279624819756,-0.1586878001689911,0.14864161610603333,0.9084353446960449,-1.7475066184997559,0.7084775567054749,0.2240695059299469,0.20530939102172852,-0.07585402578115463,0.9548779726028442,-1.746753215789795,0.7814488410949707,0.02180679887533188
-0.022012047469615936,-0.5458475351333618,0.7874786853790283,-0.06475356966257095,-0.1563587188720703,-0.5678392648696899,0.8055541515350342,0.0,0.0,0.27430233359336853,-0.9322971105575562,-1.5285673141479492,2.488821029663086,-0.5713984966278076,-1.0248197317123413,-1.0471962690353394,-0.3515327572822571,-1.1741529703140259,1.8890341520309448,2.671046257019043,0.41159874200820923,-1.0920730829238892,1.0152322053909302,-0.29154136776924133,-0.0481543242931366,0.008320922031998634,-0.16423256695270538,0.14493343234062195,0.8889728784561157,-1.7462843656539917,0.7157148718833923,0.2225019633769989,0.20723293721675873,-0.06984616070985794,0.9518027305603027,-1.7492709159851074,0.7884403467178345,0.02547401189804077
-0.01926102489233017,-0.5475754737854004,0.7852372527122498,-0.06544286757707596,-0.1576150804758072,-0.5599053502082825,0.8107901811599731,0.0,0.0,0.23832391202449799,-0.9276740550994873,-1.4451159238815308,2.501783847808838,-0.572106122970581,-1.022115707397461,-1.0471975803375244,-0.312995046377182,-1.2168903350830078,1.834140658378601,2.7112245559692383,0.4230705201625824,-1.0860666036605835,1.0175526142120361,-0.2881956100463867,-0.05860084295272827,0.018199997022747993,-0.16783666610717773,0.1382504552602768,0.8689055442810059,-1.7451565265655518,0.7205020189285278,0.21912318468093872,0.21059954166412354,-0.06131995469331741,0.945366382598877,-1.754760503768921,0.7982363700866699,0.031252987682819366
-0.014499271288514137,-0.5498701333999634,0.7814235687255859,-0.06591378152370453,-0.1547183394432068,-0.5541426539421082,0.8152567744255066,0.0,0.0,0.1954236775636673,-0.935117244720459,-1.3482060432434082,2.5116167068481445,-0.5697884559631348,-1.021993637084961,-1.0471984148025513,-0.26274847984313965,-1.2717363834381104,1.7595946788787842,2.754611015319824,0.430939257144928,-1.0834593772888184,1.0218605995178223,-0.278266966342926,-0.06878100335597992,0.029735896736383438,-0.1701793372631073,0.12990738451480865,0.8486747741699219,-1.7463593482971191,0.7243267297744751,0.21527785062789917,0.2149895429611206,-0.052385054528713226,0.9369531869888306,-1.7651808261871338,0.811021089553833,0.038206957280635834
-0.007881490513682365,-0.552891731262207,0.776636004447937,-0.06612728536128998,-0.14768850803375244,-0.5497708916664124,0.8194921016693115,0.0,0.0,0.14695759117603302,-0.956679105758667,-1.2379677295684814,2.5153555870056152,-0.5639352798461914,-1.0250450372695923,-1.047199010848999,-0.20445328950881958,-1.3414206504821777,1.6587889194488525,2.7923359870910645,0.43382522463798523,-1.085637092590332,1.0285797119140625,-0.2620562016963959,-0.07651669532060623,0.041214145720005035,-0.1717020571231842,0.12099048495292664,0.8275992274284363,-1.7489100694656372,0.7277166247367859,0.21120986342430115,0.2187003791332245,-0.04374781996011734,0.9264596104621887,-1.778051733970642,0.8254764676094055,0.04636815935373306
-0.00011530611664056778,-0.5563634037971497,0.7709174156188965,-0.06735464930534363,-0.13718250393867493,-0.5435273051261902,0.825361967086792,0.0,0.0,0.10315558314323425,-0.9918276071548462,-1.1258797645568848,2.5033669471740723,-0.5553269982337952,-1.0301988124847412,-1.0471992492675781,-0.14548960328102112,-1.4251985549926758,1.5368738174438477,2.817420482635498,0.43136340379714966,-1.0925357341766357,1.0350967645645142,-0.23940801620483398,-0.0777282789349556,0.0489441454410553,-0.17269182205200195,0.11029057204723358,0.8007446527481079,-1.75559663772583,0.7336239814758301,0.20608337223529816,0.22005200386047363,-0.03906452655792236,0.9128196239471436,-1.7940614223480225,0.8406097888946533,0.056284625083208084
0.007660931441932917,-0.5600450038909912,0.7697842121124268,-0.07115095108747482,-0.12607243657112122,-0.5365567803382874,0.8313543796539307,0.0,0.0,0.0582408532500267,-1.0367860794067383,-1.0189634561538696,2.4866228103637695,-0.5433745384216309,-1.0370032787322998,-1.0471994876861572,-0.07977358996868134,-1.5234675407409668,1.4032375812530518,2.827427625656128,0.4236016273498535,-1.1043930053710938,1.0393328666687012,-0.21912822127342224,-0.07223199307918549,0.05524725466966629,-0.17333517968654633,0.09920996427536011,0.7738450765609741,-1.7658183574676514,0.741400957107544,0.20077691972255707,0.21986210346221924,-0.03771305829286575,0.9006732106208801,-1.809577465057373,0.8506569862365723,0.06384250521659851
0.014691270887851715,-0.5638288259506226,0.7683767080307007,-0.0738949403166771,-0.11583323031663895,-0.5314523577690125,0.835871160030365,0.0,0.0,0.011658059433102608,-1.0851284265518188,-0.929107129573822,2.481184959411621,-0.5285031795501709,-1.0435765981674194,-1.0471996068954468,-0.025650253519415855,-1.6266438961029053,1.2810288667678833,2.8133091926574707,0.4120122194290161,-1.119460940361023,1.0420863628387451,-0.2007179856300354,-0.06727380305528641,0.06111649423837662,-0.17375336587429047,0.09079175442457199,0.7522112131118774,-1.7779717445373535,0.7492259740829468,0.19432350993156433,0.2191298007965088,-0.03571184724569321,0.8898762464523315,-1.823272943496704,0.8574246168136597,0.06879749149084091
0.02013976313173771,-0.5677189826965332,0.7672811150550842,-0.0743362084031105,-0.10707193613052368,-0.5284645557403564,0.8388891220092773,0.0,0.0,-0.02785400114953518,-1.1252832412719727,-0.8614538311958313,2.4877729415893555,-0.5121800899505615,-1.0481555461883545,-1.0471997261047363,0.012726616114377975,-1.6987284421920776,1.1942929029464722,2.7937722206115723,0.3978663682937622,-1.1347955465316772,1.0438761711120605,-0.1861523985862732,-0.06579948961734772,0.06497383117675781,-0.17402517795562744,0.08574489504098892,0.7402200698852539,-1.7896007299423218,0.7559563517570496,0.18725821375846863,0.21891936659812927,-0.03240400552749634,0.8825488090515137,-1.8334511518478394,0.8618259429931641,0.06898008286952972
0.026432689279317856,-0.5703450441360474,0.7689183950424194,-0.07082434743642807,-0.0964827910065651,-0.528780460357666,0.8402774333953857,0.0,0.0,-0.05592542886734009,-1.1350678205490112,-0.8208521008491516,2.487168550491333,-0.4973507821559906,-1.0496639013290405,-1.0471997261047363,0.011664642952382565,-1.7402558326721191,1.1436214447021484,2.782071590423584,0.383230984210968,-1.1459063291549683,1.045039415359497,-0.16651643812656403,-0.06989655643701553,0.06711499392986298,-0.1742018610239029,0.08660165965557098,0.7314859628677368,-1.7897230386734009,0.7567048072814941,0.18028047680854797,0.2180444896221161,-0.027472244575619698,0.8720541596412659,-1.8343315124511719,0.8646868467330933,0.06861868500709534
0.033148303627967834,-0.5717225074768066,0.7736362218856812,-0.06696158647537231,-0.08985300362110138,-0.5322617292404175,0.8391305804252625,0.0,0.0,-0.07767516374588013,-1.110962152481079,-0.7940605878829956,2.4883031845092773,-0.484640508890152,-1.0477215051651,-1.0471997261047363,-0.02984507568180561,-1.7345054149627686,1.1185710430145264,2.7870726585388184,0.37041184306144714,-1.1494423151016235,1.045789122581482,-0.15465161204338074,-0.07991312444210052,0.06747189909219742,-0.17431670427322388,0.09479019045829773,0.7283681631088257,-1.7769238948822021,0.7480801939964294,0.17572250962257385,0.21723955869674683,-0.020303670316934586,0.8568505048751831,-1.8248146772384644,0.8665463924407959,0.06474275141954422
0.0393991619348526,-0.5720149874687195,0.7809239625930786,-0.0647004172205925,-0.08748690783977509,-0.5350205302238464,0.8378024697303772,0.0,0.0,-0.07184447348117828,-1.0523194074630737,-0.7936251163482666,2.4984607696533203,-0.47605374455451965,-1.037892460823059,-1.0468946695327759,-0.12430442124605179,-1.6944034099578857,1.139068365097046,2.7787115573883057,0.364421546459198,-1.1423571109771729,1.0457907915115356,-0.15103405714035034,-0.0911436676979065,0.05873049050569534,-0.17439135909080505,0.10637876391410828,0.7269091606140137,-1.7535748481750488,0.7309556603431702,0.17027196288108826,0.21663258969783783,-0.013383125886321068,0.835268497467041,-1.8058185577392578,0.867716372013092,0.05674522742629051
0.04483669251203537,-0.5718313455581665,0.7871149778366089,-0.06843938678503036,-0.08638548851013184,-0.537041187286377,0.8363255262374878,0.0,0.0,-0.028281187638640404,-0.978715181350708,-0.8264286518096924,2.5027012825012207,-0.4732585549354553,-1.018965482711792,-1.0463191270828247,-0.2639225125312805,-1.6651755571365356,1.224989414215088,2.7383317947387695,0.36689722537994385,-1.1280860900878906,1.0454002618789673,-0.15659576654434204,-0.09272599220275879,0.041879281401634216,-0.17443987727165222,0.1187376156449318,0.7334699630737305,-1.7327028512954712,0.7106610536575317,0.1635170876979828,0.21783603727817535,-0.008312579244375229,0.8181945085525513,-1.7889904975891113,0.8683198690414429,0.044618871062994
0.04971356317400932,-0.5719246864318848,0.7901760339736938,-0.0780913382768631,-0.07720480859279633,-0.5373161435127258,0.8362012505531311,0.0,0.0,0.07019636780023575,-0.9158961176872253,-0.9115307331085205,2.4843273162841797,-0.4777574837207794,-0.9909332990646362,-1.0449429750442505,-0.43594270944595337,-1.6929844617843628,1.3916027545928955,2.6331965923309326,0.37692952156066895,-1.1147739887237549,1.0448322296142578,-0.1587090790271759,-0.07469666749238968,0.01601490005850792,-0.1744714081287384,0.12613651156425476,0.7504264116287231,-1.7212446928024292,0.6930246949195862,0.15368777513504028,0.22176873683929443,-0.0051557826809585094,0.8149005174636841,-1.7815221548080444,0.8687196969985962,0.03566434234380722
0.052536625415086746,-0.5737192630767822,0.7893286347389221,-0.08784716576337814,-0.0585893914103508,-0.540814220905304,0.8344879746437073,0.0,0.0,0.2187684029340744,-0.9329637885093689,-1.0715993642807007,2.4465279579162598,-0.4878447651863098,-0.9580357074737549,-1.0431222915649414,-0.5741018056869507,-1.7418498992919922,1.5848891735076904,2.491499423980713,0.3864787220954895,-1.106864333152771,1.0449614524841309,-0.1513025164604187,-0.04314110800623894,-0.008428122848272324,-0.17449191212654114,0.1287100613117218,0.7842656373977661,-1.722630500793457,0.6796498894691467,0.1425175666809082,0.2290220409631729,-0.0032407341059297323,0.8289681673049927,-1.7851812839508057,0.8689471483230591,0.024233633652329445
0.05239848047494888,-0.5767827033996582,0.785227358341217,-0.08406686037778854,-0.03843962773680687,-0.5537927746772766,0.827507495880127,0.0,0.0,0.3791796565055847,-1.0774933099746704,-1.3281837701797485,2.355778932571411,-0.5033887624740601,-0.9270778298377991,-1.0419743061065674,-0.6310593485832214,-1.773612380027771,1.7526793479919434,2.3376176357269287,0.3873198628425598,-1.1018012762069702,1.0455307960510254,-0.12996625900268555,-0.027793649584054947,-0.01720307022333145,-0.17450523376464844,0.12672558426856995,0.8322707414627075,-1.7346370220184326,0.6711835265159607,0.12817011773586273,0.23790189623832703,0.0008649984374642372,0.8565987944602966,-1.7968531847000122,0.8688870668411255,0.009740598499774933
0.05101965367794037,-0.5796855092048645,0.7795231342315674,-0.06411736458539963,-0.01807325892150402,-0.5697417855262756,0.819119393825531,0.0,0.0,0.4680641293525696,-1.2678916454315186,-1.5877292156219482,2.234368324279785,-0.518833577632904,-0.9085640907287598,-1.039458990097046,-0.6205232739448547,-1.7942579984664917,1.892682433128357,2.1810333728790283,0.3864135146141052,-1.0993468761444092,1.043210744857788,-0.08950301259756088,-0.033989325165748596,-0.023473817855119705,-0.17451390624046326,0.12143851071596146,0.8818563222885132,-1.752117395401001,0.6672559380531311,0.11036087572574615,0.24468883872032166,0.0067159393802285194,0.8860606551170349,-1.8116811513900757,0.8667334318161011,-0.002061484381556511
0.04993069916963577,-0.5807029008865356,0.7712513208389282,-0.040510889142751694,-0.0035278326831758022,-0.5848377346992493,0.8101303577423096,0.0,0.0,0.47477591037750244,-1.4433999061584473,-1.8161756992340088,2.08890700340271,-0.5331172943115234,-0.9016952514648438,-1.0388753414154053,-0.5480216145515442,-1.8076776266098022,2.0112125873565674,2.055316686630249,0.38383275270462036,-1.0975124835968018,1.042204737663269,-0.05194370821118355,-0.04993011802434921,-0.0241367369890213,-0.17451953887939453,0.11654811352491379,0.9350563883781433,-1.778190016746521,0.6650185585021973,0.10015436261892319,0.24888508021831512,0.0065390970557928085,0.9216641783714294,-1.8339909315109253,0.8660622835159302,-0.010141397826373577
0.049733322113752365,-0.5820067524909973,0.7647521495819092,-0.017373470589518547,0.003817119635641575,-0.6003957390785217,0.7995051741600037,0.0,0.0,0.45389193296432495,-1.5785281658172607,-1.9442555904388428,1.8787708282470703,-0.5418605804443359,-0.9021771550178528,-1.0408138036727905,-0.48428601026535034,-1.816400408744812,2.052922248840332,1.8938062191009521,0.37521106004714966,-1.0947785377502441,1.0429728031158447,-0.02609177678823471,-0.07158047705888748,-0.011126453056931496,-0.17452320456504822,0.10928310453891754,0.9827588796615601,-1.7980663776397705,0.6554560661315918,0.08018437772989273,0.2507532238960266,0.001980347791686654,0.9577265977859497,-1.8499001264572144,0.8572292327880859,-0.01416148990392685
0.0494871586561203,-0.5833315253257751,0.7558962106704712,-0.003909855615347624,0.007567475084215403,-0.6123687624931335,0.7905263304710388,0.0,0.0,0.3964995741844177,-1.6668167114257812,-2.0267832279205322,1.661695122718811,-0.5466458201408386,-0.9069868326187134,-1.0420184135437012,-0.38281214237213135,-1.8220702409744263,2.087240695953369,1.719875454902649,0.3647809624671936,-1.0912089347839355,1.0433683395385742,-0.010098828002810478,-0.07927452027797699,-0.0013415063731372356,-0.17452558875083923,0.10287141799926758,1.019547462463379,-1.8246883153915405,0.6528492569923401,0.071419857442379,0.25006866455078125,-0.009364156052470207,0.9835032224655151,-1.872982382774353,0.8577224016189575,-0.006493120454251766
0.04879021644592285,-0.5853850841522217,0.746641993522644,0.011225678957998753,0.016365187242627144,-0.6250509023666382,0.7803316712379456,0.0,0.0,0.31881842017173767,-1.7239658832550049,-2.058108329772949,1.4296543598175049,-0.549610435962677,-0.9118926525115967,-1.042523741722107,-0.28982657194137573,-1.8257555961608887,2.0915181636810303,1.4844378232955933,0.35525742173194885,-1.088393211364746,1.0434961318969727,0.02270260453224182,-0.07840871065855026,0.0069625056348741055,-0.1745271384716034,0.10430468618869781,1.0449670553207397,-1.8551380634307861,0.6617873311042786,0.051406897604465485,0.24211624264717102,-0.0074822744354605675,0.989015519618988,-1.8971869945526123,0.8602381944656372,0.013508560135960579
0.04869786649942398,-0.5883920788764954,0.7336321473121643,0.024182740598917007,0.024759234860539436,-0.6293602585792542,0.7763426303863525,0.0,0.0,0.24361184239387512,-1.7563852071762085,-2.0466597080230713,1.199040174484253,-0.5506532788276672,-0.9172506332397461,-1.0427807569503784,-0.20092473924160004,-1.828073263168335,2.053071975708008,1.2251030206680298,0.3420567214488983,-1.085026741027832,1.0447635650634766,0.061512574553489685,-0.07364927232265472,0.004882403649389744,-0.17445172369480133,0.1070421040058136,1.0490179061889648,-1.8981754779815674,0.6839796304702759,0.03560148552060127,0.22950208187103271,-0.012521529570221901,0.9808657169342041,-1.9341813325881958,0.8633931279182434,0.044093355536460876
0.04985573887825012,-0.5930873155593872,0.7238750457763672,0.03214063122868538,0.023383036255836487,-0.6321204304695129,0.7738500833511353,0.0,0.0,0.14298348128795624,-1.7630689144134521,-1.9097111225128174,1.006895899772644,-0.5424884557723999,-0.9832015633583069,-1.0443274974822998,-0.10919450223445892,-1.8293263912200928,1.841827630996704,0.9960163235664368,0.3005639314651489,-1.1311306953430176,1.0456162691116333,0.056748367846012115,-0.07650065422058105,-0.0005086264573037624,-0.17447912693023682,0.1091608852148056,1.06352961063385,-1.9259593486785889,0.6905149817466736,0.0408967062830925,0.21615028381347656,-0.01851009950041771,0.9894707798957825,-1.9616321325302124,0.8572649359703064,0.07033981382846832
0.049886129796504974,-0.5984397530555725,0.7243680953979492,0.028403567150235176,0.03221670910716057,-0.6270697116851807,0.7777782082557678,0.0,0.0,0.0140591561794281,-1.7484993934631348,-1.6519203186035156,0.9849980473518372,-0.5173643827438354,-1.0616449117660522,-1.045332908630371,-0.03102358803153038,-1.830437183380127,1.4570727348327637,1.0260106325149536,0.24247418344020844,-1.188751220703125,1.0461704730987549,0.04947274550795555,-0.04979531466960907,-0.015062286518514156,-0.17403073608875275,0.11531776189804077,1.0540223121643066,-1.9203656911849976,0.6916139125823975,0.0645640417933464,0.20786389708518982,-0.04642077535390854,0.9918696880340576,-1.9562387466430664,0.8327555656433105,0.06837745755910873
0.052090466022491455,-0.601465106010437,0.7353348731994629,0.018637338653206825,0.04213497042655945,-0.6246222853660583,0.7795667052268982,0.0,0.0,-0.0642351508140564,-1.7392210960388184,-1.3635209798812866,1.043616533279419,-0.4876300096511841,-1.1232357025146484,-1.0459864139556885,-0.005477065220475197,-1.831189513206482,1.089166522026062,1.1957637071609497,0.19219845533370972,-1.2308082580566406,1.0465307235717773,0.03629031404852867,-0.019945796579122543,-0.010087362490594387,-0.17222413420677185,0.125334233045578,1.0412858724594116,-1.8871246576309204,0.6721392869949341,0.09989506006240845,0.20617365837097168,-0.07459572702646255,0.9945733547210693,-1.9205772876739502,0.786830484867096,0.04611707851290703
0.055712100118398666,-0.603111982345581,0.755474328994751,0.010459095239639282,0.052366703748703,-0.6218782663345337,0.7812910676002502,0.0,0.0,-0.1378716081380844,-1.7190189361572266,-1.0870407819747925,1.1386258602142334,-0.4596949815750122,-1.15868079662323,-1.046411156654358,0.03310427814722061,-1.7977039813995361,0.7807328701019287,1.3807215690612793,0.1561194658279419,-1.2523565292358398,1.046764850616455,0.025832537561655045,0.00018005911260843277,0.0012629837729036808,-0.167764812707901,0.13421286642551422,1.0230774879455566,-1.8238030672073364,0.6260051131248474,0.14322462677955627,0.21494928002357483,-0.09140007197856903,0.9957746267318726,-1.8567249774932861,0.7216414213180542,0.004392609000205994
0.058990903198719025,-0.6035687327384949,0.7763698697090149,0.00490169320255518,0.06126721203327179,-0.6167894601821899,0.784724771976471,0.0,0.0,-0.20404881238937378,-1.6831930875778198,-0.833358883857727,1.2663776874542236,-0.4348466694355011,-1.1730412244796753,-1.046687126159668,0.09017419815063477,-1.7335972785949707,0.511676549911499,1.5509744882583618,0.13191914558410645,-1.2570339441299438,1.0468947887420654,0.018699295818805695,0.010685771703720093,0.00968213751912117,-0.1579112410545349,0.13870452344417572,0.9985712766647339,-1.7522963285446167,0.5663655996322632,0.17716437578201294,0.22942256927490234,-0.0992276519536972,0.9947041273117065,-1.7890005111694336,0.6468930244445801,-0.03424710035324097
0.0620746836066246,-0.6023444533348083,0.7952049970626831,-0.00010304379975423217,0.06824576109647751,-0.609855592250824,0.7895686626434326,0.0,0.0,-0.2594594657421112,-1.6111414432525635,-0.633987307548523,1.3978962898254395,-0.41423505544662476,-1.1916251182556152,-1.0468666553497314,0.15219631791114807,-1.648635983467102,0.3010730445384979,1.7003755569458008,0.11256975680589676,-1.2630267143249512,1.0469870567321777,0.013461514376103878,0.018700778484344482,0.01477945875376463,-0.14759516716003418,0.13771623373031616,0.9712246656417847,-1.6848900318145752,0.5054129362106323,0.19740210473537445,0.23662354052066803,-0.10147278010845184,0.9828384518623352,-1.7275922298431396,0.5785365104675293,-0.056411243975162506
0.06437809020280838,-0.600639820098877,0.8122289180755615,-0.00253375805914402,0.07373755425214767,-0.6057919263839722,0.7921947240829468,0.0,0.0,-0.3150755763053894,-1.5216171741485596,-0.4599400758743286,1.5368543863296509,-0.3962070047855377,-1.210554838180542,-1.046983242034912,0.216602623462677,-1.5485860109329224,0.12287437915802002,1.8423349857330322,0.0947367399930954,-1.266931414604187,1.0470598936080933,0.010876485146582127,0.020967088639736176,0.02223031595349312,-0.1363745778799057,0.13370174169540405,0.9496691823005676,-1.62038254737854,0.45094287395477295,0.20109547674655914,0.23338812589645386,-0.10084596276283264,0.9581270217895508,-1.6738836765289307,0.5262129306793213,-0.062263067811727524
0.06456521153450012,-0.5998387336730957,0.8256864547729492,-0.0009095673449337482,0.08033642917871475,-0.6039208769798279,0.7929847240447998,0.0,0.0,-0.36348387598991394,-1.424422264099121,-0.3080986440181732,1.6784924268722534,-0.3799794316291809,-1.2268754243850708,-1.0470590591430664,0.2762390375137329,-1.4426994323730469,-0.027567937970161438,1.9713749885559082,0.07821047306060791,-1.266664981842041,1.047102451324463,0.01498741190880537,0.01813105121254921,0.0333385095000267,-0.12245264649391174,0.1250341534614563,0.9422053098678589,-1.5634682178497314,0.4101278483867645,0.18662679195404053,0.2190176546573639,-0.09782637655735016,0.9200170636177063,-1.633426547050476,0.49602580070495605,-0.055032216012477875
0.06084287539124489,-0.5983819365501404,0.8359465599060059,0.003143682610243559,0.08442676067352295,-0.6039741635322571,0.7925134301185608,0.0,0.0,-0.40678340196609497,-1.321201205253601,-0.16852706670761108,1.822077989578247,-0.36510056257247925,-1.238959550857544,-1.0471084117889404,0.33428889513015747,-1.3329613208770752,-0.16239243745803833,2.087745189666748,0.06253541260957718,-1.2610231637954712,1.0471060276031494,0.02087422087788582,0.010950583033263683,0.04524688050150871,-0.10427632927894592,0.11153791099786758,0.9445418119430542,-1.5156521797180176,0.38294583559036255,0.16077296435832977,0.19341786205768585,-0.09016239643096924,0.8738471865653992,-1.6015214920043945,0.48547184467315674,-0.03901116922497749
0.05411848425865173,-0.5977510213851929,0.8456317782402039,0.011024144478142262,0.08723997324705124,-0.6081653237342834,0.7889249324798584,0.0,0.0,-0.443182110786438,-1.2129707336425781,-0.04028722643852234,1.963773488998413,-0.3513586223125458,-1.2452976703643799,-1.04714035987854,0.3875557780265808,-1.2141153812408447,-0.2818669080734253,2.1890792846679688,0.04688826575875282,-1.2480716705322266,1.0471388101577759,0.03067338652908802,0.00019206199795007706,0.05867210775613785,-0.08355844020843506,0.09967131912708282,0.9551994800567627,-1.4750254154205322,0.3694295287132263,0.12602394819259644,0.16021090745925903,-0.0815606340765953,0.8263652324676514,-1.5745484828948975,0.494477778673172,-0.01237102784216404
0.04506837576627731,-0.5975984334945679,0.8540701866149902,0.01947203278541565,0.08619118481874466,-0.6138421893119812,0.7844677567481995,0.0,0.0,-0.473230242729187,-1.0939456224441528,0.08188438415527344,2.108664035797119,-0.33770108222961426,-1.2440459728240967,-1.0471585988998413,0.43678173422813416,-1.0832213163375854,-0.39343133568763733,2.286712646484375,0.03050096519291401,-1.2261136770248413,1.0471563339233398,0.04165014624595642,-0.011749533005058765,0.0728105902671814,-0.06356043368577957,0.09559161961078644,0.9616334438323975,-1.444612979888916,0.3652155101299286,0.08811832964420319,0.12549559772014618,-0.07518871873617172,0.7850922346115112,-1.5506724119186401,0.5178000330924988,0.01940181851387024
0.034315600991249084,-0.5983930826187134,0.8595905900001526,0.02603297308087349,0.08403871953487396,-0.6182200312614441,0.7810657024383545,0.0,0.0,-0.4944773018360138,-0.9599992036819458,0.19357749819755554,2.252617597579956,-0.3230869174003601,-1.2328033447265625,-1.047173023223877,0.47705256938934326,-0.9470990300178528,-0.4967639744281769,2.386883020401001,0.013408726081252098,-1.195523738861084,1.0471601486206055,0.0543014220893383,-0.01854393631219864,0.08292770385742188,-0.044534627348184586,0.0929669663310051,0.9653040170669556,-1.4254976511001587,0.37093645334243774,0.05407388135790825,0.0948634222149849,-0.068647101521492,0.7531006932258606,-1.5361759662628174,0.5544084906578064,0.053446996957063675
0.02405698038637638,-0.6021472811698914,0.8638346195220947,0.033372558653354645,0.08522122353315353,-0.6222694516181946,0.7774345278739929,0.0,0.0,-0.5036470890045166,-0.808221697807312,0.2890259921550751,2.3745524883270264,-0.3078123927116394,-1.2121251821517944,-1.0471824407577515,0.5085400938987732,-0.8028495907783508,-0.5810508131980896,2.4772839546203613,-0.0036758575588464737,-1.157064437866211,1.0471739768981934,0.07135622948408127,-0.020260117948055267,0.09362100064754486,-0.02975481003522873,0.0914701297879219,0.9657924771308899,-1.411896824836731,0.3847959637641907,0.025584453716874123,0.06965535879135132,-0.0612897053360939,0.727635383605957,-1.528400182723999,0.6025049686431885,0.08600173890590668
0.012290652841329575,-0.59888756275177,0.8495761156082153,0.03733805567026138,0.08351858705282211,-0.6244138479232788,0.7757176160812378,0.0,0.0,-0.4819738566875458,-0.4778430759906769,0.3578784465789795,2.4091410636901855,-0.2989957332611084,-1.1503480672836304,-1.0471885204315186,0.537797212600708,-0.51637864112854,-0.6148954629898071,2.508800506591797,-0.00951750110834837,-1.0756369829177856,1.0471830368041992,0.11868365854024887,-0.015569034963846207,0.11032506823539734,-0.015530353412032127,0.09555846452713013,0.9631686210632324,-1.4738550186157227,0.43250375986099243,0.005504176951944828,0.044983044266700745,-0.05315084382891655,0.6709474921226501,-1.5883357524871826,0.6954572200775146,0.1098005399107933
0.0005906266160309315,-0.5988869667053223,0.8347841501235962,0.04098653048276901,0.08933557569980621,-0.6253271698951721,0.7741480469703674,0.0,0.0,-0.46786683797836304,-0.15460579097270966,0.3915742039680481,2.4190101623535156,-0.2957584857940674,-1.0920606851577759,-1.0471925735473633,0.5696439146995544,-0.2475740909576416,-0.6153929829597473,2.539085626602173,-0.010306192561984062,-0.9996904134750366,1.0471889972686768,0.16525337100028992,-0.002902223728597164,0.13679365813732147,-0.00491250678896904,0.10332003235816956,0.969745397567749,-1.531770944595337,0.4742703437805176,-0.012948637828230858,0.031115856021642685,-0.04272834584116936,0.6268062591552734,-1.646665334701538,0.7565454840660095,0.12059280276298523
-0.012270071543753147,-0.5977184176445007,0.8135106563568115,0.044493891298770905,0.09839028120040894,-0.6237354874610901,0.7741405963897705,0.0,0.0,-0.465773344039917,0.17056378722190857,0.4014159142971039,2.3945651054382324,-0.29891765117645264,-1.0377626419067383,-1.0471951961517334,0.610141932964325,0.01151314377784729,-0.5904529094696045,2.556732654571533,-0.004167313687503338,-0.927030086517334,1.0471928119659424,0.22078190743923187,0.0168104637414217,0.16575971245765686,0.002093026414513588,0.11496835947036743,0.984257698059082,-1.6088619232177734,0.514106810092926,-0.02910541370511055,0.026661448180675507,-0.03578796982765198,0.5879660844802856,-1.7257285118103027,0.7962545156478882,0.12287676334381104
-0.027303850278258324,-0.5927993059158325,0.7835289835929871,0.05237255245447159,0.10964099317789078,-0.615073025226593,0.7790514826774597,0.0,0.0,-0.49594271183013916,0.4840843081474304,0.39386045932769775,2.3333749771118164,-0.3081040382385254,-0.9932725429534912,-1.0470398664474487,0.6650986075401306,0.2594621181488037,-0.553624153137207,2.5626871585845947,0.006597299128770828,-0.8592898845672607,1.047195315361023,0.2931451201438904,0.036035992205142975,0.1874166876077652,0.003180237952619791,0.12871317565441132,1.0103662014007568,-1.7088141441345215,0.5526415109634399,-0.034431252628564835,0.025212954729795456,-0.04218156635761261,0.5524513125419617,-1.8217594623565674,0.8220654129981995,0.11782628297805786
-0.042275309562683105,-0.5838118195533752,0.7457010746002197,0.06267233937978745,0.12161552160978317,-0.5989635586738586,0.7890022397041321,0.0,0.0,-0.5697845816612244,0.767174482345581,0.37267524003982544,2.252993106842041,-0.32056957483291626,-0.9614149332046509,-1.0455175638198853,0.7390688061714172,0.49094921350479126,-0.5183217525482178,2.5622434616088867,0.017765149474143982,-0.8003895878791809,1.047196865081787,0.3762444257736206,0.05013400688767433,0.19979992508888245,-0.00559135340154171,0.1425810009241104,1.0470439195632935,-1.8241546154022217,0.5815576910972595,-0.02252378687262535,0.020560136064887047,-0.06727465987205505,0.5154302716255188,-1.9229145050048828,0.838842511177063,0.10450858622789383
-0.05531501770019531,-0.5748186707496643,0.7044382095336914,0.07309732586145401,0.134752094745636,-0.5794745683670044,0.8004422783851624,0.0,0.0,-0.6765298843383789,1.0199322700500488,0.3386687934398651,2.155087471008301,-0.33618879318237305,-0.9402959942817688,-1.0429096221923828,0.8372624516487122,0.7140330672264099,-0.4808017611503601,2.5447568893432617,0.029685385525226593,-0.7522045969963074,1.047197937965393,0.46251755952835083,0.06082436442375183,0.2044156789779663,-0.025162270292639732,0.15457913279533386,1.0901559591293335,-1.9397642612457275,0.5960505604743958,0.00819955114275217,0.009617945179343224,-0.11065803468227386,0.47203728556632996,-2.0163936614990234,0.8497475981712341,0.0836738646030426
-0.06707405298948288,-0.5640696287155151,0.6585688591003418,0.08254370093345642,0.1445297747850418,-0.5603711009025574,0.8113456964492798,0.0,0.0,-0.8150120973587036,1.2147936820983887,0.28297537565231323,2.049302101135254,-0.3540394902229309,-0.929297924041748,-1.0385841131210327,0.9567714929580688,0.9167563915252686,-0.4385955333709717,2.5242526531219482,0.042310502380132675,-0.713708758354187,1.0471985340118408,0.5494512915611267,0.0684557780623436,0.20193514227867126,-0.052719563245773315,0.16307690739631653,1.1346089839935303,-2.0583057403564453,0.6000193357467651,0.054645836353302,-0.013525133952498436,-0.16620948910713196,0.42328348755836487,-2.104583263397217,0.8568359017372131,0.057191792875528336
-0.07516337186098099,-0.5542809963226318,0.6134264469146729,0.09068252891302109,0.152638241648674,-0.5447768568992615,0.8195708394050598,0.0,0.0,-0.975786566734314,1.3398771286010742,0.2188490331172943,1.9371808767318726,-0.37126028537750244,-0.926209568977356,-1.0325617790222168,1.0982184410095215,1.09177827835083,-0.3997679352760315,2.5012969970703125,0.05336899310350418,-0.6861385703086853,1.0470927953720093,0.6310819983482361,0.07504504173994064,0.1994723379611969,-0.08797305077314377,0.1652209460735321,1.1831637620925903,-2.1624972820281982,0.5990594625473022,0.10588670521974564,-0.047783806920051575,-0.2231590747833252,0.36877700686454773,-2.1807799339294434,0.861443281173706,0.029443081468343735
-0.07155736535787582,-0.5559464693069458,0.5909581780433655,0.08010918647050858,0.1354088932275772,-0.5326928496360779,0.831555962562561,0.0,0.0,-1.3488554954528809,1.4099040031433105,0.2536514401435852,1.7370197772979736,-0.38781970739364624,-0.9584418535232544,-1.0252490043640137,1.5003323554992676,1.2627160549163818,-0.40193265676498413,2.4462971687316895,0.056971192359924316,-0.6980312466621399,1.047060489654541,0.5991460084915161,0.06441126763820648,0.19891929626464844,-0.1182679831981659,0.14970865845680237,1.257909893989563,-2.2302896976470947,0.5913474559783936,0.15368789434432983,-0.06552164256572723,-0.3073523938655853,0.35292357206344604,-2.226996421813965,0.8644381165504456,-0.013231972232460976
-0.06563721597194672,-0.5626199245452881,0.5960942506790161,0.07279845327138901,0.12503817677497864,-0.5206820368766785,0.8414012789726257,0.0,0.0,-1.7271623611450195,1.485152244567871,0.3846508860588074,1.5212042331695557,-0.4010730981826782,-1.0071475505828857,-1.0232689380645752,1.8504352569580078,1.3844571113586426,-0.39715349674224854,2.4244585037231445,0.06066325306892395,-0.7503973245620728,1.0471093654632568,0.5811280012130737,0.05362660065293312,0.18408970534801483,-0.13795968890190125,0.13511230051517487,1.3016207218170166,-2.2743546962738037,0.6051985621452332,0.18449541926383972,-0.08558069914579391,-0.36896634101867676,0.31782156229019165,-2.2442946434020996,0.866384744644165,-0.04509655386209488
-0.05945819616317749,-0.5657214522361755,0.6013070940971375,0.06548035144805908,0.11884856969118118,-0.5049395561218262,0.8524221181869507,0.0,0.0,-2.0155625343322754,1.526590347290039,0.4878646433353424,1.3331893682479858,-0.41219469904899597,-1.039628267288208,-1.0229910612106323,2.103022336959839,1.4777437448501587,-0.3996773362159729,2.3952369689941406,0.06608772277832031,-0.7908066511154175,1.0471410751342773,0.6121677756309509,0.03589917719364166,0.15307293832302094,-0.14415501058101654,0.12012374401092529,1.278527021408081,-2.30299711227417,0.6346304416656494,0.2025037705898285,-0.1146920770406723,-0.39189958572387695,0.22265435755252838,-2.2465500831604004,0.867650032043457,-0.05896840989589691
-0.052735649049282074,-0.5664407014846802,0.6062568426132202,0.060144782066345215,0.11477530747652054,-0.49153372645378113,0.8611642122268677,0.0,0.0,-2.2345664501190186,1.553468942642212,0.5675861835479736,1.1716333627700806,-0.4215339422225952,-1.0600407123565674,-1.0242730379104614,2.279730796813965,1.5519938468933105,-0.39956897497177124,2.3673579692840576,0.07275405526161194,-0.8235998153686523,1.04716157913208,0.6724531650543213,0.004702810198068619,0.12157513201236725,-0.13146358728408813,0.11618608236312866,1.2043216228485107,-2.3216147422790527,0.6806222200393677,0.20968686044216156,-0.13420304656028748,-0.3950253129005432,0.0938258245587349,-2.231142044067383,0.8684724569320679,-0.06659270823001862
-0.04583367705345154,-0.5661669373512268,0.6065765619277954,0.05820418894290924,0.11077208817005157,-0.48347875475883484,0.8663660287857056,0.0,0.0,-2.3920464515686035,1.5693176984786987,0.619257926940918,1.0456912517547607,-0.4288633465766907,-1.07437002658844,-1.024888277053833,2.395998954772949,1.6013562679290771,-0.381913959980011,2.3557450771331787,0.07882411777973175,-0.8486995697021484,1.047170639038086,0.7119836807250977,-0.028134839609265327,0.09522178024053574,-0.12055426090955734,0.12643182277679443,1.1571162939071655,-2.3337159156799316,0.7138221859931946,0.21164536476135254,-0.1475835144519806,-0.4056103527545929,0.01469310000538826,-2.2313055992126465,0.8690070509910583,-0.08168898522853851
-0.039910394698381424,-0.5658916234970093,0.6046231985092163,0.05864344537258148,0.10703069716691971,-0.47745993733406067,0.8701364398002625,0.0,0.0,-2.5027730464935303,1.5763508081436157,0.6537904739379883,0.9457181692123413,-0.4345869719982147,-1.0843647718429565,-1.0252549648284912,2.473198175430298,1.6303577423095703,-0.3588419556617737,2.3506836891174316,0.0840892344713211,-0.8682917356491089,1.0471749305725098,0.7376793622970581,-0.059678301215171814,0.07260170578956604,-0.11215716600418091,0.14066848158836365,1.1273664236068726,-2.3415818214416504,0.7359014749526978,0.20949935913085938,-0.156235009431839,-0.41925719380378723,-0.02996138110756874,-2.2434306144714355,0.8693545460700989,-0.1006515622138977
-0.03572872281074524,-0.5657674074172974,0.6024880409240723,0.060997121036052704,0.10373128950595856,-0.4732327163219452,0.8726798295974731,0.0,0.0,-2.5791053771972656,1.5773706436157227,0.6780428886413574,0.8676210641860962,-0.43891218304634094,-1.0912692546844482,-1.025561809539795,2.5248301029205322,1.6476380825042725,-0.33673909306526184,2.3459784984588623,0.08852347731590271,-0.8839149475097656,1.0471757650375366,0.754381537437439,-0.08810493350028992,0.05652124434709549,-0.10597876459360123,0.1547514796257019,1.1132029294967651,-2.3466944694519043,0.7490050792694092,0.20322278141975403,-0.16181233525276184,-0.4320172667503357,-0.05552295595407486,-2.260807752609253,0.8695804476737976,-0.12173670530319214
-0.032982490956783295,-0.5648918151855469,0.6006624698638916,0.0637974813580513,0.10143965482711792,-0.4691667854785919,0.8749414086341858,0.0,0.0,-2.633042335510254,1.5746411085128784,0.6952037811279297,0.8056381940841675,-0.44228512048721313,-1.0960294008255005,-1.0258384943008423,2.5605850219726562,1.657452940940857,-0.31687068939208984,2.343355178833008,0.09228748083114624,-0.8970365524291992,1.0471810102462769,0.7652379274368286,-0.11212310194969177,0.045281656086444855,-0.10170969367027283,0.16637380421161652,1.1068000793457031,-2.35001802444458,0.7529700398445129,0.19681105017662048,-0.16539640724658966,-0.4415038228034973,-0.06946602463722229,-2.2810840606689453,0.8697272539138794,-0.14376619458198547
-0.029728129506111145,-0.5657553672790527,0.6012412905693054,0.060692835599184036,0.08970654010772705,-0.4615043103694916,0.8805015087127686,0.0,0.0,-2.6806862354278564,1.5703766345977783,0.7129407525062561,0.7371520400047302,-0.44596630334854126,-1.0960984230041504,-1.027519702911377,2.595764398574829,1.6642167568206787,-0.3169459104537964,2.323863983154297,0.09500128030776978,-0.9178458452224731,1.0471875667572021,0.7722946405410767,-0.14756634831428528,0.033547334372997284,-0.07450120896100998,0.1700884848833084,1.0459009408950806,-2.3521780967712402,0.780825138092041,0.18381287157535553,-0.1684877872467041,-0.43752729892730713,-0.12893033027648926,-2.276026964187622,0.8698226809501648,-0.15654560923576355
-0.02739131636917591,-0.5682235956192017,0.6024918556213379,0.05071330815553665,0.06901775300502777,-0.451168030500412,0.8883197903633118,0.0,0.0,-2.7254457473754883,1.5651307106018066,0.7297694683074951,0.670774519443512,-0.44957390427589417,-1.09201979637146,-1.0303150415420532,2.630256175994873,1.6708788871765137,-0.33562183380126953,2.2936623096466064,0.09624364227056503,-0.9436649084091187,1.047191858291626,0.7768814563751221,-0.1885252594947815,0.019237864762544632,-0.0317533053457737,0.16602614521980286,0.9490277767181396,-2.3535823822021484,0.8120183944702148,0.16580377519130707,-0.1704820692539215,-0.41953468322753906,-0.2329784333705902,-2.245250701904297,0.869884729385376,-0.16450756788253784
-0.02735716849565506,-0.569835364818573,0.6020262241363525,0.04506607726216316,0.056052111089229584,-0.4416583180427551,0.8942959308624268,0.0,0.0,-2.7515037059783936,1.557363748550415,0.7430309057235718,0.6205043196678162,-0.45238399505615234,-1.089451551437378,-1.0323245525360107,2.6572563648223877,1.673158049583435,-0.3431500494480133,2.2798209190368652,0.09730373322963715,-0.9688056707382202,1.0471947193145752,0.7798628807067871,-0.2189824879169464,-0.0017393454909324646,-5.161017179489136e-05,0.16859497129917145,0.8833494186401367,-2.354495048522949,0.8323119282722473,0.1506032794713974,-0.1718463897705078,-0.4042688012123108,-0.2982553243637085,-2.2224831581115723,0.8699250221252441,-0.1792888045310974
-0.029069527983665466,-0.5710189938545227,0.6003515720367432,0.04065071791410446,0.04741190746426582,-0.43408963084220886,0.8987022638320923,0.0,0.0,-2.7667136192321777,1.5496207475662231,0.7542848587036133,0.5842723250389099,-0.45449161529541016,-1.08820641040802,-1.0338799953460693,2.6771585941314697,1.6729934215545654,-0.3467618227005005,2.2708728313446045,0.09800205379724503,-0.9934637546539307,1.0471965074539185,0.7818008661270142,-0.23700568079948425,-0.023630551993846893,0.02254256047308445,0.17170678079128265,0.8313961029052734,-2.355088233947754,0.8455027341842651,0.13708102703094482,-0.17273060977458954,-0.39016830921173096,-0.33816736936569214,-2.2053050994873047,0.8699512481689453,-0.19226974248886108
-0.031934961676597595,-0.5718469619750977,0.597778856754303,0.03656195476651192,0.04091357812285423,-0.42906180024147034,0.901607096195221,0.0,0.0,-2.775508403778076,1.5439468622207642,0.7643733024597168,0.5600482821464539,-0.4560120105743408,-1.088050365447998,-1.0351998805999756,2.6915926933288574,1.6726090908050537,-0.3514705300331116,2.2594573497772217,0.09829157590866089,-1.01742684841156,1.047197699546814,0.7830605506896973,-0.2444782257080078,-0.04281114786863327,0.040237005800008774,0.1769198775291443,0.7868627309799194,-2.355473756790161,0.8540767431259155,0.12545861303806305,-0.17323245108127594,-0.37784984707832336,-0.36108916997909546,-2.191843271255493,0.8699682950973511,-0.19989648461341858
-0.035263460129499435,-0.5725114941596985,0.5946056842803955,0.03288784995675087,0.035065263509750366,-0.42685893177986145,0.9030394554138184,0.0,0.0,-2.780139446258545,1.5414597988128662,0.7735377550125122,0.5467191934585571,-0.457054078578949,-1.0887998342514038,-1.0364364385604858,2.700502395629883,1.6750388145446777,-0.36277005076408386,2.244325876235962,0.09803185611963272,-1.0404196977615356,1.0471985340118408,0.783879280090332,-0.24341225624084473,-0.05877409130334854,0.05346447229385376,0.18202261626720428,0.7478024959564209,-2.355724334716797,0.8596498370170593,0.11575739085674286,-0.17315270006656647,-0.3642687201499939,-0.3734589219093323,-2.1792843341827393,0.8699793815612793,-0.20351813733577728
-0.03855547308921814,-0.572036862373352,0.5903947353363037,0.03086826018989086,0.03225084766745567,-0.4291020929813385,0.9021521210670471,0.0,0.0,-2.779633045196533,1.543043851852417,0.7835731506347656,0.5472339391708374,-0.45817697048187256,-1.093000888824463,-1.037772536277771,2.7052226066589355,1.6822354793548584,-0.37712985277175903,2.2300777435302734,0.09642035514116287,-1.075089931488037,1.047199010848999,0.7844114303588867,-0.2281339466571808,-0.0688033401966095,0.05506284534931183,0.19414779543876648,0.7228654026985168,-2.3558874130249023,0.8632723689079285,0.11201758682727814,-0.1736346185207367,-0.34961867332458496,-0.3603975772857666,-2.1768269538879395,0.8699865341186523,-0.20214059948921204
-0.04085388407111168,-0.5710182785987854,0.5860563516616821,0.02890740893781185,0.02958260476589203,-0.43428224325180054,0.8998267650604248,0.0,0.0,-2.775059700012207,1.546546459197998,0.7926769256591797,0.5588154196739197,-0.4592515230178833,-1.0988349914550781,-1.039219617843628,2.708712100982666,1.6911098957061768,-0.3927573263645172,2.2203588485717773,0.09445454180240631,-1.1107479333877563,1.0471992492675781,0.7847573757171631,-0.2079474776983261,-0.06761568039655685,0.05347750335931778,0.2063090205192566,0.7034196853637695,-2.3559932708740234,0.8656269907951355,0.11416517198085785,-0.17394785583019257,-0.33724239468574524,-0.3434031009674072,-2.1799144744873047,0.8699911832809448,-0.19985845685005188
-0.04241764545440674,-0.5696992874145508,0.5820223093032837,0.026158001273870468,0.026096148416399956,-0.43940648436546326,0.8975281119346619,0.0,0.0,-2.7685916423797607,1.5507409572601318,0.8003206849098206,0.5743143558502197,-0.4602724313735962,-1.104830265045166,-1.040670394897461,2.7125725746154785,1.6995432376861572,-0.40989789366722107,2.213391065597534,0.0926346704363823,-1.1421188116073608,1.0471994876861572,0.7849822044372559,-0.18910466134548187,-0.06011459231376648,0.053919970989227295,0.21681737899780273,0.6856392621994019,-2.3560619354248047,0.867157518863678,0.11792904138565063,-0.17414894700050354,-0.32727891206741333,-0.33306169509887695,-2.1842854022979736,0.8699942231178284,-0.197488471865654
-0.043635185807943344,-0.5681912302970886,0.5784155130386353,0.02274247445166111,0.02075663022696972,-0.44225013256073,0.8963630795478821,0.0,0.0,-2.763216018676758,1.555938482284546,0.8059858083724976,0.5884993672370911,-0.4612228274345398,-1.1098672151565552,-1.041998267173767,2.7172443866729736,1.705733060836792,-0.42766404151916504,2.204463481903076,0.09129708260297775,-1.1667767763137817,1.0471996068954468,0.7851283550262451,-0.1750214397907257,-0.05062586069107056,0.05803139507770538,0.22481895983219147,0.667360246181488,-2.356106758117676,0.868152379989624,0.12050846964120865,-0.17422951757907867,-0.3181467652320862,-0.33429890871047974,-2.185950994491577,0.869996190071106,-0.19458867609500885
-0.04438164085149765,-0.5666528940200806,0.5751853585243225,0.019354889169335365,0.014995453879237175,-0.44308069348335266,0.8961473107337952,0.0,0.0,-2.759615421295166,1.5609557628631592,0.8097964525222778,0.5988672375679016,-0.46227848529815674,-1.1141287088394165,-1.0431808233261108,2.720378875732422,1.7109432220458984,-0.44220736622810364,2.1977148056030273,0.09032514691352844,-1.186830997467041,1.0471997261047363,0.7852233648300171,-0.16621948778629303,-0.041854679584503174,0.06359445303678513,0.23247632384300232,0.6455104947090149,-2.356135845184326,0.8687990307807922,0.12289074063301086,-0.17428137362003326,-0.3087562024593353,-0.3406546711921692,-2.185628652572632,0.869997501373291,-0.19156771898269653
-0.04470463842153549,-0.565593957901001,0.5726155042648315,0.017404982820153236,0.008660278283059597,-0.44461995363235474,0.8955082893371582,0.0,0.0,-2.758962869644165,1.565424919128418,0.8121749758720398,0.6072322726249695,-0.4633815884590149,-1.117920160293579,-1.0442920923233032,2.7246527671813965,1.715761661529541,-0.4590199589729309,2.1864569187164307,0.08967845141887665,-1.2034496068954468,1.0471997261047363,0.7852851152420044,-0.16201704740524292,-0.0365612730383873,0.06813430786132812,0.23480410873889923,0.6285681128501892,-2.3561549186706543,0.8692193627357483,0.12250210344791412,-0.17431746423244476,-0.2961004376411438,-0.351401150226593,-2.1816530227661133,0.8699983358383179,-0.18922606110572815
-0.04475206136703491,-0.5644070506095886,0.5702138543128967,0.015478024259209633,0.002080550417304039,-0.4453698694705963,0.8952104449272156,0.0,0.0,-2.7588441371917725,1.568664789199829,0.8141559958457947,0.6126501560211182,-0.46452605724334717,-1.1213445663452148,-1.0452649593353271,2.7291393280029297,1.7209818363189697,-0.4768806993961334,2.1746721267700195,0.08913464099168777,-1.2177916765213013,1.0471997261047363,0.785325288772583,-0.1609710454940796,-0.03497379273176193,0.07243026793003082,0.23746511340141296,0.6166689395904541,-2.3561673164367676,0.8694925308227539,0.12101100385189056,-0.17433927953243256,-0.28495243191719055,-0.36502933502197266,-2.1747870445251465,0.8699988722801208,-0.18677747249603271
-0.04462135583162308,-0.5630965232849121,0.5681216716766357,0.013525408692657948,-0.004014925565570593,-0.4454381465911865,0.895201563835144,0.0,0.0,-2.7600579261779785,1.5711963176727295,0.8154066801071167,0.6156002283096313,-0.4657485783100128,-1.124476432800293,-1.0458924770355225,2.7341055870056152,1.725764274597168,-0.49336427450180054,2.163987398147583,0.08870471268892288,-1.230452060699463,1.0471997261047363,0.7853513956069946,-0.16281309723854065,-0.0365360751748085,0.07794923335313797,0.24035251140594482,0.6068218946456909,-2.356175184249878,0.8696700930595398,0.11985516548156738,-0.17435404658317566,-0.27378082275390625,-0.37993794679641724,-2.166977643966675,0.8699992299079895,-0.18499597907066345
-0.044245846569538116,-0.5617656111717224,0.5665581822395325,0.011454770341515541,-0.009399490430951118,-0.445162832736969,0.8953270316123962,0.0,0.0,-2.7615411281585693,1.5727055072784424,0.8161977529525757,0.6169387102127075,-0.4670203924179077,-1.127384901046753,-1.0463099479675293,2.7388758659362793,1.7298986911773682,-0.5068845152854919,2.1562724113464355,0.08836805075407028,-1.2418533563613892,1.0471997261047363,0.7853683233261108,-0.16674277186393738,-0.04106362164020538,0.08431898802518845,0.2430325150489807,0.5973432064056396,-2.356180191040039,0.8697855472564697,0.11901473999023438,-0.17436334490776062,-0.2621668577194214,-0.39672231674194336,-2.1586036682128906,0.8699994683265686,-0.18418651819229126
-0.04368124157190323,-0.5607675313949585,0.5657364726066589,0.00981212966144085,-0.013864465057849884,-0.4446406364440918,0.8955480456352234,0.0,0.0,-2.7634871006011963,1.5731338262557983,0.8169292211532593,0.6168884634971619,-0.46830689907073975,-1.1301443576812744,-1.046581506729126,2.742680311203003,1.7337002754211426,-0.5189388990402222,2.1497843265533447,0.08811222016811371,-1.2521774768829346,1.0471997261047363,0.7853794097900391,-0.17204727232456207,-0.04745883494615555,0.09105968475341797,0.2458118200302124,0.5883845090866089,-2.3561835289001465,0.8698605895042419,0.11758077144622803,-0.1743687093257904,-0.250101774930954,-0.4145190715789795,-2.1489009857177734,0.8699996471405029,-0.1843404918909073
-0.043010592460632324,-0.5598292946815491,0.5650737881660461,0.008003815077245235,-0.01797197386622429,-0.4437914490699768,0.8959141373634338,0.0,0.0,-2.765620231628418,1.5730124711990356,0.8176494836807251,0.6161431074142456,-0.4695916175842285,-1.1327871084213257,-1.0467594861984253,2.745959520339966,1.736682653427124,-0.5290684103965759,2.144865036010742,0.08792076259851456,-1.2616626024246216,1.0471997261047363,0.7853865623474121,-0.17811542749404907,-0.055457718670368195,0.09759758412837982,0.2483367621898651,0.5791556239128113,-2.3561859130859375,0.8699093461036682,0.11581413447856903,-0.1743714064359665,-0.23809683322906494,-0.43313902616500854,-2.1384713649749756,0.8699997067451477,-0.18486014008522034
-0.04221709817647934,-0.558870255947113,0.564517617225647,0.005835134536027908,-0.021906094625592232,-0.4428393840789795,0.8963143825531006,0.0,0.0,-2.7681427001953125,1.5724279880523682,0.8183786273002625,0.6150069236755371,-0.47086697816848755,-1.1353542804718018,-1.0468788146972656,2.7490906715393066,1.738633394241333,-0.5365626811981201,2.141491413116455,0.08780304342508316,-1.2704359292984009,1.0471997261047363,0.7853912115097046,-0.18455864489078522,-0.06441914290189743,0.10401741415262222,0.25031065940856934,0.5689292550086975,-2.356187343597412,0.8699410557746887,0.11350834369659424,-0.17437252402305603,-0.22628872096538544,-0.4533222019672394,-2.1274828910827637,0.8699997663497925,-0.18583235144615173
-0.041385769844055176,-0.5579688549041748,0.5640881657600403,0.003469158662483096,-0.025748129934072495,-0.44193580746650696,0.896670401096344,0.0,0.0,-2.771639823913574,1.5721065998077393,0.8188594579696655,0.6138811111450195,-0.4721420109272003,-1.1378591060638428,-1.0469539165496826,2.751584529876709,1.739851713180542,-0.5424935221672058,2.1384334564208984,0.08774520456790924,-1.2785825729370117,1.0471997261047363,0.7853941917419434,-0.1913469433784485,-0.0740850567817688,0.11074267327785492,0.2519235610961914,0.5577806234359741,-2.3561882972717285,0.869961678981781,0.10998324304819107,-0.17435306310653687,-0.21514368057250977,-0.4751497507095337,-2.115440845489502,0.8699998259544373,-0.1868775486946106
-0.04053767770528793,-0.5571812391281128,0.563927948474884,0.0010107203852385283,-0.02928527444601059,-0.44101229310035706,0.8970226049423218,0.0,0.0,-2.7758092880249023,1.5719592571258545,0.8191705942153931,0.6127588748931885,-0.473413348197937,-1.1403050422668457,-1.047006607055664,2.7536721229553223,1.7402687072753906,-0.5471084713935852,2.1357228755950928,0.08773964643478394,-1.286149024963379,1.04719877243042,0.7853962182998657,-0.19855304062366486,-0.08457586169242859,0.11834622919559479,0.2531636357307434,0.5453840494155884,-2.3561887741088867,0.8699750304222107,0.10560658574104309,-0.17427711188793182,-0.20459209382534027,-0.49870985746383667,-2.1022191047668457,0.8699998259544373,-0.18808907270431519
-0.03963669389486313,-0.5565415620803833,0.5641735792160034,-0.0014422951499000192,-0.03238378092646599,-0.44025328755378723,0.8972882628440857,0.0,0.0,-2.780987024307251,1.572803020477295,0.8190264105796814,0.6118316650390625,-0.474698543548584,-1.1426717042922974,-1.0470349788665771,2.7555675506591797,1.740875244140625,-0.5512806177139282,2.1322827339172363,0.08777743577957153,-1.2932069301605225,1.0471961498260498,0.7853975296020508,-0.20714665949344635,-0.09579265117645264,0.12800078094005585,0.2541435956954956,0.5323508381843567,-2.356189250946045,0.8699837327003479,0.09972769021987915,-0.17210057377815247,-0.19427643716335297,-0.5237134695053101,-2.087451219558716,0.8699998259544373,-0.18903309106826782
