0.00347260735,-0.298663706,0.769008756,0.0383713134,0.0259367786,-0.70946002,0.703222156,-0.131209955,0.0979898274,0.022812983,0.458858877,-0.257589102,0.105900973,-0.062846221,0.0409634709,0.000423420453,0.488392413,-0.1816006,-0.00261234958,0.0764155313,0.0605666898,0.0449647307,0.146290168,0.279435068,-0.352389038,0.63789463,0.14022176,-0.0097843511,0.0989750326,0.0799380466,-0.255174339,0.364424437,0.90325129,-0.119406298,0.0179656725,-0.0304368697
0.00347600109,-0.298936158,0.768679202,0.0389444865,0.0262504853,-0.709959328,0.702675045,-0.13722156,0.0958628207,0.0198857468,0.462606668,-0.258369744,0.107144378,-0.0628682449,0.0413054638,0.000668706372,0.488873541,-0.184047237,-0.00212427578,0.0778930336,0.0586140677,0.0453482158,0.145812452,0.279449165,-0.350896508,0.643110871,0.139817715,-0.0108691892,0.098063387,0.0773745924,-0.255898178,0.364405274,0.908548534,-0.121959642,0.0168486387,-0.0299357064
0.0034793946,-0.299208641,0.768349648,0.0395176113,0.0265641641,-0.710457742,0.702127099,-0.143233165,0.0937358141,0.0169585105,0.46635446,-0.259150416,0.108387776,-0.0628902689,0.0416474529,0.000913992291,0.48935467,-0.186493874,-0.00163620221,0.0793705359,0.0566614494,0.0457317047,0.145334736,0.279463232,-0.349403977,0.648327112,0.13941367,-0.0119540272,0.0971517488,0.0748111382,-0.256622016,0.364386111,0.913845837,-0.124512985,0.0157316048,-0.0294345431
0.00348278834,-0.299481094,0.768020093,0.0400907099,0.0268778186,-0.71095562,0.701578557,-0.14924477,0.0916088074,0.0140312724,0.47010228,-0.259931058,0.109631181,-0.0629122928,0.0419894457,0.00115927821,0.489835799,-0.188940525,-0.00114812842,0.0808480382,0.0547088273,0.0461151898,0.144857019,0.279477328,-0.347911417,0.653543413,0.139009625,-0.0130388653,0.0962401032,0.072247684,-0.257345855,0.364366978,0.919143081,-0.127066329,0.0146145718,-0.0289333798
0.00348618207,-0.299753547,0.76769048,0.0406637676,0.027191449,-0.711452723,0.70102936,-0.155256376,0.0894817933,0.0111040371,0.473850071,-0.2607117,0.110874586,-0.0629343092,0.0423314348,0.00140456413,0.490316927,-0.191387162,-0.000660054851,0.0823255405,0.0527562089,0.0464986749,0.144379303,0.279491425,-0.346418887,0.658759654,0.13860558,-0.0141237034,0.0953284577,0.0696842298,-0.258069694,0.364347816,0.924440324,-0.129619673,0.0134975389,-0.0284322165
0.00348957581,-0.300026,0.767360926,0.0412367843,0.0275050513,-0.711949229,0.700479448,-0.161267981,0.0873547867,0.00817679986,0.477597862,-0.261492372,0.112117991,-0.0629563332,0.0426734276,0.00164985005,0.490798056,-0.193833798,-0.000171981068,0.0838030428,0.0508035868,0.0468821637,0.143901587,0.279505521,-0.344926357,0.663975894,0.138201535,-0.0152085423,0.0944168195,0.0671207756,-0.258793503,0.364328653,0.929737628,-0.132173017,0.012380505,-0.0279310551
0.00346486527,-0.300334841,0.766992033,0.0418404154,0.0277211517,-0.712587774,0.699785471,-0.167297781,0.0854466408,0.00539894775,0.48049143,-0.262384415,0.113210149,-0.0622793548,0.0430689938,0.00213866332,0.490505606,-0.19687669,0.000509940437,0.0854546726,0.0486216582,0.0474023744,0.143598542,0.279000133,-0.343380749,0.668604136,0.138125345,-0.0163219199,0.0937927291,0.0646226183,-0.258928686,0.364386111,0.933864653,-0.134485006,0.0110272253,-0.0280224178
0.00341663091,-0.30067414,0.766590238,0.0424696542,0.0278556217,-0.713344872,0.698970318,-0.173342794,0.0837216973,0.0027461336,0.482670039,-0.263369739,0.114175722,-0.0610172898,0.0435094088,0.00283131399,0.489565611,-0.200418636,0.0013541166,0.0872520432,0.0462477952,0.0480370261,0.143441692,0.27805993,-0.341790676,0.672740221,0.138323575,-0.0174591877,0.0934093446,0.0621791221,-0.258571118,0.364507675,0.937012255,-0.136594966,0.00947620161,-0.0286097396
0.00336839654,-0.30101344,0.766188383,0.043098826,0.0279900506,-0.714100838,0.698154151,-0.179387823,0.0819967464,9.33192059E-05,0.484848619,-0.264355034,0.115141295,-0.0597552285,0.0439498201,0.00352396467,0.488625616,-0.203960598,0.00219829287,0.0890494213,0.0438739322,0.0486716777,0.143284857,0.277119726,-0.340200633,0.676876247,0.138521805,-0.0185964555,0.0930259526,0.059735626,-0.25821358,0.364629239,0.940159798,-0.138704926,0.00792517886,-0.0291970614
0.00332016218,-0.301352739,0.765786588,0.0437279232,0.0281244293,-0.714855552,0.697336674,-0.185432836,0.0802717954,-0.00255949446,0.487027198,-0.265340328,0.116106868,-0.0584931672,0.0443902314,0.00421661511,0.487685651,-0.207502559,0.00304246903,0.0908467919,0.0415000692,0.0493063293,0.143128008,0.276179522,-0.33861056,0.681012332,0.138720036,-0.0197337214,0.0926425606,0.0572921261,-0.257856011,0.364750803,0.9433074,-0.140814871,0.0063741561,-0.0297843833
0.00327192782,-0.301692009,0.765384734,0.0443569459,0.0282587633,-0.715609133,0.696518123,-0.191477865,0.0785468444,-0.00521230884,0.489205778,-0.266325653,0.117072441,-0.0572311059,0.0448306426,0.00490926625,0.486745656,-0.21104452,0.00388664543,0.0926441625,0.0391262062,0.049940981,0.142971158,0.275239319,-0.337020516,0.685148418,0.138918266,-0.0208709892,0.0922591686,0.05484863,-0.257498443,0.364872396,0.946454942,-0.14292483,0.00482313288,-0.0303717051
0.00323248887,-0.302052557,0.764938354,0.0449723639,0.0283823926,-0.716352046,0.695709467,-0.197387472,0.076799795,-0.00775915291,0.491773069,-0.26774773,0.118193656,-0.0560968071,0.0452591181,0.00552720623,0.486362994,-0.214785933,0.00465720939,0.0943607241,0.0366859287,0.0505520031,0.142742261,0.27435714,-0.335444301,0.688826263,0.139106274,-0.0219947733,0.0919568986,0.0524873137,-0.25715518,0.364953667,0.949414492,-0.145018086,0.00331925787,-0.0309790708
0.00328339334,-0.30263117,0.76403445,0.045448713,0.0283965021,-0.716996908,0.695013344,-0.201906219,0.0748258084,-0.00921752397,0.498332947,-0.273656309,0.120913625,-0.0562748462,0.0455649942,0.00537775271,0.491704673,-0.220576182,0.00467166537,0.0952471718,0.0335634947,0.0509203263,0.141773269,0.274070948,-0.334010124,0.687797904,0.139189154,-0.022980053,0.0924878046,0.0509701371,-0.256958812,0.364621192,0.950442195,-0.146939725,0.00229966454,-0.0317923203
0.0033342978,-0.303209811,0.763130486,0.0459250174,0.02841058,-0.717640936,0.694316447,-0.206424966,0.0728518143,-0.010675895,0.504892826,-0.279564887,0.123633586,-0.0564528853,0.0458708666,0.00522829965,0.497046381,-0.226366431,0.00468612136,0.096133627,0.0304410607,0.0512886532,0.140804291,0.273784757,-0.332575947,0.686769545,0.139272049,-0.0239653327,0.0930187106,0.0494529605,-0.256762445,0.364288718,0.951469958,-0.148861349,0.00128007121,-0.0326055661
0.00338520226,-0.303788453,0.762226522,0.046401266,0.0284246262,-0.71828407,0.693618774,-0.210943714,0.0708778277,-0.0121342661,0.511452734,-0.285473466,0.126353547,-0.0566309243,0.046176739,0.00507884612,0.50238806,-0.232156679,0.00470057735,0.0970200822,0.0273186266,0.0516569763,0.139835298,0.273498565,-0.33114177,0.685741186,0.139354944,-0.0249506123,0.0935496166,0.0479357839,-0.256566077,0.363956243,0.952497721,-0.150782987,0.000260478089,-0.0334188156
0.00343610672,-0.304367095,0.761322558,0.0468774661,0.0284386389,-0.718926549,0.692920268,-0.215462461,0.0689038336,-0.0135926371,0.518012583,-0.291382074,0.129073516,-0.0568089597,0.0464826152,0.0049293926,0.507729769,-0.237946928,0.00471503334,0.0979065374,0.0241961926,0.0520253032,0.13886632,0.273212373,-0.329707593,0.684712827,0.139437839,-0.025935892,0.0940805152,0.0464186072,-0.25636971,0.363623768,0.953525484,-0.152704626,-0.000759115384,-0.0342320651
0.00348701118,-0.304945737,0.760418594,0.0473536067,0.028452618,-0.719568074,0.692220986,-0.219981208,0.066929847,-0.0150510082,0.524572492,-0.297290653,0.131793484,-0.0569869988,0.0467884876,0.00477993954,0.513071477,-0.243737176,0.00472948886,0.0987929925,0.0210737567,0.0523936264,0.137897328,0.272926182,-0.328273416,0.683684468,0.139520735,-0.0269211717,0.0946114212,0.0449014306,-0.256173342,0.363291293,0.954553187,-0.15462625,-0.00177870877,-0.0350453109
0.00359622505,-0.305554479,0.759477317,0.0477955453,0.0284550078,-0.719997764,0.691743553,-0.223839641,0.0649910867,-0.0159081072,0.531955183,-0.303656369,0.134564817,-0.0581148565,0.0467850491,0.00468374649,0.520039678,-0.249340087,0.00489505613,0.0988084525,0.0182921756,0.0524553768,0.136083692,0.272845864,-0.327789426,0.68039459,0.139576152,-0.0278178006,0.0952863321,0.0441806242,-0.255961657,0.362910569,0.955216587,-0.156373158,-0.00247509545,-0.0357208252
0.00373923383,-0.306180716,0.758514404,0.0482176691,0.0284506828,-0.720304668,0.691394806,-0.227315366,0.063072741,-0.0164167173,0.53981483,-0.310287058,0.137365937,-0.0597932115,0.0466023348,0.00461842259,0.527950644,-0.254834414,0.00514820497,0.0983191133,0.0157081485,0.0523394421,0.133780509,0.272884905,-0.327856123,0.675794005,0.13961567,-0.0286630485,0.0960447043,0.0439213812,-0.255741119,0.36250186,0.955668867,-0.158018768,-0.00298415753,-0.0363165066
0.00388224283,-0.306806922,0.757551491,0.0486397855,0.0284463502,-0.720611453,0.691045821,-0.230791077,0.0611543991,-0.0169253293,0.547674417,-0.316917747,0.140167058,-0.0614715703,0.0464196242,0.00455309823,0.535861552,-0.26032877,0.00540135382,0.0978297666,0.0131241195,0.0522235073,0.131477326,0.272923917,-0.327922791,0.671193421,0.139655173,-0.0295082945,0.0968030766,0.0436621383,-0.255520582,0.362093151,0.956121087,-0.159664392,-0.00349321961,-0.0369121879
0.0040252516,-0.307433128,0.756588578,0.0490618683,0.028442001,-0.720917821,0.690696478,-0.234266803,0.0592360571,-0.0174339414,0.555534065,-0.323548436,0.142968193,-0.0631499216,0.0462369099,0.00448777433,0.543772459,-0.265823096,0.00565450266,0.0973404199,0.0105400914,0.0521075726,0.129174143,0.272962958,-0.327989489,0.666592836,0.139694676,-0.0303535424,0.0975614488,0.0434028916,-0.255300045,0.361684442,0.956573367,-0.161310017,-0.00400228146,-0.0375078693
0.00416826084,-0.308059335,0.755625665,0.04948394,0.0284376424,-0.721223891,0.690346837,-0.237742528,0.0573177151,-0.0179425515,0.563393652,-0.330179125,0.145769313,-0.0648282841,0.0460541993,0.00442244997,0.551683426,-0.271317422,0.0059076515,0.0968510807,0.00795606244,0.0519916378,0.12687096,0.273001999,-0.328056186,0.661992192,0.139734179,-0.0311987903,0.0983198211,0.0431436487,-0.255079508,0.361275733,0.957025588,-0.162955642,-0.00451134378,-0.0381035544
0.0043059974,-0.308670878,0.755026281,0.049508255,0.0289740283,-0.721275747,0.690268755,-0.237945721,0.0564318374,-0.0184263699,0.566452503,-0.335183263,0.147624478,-0.0668397397,0.0458550118,0.00454277406,0.55640167,-0.274364769,0.00685062632,0.0954034701,0.00731065078,0.0515111014,0.125161752,0.273019522,-0.330393672,0.659909546,0.140878499,-0.0317560658,0.0994460061,0.0308202859,-0.252838075,0.361430198,0.938067973,-0.162802681,-0.00653404742,-0.0422556587
0.00441929465,-0.309214294,0.756112218,0.0476882271,0.0320170745,-0.720143199,0.691443861,-0.222978204,0.0603322275,-0.0187952537,0.547255993,-0.332646996,0.145094439,-0.0703953877,0.0455794521,0.00552371982,0.546319306,-0.266068399,0.0109914728,0.089513585,0.0156522002,0.0493403636,0.126205981,0.272937357,-0.343257964,0.669499218,0.147144422,-0.0309783798,0.102277301,-0.0374294668,-0.241228178,0.364195436,0.829130769,-0.154311925,-0.0155736338,-0.0628944933
0.00453259191,-0.309757739,0.757198155,0.0458673909,0.0350597724,-0.718999624,0.692608535,-0.208010688,0.0642326102,-0.0191641357,0.528059483,-0.330110759,0.142564386,-0.0739510283,0.0453038961,0.00650466559,0.536237001,-0.257772028,0.0151323192,0.0836236924,0.023993751,0.047169622,0.127250224,0.272855163,-0.356122255,0.679088891,0.15341033,-0.0302006938,0.105108589,-0.105679221,-0.229618296,0.366960675,0.720193505,-0.145821169,-0.0246132202,-0.0835333243
0.00464588916,-0.310301185,0.758284092,0.0440458283,0.0381019898,-0.717845142,0.69376266,-0.193043172,0.068133004,-0.0195330177,0.508863032,-0.327574492,0.140034348,-0.0775066763,0.0450283363,0.00748561136,0.526154637,-0.249475658,0.0192731656,0.0777338073,0.0323353,0.0449988805,0.128294468,0.272772998,-0.368986577,0.688678622,0.159676254,-0.0294230077,0.107939884,-0.173928976,-0.218008414,0.369725913,0.611256301,-0.137330413,-0.0336528085,-0.104172155
0.00475918641,-0.3108446,0.759370029,0.0422236174,0.0411435887,-0.716679692,0.694906235,-0.178075656,0.0720333904,-0.0199019015,0.489666522,-0.325038254,0.137504295,-0.0810623243,0.0447527766,0.00846655667,0.516072273,-0.241179287,0.023414012,0.0718439147,0.0406768508,0.0428281426,0.129338712,0.272690833,-0.381850868,0.698268294,0.165942177,-0.0286453199,0.110771172,-0.242178738,-0.206398532,0.372491151,0.502319098,-0.128839657,-0.0426923968,-0.124810994
0.0048724832,-0.311388046,0.760455906,0.0404008403,0.044184424,-0.715503395,0.69603914,-0.16310814,0.0759337768,-0.0202707835,0.470470041,-0.322502017,0.134974256,-0.0846179649,0.0444772206,0.0094475029,0.505989969,-0.232882917,0.0275548585,0.0659540296,0.0490184017,0.0406574011,0.130382955,0.272608668,-0.39471516,0.707858026,0.172208101,-0.0278676338,0.113602467,-0.31042847,-0.194788665,0.375256389,0.393381923,-0.120348908,-0.0517319813,-0.145449817
0.00496464781,-0.311762363,0.761304796,0.0390984677,0.04619902,-0.714717925,0.696789384,-0.15111199,0.0783043131,-0.021334419,0.454537451,-0.320380032,0.133545622,-0.0874478444,0.0449009538,0.0124361236,0.498203993,-0.225481212,0.0305726994,0.0596320629,0.0547742955,0.0400650762,0.129553616,0.271552563,-0.402974457,0.718872786,0.174149811,-0.0274511557,0.114880614,-0.360543221,-0.185442716,0.376494944,0.311730295,-0.112873182,-0.058194831,-0.162912324
0.00504866662,-0.312071502,0.762062252,0.0379966162,0.0478181243,-0.714082837,0.697391927,-0.140261099,0.0800851956,-0.0226658341,0.439862907,-0.318417698,0.132541507,-0.0899979919,0.0455942191,0.0161985606,0.491303086,-0.218424335,0.0331577025,0.0531435683,0.0595335998,0.0400811136,0.128002152,0.270121098,-0.409458876,0.730436802,0.174424842,-0.0271738991,0.115560129,-0.403668225,-0.176969364,0.377145052,0.240595341,-0.105788678,-0.0636645257,-0.179150581
0.00513268588,-0.312380642,0.762819707,0.0368945785,0.0494370274,-0.713444412,0.697991312,-0.129410207,0.0818660855,-0.0239972491,0.425188333,-0.316455394,0.131537408,-0.0925481394,0.0462874845,0.0199609995,0.48440221,-0.211367458,0.0357427076,0.0466550738,0.0642929077,0.0400971547,0.126450688,0.268689632,-0.415943295,0.742000878,0.174699873,-0.0268966407,0.116239652,-0.446793199,-0.168496028,0.37779519,0.169460401,-0.0987041742,-0.0691342279,-0.195388824
0.00521670515,-0.312689751,0.763577223,0.0357923731,0.0510556996,-0.712802768,0.698587537,-0.118559308,0.0836469755,-0.0253286622,0.410513788,-0.31449306,0.130533293,-0.0950982794,0.0469807498,0.0237234365,0.477501333,-0.204310581,0.0383277088,0.0401665792,0.0690522119,0.0401131921,0.124899216,0.267258137,-0.422427684,0.753564894,0.174974903,-0.0266193822,0.116919167,-0.489918172,-0.160022676,0.378445297,0.0983254462,-0.0916196704,-0.0746039227,-0.211627081
0.00530072395,-0.312998891,0.764334679,0.034690015,0.0526741222,-0.712157845,0.699180484,-0.107708417,0.0854278579,-0.0266600773,0.395839244,-0.312530756,0.129529193,-0.0976484269,0.0476740152,0.0274858736,0.470600426,-0.197253704,0.0409127139,0.0336780883,0.0738115162,0.0401292294,0.123347744,0.265826672,-0.428912103,0.765128911,0.175249934,-0.0263421256,0.11759869,-0.533043146,-0.151549324,0.379095435,0.027190512,-0.0845351666,-0.0800736248,-0.227865323
0.00537571404,-0.313275486,0.765005708,0.0336425342,0.0541332178,-0.711624682,0.699662864,-0.0979470015,0.0872407854,-0.0279713478,0.382519245,-0.311037183,0.128368855,-0.0997583866,0.0484342538,0.0309424531,0.463968366,-0.190784231,0.04337411,0.0280185342,0.0781948045,0.0403002538,0.121876948,0.264408588,-0.434978306,0.775593042,0.175487205,-0.0263787303,0.118127756,-0.572690725,-0.144041896,0.379613519,-0.0372382291,-0.0780772194,-0.0850632712,-0.242728606
0.00542580942,-0.313462317,0.765438259,0.0327466577,0.0551536195,-0.711406469,0.699847579,-0.0911894515,0.0891420543,-0.0292270817,0.372934103,-0.310836136,0.126777768,-0.100654669,0.049379155,0.0335557275,0.45807752,-0.185934335,0.0454947054,0.024644522,0.081541352,0.0408985876,0.120628551,0.26302743,-0.439891517,0.783024549,0.175620407,-0.0272807144,0.118241996,-0.602750361,-0.139197722,0.379767567,-0.0831767693,-0.0733467862,-0.088729322,-0.253800839
0.00547590479,-0.313649148,0.765870869,0.0318507105,0.0561739169,-0.711186886,0.700030982,-0.084431909,0.0910433233,-0.0304828156,0.363348931,-0.31063506,0.125186682,-0.101550952,0.0503240526,0.036169,0.452186704,-0.181084424,0.0476153009,0.0212705079,0.084887892,0.0414969213,0.119380154,0.261646271,-0.444804698,0.790455997,0.175753608,-0.0281826984,0.118356228,-0.632809997,-0.134353533,0.379921615,-0.129115313,-0.0686163604,-0.0923953727,-0.264873058
0.00552600017,-0.313835979,0.76630342,0.0309547018,0.0571941063,-0.710965872,0.700212955,-0.0776743591,0.0929445848,-0.0317385495,0.353763759,-0.310433984,0.123595595,-0.102447234,0.0512689538,0.0387822762,0.446295857,-0.176234514,0.0497358963,0.0178964958,0.0882344395,0.0420952588,0.118131757,0.260265112,-0.449717879,0.797887504,0.17588681,-0.0290846825,0.118470468,-0.662869632,-0.129509345,0.380075663,-0.175053865,-0.0638859272,-0.0960614309,-0.275945306
0.00557609554,-0.314022809,0.766735971,0.0300586335,0.0582141802,-0.710743546,0.700393558,-0.0709168091,0.0948458537,-0.0329942815,0.344178617,-0.310232908,0.122004509,-0.103343524,0.0522138514,0.0413955487,0.440405011,-0.171384618,0.0518564917,0.0145224836,0.091580987,0.0426935926,0.116883367,0.258883953,-0.45463106,0.805318952,0.176020011,-0.0299866647,0.118584707,-0.692929268,-0.124665171,0.380229712,-0.220992386,-0.0591555014,-0.0997274816,-0.287017524
0.00562619139,-0.31420964,0.767168581,0.0291625168,0.059234146,-0.710519969,0.700572968,-0.0641592667,0.0967471227,-0.0342500135,0.334593445,-0.310031831,0.120413423,-0.104239807,0.0531587526,0.044008825,0.434514165,-0.166534707,0.0539770871,0.0111484705,0.0949275345,0.0432919264,0.11563497,0.257502794,-0.459544241,0.812750399,0.176153213,-0.0308886487,0.118698947,-0.722988963,-0.119820982,0.38038376,-0.266930938,-0.0544250719,-0.103393532,-0.298089772
0.00565087516,-0.314343959,0.767472088,0.0284952223,0.0598804653,-0.710485995,0.700579762,-0.059190955,0.0981628373,-0.0348870717,0.327275664,-0.310251981,0.119190387,-0.104593106,0.0540444888,0.0461657345,0.429904848,-0.162922844,0.0557531714,0.00879351981,0.0974608213,0.0439588092,0.114604451,0.256581426,-0.463512003,0.818031132,0.1766413,-0.0316623375,0.118375883,-0.745188892,-0.116796494,0.380134851,-0.298855692,-0.0511670671,-0.106187895,-0.305692554
0.00566961803,-0.314466,0.767745435,0.0278814118,0.0604394227,-0.710496187,0.700546145,-0.0546409376,0.0994650349,-0.0353794917,0.320487946,-0.310570627,0.118053384,-0.104819462,0.0549163967,0.0482159555,0.425595134,-0.159600407,0.0574487112,0.00667680427,0.0998039916,0.0446417183,0.113624856,0.255767524,-0.467258722,0.822808981,0.177212358,-0.0324060321,0.117950581,-0.765551448,-0.114197418,0.379791737,-0.327504307,-0.0482532829,-0.108778469,-0.312484235
0.00568836136,-0.31458804,0.768018782,0.0272675846,0.0609983429,-0.710505962,0.700512052,-0.0500909165,0.10076724,-0.0358719118,0.313700229,-0.310889244,0.116916388,-0.105045818,0.0557883047,0.0502661765,0.421285391,-0.156277955,0.0591442548,0.0045600892,0.102147155,0.0453246236,0.112645268,0.254953623,-0.47100547,0.827586889,0.177783415,-0.0331497304,0.11752528,-0.785913944,-0.111598335,0.379448652,-0.356152922,-0.0453394987,-0.111369044,-0.319275916
0.00570710469,-0.314710081,0.768292129,0.026653735,0.061557211,-0.710515141,0.700477362,-0.0455408953,0.102069438,-0.0363643318,0.306912482,-0.311207861,0.115779392,-0.105272181,0.0566602126,0.0523164012,0.416975677,-0.152955517,0.0608397983,0.0024433746,0.104490325,0.0460075326,0.111665681,0.254139721,-0.474752188,0.832364798,0.178354457,-0.033893425,0.117099985,-0.8062765,-0.10899926,0.379105538,-0.384801507,-0.0424257144,-0.113959618,-0.326067597
0.00572584756,-0.314832121,0.768565476,0.0260398705,0.0621160455,-0.710523903,0.700442314,-0.0409908742,0.103371635,-0.0368567556,0.300124764,-0.311526507,0.114642389,-0.105498537,0.0575321168,0.0543666221,0.412665963,-0.14963308,0.0625353381,0.000326659414,0.106833488,0.0466904379,0.110686094,0.25332582,-0.478498906,0.837142646,0.178925514,-0.0346371196,0.116674684,-0.826639056,-0.106400177,0.378762454,-0.413450122,-0.0395119339,-0.116550192,-0.332859278
0.00573612982,-0.314935505,0.768803418,0.0254862364,0.0625975803,-0.710577548,0.700365365,-0.036967054,0.104587041,-0.0371403992,0.294009507,-0.311935604,0.113644347,-0.105654612,0.0584104843,0.0561908074,0.408830494,-0.146662742,0.0639397576,-0.00154833589,0.108994849,0.0474428125,0.109764174,0.252574325,-0.48200807,0.841248989,0.179518878,-0.0352768376,0.116236478,-0.844623625,-0.104095936,0.378262311,-0.438386351,-0.0369399861,-0.118964702,-0.338792354
0.0057310299,-0.315005004,0.768977165,0.0250421111,0.0629386529,-0.710713446,0.700212955,-0.0338998064,0.105644643,-0.0370445214,0.289116681,-0.312509179,0.112898901,-0.105682909,0.059300594,0.0576040819,0.405857205,-0.144332469,0.0648149475,-0.00298391399,0.110825703,0.0483214706,0.108947091,0.251936287,-0.485085368,0.844134569,0.180152819,-0.0357275307,0.115774803,-0.858285367,-0.102327667,0.377476692,-0.456573904,-0.0349894539,-0.121059157,-0.343164593
0.00572593044,-0.315074503,0.769150913,0.0245979726,0.0632796884,-0.710849047,0.700060189,-0.030832557,0.106702253,-0.0369486436,0.284223855,-0.313082725,0.112153463,-0.105711207,0.0601907,0.0590173602,0.402883917,-0.14200221,0.0656901374,-0.00441949209,0.112656556,0.049200125,0.108130015,0.251298219,-0.488162667,0.847020149,0.180786759,-0.0361782238,0.115313128,-0.87194711,-0.100559406,0.376691073,-0.474761456,-0.0330389217,-0.123153605,-0.347536802
0.00572083052,-0.315144002,0.769324601,0.0241538305,0.0636207163,-0.710984409,0.699907303,-0.0277653076,0.107759856,-0.0368527621,0.279331058,-0.3136563,0.111408018,-0.105739497,0.0610808097,0.0604306385,0.399910599,-0.139671952,0.0665653273,-0.00585507043,0.114487417,0.0500787832,0.107312933,0.250660151,-0.491239965,0.849905729,0.181420699,-0.0366289169,0.114851452,-0.885608912,-0.0987911373,0.375905454,-0.492949009,-0.0310883895,-0.12524806,-0.351909041
0.00571573107,-0.315213472,0.769498348,0.023709679,0.063961722,-0.711119533,0.699754179,-0.0246980563,0.108817466,-0.0367568843,0.274438232,-0.314229876,0.110662572,-0.105767794,0.0619709156,0.061843913,0.396937311,-0.137341678,0.0674405247,-0.00729064876,0.116318271,0.0509574376,0.106495857,0.250022113,-0.494317263,0.852791309,0.182054639,-0.0370796099,0.114389777,-0.899270654,-0.0970228687,0.375119835,-0.511136591,-0.0291378591,-0.127342507,-0.356281281
0.00571063161,-0.315282971,0.769672036,0.0232655201,0.0643027052,-0.711254418,0.699600756,-0.0216308087,0.109875076,-0.0366610028,0.269545406,-0.314803451,0.109917134,-0.105796091,0.0628610253,0.0632571876,0.393964022,-0.13501142,0.0683157146,-0.00872622617,0.118149124,0.0518360958,0.105678774,0.249384061,-0.497394532,0.855676889,0.182688579,-0.037530303,0.113928102,-0.912932396,-0.0952546075,0.374334216,-0.529324114,-0.0271873269,-0.129436955,-0.36065349
0.00569200702,-0.315322965,0.769797027,0.0229195487,0.0645374358,-0.711440325,0.699401438,-0.0195214152,0.110769607,-0.0363518223,0.265909255,-0.315303624,0.109404221,-0.105672784,0.0637678728,0.0642935261,0.391712308,-0.133221313,0.0687339306,-0.00986221526,0.119543105,0.0525830276,0.105071865,0.248885319,-0.499944597,0.857738853,0.183392867,-0.0377687886,0.113445804,-0.922429919,-0.0940342173,0.373442024,-0.541767359,-0.0259033199,-0.13112241,-0.36350134
0.00567186717,-0.315359652,0.769916534,0.022584578,0.0647602379,-0.711631835,0.699196815,-0.0175193567,0.111645862,-0.0360187367,0.262413889,-0.315795571,0.108917363,-0.105532482,0.0646766052,0.0652876273,0.389541477,-0.131491736,0.0691009387,-0.0109646339,0.120888129,0.0533151999,0.104488499,0.248402193,-0.502435565,0.859708607,0.184105024,-0.037983492,0.112961195,-0.931460798,-0.0928752199,0.372537851,-0.553566933,-0.0246939994,-0.132762015,-0.366178334
0.00565172732,-0.315396309,0.770036101,0.0222496018,0.0649830401,-0.711823225,0.698992014,-0.0155172972,0.112522118,-0.035685651,0.258918554,-0.316287547,0.108430505,-0.105392188,0.0655853301,0.066281721,0.387370646,-0.129762158,0.0694679543,-0.0120670525,0.122233152,0.0540473759,0.103905126,0.247919068,-0.504926562,0.861678302,0.18481718,-0.0381981991,0.112476587,-0.940491736,-0.0917162225,0.371633679,-0.565366447,-0.0234846789,-0.134401634,-0.368855357
0.00563158747,-0.315432996,0.770155609,0.0219146218,0.0652058199,-0.712014496,0.698787153,-0.0135152377,0.113398373,-0.0353525691,0.255423188,-0.316779494,0.107943647,-0.105251886,0.0664940625,0.0672758222,0.385199815,-0.12803258,0.0698349625,-0.0131694712,0.123578176,0.0547795482,0.103321761,0.247435942,-0.50741756,0.863648057,0.185529351,-0.0384129025,0.111991979,-0.949522614,-0.0905572325,0.370729536,-0.577166021,-0.0222753584,-0.136041254,-0.371532381
0.00561144762,-0.315469682,0.770275116,0.0215796325,0.0654285848,-0.71220547,0.698581994,-0.0115131792,0.114274636,-0.0350194834,0.251927853,-0.317271441,0.107456788,-0.105111584,0.0674027875,0.0682699159,0.383028954,-0.126303002,0.0702019781,-0.0142718889,0.124923199,0.0555117242,0.102738395,0.246952817,-0.509908557,0.865617752,0.186241508,-0.0386276096,0.111507371,-0.958553493,-0.0893982351,0.369825363,-0.588965535,-0.0210660379,-0.137680873,-0.374209404
0.00558974314,-0.315493464,0.770386338,0.0212794468,0.0655890703,-0.71243459,0.698342502,-0.00991092622,0.115060322,-0.0346817523,0.249234051,-0.317772925,0.107022449,-0.10486389,0.0682818517,0.0691675842,0.381049842,-0.124755286,0.0703899488,-0.0156790614,0.126130834,0.0563834049,0.102297254,0.246532977,-0.511947215,0.867177129,0.186930135,-0.0385840461,0.111308776,-0.963369787,-0.0890010595,0.369297802,-0.598143578,-0.0198870078,-0.138967931,-0.375549704
0.00556607544,-0.315501064,0.77048707,0.021022914,0.0656714588,-0.712711573,0.698059916,-0.0088101523,0.115732402,-0.0343381874,0.247545674,-0.31828633,0.106653973,-0.104481481,0.0691237152,0.0699442998,0.379311174,-0.123435676,0.070353359,-0.0174684878,0.127166122,0.0574300773,0.102034494,0.24619253,-0.513418555,0.868221819,0.187589243,-0.0382165387,0.111468919,-0.962899625,-0.0895594284,0.369242609,-0.60403353,-0.0187459681,-0.139812753,-0.375213414
0.00554240774,-0.315508664,0.770587862,0.0207663774,0.065753825,-0.712988317,0.697777152,-0.00770937884,0.116404481,-0.0339946225,0.245857283,-0.318799734,0.106285498,-0.104099073,0.0699655861,0.0707210153,0.377572536,-0.122116067,0.0703167692,-0.0192579161,0.12820141,0.0584767498,0.101771735,0.245852068,-0.514889896,0.86926651,0.188248336,-0.0378490277,0.111629069,-0.962429523,-0.0901178047,0.369187385,-0.609923422,-0.0176049303,-0.140657559,-0.374877095
0.00551874051,-0.315516233,0.770688593,0.0205098316,0.0658361763,-0.713264942,0.697494209,-0.00660860492,0.117076561,-0.0336510576,0.244168907,-0.319313139,0.105917022,-0.103716664,0.0708074495,0.0714977309,0.375833899,-0.120796464,0.0702801794,-0.0210473426,0.129236713,0.0595234185,0.101508975,0.245511621,-0.516361237,0.870311201,0.188907444,-0.0374815203,0.111789212,-0.961959362,-0.0906761736,0.369132191,-0.615813315,-0.0164638907,-0.14150238,-0.374540776
0.00549507281,-0.315523833,0.770789325,0.0202532839,0.0659185126,-0.713541389,0.697211146,-0.00550783146,0.11774864,-0.0333074965,0.242480516,-0.319826543,0.105548546,-0.103334256,0.071649313,0.0722744465,0.374095231,-0.119476855,0.0702435821,-0.022836769,0.130272001,0.060570091,0.101246215,0.245171174,-0.517832577,0.871355891,0.189566553,-0.037114013,0.111949362,-0.96148926,-0.0912345499,0.369076997,-0.621703267,-0.0153228529,-0.142347202,-0.374204487
0.00547140511,-0.315531433,0.770890117,0.0199967325,0.0660008416,-0.713817656,0.696927905,-0.00440705754,0.11842072,-0.0329639316,0.24079214,-0.320339948,0.105180077,-0.102951847,0.0724911764,0.0730511546,0.372356594,-0.118157245,0.0702069923,-0.0246261973,0.131307289,0.0616167635,0.100983456,0.244830713,-0.519303918,0.872400582,0.190225646,-0.0367465019,0.112109505,-0.961019099,-0.0917929187,0.369021773,-0.62759316,-0.0141818142,-0.143192023,-0.373868167
0.00544305146,-0.315516859,0.770986259,0.0200055111,0.0657827109,-0.714054406,0.696705639,-0.00372317713,0.118267626,-0.0317602716,0.240504086,-0.320928961,0.105053619,-0.102545626,0.0726268515,0.0744733438,0.37112993,-0.11788059,0.0700856149,-0.0268587507,0.131080821,0.0629292801,0.101098083,0.244608775,-0.517923295,0.872523606,0.190835729,-0.035601344,0.113821022,-0.944827139,-0.101347513,0.369437963,-0.620317698,-0.0127238091,-0.142719522,-0.369238704
0.00541464053,-0.315502018,0.771082401,0.0200175233,0.0655609146,-0.714290619,0.696484089,-0.00304437941,0.118104473,-0.0305461287,0.240233108,-0.321518928,0.10493011,-0.102139115,0.0727539212,0.0759034008,0.369909495,-0.117616646,0.0699632093,-0.0290967058,0.130838975,0.0642450452,0.101217315,0.244388282,-0.516507983,0.872635424,0.191445202,-0.0344467014,0.115551449,-0.928443491,-0.111011788,0.369859874,-0.61288178,-0.01126194,-0.142230943,-0.364556909
0.0053862296,-0.315487176,0.771178544,0.0200295318,0.0653391108,-0.714526713,0.69626236,-0.00236558123,0.11794132,-0.0293319859,0.239962116,-0.322108895,0.104806602,-0.101732604,0.0728809908,0.0773334578,0.36868909,-0.117352709,0.0698408037,-0.0313346609,0.130597115,0.0655608028,0.101336546,0.24416779,-0.515092611,0.872747183,0.192054674,-0.0332920626,0.117281884,-0.912059844,-0.120676063,0.370281786,-0.605445862,-0.0098000709,-0.141742378,-0.359875113
0.00535781868,-0.315472335,0.771274626,0.0200415365,0.0651172921,-0.714762688,0.696040571,-0.00168678339,0.11777816,-0.028117843,0.239691138,-0.322698861,0.104683101,-0.101326093,0.073008053,0.0787635148,0.367468655,-0.117088765,0.0697183907,-0.0335726179,0.130355269,0.0668765604,0.101455778,0.243947297,-0.513677299,0.872859001,0.192664146,-0.0321374238,0.119012311,-0.895676196,-0.130340323,0.370703697,-0.598009884,-0.00833820179,-0.141253814,-0.355193287
0.00532940729,-0.315457493,0.771370769,0.0200535413,0.064895466,-0.714998603,0.695818663,-0.00100798544,0.117615007,-0.0269036982,0.239420161,-0.323288828,0.104559593,-0.100919582,0.0731351227,0.0801935717,0.36624825,-0.116824821,0.0695959851,-0.0358105749,0.130113423,0.0681923255,0.10157501,0.24372679,-0.512261927,0.872970819,0.193273619,-0.0309827831,0.120742738,-0.879292548,-0.140004605,0.371125609,-0.590573967,-0.00687633222,-0.140765235,-0.350511491
0.00529523846,-0.315451354,0.771465898,0.0202837642,0.064520739,-0.715153694,0.695687354,-0.000188215156,0.116774559,-0.0249736067,0.238992438,-0.323517352,0.104182154,-0.100357413,0.0726141781,0.0823215544,0.364780605,-0.117268674,0.0697751492,-0.0373309031,0.128809184,0.0687453002,0.101232432,0.243252888,-0.509836495,0.875619352,0.193603382,-0.029074451,0.123235598,-0.853710651,-0.151953042,0.374779999,-0.558184206,-0.00819392316,-0.138145342,-0.342816025
0.00525601069,-0.315452874,0.771560133,0.0207057148,0.0640116557,-0.715237737,0.695635498,0.000755411515,0.115339048,-0.0224144924,0.238426998,-0.323428363,0.10358163,-0.0996584892,0.0715239048,0.0850627273,0.363095731,-0.118334383,0.0702192634,-0.0382207334,0.126571551,0.06862811,0.100484118,0.242556334,-0.50652349,0.880496621,0.193687364,-0.0265039336,0.126398325,-0.820047379,-0.165908307,0.381274432,-0.503870308,-0.0119535122,-0.133652881,-0.332472771
0.00521678338,-0.315454394,0.771654427,0.0211276561,0.0635025576,-0.715321481,0.695583403,0.00169903832,0.11390353,-0.0198553763,0.237861559,-0.323339373,0.102981098,-0.0989595577,0.070433639,0.0878039077,0.361410856,-0.119400091,0.0706633851,-0.0391105637,0.124333918,0.0685109198,0.0997357965,0.241859764,-0.503210545,0.88537395,0.193771362,-0.0239334162,0.129561037,-0.786384106,-0.179863572,0.387768865,-0.449556381,-0.0157131031,-0.129160419,-0.322129488
0.00517755561,-0.315455914,0.771748662,0.0215495881,0.0629934222,-0.715404928,0.695531011,0.00264266483,0.112468019,-0.0172962621,0.237296119,-0.323250383,0.102380566,-0.0982606262,0.0693433657,0.0905450806,0.359725982,-0.120465793,0.0711074993,-0.040000394,0.122096285,0.0683937296,0.0989874825,0.241163209,-0.499897569,0.890251219,0.19385536,-0.0213629007,0.132723764,-0.752720833,-0.193818852,0.394263297,-0.395242482,-0.0194726922,-0.124667965,-0.311786234
0.00513832783,-0.315457433,0.771842957,0.0219715107,0.0624842569,-0.715487957,0.695478261,0.0035862918,0.111032501,-0.0147371469,0.23673068,-0.323161393,0.101780035,-0.0975617021,0.0682530925,0.0932862535,0.358041108,-0.121531501,0.071551621,-0.0408902243,0.119858652,0.0682765394,0.0982391685,0.240466654,-0.496584594,0.895128548,0.193939343,-0.0187923834,0.135886475,-0.71905756,-0.207774118,0.40075773,-0.340928584,-0.0232322812,-0.120175503,-0.301442981
0.00509846117,-0.315461367,0.771938086,0.0223884583,0.0619843975,-0.715551615,0.695444167,0.00455740979,0.109580621,-0.0122229559,0.236134872,-0.322973222,0.101139612,-0.096791625,0.0671435818,0.0959848613,0.356281638,-0.122544855,0.0720086545,-0.041514419,0.117601708,0.0680301934,0.0972908363,0.239838153,-0.49305591,0.900229633,0.193960354,-0.0162244383,0.139143959,-0.685297191,-0.22140801,0.406867117,-0.284819603,-0.0274825431,-0.115531571,-0.291257232
0.00505090179,-0.315494537,0.772043884,0.022745654,0.0615969077,-0.715384781,0.695638716,0.00585958548,0.107931577,-0.010249747,0.23517336,-0.321590751,0.100018837,-0.0951647311,0.0658023953,0.0981708616,0.353623718,-0.122927696,0.072621271,-0.0389398001,0.115112185,0.0662284866,0.0939338356,0.240029097,-0.486929536,0.90802598,0.19322291,-0.0136874449,0.143542469,-0.650367796,-0.231171817,0.408339709,-0.207093939,-0.0376415551,-0.109063484,-0.282967985
0.00500334287,-0.315527678,0.772149682,0.0231028404,0.0612093881,-0.71521759,0.695832908,0.00716176117,0.106282532,-0.00827653892,0.234211847,-0.320208311,0.0988980532,-0.0935378447,0.0644612089,0.100356862,0.350965828,-0.123310536,0.0732338876,-0.0363651812,0.112622656,0.0644267872,0.090576835,0.24022004,-0.480803162,0.915822268,0.192485482,-0.0111504523,0.147940978,-0.615438461,-0.240935624,0.409812301,-0.129368261,-0.0478005633,-0.102595404,-0.274678767
0.00495578349,-0.315560848,0.77225548,0.0234600175,0.0608218461,-0.71505022,0.696026921,0.00846393686,0.104633488,-0.00630333042,0.233250335,-0.318825841,0.0977772772,-0.0919109508,0.0631200224,0.102542855,0.348307908,-0.123693369,0.0738465041,-0.0337905623,0.110133126,0.0626250878,0.0872198418,0.240410998,-0.474676818,0.923618615,0.191748038,-0.0086134607,0.152339488,-0.580509067,-0.250699431,0.411284894,-0.0516426153,-0.0579595715,-0.0961273238,-0.266389549
0.0049082241,-0.315593988,0.772361279,0.023817189,0.0604342893,-0.714882612,0.696220696,0.00976611208,0.102984451,-0.00433012191,0.232288837,-0.317443371,0.0966565013,-0.0902840644,0.0617788322,0.104728855,0.345650017,-0.12407621,0.0744591206,-0.0312159453,0.107643604,0.0608233884,0.0838628411,0.240601942,-0.468550444,0.931414902,0.191010594,-0.00607646769,0.156738013,-0.545579672,-0.260463238,0.412757486,0.0260830577,-0.0681185797,-0.0896592438,-0.258100301
0.00486066518,-0.315627128,0.772467077,0.0241743531,0.0600467175,-0.714714766,0.696414292,0.0110682882,0.101335406,-0.00235691317,0.231327325,-0.316060901,0.0955357179,-0.0886571705,0.0604376458,0.106914856,0.342992097,-0.124459051,0.0750717372,-0.0286413264,0.105154075,0.059021689,0.0805058405,0.2407929,-0.46242407,0.939211249,0.190273151,-0.00353947515,0.161136523,-0.510650277,-0.270227045,0.414230078,0.103808731,-0.0782775953,-0.0831911564,-0.249811068
0.00483507384,-0.315679729,0.772528648,0.0244235098,0.0597510748,-0.714430332,0.696722865,0.0124702938,0.0998786613,-0.000544274983,0.230149746,-0.315012783,0.0947721004,-0.0869776383,0.059172716,0.108236469,0.340428829,-0.124868952,0.0759589747,-0.0267037693,0.102747962,0.0578512251,0.0777787119,0.242349282,-0.45356679,0.945673466,0.188587591,-0.00128373329,0.165005907,-0.478635132,-0.278310329,0.409407288,0.173578501,-0.0856979042,-0.0770467743,-0.243200064
0.00482288748,-0.315744132,0.772563219,0.0246067513,0.0595115125,-0.714074492,0.697101533,0.013933219,0.098539263,0.00117038074,0.228840321,-0.314168632,0.0942264348,-0.0852659941,0.0579543188,0.109030627,0.337923318,-0.125295371,0.0770137906,-0.0251549557,0.100392751,0.0570659488,0.0754359439,0.244738877,-0.443043053,0.951321602,0.186323479,0.000800384849,0.168552399,-0.448398352,-0.285368145,0.400742948,0.238493472,-0.0914470032,-0.0710999146,-0.237613127
0.00481070112,-0.315808564,0.77259773,0.0247899871,0.0592719354,-0.713718474,0.697479904,0.0153961433,0.0971998721,0.0028850364,0.227530882,-0.313324511,0.0936807618,-0.0835543424,0.0567359217,0.109824784,0.335417807,-0.125721782,0.078068614,-0.0236061439,0.0980375409,0.0562806726,0.0730931684,0.247128457,-0.432519317,0.956969678,0.184059367,0.00288450276,0.17209889,-0.418161541,-0.292425931,0.392078638,0.303408414,-0.0971961096,-0.0651530623,-0.23202619
0.00479851477,-0.315872997,0.772632301,0.0249732174,0.0590323396,-0.713362157,0.697858155,0.0168590676,0.0958604738,0.00459969183,0.226221457,-0.31248039,0.0931350887,-0.0818426907,0.0555175245,0.110618941,0.332912296,-0.126148194,0.07912343,-0.0220573321,0.0956823304,0.0554953963,0.070750393,0.249518052,-0.42199558,0.962617815,0.181795254,0.00496862084,0.175645381,-0.387924731,-0.299483746,0.383414298,0.368323386,-0.102945216,-0.0592062026,-0.226439252
0.00478632841,-0.31593743,0.772666812,0.0251564365,0.0587927215,-0.713005662,0.698236048,0.0183219928,0.0945210755,0.00631434796,0.224912032,-0.311636269,0.0925894156,-0.080131039,0.0542991273,0.111413091,0.330406785,-0.126574621,0.0801782459,-0.0205085184,0.0933271199,0.05471012,0.068407625,0.251907647,-0.411471844,0.968265951,0.179531142,0.00705273915,0.179191872,-0.35768795,-0.306541562,0.374749959,0.433238328,-0.108694315,-0.0532593466,-0.220852315
0.00478151068,-0.316009343,0.772684336,0.0253050644,0.0585765876,-0.712667525,0.698593974,0.01978397,0.0932978168,0.00789737049,0.223627284,-0.311003059,0.0921459049,-0.0785374343,0.0531723388,0.112014964,0.328159213,-0.127064705,0.0811667591,-0.0190817118,0.0911241695,0.0539307818,0.0662574843,0.253686935,-0.402286947,0.972706616,0.177555546,0.00884574745,0.18210952,-0.328182548,-0.312271923,0.367370337,0.494859725,-0.1148118,-0.047572922,-0.215157032
0.004813876,-0.316119075,0.772615969,0.0252791736,0.058479026,-0.712423682,0.698851705,0.0212411676,0.0926606208,0.00881615188,0.222467169,-0.311434299,0.0922178775,-0.0775395185,0.0525078289,0.111646526,0.327213228,-0.127876133,0.0818206668,-0.0182705652,0.0896895602,0.053181421,0.0650794283,0.252386481,-0.399858177,0.971054375,0.177035898,0.00916976389,0.18185389,-0.302367926,-0.311303735,0.366473436,0.539861202,-0.122788206,-0.0432007015,-0.208914995
0.00484624086,-0.316228807,0.772547603,0.0252532791,0.0583814532,-0.71217978,0.699109435,0.0226983652,0.0920234323,0.00973493233,0.221307039,-0.311865538,0.0922898501,-0.0765416026,0.0518433228,0.111278079,0.326267272,-0.128687546,0.082474567,-0.0174594186,0.0882549509,0.0524320602,0.0639013648,0.251086026,-0.397429436,0.969402075,0.17651625,0.00949378032,0.181598246,-0.276553303,-0.310335547,0.365576565,0.584862649,-0.130764604,-0.0388284773,-0.202672943
0.00487860572,-0.316338539,0.772479236,0.0252273846,0.0582838804,-0.711935759,0.699366987,0.0241555609,0.0913862363,0.0106537137,0.220146924,-0.312296778,0.0923618227,-0.0755436867,0.051178813,0.110909641,0.325321287,-0.129498959,0.0831284747,-0.0166482702,0.0868203416,0.0516826995,0.0627233014,0.249785572,-0.395000666,0.967749774,0.175996602,0.00981779676,0.181342617,-0.25073868,-0.309367388,0.364679694,0.629864097,-0.138741016,-0.0344562568,-0.196430907
0.00491097104,-0.316448271,0.77241087,0.0252014864,0.0581863001,-0.711691558,0.699624419,0.0256127585,0.0907490402,0.0115724942,0.218986794,-0.312728018,0.0924337953,-0.0745457634,0.0505143031,0.110541195,0.324375331,-0.130310386,0.0837823823,-0.0158371236,0.0853857249,0.0509333387,0.0615452379,0.248485118,-0.392571926,0.966097534,0.175476953,0.0101418123,0.181086987,-0.224924058,-0.3083992,0.363782793,0.674865603,-0.146717414,-0.0300840326,-0.19018887
0.00494333589,-0.316558003,0.772342503,0.0251755845,0.0580887087,-0.711447358,0.699881852,0.0270699561,0.0901118517,0.0124912756,0.217826679,-0.313159257,0.0925057679,-0.0735478476,0.0498497933,0.110172756,0.323429346,-0.131121799,0.0844362825,-0.0150259761,0.0839511156,0.0501839779,0.0603671744,0.247184664,-0.390143156,0.964445233,0.174957305,0.0104658287,0.180831358,-0.199109435,-0.307431012,0.362885922,0.719867051,-0.154693812,-0.0257118102,-0.183946818
0.00498521235,-0.316689789,0.772153139,0.0251130462,0.0579862595,-0.711322427,0.700019598,0.0276156962,0.0896895975,0.0127011416,0.218386009,-0.31456548,0.0935165286,-0.0734929889,0.0491756126,0.109142363,0.324402511,-0.133164048,0.0845058337,-0.0144885015,0.0828513056,0.0497185327,0.054278817,0.244309023,-0.397809893,0.955255389,0.176151812,0.00988534931,0.178980887,-0.184502169,-0.305520028,0.371395618,0.742063522,-0.163001716,-0.0238801278,-0.17832312
0.00503097801,-0.316830605,0.771914303,0.025035521,0.0578818172,-0.711246252,0.700108409,0.0277887043,0.0893552527,0.0126211047,0.219648495,-0.316370398,0.0949111953,-0.0738237873,0.0484974757,0.107841268,0.326160491,-0.135709643,0.0843364075,-0.0140629429,0.0818884075,0.0493691936,0.0461824387,0.240789205,-0.409605116,0.94298315,0.178047329,0.00893498398,0.176478207,-0.174478039,-0.303223521,0.383752018,0.754934132,-0.171445161,-0.023087373,-0.172952294
0.00507674366,-0.316971421,0.771675467,0.0249579959,0.057777375,-0.711170018,0.70019722,0.0279617105,0.0890209004,0.0125410678,0.220910981,-0.318175316,0.0963058621,-0.0741545856,0.0478193387,0.106540173,0.3279185,-0.138255239,0.0841669887,-0.0136373844,0.0809255019,0.0490198582,0.0380860604,0.237269387,-0.421400309,0.930710852,0.179942831,0.00798461866,0.173975527,-0.164453909,-0.300926983,0.396108449,0.767804742,-0.179888621,-0.0222946201,-0.167581454
0.00512250978,-0.317112237,0.771436691,0.0248804707,0.057672929,-0.711093783,0.700286031,0.0281347185,0.0886865482,0.0124610299,0.222173467,-0.319980234,0.0977005288,-0.0744853839,0.0471412018,0.105239078,0.329676479,-0.140800819,0.0839975625,-0.0132118259,0.0799626037,0.0486705191,0.029989684,0.233749568,-0.433195531,0.918438613,0.181838334,0.00703425379,0.171472862,-0.154429793,-0.298630476,0.408464879,0.780675352,-0.188332066,-0.0215018671,-0.162210628
0.00516827544,-0.317253053,0.771197855,0.0248029418,0.0575684793,-0.711017549,0.700374782,0.0283077266,0.0883521959,0.012380993,0.223435953,-0.321785152,0.0990951955,-0.0748161748,0.0464630648,0.103937984,0.331434458,-0.143346414,0.0838281438,-0.0127862673,0.0789997056,0.04832118,0.0218933094,0.23022975,-0.444990754,0.906166375,0.183733836,0.0060838894,0.168970183,-0.144405663,-0.296333939,0.420821309,0.793545961,-0.196775526,-0.0207091123,-0.156839803
0.00522239506,-0.317395031,0.770956755,0.0247467961,0.0574396551,-0.710928023,0.700478196,0.0283961333,0.0879240036,0.0123282643,0.224864215,-0.32360664,0.100857414,-0.0752892643,0.0456318967,0.10255035,0.333611995,-0.145927459,0.0838437229,-0.0126339439,0.0780923292,0.0480101556,0.0144387325,0.226695359,-0.45709157,0.89490366,0.186290771,0.00517126173,0.166055486,-0.135356113,-0.294259369,0.433576405,0.80147022,-0.204826787,-0.0205119103,-0.150964782
0.00530103501,-0.317540467,0.770709157,0.0247534011,0.0572392754,-0.710799515,0.700624645,0.0282362122,0.0872203559,0.0123556918,0.226779014,-0.325476766,0.103698477,-0.0761800185,0.0443515368,0.100908689,0.337021023,-0.148612574,0.0844023377,-0.0132836392,0.0773479268,0.047811579,0.00886801165,0.223118216,-0.470089525,0.886604309,0.190789133,0.00436940417,0.161931396,-0.129167184,-0.292836338,0.447501749,0.794875562,-0.211726889,-0.0220628027,-0.143609881
0.00537967496,-0.317685932,0.770461559,0.0247600041,0.0570388995,-0.710671127,0.700771093,0.0280762911,0.0865167156,0.0123831201,0.228693813,-0.327346891,0.106539547,-0.0770707726,0.0430711769,0.0992670357,0.340430021,-0.151297688,0.0849609524,-0.0139333345,0.0766035169,0.0476130024,0.00329729146,0.219541073,-0.48308748,0.878304899,0.195287511,0.00356754707,0.157807305,-0.122978248,-0.291413277,0.461427122,0.788280845,-0.218626991,-0.0236136951,-0.136254996
0.0054583149,-0.317831367,0.770213962,0.0247666072,0.0568385124,-0.71054256,0.700917482,0.0279163718,0.0858130679,0.0124105476,0.230608612,-0.329217017,0.109380618,-0.0779615268,0.0417908132,0.0976253748,0.343839049,-0.153982803,0.0855195671,-0.0145830298,0.0758591145,0.0474144295,-0.00227342965,0.21596393,-0.496085435,0.870005488,0.199785888,0.00276568951,0.153683215,-0.116789311,-0.289990216,0.475352466,0.781686187,-0.225527108,-0.0251645893,-0.128900096
0.00553695485,-0.317976803,0.769966304,0.0247732084,0.0566381253,-0.710413992,0.701063812,0.0277564507,0.0851094201,0.012437975,0.232523412,-0.331087142,0.112221681,-0.078852281,0.0405104533,0.0959837213,0.347248048,-0.156667933,0.0860781819,-0.0152327251,0.0751147047,0.0472158529,-0.00784414914,0.212386787,-0.50908339,0.861706138,0.204284251,0.00196383218,0.149559125,-0.110600382,-0.288567185,0.48927781,0.775091469,-0.23242721,-0.0267154817,-0.121545196
0.0056155948,-0.318122238,0.769718707,0.0247798096,0.0564377308,-0.710285366,0.701210082,0.0275965296,0.0844057798,0.0124654034,0.234438226,-0.332957268,0.115062751,-0.0797430351,0.0392300934,0.0943420678,0.350657076,-0.159353048,0.0866367966,-0.0158824213,0.0743703023,0.0470172763,-0.01341487,0.208809644,-0.522081316,0.853406727,0.208782628,0.00116197474,0.145435035,-0.104411453,-0.287144125,0.503203154,0.768496811,-0.239327312,-0.028266374,-0.114190295
0.00573714497,-0.318280309,0.769513071,0.0248084664,0.0562899448,-0.71002543,0.701484025,0.0279886071,0.0836563185,0.0132592591,0.235011354,-0.333701819,0.116903514,-0.0799227729,0.0378635228,0.0926777199,0.35287866,-0.161425188,0.086739257,-0.0153903784,0.0737622902,0.0463321023,-0.0147910472,0.205816209,-0.52716136,0.856305957,0.213293314,0.00173213996,0.142348886,-0.0970304087,-0.284615636,0.508081377,0.774645686,-0.244028822,-0.0272860266,-0.10968928
0.00586952548,-0.31844151,0.769317985,0.0248426925,0.0561554469,-0.709732473,0.701790094,0.0285200011,0.0828952938,0.014246555,0.235245854,-0.334162295,0.118491814,-0.0799230486,0.0364751928,0.0910076499,0.354800582,-0.163342625,0.0867265761,-0.0146101722,0.0731886998,0.0455241166,-0.0151085565,0.202970073,-0.53024292,0.862031698,0.217807129,0.002648592,0.139524683,-0.0893484801,-0.281808138,0.510676146,0.784010947,-0.248175427,-0.0256668143,-0.105908558
0.00600190554,-0.318602741,0.769122899,0.0248769075,0.056020923,-0.709439218,0.702095985,0.0290513951,0.0821342692,0.0152338501,0.235480353,-0.334622741,0.120080106,-0.0799233317,0.0350868627,0.0893375799,0.356722504,-0.165260062,0.0867139027,-0.0138299651,0.0726151094,0.0447161272,-0.0154260667,0.200123951,-0.53332454,0.86775738,0.222320929,0.00356504414,0.136700481,-0.0816665515,-0.27900067,0.513270974,0.793376267,-0.252322048,-0.0240476038,-0.102127843
0.00613428606,-0.318763971,0.768927872,0.0249111205,0.0558863916,-0.709145844,0.702401817,0.029582791,0.0813732445,0.0162211452,0.235714868,-0.335083216,0.121668406,-0.0799236074,0.0336985327,0.0876675099,0.358644396,-0.167177498,0.0867012292,-0.013049758,0.072041519,0.0439081416,-0.015743576,0.197277829,-0.536406159,0.873483062,0.226834744,0.00448149629,0.133876279,-0.0739846304,-0.276193172,0.515865743,0.802741528,-0.256468654,-0.0224283915,-0.09834712
0.00626666611,-0.318925202,0.768732786,0.0249453317,0.0557518527,-0.708852351,0.702707529,0.0301141851,0.0806122199,0.0172084421,0.235949367,-0.335543662,0.123256706,-0.0799238831,0.0323102027,0.0859974399,0.360566318,-0.16909495,0.0866885558,-0.0122695509,0.071467936,0.0431001522,-0.0160610862,0.194431692,-0.539487779,0.879208803,0.231348544,0.00539794844,0.131052077,-0.0663027018,-0.273385704,0.518460512,0.812106788,-0.260615259,-0.0208091792,-0.0945664048
0.00644158432,-0.319097817,0.768551826,0.0249581207,0.0556496195,-0.708530366,0.703039885,0.0307832975,0.0797853991,0.0183210541,0.235745132,-0.335816979,0.124634735,-0.0796543211,0.0309532434,0.0845921785,0.361961335,-0.170747101,0.0867268294,-0.0119083468,0.0707705542,0.0422035307,-0.0154302614,0.192391858,-0.539731741,0.886951685,0.234920517,0.00667123776,0.128967151,-0.058680404,-0.270718724,0.517797172,0.823351443,-0.263327003,-0.0188322607,-0.0920654014
0.00669804309,-0.319292277,0.768397868,0.0249298494,0.0556093082,-0.708153725,0.70342344,0.0317163989,0.0788324475,0.0196738821,0.234699875,-0.335731477,0.125609726,-0.0788675025,0.0296564102,0.0836945251,0.362346321,-0.171890765,0.0868627727,-0.0123503199,0.0698358938,0.0411370173,-0.0129815917,0.191897556,-0.534536421,0.898561418,0.236687124,0.0086285416,0.128299326,-0.0511724055,-0.268321067,0.510888219,0.838198662,-0.263288289,-0.0161696579,-0.0920174643
0.00695450138,-0.319486737,0.768243909,0.0249015726,0.0555689894,-0.707776845,0.703806818,0.0326495022,0.0778794959,0.0210267119,0.233654603,-0.335646003,0.126584709,-0.0780806765,0.0283595771,0.0827968717,0.362731338,-0.173034415,0.086998716,-0.012792293,0.0689012334,0.0400705002,-0.0105329221,0.191403255,-0.529341042,0.910171092,0.238453716,0.0105858454,0.127631485,-0.043664407,-0.265923411,0.503979266,0.853045881,-0.263249606,-0.0135070542,-0.0919695273
0.00721096015,-0.319681197,0.76808995,0.0248732883,0.0555286519,-0.707399845,0.704190016,0.0335826017,0.0769265443,0.0223795399,0.232609347,-0.33556053,0.127559692,-0.0772938579,0.0270627439,0.0818992183,0.363116354,-0.174178079,0.0871346667,-0.0132342661,0.0679665655,0.0390039831,-0.00808425155,0.190908968,-0.524145663,0.921780825,0.240220308,0.0125431493,0.12696366,-0.0361564048,-0.263525754,0.497070372,0.8678931,-0.263210893,-0.0108444514,-0.0919215903
0.00746741844,-0.319875658,0.767935991,0.0248449985,0.0554882996,-0.707022488,0.704572916,0.034515705,0.0759735927,0.0237323679,0.23156409,-0.335475057,0.12853469,-0.0765070394,0.0257659126,0.0810015649,0.36350134,-0.175321728,0.08727061,-0.0136762392,0.0670319051,0.0379374698,-0.00563558191,0.190414667,-0.518950284,0.933390558,0.241986915,0.0145004541,0.12629582,-0.0286484044,-0.261128098,0.490161449,0.882740378,-0.263172209,-0.00818184763,-0.0918736532
0.00772387721,-0.320070118,0.767782032,0.0248167012,0.0554479286,-0.706645072,0.704955697,0.0354488045,0.0750206485,0.0250851978,0.230518833,-0.335389584,0.129509673,-0.0757202134,0.0244690794,0.0801039115,0.363886356,-0.176465392,0.0874065533,-0.0141182123,0.0660972446,0.0368709527,-0.00318691228,0.189920366,-0.513754904,0.945000231,0.243753508,0.016457757,0.125627995,-0.0211404059,-0.258730441,0.483252525,0.897587597,-0.263133496,-0.00551924575,-0.0918257162
0.0081629483,-0.320285678,0.76760453,0.024680471,0.0554482937,-0.70631218,0.705293953,0.03638855,0.0740548894,0.0264576841,0.229348302,-0.335462391,0.130282775,-0.0748334751,0.0231432095,0.0793683603,0.364044428,-0.177510723,0.0877093375,-0.0152046094,0.0647910088,0.0362870917,-0.000383149454,0.188547522,-0.508610427,0.956092596,0.244824499,0.0178239048,0.125153854,-0.0149681782,-0.255792499,0.477052093,0.910641432,-0.263033539,-0.00356986444,-0.0923808441
0.00862523913,-0.32050392,0.767423928,0.0245305151,0.0554538295,-0.70598489,0.705626369,0.0373291411,0.0730875134,0.027832672,0.228161827,-0.335555345,0.131030217,-0.0739340261,0.0218136497,0.0786534101,0.364173651,-0.178543568,0.0880333334,-0.016372947,0.0634375364,0.0357646048,0.00246576406,0.187062949,-0.503472507,0.967119098,0.245807052,0.0191148836,0.124704339,-0.00896579772,-0.252785832,0.470941782,0.923467219,-0.262925744,-0.00171117159,-0.0930126607
0.00908752903,-0.320722193,0.767243385,0.0243805517,0.0554593578,-0.705657363,0.705958664,0.0382697284,0.0721201301,0.0292076599,0.226975352,-0.335648298,0.131777659,-0.0730345771,0.020484088,0.0779384673,0.364302903,-0.179576397,0.0883573368,-0.0175412837,0.0620840564,0.0352421142,0.00531467749,0.185578391,-0.498334527,0.978145659,0.246789604,0.0204058643,0.12425483,-0.00296341721,-0.249779195,0.464831442,0.936293066,-0.262817979,0.000147521205,-0.09364447
0.00954981986,-0.320940435,0.767062843,0.0242305826,0.0554648638,-0.705329657,0.706290662,0.0392103195,0.0711527541,0.0305826478,0.225788891,-0.335741222,0.132525101,-0.0721351281,0.0191545263,0.0772235245,0.364432126,-0.180609241,0.0886813402,-0.0187096223,0.0607305802,0.0347196236,0.00816359092,0.184093833,-0.493196577,0.989172161,0.247772157,0.0216968451,0.123805314,0.00303896447,-0.246772557,0.458721131,0.949118853,-0.262710214,0.00200621434,-0.0942762867
0.0100121107,-0.321158677,0.7668823,0.0240806099,0.0554703586,-0.705001831,0.70662266,0.0401509106,0.0701853707,0.0319576338,0.224602416,-0.335834175,0.133272544,-0.0712356791,0.0178249665,0.0765085742,0.364561349,-0.18164207,0.0890053362,-0.019877959,0.059377104,0.0341971368,0.0110125039,0.182609275,-0.488058597,1.00019872,0.24875471,0.0229878239,0.123355806,0.00904134382,-0.243765905,0.452610791,0.96194464,-0.262602448,0.00386490673,-0.0949080959
0.0105242925,-0.321357876,0.766694605,0.023860611,0.0555173345,-0.70476377,0.706863999,0.0411222838,0.0694002211,0.0333125778,0.223244444,-0.335790873,0.133712292,-0.070270814,0.0166290719,0.0755682141,0.364404708,-0.182579041,0.0890038311,-0.0209577642,0.0578266494,0.0337087922,0.0136840809,0.18105261,-0.48363331,1.01080465,0.249890998,0.0241632443,0.122844934,0.0136865424,-0.240861654,0.447754443,0.973346591,-0.262691259,0.00547143538,-0.0954600871
0.011102193,-0.321531951,0.766497612,0.0235483758,0.0556189343,-0.704643965,0.70698595,0.0421342142,0.0688551068,0.0346411206,0.22166054,-0.3355681,0.133746743,-0.0692197904,0.0156092467,0.0743309334,0.363871485,-0.183389708,0.0885735601,-0.0219209529,0.0560167357,0.033265423,0.0161220655,0.179400966,-0.480146706,1.02085662,0.251229793,0.0251864456,0.122253247,0.0165440273,-0.238092273,0.444549859,0.982872903,-0.263039023,0.00674580596,-0.0959069282
0.0116800927,-0.321706027,0.766300559,0.0232361369,0.0557205342,-0.704523981,0.707107782,0.0431461409,0.0683099926,0.0359696597,0.22007665,-0.335345328,0.133781195,-0.0681687593,0.0145894215,0.0730936527,0.363338292,-0.184200391,0.0881432891,-0.0228841417,0.0542068221,0.0328220539,0.0185600501,0.177749321,-0.476660132,1.03090858,0.252568603,0.0262096487,0.121661551,0.019401513,-0.235322878,0.441345245,0.992399275,-0.263386786,0.00802017655,-0.0963537693
0.0122579932,-0.321880072,0.766103566,0.0229238924,0.0558221154,-0.704403937,0.707229495,0.0441580713,0.0677648783,0.0372982025,0.218492761,-0.335122526,0.133815646,-0.0671177283,0.0135695962,0.0718563646,0.362805068,-0.185011059,0.0877130181,-0.0238473304,0.0523969084,0.0323786847,0.0209980346,0.176097691,-0.473173529,1.04096043,0.253907382,0.0272328518,0.121069856,0.0222589988,-0.232553497,0.438140661,1.00192559,-0.263734549,0.00929454807,-0.0968006179
0.0128358928,-0.322054148,0.765906513,0.022611646,0.0559236966,-0.704283774,0.707351148,0.045169998,0.067219764,0.0386267416,0.216908857,-0.334899753,0.133850098,-0.0660666972,0.0125497719,0.0706190839,0.362271875,-0.185821742,0.087282747,-0.0248105191,0.0505869985,0.0319353156,0.0234360192,0.174446046,-0.469686955,1.0510124,0.255246192,0.0282560531,0.120478168,0.0251164827,-0.229784101,0.434936076,1.01145196,-0.264082313,0.0105689187,-0.097247459
0.0134137934,-0.322228223,0.765709519,0.0222993996,0.0560252704,-0.704163551,0.707472742,0.0461819246,0.0666746497,0.0399552844,0.215324968,-0.334676981,0.133884549,-0.0650156662,0.0115299467,0.0693817958,0.361738652,-0.18663241,0.086852476,-0.0257737078,0.0487770848,0.0314919464,0.0258740038,0.172794402,-0.466200352,1.06106436,0.256585002,0.0292792562,0.119886473,0.0279739685,-0.22701472,0.431731462,1.02097833,-0.264430076,0.0118432892,-0.0976943001
0.0139784245,-0.322333395,0.765517771,0.0219986271,0.0561046414,-0.704271197,0.707368672,0.0471402295,0.0662402809,0.0414149612,0.213855073,-0.334445924,0.133851647,-0.0643746108,0.0106562003,0.0677950904,0.361603409,-0.187514618,0.0860664397,-0.0269077588,0.0471498035,0.0312127396,0.027925523,0.171245381,-0.464110345,1.0688417,0.258328795,0.0299206078,0.119265795,0.0297255777,-0.224739507,0.430126429,1.02734005,-0.265048176,0.0124912672,-0.0977104455
0.0145427287,-0.322436869,0.765326142,0.0216981377,0.0561834611,-0.704384446,0.707259059,0.0480972119,0.0658086389,0.0428778753,0.212387994,-0.334214628,0.133817077,-0.0637436733,0.00978605915,0.0661997646,0.361478001,-0.1883986,0.0852716193,-0.0280460268,0.0455270298,0.030937586,0.0299675036,0.169698894,-0.462054759,1.07656288,0.260082573,0.0305525325,0.118644401,0.0314498879,-0.222476497,0.428560913,1.0336237,-0.265672952,0.0131237833,-0.0977159515
0.0151070328,-0.322540343,0.765134573,0.0213976409,0.0562622696,-0.704497516,0.707149267,0.0490541905,0.0653770044,0.0443407893,0.2109209,-0.333983362,0.133782491,-0.0631127357,0.00891591888,0.0646044314,0.361352593,-0.189282566,0.0844767913,-0.0291842949,0.0439042561,0.0306624305,0.0320094861,0.168152392,-0.459999204,1.08428407,0.26183635,0.0311844591,0.118023001,0.0331741981,-0.220213503,0.426995367,1.03990734,-0.266297728,0.0137562994,-0.0977214575
0.015671337,-0.322643816,0.764943004,0.0210971441,0.0563410707,-0.704610467,0.707039356,0.0500111729,0.0649453625,0.0458037034,0.209453821,-0.333752096,0.13374792,-0.0624817945,0.00804577861,0.0630090982,0.361227185,-0.190166533,0.0836819708,-0.0303225629,0.0422814824,0.0303872749,0.0340514667,0.166605905,-0.457943648,1.09200525,0.263590127,0.0318163857,0.117401607,0.0348985083,-0.217950493,0.425429821,1.04619098,-0.266922504,0.0143888146,-0.0977269709
0.0162356403,-0.32274726,0.764751375,0.0207966473,0.0564198717,-0.704723477,0.706929505,0.0509681515,0.0645137206,0.0472666174,0.207986742,-0.33352083,0.13371335,-0.061850857,0.00717563787,0.061413765,0.361101776,-0.1910505,0.0828871503,-0.0314608328,0.0406587087,0.0301121213,0.0360934474,0.165059417,-0.455888093,1.09972644,0.265343904,0.0324483104,0.116780214,0.0366228186,-0.215687484,0.423864275,1.05247462,-0.26754728,0.0150213307,-0.0977324769
0.0167162735,-0.322827727,0.764586091,0.0205590501,0.0564758852,-0.704965889,0.706690252,0.0518528782,0.0641609132,0.0489384383,0.20670706,-0.333376348,0.13365747,-0.0614408888,0.00638787961,0.0596564896,0.361067176,-0.191906422,0.0818309858,-0.0330840126,0.0399123952,0.0300913583,0.0379295498,0.163418025,-0.454450518,1.10640979,0.267343283,0.0329692811,0.116143085,0.0383393764,-0.21384351,0.422220975,1.05753875,-0.268058091,0.0154468007,-0.0977039933
0.0171197597,-0.322886914,0.764445126,0.0203794539,0.0565108843,-0.70532763,0.706331551,0.0526709743,0.0638807863,0.0508028902,0.205600157,-0.333311915,0.133581966,-0.0612346753,0.00567608327,0.0577498861,0.36111632,-0.192736477,0.0805338472,-0.0351543166,0.0399742424,0.0303051639,0.0395758115,0.161689103,-0.453582704,1.11213613,0.269569099,0.0333879441,0.11549145,0.0400487892,-0.212385923,0.420506001,1.06147826,-0.26846382,0.0156813562,-0.0976441652
0.017523244,-0.322946131,0.764304101,0.0201998502,0.0565458648,-0.705689132,0.705972672,0.0534890704,0.0636006668,0.0526673384,0.204493254,-0.333247453,0.133506447,-0.0610284582,0.00496428739,0.0558432825,0.361165434,-0.193566531,0.0792367011,-0.0372246206,0.0400360897,0.0305189714,0.0412220769,0.159960195,-0.45271492,1.11786246,0.271794945,0.0338066109,0.114839822,0.0417581983,-0.210928351,0.418791026,1.06541789,-0.268869549,0.0159159135,-0.097584337
0.0179267284,-0.323005348,0.764163077,0.0200202391,0.0565808304,-0.706050396,0.705613613,0.0543071665,0.0633205399,0.0545317903,0.203386351,-0.33318302,0.133430928,-0.0608222447,0.00425249152,0.0539366789,0.361214578,-0.19439657,0.077939555,-0.0392949246,0.040097937,0.030732777,0.0428683423,0.158231288,-0.451847136,1.1235888,0.274020761,0.0342252739,0.114188187,0.0434676111,-0.209470764,0.417076021,1.06935751,-0.269275308,0.016150469,-0.0975245014
0.0183302127,-0.323064566,0.764022112,0.0198406242,0.0566157848,-0.706411541,0.705254376,0.0551252626,0.0630404204,0.0563962422,0.202279449,-0.333118588,0.133355409,-0.0606160276,0.00354069541,0.0520300753,0.361263722,-0.195226625,0.0766424164,-0.0413652286,0.040159788,0.0309465826,0.0445146076,0.156502381,-0.450979322,1.12931514,0.276246607,0.0346439369,0.113536559,0.0451770201,-0.208013192,0.415361047,1.07329702,-0.269681036,0.0163850263,-0.0974646732
0.0187182594,-0.323120654,0.763890982,0.019673137,0.0566463098,-0.706798077,0.70486939,0.0559741296,0.0627720207,0.0583123751,0.201104313,-0.33302331,0.133256122,-0.0604088791,0.00283602648,0.0501061566,0.361231655,-0.196006104,0.0753448382,-0.0435384847,0.0403513648,0.0311589297,0.0461651348,0.154790431,-0.450222462,1.13482797,0.278527081,0.0350280814,0.112860069,0.0469404869,-0.206647411,0.41359055,1.0769676,-0.270076066,0.0165752694,-0.0974102318
0.0188828837,-0.323131949,0.76390326,0.0196812022,0.0566129014,-0.707553923,0.704112947,0.057268329,0.0626733527,0.0609765276,0.198941588,-0.332481861,0.132812649,-0.0601882413,0.00223450642,0.0479316413,0.360024542,-0.196053669,0.0740409791,-0.047201734,0.0424205139,0.031350147,0.0478773452,0.153323933,-0.451070696,1.1372503,0.281598508,0.034912657,0.111823849,0.0494862981,-0.206610352,0.411016703,1.07674479,-0.270316273,0.0161241777,-0.0974337831
0.019047508,-0.323143214,0.763915539,0.0196892489,0.0565794446,-0.708309114,0.703355849,0.0585625283,0.0625746921,0.0636406764,0.196778864,-0.331940413,0.13236919,-0.0599676035,0.00163298647,0.0457571261,0.358817428,-0.196101248,0.0727371201,-0.0508649834,0.0444896631,0.0315413624,0.0495895594,0.151857451,-0.45191893,1.13967252,0.284669966,0.0347972289,0.110787623,0.0520321093,-0.206573278,0.408442825,1.07652199,-0.270556509,0.015673086,-0.0974573344
0.0192121323,-0.323154479,0.763927817,0.0196972676,0.0565459058,-0.709063411,0.702597797,0.0598567314,0.062476024,0.0663048327,0.194616139,-0.331398964,0.131925732,-0.0597469658,0.00103146664,0.0435826145,0.357610285,-0.196148813,0.0714332536,-0.0545282327,0.0465588123,0.0317325778,0.0513017699,0.150390968,-0.452767193,1.14209473,0.287741393,0.0346818045,0.109751396,0.0545779206,-0.206536204,0.405868977,1.07629931,-0.270796716,0.0152219934,-0.0974808857
0.0193767585,-0.323165774,0.763940096,0.0197052676,0.0565123111,-0.709816873,0.70183903,0.0611509308,0.0623773597,0.0689689815,0.192453414,-0.330857515,0.131482273,-0.059526328,0.000429946609,0.0414080992,0.356403172,-0.196196377,0.0701293945,-0.058191482,0.0486279614,0.0319237933,0.0530139804,0.148924485,-0.453615427,1.14451706,0.29081285,0.0345663764,0.108715169,0.0571237355,-0.20649913,0.4032951,1.07607651,-0.271036953,0.0147709018,-0.0975044295
0.0195413828,-0.32317704,0.763952374,0.0197132472,0.0564786568,-0.71056962,0.701079488,0.0624451302,0.0622786917,0.0716331378,0.190290689,-0.330316067,0.131038815,-0.0593056902,-0.000171573425,0.039233584,0.355196059,-0.196243942,0.0688255355,-0.0618547313,0.0506971106,0.0321150124,0.0547261909,0.147458002,-0.454463691,1.14693928,0.293884277,0.0344509482,0.10767895,0.0596695468,-0.20646207,0.400721222,1.07585371,-0.271277159,0.0143198092,-0.0975279808
0.0194640849,-0.323129743,0.764044881,0.019851774,0.0563997477,-0.711959243,0.699670732,0.0633194,0.0627168939,0.0747501701,0.188750654,-0.330160588,0.130372271,-0.0593576096,-0.000631396368,0.0366574377,0.353698999,-0.195917591,0.0677006468,-0.0661454573,0.0539543405,0.0328809805,0.0567430481,0.146821126,-0.455995619,1.14575684,0.297094017,0.0337699316,0.106694646,0.0626146495,-0.207527876,0.397875696,1.07006538,-0.271086276,0.0129271196,-0.0980675295
0.0192314591,-0.323044837,0.764188826,0.0200740378,0.0562915169,-0.713754356,0.697841763,0.0639240518,0.0634998009,0.0781579837,0.187610447,-0.330252975,0.129562497,-0.0595845319,-0.00100024068,0.0338234156,0.352015823,-0.195351183,0.066690661,-0.0708390623,0.0579744019,0.0340159833,0.0589555092,0.146716908,-0.457966536,1.14225996,0.300392509,0.0327257663,0.105743691,0.0658161193,-0.2093018,0.394855738,1.06070375,-0.270618588,0.010929862,-0.0989383906
0.0189988334,-0.32295993,0.764332771,0.0202961713,0.0561829135,-0.71554476,0.696008146,0.0645287037,0.0642827079,0.0815657973,0.186470225,-0.330345333,0.128752723,-0.0598114505,-0.00136908505,0.0309893917,0.350332648,-0.19478476,0.0656806827,-0.0755326673,0.0619944595,0.0351509824,0.0611679666,0.146612704,-0.459937423,1.13876295,0.303691,0.031681601,0.104792729,0.0690175891,-0.211075738,0.391835779,1.05134201,-0.27015087,0.00893260445,-0.0998092443
0.0187662076,-0.322875023,0.764476657,0.0205181707,0.0560739376,-0.717330456,0.694169939,0.0651333556,0.0650656223,0.0849736035,0.185330018,-0.33043772,0.12794295,-0.0600383691,-0.0017379293,0.0281553697,0.348649472,-0.194218338,0.0646706969,-0.0802262723,0.0660145208,0.0362859853,0.0633804277,0.146508485,-0.46190834,1.13526607,0.306989521,0.0306374375,0.103841767,0.0722190663,-0.212849662,0.38881579,1.04198027,-0.269683182,0.0069353478,-0.100680098
0.01853358,-0.322790116,0.764620602,0.0207400303,0.0559645891,-0.719111323,0.692327142,0.0657380074,0.0658485293,0.0883814171,0.184189796,-0.330530077,0.127133176,-0.0602652878,-0.00210677367,0.0253213458,0.346966296,-0.193651929,0.0636607185,-0.0849198774,0.0700345784,0.0374209844,0.065592885,0.146404266,-0.463879257,1.13176918,0.310288012,0.029593274,0.102890812,0.0754205361,-0.214623585,0.385795832,1.03261864,-0.269215494,0.00493809022,-0.101550959
0.0181762371,-0.322686136,0.764778554,0.0209898856,0.0558464564,-0.721186876,0.690166712,0.0658597276,0.0670518726,0.0919157341,0.184138447,-0.330807358,0.126191616,-0.0605324246,-0.00233268482,0.022214232,0.345298707,-0.193012089,0.0625827089,-0.0900207236,0.0742305294,0.0386795811,0.0677659065,0.146371484,-0.465687245,1.12821579,0.313468277,0.0286715049,0.102068901,0.0786231831,-0.216730565,0.382685393,1.02150762,-0.268470854,0.00275520538,-0.102512375
0.017130319,-0.322476864,0.765013576,0.0213947147,0.0556807518,-0.724902213,0.686264455,0.0633151159,0.070576489,0.0961484611,0.190098703,-0.332105488,0.1245225,-0.0610216111,-0.00176945038,0.017599348,0.343717247,-0.191966951,0.0611291267,-0.0973699838,0.079397589,0.0406205729,0.0697212145,0.14673309,-0.466595918,1.12435079,0.315995604,0.0284254849,0.101959459,0.0818323269,-0.220676348,0.379075348,1.00073814,-0.266197234,-0.000452544715,-0.103973798
0.0160844009,-0.322267592,0.765248537,0.0217989516,0.0555134043,-0.728596628,0.682341635,0.0607705154,0.0741010979,0.100381188,0.196058974,-0.333403617,0.122853391,-0.0615107976,-0.00120621582,0.0129844658,0.342135757,-0.190921813,0.0596755408,-0.104719236,0.0845646486,0.0425615609,0.0716765225,0.147094697,-0.467504561,1.12048578,0.31852296,0.0281794667,0.101850025,0.0850414708,-0.22462213,0.375465333,0.979968667,-0.263923615,-0.00366029516,-0.105435222
0.0150384828,-0.32205832,0.765483558,0.0222025681,0.0553444251,-0.732269764,0.678398788,0.0582259074,0.0776257142,0.104613915,0.202019244,-0.334701777,0.121184275,-0.0619999841,-0.000642981438,0.00836958364,0.340554267,-0.189876661,0.0582219586,-0.112068497,0.0897317082,0.0445025489,0.0736318305,0.147456303,-0.468413204,1.1166209,0.321050286,0.0279334486,0.101740584,0.0882506147,-0.228567913,0.371855319,0.95919925,-0.261649996,-0.00686804531,-0.106896654
0.0139925638,-0.321849078,0.765718579,0.0226055272,0.0551738441,-0.735921621,0.674436331,0.0556813031,0.0811503306,0.108846642,0.207979515,-0.335999906,0.119515158,-0.0624891706,-7.97469038E-05,0.0037547003,0.338972777,-0.188831523,0.0567683764,-0.119417749,0.0948987678,0.0464435406,0.075587146,0.14781791,-0.469321847,1.11275589,0.323577642,0.0276874285,0.10163115,0.091459766,-0.232513681,0.368245274,0.938429773,-0.259376407,-0.0100757955,-0.108358078
0.0129466457,-0.321639806,0.7659536,0.0230077859,0.05500165,-0.739551544,0.670454323,0.0531366989,0.0846749395,0.113079369,0.213939771,-0.337298065,0.117846049,-0.0629783571,0.000483487442,-0.000860181346,0.337391287,-0.187786371,0.0553147905,-0.126767009,0.10006582,0.0483845286,0.0775424466,0.148179516,-0.47023049,1.10889089,0.326104999,0.0274414103,0.101521708,0.0946689099,-0.236459464,0.364635259,0.917660356,-0.257102787,-0.0132835452,-0.109819502
0.0113387257,-0.321166337,0.76631701,0.0235751849,0.054539904,-0.74476546,0.664675891,0.0474448949,0.0895941257,0.116054304,0.22689043,-0.339187533,0.117181368,-0.0638603643,0.00201273314,-0.00456908438,0.335797757,-0.186269686,0.0537809096,-0.136980399,0.104379021,0.0503340214,0.0800397843,0.14973031,-0.471254915,1.10480607,0.328059047,0.0270168465,0.101316161,0.0932183415,-0.246478647,0.356375247,0.874846518,-0.250310749,-0.0189793464,-0.113498293
0.00948730949,-0.320578426,0.766736031,0.0242129173,0.0539493561,-0.750623703,0.658078551,0.0403895266,0.0951175317,0.118484281,0.242869765,-0.341333181,0.116951868,-0.0649125576,0.0039605163,-0.00788545981,0.334199011,-0.184548691,0.0522122346,-0.148434713,0.10832227,0.0522871986,0.0827719495,0.151796341,-0.472329497,1.10062599,0.329764754,0.0265149269,0.101068981,0.0897488892,-0.259129226,0.346100599,0.822481692,-0.241561055,-0.0257531311,-0.118137784
0.00763589377,-0.319990516,0.767155051,0.0248488504,0.0533544794,-0.756423831,0.651428342,0.0333341546,0.100640938,0.120914258,0.258849084,-0.343478858,0.116722375,-0.0659647509,0.00590829877,-0.0112018343,0.332600236,-0.182827696,0.0506435633,-0.159889013,0.11226552,0.0542403758,0.0855041221,0.153862372,-0.47340405,1.09644592,0.33147043,0.0260130074,0.100821801,0.0862794444,-0.271779776,0.33582592,0.770116806,-0.232811376,-0.032526914,-0.122777276
0.00578447757,-0.319402605,0.767574072,0.0254828334,0.0527553968,-0.762164533,0.644726932,0.0262787845,0.106164344,0.123344235,0.274828434,-0.345624536,0.116492875,-0.0670169443,0.00785608217,-0.0145182097,0.33100149,-0.181106701,0.0490748882,-0.171343341,0.116208769,0.0561935529,0.0882362872,0.155928388,-0.474478632,1.09226596,0.333176136,0.0255110878,0.100574613,0.0828099921,-0.284430355,0.325551242,0.71775198,-0.224061683,-0.0393006988,-0.127416775
0.00393306185,-0.318814695,0.767993093,0.0261147134,0.0521522574,-0.767844498,0.637975812,0.0192234162,0.11168775,0.12577422,0.290807754,-0.347770184,0.116263375,-0.0680691376,0.0098038651,-0.0178345833,0.329402745,-0.179385722,0.0475062169,-0.182797641,0.120152019,0.0581467301,0.0909684598,0.157994419,-0.475553215,1.08808589,0.334881812,0.0250091683,0.100327432,0.0793405473,-0.297080904,0.315276563,0.665387154,-0.215311989,-0.0460744798,-0.132056266
0.00204675272,-0.318118215,0.76847595,0.0267468542,0.0513893887,-0.774099052,0.630408108,0.0119681796,0.116494954,0.128213868,0.304527491,-0.34902221,0.116649538,-0.0688715875,0.0121004935,-0.0198234748,0.327118576,-0.177122369,0.0468527153,-0.193905145,0.123477034,0.0607418828,0.0930245295,0.160086587,-0.477376193,1.08343184,0.336330414,0.0242866557,0.099584423,0.0738935098,-0.309636772,0.304479033,0.612755239,-0.206647038,-0.0524248742,-0.136884138
5.11911894E-05,-0.317081809,0.769158661,0.0273834318,0.0501312017,-0.782245874,0.620345414,0.00408714404,0.119059689,0.13068381,0.311172277,-0.347476155,0.118963376,-0.0688920468,0.0154893827,-0.0176559221,0.32268846,-0.173160866,0.0490646921,-0.203926757,0.124866314,0.0653471202,0.0929636881,0.162260592,-0.481542587,1.07729352,0.336974084,0.0228734538,0.0972889587,0.0622544922,-0.321896166,0.292044371,0.55928725,-0.198247433,-0.0574496016,-0.142301828
-0.00194437033,-0.316045403,0.769841433,0.0280156862,0.0488638766,-0.79026401,0.610172391,-0.00379389129,0.121624433,0.133153751,0.317817032,-0.345930099,0.121277221,-0.0689125136,0.0188782718,-0.0154883675,0.318258315,-0.169199377,0.0512766689,-0.213948369,0.126255587,0.0699523538,0.0929028392,0.164434597,-0.485708982,1.07115531,0.337617785,0.0214602537,0.094993487,0.0506154783,-0.33415556,0.27960968,0.505819201,-0.189847842,-0.0624743327,-0.147719532
-0.00393993221,-0.315008998,0.770524144,0.0286432821,0.0475880317,-0.798149228,0.599893987,-0.0116749275,0.124189168,0.135623693,0.324461818,-0.344384015,0.123591058,-0.0689329728,0.0222671609,-0.013320813,0.3138282,-0.165237874,0.0534886457,-0.223969981,0.127644867,0.0745575875,0.0928419903,0.166608602,-0.489875346,1.06501698,0.338261455,0.0200470518,0.0926980227,0.0389764607,-0.346414924,0.267175019,0.452351153,-0.181448236,-0.0674990639,-0.153137222
-0.00593549339,-0.313972592,0.771206915,0.0292659029,0.046304334,-0.805897534,0.589515507,-0.0195559617,0.126753911,0.138093621,0.331106603,-0.34283796,0.125904903,-0.0689534396,0.0256560501,-0.0111532593,0.309398055,-0.161276385,0.0557006225,-0.233991578,0.129034147,0.0791628212,0.0927811489,0.168782607,-0.494041741,1.05887878,0.338905126,0.0186338499,0.0904025584,0.0273374468,-0.358674318,0.254740357,0.398883134,-0.17304863,-0.0725237876,-0.158554927
-0.0079310555,-0.312936187,0.771889687,0.0298832431,0.0450134464,-0.813505173,0.579042435,-0.0274369977,0.129318655,0.140563563,0.337751389,-0.341291904,0.12821874,-0.0689738989,0.0290449392,-0.00898570474,0.30496794,-0.157314897,0.0579125993,-0.24401319,0.130423427,0.0837680548,0.0927203,0.170956612,-0.498208106,1.05274045,0.339548796,0.017220648,0.0881070942,0.0156984311,-0.370933712,0.242305666,0.345415115,-0.164649025,-0.0775485188,-0.163972616
-0.00985792559,-0.311695665,0.772494674,0.0302717872,0.0434178188,-0.822954714,0.565636039,-0.0353501886,0.129121393,0.138864771,0.339875102,-0.337782174,0.12840578,-0.068297483,0.0337116644,-0.00128128286,0.300039232,-0.153312579,0.0598903857,-0.25092569,0.130541563,0.0880325362,0.0913328752,0.171350598,-0.500188291,1.05075622,0.34083122,0.0173238777,0.0878186077,0.0149890939,-0.376747131,0.236389935,0.327748865,-0.16111353,-0.0780498087,-0.16478923
-0.0117661403,-0.310399681,0.773078501,0.0305912066,0.0417270623,-0.832714319,0.551280141,-0.0432721116,0.128174052,0.136033863,0.340771019,-0.333739161,0.12801525,-0.0674318001,0.0387254134,0.00792680215,0.294975132,-0.149299175,0.0618045777,-0.25699383,0.130314499,0.0922044814,0.0895851925,0.171261176,-0.501574755,1.04990005,0.342287123,0.017838927,0.088075161,0.0172479618,-0.380810052,0.232244581,0.319805384,-0.158898979,-0.0773226619,-0.164356306
-0.013674356,-0.309103698,0.773662388,0.0309014898,0.0400226265,-0.842225969,0.536748171,-0.0511940345,0.127226725,0.133202955,0.341666967,-0.329696149,0.127624705,-0.0665661246,0.0437391661,0.0171348881,0.289911032,-0.14528577,0.063718766,-0.26306197,0.13008742,0.0963764265,0.0878375024,0.171171755,-0.502961218,1.04904389,0.343742996,0.0183539782,0.0883317143,0.0195068289,-0.384872943,0.228099212,0.311861902,-0.156684443,-0.076595515,-0.163923368
-0.0155825708,-0.307807714,0.774246275,0.0312023517,0.0383060686,-0.851480782,0.522053123,-0.0591159575,0.126279384,0.130372047,0.342562884,-0.325653166,0.127234176,-0.065700449,0.0487529151,0.0263429713,0.284846932,-0.141272381,0.0656329617,-0.269130111,0.129860356,0.100548364,0.0860898122,0.171082348,-0.504347682,1.04818761,0.3451989,0.0188690275,0.0885882676,0.0217656977,-0.388935864,0.223953858,0.303918451,-0.154469892,-0.0758683607,-0.163490444
-0.0174907874,-0.30651173,0.774830163,0.0314935222,0.0365789495,-0.860470414,0.507208705,-0.0670378804,0.125332043,0.12754114,0.343458831,-0.321610153,0.126843646,-0.0648347661,0.0537666678,0.0355510563,0.279782832,-0.137258977,0.06754715,-0.275198251,0.129633293,0.104720309,0.0843421295,0.170992926,-0.505734146,1.04733145,0.346654773,0.0193840787,0.0888448209,0.0240245648,-0.392998755,0.219808504,0.29597497,-0.152255341,-0.0751412138,-0.163057521
-0.019353658,-0.305197716,0.775366604,0.0318334736,0.0347319357,-0.869851649,0.491058469,-0.0755639076,0.122692063,0.122719631,0.343601137,-0.317227066,0.126589447,-0.0643385947,0.0587527156,0.0453043617,0.275761694,-0.13364175,0.0687734634,-0.279185385,0.1287141,0.10896159,0.0804483071,0.171443671,-0.507416427,1.04818904,0.347820759,0.0202837605,0.0898346901,0.0244564563,-0.394409657,0.218812957,0.303088278,-0.152077779,-0.0729476959,-0.163607046
-0.0211247932,-0.303847134,0.775807202,0.0322796032,0.0326444134,-0.880229354,0.472322673,-0.0853120834,0.116627716,0.113870949,0.342218846,-0.312155992,0.126611039,-0.0645899624,0.0636827275,0.0561606996,0.27385059,-0.130825996,0.068608135,-0.278962374,0.126394689,0.113343127,0.0722126588,0.172987208,-0.50969708,1.05251372,0.348400295,0.0219615884,0.0923081115,0.0211922061,-0.390455306,0.224189788,0.340662777,-0.156021222,-0.0677875876,-0.166144162
-0.0228959266,-0.302496582,0.776247799,0.0327113271,0.0305390228,-0.890211821,0.453343302,-0.0950602591,0.110563368,0.105022259,0.340836555,-0.307084918,0.126632646,-0.0648413375,0.0686127469,0.0670170411,0.271939486,-0.128010258,0.0684428141,-0.278739363,0.124075279,0.117724672,0.0639770105,0.174530759,-0.511977673,1.05683827,0.348979801,0.0236394163,0.0947815403,0.0179279558,-0.386500925,0.229566604,0.378237307,-0.159964666,-0.0626274794,-0.168681294
-0.0246670619,-0.30114603,0.776688397,0.0331280194,0.0284186695,-0.899784446,0.434146285,-0.104808435,0.10449902,0.096173577,0.339454263,-0.302013874,0.126654252,-0.0650927052,0.0735427588,0.077873379,0.270028383,-0.125194505,0.0682774857,-0.278516382,0.121755868,0.122106217,0.055741366,0.176074311,-0.514258325,1.06116295,0.349559337,0.0253172442,0.0972549617,0.0146637065,-0.382546574,0.234943435,0.415811807,-0.163908094,-0.0574673675,-0.17121841
-0.0264381971,-0.299795449,0.777128994,0.0335290805,0.0262862984,-0.90893364,0.414758325,-0.114556618,0.0984346718,0.0873248875,0.338071972,-0.2969428,0.126675844,-0.0653440729,0.0784727708,0.0887297168,0.268117279,-0.122378752,0.0681121573,-0.278293371,0.119436458,0.126487762,0.0475057214,0.177617848,-0.516538978,1.0654875,0.350138873,0.0269950703,0.0997283906,0.0113994563,-0.378592223,0.240320265,0.453386337,-0.167851537,-0.0523072593,-0.173755541
-0.0282093324,-0.298444897,0.777569592,0.0339140147,0.0241449252,-0.917648256,0.395207107,-0.124304786,0.0923703313,0.078476198,0.336689681,-0.291871727,0.126697451,-0.065595448,0.0834027827,0.0995860472,0.266206175,-0.119563006,0.0679468289,-0.27807036,0.117117047,0.130869299,0.0392700732,0.1791614,-0.51881963,1.06981218,0.350718379,0.0286728982,0.102201812,0.00813520793,-0.374637842,0.245697096,0.490960836,-0.171794981,-0.0471471511,-0.176292658
-0.0298588369,-0.297318429,0.777866423,0.0344208889,0.0221057013,-0.926149011,0.374932826,-0.13049224,0.0860908702,0.0710329264,0.332494736,-0.287022948,0.126855731,-0.0654381886,0.0866597444,0.109709963,0.264213085,-0.117865808,0.0687758476,-0.270673662,0.113778941,0.133622274,0.0320141427,0.181679815,-0.517320871,1.07650018,0.349675924,0.0306534208,0.105989836,0.00188754802,-0.367880911,0.252735645,0.534023404,-0.175784618,-0.0415672697,-0.178973228
-0.0314909928,-0.296223909,0.77814275,0.0349314436,0.0200680383,-0.934240878,0.354359984,-0.136171713,0.0797807276,0.0637901574,0.327898532,-0.28220588,0.127033532,-0.0652226359,0.0896780193,0.119729392,0.262208283,-0.116328195,0.0697467253,-0.262253523,0.110295512,0.136142895,0.024897987,0.184337303,-0.515282989,1.08352542,0.348402053,0.0326771289,0.109965399,-0.00478574075,-0.360724121,0.260011286,0.577868879,-0.179780841,-0.0359275043,-0.181674242
-0.0331231467,-0.295129418,0.778419077,0.0354251824,0.0180187505,-0.941878319,0.333594829,-0.141851172,0.073470585,0.0565473922,0.323302329,-0.277388811,0.127211317,-0.0650070831,0.0926962867,0.129748806,0.260203451,-0.114790574,0.0707175955,-0.253833354,0.106812082,0.138663515,0.0177818295,0.186994791,-0.513245046,1.09055054,0.347128183,0.0347008333,0.113940962,-0.0114590293,-0.353567362,0.267286927,0.621714413,-0.183777079,-0.030287737,-0.184375271
-0.0347553007,-0.294034898,0.778695405,0.0359013639,0.0159608629,-0.949049592,0.312667966,-0.14753063,0.0671604425,0.0493046232,0.318706125,-0.272571743,0.127389103,-0.0647915304,0.0957145616,0.139768243,0.258198649,-0.11325296,0.0716884732,-0.245413214,0.103328645,0.141184151,0.01066567,0.189652294,-0.511207163,1.09757578,0.345854312,0.0367245413,0.117916524,-0.0181323197,-0.346410573,0.274562567,0.665559888,-0.187773302,-0.0246479698,-0.1870763
-0.036387451,-0.292940408,0.778971732,0.036359299,0.0138974348,-0.955744803,0.291610658,-0.153210089,0.0608503036,0.0420618542,0.314109921,-0.267754674,0.127566889,-0.0645759702,0.0987328365,0.149787664,0.256193846,-0.111715347,0.0726593509,-0.236993074,0.0998452157,0.143704772,0.00354951341,0.192309782,-0.509169221,1.10460103,0.344580442,0.0387482494,0.121892095,-0.0248056073,-0.339253813,0.281838208,0.709405422,-0.19176954,-0.0190082062,-0.18977733
-0.0379811823,-0.29201138,0.779162288,0.036863938,0.0120015591,-0.961752534,0.271162421,-0.156839162,0.0557825938,0.0365015902,0.310091376,-0.264574975,0.127675131,-0.065268293,0.101381466,0.159622103,0.255515605,-0.11101687,0.0739216805,-0.227996722,0.0960585102,0.145579472,-0.00320298737,0.194808409,-0.506991267,1.11131215,0.343174934,0.0407695808,0.125844017,-0.0306657497,-0.332237035,0.288894504,0.749523699,-0.195621163,-0.0139949089,-0.192084029
-0.0395217426,-0.291311324,0.779234231,0.0374435484,0.0103351828,-0.967060208,0.251566738,-0.15763098,0.0524341092,0.0332694948,0.306872189,-0.263660997,0.127687141,-0.0672168806,0.10351859,0.169200614,0.256673038,-0.111479573,0.0755873099,-0.218203068,0.0918521583,0.146560386,-0.00945227407,0.197087198,-0.504619479,1.117589,0.341587275,0.0427876338,0.129763246,-0.0354006961,-0.325414062,0.295647264,0.784484386,-0.199272692,-0.00984849501,-0.193845078
-0.0410623029,-0.290611267,0.779306173,0.038008213,0.00866269227,-0.971971273,0.231845066,-0.158422813,0.0490856282,0.0300374031,0.303652972,-0.26274702,0.127699152,-0.0691654682,0.105655722,0.17877911,0.257830471,-0.111942269,0.0772529468,-0.208409414,0.0876458064,0.147541299,-0.0157015603,0.199365988,-0.502247751,1.12386572,0.339999616,0.0448056832,0.133682474,-0.0401356407,-0.318591058,0.302400023,0.819445074,-0.202924222,-0.00570208067,-0.195606112
-0.0426028594,-0.289911211,0.779378116,0.0385572016,0.00698616588,-0.976479053,0.212021813,-0.159214631,0.0457371436,0.0268053096,0.300433755,-0.261833042,0.127711162,-0.0711140558,0.107792854,0.188357607,0.258987874,-0.112404965,0.0789185837,-0.19861576,0.0834394544,0.148522213,-0.0219508484,0.201644778,-0.499875963,1.13014257,0.338411957,0.0468237363,0.137601703,-0.0448705852,-0.311768055,0.309152782,0.854405761,-0.206575751,-0.00155566586,-0.197367162
-0.0441434197,-0.289211184,0.779450059,0.0390898287,0.00530769816,-0.980577886,0.192121759,-0.160006449,0.042388659,0.0235732161,0.297214568,-0.260919034,0.127723172,-0.0730626434,0.109929986,0.197936103,0.260145307,-0.112867668,0.0805842131,-0.188822106,0.0792331025,0.149503127,-0.0282001328,0.203923568,-0.497504205,1.1364193,0.336824298,0.0488417856,0.141520917,-0.0496055298,-0.304945052,0.315905541,0.889366448,-0.210227266,0.00259074778,-0.199128211
-0.04568398,-0.288511127,0.779521942,0.0396054871,0.00362938805,-0.984264135,0.172169983,-0.160798281,0.0390401743,0.0203411225,0.293995351,-0.260005057,0.127735183,-0.0750112385,0.112067118,0.207514599,0.261302739,-0.113330364,0.08224985,-0.179028451,0.0750267431,0.15048404,-0.0344494209,0.206202358,-0.495132446,1.14269602,0.335236639,0.0508598387,0.145440146,-0.0543404743,-0.298122078,0.32265833,0.924327195,-0.213878796,0.00673716236,-0.20088926
-0.0469373837,-0.288223445,0.779516876,0.0402426794,0.00233540102,-0.987060905,0.155196071,-0.159010813,0.0379952043,0.0209535472,0.290724903,-0.261356682,0.128208697,-0.0789973512,0.112789907,0.212312549,0.26451993,-0.114398375,0.0844611824,-0.172030926,0.0710318983,0.151482359,-0.0384704955,0.208869889,-0.492576092,1.14827669,0.333564371,0.0524005853,0.147971049,-0.0603960678,-0.293920279,0.32751593,0.947740197,-0.215794489,0.00883084815,-0.202072039
-0.0481800251,-0.287951231,0.779508889,0.0408737883,0.00105382293,-0.989549935,0.138272598,-0.157126635,0.037036594,0.0217100978,0.287452549,-0.262793213,0.128699511,-0.0830598474,0.113459669,0.216931269,0.267814368,-0.115489073,0.086692974,-0.16513823,0.0670449808,0.152481332,-0.0424080379,0.211551979,-0.490012795,1.15383112,0.331888944,0.0539234392,0.150449902,-0.0665011704,-0.289816737,0.332302511,0.970720351,-0.217645124,0.0108475788,-0.203233153
-0.0494226664,-0.287679017,0.779500902,0.0414931178,-0.000228643476,-0.991748154,0.121300697,-0.155242473,0.03607798,0.0224666484,0.284180164,-0.264229774,0.129190326,-0.0871223435,0.114129439,0.221550003,0.271108776,-0.116579778,0.0889247656,-0.158245534,0.0630580559,0.153480291,-0.0463455804,0.214234084,-0.487449527,1.15938568,0.330213517,0.0554462969,0.15292874,-0.072606273,-0.285713196,0.337089062,0.993700445,-0.219495744,0.0128643103,-0.204394266
-0.0506653078,-0.287406832,0.779492915,0.0421001315,-0.00151086354,-0.993653774,0.104295418,-0.15335831,0.0351193659,0.023223199,0.28090781,-0.265666336,0.12968114,-0.0911848396,0.114799201,0.226168737,0.274403214,-0.117670476,0.0911565572,-0.151352853,0.0590711422,0.154479265,-0.0502831191,0.216916189,-0.484886259,1.16494012,0.32853809,0.0569691509,0.155407593,-0.0787113756,-0.281609684,0.341875643,1.0166806,-0.221346363,0.0148810409,-0.205555379
-0.0519079454,-0.287134618,0.779484928,0.0426943079,-0.00279170554,-0.995265365,0.0872718096,-0.151474133,0.0341607518,0.0239797514,0.277635425,-0.267102867,0.130171955,-0.0952473357,0.115468964,0.230787471,0.277697623,-0.118761174,0.0933883488,-0.144460157,0.0550842211,0.155478239,-0.0542206615,0.219598278,-0.482322961,1.17049468,0.326862663,0.0584920049,0.157886446,-0.0848164782,-0.277506143,0.346662223,1.03966069,-0.223196983,0.0168977734,-0.206716493
-0.0529266968,-0.287109613,0.779448509,0.0433285795,-0.00394095248,-0.996488869,0.0715346187,-0.14977859,0.0338020921,0.0261402689,0.275642663,-0.269543916,0.131954446,-0.0997565016,0.11530266,0.233006805,0.281541854,-0.120105207,0.0960803628,-0.138329417,0.0505052656,0.155527338,-0.057297565,0.222856984,-0.481806368,1.17470014,0.324380547,0.0594576262,0.159331739,-0.105324902,-0.28179428,0.350711912,1.04886723,-0.219729051,0.0170767847,-0.209297732
-0.053728804,-0.287323833,0.779384673,0.0440046862,-0.00496455096,-0.997390091,0.0570257232,-0.148265556,0.0340239629,0.0296593085,0.274888068,-0.272956938,0.134986803,-0.104697868,0.114327334,0.232904419,0.285918087,-0.121694364,0.099217698,-0.132935986,0.045353435,0.154657304,-0.0595416836,0.226673633,-0.483270198,1.17760015,0.321117908,0.0598840453,0.159776926,-0.139770418,-0.294202387,0.35404855,1.04474592,-0.211114705,0.0154775623,-0.213253126
-0.0545309074,-0.287538081,0.779320776,0.0446717776,-0.00598762603,-0.998079479,0.0424971581,-0.146752536,0.0342458375,0.0331783481,0.274133503,-0.276369959,0.138019159,-0.109639242,0.113352016,0.232802033,0.290294349,-0.12328352,0.102355041,-0.127542555,0.0402016044,0.153787285,-0.061785806,0.230490282,-0.484734029,1.18050015,0.317855239,0.0603104681,0.160222128,-0.174215958,-0.306610525,0.357385218,1.04062462,-0.202500373,0.0138783399,-0.217208505
-0.0553330146,-0.287752301,0.77925694,0.0453294031,-0.00700951833,-0.998556137,0.027958177,-0.145239502,0.0344677083,0.0366973877,0.273378909,-0.279782951,0.141051531,-0.114580609,0.112376697,0.232699648,0.294670582,-0.124872684,0.105492376,-0.122149132,0.0350497738,0.152917266,-0.0640299246,0.234306931,-0.486197859,1.18340027,0.3145926,0.0607368872,0.160667315,-0.208661482,-0.319018662,0.360721886,1.03650331,-0.193886042,0.0122791184,-0.221163899
-0.0561351217,-0.28796652,0.779193044,0.0459771678,-0.00802958012,-0.998820066,0.0134180747,-0.143726468,0.0346895829,0.040216431,0.272624314,-0.283195972,0.144083887,-0.119521976,0.111401379,0.232597262,0.299046814,-0.126461834,0.108629711,-0.116755702,0.029897945,0.152047247,-0.0662740469,0.238123596,-0.48766169,1.18630028,0.311329961,0.06116331,0.161112517,-0.243107006,-0.331426799,0.364058554,1.03238201,-0.185271695,0.010679896,-0.225119293
-0.0569242686,-0.288198739,0.779124022,0.0466182418,-0.00902999938,-0.998871386,-0.00106826425,-0.142172128,0.0350135379,0.0439541601,0.271925211,-0.286644042,0.147021204,-0.124451712,0.110371187,0.232135952,0.303518713,-0.128077015,0.111628391,-0.111610301,0.0248936787,0.151176378,-0.0683861226,0.241784215,-0.488918781,1.1893301,0.308195025,0.0616072305,0.161555275,-0.276106238,-0.343443364,0.367011189,1.02902079,-0.176858634,0.00917993113,-0.228934154
-0.0574799888,-0.288755506,0.778961658,0.0473145805,-0.00971925631,-0.998724103,-0.0147321895,-0.139873415,0.0371767506,0.0516320243,0.272225648,-0.290723503,0.148246229,-0.129171923,0.108352505,0.225208178,0.309713632,-0.130160823,0.112128854,-0.110933647,0.0225480665,0.1502904,-0.0681191161,0.242633626,-0.486451268,1.19469929,0.307361215,0.0623664558,0.161954165,-0.283047616,-0.348405004,0.363044888,1.03935337,-0.172071934,0.00946826581,-0.230217189
-0.0580357052,-0.289312243,0.778799236,0.048002474,-0.0104071237,-0.998389125,-0.0284019541,-0.137574703,0.0393399633,0.0593098886,0.272526085,-0.294802934,0.149471253,-0.133892134,0.106333815,0.21828039,0.315908521,-0.132244632,0.112629317,-0.110256992,0.0202024523,0.149404421,-0.0678521171,0.243483037,-0.483983755,1.20006835,0.306527406,0.0631256774,0.162353054,-0.289988995,-0.353366643,0.359078616,1.04968584,-0.167285234,0.00975659955,-0.231500223
-0.0585914254,-0.289868981,0.778636873,0.0486815125,-0.0110932086,-0.997866273,-0.0420698412,-0.135276005,0.0415031761,0.0669877455,0.272826523,-0.298882395,0.150696278,-0.13861233,0.104315124,0.211352617,0.322103441,-0.13432844,0.113129772,-0.109580338,0.01785684,0.148518443,-0.0675851107,0.244332463,-0.481516242,1.20543754,0.305693626,0.063884899,0.162751943,-0.296930373,-0.358328283,0.355112314,1.06001842,-0.162498534,0.0100449342,-0.232783258
-0.0591471419,-0.290425718,0.77847451,0.0493513197,-0.0117771244,-0.997156024,-0.0557281598,-0.132977292,0.0436663888,0.0746656135,0.27312696,-0.302961856,0.151921302,-0.143332541,0.102296434,0.204424828,0.32829836,-0.136412248,0.113630235,-0.108903684,0.0155112268,0.147632465,-0.0673181117,0.245181873,-0.479048729,1.21080661,0.304859817,0.0646441281,0.163150832,-0.303871751,-0.363289922,0.351146042,1.070351,-0.157711834,0.0103332689,-0.234066293
-0.0597028583,-0.290982455,0.778312147,0.0500115231,-0.0124584874,-0.996258795,-0.0693692192,-0.130678579,0.0458296053,0.082343474,0.273427397,-0.307041287,0.153146327,-0.148052752,0.100277744,0.197497055,0.334493279,-0.138496056,0.114130698,-0.108227029,0.0131656127,0.146746486,-0.0670511052,0.246031284,-0.476581186,1.21617579,0.304026037,0.0654033497,0.163549736,-0.310813159,-0.368251562,0.347179741,1.08068359,-0.152925134,0.0106216026,-0.235349327
-0.0601669773,-0.291572481,0.77816093,0.0507362001,-0.0130714765,-0.995191276,-0.0827611312,-0.127117708,0.0485980958,0.0924475044,0.271080762,-0.309654623,0.153418019,-0.152355611,0.0972125977,0.187422231,0.338708431,-0.140013874,0.114490449,-0.108445093,0.0130955847,0.146254882,-0.0645010024,0.24682653,-0.474043041,1.21783268,0.303735405,0.0653087944,0.162619129,-0.307907462,-0.371686488,0.339278162,1.0901767,-0.149133146,0.010387023,-0.235774964
-0.0605692454,-0.292184949,0.778017342,0.0515023209,-0.0136381118,-0.993955374,-0.0959914401,-0.122704618,0.0517752692,0.104189679,0.266946822,-0.311278045,0.153046012,-0.15637669,0.0934408754,0.175222531,0.341586828,-0.141149536,0.114755198,-0.109267265,0.0145620247,0.146029532,-0.0604093634,0.247585207,-0.471457213,1.2169832,0.30381155,0.0646377727,0.160790846,-0.298353106,-0.374090582,0.328719467,1.09910309,-0.146012753,0.00979937147,-0.235621706
-0.0609715171,-0.292797446,0.777873695,0.0522596017,-0.0142025528,-0.992542386,-0.109210007,-0.118291534,0.0549524426,0.115931854,0.262812883,-0.312901467,0.152674004,-0.160397768,0.0896691531,0.163022846,0.344465256,-0.142285198,0.115019955,-0.110089429,0.0160284638,0.145804182,-0.0563177206,0.24834387,-0.468871385,1.21613383,0.303887695,0.0639667436,0.158962563,-0.28879872,-0.376494676,0.318160772,1.10802948,-0.142892376,0.0092117209,-0.235468447
-0.0613737851,-0.293409914,0.777730048,0.0530076325,-0.0147644961,-0.990953028,-0.122409776,-0.113878459,0.0581296161,0.127674028,0.258678943,-0.314524889,0.152302012,-0.164418831,0.0858974308,0.150823146,0.347343653,-0.14342086,0.115284704,-0.1109116,0.0174949039,0.145578831,-0.0522260778,0.249102533,-0.466285527,1.21528435,0.30396384,0.063295722,0.15713428,-0.279244334,-0.37889877,0.307602048,1.11695588,-0.139771983,0.00862407032,-0.235315189
-0.0617760532,-0.294022411,0.777586401,0.053746026,-0.0153236473,-0.989188313,-0.135583773,-0.109465368,0.0613067895,0.139416203,0.254545003,-0.316148281,0.151930004,-0.16843991,0.0821257085,0.138623461,0.350222051,-0.144556522,0.11554946,-0.111733772,0.0189613439,0.145353496,-0.048134435,0.249861196,-0.463699698,1.21443486,0.304039985,0.0626246929,0.155305997,-0.269689947,-0.381302863,0.297043353,1.12588227,-0.136651605,0.00803641882,-0.23516193
-0.0621555224,-0.294641525,0.777451634,0.0544966944,-0.0158349928,-0.987249672,-0.148719385,-0.105030023,0.0646593422,0.151666045,0.25030899,-0.317662001,0.151609525,-0.172169328,0.0782402083,0.12562637,0.352356464,-0.145440251,0.115707345,-0.112447053,0.0205867831,0.144893944,-0.0439986885,0.250307769,-0.461452037,1.21349156,0.30414325,0.0618741997,0.153262421,-0.260133922,-0.382960737,0.287058085,1.13481832,-0.13372834,0.00748118525,-0.234808236
-0.0623964295,-0.29530102,0.777370632,0.0553733855,-0.01607172,-0.985138357,-0.161796093,-0.10045936,0.0690776929,0.167000979,0.245452508,-0.318509012,0.151602104,-0.174126357,0.0736632571,0.107783586,0.349969715,-0.144792944,0.115215816,-0.112498611,0.0231784489,0.143011212,-0.0395949446,0.248857841,-0.461259514,1.21197808,0.304411232,0.0606407821,0.149910569,-0.250567883,-0.380083978,0.280557513,1.14381289,-0.132003009,0.00712294504,-0.233236507
-0.0626373366,-0.295960546,0.777289629,0.056240797,-0.0163057409,-0.982851982,-0.174851567,-0.0958886966,0.0734960437,0.182335898,0.240596026,-0.319356024,0.151594698,-0.176083386,0.0690863058,0.0899408013,0.347582966,-0.144145638,0.114724286,-0.112550177,0.0257701147,0.141128466,-0.0351911969,0.247407913,-0.461066991,1.21046472,0.304679215,0.0594073609,0.146558732,-0.241001859,-0.37720722,0.274056911,1.15280759,-0.130277678,0.00676470483,-0.231664777
-0.0628782511,-0.296620041,0.777208626,0.057098452,-0.0165369324,-0.980391681,-0.187878877,-0.0913180411,0.0779143944,0.197670832,0.235739544,-0.320203036,0.151587278,-0.1780404,0.0645093545,0.0720980093,0.345196217,-0.143498331,0.114232756,-0.112601735,0.0283617787,0.139245719,-0.0307874493,0.245957986,-0.460874468,1.20895123,0.304947197,0.0581739433,0.143206879,-0.231435835,-0.374330461,0.26755634,1.16180217,-0.128552347,0.00640646461,-0.230093062
-0.0631191581,-0.297279567,0.777127624,0.0579459034,-0.0167651717,-0.977758586,-0.20087111,-0.0867473781,0.0823327377,0.213005751,0.230883077,-0.321050018,0.151579872,-0.179997429,0.0599324033,0.0542552248,0.342809439,-0.142851025,0.113741226,-0.112653293,0.0309534445,0.137362972,-0.0263837017,0.244508043,-0.460681945,1.20743775,0.30521518,0.056940522,0.139855027,-0.221869797,-0.371453702,0.261055768,1.17079687,-0.126827016,0.0060482244,-0.228521332
-0.0633600652,-0.297939062,0.777046621,0.0587827191,-0.0169903394,-0.974954486,-0.213821441,-0.0821767151,0.0867510885,0.22834067,0.226026595,-0.32189703,0.151572451,-0.181954458,0.0553554557,0.0364124402,0.34042269,-0.142203718,0.113249697,-0.112704858,0.0335451104,0.135480225,-0.021979956,0.243058115,-0.460489422,1.20592439,0.305483162,0.0557071045,0.136503175,-0.212303773,-0.368576944,0.254555166,1.17979157,-0.125101671,0.00568998465,-0.226949602
-0.0633016005,-0.298402578,0.776978195,0.0595364645,-0.0171668865,-0.971673489,-0.228059947,-0.0824428946,0.0936123952,0.242183611,0.228911832,-0.322864652,0.153125674,-0.179754734,0.051740244,0.0163897984,0.337834924,-0.141565964,0.11173775,-0.110174336,0.0364286602,0.133231536,-0.0181038771,0.24175936,-0.458811969,1.20337212,0.304223955,0.0546031184,0.13424857,-0.205357939,-0.365185857,0.251857489,1.18598163,-0.123759583,0.00500158779,-0.225317851
-0.0631058961,-0.298776269,0.77691555,0.0602442697,-0.0173188392,-0.968031645,-0.242869392,-0.084926486,0.101593643,0.255342573,0.235346168,-0.323887527,0.155394331,-0.175649375,0.0485659353,-0.00463218056,0.33515498,-0.140932605,0.10975799,-0.106460087,0.0394460261,0.130815089,-0.0144697018,0.24052991,-0.4564538,1.20034373,0.302264631,0.0535584763,0.132496983,-0.199613318,-0.361559004,0.250903249,1.19088602,-0.122593172,0.00416183425,-0.223658592
-0.0629101843,-0.29914996,0.776852906,0.060938362,-0.0174668245,-0.964162111,-0.257629395,-0.08741007,0.109574899,0.26850152,0.241780519,-0.324910432,0.157662988,-0.171544015,0.0453916267,-0.0256541576,0.332475066,-0.140299231,0.107778236,-0.102745831,0.042463392,0.128398627,-0.0108355284,0.23930046,-0.454095632,1.19731522,0.300305307,0.0525138304,0.130745381,-0.193868697,-0.357932121,0.249948978,1.19579053,-0.121426769,0.00332208071,-0.221999317
-0.0627144724,-0.299523652,0.776790261,0.0616182499,-0.0176107362,-0.96006757,-0.272329569,-0.0898936614,0.117556155,0.281660467,0.248214856,-0.325933307,0.15993166,-0.167438671,0.042217318,-0.0466761366,0.329795122,-0.139665872,0.105798475,-0.0990315825,0.0454807542,0.12598218,-0.00720135355,0.23807101,-0.451737463,1.19428682,0.298345953,0.0514691845,0.128993794,-0.188124076,-0.354305238,0.248994708,1.20069492,-0.120260358,0.00248232693,-0.220340058
-0.062518768,-0.299897313,0.776727617,0.0622834638,-0.0177504756,-0.955750883,-0.286959648,-0.0923772529,0.12553741,0.294819415,0.254649192,-0.326956213,0.162200317,-0.163333312,0.0390430093,-0.0676981062,0.327115208,-0.139032498,0.103818722,-0.0953173339,0.0484981202,0.123565726,-0.00356718013,0.236841559,-0.449379295,1.19125843,0.296386629,0.0504245423,0.127242208,-0.182379454,-0.350678355,0.248040453,1.20559931,-0.119093955,0.00164257328,-0.218680784
-0.0622401647,-0.300177991,0.776652277,0.0627893284,-0.0180364549,-0.951028049,-0.302122265,-0.0958673283,0.133762583,0.306162208,0.262903154,-0.328051567,0.164604321,-0.158909395,0.0358784646,-0.0865904242,0.324355006,-0.138788164,0.10252247,-0.0922882482,0.0515665859,0.121481746,-0.000381269783,0.235256135,-0.447268873,1.18783581,0.294288784,0.0493856706,0.1257983,-0.176708832,-0.346834242,0.24816592,1.20984149,-0.118562073,0.000856673578,-0.216945022
-0.0616840944,-0.300147295,0.776534259,0.0627938807,-0.0188216045,-0.945398331,-0.319256693,-0.102726519,0.142804265,0.311425596,0.277248025,-0.329389632,0.16746138,-0.153419107,0.0327466056,-0.0983539149,0.321326166,-0.139846072,0.103514157,-0.0915527046,0.054806117,0.120510697,0.00130412693,0.232479095,-0.445987791,1.18309402,0.291727275,0.0483661294,0.125384331,-0.171285957,-0.342262983,0.25190565,1.21186674,-0.120154217,0.000251044199,-0.214953199
-0.061128024,-0.300116599,0.776416242,0.0627779365,-0.0196013749,-0.939454377,-0.336303622,-0.10958571,0.151845947,0.316689014,0.291592866,-0.330727696,0.17031844,-0.147928819,0.0296147503,-0.110117398,0.318297297,-0.14090398,0.104505852,-0.0908171535,0.0580456443,0.119539641,0.00298952335,0.229702055,-0.444706678,1.17835224,0.289165795,0.0473465882,0.124970354,-0.165863097,-0.337691694,0.255645394,1.21389198,-0.121746354,-0.00035458518,-0.212961376
-0.0605719574,-0.300085902,0.776298225,0.0627414882,-0.0203749966,-0.93320179,-0.353246272,-0.116444901,0.160887629,0.321952403,0.305937737,-0.332065731,0.173175499,-0.142438531,0.0264828932,-0.121880889,0.315268427,-0.141961887,0.105497546,-0.0900816098,0.0612851754,0.118568584,0.00467492035,0.226925001,-0.443425596,1.17361045,0.286604285,0.0463270508,0.124556378,-0.160440221,-0.333120406,0.259385139,1.21591723,-0.123338491,-0.000960214646,-0.210969552
-0.060015887,-0.300055206,0.776180208,0.0626845583,-0.0211417116,-0.926646352,-0.370067984,-0.123304084,0.169929311,0.327215821,0.320282578,-0.333403796,0.176032558,-0.136948258,0.023351036,-0.133644387,0.312239587,-0.143019795,0.106489234,-0.0893460587,0.0645247027,0.117597528,0.00636031665,0.224147961,-0.442144483,1.16886866,0.284042805,0.0453075096,0.124142408,-0.155017346,-0.328549117,0.263124883,1.21794248,-0.124930635,-0.00156584394,-0.208977729
-0.0594598204,-0.300024509,0.776062191,0.0626072362,-0.0219007786,-0.919795215,-0.386752516,-0.130163282,0.178970993,0.332479239,0.33462745,-0.334741831,0.178889632,-0.13145797,0.020219177,-0.14540787,0.309210718,-0.144077688,0.107480928,-0.088610515,0.0677642301,0.116626471,0.00804571342,0.221370921,-0.440863371,1.16412687,0.281481326,0.0442879684,0.123728439,-0.149594471,-0.323977858,0.266864628,1.21996772,-0.126522779,-0.00217147334,-0.206985906
-0.0590222105,-0.299947739,0.776066363,0.0619657487,-0.0231366958,-0.912069499,-0.404665291,-0.135801598,0.182526797,0.32921353,0.343338728,-0.335831434,0.180789039,-0.129815027,0.0165823791,-0.142958865,0.307890028,-0.145176932,0.111195736,-0.09330035,0.0704027116,0.117597513,0.00822807848,0.21809727,-0.442512214,1.16008914,0.280091912,0.0433785804,0.123046272,-0.144446343,-0.320664406,0.271316856,1.22016358,-0.129361212,-0.00255618151,-0.204937011
-0.0586191155,-0.299857527,0.776106179,0.0611404181,-0.0245065801,-0.90380609,-0.422842562,-0.141084209,0.184484303,0.323462874,0.350408673,-0.336848617,0.182409436,-0.12929301,0.0127984677,-0.13636902,0.307067037,-0.146288201,0.115703933,-0.0995708779,0.0728660822,0.119134381,0.00797253381,0.214678943,-0.445014685,1.15625644,0.279044002,0.0425012857,0.12228597,-0.139378265,-0.317717463,0.275976658,1.21982646,-0.132562757,-0.00287652388,-0.202871487
-0.0582160242,-0.299767345,0.776145995,0.0602898896,-0.025867667,-0.895173192,-0.440863907,-0.146366835,0.186441809,0.317712218,0.357478619,-0.337865829,0.184029847,-0.128771007,0.00901455432,-0.129779175,0.306244016,-0.147399485,0.120212123,-0.105841406,0.0753294453,0.12067125,0.00771698961,0.211260602,-0.447517157,1.15242362,0.277996093,0.0416239947,0.121525668,-0.134310186,-0.31477052,0.28063646,1.21948922,-0.135764301,-0.00319686625,-0.200805962
-0.0578129292,-0.299677134,0.776185811,0.0594151616,-0.0272183102,-0.886180937,-0.458707392,-0.151649445,0.188399315,0.311961561,0.364548594,-0.338883013,0.185650244,-0.12824899,0.00523064192,-0.123189338,0.305421025,-0.148510769,0.12472032,-0.112111934,0.0777928159,0.122208118,0.00746144494,0.207842276,-0.450019628,1.14859092,0.276948184,0.0407467,0.120765366,-0.129242122,-0.311823547,0.285296261,1.21915209,-0.138965845,-0.00351720862,-0.198740438
-0.0574098341,-0.299586922,0.776225626,0.0585173294,-0.0285568945,-0.876840532,-0.476351798,-0.156932071,0.190356821,0.306210905,0.371618539,-0.339900225,0.187270656,-0.127726987,0.00144672871,-0.1165995,0.304598004,-0.149622038,0.129228517,-0.118382461,0.080256179,0.123744987,0.00720590074,0.204423949,-0.452522099,1.14475822,0.275900275,0.0398694053,0.120005064,-0.124174036,-0.308876604,0.289956063,1.21881497,-0.142167374,-0.00383755122,-0.196674913
-0.0570915677,-0.299525142,0.776277304,0.0576056689,-0.0298708268,-0.866691887,-0.494605511,-0.16174902,0.191037565,0.298188776,0.377054602,-0.340888798,0.188506559,-0.128185019,-0.00202218653,-0.108426116,0.303841591,-0.150131613,0.133097365,-0.126251325,0.0820502266,0.125310704,0.00587236974,0.201854646,-0.454976708,1.14143753,0.275159895,0.0391846076,0.119503811,-0.11928542,-0.306637585,0.294636786,1.21735859,-0.145309389,-0.00436576363,-0.194497302
-0.0569546074,-0.299524128,0.776354432,0.0566827245,-0.0311477073,-0.855102777,-0.514408708,-0.165570676,0.188989446,0.285311699,0.378998578,-0.341816187,0.188920677,-0.130737767,-0.00481784949,-0.0968681723,0.303227484,-0.149355158,0.135599732,-0.137536347,0.0824137181,0.12693809,0.00223482656,0.201099977,-0.457328916,1.13921142,0.275076807,0.0389112458,0.119556226,-0.114780359,-0.30591163,0.299362302,1.21351027,-0.148324147,-0.0053382637,-0.192080155
-0.0568176471,-0.299523115,0.776431561,0.0557283498,-0.0324099809,-0.84304291,-0.533968747,-0.169392332,0.186941326,0.272434622,0.380942553,-0.342743576,0.18933481,-0.133290499,-0.00761351222,-0.0853102356,0.302613378,-0.148578689,0.138102114,-0.148821369,0.0827772096,0.128565475,-0.00140271639,0.200345322,-0.459681153,1.13698518,0.274993718,0.0386378802,0.119608648,-0.110275298,-0.305185676,0.304087818,1.20966196,-0.151338905,-0.00631076377,-0.189663008
-0.0566806868,-0.299522102,0.776508689,0.0547439903,-0.0336556099,-0.830530345,-0.553253889,-0.173214003,0.184893206,0.259557545,0.382886529,-0.343670964,0.189748928,-0.135843247,-0.0104091745,-0.0737522915,0.301999271,-0.147802234,0.140604481,-0.160106391,0.0831407011,0.130192861,-0.00504025957,0.199590668,-0.462033361,1.13475895,0.274910659,0.0383645147,0.11966107,-0.105770245,-0.304459721,0.308813334,1.20581365,-0.154353663,-0.00728326337,-0.187245861
-0.0565437227,-0.299521118,0.776585817,0.0537311882,-0.0348825902,-0.817584932,-0.572233379,-0.17703566,0.182845086,0.246680468,0.384830505,-0.344598383,0.190163046,-0.13839598,-0.0132048381,-0.0621943474,0.301385164,-0.147025764,0.143106848,-0.171391413,0.0835041851,0.131820247,-0.00867780298,0.198835999,-0.464385569,1.13253272,0.27482757,0.0380911492,0.119713493,-0.101265185,-0.303733766,0.31353882,1.20196533,-0.157368407,-0.00825576298,-0.184828714
-0.0564067625,-0.299520105,0.776662946,0.0526916757,-0.0360890552,-0.804228902,-0.590878189,-0.180857316,0.180796966,0.233803406,0.38677448,-0.345525771,0.190577164,-0.140948728,-0.0160004999,-0.050636407,0.300771058,-0.146249294,0.14560923,-0.182676435,0.0838676766,0.133447632,-0.0123153459,0.198081344,-0.466737807,1.13030648,0.274744481,0.0378177874,0.119765915,-0.0967601314,-0.303007811,0.318264335,1.19811702,-0.160383165,-0.00922826305,-0.182411566
-0.0564787313,-0.299678057,0.776604712,0.0516212024,-0.0374038145,-0.789057136,-0.611003339,-0.182822913,0.177919477,0.224003524,0.386543632,-0.346046597,0.191119865,-0.144977212,-0.0179716703,-0.04638201,0.303307027,-0.146405607,0.145845056,-0.192820817,0.0823783278,0.133137167,-0.0170706064,0.198984906,-0.468552083,1.12792945,0.274547368,0.0378374793,0.120615304,-0.092536591,-0.302517921,0.322331607,1.19415808,-0.162173927,-0.0104527064,-0.180263102
-0.0565838367,-0.299861193,0.776525021,0.0505140387,-0.0387176946,-0.773114443,-0.63106519,-0.184494123,0.174910426,0.214691728,0.385967791,-0.3465029,0.19168295,-0.149239764,-0.0198120661,-0.0432860442,0.306342632,-0.146709859,0.145721391,-0.2027843,0.0805950984,0.132519349,-0.0220031496,0.200151488,-0.470281035,1.12552869,0.274332196,0.0379036516,0.121591106,-0.0883577168,-0.302065492,0.326294452,1.19018149,-0.163770556,-0.0117171099,-0.178157255
-0.056688942,-0.300044358,0.776445329,0.0493722484,-0.0400075018,-0.756642759,-0.650733113,-0.186165333,0.17190139,0.205379933,0.38539198,-0.346959233,0.192246035,-0.1535023,-0.021652462,-0.0401900783,0.309378237,-0.147014126,0.145597711,-0.212747768,0.078811869,0.131901518,-0.0269356929,0.201318055,-0.472010016,1.12312782,0.274117023,0.0379698277,0.122566909,-0.0841788352,-0.301613063,0.330257297,1.18620503,-0.165367171,-0.0129815144,-0.176051408
-0.0567940474,-0.300227523,0.776365638,0.0481980182,-0.0412706323,-0.739673853,-0.669967353,-0.187836528,0.168892339,0.196068138,0.38481617,-0.347415566,0.19280912,-0.157764852,-0.0234928578,-0.0370941125,0.312413841,-0.147318378,0.145474046,-0.22271125,0.0770286396,0.131283686,-0.031868238,0.202484637,-0.473738968,1.12072694,0.27390182,0.038036,0.123542711,-0.0799999535,-0.301160634,0.334220141,1.18222845,-0.166963801,-0.014245919,-0.173945576
-0.0568991527,-0.300410688,0.776285946,0.0469937734,-0.0425046608,-0.722242653,-0.688731015,-0.189507738,0.165883288,0.186756343,0.384240359,-0.34787187,0.193372205,-0.162027404,-0.0253332537,-0.0339981467,0.315449446,-0.14762263,0.145350382,-0.232674718,0.0752454102,0.130665869,-0.0368007794,0.20365122,-0.47546792,1.11832619,0.273686647,0.0381021723,0.124518506,-0.0758210719,-0.300708175,0.338182986,1.17825198,-0.168560416,-0.0155103225,-0.171839729
-0.0571060292,-0.300664812,0.776173234,0.0457082056,-0.0438188612,-0.704302788,-0.707070231,-0.189654782,0.162870973,0.181361392,0.382220566,-0.348037362,0.194282085,-0.166954041,-0.0274587292,-0.0347583406,0.320260972,-0.148482502,0.144836292,-0.241169363,0.0729153305,0.129156545,-0.042150978,0.204825342,-0.477787197,1.11573529,0.273604661,0.0381963775,0.125439152,-0.0725705624,-0.299792498,0.342122048,1.17514479,-0.169887051,-0.0165870767,-0.170061752
-0.0574609078,-0.301022142,0.776012361,0.0443123318,-0.0452677272,-0.685753345,-0.725072086,-0.187585339,0.159853905,0.181662425,0.378100991,-0.3477799,0.195696265,-0.172846392,-0.0299987681,-0.0411262363,0.327655017,-0.150150329,0.143754452,-0.247528002,0.069790028,0.126350805,-0.0481085442,0.206010461,-0.480964929,1.11286819,0.273716301,0.0383313373,0.126279593,-0.0706701055,-0.29820314,0.34602651,1.17330182,-0.170821071,-0.0173909441,-0.168760568
-0.0578157827,-0.301379442,0.775851548,0.0428841077,-0.0466886647,-0.666708708,-0.742617488,-0.18551591,0.156836838,0.181963459,0.373981416,-0.347522438,0.197110444,-0.178738758,-0.0325388089,-0.0474941283,0.335049063,-0.151818156,0.142672613,-0.25388664,0.0666647181,0.123545066,-0.0540661104,0.207195595,-0.484142631,1.11000109,0.27382797,0.0384663008,0.127120033,-0.0687696487,-0.296613783,0.349931002,1.17145896,-0.17175509,-0.0181948133,-0.167459384
-0.0581706613,-0.301736772,0.775690734,0.0414263122,-0.0480787046,-0.647205651,-0.759669125,-0.183446482,0.153819755,0.182264492,0.369861811,-0.347264975,0.198524624,-0.184631109,-0.0350788496,-0.0538620241,0.342443138,-0.153485999,0.141590774,-0.260245264,0.0635394156,0.120739326,-0.0600236766,0.208380714,-0.487320364,1.1071341,0.27393961,0.0386012606,0.127960488,-0.0668691918,-0.295024425,0.353835464,1.16961598,-0.172689095,-0.0189986825,-0.166158199
-0.0585255362,-0.302094072,0.775529861,0.0399419293,-0.0494350493,-0.627284229,-0.776192904,-0.181377038,0.150802687,0.182565525,0.365742236,-0.347007513,0.199938804,-0.190523461,-0.0376188904,-0.0602299199,0.349837184,-0.155153826,0.140508935,-0.266603887,0.0604141094,0.117933586,-0.0659812465,0.209565833,-0.490498066,1.104267,0.274051279,0.0387362242,0.128800929,-0.064968735,-0.293435067,0.357739925,1.16777301,-0.173623115,-0.0198025499,-0.164857015
-0.0588804111,-0.302451372,0.775369048,0.0384340696,-0.0507551245,-0.606986463,-0.792158008,-0.17930761,0.147785619,0.182866558,0.361622661,-0.346750051,0.201352984,-0.196415827,-0.0401589312,-0.0665978119,0.357231259,-0.156821668,0.139427096,-0.27296254,0.0572887994,0.115127847,-0.0719388127,0.210750952,-0.493675798,1.1013999,0.274162918,0.0388711877,0.129641369,-0.0630682781,-0.291845679,0.361644417,1.16593015,-0.174557135,-0.0206064191,-0.163555831
-0.0593785867,-0.302762598,0.77518779,0.0367677547,-0.052369304,-0.585325241,-0.808269799,-0.175776601,0.145015895,0.190085039,0.356087863,-0.345583618,0.203844652,-0.199172854,-0.0443321019,-0.0807746574,0.364467502,-0.159832701,0.138284877,-0.274584055,0.0535512827,0.111261241,-0.074010469,0.211216018,-0.495510072,1.09988785,0.274280131,0.0387268029,0.12952812,-0.0609040745,-0.289684892,0.362769514,1.16631544,-0.173878565,-0.0213977974,-0.162905216
-0.0598840117,-0.303071469,0.775005519,0.0350631662,-0.0539656691,-0.563126028,-0.823861241,-0.172171623,0.142258704,0.197653681,0.350481421,-0.34437117,0.206390873,-0.201771185,-0.0485879406,-0.0953467712,0.371695757,-0.162911743,0.137139618,-0.27596581,0.0497827753,0.107340932,-0.07588543,0.211644635,-0.497276336,1.09844446,0.274397612,0.0385682769,0.129366592,-0.0587265156,-0.287495136,0.363753945,1.16681361,-0.173118368,-0.0221885443,-0.162287548
-0.0603894368,-0.30338034,0.774823248,0.0333305709,-0.0555237979,-0.540483057,-0.838858783,-0.168566644,0.139501512,0.205222309,0.344874978,-0.343158692,0.208937094,-0.204369515,-0.0528437793,-0.109918885,0.378924012,-0.16599077,0.135994345,-0.277347594,0.046014268,0.103420623,-0.0777603909,0.212073252,-0.4990426,1.09700096,0.274515092,0.0384097546,0.129205063,-0.0565489605,-0.285305411,0.364738375,1.16731167,-0.17235817,-0.0229792912,-0.161669865
-0.0608948618,-0.303689182,0.774640977,0.0315738022,-0.0570401773,-0.51744628,-0.85322845,-0.164961666,0.13674432,0.212790936,0.339268565,-0.341946244,0.211483315,-0.206967846,-0.057099618,-0.124490991,0.386152267,-0.169069812,0.134849086,-0.278729349,0.0422457606,0.0995003209,-0.0796353444,0.212501854,-0.500808835,1.09555757,0.274632573,0.0382512324,0.129043549,-0.0543714054,-0.283115685,0.365722775,1.16780972,-0.171597987,-0.0237700362,-0.161052197
-0.0614002906,-0.303998053,0.774458706,0.0297968443,-0.0585115664,-0.494068086,-0.8669402,-0.161356673,0.133987129,0.220359579,0.333662122,-0.340733796,0.214029521,-0.209566176,-0.0613554567,-0.139063105,0.393380523,-0.172148854,0.133703813,-0.280111104,0.0384772532,0.0955800116,-0.0815103054,0.212930471,-0.502575099,1.09411407,0.274750054,0.0380927064,0.128882021,-0.0521938466,-0.28092593,0.366707206,1.1683079,-0.17083779,-0.0245607831,-0.160434514
-0.0619470775,-0.304403454,0.774282873,0.0278455373,-0.0598832369,-0.470087677,-0.88014555,-0.159426689,0.132370278,0.227659196,0.33232221,-0.339695156,0.216298118,-0.209301338,-0.0654992983,-0.154304877,0.399338216,-0.175680354,0.132269949,-0.280809999,0.0356418304,0.0913187414,-0.0807813108,0.21353735,-0.50273484,1.09348011,0.274606496,0.0378826074,0.128297761,-0.0501096807,-0.27934885,0.366622865,1.16934001,-0.169870347,-0.0252853129,-0.159750327
-0.0625358596,-0.304906815,0.774113595,0.0257089362,-0.061158102,-0.445392191,-0.89287436,-0.159197509,0.131911322,0.234685674,0.335314512,-0.338833004,0.218284816,-0.206129253,-0.0695294291,-0.170226589,0.404005855,-0.179671288,0.130543023,-0.280815512,0.0337538607,0.0867112577,-0.077408269,0.214325219,-0.50126332,1.0936681,0.274197876,0.0376201347,0.127284274,-0.0481203385,-0.278393805,0.365453303,1.17091453,-0.168692499,-0.0259426087,-0.158998609
-0.0631246418,-0.305410177,0.773944318,0.0235481597,-0.0623876899,-0.420301557,-0.90493089,-0.158968315,0.131452382,0.241712138,0.338306814,-0.337970853,0.220271513,-0.202957153,-0.0735595524,-0.186148316,0.408673465,-0.183662221,0.128816113,-0.280821025,0.0318658873,0.0821037665,-0.0740352198,0.215113088,-0.499791771,1.09385598,0.273789257,0.0373576656,0.126270771,-0.0461309962,-0.27743876,0.36428377,1.17248905,-0.167514637,-0.0265999027,-0.158246875
-0.0637134239,-0.305913538,0.773775101,0.0213681981,-0.0635689721,-0.39487341,-0.916284561,-0.15873912,0.130993426,0.248738602,0.341299117,-0.337108672,0.222258195,-0.199785054,-0.0775896758,-0.202070042,0.413341075,-0.187653154,0.127089188,-0.280826539,0.0299779139,0.0774962828,-0.0706621781,0.215900972,-0.498320222,1.09404397,0.273380637,0.0370951928,0.125257269,-0.0441416539,-0.276483715,0.363114208,1.17406344,-0.166336775,-0.0272571985,-0.157495156
-0.0643022135,-0.306416899,0.773605824,0.0191741791,-0.0646992326,-0.369167686,-0.926909685,-0.158509925,0.130534485,0.25576508,0.344291419,-0.33624652,0.224244893,-0.196612969,-0.0816197991,-0.217991769,0.418008685,-0.191644087,0.125362262,-0.280832052,0.0280899424,0.072888799,-0.0672891364,0.216688842,-0.496848673,1.09423184,0.272972018,0.03683272,0.124243774,-0.0421523117,-0.275528699,0.361944675,1.17563796,-0.165158913,-0.0279144924,-0.156743422
-0.0648993477,-0.306933254,0.77343899,0.0169209838,-0.0657582432,-0.343153149,-0.936822057,-0.158568829,0.130108342,0.262414485,0.347929716,-0.335366547,0.22614722,-0.193384394,-0.0857274607,-0.233674437,0.422568768,-0.195663944,0.12372335,-0.28098762,0.0262927469,0.0682656765,-0.0638164952,0.217450157,-0.49547103,1.0942148,0.272559375,0.0365240537,0.123185404,-0.0401917398,-0.274681836,0.360796928,1.17701209,-0.163971528,-0.0285639614,-0.156010434
-0.0656941608,-0.30775702,0.773330033,0.0134585192,-0.066337049,-0.314631343,-0.94679749,-0.165445834,0.130458683,0.26014024,0.366856009,-0.33406499,0.226052657,-0.188819408,-0.0916700214,-0.243699223,0.424583554,-0.20036827,0.124167226,-0.284694374,0.0266439356,0.0632724911,-0.0579867698,0.217582822,-0.496315777,1.08934438,0.272051126,0.0351221003,0.121065132,-0.0389120467,-0.276395231,0.360165566,1.17364621,-0.162558749,-0.0290281922,-0.155720651
-0.0664889663,-0.308580816,0.773221135,0.00997265242,-0.0668559819,-0.285727262,-0.955923975,-0.172322839,0.130809009,0.257865965,0.385782331,-0.332763433,0.225958094,-0.184254408,-0.0976125821,-0.253724009,0.42659837,-0.205072597,0.124611095,-0.288401127,0.0269951243,0.0582793094,-0.0521570407,0.217715502,-0.497160554,1.08447397,0.271542907,0.0337201431,0.118944854,-0.0376323573,-0.278108597,0.359534174,1.17028034,-0.161145955,-0.0294924211,-0.155430868
-0.0672837794,-0.309404612,0.773112178,0.0064730132,-0.0673132315,-0.256519616,-0.964170516,-0.179199845,0.13115935,0.25559172,0.404708624,-0.331461877,0.225863516,-0.179689407,-0.103555143,-0.263748795,0.428613156,-0.209776923,0.12505497,-0.29210788,0.027346313,0.0532861277,-0.0463273115,0.217848167,-0.498005301,1.07960355,0.271034658,0.0323181897,0.116824582,-0.0363526642,-0.279821992,0.358902782,1.16691434,-0.159733161,-0.0299566519,-0.155141085
-0.0680785924,-0.310228407,0.773003221,0.00296937581,-0.0677074045,-0.227089688,-0.971512794,-0.186076865,0.131509677,0.253317446,0.423634946,-0.33016032,0.225768954,-0.175124407,-0.109497704,-0.273773581,0.430627972,-0.214481249,0.125498831,-0.295814633,0.0276975017,0.0482929461,-0.0404975824,0.217980847,-0.498850048,1.07473314,0.270526409,0.0309162326,0.114704303,-0.0350729749,-0.281535387,0.35827142,1.16354847,-0.158320382,-0.0304208808,-0.154851288
-0.0688734055,-0.311052203,0.772894323,-0.000528462057,-0.068037726,-0.197520688,-0.977934599,-0.19295387,0.131860018,0.2510432,0.442561269,-0.328858763,0.225674391,-0.170559421,-0.115440264,-0.283798367,0.432642758,-0.219185576,0.125942707,-0.299521387,0.0280486904,0.0432997607,-0.0346678533,0.218113512,-0.499694824,1.06986272,0.27001819,0.0295142774,0.112584032,-0.0337932818,-0.283248782,0.357640028,1.1601826,-0.156907588,-0.0308851115,-0.154561505
-0.0697399229,-0.312011927,0.772884488,-0.0038561488,-0.068245016,-0.16902934,-0.983237982,-0.200680465,0.131914765,0.247884944,0.459511638,-0.326537043,0.226160616,-0.165637568,-0.119650133,-0.29181087,0.433795393,-0.222130448,0.1258488,-0.301599413,0.0288400464,0.0391979665,-0.0270642173,0.217892006,-0.49966985,1.06674623,0.269347847,0.0283085611,0.110471539,-0.0340597183,-0.283840358,0.359223574,1.15616584,-0.156841323,-0.0313895717,-0.153937325
-0.0706573352,-0.313068151,0.772945106,-0.00707541825,-0.0683540329,-0.141162276,-0.987598479,-0.20901002,0.131759748,0.244099334,0.475059718,-0.323491335,0.227059036,-0.160462484,-0.122630306,-0.298395276,0.434336185,-0.223826662,0.125373229,-0.302521586,0.0299437866,0.0357287787,-0.0182016436,0.217419133,-0.49902761,1.06487453,0.268562436,0.0272421166,0.108364575,-0.0354234353,-0.283635765,0.362379044,1.15168738,-0.157730669,-0.0319225825,-0.153075814
-0.0715747476,-0.314124376,0.773005664,-0.0102949236,-0.0684080124,-0.113129653,-0.991169035,-0.21733956,0.131604731,0.240313724,0.490607798,-0.320445657,0.227957442,-0.155287385,-0.125610486,-0.304979652,0.434876978,-0.225522861,0.124897666,-0.30344373,0.0310475267,0.0322595946,-0.00933907181,0.216946259,-0.49838537,1.06300282,0.267777026,0.0261756703,0.106257617,-0.0367871523,-0.283431202,0.365534544,1.14720893,-0.15862003,-0.0324555933,-0.152214289
-0.0724921599,-0.3151806,0.773066223,-0.01350684,-0.068406634,-0.0849989653,-0.993938208,-0.225669101,0.131449714,0.236528099,0.506155908,-0.317399949,0.228855848,-0.150112286,-0.128590658,-0.311564058,0.435417771,-0.22721906,0.124422103,-0.304365903,0.0321512669,0.0287904087,-0.000476498972,0.216473401,-0.49774313,1.06113112,0.266991645,0.0251092259,0.104150653,-0.0381508693,-0.283226609,0.368690014,1.14273036,-0.159509391,-0.0329886042,-0.151352778
-0.0734095722,-0.316236794,0.773126781,-0.0167034026,-0.0683500245,-0.0568385907,-0.995900989,-0.233998656,0.131294683,0.232742488,0.521703959,-0.314354241,0.229754269,-0.144937202,-0.131570831,-0.318148434,0.435958564,-0.228915259,0.123946533,-0.305288047,0.0332550071,0.0253212228,0.00838607457,0.216000527,-0.49710089,1.05925941,0.266206235,0.0240427796,0.102043688,-0.0395145863,-0.283022016,0.371845484,1.1382519,-0.160398737,-0.0335216112,-0.150491267
-0.0743056312,-0.317293227,0.773208201,-0.0196474548,-0.0681489184,-0.0295965858,-0.997042537,-0.241495222,0.130945519,0.228077933,0.53518343,-0.310991704,0.229917169,-0.140066683,-0.134010673,-0.321911097,0.435812831,-0.23008047,0.123736225,-0.305746317,0.0345068201,0.0221785884,0.0170518309,0.21521157,-0.496415615,1.05762899,0.265426427,0.0229791906,0.100183018,-0.0407252423,-0.28277868,0.374855787,1.13359606,-0.16130051,-0.0340215079,-0.149823159
-0.075057812,-0.31835112,0.773429751,-0.0210297909,-0.0673012063,-0.00828484818,-0.997476637,-0.243380591,0.129288509,0.217492521,0.534727752,-0.305494875,0.225125432,-0.13724795,-0.132810622,-0.306665272,0.431042403,-0.227668658,0.125312805,-0.303079545,0.0367560871,0.0212357119,0.0243917648,0.212293372,-0.495440274,1.05762374,0.264684379,0.0219348427,0.0999814421,-0.0409048349,-0.282274306,0.376888126,1.12774563,-0.162285909,-0.0342983231,-0.150457844
-0.0758099928,-0.319409013,0.773651361,-0.0224045273,-0.0664214343,0.0130619239,-0.997454643,-0.245265946,0.1276315,0.206907094,0.534272134,-0.299998015,0.220333681,-0.134429216,-0.131610572,-0.291419476,0.426271975,-0.225256845,0.126889393,-0.300412774,0.039005354,0.0202928372,0.0317316987,0.209375173,-0.494464934,1.0576185,0.263942301,0.0208904948,0.0997798741,-0.0410844274,-0.281769902,0.378920466,1.12189519,-0.163271323,-0.0345751382,-0.151092544
-0.0765621737,-0.320466906,0.773872912,-0.0237697344,-0.0655106977,0.0344144218,-0.996974885,-0.247151315,0.125974491,0.196321666,0.533816457,-0.294501185,0.215541929,-0.131610498,-0.130410522,-0.276173681,0.421501547,-0.222845048,0.128465965,-0.297746032,0.041254621,0.0193499625,0.0390716307,0.206456974,-0.493489593,1.05761313,0.263200223,0.0198461469,0.0995782986,-0.0412640162,-0.281265497,0.380952805,1.11604476,-0.164256722,-0.0348519534,-0.151727244
-0.0773143619,-0.321524799,0.774094522,-0.025123544,-0.064570263,0.0557432882,-0.996038258,-0.24903667,0.12431749,0.185736254,0.533360839,-0.289004326,0.210750192,-0.128791764,-0.129210472,-0.260927886,0.416731119,-0.220433235,0.130042553,-0.295079261,0.043503888,0.0184070878,0.0464115664,0.203538775,-0.492514253,1.05760789,0.262458146,0.018801799,0.0993767306,-0.0414436087,-0.280761123,0.382985145,1.11019433,-0.165242121,-0.0351287685,-0.152361944
-0.0780665427,-0.322582692,0.774316132,-0.026464114,-0.0636014789,0.0770192519,-0.994646966,-0.250922024,0.12266048,0.175150827,0.532905161,-0.283507496,0.205958441,-0.125973031,-0.128010422,-0.245682091,0.411960691,-0.218021423,0.131619126,-0.29241249,0.0457531586,0.0174642131,0.0537514985,0.200620577,-0.491538912,1.05760252,0.261716068,0.0177574512,0.0991751552,-0.0416232012,-0.280256718,0.385017484,1.10434389,-0.166227534,-0.0354055837,-0.152996629
-0.0782978386,-0.323576272,0.774513423,-0.0286629479,-0.0621480159,0.10521777,-0.992091358,-0.257129788,0.10431131,0.136477306,0.529379547,-0.274256915,0.201212779,-0.119378321,-0.133124515,-0.252642781,0.407199472,-0.218744203,0.135593727,-0.315546274,0.0497665405,0.0130755492,0.0591742247,0.198518604,-0.493923366,1.05692172,0.261282116,0.0168815833,0.100484021,-0.0397207476,-0.27925083,0.384915292,1.09717011,-0.167521685,-0.0365568213,-0.154510036
-0.0782767609,-0.324538708,0.774699032,-0.0312663317,-0.0604099147,0.136807159,-0.988259494,-0.265431821,0.0778744668,0.0841945484,0.524366498,-0.263187557,0.196489453,-0.110954084,-0.141297951,-0.270362973,0.402442724,-0.22098574,0.140730217,-0.351180881,0.0546346754,0.00701733679,0.0636680275,0.196812093,-0.497935683,1.05591357,0.260997504,0.0160873476,0.102524728,-0.036809504,-0.278001994,0.38377887,1.08935535,-0.168965459,-0.0381317325,-0.156449184
-0.0782556757,-0.325501144,0.774884582,-0.0338432789,-0.0586060882,0.16832459,-0.983405769,-0.273733854,0.0514376312,0.031911809,0.51935339,-0.2521182,0.191766128,-0.102529846,-0.149471387,-0.288083136,0.397685945,-0.223227292,0.145866707,-0.386815518,0.0595028065,0.000959124241,0.0681618378,0.195105582,-0.501947999,1.0549053,0.260712862,0.0152931111,0.104565427,-0.0338982604,-0.276753128,0.382642448,1.08154047,-0.170409217,-0.0397066437,-0.158388332
-0.078234598,-0.32646358,0.77507019,-0.036385756,-0.0567418784,0.199672684,-0.977541506,-0.282035887,0.0250007883,-0.0203709435,0.514340341,-0.241048843,0.187042788,-0.0941056088,-0.157644808,-0.305803299,0.392929167,-0.225468829,0.151003182,-0.422450125,0.0643709451,-0.00509908935,0.0726556405,0.193399072,-0.505960286,1.05389714,0.26042822,0.0144988745,0.106606126,-0.030987015,-0.275504291,0.381506026,1.07372558,-0.171852976,-0.0412815548,-0.160327479
-0.0782135203,-0.327425987,0.77525574,-0.0388860442,-0.0548231713,0.230755508,-0.970687509,-0.29033792,-0.00143604621,-0.072653681,0.509327233,-0.2299795,0.182319462,-0.0856813714,-0.165818244,-0.323523492,0.388172418,-0.227710381,0.156139672,-0.458084732,0.0692390725,-0.0111573003,0.0771494433,0.191692576,-0.509972632,1.05288899,0.260143608,0.0137046389,0.108646832,-0.0280757714,-0.274255425,0.380369604,1.0659107,-0.17329675,-0.042856466,-0.162266612
-0.0781357288,-0.328357041,0.775423586,-0.0414420813,-0.0528117605,0.261476129,-0.962872684,-0.297127038,-0.0257811435,-0.119659752,0.503537297,-0.220010027,0.178426802,-0.0796784237,-0.174016207,-0.336336374,0.385023922,-0.229902416,0.160999432,-0.489690334,0.0727311522,-0.0169519223,0.0808055848,0.190359771,-0.512433529,1.05169713,0.259526819,0.0130045479,0.110617831,-0.0255058892,-0.273624361,0.379677594,1.05751836,-0.174250573,-0.0443576165,-0.163786337
-0.0778544918,-0.329175502,0.775527954,-0.0443366654,-0.0505846031,0.291939676,-0.954068482,-0.298488349,-0.0426218808,-0.147735178,0.494960219,-0.213986501,0.177514225,-0.0823621303,-0.182302207,-0.331543922,0.387645215,-0.231916904,0.164866373,-0.506841302,0.071286507,-0.021800885,0.0814565197,0.190367684,-0.509328663,1.04984665,0.257718414,0.0126422131,0.112338766,-0.0241606832,-0.275209695,0.380579978,1.04705393,-0.17344673,-0.0455941372,-0.163801342
-0.0775732547,-0.329993963,0.775632262,-0.0471948348,-0.0482987724,0.322198778,-0.944260418,-0.299849659,-0.0594626218,-0.175810605,0.48638311,-0.207962975,0.176601648,-0.0850458369,-0.190588206,-0.326751471,0.390266538,-0.233931378,0.168733314,-0.52399224,0.0698418543,-0.0266498476,0.0821074545,0.190375596,-0.506223857,1.04799604,0.255910009,0.0122798784,0.114059702,-0.0228154752,-0.27679503,0.381482333,1.03658962,-0.172642887,-0.0468306616,-0.163816348
-0.0772920176,-0.330812424,0.77573657,-0.0500075333,-0.0459609553,0.352158695,-0.933472514,-0.30121094,-0.0763033628,-0.203886032,0.477806032,-0.201939449,0.175689071,-0.0877295434,-0.19887422,-0.321959019,0.392887861,-0.235945851,0.172600254,-0.541143179,0.0683972016,-0.0314988121,0.0827583894,0.190383509,-0.503118992,1.04614544,0.254101604,0.0119175445,0.115780637,-0.0214702673,-0.278380334,0.382384717,1.02612531,-0.171839029,-0.048067186,-0.163831338
-0.0770107806,-0.331630856,0.775840878,-0.0527661107,-0.0435783491,0.381727278,-0.921738088,-0.30257225,-0.0931440964,-0.231961444,0.469228923,-0.195915923,0.174776509,-0.09041325,-0.20716022,-0.317166567,0.395509154,-0.237960324,0.17646718,-0.558294177,0.0669525489,-0.0363477729,0.0834093168,0.190391436,-0.500014126,1.04429495,0.252293199,0.0115552098,0.117501572,-0.0201250613,-0.279965669,0.383287072,1.015661,-0.171035185,-0.0493037067,-0.163846344
-0.0767295435,-0.332449317,0.775945187,-0.0554624237,-0.0411585197,0.410816133,-0.909098506,-0.303933561,-0.109984837,-0.260036886,0.460651845,-0.189892396,0.173863932,-0.0930969566,-0.215446219,-0.312374115,0.398130476,-0.239974812,0.180334121,-0.575445116,0.0655078962,-0.0411967337,0.0840602517,0.190399349,-0.496909261,1.04244435,0.250484794,0.011192875,0.119222507,-0.0187798534,-0.281551003,0.384189457,1.00519657,-0.170231342,-0.0505402312,-0.163861349
-0.07622125,-0.333358407,0.775829732,-0.0583802611,-0.038769789,0.439435691,-0.895536125,-0.302259356,-0.121173941,-0.278251916,0.451689452,-0.186534792,0.173638433,-0.0992521569,-0.222181112,-0.3031376,0.402831197,-0.241928831,0.183114827,-0.588627219,0.061923746,-0.0454878137,0.0821121335,0.192098781,-0.494042248,1.04058039,0.249315485,0.0113320164,0.120569594,-0.0158972722,-0.284342289,0.383826852,0.99111557,-0.167944849,-0.0521054603,-0.163193136
-0.075642176,-0.334295779,0.775645792,-0.0613376237,-0.0363538936,0.4677127,-0.880999982,-0.299638808,-0.130601123,-0.293392926,0.442606896,-0.184008285,0.173627138,-0.106489606,-0.228432447,-0.292515635,0.408180207,-0.243864,0.185556889,-0.60057199,0.0576726012,-0.0496049672,0.0793537423,0.194325566,-0.491249382,1.03871214,0.24834539,0.0116274944,0.121800132,-0.0125354072,-0.287509531,0.383069873,0.975907087,-0.165196136,-0.053773161,-0.162311956
-0.0750631019,-0.335233122,0.775461793,-0.0642377809,-0.0338958055,0.495564818,-0.865528762,-0.29701826,-0.140028298,-0.308533937,0.43352437,-0.181481779,0.173615843,-0.113727055,-0.234683782,-0.281893671,0.413529217,-0.245799184,0.18799895,-0.61251682,0.0534214526,-0.0537221208,0.0765953586,0.196552351,-0.488456517,1.0368439,0.247375309,0.0119229732,0.123030677,-0.00917354319,-0.290676802,0.382312924,0.960698545,-0.162447423,-0.0554408655,-0.161430761
-0.0744840279,-0.336170495,0.775277853,-0.0670715943,-0.0314029977,0.522904873,-0.849167764,-0.294397712,-0.149455488,-0.323674977,0.424441844,-0.178955272,0.173604548,-0.120964497,-0.240935117,-0.271271706,0.418878227,-0.247734353,0.190441027,-0.624461591,0.0491703078,-0.0578392781,0.0738369748,0.198779136,-0.485663652,1.03497565,0.246405214,0.0122184511,0.124261215,-0.00581167964,-0.293844044,0.381555945,0.945490003,-0.15969871,-0.0571085699,-0.160549566
-0.0739049539,-0.337107837,0.775093913,-0.0698305666,-0.0288832672,0.549650192,-0.831970036,-0.291777194,-0.158882663,-0.338815987,0.415359318,-0.176428765,0.173593253,-0.128201947,-0.247186452,-0.26064977,0.424227208,-0.249669537,0.192883089,-0.636406422,0.0449191593,-0.0619564317,0.0710785836,0.201005921,-0.482870787,1.0331074,0.245435134,0.01251393,0.125491753,-0.0024498147,-0.297011316,0.380798995,0.93028152,-0.156950012,-0.0587762743,-0.159668371
-0.0732804164,-0.33789596,0.7749089,-0.0724677369,-0.0264207385,0.575749874,-0.813979387,-0.289366156,-0.166507855,-0.350610465,0.407318681,-0.174245909,0.173753843,-0.134625688,-0.252035141,-0.253061742,0.429212332,-0.251526177,0.193540409,-0.647363067,0.0411754139,-0.0659326911,0.0677061677,0.203326613,-0.480457425,1.03142643,0.244688645,0.0129719554,0.126994461,0.00130158139,-0.299856782,0.379599631,0.91641897,-0.154211119,-0.0600064881,-0.159075141
-0.072553128,-0.33834672,0.774721444,-0.0749448612,-0.0241013002,0.601347923,-0.795099378,-0.287428737,-0.170059577,-0.354839921,0.401633263,-0.17283991,0.174303025,-0.139210016,-0.253713071,-0.252332032,0.433374822,-0.253205299,0.19016324,-0.656086087,0.0385786742,-0.0695904642,0.0629456937,0.205859587,-0.478901833,1.03016877,0.244447604,0.0137974247,0.129112437,0.00593353109,-0.301974863,0.377400309,0.905599117,-0.151494458,-0.0602477379,-0.159132883
-0.0718258321,-0.33879748,0.774534047,-0.0773522258,-0.0217503048,0.626402855,-0.775346994,-0.285491318,-0.173611298,-0.359069407,0.395947844,-0.171433911,0.174852207,-0.143794343,-0.255390972,-0.251602352,0.437537342,-0.254884392,0.186786085,-0.664809108,0.0359819345,-0.0732482374,0.0581852198,0.20839256,-0.477346271,1.02891111,0.244206563,0.014622895,0.131230399,0.0105654802,-0.304092914,0.375200957,0.894779265,-0.148777783,-0.0604889877,-0.159190625
-0.0710985363,-0.33924827,0.77434665,-0.0796819478,-0.0193748549,0.650834024,-0.754778385,-0.283553898,-0.177163005,-0.363298863,0.390262425,-0.170027912,0.175401405,-0.148378655,-0.257068902,-0.250872672,0.441699862,-0.256563514,0.183408916,-0.673532069,0.0333851948,-0.0769060031,0.0534247458,0.210925519,-0.475790709,1.02765346,0.243965521,0.0154483644,0.133348376,0.0151974298,-0.306210995,0.373001605,0.883959413,-0.146061122,-0.0607302375,-0.159248367
-0.0703712404,-0.33969903,0.774159253,-0.0819269046,-0.0169822946,0.674566269,-0.733457565,-0.281616479,-0.180714726,-0.367528349,0.384577006,-0.168621913,0.175950587,-0.152962983,-0.258746833,-0.250142962,0.445862353,-0.258242637,0.180031762,-0.682255089,0.0307884533,-0.0805637762,0.0486642718,0.213458493,-0.474235147,1.0263958,0.24372448,0.0162738338,0.135466352,0.0198293794,-0.308329046,0.370802253,0.873139501,-0.143344462,-0.0609714873,-0.159306109
-0.0696439445,-0.34014979,0.773971796,-0.0840807036,-0.0145801017,0.697531044,-0.711454928,-0.27967906,-0.184266448,-0.371757805,0.378891587,-0.167215914,0.176499769,-0.15754731,-0.260424763,-0.249413282,0.450024873,-0.25992173,0.176654592,-0.69097811,0.0281917136,-0.0842215419,0.0439037979,0.215991467,-0.472679555,1.02513802,0.243483439,0.0170993041,0.137584314,0.024461329,-0.310447127,0.368602931,0.862319648,-0.140627787,-0.0612127334,-0.159363851
-0.0687875822,-0.340184212,0.773996472,-0.0859305933,-0.01216817,0.719769895,-0.688766479,-0.278064877,-0.184305638,-0.370238453,0.373689741,-0.166287154,0.177011877,-0.15914987,-0.260870129,-0.256432176,0.451199651,-0.260796905,0.173662871,-0.696928799,0.0276109651,-0.0878839493,0.0397561379,0.217629269,-0.472116828,1.02584243,0.244310498,0.0182571057,0.138735145,0.0276852809,-0.311155826,0.366069466,0.861868918,-0.140150934,-0.0588470586,-0.159702942
-0.0679086223,-0.340145767,0.774058282,-0.0876615644,-0.00973514747,0.74135679,-0.665289879,-0.276507258,-0.183730096,-0.367712975,0.368572533,-0.165441915,0.177517489,-0.160230607,-0.261099815,-0.264807135,0.451851547,-0.261531383,0.170738623,-0.702394366,0.0273830313,-0.0915471688,0.035715729,0.219110414,-0.471727848,1.02689004,0.245324478,0.0194730703,0.13971673,0.0306628216,-0.311617881,0.363477558,0.863232911,-0.140066072,-0.0560251474,-0.160091296
-0.0670296699,-0.340107322,0.774120092,-0.0893054828,-0.00728771836,0.762220085,-0.641086578,-0.27494964,-0.183154553,-0.365187496,0.363455355,-0.164596692,0.178023115,-0.161311328,-0.261329472,-0.273182124,0.452503473,-0.262265831,0.167814359,-0.707859874,0.0271550976,-0.0952103883,0.0316753164,0.220591545,-0.471338838,1.02793777,0.246338442,0.020689033,0.140698299,0.0336403623,-0.312079936,0.36088562,0.864596844,-0.139981195,-0.0532032326,-0.160479635
-0.0661507174,-0.340068877,0.774181843,-0.0908570513,-0.00483340817,0.78229332,-0.616229415,-0.273392022,-0.182579011,-0.362662017,0.358338147,-0.163751453,0.178528726,-0.162392065,-0.261559129,-0.281557083,0.453155369,-0.263000309,0.164890096,-0.713325441,0.0269271657,-0.0988736078,0.0276349057,0.222072691,-0.470949858,1.0289855,0.247352421,0.0219049957,0.141679883,0.0366179012,-0.312541991,0.358293682,0.865960836,-0.139896333,-0.0503813215,-0.160867974
-0.0652717575,-0.340030432,0.774243653,-0.0923118442,-0.00237980159,0.801517963,-0.590797544,-0.271834403,-0.182003453,-0.360136539,0.35322094,-0.162906229,0.179034352,-0.163472801,-0.261788785,-0.289932072,0.453807265,-0.263734758,0.161965847,-0.718791008,0.0266992319,-0.10253682,0.0235944949,0.223553836,-0.470560879,1.03003311,0.248366401,0.0231209602,0.142661467,0.03959544,-0.313004047,0.355701774,0.867324769,-0.139811456,-0.0475594103,-0.161256313
-0.0642828792,-0.339993268,0.7743783,-0.0935700685,0.000286325201,0.819786489,-0.564972997,-0.271399736,-0.180845574,-0.356473833,0.349615693,-0.162419468,0.179621994,-0.164175868,-0.262386173,-0.30109939,0.453942955,-0.26427123,0.159614384,-0.722850323,0.026723627,-0.105438106,0.02083355,0.225197554,-0.469795436,1.03169465,0.249445483,0.0242880136,0.143388584,0.0397959761,-0.313419402,0.353423715,0.870585918,-0.139983088,-0.0446191914,-0.162066266
-0.0631259307,-0.339958072,0.774624407,-0.0945879519,0.00329463603,0.837167382,-0.538695753,-0.272682041,-0.17879729,-0.351072311,0.348322183,-0.162480801,0.180335075,-0.16430153,-0.263545811,-0.316536129,0.45328939,-0.264504939,0.158138737,-0.724759459,0.0271338243,-0.107174419,0.0200288761,0.227089822,-0.468454331,1.03429472,0.25062409,0.0253802836,0.143726647,0.0357505344,-0.31376335,0.351625562,0.876747906,-0.140546918,-0.0414980911,-0.163520843
-0.0619689822,-0.339922845,0.774870455,-0.0955133364,0.00630771322,0.853752017,-0.511805534,-0.273964345,-0.176749006,-0.345670789,0.347028673,-0.162542149,0.181048155,-0.164427176,-0.264705479,-0.331972867,0.452635825,-0.264738649,0.156663105,-0.726668656,0.0275440216,-0.108910732,0.0192242041,0.228982106,-0.467113256,1.03689468,0.251802683,0.0264725555,0.144064695,0.0317050926,-0.314107299,0.349827379,0.882909894,-0.141110733,-0.0383769944,-0.16497542
-0.0608120337,-0.339887649,0.775116503,-0.0963429734,0.00931644719,0.869486332,-0.484380841,-0.27524665,-0.174700707,-0.340269268,0.345735162,-0.162603483,0.181761235,-0.164552823,-0.265865117,-0.347409636,0.45198226,-0.264972359,0.155187458,-0.728577852,0.0279542189,-0.110647038,0.0184195321,0.230874389,-0.465772182,1.03949475,0.252981305,0.0275648255,0.144402757,0.0276596528,-0.314451247,0.348029226,0.889071882,-0.141674548,-0.0352558903,-0.166430011
-0.0596550852,-0.339852422,0.775362551,-0.0970744267,0.0123117464,0.884323537,-0.45650506,-0.276528955,-0.172652423,-0.334867746,0.344441652,-0.162664831,0.182474315,-0.164678484,-0.267024755,-0.362846375,0.451328695,-0.265206069,0.153711811,-0.730487049,0.0283644162,-0.112383351,0.0176148582,0.232766673,-0.464431077,1.04209471,0.254159927,0.0286570974,0.14474082,0.023614211,-0.314795196,0.346231073,0.89523381,-0.142238364,-0.0321347937,-0.167884588
-0.058498133,-0.339817226,0.775608599,-0.0977061987,0.0152846817,0.898225307,-0.428265393,-0.277811259,-0.17060414,-0.329466224,0.343148142,-0.162726164,0.183187395,-0.164804131,-0.268184423,-0.378283143,0.45067513,-0.265439779,0.152236164,-0.732396245,0.0287746135,-0.114119656,0.0168101862,0.234658957,-0.463090003,1.04469466,0.25533852,0.0297493674,0.145078883,0.0195687693,-0.315139145,0.34443292,0.901395798,-0.142802179,-0.0290136915,-0.169339165
-0.0571977086,-0.339989156,0.7759431,-0.0979594216,0.0184187144,0.909980178,-0.402493238,-0.284958541,-0.17174831,-0.324376822,0.344007939,-0.160517409,0.186468586,-0.162320226,-0.267075807,-0.398487419,0.449286103,-0.264937729,0.152151912,-0.732346177,0.0288723689,-0.113123417,0.020475775,0.237583727,-0.455591023,1.04911458,0.254210293,0.030980289,0.145626679,0.0138106197,-0.317283154,0.338774532,0.909803152,-0.14160189,-0.0264418144,-0.171411946
-0.0558880866,-0.340174347,0.776283205,-0.0981159732,0.021558309,0.920951962,-0.376505047,-0.292481661,-0.173097074,-0.319307446,0.345005751,-0.158163175,0.189914346,-0.159669086,-0.265821874,-0.418997228,0.447849959,-0.264388502,0.15215683,-0.732170582,0.0289501026,-0.111952066,0.024427833,0.240574658,-0.447697431,1.05365109,0.252934217,0.0322200917,0.146187916,0.00794271287,-0.319542557,0.332868785,0.918354332,-0.140288562,-0.023905132,-0.173524335
-0.0545784645,-0.340359569,0.776623368,-0.0981935188,0.0246844981,0.931194365,-0.350179791,-0.30000481,-0.174445823,-0.314238042,0.346003532,-0.155808941,0.19336012,-0.157017946,-0.264567912,-0.439507037,0.446413845,-0.263839304,0.152161732,-0.731994987,0.0290278345,-0.110780716,0.0283798892,0.243565589,-0.439803809,1.05818748,0.251658171,0.0334598981,0.146749169,0.00207480602,-0.321801931,0.326963037,0.926905572,-0.138975218,-0.0213684496,-0.175636724
-0.0532688424,-0.34054476,0.776963472,-0.0981917754,0.0277896877,0.940681398,-0.323580921,-0.30752793,-0.175794572,-0.309168637,0.347001344,-0.153454706,0.196805879,-0.154366806,-0.263313979,-0.460016847,0.444977701,-0.263290107,0.15216665,-0.731819332,0.0291055683,-0.109609365,0.0323319472,0.246556535,-0.431910217,1.06272399,0.250382096,0.0346997045,0.147310406,-0.0037930992,-0.324061304,0.32105732,0.935456812,-0.137661889,-0.0188317671,-0.177749112
-0.0519592203,-0.340729952,0.777303576,-0.0981110111,0.0308664534,0.949392974,-0.296773523,-0.315051049,-0.17714332,-0.304099262,0.347999156,-0.151100472,0.200251639,-0.151715666,-0.262060016,-0.480526656,0.443541557,-0.26274088,0.152171567,-0.731643736,0.0291833021,-0.108438015,0.0362840034,0.249547467,-0.424016625,1.0672605,0.24910602,0.0359395072,0.147871643,-0.00966100581,-0.326320678,0.315151572,0.944007993,-0.136348546,-0.0162950847,-0.179861501
-0.0507122912,-0.341013104,0.777424753,-0.0975904539,0.0337863714,0.957166255,-0.27049458,-0.324893415,-0.180177152,-0.301789939,0.347922742,-0.147034392,0.203477532,-0.146607712,-0.258253634,-0.496216476,0.441111684,-0.262389392,0.153224453,-0.729853749,0.028746454,-0.106000789,0.0414437056,0.250797182,-0.414650291,1.07115102,0.246633664,0.0367931426,0.148284897,-0.0143364919,-0.327875555,0.30914095,0.952678025,-0.134439468,-0.0140565215,-0.181345239
-0.0495321527,-0.341400594,0.777312577,-0.0966103971,0.0365548581,0.964080215,-0.244702876,-0.33720696,-0.185006484,-0.30242157,0.346701771,-0.141144261,0.206469163,-0.138881952,-0.251727521,-0.506770492,0.437622935,-0.262248576,0.155393988,-0.726343691,0.027761301,-0.102214716,0.0478901975,0.25019154,-0.403714716,1.0743531,0.242886633,0.037235301,0.148540467,-0.0177414119,-0.32867977,0.30301857,0.961474597,-0.131895572,-0.0121356156,-0.182159111
-0.048352018,-0.341788113,0.77720046,-0.0955586657,0.0393018872,0.970309019,-0.218687624,-0.349520504,-0.189835802,-0.30305323,0.3454808,-0.13525413,0.209460795,-0.131156191,-0.245201409,-0.517324448,0.434134156,-0.26210776,0.157563522,-0.722833574,0.026776148,-0.0984286442,0.0543366894,0.249585927,-0.392779142,1.07755518,0.239139587,0.0376774557,0.148796052,-0.0211463328,-0.329483956,0.296896189,0.97027117,-0.12935169,-0.0102147097,-0.182972983
-0.0471718833,-0.342175603,0.777088284,-0.0944373161,0.0420214087,0.975836933,-0.192504734,-0.361834079,-0.194665134,-0.30368486,0.344259828,-0.129363999,0.212452412,-0.123430423,-0.238675311,-0.527878463,0.430645406,-0.261966944,0.159733057,-0.719323516,0.025790995,-0.0946425721,0.0607831813,0.248980299,-0.381843567,1.08075738,0.235392541,0.0381196141,0.149051622,-0.0245512519,-0.330288172,0.290773809,0.979067743,-0.126807809,-0.00829380378,-0.183786869
-0.0459917486,-0.342563123,0.776976109,-0.093248859,0.0447075404,0.98065263,-0.166211188,-0.374147624,-0.199494451,-0.304316521,0.343038857,-0.123473868,0.215444043,-0.115704663,-0.232149199,-0.538432419,0.427156657,-0.261826128,0.161902606,-0.715813398,0.024805842,-0.0908565074,0.0672296733,0.248374686,-0.370907992,1.08395946,0.231645495,0.0385617726,0.149307191,-0.027956171,-0.331092358,0.284651428,0.987864316,-0.12426392,-0.00637289789,-0.184600741
-0.0448203795,-0.342956632,0.776854694,-0.0920051485,0.0473702922,0.984744787,-0.139888719,-0.386364222,-0.204335451,-0.305137873,0.341820002,-0.117687777,0.218329102,-0.107959926,-0.225745991,-0.548597872,0.42360577,-0.261744291,0.164187104,-0.712394774,0.0238296408,-0.0871141404,0.073493652,0.24769792,-0.360174477,1.086959,0.22791633,0.0389416553,0.149551138,-0.0313090794,-0.331798851,0.278655171,0.996598601,-0.121771924,-0.0044654333,-0.185389936
-0.0439478122,-0.343554437,0.776417077,-0.09100122,0.0505337343,0.987978935,-0.11429283,-0.395274907,-0.209573954,-0.312427878,0.340673327,-0.115448549,0.217580795,-0.0995685756,-0.223533064,-0.545517266,0.417936623,-0.263672829,0.170391008,-0.712094247,0.0231586806,-0.0848617852,0.0735351965,0.244595796,-0.356330365,1.08305287,0.224796742,0.0371985026,0.149399117,-0.0328887142,-0.32917425,0.27695924,1.00320888,-0.121048853,-0.00301623275,-0.185337797
-0.0430752486,-0.344152272,0.775979459,-0.0899331644,0.0536701754,0.990549624,-0.0885601267,-0.404185563,-0.214812472,-0.319717854,0.339526683,-0.11320933,0.216832489,-0.0911772251,-0.221320137,-0.542436719,0.412267447,-0.265601367,0.176594913,-0.711793661,0.0224877205,-0.0826094374,0.0735767484,0.241493672,-0.352486223,1.07914662,0.221677154,0.0354553461,0.14924708,-0.0344683528,-0.326549619,0.27526328,1.00981915,-0.120325789,-0.00156703207,-0.185285658
-0.042202685,-0.344750106,0.775541842,-0.088802889,0.0567730702,0.992448628,-0.0627426654,-0.413096249,-0.220050991,-0.32700786,0.338380039,-0.110970102,0.216084182,-0.0827858746,-0.219107211,-0.539356112,0.4065983,-0.267529905,0.182798818,-0.711493134,0.0218167603,-0.0803570822,0.0736182928,0.238391563,-0.348642111,1.07524049,0.218557581,0.0337121896,0.149095058,-0.0360479876,-0.323924989,0.273567349,1.01642942,-0.119602725,-0.000117831682,-0.185233518
-0.0413301177,-0.345347941,0.775104225,-0.0876126289,0.0598360486,0.993671238,-0.0368930511,-0.422006905,-0.225289509,-0.334297836,0.337233394,-0.108730875,0.215335876,-0.0743945241,-0.216894284,-0.536275506,0.400929123,-0.269458443,0.189002737,-0.711192548,0.0211458001,-0.0781047344,0.0736598447,0.23528944,-0.344797969,1.07133424,0.215437993,0.0319690332,0.148943022,-0.0376276262,-0.321300358,0.271871388,1.0230397,-0.118879661,0.00133136916,-0.185181379
-0.0404575542,-0.345945776,0.774666607,-0.0863650069,0.0628530085,0.994217336,-0.0110640796,-0.430917591,-0.230528027,-0.341587842,0.33608672,-0.106491655,0.214587569,-0.0660031736,-0.214681357,-0.5331949,0.395259976,-0.271386981,0.195206642,-0.710892022,0.02047484,-0.0758523792,0.0737013891,0.232187316,-0.340953827,1.06742799,0.212318406,0.0302258786,0.148791,-0.0392072648,-0.318675727,0.270175427,1.02964997,-0.118156597,0.00278056995,-0.18512924
-0.0397690237,-0.34664613,0.774499834,-0.0850964785,0.0662764907,0.994060278,0.0144980494,-0.434856713,-0.234110892,-0.348647058,0.335634947,-0.108148418,0.214882746,-0.063436307,-0.217539862,-0.531623125,0.394953519,-0.273229688,0.200180337,-0.715004325,0.0206502546,-0.0742364451,0.0732007176,0.229977742,-0.339103311,1.06518638,0.210672066,0.0298120808,0.148332477,-0.0387223698,-0.316486925,0.267967582,1.03690076,-0.118655451,0.00456463173,-0.185296267
-0.0392177179,-0.347422957,0.774535,-0.0837946758,0.0700031519,0.993218422,0.0399387851,-0.435088813,-0.236459225,-0.355534256,0.335701287,-0.112710193,0.215955973,-0.0652124211,-0.224179834,-0.531176388,0.398645729,-0.27500841,0.204236746,-0.722407043,0.0214567613,-0.0730950534,0.0722957402,0.228433713,-0.338739306,1.06418586,0.210124269,0.0303895064,0.147645429,-0.0366980769,-0.314623147,0.265378058,1.0446291,-0.120065436,0.00659838039,-0.185626715
-0.0386664122,-0.348199785,0.774570167,-0.0824351683,0.0736889988,0.991714716,0.065392077,-0.435320944,-0.238807559,-0.362421453,0.335767627,-0.117271967,0.217029199,-0.0669885352,-0.230819792,-0.530729592,0.402337909,-0.276787132,0.208293155,-0.729809701,0.022263268,-0.0719536617,0.0713907704,0.22688967,-0.3383753,1.06318533,0.209576458,0.0309669301,0.146958381,-0.0346737877,-0.31275934,0.262788504,1.05235744,-0.121475413,0.00863212906,-0.185957164
-0.0381151065,-0.348976612,0.774605334,-0.0810204893,0.0773265362,0.989550531,0.0908070803,-0.435553074,-0.241155893,-0.369308621,0.335833937,-0.121833749,0.218102425,-0.0687646419,-0.237459764,-0.530282855,0.406030118,-0.278565854,0.212349564,-0.73721242,0.0230697747,-0.07081227,0.0704857931,0.225345626,-0.338011295,1.06218481,0.209028661,0.0315443575,0.146271348,-0.0326494947,-0.310895532,0.260198981,1.06008577,-0.122885391,0.0106658777,-0.186287597
-0.0375638008,-0.34975341,0.774640501,-0.0795535594,0.080908604,0.986731112,0.116133183,-0.435785174,-0.243504226,-0.376195818,0.335900277,-0.126395524,0.219175652,-0.070540756,-0.244099736,-0.529836059,0.409722328,-0.280344576,0.216405973,-0.744615138,0.0238762833,-0.0696708784,0.0695808157,0.223801583,-0.337647259,1.06118429,0.20848085,0.0321217813,0.1455843,-0.0306252018,-0.309031725,0.257609457,1.06781411,-0.124295369,0.0126996264,-0.186618045
-0.0370461419,-0.350535542,0.774641633,-0.0780626088,0.0845057741,0.983231068,0.141497433,-0.436036497,-0.245576188,-0.382109165,0.335843861,-0.131005883,0.220319614,-0.0724722445,-0.250920534,-0.53070569,0.413916647,-0.282301426,0.220165715,-0.752322316,0.0248312466,-0.0687503517,0.0684639737,0.222447842,-0.337366104,1.06035292,0.208083197,0.0327836834,0.144985214,-0.0285838842,-0.307237476,0.255384773,1.07509422,-0.126015231,0.0144874351,-0.186865792
-0.0367819108,-0.35135746,0.774386406,-0.0767047703,0.0886292085,0.978774965,0.168109551,-0.436432511,-0.245566651,-0.38068819,0.334863007,-0.135982096,0.221996248,-0.075573869,-0.25910309,-0.541489661,0.421892643,-0.285599798,0.221691146,-0.762322485,0.0269042887,-0.0694932118,0.0657514557,0.22252728,-0.337708771,1.06079543,0.20881632,0.0340818129,0.145048708,-0.0264143366,-0.305967033,0.255908012,1.07899904,-0.130068988,0.0144229829,-0.1864907
-0.0365176797,-0.352179408,0.774131179,-0.0752861425,0.092696175,0.973574221,0.194660038,-0.436828524,-0.245557129,-0.379267216,0.333882153,-0.140958324,0.223672897,-0.078675501,-0.267285675,-0.552273631,0.429868609,-0.2888982,0.223216563,-0.772322714,0.0289773308,-0.0702360719,0.0630389452,0.222606719,-0.338051468,1.06123793,0.209549457,0.0353799388,0.145112202,-0.0242447872,-0.30469659,0.256431252,1.08290374,-0.134122744,0.0143585308,-0.186115593
-0.0362534486,-0.353001356,0.773876011,-0.0738096386,0.0966972187,0.967637122,0.221088603,-0.437224507,-0.245547593,-0.377846241,0.332901299,-0.145934552,0.225349531,-0.0817771256,-0.27546826,-0.563057601,0.437844604,-0.292196572,0.224741995,-0.782322943,0.031050371,-0.0709789321,0.0603264309,0.222686157,-0.338394135,1.06168044,0.210282579,0.0366780683,0.145175695,-0.0220752396,-0.303426176,0.256954521,1.08680844,-0.138176501,0.0142940786,-0.185740501
-0.0359892137,-0.353823304,0.773620784,-0.0722785369,0.10062328,0.960976481,0.247335628,-0.437620521,-0.245538056,-0.376425266,0.331920445,-0.15091078,0.227026179,-0.0848787576,-0.283650845,-0.573841572,0.4458206,-0.295494944,0.226267412,-0.792323172,0.033123415,-0.0717217922,0.0576139167,0.222765595,-0.338736802,1.06212306,0.211015701,0.0379761942,0.145239189,-0.019905692,-0.302155733,0.25747776,1.09071326,-0.142230257,0.0142296273,-0.185365394
-0.0357249826,-0.354645222,0.773365557,-0.0706965253,0.104465827,0.95361042,0.273342788,-0.438016504,-0.245528519,-0.375004292,0.330939561,-0.155886993,0.228702813,-0.0879803896,-0.291833401,-0.584625483,0.453796566,-0.298793346,0.227792844,-0.802323341,0.0351964533,-0.0724646524,0.0549014024,0.222845033,-0.339079499,1.06256557,0.211748838,0.0392743237,0.145302683,-0.0177361425,-0.30088529,0.258001,1.09461796,-0.146284014,0.0141651751,-0.184990302
-0.0356745645,-0.355436236,0.772915006,-0.0688878223,0.108676583,0.945390165,0.299468577,-0.439135879,-0.245988175,-0.371595919,0.33040604,-0.160236374,0.230622724,-0.0922945738,-0.300784796,-0.597586572,0.464895904,-0.302822411,0.227986172,-0.814268172,0.0378383175,-0.0738024935,0.0500480831,0.223003,-0.341592878,1.06290877,0.213813871,0.0405271538,0.145338863,-0.0150739634,-0.29999429,0.260454953,1.09617651,-0.151386574,0.0131923128,-0.183973745
-0.0357335173,-0.356211424,0.772364497,-0.0669296831,0.113046296,0.936328709,0.325621754,-0.44062528,-0.246687844,-0.3671709,0.330101371,-0.164265081,0.232667089,-0.0972290486,-0.310129464,-0.611661255,0.477592945,-0.307225227,0.227498069,-0.827207685,0.0407711603,-0.0754446834,0.0440996438,0.223201141,-0.345216662,1.06320131,0.216560245,0.0417568125,0.145361066,-0.0121597806,-0.299297363,0.263896555,1.09653473,-0.157025635,0.0117547577,-0.182629049
-0.03579247,-0.356986612,0.771813989,-0.0649152994,0.117333971,0.926511347,0.351561487,-0.442114681,-0.247387514,-0.362745911,0.329796672,-0.168293804,0.234711453,-0.102163516,-0.319474131,-0.625735998,0.490289986,-0.311628073,0.227009967,-0.840147257,0.0437039994,-0.0770868808,0.0381512083,0.223399282,-0.348840445,1.06349373,0.219306603,0.0429864712,0.145383283,-0.00924559776,-0.298600465,0.267338127,1.09689307,-0.162664697,0.0103172027,-0.181284368
-0.0358514227,-0.3577618,0.77126348,-0.0628493056,0.121529169,0.915959299,0.377225548,-0.443604082,-0.248087168,-0.358320892,0.329492003,-0.172322512,0.236755818,-0.107097991,-0.328818798,-0.639810741,0.502987027,-0.31603092,0.226521879,-0.85308677,0.0466368385,-0.0787290782,0.0322027691,0.223597422,-0.352464259,1.06378627,0.222052976,0.0442161299,0.145405486,-0.00633141445,-0.297903568,0.270779729,1.09725142,-0.168303773,0.00887964759,-0.179939672
-0.0359103791,-0.358536988,0.770712972,-0.0607367009,0.125622168,0.904699147,0.402553678,-0.445093513,-0.248786837,-0.353895873,0.329187304,-0.176351219,0.238800168,-0.112032458,-0.338163465,-0.653885424,0.515684068,-0.320433766,0.226033777,-0.866026342,0.0495696813,-0.0803712755,0.0262543317,0.223795548,-0.356088042,1.06407881,0.22479935,0.0454457887,0.145427704,-0.00341723207,-0.29720667,0.274221331,1.09760976,-0.173942834,0.00744209299,-0.178594977
-0.036071457,-0.359276623,0.770209432,-0.0584533438,0.129771978,0.892721236,0.427540898,-0.446861863,-0.249767438,-0.34934029,0.328678757,-0.179970413,0.240474671,-0.117178716,-0.347819567,-0.668167651,0.527620733,-0.324926466,0.225523904,-0.878476083,0.0525528044,-0.0821531117,0.0204866007,0.223969758,-0.359790891,1.06457627,0.227685466,0.0465892553,0.145291433,-0.000732954242,-0.296607167,0.277823597,1.09803951,-0.179600656,0.00607819762,-0.177118227
-0.0366263352,-0.359879076,0.769886971,-0.0556211881,0.134469792,0.87986058,0.452404141,-0.449705809,-0.251831353,-0.344281286,0.327384055,-0.182010531,0.240722999,-0.123141609,-0.358676523,-0.68324995,0.536625385,-0.329765677,0.224930078,-0.889037311,0.0557298101,-0.0844734088,0.0154156601,0.224051684,-0.363798529,1.06586421,0.231110454,0.047400374,0.144544125,0.00106482441,-0.296383351,0.282045424,1.09874487,-0.185330749,0.0049983291,-0.17513226
-0.0371812098,-0.36048156,0.76956445,-0.0527365431,0.139069468,0.866249263,0.476959795,-0.452549785,-0.253895283,-0.339222252,0.326089382,-0.184050664,0.240971327,-0.129104495,-0.369533479,-0.69833225,0.545630097,-0.334604889,0.224336252,-0.899598598,0.0589068159,-0.0867937058,0.0103447214,0.224133596,-0.367806196,1.06715214,0.234535441,0.0482114926,0.143796802,0.00286260294,-0.296159506,0.286267251,1.09945011,-0.191060841,0.00391846104,-0.173146293
-0.0377360843,-0.361084014,0.769241989,-0.049806267,0.143559232,0.851917207,0.501146019,-0.455393732,-0.255959183,-0.334163219,0.32479468,-0.186090782,0.241219655,-0.135067388,-0.380390406,-0.71341455,0.55463475,-0.339444101,0.223742425,-0.910159826,0.0620838217,-0.0891139954,0.00527378125,0.224215508,-0.371813834,1.06844008,0.237960428,0.049022615,0.143049479,0.00466038194,-0.295935661,0.290489107,1.10015547,-0.196790934,0.00283859251,-0.171160311
-0.0382909589,-0.361686498,0.768919528,-0.0468375273,0.147927999,0.836899161,0.524903238,-0.458237708,-0.258023083,-0.329104215,0.323499978,-0.1881309,0.241467983,-0.141030282,-0.391247362,-0.72849685,0.563639462,-0.344283283,0.223148599,-0.920721114,0.0652608275,-0.0914342925,0.000202842624,0.224297434,-0.375821471,1.06972802,0.241385415,0.0498337336,0.14230217,0.00645816,-0.295711815,0.294710934,1.10086071,-0.202521026,0.00175872445,-0.169174343
-0.0388458371,-0.362288952,0.768597066,-0.043837782,0.152165696,0.821235418,0.548175395,-0.461081654,-0.260087013,-0.324045181,0.322205305,-0.190171018,0.24171631,-0.146993175,-0.402104288,-0.743579149,0.572644114,-0.349122494,0.222554773,-0.931282341,0.0684378296,-0.0937545896,-0.0048680976,0.224379346,-0.379829139,1.07101595,0.244810402,0.0506448559,0.141554847,0.008255939,-0.29548797,0.298932761,1.10156608,-0.208251119,0.0006788561,-0.167188376
-0.039524775,-0.362899572,0.768409789,-0.0397891738,0.157022566,0.804001808,0.572138131,-0.466748804,-0.262278378,-0.318683565,0.323348552,-0.189280719,0.242700592,-0.151836455,-0.411745608,-0.762405157,0.580130994,-0.352766186,0.220956266,-0.941316545,0.0725885481,-0.0991337374,-0.00833247043,0.224618718,-0.38288185,1.07265961,0.247587845,0.0511413366,0.140580609,0.00917860214,-0.295084894,0.301130652,1.10317123,-0.212171048,0.0001137824,-0.165412769
-0.0402450077,-0.363512874,0.768267512,-0.0353500284,0.161999241,0.785649061,0.596038699,-0.473355561,-0.264512181,-0.313221216,0.325303167,-0.187415153,0.243929833,-0.156307131,-0.420982361,-0.782477021,0.587112725,-0.356011957,0.219023392,-0.951175392,0.0770633295,-0.10553091,-0.0112621589,0.224910498,-0.385616779,1.07442164,0.250149757,0.0515330993,0.139530852,0.00981001742,-0.294622183,0.302654982,1.10507596,-0.215488538,-0.000279961561,-0.163707182
-0.0409652367,-0.364126176,0.768125236,-0.0308688227,0.16683051,0.766511738,0.619414687,-0.479962319,-0.266745985,-0.307758868,0.327257782,-0.185549587,0.24515906,-0.160777792,-0.430219114,-0.802548945,0.594094455,-0.359257728,0.217090502,-0.961034179,0.0815381035,-0.111928076,-0.0141918482,0.225202262,-0.388351679,1.07618356,0.252711684,0.0519248657,0.138481095,0.0104414318,-0.294159442,0.304179281,1.10698068,-0.218806013,-0.000673705596,-0.16200158
-0.0416854694,-0.364739507,0.76798296,-0.0263583008,0.171502069,0.746642351,0.64219743,-0.486569077,-0.268979788,-0.302296549,0.329212397,-0.183684036,0.246388286,-0.165248469,-0.439455837,-0.822620809,0.601076245,-0.362503499,0.215157628,-0.970893025,0.086012885,-0.118325248,-0.0171215367,0.225494042,-0.391086608,1.07794559,0.25527361,0.0523166284,0.137431338,0.0110728471,-0.293696702,0.30570358,1.10888529,-0.222123504,-0.00106744946,-0.160295993
-0.0424056984,-0.365352809,0.767840743,-0.021831451,0.176001012,0.726099968,0.664323568,-0.493175834,-0.271213591,-0.296834201,0.331167012,-0.18181847,0.247617513,-0.169719145,-0.44869259,-0.842692733,0.608057976,-0.3657493,0.213224754,-0.980751812,0.090487659,-0.124722414,-0.020051226,0.225785807,-0.393821508,1.07970762,0.257835567,0.0527083948,0.136381567,0.0117042614,-0.293233991,0.30722788,1.11079001,-0.225440994,-0.00146119355,-0.158590391
-0.0431945734,-0.365956455,0.767728567,-0.0167273004,0.180485934,0.704777658,0.685881615,-0.501257241,-0.274855524,-0.293257087,0.334218919,-0.178605244,0.248729557,-0.174169287,-0.456884682,-0.862390041,0.614242375,-0.368728489,0.211600125,-0.990734518,0.0952035934,-0.131450519,-0.0217287615,0.225736395,-0.396868408,1.08127022,0.26009348,0.0527847372,0.134879857,0.0118738022,-0.292743802,0.308534026,1.11178493,-0.228340358,-0.0022833962,-0.156901732
-0.0441477597,-0.366536915,0.767688572,-0.010221527,0.18520467,0.682317615,0.707133234,-0.512868881,-0.281868368,-0.29419291,0.339897543,-0.172165975,0.249561042,-0.1785703,-0.462576002,-0.881190598,0.618518114,-0.371069551,0.210713401,-1.00101388,0.100496814,-0.138970792,-0.0204088707,0.224870265,-0.400662065,1.08235598,0.26162371,0.0521060042,0.132296249,0.0109376954,-0.29218787,0.309317827,1.11060214,-0.230238855,-0.00413125288,-0.155253604
-0.045100946,-0.367117375,0.767648518,-0.00368612539,0.189747468,0.659091949,0.727722466,-0.524480462,-0.288881212,-0.295128703,0.345576167,-0.165726706,0.250392556,-0.182971314,-0.468267322,-0.899991214,0.622793853,-0.373410642,0.209826678,-1.01129317,0.105790034,-0.146491066,-0.0190889779,0.224004135,-0.404455721,1.08344162,0.26315397,0.0514272749,0.129712641,0.0100015895,-0.291631937,0.310101658,1.10941935,-0.232137352,-0.00597911002,-0.153605476
-0.046054136,-0.367697835,0.767608464,0.00285888603,0.194099233,0.635168135,0.747581959,-0.536092103,-0.295894057,-0.296064526,0.351254791,-0.159287453,0.251224041,-0.187372327,-0.473958641,-0.918791771,0.627069592,-0.375751704,0.208939955,-1.02157247,0.111083254,-0.154011354,-0.0177690852,0.223138005,-0.408249408,1.08452725,0.2646842,0.050748542,0.127129033,0.00906548277,-0.291076005,0.310885489,1.10823655,-0.23403585,-0.00782696716,-0.151957333
-0.0470073223,-0.368278295,0.767568469,0.0093933437,0.198246643,0.610619903,0.766650677,-0.547703683,-0.302906901,-0.297000319,0.356933415,-0.152848184,0.252055526,-0.19177334,-0.479649961,-0.937592387,0.631345332,-0.378092796,0.208053231,-1.03185177,0.116376474,-0.161531627,-0.0164491925,0.222271875,-0.412043065,1.08561301,0.26621443,0.0500698127,0.124545418,0.00812937692,-0.290520102,0.31166932,1.10705376,-0.235934347,-0.00967482384,-0.150309205
-0.0479605086,-0.368858755,0.767528415,0.0158972517,0.202178329,0.585526943,0.784875512,-0.559315324,-0.309919745,-0.297936141,0.362612039,-0.146408916,0.252887011,-0.196174353,-0.485341281,-0.956392944,0.635621071,-0.380433857,0.207166508,-1.04213107,0.121669687,-0.169051901,-0.0151293008,0.22140573,-0.415836722,1.08669865,0.26774466,0.0493910797,0.12196181,0.00719327061,-0.289964169,0.312453151,1.10587096,-0.237832829,-0.0115226805,-0.148661077
-0.0490577184,-0.369217515,0.767138302,0.02303873,0.206287891,0.559978843,0.802083671,-0.573652565,-0.3206653,-0.305114359,0.3669554,-0.13715677,0.252317041,-0.199854866,-0.487183005,-0.974106848,0.637535751,-0.3821325,0.207840115,-1.05210876,0.129124224,-0.176109016,-0.0111205643,0.220244259,-0.41946727,1.08759713,0.268104881,0.0483536087,0.119100899,0.00484053232,-0.288275033,0.312938273,1.10142756,-0.238573626,-0.0147091942,-0.14707683
-0.050182566,-0.369533747,0.766680956,0.0303106643,0.210276648,0.533783495,0.818498731,-0.588512719,-0.332127094,-0.313490361,0.37104252,-0.127364889,0.251478136,-0.203397125,-0.488286078,-0.991612256,0.638997495,-0.383707851,0.208813131,-1.06202853,0.136993468,-0.183077246,-0.00659589982,0.219026119,-0.423066527,1.08845961,0.268240631,0.0472473055,0.116186783,0.0022159752,-0.286368489,0.313366055,1.09635842,-0.239092276,-0.0181525666,-0.145504847
-0.05130741,-0.36984995,0.766223669,0.037564747,0.214056671,0.506991982,0.834102929,-0.603372931,-0.343588859,-0.321866363,0.37512967,-0.117573008,0.25063923,-0.206939399,-0.489389151,-1.0091176,0.64045918,-0.385283232,0.209786147,-1.07194829,0.144862711,-0.190045491,-0.0020712351,0.217807978,-0.426665783,1.08932221,0.26837635,0.0461409986,0.113272667,-0.000408582186,-0.284461945,0.313793868,1.09128928,-0.239610925,-0.0215959381,-0.143932864
-0.052432254,-0.370166183,0.765766323,0.0447785631,0.217615843,0.479685515,0.848846316,-0.618233144,-0.355050653,-0.330242366,0.37921682,-0.107781135,0.249800324,-0.210481659,-0.490492225,-1.02662301,0.641920924,-0.386858612,0.210759148,-1.08186805,0.152731955,-0.197013721,0.00245343032,0.216589838,-0.430265039,1.09018481,0.26851207,0.0450346917,0.110358551,-0.00303313998,-0.282555372,0.31422168,1.08622015,-0.240129575,-0.0250393096,-0.142360881
-0.0535570979,-0.370482385,0.765309036,0.0519300774,0.220944002,0.451949924,0.862686634,-0.633093357,-0.366512448,-0.338618368,0.38330397,-0.0979892537,0.248961434,-0.214023933,-0.491595298,-1.04412842,0.643382609,-0.388433993,0.211732164,-1.09178782,0.160601184,-0.203981966,0.00697809411,0.215371698,-0.433864266,1.09104729,0.26864782,0.0439283885,0.107444435,-0.0056576971,-0.280648828,0.314649463,1.08115101,-0.24064824,-0.0284826811,-0.140788913
-0.054662548,-0.370741159,0.764703631,0.0586710833,0.224401981,0.424613535,0.875159919,-0.646639943,-0.377269804,-0.349887788,0.385593086,-0.0888539627,0.246591806,-0.218170032,-0.491536379,-1.05867147,0.643601835,-0.389615953,0.212927714,-1.10188413,0.170095474,-0.210185245,0.011556156,0.214592487,-0.437415659,1.09196925,0.268557161,0.0428693183,0.104817495,-0.00814188458,-0.278416932,0.314551324,1.07594633,-0.24053885,-0.0317586251,-0.139441714
-0.0557368025,-0.370907545,0.763859928,0.0648367926,0.228251934,0.398052841,0.886143982,-0.658073604,-0.386894137,-0.36581108,0.384990215,-0.0807747543,0.24176012,-0.223287344,-0.489608556,-1.06845009,0.641822577,-0.39016512,0.214481205,-1.11226404,0.182203546,-0.215158135,0.0162201021,0.214519262,-0.440890074,1.09298658,0.268102407,0.0418862253,0.102652445,-0.0104002962,-0.275661737,0.313607186,1.07052362,-0.239419311,-0.0347652696,-0.138456061
-0.0568110608,-0.371073931,0.763016284,0.0709599555,0.231909677,0.371077955,0.896372557,-0.669507325,-0.396518499,-0.381734371,0.384387344,-0.0726955384,0.236928433,-0.228404656,-0.487680703,-1.07822859,0.640043378,-0.390714288,0.21603471,-1.12264407,0.194311619,-0.220131025,0.0208840482,0.214446038,-0.444364488,1.09400403,0.267647654,0.0409031287,0.100487404,-0.0126587078,-0.272906512,0.312663078,1.06510091,-0.238299772,-0.0377719104,-0.137470424
-0.0578853153,-0.371240318,0.762172639,0.0770241246,0.235364661,0.343758613,0.905814946,-0.680940986,-0.406142831,-0.397657633,0.383784473,-0.06461633,0.232096747,-0.233521983,-0.485752851,-1.08800721,0.63826412,-0.391263485,0.217588201,-1.13302398,0.206419691,-0.2251039,0.0255479943,0.214372799,-0.447838873,1.09502137,0.26719287,0.0399200357,0.0983223543,-0.0149171194,-0.270151317,0.311718941,1.0596782,-0.237180233,-0.040778555,-0.136484787
-0.0589595698,-0.371406704,0.761328936,0.0830132812,0.238607869,0.316167474,0.914446831,-0.692374706,-0.415767163,-0.413580924,0.383181602,-0.0565371178,0.22726506,-0.238639295,-0.483824998,-1.09778571,0.636484861,-0.391812652,0.219141692,-1.14340401,0.218527764,-0.23007679,0.0302119385,0.214299574,-0.451313287,1.09603882,0.266738117,0.0389369428,0.0961573124,-0.017175531,-0.267396122,0.310774833,1.05425549,-0.236060694,-0.0437851995,-0.13549915
-0.0600338243,-0.371573091,0.760485291,0.0889120847,0.241632089,0.288379103,0.922250569,-0.703808367,-0.425391525,-0.429504186,0.382578731,-0.0484579057,0.222433373,-0.243756622,-0.481897146,-1.10756433,0.634705603,-0.39236182,0.220695198,-1.15378392,0.230635837,-0.23504968,0.0348758847,0.21422635,-0.454787701,1.09705615,0.266283363,0.0379538462,0.0939922631,-0.0194339417,-0.264640927,0.309830695,1.04883277,-0.234941155,-0.0467918441,-0.134513497
-0.0611108951,-0.371519506,0.76010251,0.093411319,0.242216393,0.258078158,0.930591881,-0.702919602,-0.412271202,-0.415966153,0.383529097,-0.0500747114,0.220469996,-0.255036116,-0.473280638,-1.07823336,0.62786752,-0.386675864,0.217648879,-1.12997377,0.228025526,-0.242017105,0.0394500792,0.213227406,-0.442857146,1.09774899,0.261685431,0.0373237282,0.0944104344,-0.0249706823,-0.263085604,0.321147203,1.04365182,-0.235251918,-0.0490178354,-0.133041501
-0.062188182,-0.371448785,0.759755611,0.0977287814,0.24238199,0.22722584,0.93811965,-0.701070905,-0.3973791,-0.400133163,0.384600461,-0.0524468198,0.218730047,-0.266795665,-0.464143127,-1.04585576,0.620635331,-0.380504161,0.214244232,-1.10350025,0.224268675,-0.24913989,0.0440172814,0.21215634,-0.429726571,1.09841645,0.25676474,0.0367211029,0.0950298309,-0.0307627972,-0.26162374,0.333418757,1.03848958,-0.235674098,-0.0511830188,-0.131531611
-0.0632654727,-0.371378064,0.759408712,0.101952717,0.242298245,0.196088642,0.944693863,-0.699222207,-0.382486999,-0.384300143,0.385671824,-0.0548189282,0.216990113,-0.278555185,-0.455005586,-1.01347828,0.613403201,-0.374332488,0.210839599,-1.07702661,0.220511824,-0.25626266,0.0485844873,0.211085275,-0.416595995,1.09908402,0.251844078,0.0361184776,0.0956492275,-0.036554914,-0.260161847,0.34569034,1.03332734,-0.236096278,-0.0533481985,-0.130021721
-0.0643427595,-0.371307343,0.759061754,0.106069908,0.241964966,0.164762318,0.950292349,-0.697373509,-0.367594898,-0.368467122,0.386743158,-0.0571910366,0.215250164,-0.290314704,-0.445868075,-0.981100678,0.606171012,-0.368160814,0.207434967,-1.05055308,0.216754988,-0.263385445,0.0531516895,0.210014224,-0.40346545,1.09975147,0.246923402,0.0355158523,0.0962686315,-0.0423470251,-0.258699983,0.357961893,1.0281651,-0.236518458,-0.055513382,-0.128511831
-0.0654200464,-0.371236652,0.758714855,0.11006812,0.241384268,0.133344159,0.954902053,-0.695524812,-0.352702826,-0.352634132,0.387814522,-0.059563145,0.21351023,-0.302074224,-0.436730534,-0.948723137,0.598938823,-0.361989111,0.20403032,-1.02407956,0.212998137,-0.27050823,0.0577188917,0.208943158,-0.390334874,1.10041904,0.242002726,0.0349132307,0.0968880281,-0.0481391437,-0.25723812,0.370233446,1.02300286,-0.236940637,-0.0576785617,-0.127001926
-0.0662142783,-0.371170223,0.758364856,0.11294622,0.240725994,0.101814933,0.958607316,-0.684209406,-0.33136192,-0.32271409,0.386943489,-0.067047514,0.211949915,-0.313445777,-0.419219494,-0.898636103,0.588737309,-0.351445675,0.20115231,-0.983241916,0.205026224,-0.274898499,0.0618515722,0.208260715,-0.377258182,1.10054255,0.237922892,0.0339931138,0.0979864672,-0.0529270768,-0.255618691,0.38332215,1.01912749,-0.235776469,-0.0586011298,-0.126115486
-0.0666919947,-0.371108621,0.758011341,0.114601634,0.240006462,0.0699977279,0.961438358,-0.662308097,-0.302809745,-0.277041435,0.383900404,-0.0802485794,0.210590467,-0.324383438,-0.392344922,-0.828745723,0.57521528,-0.336013526,0.198863164,-0.926341772,0.192340881,-0.276233137,0.0654983521,0.208012834,-0.364241719,1.10005772,0.234783322,0.0327179693,0.0996205956,-0.0565920956,-0.253823072,0.397324622,1.01669097,-0.232838407,-0.0581341609,-0.125926182
-0.0671697035,-0.37104699,0.757657826,0.116143569,0.239038467,0.0380263627,0.963288784,-0.640406728,-0.274257571,-0.23136878,0.380857319,-0.0934496522,0.209231034,-0.335321099,-0.36547032,-0.758855343,0.561693311,-0.320581406,0.196574017,-0.869441688,0.179655537,-0.277567804,0.0691451356,0.207764968,-0.351225257,1.0995729,0.231643736,0.031442821,0.101254724,-0.0602571182,-0.252027452,0.411327064,1.01425445,-0.22990033,-0.0576671958,-0.125736892
-0.0676474124,-0.370985389,0.757304311,0.117566705,0.237823814,0.0059990203,0.964148223,-0.618505418,-0.245705411,-0.18569614,0.377814233,-0.106650718,0.207871586,-0.346258759,-0.338595748,-0.688964963,0.548171282,-0.305149287,0.194284871,-0.812541604,0.166970193,-0.278902471,0.0727919117,0.207517087,-0.338208795,1.09908795,0.228504151,0.0301676765,0.102888852,-0.063922137,-0.250231862,0.425329506,1.01181793,-0.226962253,-0.0572002269,-0.125547603
-0.0681251213,-0.370923758,0.756950796,0.118866876,0.236366659,-0.0259854924,0.964015722,-0.596604109,-0.217153221,-0.140023485,0.374771118,-0.119851783,0.206512153,-0.35719642,-0.311721176,-0.619074523,0.534649253,-0.289717168,0.19199574,-0.75564146,0.15428485,-0.280237108,0.0764386952,0.207269222,-0.325192362,1.09860313,0.225364581,0.028892532,0.104522973,-0.0675871596,-0.248436227,0.439331979,1.00938141,-0.224024177,-0.0567332618,-0.125358298
-0.0685886741,-0.370867789,0.756614804,0.120047234,0.234687135,-0.0578227825,0.962895274,-0.574510992,-0.188799128,-0.0947782323,0.371648282,-0.132980868,0.205133602,-0.367748916,-0.285030365,-0.549620569,0.521119535,-0.274388641,0.189731017,-0.699025989,0.141696066,-0.281318307,0.0799972564,0.207016259,-0.312488198,1.09803796,0.222257689,0.0276060198,0.10615962,-0.0711691454,-0.246677607,0.453103572,1.00693929,-0.221080616,-0.0562530905,-0.125183478
-0.068205297,-0.371148378,0.757323682,0.121481188,0.23360157,-0.0892187953,0.960579336,-0.540953517,-0.172287479,-0.075085558,0.363756239,-0.1418062,0.202612743,-0.35527432,-0.269326538,-0.506258786,0.507128179,-0.265254647,0.188927114,-0.659426749,0.134880707,-0.267246395,0.0782814398,0.206458792,-0.318456024,1.09266531,0.221105516,0.0256399214,0.107946768,-0.0697863176,-0.247130543,0.453073323,1.0041604,-0.21780856,-0.0549835525,-0.125873581
-0.0678219274,-0.371428996,0.75803262,0.122798644,0.232278809,-0.120633334,0.957295418,-0.507396042,-0.15577583,-0.05539288,0.355864227,-0.150631517,0.200091884,-0.342799723,-0.253622741,-0.462897003,0.493136793,-0.256120652,0.188123211,-0.619827569,0.128065348,-0.253174484,0.0765656307,0.205901325,-0.32442385,1.08729267,0.219953328,0.0236738231,0.109733924,-0.0684034899,-0.247583464,0.453043044,1.00138164,-0.214536503,-0.0537140146,-0.126563668
-0.0674385577,-0.371709585,0.758741558,0.123994797,0.230721131,-0.151971698,0.953046501,-0.473838598,-0.139264181,-0.0357002094,0.347972214,-0.159456849,0.197571024,-0.330325156,-0.237918913,-0.41953522,0.479145408,-0.246986657,0.187319294,-0.580228388,0.121250004,-0.239102557,0.0748498216,0.205343872,-0.330391645,1.08192015,0.218801156,0.0217077266,0.111521073,-0.0670206621,-0.248036399,0.453012794,0.998602867,-0.211264446,-0.0524444766,-0.127253771
-0.0670551881,-0.371990174,0.759450495,0.125065878,0.228932917,-0.183139473,0.947844028,-0.440281093,-0.122752525,-0.0160075314,0.340080202,-0.168282166,0.195050165,-0.31785056,-0.222215101,-0.376173437,0.465154022,-0.237852648,0.186515391,-0.540629148,0.114434645,-0.225030631,0.0731340125,0.204786405,-0.336359471,1.0765475,0.217648983,0.0197416283,0.113308221,-0.0656378344,-0.248489335,0.452982515,0.995824099,-0.207992405,-0.0511749387,-0.127943873
-0.0666718185,-0.372270793,0.760159373,0.126009226,0.22692059,-0.21404393,0.941707969,-0.406723619,-0.106240876,0.00368514704,0.332188189,-0.177107498,0.192529306,-0.305375963,-0.206511289,-0.332811654,0.451162636,-0.228718653,0.185711473,-0.501029968,0.107619293,-0.210958704,0.0714182034,0.204228938,-0.342327297,1.07117498,0.21649681,0.01777553,0.115095377,-0.0642550066,-0.248942271,0.452952266,0.99304527,-0.204720348,-0.0499054007,-0.128633961
-0.0664572939,-0.372370362,0.7611022,0.126408666,0.224496186,-0.244570777,0.934776723,-0.377750099,-0.0919290707,0.0196319278,0.325767279,-0.184731707,0.189751387,-0.294157416,-0.192394197,-0.295448899,0.439128578,-0.220852837,0.184205294,-0.466386408,0.102971867,-0.198091507,0.0689960942,0.20381397,-0.348552376,1.06572151,0.215940624,0.0160806812,0.116550133,-0.0631427988,-0.248961076,0.453828454,0.990637004,-0.202882856,-0.0486768633,-0.128747806
-0.0663750097,-0.372328132,0.762228131,0.126357615,0.221690789,-0.274894834,0.926995039,-0.352366418,-0.0793400407,0.0326451771,0.320498466,-0.191415295,0.186772153,-0.283922553,-0.179519683,-0.262784213,0.428627402,-0.213980198,0.182149157,-0.435623765,0.100022227,-0.186167777,0.0660208613,0.203510568,-0.354978919,1.06020474,0.215851188,0.014598255,0.117744572,-0.0622425266,-0.248639897,0.455414563,0.988518834,-0.202168792,-0.0474804342,-0.128410369
-0.0662927255,-0.372285932,0.763354123,0.12618117,0.218659118,-0.305016667,0.91827631,-0.326982737,-0.0667510107,0.0456584245,0.315229654,-0.198098883,0.183792934,-0.273687661,-0.166645184,-0.230119511,0.418126225,-0.207107544,0.180093005,-0.404861122,0.0970725864,-0.174244046,0.0630456358,0.203207165,-0.361405462,1.0546881,0.215761751,0.0131158298,0.11893902,-0.0613422506,-0.248318732,0.457000643,0.986400664,-0.201454744,-0.046284005,-0.128072917
-0.0662104413,-0.372243702,0.764480054,0.125879362,0.215409294,-0.334845573,0.908642828,-0.301599056,-0.054161977,0.0586716719,0.309960872,-0.204782471,0.1808137,-0.263452798,-0.153770685,-0.19745481,0.407625049,-0.20023489,0.178036869,-0.37409848,0.0941229463,-0.162320316,0.0600704029,0.202903777,-0.367832005,1.04917133,0.215672314,0.0116334036,0.12013346,-0.0604419783,-0.247997552,0.458586723,0.984282494,-0.200740695,-0.0450875759,-0.127735481
-0.0661281571,-0.372201502,0.765605986,0.125453338,0.21195142,-0.364293456,0.898124933,-0.276215374,-0.0415729471,0.0716849193,0.30469206,-0.211466074,0.177834481,-0.253217906,-0.140896171,-0.164790109,0.397123843,-0.193362251,0.175980732,-0.343335837,0.0911733061,-0.150396571,0.05709517,0.202600375,-0.374258578,1.04365468,0.215582877,0.0101509774,0.121327907,-0.059541706,-0.247676387,0.460172802,0.982164323,-0.200026646,-0.0438911468,-0.127398044
-0.0661060587,-0.372109056,0.766683161,0.124837883,0.20821698,-0.393293679,0.886781454,-0.251817614,-0.0293894093,0.0836543664,0.299715549,-0.217789009,0.174786046,-0.243131861,-0.128469884,-0.133348584,0.386892021,-0.186782882,0.173928812,-0.313656658,0.0883802101,-0.138783813,0.054194171,0.202258185,-0.380531847,1.03812099,0.215528429,0.00873126276,0.122536227,-0.0586985946,-0.247344494,0.461849272,0.97998476,-0.199447304,-0.0427145176,-0.127044797
-0.0665960237,-0.371589214,0.767345071,0.123522982,0.203588963,-0.422065943,0.874730706,-0.235808566,-0.0206559766,0.0867426917,0.297225982,-0.221043453,0.171148762,-0.234312236,-0.119857155,-0.112314306,0.378951967,-0.182698891,0.171912968,-0.293196112,0.0869190693,-0.129816875,0.0519247614,0.201585948,-0.385501057,1.03244376,0.21577175,0.00784511771,0.123862602,-0.0583418235,-0.246921405,0.464294642,0.977282405,-0.200014099,-0.0417063572,-0.126557112
-0.0670859888,-0.371069402,0.768006921,0.122080162,0.198742107,-0.450509489,0.861765206,-0.219799489,-0.0119225429,0.0898310244,0.294736445,-0.224297896,0.167511478,-0.225492597,-0.111244425,-0.0912800282,0.371011913,-0.1786149,0.169897109,-0.272735566,0.0854579285,-0.120849937,0.0496553555,0.200913697,-0.390470237,1.02676666,0.216015071,0.00695897313,0.125188991,-0.0579850525,-0.246498317,0.466740042,0.974580109,-0.200580895,-0.0406981967,-0.126069441
-0.0675759539,-0.37054956,0.76866883,0.120512888,0.19368951,-0.47853601,0.847917736,-0.203790426,-0.0031891102,0.0929193497,0.292246878,-0.227552339,0.163874194,-0.216672957,-0.102631696,-0.0702457577,0.363071859,-0.174530894,0.167881265,-0.25227499,0.0839967877,-0.111883,0.0473859496,0.200241461,-0.395439446,1.02108943,0.216258392,0.00607282855,0.126515359,-0.0576282814,-0.246075228,0.469185442,0.971877754,-0.201147676,-0.0396900363,-0.125581756
-0.068065919,-0.370029747,0.76933068,0.118825786,0.188446254,-0.506060779,0.833229244,-0.187781364,0.00554432394,0.0960076824,0.289757341,-0.230806798,0.16023691,-0.207853332,-0.0940189734,-0.0492114797,0.355131805,-0.170446903,0.165865406,-0.231814444,0.0825356469,-0.102916062,0.0451165438,0.19956921,-0.400408626,1.01541221,0.216501713,0.00518668396,0.127841741,-0.0572715104,-0.245652154,0.471630841,0.969175398,-0.201714471,-0.0386818759,-0.125094086
-0.0685558766,-0.369509906,0.76999259,0.117024578,0.1830291,-0.533003807,0.817748487,-0.171772301,0.0142777553,0.0990960076,0.287267804,-0.234061241,0.156599641,-0.199033692,-0.0854062438,-0.0281772073,0.347191751,-0.166362911,0.163849548,-0.211353898,0.081074506,-0.0939491242,0.0428471379,0.198896974,-0.405377835,1.00973499,0.216745034,0.00430053938,0.129168123,-0.0569147393,-0.245229065,0.474076241,0.966473103,-0.202281252,-0.0376737118,-0.124606401
-0.0694348216,-0.368677884,0.770289361,0.114865154,0.176785111,-0.559449255,0.80160439,-0.159601465,0.0208961461,0.0986097306,0.284533918,-0.235481933,0.153515294,-0.191428527,-0.0789515749,-0.0121517563,0.340785682,-0.163345978,0.162256017,-0.195667997,0.079771623,-0.0869003162,0.0406281427,0.197938293,-0.410041958,1.00468457,0.21755904,0.00382588455,0.130449161,-0.0561698638,-0.244912624,0.476746589,0.96342051,-0.203389421,-0.0367838778,-0.124016747
-0.070523642,-0.367677361,0.77038908,0.112448536,0.169983909,-0.585475504,0.784652352,-0.149501652,0.0263733119,0.0961946771,0.281668246,-0.235913187,0.150729313,-0.18447867,-0.0736613348,0.00117105409,0.335207343,-0.16090481,0.160890371,-0.182558388,0.0785541385,-0.0808864757,0.0384363495,0.196825072,-0.414541453,0.999972403,0.218680963,0.0035732598,0.131705731,-0.0552155785,-0.244653717,0.479538351,0.960178912,-0.204789698,-0.0359578915,-0.12337207
-0.0716124699,-0.366676867,0.770488858,0.109911874,0.16299431,-0.610961735,0.766862452,-0.139401838,0.0318504758,0.093779631,0.278802544,-0.236344442,0.147943333,-0.177528799,-0.0683710948,0.0144938631,0.329628974,-0.158463642,0.159524724,-0.169448763,0.0773366541,-0.0748726428,0.03624456,0.195711836,-0.419040948,0.995260179,0.219802871,0.00332063506,0.132962301,-0.054261297,-0.244394824,0.482330114,0.956937373,-0.206189975,-0.0351319015,-0.122727387
-0.0727012902,-0.365676373,0.770588577,0.107262537,0.155837104,-0.635827899,0.748286247,-0.129302025,0.0373276435,0.0913645774,0.275936872,-0.236775696,0.145157352,-0.170578942,-0.0630808547,0.0278166756,0.324050635,-0.156022474,0.158159062,-0.156339154,0.0761191696,-0.0688588023,0.0340527669,0.194598615,-0.423540443,0.990548015,0.220924795,0.00306801032,0.134218872,-0.0533070117,-0.244135916,0.485121876,0.953695774,-0.207590252,-0.0343059152,-0.12208271
-0.0737901106,-0.364675879,0.770688355,0.104508907,0.148534566,-0.659999669,0.728982747,-0.119202219,0.0428048074,0.0889495313,0.27307117,-0.237206936,0.142371371,-0.16362907,-0.0577906147,0.0411394835,0.318472296,-0.153581306,0.156793416,-0.143229544,0.0749016777,-0.0628449693,0.0318609737,0.193485379,-0.428039938,0.98583585,0.222046718,0.00281538558,0.135475442,-0.0523527265,-0.243877023,0.487913638,0.950454235,-0.208990529,-0.033479929,-0.121438034
-0.0749314502,-0.363625467,0.770734489,0.101526462,0.140762925,-0.683396995,0.709116757,-0.109891266,0.0478469729,0.0864371881,0.270225853,-0.237404078,0.139846474,-0.156894624,-0.052891396,0.0534083322,0.313079864,-0.151327685,0.15545015,-0.131060809,0.073771216,-0.0572200753,0.0298015308,0.192307487,-0.432369202,0.981541395,0.223226026,0.00264682272,0.13665989,-0.0513240173,-0.243660584,0.490429074,0.947413087,-0.210289463,-0.0326737016,-0.120882533
-0.0762910992,-0.36236757,0.77055788,0.0978805721,0.131394014,-0.706064582,0.688932419,-0.103860073,0.051080592,0.0835203379,0.267465323,-0.236627862,0.138407066,-0.151055783,-0.0496178791,0.0612952486,0.308460534,-0.149853736,0.154199943,-0.122803845,0.0730025545,-0.0532122552,0.0282923337,0.190860748,-0.43599081,0.978983581,0.224643886,0.00282775378,0.137544483,-0.0499858819,-0.243620709,0.491795689,0.94520539,-0.211167097,-0.031949643,-0.120697811
-0.0776507482,-0.361109674,0.770381272,0.0941226259,0.121860519,-0.728078425,0.667976499,-0.09782888,0.0543142147,0.0806034952,0.264704764,-0.235851631,0.136967674,-0.145216957,-0.0463443622,0.069182165,0.303841203,-0.148379803,0.15294975,-0.114546888,0.072233893,-0.0492044315,0.0267831385,0.189413995,-0.439612389,0.976425767,0.226061761,0.00300868507,0.13842909,-0.0486477427,-0.243580818,0.493162334,0.942997694,-0.212044716,-0.0312255807,-0.120513089
-0.0790104046,-0.359851778,0.770204663,0.0902635604,0.112190977,-0.749366343,0.646309316,-0.0917976871,0.0575478338,0.0776866451,0.261944205,-0.235075414,0.135528266,-0.139378116,-0.0430708453,0.0770690814,0.299221873,-0.146905854,0.151699543,-0.106289923,0.0714652315,-0.0451966114,0.0252739433,0.187967256,-0.443233967,0.973868012,0.227479637,0.00318961614,0.139313683,-0.0473096035,-0.243540943,0.494528949,0.940789938,-0.21292235,-0.0305015203,-0.120328367
-0.0803700536,-0.358593881,0.770028055,0.0863152668,0.102415219,-0.769862294,0.623997509,-0.0857664943,0.0607814528,0.0747697949,0.259183645,-0.234299183,0.134088874,-0.133539289,-0.0397973284,0.0849559978,0.294602513,-0.145431921,0.150449336,-0.0980329663,0.07069657,-0.0411887877,0.0237647481,0.186520502,-0.446855545,0.971310198,0.228897497,0.0033705472,0.140198275,-0.0459714681,-0.243501052,0.495895594,0.938582242,-0.213799968,-0.0297774617,-0.120143645
-0.0817297027,-0.357335985,0.769851446,0.0822904333,0.0925639495,-0.789507866,0.601113617,-0.0797353014,0.0640150756,0.0718529522,0.256423116,-0.233522967,0.132649466,-0.127700448,-0.0365238115,0.0928429142,0.289983183,-0.143957973,0.149199143,-0.0897760019,0.0699279085,-0.0371809676,0.0222555511,0.185073748,-0.450477123,0.968752384,0.230315372,0.0035514785,0.141082868,-0.0446333289,-0.243461177,0.49726221,0.936374485,-0.214677602,-0.0290534012,-0.119958922
-0.0829875618,-0.35613957,0.770311356,0.0788224638,0.0847170576,-0.79968828,0.589159369,-0.0766272023,0.065669544,0.0687612966,0.2563757,-0.233267933,0.13210173,-0.122384511,-0.0341004878,0.0974132046,0.286421627,-0.143453538,0.147736207,-0.0812397897,0.06943883,-0.0334827974,0.0218080487,0.184036657,-0.452140689,0.96660769,0.231397286,0.00368920527,0.142029464,-0.0433866829,-0.243718475,0.497726828,0.934361756,-0.215028375,-0.0285959486,-0.120189875
-0.0842093378,-0.354964972,0.770996928,0.0755530596,0.077575624,-0.806594491,0.581101656,-0.0745555088,0.0667641237,0.0656076595,0.257290274,-0.233197674,0.131870151,-0.117253967,-0.0319786035,0.100807555,0.283235133,-0.143292859,0.146197855,-0.0726045594,0.0690488741,-0.0298944153,0.0217369776,0.183144793,-0.453110039,0.964609504,0.232360095,0.00381161389,0.14299804,-0.0421724766,-0.24408114,0.497871608,0.932418108,-0.215192348,-0.0282330252,-0.120568216
-0.0854311064,-0.353790373,0.771682501,0.0722693503,0.0704181865,-0.81336242,0.572939873,-0.0724838153,0.0678587034,0.0624540225,0.258204818,-0.23312743,0.131638557,-0.112123422,-0.0298567191,0.104201905,0.280048609,-0.14313218,0.144659504,-0.0639693365,0.0686589181,-0.0263060313,0.0216659065,0.182252944,-0.45407936,0.962611258,0.233322904,0.0039340225,0.143966615,-0.0409582704,-0.244443804,0.498016417,0.93047446,-0.21535632,-0.0278701,-0.120946564
-0.0866528749,-0.352615774,0.772368073,0.0689730421,0.0632485002,-0.81998843,0.564678133,-0.0704121217,0.0689532831,0.0593003854,0.259119391,-0.233057171,0.131406963,-0.106992885,-0.0277348366,0.107596256,0.276862085,-0.142971501,0.143121153,-0.0553341098,0.0682689622,-0.022717651,0.0215948354,0.181361079,-0.45504871,0.960613012,0.234285712,0.00405643089,0.144935191,-0.0397440642,-0.244806468,0.498161197,0.928530872,-0.215520293,-0.0275071766,-0.121324904
-0.087874651,-0.351441175,0.773053646,0.0656658709,0.056070298,-0.826469064,0.556320906,-0.0683404282,0.0700478628,0.0561467484,0.260033935,-0.232986927,0.131175369,-0.101862341,-0.0256129522,0.110990606,0.273675591,-0.142810822,0.141582802,-0.0466988832,0.0678790063,-0.0191292688,0.0215237644,0.18046923,-0.456018031,0.958614767,0.235248521,0.00417883974,0.145903766,-0.038529858,-0.245169133,0.498306006,0.926587224,-0.215684265,-0.0271442514,-0.121703245
-0.0889661536,-0.350383997,0.773592949,0.0628854558,0.050480675,-0.830887616,0.550566077,-0.0665950403,0.0707158372,0.0531733073,0.261075765,-0.233284011,0.131075129,-0.0969868451,-0.0238708779,0.113523781,0.270781636,-0.143041745,0.140105531,-0.0386358164,0.0675589666,-0.0156546589,0.0213968772,0.180230513,-0.455835164,0.95674479,0.23587954,0.00440088566,0.147183225,-0.0371807292,-0.245718554,0.497900903,0.924569666,-0.215680733,-0.0268227607,-0.122088745
-0.0897269845,-0.349624932,0.773760915,0.0614621527,0.0489344411,-0.830391049,0.551614583,-0.065677993,0.0703008994,0.0506572761,0.262440652,-0.234513581,0.131308258,-0.0927587897,-0.0230929386,0.113870881,0.268630385,-0.144266784,0.138783336,-0.0320251472,0.0674163923,-0.012468853,0.021128308,0.181649789,-0.452727467,0.955200255,0.235668302,0.00487585785,0.149251878,-0.0354891047,-0.24674201,0.496099979,0.922364414,-0.215252042,-0.0266064461,-0.122492425
-0.0904878154,-0.348865837,0.773928881,0.060038466,0.047387898,-0.829889655,0.552660048,-0.0647609457,0.0698859543,0.0481412448,0.263805568,-0.23574315,0.131541401,-0.0885307267,-0.0223149993,0.114217982,0.266479135,-0.145491809,0.137461156,-0.025414478,0.067273818,-0.0092830481,0.0208597369,0.18306905,-0.44961977,0.953655779,0.235457078,0.00535083003,0.151320532,-0.0337974802,-0.247765481,0.494299024,0.920159101,-0.214823335,-0.0263901334,-0.122896105
-0.0912486464,-0.348106772,0.774096787,0.0586144216,0.0458410718,-0.829383492,0.553702235,-0.0638438985,0.0694710165,0.0456252135,0.265170455,-0.236972719,0.131774545,-0.0843026713,-0.0215370599,0.114565082,0.264327884,-0.146716848,0.136138961,-0.0188038088,0.0671312362,-0.00609724317,0.0205911677,0.184488326,-0.446512073,0.952111304,0.235245839,0.00582580268,0.153389201,-0.0321058519,-0.248788953,0.49249807,0.917953849,-0.214394629,-0.0261738189,-0.123299785
-0.0920094773,-0.347347707,0.774264753,0.0571900532,0.0442939922,-0.828872502,0.554741204,-0.0629268512,0.0690560788,0.0431091823,0.266535342,-0.238202289,0.132007688,-0.0800746083,-0.0207591206,0.114912182,0.262176633,-0.147941872,0.134816781,-0.0121931396,0.0669886619,-0.00291143777,0.0203225985,0.185907602,-0.443404377,0.950566769,0.2350346,0.00630077487,0.155457854,-0.0304142274,-0.249812424,0.490697145,0.915748537,-0.213965923,-0.0259575043,-0.123703465
-0.0927703083,-0.346588612,0.774432659,0.0557653755,0.0427466817,-0.828356743,0.555776954,-0.0620098077,0.0686411411,0.0405931547,0.267900229,-0.239431858,0.132240832,-0.0758465454,-0.0199811812,0.115259282,0.260025382,-0.149166912,0.133494586,-0.00558247231,0.0668460876,0.000274366466,0.0200540274,0.187326863,-0.44029665,0.949022293,0.234823376,0.00677574705,0.157526508,-0.0287226029,-0.250835896,0.488896191,0.913543284,-0.213537216,-0.0257411916,-0.124107145
-0.0932185426,-0.346154898,0.774276435,0.0540098213,0.042087879,-0.825265467,0.560578763,-0.060557507,0.0682891011,0.0383683592,0.269536972,-0.243009835,0.13151148,-0.0730270073,-0.0196997635,0.113996632,0.26109907,-0.151476309,0.132644296,0.000709425076,0.0687359422,0.00262847566,0.0139427558,0.206819266,-0.424897075,0.947016358,0.230329707,0.00728764152,0.163481057,-0.0271361228,-0.257565856,0.482470661,0.91094172,-0.212676391,-0.0251835119,-0.125243142
-0.0936013684,-0.345789254,0.774052322,0.0521824062,0.0416130871,-0.821599007,0.566145182,-0.0589932129,0.0679502338,0.036204502,0.271230549,-0.247079164,0.130580753,-0.0705021843,-0.0195222348,0.112397157,0.262847543,-0.154012606,0.131892756,0.0069346223,0.0710510537,0.00480856281,0.00660897465,0.230093226,-0.406925559,0.944913924,0.224940017,0.00780726084,0.170248672,-0.0255716424,-0.265489876,0.47507748,0.908257246,-0.21172516,-0.0245544072,-0.126532391
-0.0939841866,-0.345423609,0.773828208,0.0503523387,0.0411362611,-0.817892849,0.571685016,-0.0574289151,0.0676113591,0.0340406448,0.272924155,-0.251148522,0.129650012,-0.0679773614,-0.019344708,0.110797681,0.264595985,-0.156548902,0.131141201,0.0131598189,0.0733661726,0.00698865019,-0.000724806276,0.253367186,-0.388954043,0.942811489,0.219550312,0.00832688063,0.177016303,-0.0240071639,-0.273413867,0.467684299,0.905572772,-0.210773915,-0.0239253026,-0.127821624
-0.0943670124,-0.345057964,0.773604095,0.0485198647,0.0406574681,-0.814147472,0.577197313,-0.055864621,0.0672724843,0.0318767838,0.274617732,-0.25521785,0.128719285,-0.0654525384,-0.0191671792,0.109198213,0.266344458,-0.159085199,0.130389646,0.0193850175,0.0756812841,0.00916873757,-0.00805858802,0.27664116,-0.370982528,0.940709054,0.214160606,0.00884650089,0.183783919,-0.0224426836,-0.281337857,0.460291117,0.902888238,-0.209822685,-0.0232961979,-0.129110858
-0.0947498381,-0.34469232,0.773380041,0.0466852598,0.0401767641,-0.810363412,0.582681298,-0.0543003231,0.066933617,0.0297129285,0.276311338,-0.259287179,0.127788544,-0.0629277155,-0.0189896524,0.107598737,0.26809293,-0.161621496,0.129638106,0.0256102141,0.0779963955,0.0113488249,-0.0153923677,0.299915105,-0.353011012,0.93860656,0.208770916,0.00936612021,0.190551534,-0.0208782032,-0.289261848,0.452897936,0.900203764,-0.208871439,-0.0226670932,-0.130400091
-0.0950221568,-0.344414979,0.773137808,0.0450473912,0.039898634,-0.806639612,0.587972283,-0.0525771938,0.0669925287,0.0280226134,0.277595311,-0.263269007,0.126756579,-0.0606177002,-0.0187077504,0.105398305,0.270289958,-0.163858861,0.129063457,0.0310492683,0.0808485523,0.0129607404,-0.0283574853,0.332951188,-0.333857119,0.938519061,0.201780185,0.00971250329,0.197832316,-0.0185202472,-0.29715687,0.446550816,0.898809254,-0.209389985,-0.0219534785,-0.131185934
-0.0951073915,-0.344287127,0.772864878,0.0437438749,0.0399649106,-0.803048253,0.592961013,-0.0505851433,0.0677249134,0.0271340255,0.278185725,-0.267102629,0.125553206,-0.0586713776,-0.0182491429,0.102180436,0.273246467,-0.165590122,0.128788307,0.0351573527,0.0846099481,0.013610716,-0.0508566871,0.382514954,-0.312701434,0.941842794,0.192078859,0.00976559054,0.20598188,-0.0148189059,-0.305002838,0.441974699,0.899598598,-0.212396935,-0.0210967865,-0.131119505
-0.0951926187,-0.344159245,0.772591889,0.0424384885,0.0400296152,-0.799424767,0.597926915,-0.0485930964,0.0684572905,0.0262454376,0.278776169,-0.27093628,0.124349825,-0.056725055,-0.0177905336,0.0989625603,0.276202977,-0.167321384,0.128513157,0.0392654315,0.0883713439,0.0142606925,-0.0733558908,0.432078689,-0.291545749,0.945166588,0.182377532,0.00981867686,0.21413143,-0.0111175627,-0.312848777,0.437398612,0.900387943,-0.215403885,-0.0202400945,-0.131053075
-0.0952778533,-0.344031394,0.772318959,0.0411313958,0.0400927439,-0.795769632,0.602869332,-0.0466010496,0.0691896752,0.0253568497,0.279366583,-0.274769902,0.123146445,-0.0547787286,-0.0173319243,0.0957446843,0.279159486,-0.16905266,0.128238007,0.0433735177,0.0921327397,0.0149106681,-0.0958550945,0.481642455,-0.270390034,0.948490322,0.172676191,0.00987176411,0.222280994,-0.00741621992,-0.320694745,0.432822496,0.901177287,-0.218410835,-0.0193834025,-0.130986646
-0.095363088,-0.343903542,0.77204603,0.0398227386,0.0401542857,-0.792083263,0.607787669,-0.0446090028,0.0699220523,0.0244682617,0.279957026,-0.278603554,0.121943071,-0.052832406,-0.0168733168,0.0925268084,0.282115996,-0.170783922,0.127962872,0.0474815965,0.0958941355,0.0155606447,-0.118354291,0.531206191,-0.249234363,0.951814115,0.162974864,0.00992485043,0.230430558,-0.00371487811,-0.328540713,0.428246379,0.901966631,-0.22141777,-0.0185267106,-0.130920216
-0.0954483151,-0.34377569,0.7717731,0.0385126807,0.0402142331,-0.788366079,0.612681389,-0.0426169522,0.0706544369,0.0235796738,0.28054747,-0.282437176,0.120739698,-0.0508860797,-0.0164147075,0.0893089324,0.285072505,-0.172515184,0.127687722,0.051589679,0.0996555313,0.0162106212,-0.140853494,0.580769956,-0.228078663,0.955137849,0.153273538,0.00997793768,0.238580123,-1.35351402E-05,-0.336386651,0.423670262,0.902755976,-0.22442472,-0.0176700167,-0.130853787
-0.0954624414,-0.343690634,0.7715922,0.0375866331,0.0405763797,-0.785711944,0.616115034,-0.0410326794,0.0723401159,0.0234711915,0.280252784,-0.284363091,0.12002524,-0.0490093231,-0.015676884,0.0835957751,0.286867559,-0.172597781,0.126447544,0.0538925231,0.103990316,0.0169846229,-0.174884841,0.633639336,-0.219200894,0.963167846,0.146263927,0.0102109611,0.244867861,0.0013635098,-0.337307394,0.426468462,0.90982312,-0.231866866,-0.0159570538,-0.131195098
-0.0954700187,-0.343609512,0.771419823,0.0366952792,0.0409657396,-0.783143163,0.619404733,-0.03948595,0.0741135776,0.0234345365,0.279876649,-0.286113352,0.119355805,-0.0471389741,-0.0149133522,0.0776528567,0.288555712,-0.17252858,0.125118509,0.0560291447,0.108377889,0.0177700464,-0.209978014,0.686813116,-0.211453632,0.971631169,0.139502168,0.0104605528,0.250984162,0.00252654194,-0.337590456,0.429945648,0.917468309,-0.239717379,-0.0141652459,-0.131573945
-0.0954776034,-0.34352839,0.771247387,0.0358032286,0.0413543545,-0.780559897,0.622683108,-0.0379392207,0.0758870319,0.0233978834,0.279500484,-0.287863612,0.118686371,-0.0452686213,-0.0141498204,0.0717099383,0.290243834,-0.172459379,0.123789474,0.0581657663,0.112765469,0.0185554698,-0.245071188,0.739986837,-0.203706369,0.980094492,0.132740408,0.0107101444,0.257100493,0.00368957431,-0.337873548,0.433422834,0.92511344,-0.247567907,-0.012373439,-0.131952807
-0.0954851806,-0.343447268,0.771074951,0.0349105261,0.0417422093,-0.777962327,0.625950098,-0.036392495,0.0776604861,0.0233612284,0.27912432,-0.289613873,0.118016936,-0.0433982685,-0.0133862887,0.06576702,0.291931957,-0.172390178,0.12246044,0.0603023879,0.117153049,0.0193408933,-0.280164361,0.793160617,-0.195959106,0.988557816,0.125978664,0.0109597361,0.263216794,0.00485260645,-0.338156641,0.436900049,0.932758629,-0.25541842,-0.0105816321,-0.132331654
-0.0954927579,-0.343366146,0.770902574,0.0340172239,0.0421292819,-0.77535063,0.629205465,-0.0348457657,0.0794339404,0.0233245734,0.278748155,-0.291364133,0.117347501,-0.0415279195,-0.012622756,0.0598240979,0.29362011,-0.172320977,0.121131405,0.0624390095,0.121540621,0.0201263148,-0.315257549,0.846334338,-0.188211828,0.997021139,0.119216904,0.0112093277,0.269333124,0.00601563882,-0.338439703,0.440377235,0.940403759,-0.263268948,-0.00878982525,-0.132710516
-0.0955174938,-0.343279272,0.770810246,0.0333443023,0.0424233824,-0.772595763,0.632601202,-0.0326935686,0.080816552,0.0229391418,0.276938856,-0.292647898,0.116622597,-0.040109355,-0.012088052,0.0541827977,0.295064151,-0.172005937,0.120463923,0.0648566261,0.125118613,0.0203560684,-0.344863027,0.893873394,-0.182546705,1.00508153,0.114698827,0.0116419951,0.27413854,0.00748165743,-0.338059157,0.443245441,0.947239697,-0.271256745,-0.00723514799,-0.132835686
-0.0955623686,-0.343185693,0.770811915,0.0329300053,0.0426084436,-0.769673407,0.636162817,-0.0298307389,0.0817404315,0.0221443512,0.273447454,-0.293384135,0.115832597,-0.0392210558,-0.011821921,0.0488954969,0.296221733,-0.17140238,0.120572895,0.06760405,0.127746373,0.0199336335,-0.368027627,0.934799016,-0.179325372,1.01266897,0.112814151,0.0122895353,0.277405381,0.00930328853,-0.336899757,0.445398927,0.953125894,-0.279405713,-0.00595878903,-0.132663086
-0.0956072435,-0.343092114,0.770813644,0.0325149819,0.0427925996,-0.766734421,0.639710903,-0.0269679073,0.0826643109,0.0213495605,0.269956052,-0.294120342,0.115042597,-0.0383327529,-0.01155579,0.0436081961,0.297379315,-0.170798808,0.120681867,0.070351474,0.130374148,0.0195111986,-0.391192228,0.975724578,-0.176104039,1.02025652,0.110929467,0.0129370764,0.280672222,0.0111249201,-0.335740328,0.447552413,0.959012032,-0.287554711,-0.0046824296,-0.132490486
-0.0956521183,-0.342998534,0.770815313,0.0320992544,0.0429758392,-0.763778925,0.643245339,-0.0241050757,0.0835881904,0.0205547716,0.266464651,-0.294856578,0.11425259,-0.0374444537,-0.011289659,0.0383208953,0.298536897,-0.170195252,0.120790839,0.0730988905,0.133001924,0.0190887637,-0.414356828,1.0166502,-0.172882706,1.02784395,0.10904479,0.0135846175,0.283939034,0.0129465517,-0.334580898,0.449705899,0.964898229,-0.295703679,-0.00340607017,-0.132317901
-0.0956969932,-0.342904925,0.770817041,0.0316828527,0.0431581475,-0.760807157,0.646765828,-0.021242246,0.0845120698,0.019759981,0.262973249,-0.295592815,0.11346259,-0.0365561508,-0.0110235279,0.0330335945,0.299694479,-0.169591695,0.120899811,0.0758463144,0.135629684,0.0186663307,-0.437521458,1.05757582,-0.169661373,1.03543139,0.107160114,0.0142321587,0.287205875,0.0147681832,-0.333421469,0.451859385,0.970784426,-0.303852648,-0.00212971075,-0.132145301
-0.0957419053,-0.342811346,0.770818889,0.0312665403,0.043338947,-0.757818103,0.6502738,-0.0183819756,0.0854356289,0.0189644601,0.259486109,-0.296328843,0.112675548,-0.0356711261,-0.0107563194,0.0277534947,0.300851405,-0.168990582,0.12100409,0.0785830989,0.13825196,0.018245643,-0.460636675,1.0984261,-0.166452751,1.04301763,0.105290867,0.0148798134,0.290458262,0.0165893827,-0.332266748,0.453998029,0.976634383,-0.31198293,-0.000860904111,-0.131974712
-0.0957946405,-0.342718333,0.770856142,0.0310160462,0.0433881693,-0.754521966,0.654104054,-0.0161005966,0.0862875655,0.018004002,0.256966382,-0.297018826,0.112556808,-0.0355269089,-0.0102456613,0.0241001677,0.301861018,-0.168943539,0.120047718,0.0789158568,0.139632508,0.0182197616,-0.472595304,1.12225771,-0.166118369,1.0503099,0.106909811,0.0155533096,0.290447325,0.0183130577,-0.332169145,0.452777177,0.974308491,-0.315894634,-0.00129871385,-0.132255256
-0.0958473831,-0.34262532,0.770893395,0.03076474,0.0434362926,-0.751206338,0.657917917,-0.0138192158,0.0871395022,0.017043544,0.254446626,-0.297708809,0.112438068,-0.0353826918,-0.00973500311,0.0204468388,0.302870601,-0.168896511,0.119091339,0.0792486146,0.141013041,0.0181938801,-0.484553903,1.14608943,-0.165783986,1.05760217,0.108528763,0.0162268057,0.290436357,0.0200367309,-0.332071543,0.451556325,0.971982539,-0.319806308,-0.00173652358,-0.132535815
-0.0959001184,-0.342532307,0.770930648,0.0305126365,0.043483302,-0.74787128,0.661715031,-0.0115378369,0.0879914388,0.016083084,0.251926869,-0.298398823,0.112319328,-0.0352384709,-0.00922434498,0.0167935137,0.303880215,-0.168849468,0.118134968,0.0795813724,0.142393574,0.0181679986,-0.496512532,1.16992104,-0.165449589,1.06489444,0.110147707,0.016900301,0.29042542,0.0217604041,-0.33197394,0.450335503,0.969656646,-0.323718011,-0.0021743332,-0.132816359
-0.0959528536,-0.342439294,0.770967901,0.0302597526,0.0435291938,-0.744517148,0.665495098,-0.00925645605,0.0888433754,0.015122626,0.249407113,-0.299088806,0.112200588,-0.0350942537,-0.00871368684,0.0131401848,0.304889798,-0.168802425,0.117178589,0.0799141303,0.143774107,0.0181421172,-0.508471131,1.19375265,-0.165115207,1.07218683,0.111766651,0.0175737962,0.290414453,0.0234840773,-0.331876338,0.44911465,0.967330754,-0.327629685,-0.00261214282,-0.133096904
-0.0960055888,-0.342346251,0.771005154,0.0300061144,0.0435739756,-0.74114424,0.669257998,-0.00697507616,0.0896953195,0.0141621679,0.246887371,-0.299778789,0.112081848,-0.0349500366,-0.0082030287,0.00948685687,0.305899411,-0.168755382,0.116222218,0.0802468881,0.145154655,0.0181162357,-0.52042979,1.21758437,-0.164780825,1.0794791,0.113385595,0.0182472933,0.290403515,0.0252077505,-0.331778735,0.447893828,0.965004802,-0.331541389,-0.00304995268,-0.133377448
-0.0960485339,-0.342261374,0.771037042,0.0298127476,0.0435667001,-0.738250852,0.672457397,-0.0047962633,0.0904760659,0.01329921,0.244211257,-0.300169289,0.111847304,-0.0349972062,-0.00779291615,0.00670117699,0.306967616,-0.168865904,0.115188718,0.0803991333,0.146223173,0.0179460682,-0.528879046,1.23599243,-0.163700089,1.08605528,0.114934407,0.0189428441,0.290206224,0.0275149606,-0.331580639,0.445568442,0.964329004,-0.334349364,-0.00306778261,-0.133587837
-0.0960834324,-0.342183173,0.77106452,0.0296690576,0.0435168296,-0.735754967,0.675196767,-0.00270178821,0.0911982879,0.0125164231,0.241406575,-0.300313503,0.111517526,-0.0352017507,-0.0074654785,0.00462893723,0.308084011,-0.169105992,0.114091814,0.080402948,0.147035122,0.0176572595,-0.534442723,1.24994099,-0.162005633,1.09204257,0.116425544,0.0196565315,0.289855719,0.0303019937,-0.331299931,0.442334861,0.965010047,-0.336249828,-0.00274027535,-0.133740515
-0.0961183235,-0.342104942,0.771091998,0.0295249578,0.0434663594,-0.733248889,0.677927077,-0.000607313181,0.0919205025,0.0117336372,0.238601893,-0.300457716,0.111187756,-0.0354062989,-0.00713804085,0.0025566977,0.309200406,-0.169346079,0.112994909,0.0804067701,0.147847071,0.0173684508,-0.540006399,1.26388943,-0.160311192,1.09802985,0.117916681,0.0203702189,0.289505243,0.0330890268,-0.331019193,0.439101279,0.96569103,-0.338150293,-0.00241276831,-0.133893192
-0.096153222,-0.34202674,0.771119535,0.02938045,0.0434152931,-0.730732679,0.680647969,0.00148716185,0.0926427171,0.0109508513,0.235797226,-0.300601959,0.110857978,-0.0356108434,-0.0068106032,0.000484458316,0.310316801,-0.169586152,0.111897998,0.0804105848,0.148659006,0.017079642,-0.545570016,1.27783799,-0.158616737,1.10401726,0.119407825,0.0210839063,0.289154738,0.0358760618,-0.330738485,0.435867667,0.966372073,-0.340050757,-0.00208526105,-0.134045869
-0.0961881205,-0.341948539,0.771147013,0.0292355418,0.0433636345,-0.728206515,0.683359563,0.00358163705,0.0933649391,0.0101680644,0.232992545,-0.300746173,0.110528208,-0.035815388,-0.00648316508,-0.00158778147,0.311433196,-0.169826239,0.110801093,0.0804143995,0.149470955,0.0167908333,-0.551133692,1.29178643,-0.156922296,1.11000454,0.120898962,0.0217975937,0.288804233,0.0386630967,-0.330457747,0.432634085,0.967053056,-0.341951221,-0.00175775378,-0.134198546
-0.0962190703,-0.341872185,0.77117002,0.0290955734,0.0433262102,-0.725776434,0.685948312,0.00564904511,0.0940575004,0.00938603655,0.230194062,-0.300889343,0.110221229,-0.0360467657,-0.00616290979,-0.00353518175,0.31254378,-0.170059353,0.109713838,0.0802915841,0.150269449,0.0165224355,-0.556545734,1.30543888,-0.155118078,1.11577296,0.12223579,0.0225178525,0.288520843,0.0414695293,-0.330178291,0.429411113,0.967811525,-0.343735635,-0.00144698657,-0.134342596
-0.0962116048,-0.341814011,0.771149874,0.0290072933,0.0434329025,-0.724371493,0.687428594,0.00745287072,0.094461292,0.0086113913,0.227455974,-0.301022023,0.110136263,-0.0365394242,-0.00591259729,-0.004266873,0.313597977,-0.170224592,0.108720548,0.0789355859,0.150936797,0.0164528098,-0.560481369,1.31620848,-0.152244955,1.11940968,0.122069888,0.0233021155,0.28889063,0.0444648564,-0.329911023,0.426291615,0.969323874,-0.344390243,-0.00129923655,-0.134402663
-0.0962041467,-0.341755837,0.771129668,0.0289188921,0.043539416,-0.722963572,0.688906193,0.00925669633,0.0948650837,0.00783674512,0.22471787,-0.301154733,0.110051297,-0.0370320864,-0.00566228433,-0.00499856379,0.314652175,-0.170389831,0.107727259,0.0775795877,0.151604146,0.016383186,-0.564417005,1.32697809,-0.149371833,1.1230464,0.121903978,0.0240863785,0.289260417,0.0474601835,-0.329643756,0.423172116,0.970836282,-0.345044851,-0.00115148653,-0.134462714
-0.0961966813,-0.341697663,0.771109462,0.0288303718,0.043645747,-0.72155267,0.690380871,0.0110605219,0.0952688754,0.00706209987,0.221979782,-0.301287442,0.10996633,-0.0375247486,-0.00541197183,-0.00573025504,0.315706372,-0.17055507,0.106733978,0.0762235895,0.152271509,0.0163135603,-0.56835264,1.33774769,-0.14649871,1.12668312,0.121738069,0.0248706415,0.289630234,0.0504555143,-0.329376519,0.420052588,0.97234869,-0.345699459,-0.00100373663,-0.134522781
-0.0961892232,-0.341639519,0.771089315,0.0287417267,0.0437518954,-0.720138669,0.691852629,0.0128643475,0.0956726596,0.00628745416,0.219241694,-0.301420152,0.109881364,-0.0380174071,-0.00516165886,-0.00646194629,0.31676057,-0.170720324,0.105740689,0.0748675913,0.152938858,0.0162439346,-0.572288275,1.34851742,-0.143625587,1.13031995,0.121572159,0.0256549045,0.290000021,0.0534508415,-0.329109251,0.416933089,0.973861039,-0.346354067,-0.000855986611,-0.134582832
-0.0961817577,-0.341581345,0.771069109,0.0286529642,0.0438578576,-0.718721688,0.693321407,0.0146681732,0.0960764512,0.00551280845,0.21650359,-0.301552862,0.109796397,-0.0385100693,-0.0049113459,-0.00719363708,0.317814767,-0.170885563,0.1047474,0.073511593,0.153606221,0.0161743108,-0.57622391,1.35928702,-0.140752465,1.13395667,0.12140625,0.0264391676,0.290369838,0.0564461723,-0.328841984,0.413813591,0.975373447,-0.347008675,-0.00070823665,-0.134642899
-0.0961597934,-0.341536999,0.770999312,0.0285284761,0.0441329367,-0.717936099,0.694122672,0.0162647627,0.0964274332,0.00487005292,0.214119121,-0.301861256,0.109596983,-0.0391518809,-0.00459552836,-0.00772469211,0.318950474,-0.17096363,0.103699453,0.07203044,0.154016227,0.0163719952,-0.57836616,1.36688888,-0.138022304,1.13612854,0.121026754,0.0271102116,0.290934891,0.0589737967,-0.328261167,0.410822093,0.976719916,-0.347159207,-0.000558762287,-0.134843037
-0.0961295888,-0.341500521,0.770901382,0.0283837002,0.0445042364,-0.717510343,0.694544971,0.0177435037,0.0967483744,0.00430229818,0.211935744,-0.302269578,0.10933248,-0.0398785137,-0.00424246071,-0.00814165268,0.320132554,-0.170992121,0.102620423,0.070478119,0.154279873,0.0167216901,-0.579488575,1.37268937,-0.135373458,1.13746762,0.1205258,0.0277168751,0.291611016,0.0612354577,-0.327502012,0.407903433,0.97797215,-0.34702307,-0.000408307271,-0.135122836
-0.0960993841,-0.341464043,0.770803392,0.0282389093,0.04487551,-0.717084169,0.694966912,0.0192222465,0.0970693231,0.00373454392,0.209752351,-0.30267787,0.109067976,-0.0406051427,-0.0038893926,-0.00855861325,0.321314633,-0.171020627,0.101541385,0.0689257905,0.154543534,0.0170713831,-0.580610991,1.37848985,-0.132724598,1.13880658,0.120024845,0.0283235367,0.292287141,0.0634971187,-0.326742887,0.404984742,0.979224324,-0.346886933,-0.000257852313,-0.135402635
-0.096069172,-0.341427565,0.770705462,0.0280941091,0.045246765,-0.716657698,0.695388615,0.0207009874,0.0973902717,0.00316678919,0.207568973,-0.303086191,0.108803481,-0.0413317718,-0.00353632472,-0.00897557382,0.322496712,-0.171049118,0.100462355,0.067373462,0.154807195,0.0174210779,-0.581733465,1.38429034,-0.130075738,1.14014554,0.11952389,0.0289301984,0.292963266,0.0657587796,-0.325983763,0.402066052,0.980476499,-0.346750796,-0.00010739734,-0.135682434
-0.0960389674,-0.341391057,0.770607531,0.0279492866,0.0456179902,-0.71623075,0.695809841,0.0221797302,0.0977112204,0.00259903492,0.205385596,-0.303494513,0.108538978,-0.0420584008,-0.00318325707,-0.00939253345,0.323678792,-0.171077609,0.0993833244,0.0658211336,0.155070856,0.0177707728,-0.58285588,1.39009082,-0.127426878,1.1414845,0.119022936,0.0295368601,0.293639392,0.0680204406,-0.325224608,0.399147391,0.981728673,-0.346614629,4.30575965E-05,-0.135962233
-0.096010901,-0.341356456,0.770494103,0.0277794544,0.0460025594,-0.715957761,0.69607234,0.0235194415,0.097991541,0.0020280825,0.203535944,-0.304028124,0.108251572,-0.0428398624,-0.00283194403,-0.00972633716,0.325018287,-0.17114757,0.0982825309,0.0644474775,0.155308053,0.018150311,-0.581934214,1.39355528,-0.12401966,1.14054048,0.118545532,0.0300286263,0.294653803,0.0704258233,-0.324420661,0.396013677,0.981665134,-0.346223295,4.63529868E-05,-0.136293635
-0.0959924534,-0.34133026,0.770311117,0.0274971258,0.0464472324,-0.716377974,0.695621431,0.0242336337,0.0980890989,0.0014427416,0.203187793,-0.305125564,0.107861087,-0.0438680127,-0.00248852698,-0.00968599785,0.327066153,-0.171404019,0.0970838442,0.0638776496,0.155426264,0.0186641254,-0.571815729,1.3865093,-0.117200449,1.12932467,0.118174098,0.0300034489,0.297190309,0.0734778568,-0.32341513,0.39191246,0.975681961,-0.344683766,-0.000612453267,-0.136857271
-0.0959740058,-0.341304094,0.770128131,0.027214773,0.0468918718,-0.716797709,0.695170105,0.0249478258,0.0981866568,0.000857400824,0.202839658,-0.306223005,0.107470609,-0.0448961668,-0.0021451097,-0.00964565948,0.32911402,-0.171660483,0.0958851501,0.0633078292,0.15554446,0.0191779397,-0.561697245,1.37946343,-0.110381238,1.11810875,0.117802657,0.0299782716,0.299726814,0.0765298828,-0.32240957,0.387811244,0.969698727,-0.343144208,-0.00127125939,-0.137420908
-0.0959555581,-0.341277897,0.769945145,0.0269324072,0.0473364852,-0.717217088,0.694718421,0.025662018,0.0982842073,0.000272059959,0.202491507,-0.307320446,0.107080132,-0.0459243171,-0.00180169265,-0.00960532017,0.331161886,-0.171916932,0.0946864635,0.0627380088,0.155662656,0.0196917523,-0.55157876,1.37241745,-0.103562027,1.10689294,0.117431223,0.0299530961,0.302263349,0.0795819089,-0.32140401,0.383710057,0.963715553,-0.34160465,-0.00193006569,-0.137984544
-0.0959371179,-0.341251701,0.769762158,0.0266500264,0.0477810726,-0.71763593,0.69426626,0.0263762102,0.0983817652,-0.000313280732,0.202143371,-0.308417886,0.106689654,-0.0469524711,-0.0014582756,-0.0095649818,0.333209753,-0.172173381,0.0934877768,0.0621681884,0.155780852,0.0202055667,-0.541460276,1.36537158,-0.0967428163,1.09567714,0.117059782,0.0299279187,0.304799855,0.0826339424,-0.32039848,0.37960884,0.95773232,-0.340065122,-0.00258887187,-0.13854818
-0.0959186703,-0.341225535,0.769579172,0.0263676234,0.0482256189,-0.718054235,0.693813562,0.0270904023,0.0984793231,-0.000898621627,0.201795235,-0.309515327,0.106299169,-0.0479806215,-0.00111485843,-0.00952464249,0.33525762,-0.172429845,0.0922890902,0.061598368,0.155899048,0.020719381,-0.531341791,1.3583256,-0.0899235979,1.08446121,0.116688348,0.0299027413,0.30733636,0.0856859684,-0.31939292,0.375507623,0.951749146,-0.338525563,-0.00324767805,-0.139111817
-0.0959328413,-0.341216117,0.769338608,0.0261592139,0.0485041738,-0.719127834,0.69268918,0.0269226059,0.098177433,-0.000835579529,0.203165054,-0.311260134,0.106116839,-0.0496700332,-0.00118010794,-0.00910304021,0.338719398,-0.173520535,0.0917917192,0.0583004914,0.155233473,0.022385383,-0.513600409,1.33182466,-0.0862241462,1.07400215,0.117725052,0.0299801286,0.30807963,0.0880878419,-0.316598415,0.372474045,0.945802629,-0.336672008,-0.00338956621,-0.140049517
-0.0959593132,-0.341213077,0.769076347,0.0259786192,0.0487199947,-0.720446348,0.691309452,0.026422279,0.0977249444,-0.000528081844,0.205182567,-0.313249022,0.106012978,-0.0516087525,-0.0013994344,-0.00853769295,0.34271422,-0.174925745,0.0915587619,0.0539740771,0.154272392,0.0244857892,-0.4929851,1.29798877,-0.0837009177,1.06382835,0.119292669,0.0300961845,0.308146834,0.0902445912,-0.313129395,0.369843006,0.939869881,-0.334700048,-0.00333656394,-0.141128272
-0.0959857777,-0.341210008,0.768814147,0.025797924,0.0489356369,-0.721762002,0.689927042,0.025921952,0.0972724557,-0.000220584101,0.207200095,-0.31523791,0.105909117,-0.0535474755,-0.00161876087,-0.00797234476,0.346709073,-0.176330969,0.0913258046,0.0496476591,0.153311297,0.0265861936,-0.47236979,1.26415288,-0.0811776817,1.05365443,0.120860279,0.0302122403,0.308214009,0.0924013481,-0.309660405,0.367211968,0.933937192,-0.332728088,-0.00328356144,-0.142207012
-0.0960122496,-0.341206968,0.768551886,0.0256171357,0.0491511002,-0.723075151,0.688542187,0.025421625,0.0968199596,8.69136056E-05,0.209217623,-0.317226797,0.105805248,-0.0554861948,-0.00183808734,-0.00740699749,0.350703895,-0.177736193,0.0910928473,0.0453212447,0.152350217,0.0286865998,-0.451754451,1.230317,-0.0786544532,1.04348063,0.122427896,0.0303282961,0.308281213,0.0945580974,-0.306191415,0.364580899,0.928004444,-0.330756158,-0.00323055917,-0.143285766
-0.0960387215,-0.341203898,0.768289626,0.0254362505,0.0493663736,-0.7243855,0.68715471,0.0249212999,0.0963674709,0.000394411356,0.211235151,-0.319215655,0.105701387,-0.0574249178,-0.0020574138,-0.00684164977,0.354698747,-0.179141402,0.09085989,0.0409948267,0.151389137,0.030787006,-0.431139112,1.19648111,-0.0761312246,1.03330684,0.123995505,0.030444352,0.308348387,0.0967148468,-0.302722424,0.361949861,0.922071755,-0.328784198,-0.00317755691,-0.144364521
-0.0960848182,-0.341191381,0.768015385,0.0253554359,0.0495421402,-0.725936115,0.685506821,0.0243358314,0.0958281085,0.00121661939,0.213167578,-0.321114838,0.105750397,-0.0594755597,-0.00243037404,-0.00613390515,0.358684838,-0.180842116,0.090586409,0.0355522074,0.149882764,0.0331078991,-0.413015038,1.15902483,-0.0780880898,1.02601171,0.12615712,0.0308219846,0.307148576,0.0976328775,-0.299541831,0.360445827,0.915590048,-0.326808423,-0.00309830206,-0.145220324
-0.0961838365,-0.341153383,0.767708838,0.025544446,0.0496114716,-0.728135645,0.683157861,0.0235208217,0.0950545296,0.00342648127,0.214870572,-0.322772086,0.106211536,-0.0618279427,-0.00321752974,-0.00504225958,0.362647295,-0.183339447,0.0902036726,0.027100319,0.146906286,0.0360232331,-0.401607364,1.11180806,-0.0921232626,1.02647734,0.129920125,0.0319048241,0.302532941,0.0952113196,-0.29713884,0.3619802,0.907628119,-0.324822277,-0.00294827064,-0.145475104
-0.0962828547,-0.341115415,0.767402291,0.0257332008,0.0496802963,-0.730327785,0.680801868,0.022705812,0.0942809582,0.0056363428,0.216573551,-0.324429363,0.106672682,-0.064180322,-0.00400468521,-0.00395061448,0.366609752,-0.185836792,0.0898209289,0.0186484307,0.143929809,0.038938567,-0.390199691,1.06459129,-0.106158435,1.02694297,0.133683145,0.0329876654,0.297917306,0.0927897617,-0.294735819,0.363514602,0.89966625,-0.322836161,-0.00279823923,-0.145729899
-0.0963818803,-0.341077417,0.767095745,0.0259216875,0.049748607,-0.732512236,0.678438663,0.0218908042,0.0935073793,0.00784620456,0.218276545,-0.326086611,0.107133821,-0.0665327087,-0.00479184091,-0.00285896868,0.370572209,-0.188334137,0.0894381925,0.0101965414,0.140953347,0.041853901,-0.378792018,1.01737452,-0.120193608,1.02740872,0.13744615,0.0340705067,0.293301642,0.0903682038,-0.292332828,0.365048975,0.891704381,-0.320850044,-0.00264820759,-0.145984679
-0.0964808986,-0.341039449,0.766789138,0.0261099022,0.0498163924,-0.734689116,0.676068544,0.0210757945,0.0927338079,0.0100560673,0.21997954,-0.327743888,0.107594967,-0.068885088,-0.00557899661,-0.00176732312,0.374534667,-0.190831482,0.0890554562,0.00174465077,0.13797687,0.044769235,-0.367384344,0.970157743,-0.134228781,1.02787435,0.14120917,0.0351533443,0.288686007,0.0879466534,-0.289929807,0.366583347,0.883742511,-0.318863899,-0.00249817618,-0.14623946
-0.0965799168,-0.341001451,0.766482592,0.0262978394,0.0498836562,-0.736858189,0.673691392,0.0202607848,0.091960229,0.0122659281,0.221682534,-0.329401135,0.108056106,-0.0712374672,-0.00636615185,-0.000675677788,0.378497124,-0.193328813,0.0886727124,-0.00670723664,0.135000408,0.0476845689,-0.355976671,0.922940969,-0.148263961,1.02833998,0.144972175,0.0362361856,0.284070373,0.0855250955,-0.287526816,0.36811772,0.875780582,-0.316877782,-0.00234814477,-0.146494254
-0.0967204496,-0.340929419,0.766299427,0.0265756436,0.0500230119,-0.739145994,0.671159148,0.0201929752,0.0915001109,0.0150737604,0.221565008,-0.329781622,0.10853038,-0.0725479424,-0.00679426594,0.000603956985,0.379758567,-0.19471924,0.0884716064,-0.0121703092,0.131918922,0.0489815436,-0.345367283,0.877865195,-0.163501099,1.03491068,0.150379926,0.0375606716,0.278010279,0.0821624249,-0.286745369,0.371379763,0.868817747,-0.316373914,-0.00224100635,-0.144609287
-0.0968704075,-0.340849668,0.766144335,0.0268736165,0.0501782633,-0.741453767,0.6685853,0.02029486,0.0911111757,0.0180173982,0.22103402,-0.329872131,0.109007634,-0.0736217871,-0.00714083761,0.00192628568,0.380406529,-0.19585827,0.0883117467,-0.0169545896,0.128813609,0.0499109738,-0.334939212,0.833275735,-0.179011226,1.0428679,0.156161219,0.0389400348,0.271622151,0.0785860121,-0.28633219,0.375034153,0.862081766,-0.316206694,-0.00214360934,-0.142238379
-0.0970203727,-0.340769917,0.765989184,0.0271712728,0.0503329188,-0.743752658,0.666003287,0.0203967448,0.090722248,0.020961035,0.220503032,-0.329962671,0.109484881,-0.0746956319,-0.00748740975,0.00324861449,0.381054521,-0.1969973,0.0881518945,-0.0217388719,0.125708282,0.0508404039,-0.324511111,0.788686216,-0.194521353,1.05082512,0.161942497,0.040319398,0.265234023,0.0750096068,-0.285919011,0.378688574,0.855345786,-0.316039443,-0.00204621209,-0.13986747
-0.0971703306,-0.340690166,0.765834093,0.0274686012,0.0504869632,-0.746042609,0.663413227,0.0204986315,0.0903333202,0.0239046719,0.219972044,-0.33005318,0.109962136,-0.0757694766,-0.00783398189,0.0045709433,0.381702483,-0.19813633,0.0879920349,-0.0265231542,0.122602955,0.0517698377,-0.31408304,0.744096696,-0.21003148,1.05878222,0.16772379,0.0416987613,0.258845896,0.071433194,-0.285505831,0.382342964,0.848609865,-0.315872222,-0.00194881507,-0.137496546
-0.0973202884,-0.340610415,0.765678942,0.027765587,0.050640393,-0.748323381,0.660815179,0.0206005163,0.089944385,0.0268483087,0.219441056,-0.33014369,0.11043939,-0.0768433213,-0.00818055402,0.00589327188,0.382350475,-0.19927536,0.0878321752,-0.0313074328,0.119497627,0.0526992679,-0.303654939,0.699507236,-0.225541592,1.06673944,0.173505068,0.0430781245,0.252457768,0.0678567886,-0.285092652,0.385997355,0.841873884,-0.315704972,-0.00185141806,-0.135125637
-0.0974572524,-0.340534836,0.765584111,0.0280775726,0.0508015491,-0.750483513,0.658335388,0.0210027639,0.0896024778,0.0296483617,0.218270645,-0.329738826,0.110876828,-0.0774367452,-0.00840667915,0.00742920209,0.381953984,-0.199896559,0.087748684,-0.0350704864,0.116663367,0.0530628674,-0.293345094,0.659018099,-0.239665911,1.0742389,0.179324895,0.0444542095,0.246247843,0.0648072809,-0.284561813,0.389036,0.837721944,-0.315707833,-0.00137301872,-0.132779956
-0.0975710526,-0.340466708,0.765596747,0.0284166429,0.0509770662,-0.752436876,0.656073689,0.021940656,0.0893444121,0.0321923532,0.215959936,-0.328450501,0.111243255,-0.0771734267,-0.00841801148,0.009346053,0.379694879,-0.199594304,0.087801367,-0.0370123535,0.114312507,0.0524174124,-0.2832461,0.6258412,-0.251318842,1.08092213,0.185213417,0.0458244383,0.24035573,0.0626974106,-0.283821106,0.390976518,0.838178277,-0.316013992,-0.000215168679,-0.130479291
-0.0976848453,-0.34039861,0.765609384,0.0287554618,0.0511521287,-0.754383445,0.653805971,0.0228785481,0.0890863463,0.0347363465,0.213649213,-0.327162176,0.11160969,-0.0769101083,-0.00842934288,0.011262903,0.377435744,-0.199292034,0.0878540576,-0.038954217,0.111961648,0.0517719537,-0.273147106,0.592664301,-0.262971789,1.08760536,0.191101953,0.0471946709,0.234463617,0.0605875365,-0.283080399,0.392917007,0.838634551,-0.316320151,0.000942681334,-0.128178626
-0.0977986455,-0.340330482,0.76562202,0.0290940236,0.0513267294,-0.756323218,0.651532292,0.0238164403,0.0888282806,0.037280336,0.211338505,-0.325873822,0.111976117,-0.0766467899,-0.00844067428,0.0131797539,0.375176638,-0.198989779,0.0879067406,-0.0408960842,0.109610781,0.0511264987,-0.263048112,0.559487402,-0.274624735,1.09428859,0.196990475,0.0485648997,0.228571519,0.0584776662,-0.282339722,0.394857526,0.839090824,-0.31662631,0.00210053148,-0.125877962
-0.0979124382,-0.340262383,0.765634656,0.0294323172,0.0515008643,-0.758256137,0.649252772,0.0247543305,0.0885702148,0.0398243293,0.209027797,-0.324585497,0.112342551,-0.0763834715,-0.00845200568,0.0150966039,0.372917533,-0.198687509,0.0879594311,-0.0428379513,0.107259922,0.05048104,-0.252949119,0.526310503,-0.286277682,1.10097182,0.202879012,0.0499351285,0.222679406,0.0563677996,-0.281599015,0.396798044,0.839547098,-0.31693247,0.00325838127,-0.123577289
-0.0980262309,-0.340194255,0.765647292,0.0297703333,0.0516745225,-0.760182083,0.646967411,0.0256922226,0.0883121565,0.0423683189,0.206717074,-0.323297173,0.112708978,-0.0761201531,-0.00846333802,0.0170134548,0.370658398,-0.198385254,0.0880121216,-0.0447798185,0.104909062,0.0498355813,-0.24285011,0.493133634,-0.297930628,1.10765505,0.208767533,0.0513053611,0.216787294,0.0542579293,-0.280858338,0.398738563,0.840003371,-0.317238629,0.00441623153,-0.121276617
-0.0980589911,-0.34014073,0.765804768,0.0300407652,0.0519594736,-0.761973321,0.644821346,0.0273361169,0.0883190706,0.0444525555,0.202366754,-0.321160316,0.113201149,-0.0751195475,-0.00812918786,0.0190011244,0.3661201,-0.196405262,0.088050656,-0.047488071,0.102558546,0.0492371507,-0.231024384,0.471946925,-0.303174019,1.10769153,0.213231981,0.0522296503,0.21225138,0.0510175712,-0.288621664,0.388755023,0.820623398,-0.31063661,0.00308738952,-0.123727918
-0.0980831012,-0.340088725,0.765977681,0.0303037856,0.052255936,-0.76374495,0.642685652,0.0290552936,0.0883542374,0.0464877672,0.197798952,-0.31893298,0.113706723,-0.0740403235,-0.00775819877,0.0209963471,0.361338764,-0.194246367,0.0880876854,-0.0502780452,0.100208074,0.0486437306,-0.21901454,0.452038795,-0.307733923,1.10701919,0.217544556,0.0531063899,0.207860082,0.0476566702,-0.297291785,0.377500027,0.799128175,-0.303297967,0.00149338483,-0.126685932
-0.0981072187,-0.34003675,0.766150653,0.0305665731,0.0525519885,-0.765510559,0.640544772,0.0307744723,0.0883894041,0.048522979,0.193231136,-0.316705644,0.114212304,-0.0729610994,-0.00738720968,0.0229915697,0.356557399,-0.192087486,0.0881247148,-0.0530680232,0.0978575945,0.0480503142,-0.207004696,0.432130635,-0.312293857,1.10634685,0.221857145,0.0539831296,0.203468785,0.0442957655,-0.305961907,0.366245002,0.777632952,-0.295959324,-0.000100620011,-0.129643947
-0.0981313363,-0.339984745,0.766323566,0.0308291242,0.052847635,-0.767270207,0.638398945,0.0324936472,0.0884245783,0.0505581871,0.188663334,-0.314478278,0.114717878,-0.0718818754,-0.0070162206,0.0249867924,0.351776063,-0.189928591,0.0881617442,-0.0558579974,0.0955071151,0.0474568978,-0.194994852,0.412222505,-0.316853762,1.10567462,0.226169735,0.0548598692,0.199077487,0.0409348644,-0.314632028,0.354990005,0.756137729,-0.288620681,-0.00169462431,-0.132601961
-0.0981554464,-0.33993277,0.76649648,0.03109142,0.0531428568,-0.769023716,0.636248112,0.034212824,0.088459745,0.0525933988,0.184095532,-0.312250942,0.11522346,-0.0708026513,-0.00664523104,0.0269820131,0.346994728,-0.187769711,0.0881987736,-0.0586479716,0.0931566432,0.0468634777,-0.182985008,0.392314345,-0.321413666,1.10500228,0.230482325,0.0557366051,0.194686189,0.0375739634,-0.32330215,0.34373498,0.734642506,-0.281282008,-0.00328862923,-0.135559961
-0.0981584713,-0.339891642,0.766690135,0.0313040651,0.0534806326,-0.770576954,0.634327233,0.0357866101,0.0886233896,0.0544039533,0.179541737,-0.309962749,0.115337349,-0.0696355253,-0.00618156698,0.0288544875,0.341919124,-0.185191631,0.0882546306,-0.0603781119,0.0904927999,0.0462608561,-0.17215687,0.375493199,-0.325643897,1.10358942,0.234470278,0.0567020066,0.19061327,0.0338598266,-0.333109051,0.333859175,0.714948654,-0.274553537,-0.00446298765,-0.137852415
-0.0981355086,-0.339863896,0.766909182,0.0314556696,0.0538710803,-0.771886706,0.632692337,0.0371812545,0.0889453366,0.0559377037,0.175005242,-0.307599545,0.114968628,-0.0683601126,-0.00560371531,0.0305757206,0.336481005,-0.182097062,0.0883337036,-0.0608023927,0.0874428377,0.0456468947,-0.162784755,0.362475604,-0.329467893,1.10126388,0.238058239,0.0577766523,0.186932638,0.0297104623,-0.344316572,0.325682759,0.69747436,-0.268576831,-0.00512028579,-0.139324784
-0.0981125459,-0.33983615,0.767128229,0.0316071212,0.0542612746,-0.773192823,0.631054342,0.0385758989,0.0892672762,0.0574714504,0.170468733,-0.305236369,0.114599898,-0.0670846924,-0.00502586318,0.0322969556,0.331042856,-0.179002479,0.0884127691,-0.0612266771,0.0843928829,0.0450329334,-0.15341264,0.349458009,-0.333291918,1.09893847,0.2416462,0.0588512979,0.183252007,0.0255610961,-0.355524123,0.317506343,0.680000007,-0.262600154,-0.00577758392,-0.140797153
-0.0980895832,-0.339808404,0.767347276,0.0317584351,0.0546512343,-0.774495482,0.629413545,0.0399705432,0.0895892158,0.0590052009,0.165932223,-0.302873194,0.114231177,-0.0658092722,-0.00444801152,0.0340181887,0.325604707,-0.17590791,0.0884918347,-0.0616509579,0.0813429207,0.0444189683,-0.144040525,0.336440414,-0.337115914,1.09661305,0.245234162,0.0599259399,0.179571375,0.0214117318,-0.366731644,0.309329927,0.662525713,-0.256623447,-0.00643488206,-0.142269537
-0.0980666205,-0.339780658,0.767566383,0.0319096036,0.0550409295,-0.775794566,0.627769887,0.0413651839,0.0899111629,0.0605389476,0.161395714,-0.300510019,0.113862455,-0.064533852,-0.00387015939,0.0357394218,0.320166588,-0.172813341,0.0885709077,-0.0620752424,0.0782929584,0.0438050069,-0.13466841,0.323422819,-0.340939939,1.09428751,0.248822138,0.0610005856,0.175890744,0.0172623675,-0.377939194,0.301153511,0.64505142,-0.25064677,-0.0070921802,-0.143741906
-0.0980436653,-0.339752913,0.76778543,0.0320606269,0.0554303825,-0.777090192,0.626123488,0.0427598283,0.0902331024,0.062072698,0.156859204,-0.298146844,0.113493733,-0.0632584393,-0.00329230749,0.037460655,0.314728439,-0.169718757,0.0886499733,-0.0624995232,0.0752430037,0.0431910455,-0.12529628,0.310405225,-0.344763935,1.0919621,0.252410084,0.0620752275,0.172210112,0.0131130014,-0.389146715,0.292977095,0.627577066,-0.244670078,-0.00774947833,-0.145214275
-0.0980026796,-0.339771956,0.767989814,0.0322446711,0.0556737892,-0.777532458,0.625543058,0.0439707637,0.0900018513,0.0633096695,0.152601928,-0.29607904,0.113841929,-0.0619581901,-0.00350441481,0.0387851596,0.309750199,-0.166922405,0.0893891752,-0.0625685453,0.0714075938,0.0409977585,-0.116257161,0.305155963,-0.350300282,1.09446037,0.255217969,0.0623592548,0.166537315,-0.0181198604,-0.426722139,0.274858505,0.602881908,-0.232559547,-0.00824173447,-0.156202987
-0.0979615524,-0.339791358,0.768194079,0.032428965,0.0559160523,-0.777967751,0.624970555,0.0451802798,0.0897663385,0.0645443574,0.148346782,-0.2940135,0.114195652,-0.0606577545,-0.00372260297,0.0401066132,0.304775506,-0.164128348,0.0901334584,-0.0626348257,0.0675661415,0.0387923159,-0.107220605,0.299966455,-0.355849802,1.09699571,0.258019805,0.062637195,0.160849199,-0.0495611988,-0.464500487,0.256663412,0.578131139,-0.220401809,-0.00873272121,-0.167264938
-0.0979204252,-0.339810759,0.768398345,0.0326132253,0.0561582632,-0.778402448,0.624397576,0.0463897996,0.0895308331,0.0657790378,0.144091651,-0.291947961,0.114549369,-0.059357319,-0.00394079089,0.0414280668,0.299800813,-0.161334291,0.0908777416,-0.0627011135,0.0637246817,0.036586877,-0.0981840491,0.294776946,-0.361399323,1.09953105,0.26082167,0.0629151389,0.155161068,-0.081002526,-0.502278864,0.238468289,0.55338037,-0.20824407,-0.00922370702,-0.17832689
-0.0978793055,-0.33983016,0.76860255,0.0327974744,0.0564004593,-0.778836787,0.623824298,0.0475993194,0.0892953277,0.0670137256,0.139836505,-0.289882451,0.114903085,-0.0580568798,-0.00415897928,0.0427495204,0.29482612,-0.158540249,0.0916220173,-0.0627674013,0.0598832294,0.0343814343,-0.0891474932,0.289587468,-0.366948843,1.1020664,0.263623536,0.0631930828,0.149472952,-0.112443872,-0.540057242,0.220273182,0.528629601,-0.196086317,-0.00971469283,-0.189388841
-0.0978381783,-0.339849532,0.768806815,0.0329816937,0.0566426031,-0.77927053,0.623250544,0.0488088392,0.0890598148,0.0682484135,0.135581374,-0.287816912,0.115256801,-0.0567564443,-0.00437716721,0.0440709703,0.289851427,-0.155746192,0.0923663005,-0.0628336817,0.0560417734,0.0321759917,-0.0801109299,0.28439796,-0.372498363,1.10460174,0.266425401,0.0634710267,0.143784821,-0.14388521,-0.57783556,0.202078074,0.503878891,-0.183928579,-0.0102056796,-0.200450793
-0.0977484584,-0.339906842,0.768937171,0.0329849534,0.0570235923,-0.77942574,0.623021662,0.0499676466,0.0893557742,0.0696849599,0.132021546,-0.286344439,0.114631966,-0.0554285645,-0.00415363209,0.0452856719,0.285362691,-0.153129429,0.0923479199,-0.061024718,0.051677838,0.0300572664,-0.0728714913,0.280225784,-0.377650678,1.10812151,0.268068165,0.0637569875,0.139358431,-0.177423224,-0.615127742,0.191060513,0.504544914,-0.172149748,-0.00876754336,-0.20819886
-0.0976167992,-0.339996845,0.769003689,0.0328320041,0.057524424,-0.779340446,0.623090386,0.0510826819,0.0901104733,0.0712957457,0.129061893,-0.28538388,0.113162473,-0.0540770032,-0.00354881701,0.0464082249,0.281293422,-0.1506657,0.0916712284,-0.0575970933,0.0468629152,0.0280133896,-0.0671832636,0.276931733,-0.382460117,1.11249089,0.268710464,0.0640498698,0.136021107,-0.212771013,-0.652000308,0.186238348,0.527149796,-0.160697982,-0.0056642564,-0.213086486
-0.0974851325,-0.340086877,0.769070208,0.0326790437,0.0580252334,-0.779254913,0.623158813,0.0521977209,0.0908651799,0.0729065388,0.126102239,-0.284423351,0.11169298,-0.052725438,-0.00294400193,0.0475307778,0.277224153,-0.148201987,0.0909945443,-0.0541694723,0.0420479886,0.0259695146,-0.0614950322,0.273637712,-0.387269527,1.11686039,0.269352734,0.0643427521,0.132683769,-0.248118818,-0.688872814,0.181416184,0.549754739,-0.149246231,-0.00256096898,-0.217974097
-0.0973534733,-0.34017688,0.769136727,0.0325260796,0.0585260354,-0.779169261,0.623227239,0.0533127561,0.091619879,0.0745173246,0.123142585,-0.283462793,0.110223487,-0.0513738729,-0.00233918685,0.0486533344,0.273154855,-0.145738259,0.0903178528,-0.0507418513,0.0372330658,0.0239256397,-0.0558068007,0.270343661,-0.392078966,1.12122989,0.269995034,0.0646356419,0.129346445,-0.283466607,-0.72574532,0.176594019,0.572359622,-0.137794465,0.000542318332,-0.222861722
-0.0972218141,-0.340266913,0.769203246,0.0323731042,0.059026815,-0.779083312,0.623295367,0.0544277914,0.0923745856,0.0761281103,0.120182931,-0.282502234,0.108753994,-0.0500223078,-0.00173437153,0.0497758873,0.269085586,-0.143274546,0.0896411687,-0.0473142266,0.0324181393,0.0218817648,-0.0501185693,0.267049611,-0.396888405,1.12559927,0.270637333,0.0649285242,0.126009122,-0.318814397,-0.762617886,0.171771854,0.594964564,-0.126342699,0.00364560611,-0.227749348
-0.0970876589,-0.340362936,0.769266546,0.0322170146,0.0595332794,-0.778974414,0.62339133,0.0554987229,0.0931427181,0.0777375028,0.117302492,-0.28149721,0.107184328,-0.0486908928,-0.00112576189,0.0508385636,0.265068769,-0.140825912,0.0889012218,-0.0438806079,0.0276309978,0.0199144278,-0.044520542,0.263808608,-0.40134263,1.12992489,0.271146834,0.0652206168,0.122885354,-0.353559256,-0.799450159,0.166742161,0.618569493,-0.114819147,0.00684112683,-0.232481763
-0.096925281,-0.340527147,0.769293666,0.0320257694,0.0601044074,-0.778607547,0.62380451,0.0560697839,0.0940631479,0.0793310404,0.115319878,-0.279987931,0.104479373,-0.0475878082,-0.000474147731,0.0512226149,0.26164639,-0.138548315,0.0874443874,-0.040379025,0.0231587123,0.0188145265,-0.0399448164,0.261168957,-0.401771218,1.13375282,0.270151526,0.065503709,0.122181959,-0.38147077,-0.835826516,0.159360602,0.653507769,-0.102481805,0.011081974,-0.23545514
-0.096762903,-0.340691358,0.769320726,0.0318345092,0.0606755018,-0.778240323,0.624217272,0.0566408448,0.0949835703,0.0809245855,0.113337263,-0.278478622,0.101774409,-0.0464847237,0.000177466471,0.05160667,0.25822401,-0.136270732,0.085987553,-0.0368774422,0.0186864268,0.0177146252,-0.0353690907,0.258529276,-0.402199805,1.13758087,0.269156188,0.0657868013,0.121478565,-0.409382284,-0.872202814,0.151979059,0.688446045,-0.0901444629,0.0153228221,-0.238428518
-0.0966005251,-0.340855539,0.769347847,0.0316432193,0.0612465441,-0.777872384,0.624629557,0.0572119057,0.0959040001,0.0825181231,0.111354649,-0.276969343,0.0990694538,-0.0453816392,0.000829080644,0.0519907214,0.254801631,-0.133993134,0.0845307112,-0.0333758555,0.0142141413,0.016614724,-0.0307933651,0.255889595,-0.402628392,1.1414088,0.26816088,0.0660698861,0.120775163,-0.437293798,-0.908579171,0.144597501,0.72338438,-0.0778071284,0.0195636693,-0.241401911
-0.0964381471,-0.34101975,0.769374967,0.0314519182,0.0618175603,-0.777504086,0.625041544,0.0577829666,0.0968244225,0.0841116682,0.109372035,-0.275460064,0.0963644907,-0.0442785546,0.00148069486,0.0523747765,0.251379251,-0.131715536,0.0830738768,-0.0298742708,0.00974185485,0.0155148236,-0.0262176394,0.253249913,-0.403056979,1.14523685,0.267165571,0.0663529783,0.120071769,-0.465205282,-0.944955528,0.137215942,0.758322656,-0.0654697865,0.0238045175,-0.244375288
-0.0962757692,-0.34118396,0.769402087,0.031260591,0.062388517,-0.777135193,0.625452936,0.0583540313,0.0977448523,0.0857052132,0.10738942,-0.273950785,0.0936595276,-0.0431754701,0.0021323089,0.0527588278,0.247956872,-0.129437938,0.0816170424,-0.0263726879,0.00526957028,0.0144149233,-0.0216419138,0.250610232,-0.403485566,1.14906478,0.266170233,0.0666360706,0.119368374,-0.493116796,-0.981331825,0.129834384,0.793260932,-0.0531324521,0.0280453637,-0.247348666
-0.0961328298,-0.341360807,0.769409955,0.0310485493,0.0628727823,-0.77663976,0.626030147,0.0588991977,0.0985296071,0.0870537385,0.105380096,-0.272327363,0.0906506777,-0.0419742465,0.00273289834,0.052682478,0.244749531,-0.127576321,0.0803445876,-0.0227985457,0.00128060498,0.0134694092,-0.0180727448,0.248143733,-0.404135764,1.15260971,0.265176266,0.0670131966,0.118846327,-0.517728627,-1.01282942,0.124797776,0.8259027,-0.0425738469,0.0317457281,-0.248752177
-0.0960015357,-0.341545194,0.769406259,0.0308240838,0.0633050948,-0.776068151,0.626706243,0.0594288595,0.0992331058,0.0882555321,0.103354767,-0.270635605,0.0874598399,-0.040714249,0.00330293039,0.0523304008,0.241670981,-0.125963822,0.0791825503,-0.0191809498,-0.00241891225,0.012616355,-0.0151063735,0.245780945,-0.404918641,1.15598512,0.264183134,0.0674466416,0.118432894,-0.540364385,-1.0414052,0.121165492,0.857169092,-0.0330804847,0.0351224132,-0.249215513
-0.0958702415,-0.341729581,0.769402623,0.0305995829,0.0637373328,-0.775495648,0.627381623,0.0599585213,0.099936612,0.0894573182,0.101329438,-0.268943846,0.0842689946,-0.0394542515,0.0038729622,0.0519783236,0.238592446,-0.124351323,0.0780205205,-0.0155633548,-0.00611842889,0.0117632998,-0.012140004,0.243418157,-0.405701518,1.15936041,0.263189971,0.0678800792,0.118019454,-0.563000202,-1.06998098,0.117533214,0.888435483,-0.0235871188,0.0384990945,-0.249678865
-0.0957389399,-0.341913968,0.769398928,0.0303750541,0.0641695186,-0.774922431,0.628056407,0.0604881831,0.100640118,0.0906591117,0.0993041098,-0.267252088,0.0810781494,-0.038194254,0.00444299402,0.0516262501,0.235513896,-0.122738823,0.0768584833,-0.0119457589,-0.0098179467,0.0109102447,-0.0091736326,0.241055369,-0.406484395,1.16273582,0.262196839,0.0683135167,0.117606021,-0.58563596,-1.09855688,0.11390093,0.919701874,-0.014093753,0.0418757759,-0.250142187
-0.0956076458,-0.342098355,0.769395292,0.0301504955,0.06460163,-0.774348438,0.628730536,0.0610178448,0.101343617,0.0918609053,0.0972787812,-0.265560329,0.0778873116,-0.0369342566,0.00501302583,0.051274173,0.232435346,-0.121126324,0.0756964535,-0.00832816493,-0.0135174626,0.0100571895,-0.00620726356,0.238692582,-0.407267243,1.16611111,0.261203676,0.0687469617,0.117192581,-0.608271718,-1.12713265,0.110268645,0.950968266,-0.00460039033,0.045252461,-0.250605553
-0.0954788104,-0.34228009,0.769394696,0.0299034901,0.0649954304,-0.773700476,0.629499018,0.0615352243,0.102050565,0.0927910283,0.0955569074,-0.264130235,0.0749278516,-0.0357318595,0.00558422552,0.050741002,0.229682207,-0.119611867,0.074642241,-0.00508752232,-0.0168631133,0.00939151086,-0.00311765401,0.236322001,-0.407843381,1.16929793,0.260284275,0.0692218542,0.11665038,-0.629201055,-1.15214181,0.107392244,0.978168547,0.00384556293,0.0481209382,-0.251728266
-0.0953620002,-0.34244895,0.76940912,0.0295468215,0.065202117,-0.772693396,0.630730271,0.0619925521,0.102774344,0.0923928693,0.0953186899,-0.263979405,0.0730997026,-0.0348110832,0.00616113329,0.0493223928,0.228520095,-0.11857678,0.0741152316,-0.00368991168,-0.0184785984,0.00964196865,0.000574507809,0.233913377,-0.407408714,1.17156279,0.259725481,0.0698994249,0.115478598,-0.641787231,-1.15971315,0.10821154,0.985488415,0.00717041222,0.0485046506,-0.256074846
-0.09524519,-0.34261778,0.769423544,0.0291900691,0.0654086247,-0.771684229,0.631959796,0.0624498762,0.103498124,0.0919947028,0.0950804725,-0.263828605,0.0712715536,-0.0338903107,0.00673804153,0.0479037873,0.227357998,-0.117541686,0.0735882223,-0.00229230127,-0.0200940855,0.00989242643,0.00426666951,0.231504738,-0.406974018,1.17382777,0.259166688,0.0705770031,0.114306815,-0.654373348,-1.16728449,0.109030828,0.992808223,0.0104952613,0.0488883667,-0.260421395
-0.0951283798,-0.34278664,0.769437909,0.0288332347,0.0656149536,-0.770672917,0.633187711,0.062907204,0.104221903,0.0915965438,0.0948422551,-0.263677776,0.0694434047,-0.0329695381,0.00731494976,0.0464851782,0.226195887,-0.116506591,0.0730612203,-0.000894690573,-0.0217095707,0.0101428842,0.00795883127,0.2290961,-0.406539321,1.17609262,0.258607894,0.0712545738,0.113135032,-0.666959524,-1.17485583,0.109850124,1.00012803,0.0138201108,0.0492720827,-0.264767975
-0.0950115696,-0.34295547,0.769452333,0.0284763239,0.0658210963,-0.769659519,0.634413779,0.0633645281,0.104945675,0.0911983848,0.0946040303,-0.263526976,0.0676152557,-0.0320487618,0.007891858,0.0450665727,0.22503379,-0.115471505,0.072534211,0.000502919604,-0.0233250577,0.010393342,0.0116509926,0.226687461,-0.406104624,1.17835748,0.258049101,0.0719321519,0.11196325,-0.679545641,-1.18242717,0.110669419,1.00744784,0.0171449594,0.0496557951,-0.269114554
-0.0948947594,-0.34312433,0.769466758,0.0281193461,0.0660270825,-0.768644154,0.635638297,0.0638218597,0.105669454,0.0908002183,0.0943658128,-0.263376147,0.0657871068,-0.0311279893,0.00846876577,0.0436479636,0.223871678,-0.11443641,0.0720072016,0.0019005303,-0.0249405429,0.0106438007,0.0153431548,0.224278837,-0.405669928,1.18062234,0.257490307,0.0726097226,0.110791467,-0.692131817,-1.18999851,0.111488715,1.01476765,0.020469809,0.0500395112,-0.273461133
-0.0947750807,-0.343269259,0.769455254,0.0277331304,0.066137284,-0.767343163,0.637213767,0.064162232,0.106152385,0.0897001475,0.0950371101,-0.264413863,0.0660093054,-0.0304482244,0.00870952662,0.0412805118,0.223634109,-0.11401578,0.0714150593,0.0012448011,-0.0250996426,0.0107665407,0.0194508936,0.221547544,-0.405219734,1.18043721,0.257379383,0.0733344853,0.108742043,-0.696240127,-1.1785686,0.11113295,0.983889937,0.01722656,0.0481249057,-0.280825049
-0.0946542472,-0.343404651,0.76943332,0.0273351036,0.0662089139,-0.76592499,0.6389274,0.0644557998,0.106538914,0.0883191377,0.0960724428,-0.265927285,0.0670521557,-0.029864924,0.00881574489,0.0385332853,0.22376658,-0.113841087,0.0707968473,-0.000232772858,-0.0246758256,0.0108381622,0.0237249676,0.218687102,-0.404763281,1.17927134,0.257447779,0.0740781352,0.106341347,-0.696955204,-1.1595335,0.110306881,0.937723637,0.0113544436,0.0452904068,-0.289396614
-0.0945334136,-0.343540043,0.769411445,0.0269369353,0.0662802085,-0.764502883,0.640637815,0.0647493675,0.106925443,0.0869381279,0.0971077755,-0.267440677,0.0680949986,-0.0292816255,0.00892196316,0.035786055,0.223899066,-0.113666385,0.0701786354,-0.00171034678,-0.0242520086,0.0109097827,0.0279990416,0.21582666,-0.404306859,1.17810547,0.257516146,0.0748217776,0.103940651,-0.697670341,-1.1404984,0.109480806,0.891557336,0.00548232626,0.0424559079,-0.297968179
-0.0944125727,-0.343675435,0.76938951,0.0265386272,0.0663511604,-0.763076842,0.642345011,0.0650429353,0.107311971,0.0855571181,0.0981431007,-0.268954098,0.0691378489,-0.0286983252,0.00902818237,0.0330388285,0.224031538,-0.113491692,0.069560416,-0.0031879209,-0.0238281935,0.0109814042,0.0322731137,0.212966233,-0.403850436,1.17693961,0.257584512,0.0755654275,0.101539955,-0.698385417,-1.1214633,0.10865473,0.845391035,-0.000389790221,0.039621409,-0.306539774
-0.0942917392,-0.343810827,0.769367635,0.0261401869,0.0664217696,-0.761646926,0.64404881,0.0653364956,0.107698508,0.0841761082,0.0991784334,-0.27046749,0.0701806992,-0.0281150248,0.00913440064,0.0302916002,0.224164009,-0.113316998,0.0689422041,-0.0046654949,-0.0234043766,0.0110530257,0.0365471877,0.210105792,-0.403394014,1.17577386,0.257652879,0.0763090774,0.0991392508,-0.699100494,-1.1024282,0.107828654,0.799224734,-0.00626190798,0.0367869064,-0.315111339
-0.0941732526,-0.343934238,0.769358456,0.0257451944,0.06645675,-0.760092914,0.645894468,0.0655381382,0.108040199,0.08276207,0.100262813,-0.271853209,0.0712297261,-0.0275240466,0.00919883046,0.0278470796,0.224181667,-0.113123246,0.0683404654,-0.00551129272,-0.0225080382,0.0112521825,0.040161714,0.206940264,-0.403542101,1.17441976,0.257725805,0.0770321414,0.097171247,-0.694274247,-1.07866931,0.109276518,0.760929763,-0.0125113996,0.0343659148,-0.320561767
-0.0940614864,-0.344023317,0.769385815,0.0253602359,0.0663899705,-0.75818795,0.648151517,0.065476127,0.108253285,0.0812532902,0.10148789,-0.272872716,0.0722964853,-0.0269110501,0.00914340187,0.0262707807,0.223870024,-0.112874828,0.0677859783,-0.00454503484,-0.0202564206,0.0118171358,0.0418845229,0.202899665,-0.405423999,1.17252612,0.257811815,0.0776961446,0.0964442939,-0.673554242,-1.04136133,0.117246471,0.745211244,-0.0198432747,0.0331309326,-0.317060053
-0.0939497277,-0.344112426,0.769413173,0.0249750428,0.0663226023,-0.75627619,0.650402963,0.0654141158,0.108466379,0.0797445029,0.102712959,-0.273892194,0.0733632445,-0.0262980536,0.00908797421,0.0246944819,0.223558381,-0.112626418,0.0672314912,-0.00357877742,-0.0180048011,0.0123820882,0.0436073355,0.198859081,-0.407305926,1.17063248,0.257897824,0.0783601478,0.0957173333,-0.652834237,-1.00405347,0.125216424,0.729492724,-0.0271751489,0.0318959504,-0.31355837
-0.0938379616,-0.344201505,0.769440532,0.0245896243,0.066254653,-0.754357636,0.652648568,0.0653521046,0.108679466,0.0782357231,0.103938036,-0.274911672,0.0744300038,-0.0256850552,0.00903254561,0.0231181812,0.223246738,-0.112378001,0.0666770041,-0.00261251978,-0.0157531835,0.0129470415,0.0453301482,0.194818482,-0.409187824,1.16873884,0.257983834,0.0790241584,0.0949903727,-0.632114291,-0.966745615,0.13318637,0.713774145,-0.034507025,0.0306609683,-0.310056657
-0.0937262028,-0.344290584,0.76946789,0.0242039934,0.0661861151,-0.752432585,0.654888451,0.0652900934,0.10889256,0.0767269433,0.105163105,-0.27593115,0.075496763,-0.0250720587,0.00897711702,0.0215418804,0.222935095,-0.112129591,0.0661225095,-0.00164626201,-0.013501565,0.0135119949,0.0470529608,0.190777883,-0.411069751,1.1668452,0.258069843,0.0796881616,0.0942634195,-0.611394286,-0.929437697,0.141156331,0.698055625,-0.0418388993,0.0294259861,-0.306554973
-0.0936144367,-0.344379693,0.769495249,0.0238181558,0.0661169812,-0.750500798,0.657122374,0.0652280822,0.109105647,0.0752181634,0.106388181,-0.276950628,0.0765635222,-0.0244590621,0.00892168935,0.0199655816,0.222623453,-0.111881174,0.0655680224,-0.000680004538,-0.0112499474,0.0140769472,0.0487757698,0.186737284,-0.412951648,1.16495144,0.258155853,0.0803521648,0.0935364589,-0.590674281,-0.892129838,0.149126291,0.682337105,-0.0491707735,0.0281910039,-0.30305326
-0.0935274363,-0.344451547,0.769507527,0.0235161018,0.0660447925,-0.748291373,0.659655333,0.0650691912,0.108664431,0.0737765282,0.107171111,-0.277840078,0.0782629177,-0.0239812545,0.00847990718,0.0185776912,0.222637132,-0.111847617,0.065166831,0.00289649121,-0.00795129966,0.0147150373,0.0506888516,0.183056504,-0.414648026,1.16033399,0.258466601,0.0800988823,0.0939594582,-0.56497556,-0.851934791,0.161637604,0.690050781,-0.0578848571,0.0283536743,-0.295630187
-0.093446523,-0.344519198,0.76951617,0.0232343785,0.0659711957,-0.746006429,0.662255526,0.0648865104,0.108062558,0.0723513737,0.107845493,-0.27869761,0.0801176429,-0.0235366393,0.00794326793,0.0172360577,0.222730696,-0.111866809,0.0648032725,0.00711384928,-0.00439558784,0.0153710833,0.0526486486,0.179464042,-0.416298836,1.15504777,0.258832514,0.0796203837,0.0946647972,-0.538054407,-0.811030865,0.175263911,0.703517497,-0.066938296,0.0288594961,-0.28724432
-0.0933656096,-0.344586849,0.769524813,0.0229523685,0.0658968166,-0.743712425,0.664847791,0.064703837,0.107460693,0.0709262192,0.108519875,-0.279555142,0.0819723606,-0.023092024,0.00740662869,0.015894426,0.222824246,-0.111886002,0.0644397065,0.0113312071,-0.000839875545,0.0160271283,0.0546084456,0.175871596,-0.417949677,1.14976156,0.259198427,0.079141885,0.0953701288,-0.511133254,-0.770126939,0.188890219,0.716984212,-0.0759917423,0.0293653179,-0.278858453
-0.0932846963,-0.3446545,0.769533455,0.0226700827,0.0658216402,-0.74140954,0.66743201,0.0645211637,0.106858827,0.0695010722,0.109194249,-0.280412674,0.0838270858,-0.0226474069,0.00686998945,0.0145527935,0.22291781,-0.111905195,0.064076148,0.0155485654,0.00271583721,0.0166831743,0.0565682463,0.172279134,-0.419600487,1.14447534,0.25956434,0.0786633864,0.0960754678,-0.48421213,-0.729223013,0.202516526,0.730450928,-0.0850451812,0.0298711397,-0.270472586
-0.0932037756,-0.344722122,0.769542098,0.0223875307,0.0657456666,-0.739097714,0.670008123,0.0643384904,0.106256962,0.0680759177,0.109868631,-0.281270176,0.085681811,-0.0222027916,0.0063333502,0.0132111609,0.223011374,-0.111924388,0.0637125894,0.0197659228,0.00627154857,0.0173392203,0.0585280396,0.168686688,-0.421251297,1.13918912,0.259930253,0.0781848878,0.0967807993,-0.457291007,-0.688319087,0.216142833,0.743917644,-0.0940986201,0.0303769615,-0.262086719
-0.0931294635,-0.344787002,0.769527197,0.0221710205,0.0656636879,-0.736992359,0.672338486,0.0642680302,0.105611101,0.0667658225,0.11037425,-0.282007128,0.0874348581,-0.0218178034,0.00568092568,0.0118776252,0.223454371,-0.112216748,0.0634513497,0.0232681073,0.00973831676,0.0179156344,0.0604900382,0.166208535,-0.421931416,1.13331699,0.259973347,0.0775107071,0.0977469608,-0.431599528,-0.651789129,0.227868125,0.758014977,-0.102305599,0.0308951195,-0.254228503
-0.0930675715,-0.344846606,0.769468009,0.0220789649,0.0655713752,-0.735285521,0.674216688,0.0644085407,0.104882531,0.0656720251,0.110562608,-0.282517403,0.0889967754,-0.0215449072,0.00481084129,0.0105593111,0.224554271,-0.11302264,0.0633824393,0.0254258588,0.013037879,0.0183423497,0.0624561757,0.165825173,-0.420786768,1.12634337,0.259409577,0.0764686614,0.0992034376,-0.408219665,-0.623481691,0.23601976,0.773297846,-0.108921327,0.0314364657,-0.247362152
-0.0930056721,-0.344906241,0.769408822,0.0219867639,0.0654786378,-0.733573854,0.676090658,0.0645490438,0.104153961,0.0645782202,0.110750966,-0.283027649,0.0905586928,-0.0212720111,0.00394075643,0.00924099609,0.22565417,-0.113828532,0.0633135363,0.0275836103,0.0163374413,0.0187690649,0.0644223094,0.165441796,-0.419642121,1.11936975,0.258845806,0.0754266083,0.100659914,-0.384839803,-0.595174313,0.244171396,0.788580656,-0.115537055,0.0319778137,-0.240495816
-0.0929437801,-0.344965845,0.769349635,0.0218944196,0.0653854683,-0.731857538,0.677960157,0.0646895543,0.103425384,0.0634844229,0.110939331,-0.283537924,0.0921206102,-0.0209991131,0.00307067158,0.00792268198,0.226754069,-0.114634424,0.0632446334,0.0297413599,0.0196370035,0.019195782,0.0663884506,0.165058434,-0.418497443,1.11239612,0.258282006,0.0743845627,0.102116399,-0.361459911,-0.566866875,0.252323031,0.803863525,-0.122152783,0.0325191617,-0.23362948
-0.0928818807,-0.34502548,0.769290507,0.0218019374,0.065291889,-0.730136454,0.679825366,0.0648300573,0.102696814,0.0623906218,0.111127689,-0.28404817,0.0936825275,-0.020726217,0.00220058719,0.00660436787,0.227853969,-0.115440316,0.0631757304,0.0318991095,0.0229365658,0.0196224973,0.0683545843,0.164675057,-0.417352796,1.1054225,0.257718235,0.073342517,0.103572875,-0.338080049,-0.538559496,0.260474652,0.819146395,-0.128768504,0.0330605097,-0.226763144
-0.0928199887,-0.345085084,0.769231319,0.0217093136,0.065197885,-0.728410661,0.681686103,0.0649705678,0.101968244,0.0612968244,0.111316048,-0.284558445,0.0952444449,-0.0204533208,0.00133050221,0.00528605375,0.228953868,-0.116246216,0.0631068274,0.034056861,0.0262361299,0.0200492125,0.0703207254,0.164291695,-0.416208148,1.09844875,0.257154465,0.0723004639,0.105029352,-0.314700186,-0.510252059,0.268626273,0.834429204,-0.135384232,0.0336018577,-0.219896808
-0.0927840099,-0.345136791,0.769157231,0.0216821097,0.0650735646,-0.727132022,0.683062613,0.0647235066,0.101349041,0.060724277,0.112635761,-0.285700768,0.0966256186,-0.0205805823,0.000778611051,0.00427968754,0.230632842,-0.117544614,0.0631152093,0.0340109579,0.0286460035,0.0205699392,0.0711976439,0.16436021,-0.416164935,1.09358358,0.257369488,0.0712274984,0.106057964,-0.295324236,-0.490921646,0.274410129,0.846335948,-0.140759006,0.033419922,-0.21419397
-0.0927511826,-0.345187545,0.769081354,0.0216627996,0.0649453849,-0.725905776,0.684378326,0.0644293278,0.100743137,0.0602151081,0.114093028,-0.286919951,0.0979848132,-0.020756498,0.000265406619,0.00331124896,0.232382208,-0.118902892,0.0631329864,0.0336971283,0.0309477076,0.0211020969,0.0719421357,0.164483681,-0.416255653,1.08897471,0.257679224,0.0701507702,0.107034557,-0.276435107,-0.472682655,0.279906094,0.857832193,-0.145982891,0.0331500471,-0.208632603
-0.0927183554,-0.345238298,0.769005537,0.0216434188,0.0648169965,-0.724677086,0.685691953,0.0641351417,0.100137234,0.0597059391,0.115550287,-0.288139105,0.0993440151,-0.0209324118,-0.0002477979,0.00234281039,0.234131575,-0.12026117,0.0631507635,0.0333832987,0.0332494117,0.0216342546,0.0726866275,0.164607137,-0.416346371,1.08436596,0.25798896,0.0690740496,0.108011149,-0.257545978,-0.454443634,0.28540206,0.869328499,-0.151206776,0.0328801721,-0.203071222
-0.0926855281,-0.345289052,0.76892966,0.0216239691,0.064688392,-0.723446131,0.687003255,0.0638409629,0.0995313302,0.0591967702,0.117007554,-0.289358288,0.10070321,-0.0211083274,-0.000761002302,0.00137437182,0.235880941,-0.121619456,0.063168548,0.0330694728,0.0355511159,0.0221664105,0.0734311193,0.164730608,-0.416437089,1.07975709,0.258298665,0.0679973215,0.108987741,-0.238656834,-0.436204642,0.290898025,0.880824745,-0.156430662,0.0326102972,-0.197509855
-0.0926527008,-0.345339805,0.768853784,0.0216044504,0.0645595863,-0.722212851,0.688312411,0.0635467842,0.0989254266,0.0586876012,0.11846482,-0.290577471,0.102062412,-0.0212842412,-0.00127420679,0.000405933039,0.237630308,-0.122977734,0.0631863251,0.0327556431,0.03785282,0.0226985682,0.0741756111,0.164854079,-0.416527808,1.07514822,0.258608401,0.0669205934,0.109964333,-0.219767705,-0.417965651,0.296393991,0.892320991,-0.161654547,0.0323404223,-0.191948488
-0.0926325321,-0.345378816,0.768781066,0.0216208175,0.0644032359,-0.72121793,0.689368904,0.0631653592,0.0983444229,0.0582724065,0.120164305,-0.29175052,0.103308924,-0.0215394478,-0.0017592588,-0.000387859647,0.23948811,-0.124402039,0.063314423,0.032099843,0.0401008874,0.023385644,0.0744140744,0.165028349,-0.417146862,1.07084656,0.259439021,0.0659169182,0.110663652,-0.202999011,-0.402334422,0.301884741,0.901063621,-0.167093247,0.0320176892,-0.186843023
-0.0926287323,-0.345402628,0.768712461,0.0216836724,0.0642114356,-0.720533431,0.690100253,0.0626710504,0.0977956355,0.0579788014,0.122177176,-0.292863935,0.104409657,-0.0218972415,-0.00220788689,-0.000955694646,0.241486162,-0.125911772,0.0635852516,0.031001607,0.0422795527,0.0242731515,0.0739978328,0.165268347,-0.418449521,1.06694245,0.260943592,0.0650077462,0.111004226,-0.18897377,-0.390077204,0.307368785,0.906243503,-0.172809869,0.0316265672,-0.18232742
-0.09262494,-0.34542644,0.768643796,0.0217465051,0.0640195534,-0.719848216,0.690830946,0.0621767454,0.097246848,0.0576851964,0.124190055,-0.29397732,0.105510384,-0.022255037,-0.00265651499,-0.00152352976,0.243484229,-0.127421498,0.0638560727,0.029903369,0.0444582216,0.025160661,0.0735815987,0.16550836,-0.419752151,1.06303835,0.262448162,0.0640985742,0.111344792,-0.174948514,-0.377819955,0.31285283,0.911423445,-0.178526491,0.0312354453,-0.177811816
-0.0926211402,-0.345450252,0.768575191,0.0218093153,0.0638276041,-0.719162107,0.691560864,0.0616824403,0.0966980606,0.0573915914,0.126202926,-0.295090735,0.10661111,-0.0226128325,-0.00310514285,-0.0020913647,0.245482296,-0.128931239,0.0641269013,0.0288051311,0.0466368906,0.0260481685,0.0731653571,0.165748358,-0.42105481,1.05913413,0.263952732,0.0631894022,0.111685365,-0.160923272,-0.365562707,0.318336844,0.916603327,-0.184243113,0.0308443233,-0.173296213
-0.0926173478,-0.345474035,0.768506527,0.0218721014,0.0636355802,-0.718475282,0.692290008,0.0611881353,0.0961492732,0.0570979863,0.128215805,-0.29620412,0.107711844,-0.0229706261,-0.00355377095,-0.00265919999,0.247480363,-0.130440965,0.0643977299,0.0277068932,0.0488155596,0.026935678,0.072749123,0.165988371,-0.42235744,1.05523002,0.265457302,0.0622802302,0.112025939,-0.146898031,-0.353305459,0.323820889,0.921783268,-0.18995975,0.0304532032,-0.16878061
-0.092613548,-0.345497847,0.768437922,0.021934865,0.0634435043,-0.717787743,0.693018496,0.0606938303,0.0956004858,0.0568043813,0.130228683,-0.297317535,0.108812571,-0.0233284216,-0.00400239928,-0.00322703505,0.24947843,-0.131950706,0.0646685585,0.0266086552,0.0509942286,0.0278231855,0.0723328888,0.166228369,-0.4236601,1.05132592,0.266961873,0.061371062,0.112366505,-0.132872775,-0.341048211,0.329304934,0.926963151,-0.195676371,0.0300620813,-0.164265007
-0.0926483646,-0.345467955,0.768401206,0.0220935345,0.0631840006,-0.717524409,0.693309844,0.0598641597,0.0950084776,0.0561483949,0.132640362,-0.298458755,0.110516936,-0.0240313727,-0.00428873394,-0.00343802501,0.251686901,-0.133532241,0.0651314929,0.0251045618,0.0527636111,0.0287951715,0.0694592074,0.16842483,-0.429015934,1.03918791,0.26970467,0.0596132427,0.112423941,-0.125510395,-0.336128622,0.337934464,0.913966537,-0.201145366,0.0273620263,-0.160177529
-0.0926839486,-0.34543696,0.768365145,0.0222541206,0.0629231185,-0.717269361,0.693592191,0.0590277575,0.0944156051,0.0554851294,0.135060057,-0.299600512,0.112233415,-0.0247412529,-0.0045718099,-0.00364185032,0.253899574,-0.135115221,0.0655982867,0.0235923193,0.0545247793,0.0297688507,0.0665361807,0.17066057,-0.434453189,1.02688456,0.272472352,0.0578383841,0.112475693,-0.118281789,-0.331356347,0.346627146,0.900604963,-0.206609398,0.02461561,-0.156098649
-0.09271954,-0.345405966,0.768329084,0.0224147048,0.0626622289,-0.717014194,0.693874419,0.0581913516,0.0938227326,0.0548218675,0.137479737,-0.300742298,0.113949902,-0.025451133,-0.00485488586,-0.00384567538,0.256112278,-0.136698201,0.066065073,0.022080075,0.0562859476,0.0307425316,0.0636131614,0.172896326,-0.439890414,1.0145812,0.275240004,0.0560635254,0.112527445,-0.111053184,-0.326584101,0.355319858,0.88724339,-0.21207343,0.0218691956,-0.152019769
-0.092755124,-0.345374972,0.768293023,0.0225752816,0.0624013208,-0.716758907,0.694156468,0.0573549494,0.0932298601,0.0541586019,0.139899418,-0.301884085,0.115666382,-0.0261610132,-0.00513796182,-0.00404950045,0.258324981,-0.138281181,0.0665318668,0.0205678325,0.0580471121,0.0317162126,0.0606901348,0.175132066,-0.445327669,1.00227785,0.278007686,0.0542886704,0.112579197,-0.103824578,-0.321811825,0.364012539,0.873881817,-0.217537448,0.0191227794,-0.147940889
-0.0927907154,-0.345343977,0.768257022,0.0227358546,0.0621404052,-0.716503382,0.694438398,0.0565185472,0.0926369876,0.0534953363,0.142319113,-0.303025872,0.117382869,-0.0268708933,-0.00542103779,-0.00425332598,0.260537654,-0.139864162,0.0669986606,0.0190555882,0.0598082803,0.0326898918,0.0577671118,0.177367806,-0.450764894,0.989974439,0.280775338,0.0525138117,0.112630941,-0.0965959653,-0.317039549,0.372705221,0.860520184,-0.22300148,0.016376365,-0.143862009
-0.0928548276,-0.345278382,0.76824224,0.0228007734,0.0619120114,-0.71635586,0.694608808,0.0555721559,0.0923903212,0.0520920716,0.145061925,-0.304368019,0.119291171,-0.0278220158,-0.00524335308,-0.00437858235,0.263082087,-0.141134098,0.0679348931,0.0183430389,0.0615245104,0.0332993679,0.0505247489,0.183063045,-0.457687736,0.962790787,0.280215561,0.04914435,0.113364391,-0.095959574,-0.316064179,0.381839037,0.832823515,-0.225024551,0.0123312892,-0.141492799
-0.092944786,-0.345181435,0.76824683,0.0227790382,0.0617130883,-0.71630615,0.694678366,0.0545261279,0.0924572945,0.0500184074,0.148097456,-0.305891693,0.121373266,-0.0289916862,-0.00464824867,-0.00443266053,0.265927076,-0.142120436,0.0692964122,0.0183549579,0.0632000268,0.033578895,0.0393693373,0.191892356,-0.46595645,0.922126412,0.276641339,0.0443302803,0.114715397,-0.101295307,-0.318528593,0.391372472,0.792140067,-0.223930314,0.00710970769,-0.140672445
-0.0930347443,-0.345084459,0.768251419,0.0227573048,0.0615141727,-0.716256559,0.694748044,0.0534800962,0.0925242603,0.0479447432,0.151133001,-0.307415366,0.123455353,-0.0301613566,-0.00405314378,-0.00448673824,0.268772036,-0.143106759,0.0706579313,0.0183668789,0.0648755431,0.0338584222,0.0282139219,0.200721681,-0.474225163,0.881462097,0.273067117,0.0395162106,0.116066411,-0.106631048,-0.320993006,0.400905907,0.751456678,-0.222836077,0.00188812718,-0.139852092
-0.0931247026,-0.344987512,0.768256009,0.0227355659,0.0613152459,-0.716206789,0.694817483,0.0524340682,0.0925912336,0.045871079,0.154168531,-0.30893904,0.12553744,-0.0313310288,-0.00345803914,-0.00454081642,0.271616995,-0.144093096,0.0720194429,0.0183787998,0.0665510595,0.0341379493,0.0170585085,0.209550992,-0.482493877,0.840797722,0.269492894,0.0347021408,0.117417425,-0.111966781,-0.32345742,0.410439372,0.71077323,-0.221741855,-0.00333345355,-0.139031738
-0.0932146609,-0.344890565,0.768260598,0.0227138307,0.0611163229,-0.716157079,0.694887042,0.0513880365,0.0926581994,0.0437974147,0.157204077,-0.310462713,0.127619535,-0.0325006992,-0.00286293426,-0.00459489459,0.274461985,-0.145079419,0.073380962,0.0183907188,0.0682265759,0.0344174765,0.00590309175,0.218380302,-0.490762591,0.800133407,0.265918672,0.0298880711,0.118768439,-0.117302522,-0.325921834,0.419972807,0.670089841,-0.220647618,-0.00855503511,-0.13821137
-0.093306832,-0.344791323,0.768268526,0.0226870626,0.060932219,-0.716109753,0.694952846,0.0503814444,0.0927842557,0.0416949317,0.160146609,-0.311930925,0.129652873,-0.0336586386,-0.00221383525,-0.00463408139,0.277266085,-0.145981863,0.074840337,0.018371759,0.069925949,0.0345600471,-0.00637612492,0.227466151,-0.499054402,0.758909702,0.262151062,0.0250554401,0.120295376,-0.123632729,-0.328822762,0.429589212,0.628813684,-0.219465524,-0.0137733687,-0.137542158
-0.093428947,-0.344661474,0.768321931,0.0225924421,0.0609480552,-0.71609503,0.694969654,0.0499066673,0.0937070921,0.0392037742,0.161834925,-0.312651038,0.131028846,-0.0346583799,-0.00083660864,-0.00447245361,0.27951929,-0.145753041,0.0776193589,0.0179363824,0.0719470158,0.0328557454,-0.0338101052,0.24001129,-0.507657647,0.710142553,0.25577575,0.0199724752,0.1241946,-0.143373683,-0.337610245,0.440324336,0.579544485,-0.217098609,-0.0189479236,-0.138911039
-0.0935510546,-0.344531655,0.768375337,0.0224978216,0.0609638877,-0.716080368,0.694986463,0.0494318902,0.0946299285,0.0367126204,0.163523242,-0.313371152,0.132404834,-0.0356581248,0.000540617912,-0.00431082537,0.281772494,-0.145524204,0.0803983808,0.017501004,0.0739680901,0.0311514381,-0.0612440892,0.252556443,-0.516260922,0.661375403,0.249400452,0.0148895094,0.128093839,-0.163114652,-0.346397728,0.45105949,0.530275226,-0.214731678,-0.0241224803,-0.140279934
-0.0936731622,-0.344401807,0.768428743,0.0224032011,0.0609797202,-0.716065645,0.695003271,0.0489571132,0.0955527648,0.0342214629,0.165211558,-0.314091265,0.133780822,-0.0366578661,0.00191784429,-0.0041491976,0.284025669,-0.145295382,0.0831774026,0.0170656256,0.075989157,0.0294471346,-0.0886780694,0.265101612,-0.524864137,0.612608254,0.243025139,0.00980654452,0.131993055,-0.182855606,-0.355185211,0.461794645,0.481006026,-0.212364763,-0.0292970352,-0.141648829
-0.0937952697,-0.344271958,0.768482149,0.0223085806,0.0609955639,-0.716050982,0.695020139,0.0484823361,0.0964756012,0.0317303091,0.166899875,-0.314811379,0.135156795,-0.0376576111,0.00329507096,-0.00398756936,0.286278874,-0.145066559,0.0859564319,0.0166302472,0.0780102313,0.0277428292,-0.116112053,0.27764675,-0.533467412,0.563841164,0.236649826,0.00472357962,0.135892287,-0.202596575,-0.363972694,0.472529799,0.431736797,-0.209997833,-0.0344715901,-0.143017709
-0.0939173773,-0.344142109,0.768535614,0.0222139601,0.0610113963,-0.71603626,0.695036948,0.0480075628,0.0973984376,0.0292391516,0.168588191,-0.315531492,0.136532784,-0.0386573523,0.00467229728,-0.00382594136,0.288532078,-0.144837737,0.0887354538,0.0161948688,0.0800312981,0.0260385238,-0.14354603,0.290191919,-0.542070627,0.515074015,0.230274528,-0.000359384256,0.139791518,-0.222337529,-0.372760177,0.483264923,0.382467568,-0.207630917,-0.039646145,-0.144386604
-0.0940380096,-0.344025403,0.768580079,0.0220973045,0.0611417703,-0.716076434,0.694987714,0.0479690023,0.0988290459,0.0278906096,0.169216707,-0.3156268,0.136832416,-0.0392765328,0.00604379736,-0.00426208787,0.290042043,-0.144223675,0.0905884653,0.0155758718,0.0819771811,0.023914082,-0.169545859,0.298106402,-0.550884068,0.477993727,0.226799458,-0.00324960798,0.143180668,-0.24102667,-0.378333777,0.492661953,0.344976246,-0.207498372,-0.0429901481,-0.146503329
-0.0941577181,-0.343916982,0.768618941,0.0219667628,0.0613443442,-0.716151237,0.694896996,0.0482053757,0.100579694,0.0272622202,0.169177234,-0.3153283,0.136453658,-0.0396558531,0.00741168763,-0.00507499371,0.291083544,-0.143366829,0.0918578357,0.0148411458,0.0838756636,0.0215248391,-0.194641769,0.303102344,-0.55983007,0.448279321,0.225152344,-0.00475781225,0.146248341,-0.259052902,-0.381881773,0.501215637,0.314908177,-0.208774105,-0.0451804101,-0.149091408
-0.0942774266,-0.343808562,0.768657804,0.0218362194,0.061546918,-0.716225982,0.694806159,0.0484417528,0.102330342,0.0266338307,0.169137776,-0.3150298,0.136074901,-0.040035177,0.00877957791,-0.00588789955,0.292125046,-0.142509967,0.0931272134,0.0141064199,0.0857741535,0.0191355962,-0.219737694,0.308098257,-0.568776011,0.418564886,0.223505229,-0.00626601698,0.149316013,-0.277079135,-0.3854298,0.509769261,0.284840107,-0.210049823,-0.047370676,-0.151679486
-0.0943971276,-0.343700141,0.768696666,0.021705674,0.0617494844,-0.716300666,0.694715321,0.0486781262,0.10408099,0.0260054413,0.169098318,-0.3147313,0.135696143,-0.0404144973,0.0101474691,-0.00670080539,0.293166548,-0.141653121,0.0943965837,0.0133716948,0.0876726359,0.0167463534,-0.244833618,0.313094199,-0.577721953,0.38885048,0.221858099,-0.00777422125,0.15238367,-0.295105368,-0.388977796,0.518322945,0.254772037,-0.211325541,-0.049560938,-0.154267564
-0.0945168361,-0.34359172,0.768735528,0.0215751268,0.0619520433,-0.716375291,0.694624424,0.0489144996,0.105831631,0.0253770519,0.169058844,-0.3144328,0.135317385,-0.0407938212,0.0115153594,-0.00751371076,0.29420808,-0.140796259,0.0956659615,0.0126369689,0.0895711258,0.0143571114,-0.269929528,0.318090141,-0.586667895,0.359136075,0.220210984,-0.00928242598,0.155451342,-0.313131601,-0.392525792,0.526876569,0.224703968,-0.212601259,-0.0517512001,-0.156855643
-0.0946365446,-0.343482614,0.768785596,0.0214696452,0.062127281,-0.716491044,0.694492459,0.0491141044,0.107447401,0.0249697492,0.168957144,-0.313912779,0.13479282,-0.0410066172,0.012780007,-0.00830212515,0.294870466,-0.139889449,0.0968435481,0.0120009258,0.0912895277,0.0123256734,-0.291979581,0.32223165,-0.594564915,0.333343655,0.219004586,-0.0103709567,0.158215657,-0.328455597,-0.395042777,0.534786642,0.199690402,-0.214105487,-0.0533611141,-0.15891166
-0.094756268,-0.343369842,0.768895566,0.0214980114,0.0621566959,-0.716827154,0.694142103,0.0491173826,0.108343072,0.0257428121,0.168523088,-0.312210143,0.133489758,-0.0403303504,0.0134934429,-0.00895977858,0.293508857,-0.138715953,0.09753111,0.0118917441,0.0920464844,0.01220454,-0.297767907,0.321811527,-0.596861899,0.328490525,0.220151231,-0.00921887532,0.159360394,-0.329352617,-0.392055213,0.539260507,0.2016626,-0.216829687,-0.0518725812,-0.15812701
-0.0948759839,-0.343257099,0.769005597,0.0215263739,0.0621860996,-0.717163086,0.693791568,0.0491206609,0.109238744,0.026515875,0.168089032,-0.310507506,0.132186696,-0.0396540798,0.0142068798,-0.00961743109,0.292147219,-0.137542441,0.098218672,0.0117825624,0.0928034335,0.0120834056,-0.303556234,0.321391374,-0.599158883,0.323637426,0.221297875,-0.0080667939,0.160505131,-0.330249637,-0.38906768,0.543734372,0.203634813,-0.219553888,-0.0503840446,-0.157342345
-0.0949957073,-0.343144327,0.769115567,0.0215547308,0.0622154847,-0.717498779,0.693440855,0.0491239391,0.110134408,0.0272889379,0.167654961,-0.30880487,0.130883619,-0.038977813,0.0149203166,-0.0102750845,0.290785581,-0.136368945,0.0989062339,0.0116733816,0.0935603902,0.0119622722,-0.30934456,0.320971251,-0.601455808,0.318784326,0.222444504,-0.00691471295,0.161649853,-0.331146657,-0.386080116,0.548208296,0.205607012,-0.222278073,-0.0488955118,-0.156557694
-0.0951154307,-0.343031555,0.769225538,0.0215830803,0.0622448511,-0.717834353,0.693089962,0.0491272174,0.111030079,0.0280620009,0.167220905,-0.307102233,0.129580557,-0.0383015461,0.0156337526,-0.010932738,0.289423972,-0.135195434,0.0995937958,0.0115641998,0.0943173394,0.0118411379,-0.315132886,0.320551127,-0.603752792,0.313931227,0.223591149,-0.00576263154,0.16279459,-0.332043648,-0.383092552,0.552682161,0.20757921,-0.225002274,-0.0474069789,-0.155773029
-0.0952351466,-0.342918783,0.769335508,0.021611426,0.0622742027,-0.718169689,0.69273895,0.0491304956,0.111925751,0.0288350638,0.166786849,-0.305399597,0.128277496,-0.0376252756,0.0163471904,-0.0115903914,0.288062334,-0.134021923,0.100281358,0.0114550181,0.095074296,0.0117200045,-0.320921212,0.320130974,-0.606049716,0.309078127,0.224737793,-0.00461055012,0.163939327,-0.332940668,-0.380105019,0.557156026,0.209551409,-0.22772646,-0.045918446,-0.154988378
-0.0953808278,-0.342820615,0.769453108,0.0219623186,0.0620362945,-0.718435287,0.692473829,0.0490980335,0.111373983,0.0301611777,0.166238397,-0.303154022,0.127407417,-0.0369844697,0.0162463263,-0.0107869878,0.286605448,-0.133824527,0.100164674,0.010970246,0.0951459035,0.0125698689,-0.317112565,0.316714138,-0.604774714,0.327037275,0.227908224,-0.00177156611,0.164858848,-0.325314134,-0.375546753,0.557879031,0.231345922,-0.231681928,-0.0428835973,-0.15330936
-0.0955375284,-0.342728615,0.769573987,0.0224500503,0.0616849773,-0.718671024,0.692244887,0.0490504056,0.110208116,0.031721931,0.165641397,-0.300678104,0.126721025,-0.0363587067,0.0157999806,-0.0093637025,0.285108149,-0.13404128,0.099706769,0.0103261229,0.0949267447,0.0138316983,-0.309232235,0.312025905,-0.601984203,0.354674965,0.231937304,0.0017831187,0.165682837,-0.314071357,-0.370322078,0.55701071,0.261550397,-0.236159801,-0.0391926989,-0.151250899
-0.0956942216,-0.342636645,0.769694805,0.0229377728,0.0613336228,-0.718906462,0.692015648,0.0490027778,0.109042242,0.033282686,0.165044397,-0.298202157,0.126034647,-0.0357329436,0.015353635,-0.00794041716,0.283610821,-0.134258017,0.0992488638,0.00968200061,0.0947075859,0.0150935277,-0.301351935,0.307337642,-0.599193692,0.382312626,0.235966384,0.00533780362,0.166506812,-0.30282855,-0.365097404,0.55614233,0.291754901,-0.24063766,-0.0355018005,-0.149192452
-0.0958509222,-0.342544645,0.769815624,0.0234254822,0.0609822422,-0.719141483,0.69178611,0.0489551499,0.107876375,0.0348434411,0.164447397,-0.29572621,0.125348255,-0.0351071805,0.0149072893,-0.00651713135,0.282113522,-0.134474754,0.0987909585,0.00903787743,0.094488427,0.0163553562,-0.293471605,0.302649409,-0.596403182,0.409950316,0.239995465,0.00889248867,0.167330787,-0.291585743,-0.359872758,0.55527395,0.321959406,-0.245115519,-0.0318109021,-0.147133991
-0.0960076153,-0.342452675,0.769936442,0.0239131842,0.0606308468,-0.719376266,0.691556275,0.0489075221,0.106710508,0.0364041962,0.163850397,-0.293250293,0.12466187,-0.0344814174,0.0144609436,-0.00509384554,0.280616224,-0.134691507,0.0983330533,0.00839375425,0.0942692682,0.0176171865,-0.285591274,0.297961146,-0.593612671,0.437588006,0.244024545,0.0124471737,0.168154776,-0.280342937,-0.354648083,0.55440563,0.352163911,-0.249593377,-0.0281200055,-0.14507553
-0.0961712599,-0.342368662,0.770062089,0.0243724007,0.0602542609,-0.719586849,0.691353917,0.0490925573,0.105461396,0.0379180983,0.163172275,-0.290931404,0.124006197,-0.0338086039,0.0139786135,-0.00354755577,0.279119492,-0.134855822,0.0978149027,0.00775328651,0.0940621644,0.0189360641,-0.275217146,0.293304026,-0.588439941,0.467568457,0.248023883,0.0159970205,0.168658286,-0.267352462,-0.349470258,0.551384807,0.383295327,-0.253810614,-0.0244482066,-0.143291414
-0.0963561386,-0.342309028,0.770202458,0.0247445703,0.0598008037,-0.719724774,0.691236556,0.0499888882,0.103957787,0.0392887555,0.162246153,-0.28909266,0.123444416,-0.032991942,0.013386271,-0.00162521331,0.277624518,-0.134859845,0.0971125811,0.00712399278,0.0938919187,0.0204293504,-0.257218897,0.288742095,-0.575984299,0.50471127,0.251932353,0.0195320826,0.168182075,-0.249018908,-0.344435632,0.541783333,0.417260647,-0.257231116,-0.0208348054,-0.142346039
-0.0965410173,-0.342249423,0.770342827,0.0251167286,0.0593473129,-0.719862282,0.691118896,0.0508852229,0.102454178,0.0406594165,0.161320031,-0.287253916,0.122882642,-0.0321752839,0.0127939284,0.000297129183,0.276129514,-0.134863868,0.0964102596,0.00649469951,0.0937216654,0.0219226368,-0.239220664,0.284180164,-0.563528657,0.541854024,0.255840808,0.0230671428,0.167705864,-0.230685353,-0.339401007,0.532181919,0.451225936,-0.260651588,-0.0172214024,-0.14140065
-0.096725896,-0.342189789,0.770483196,0.0254888833,0.0588938147,-0.719999611,0.691001117,0.0517815575,0.100950576,0.0420300737,0.160393909,-0.285415173,0.122320861,-0.031358622,0.0122015858,0.00221947161,0.27463454,-0.134867907,0.0957079306,0.00586540578,0.0935514197,0.0234159231,-0.22122243,0.279618233,-0.551073015,0.578996837,0.259749293,0.026602203,0.167229652,-0.212351799,-0.334366381,0.522580504,0.485191256,-0.26407209,-0.0136080002,-0.140455276
-0.0969107747,-0.342130154,0.770623565,0.0258610211,0.0584402755,-0.720136642,0.690882921,0.0526778884,0.0994469672,0.0434007309,0.159467787,-0.283576399,0.121759087,-0.0305419639,0.0116092432,0.00414181454,0.273139536,-0.13487193,0.0950056091,0.00523611205,0.0933811739,0.0249092113,-0.203224182,0.275056303,-0.538617432,0.61613965,0.263657749,0.0301372632,0.166753441,-0.194018245,-0.329331756,0.51297909,0.519156575,-0.267492563,-0.00999459717,-0.139509901
-0.0970956534,-0.34207052,0.770763874,0.0262331516,0.0579867288,-0.720273435,0.690764606,0.0535742231,0.0979433581,0.0447713919,0.158541664,-0.281737655,0.121197306,-0.0297253039,0.0110169007,0.00606415654,0.271644562,-0.134875953,0.0943032876,0.00460681878,0.0932109281,0.0264024977,-0.185225949,0.270494372,-0.52616179,0.653282404,0.267566234,0.0336723216,0.166277245,-0.175684705,-0.32429713,0.503377676,0.553121865,-0.270913035,-0.00638119504,-0.138564512
-0.0972741991,-0.342013687,0.770838678,0.0264548231,0.0574340783,-0.720565677,0.690497398,0.0549673736,0.0965687037,0.0459798574,0.157236665,-0.280952692,0.120462984,-0.0291500669,0.0103711607,0.00754366675,0.2712937,-0.135602444,0.0940806866,0.00487011112,0.0926862359,0.0275841411,-0.165936038,0.264630884,-0.514556527,0.679623783,0.269450009,0.0355359949,0.165220201,-0.157840297,-0.318321854,0.494606376,0.57659632,-0.272483826,-0.00412293943,-0.137902811
-0.0974510759,-0.341957569,0.770896137,0.026636688,0.0568551868,-0.720898688,0.690190673,0.0564919263,0.0952281654,0.04714543,0.155831471,-0.28044644,0.119683027,-0.0286386814,0.00971129723,0.00890605245,0.27124548,-0.136520013,0.093984969,0.0053694821,0.0920678079,0.0286833569,-0.146304488,0.25842312,-0.503176153,0.703108311,0.270798326,0.0369576029,0.164009541,-0.14012526,-0.312097788,0.486054689,0.597296059,-0.273565412,-0.00222310494,-0.137316123
-0.0976279527,-0.341901451,0.770953536,0.0268185399,0.0562762618,-0.721231282,0.68988353,0.058016479,0.0938876197,0.0483110026,0.154426262,-0.279940218,0.118903063,-0.0281272959,0.0090514347,0.0102684377,0.271197259,-0.137437582,0.0938892514,0.0058688526,0.0914493799,0.0297825746,-0.126672953,0.252215385,-0.491795838,0.726592839,0.272146612,0.038379211,0.162798867,-0.122410238,-0.305873692,0.477502972,0.617995799,-0.274646968,-0.000323270506,-0.136729449
-0.0978048295,-0.341845334,0.771010995,0.027000377,0.0556973144,-0.721563518,0.68957597,0.0595410317,0.092547074,0.0494765714,0.153021067,-0.279433966,0.118123107,-0.0276159123,0.00839157123,0.0116308238,0.271149039,-0.138355151,0.0937935412,0.00636822358,0.0908309445,0.0308817904,-0.107041404,0.246007636,-0.480415493,0.750077367,0.273494899,0.0398008153,0.161588207,-0.104695208,-0.299649626,0.468951285,0.638695538,-0.275728524,0.00157656416,-0.136142761
-0.0979817063,-0.341789216,0.771068394,0.0271821935,0.0551183224,-0.721895278,0.689267993,0.0610655844,0.0912065282,0.0506421439,0.151615858,-0.278927714,0.11734315,-0.0271045268,0.0077317087,0.0129932091,0.271100819,-0.13927272,0.0936978236,0.00686759455,0.0902125165,0.0319810063,-0.0874098688,0.239799902,-0.469035149,0.773561895,0.274843186,0.0412224233,0.160377547,-0.086980179,-0.29342556,0.460399598,0.659395278,-0.27681008,0.0034763983,-0.135556072
-0.0981429666,-0.341733098,0.771112919,0.0273339003,0.0546079986,-0.722236156,0.688945353,0.0624003038,0.090140149,0.0518856607,0.150198579,-0.278513998,0.116394639,-0.0265975893,0.00711603509,0.0140637038,0.270845264,-0.140134081,0.09334369,0.00720918737,0.089672029,0.032939557,-0.0700740442,0.233445093,-0.459386081,0.795941055,0.275805056,0.0426781029,0.159044504,-0.0717246011,-0.287052393,0.453203589,0.679741502,-0.27761063,0.00556308357,-0.135131791
-0.0982732624,-0.34167704,0.771131873,0.0274259113,0.0542339124,-0.72259587,0.688594103,0.0633585155,0.0896175206,0.0532837734,0.148757324,-0.278283805,0.115111843,-0.0260994695,0.00658800453,0.0145552754,0.270178467,-0.140883923,0.0924770236,0.00723785069,0.0892861411,0.0336191095,-0.0572914705,0.226798579,-0.453170776,0.816127956,0.27600044,0.0442013592,0.157468736,-0.0613469966,-0.280383527,0.448696405,0.699386477,-0.277853817,0.00802036002,-0.135029584
-0.0984035656,-0.341620952,0.771150827,0.0275179055,0.0538597964,-0.722955227,0.688242555,0.0643167347,0.0890948996,0.054681886,0.147316083,-0.278053612,0.113829046,-0.0256013516,0.0060599735,0.015046848,0.2695117,-0.141633779,0.0916103572,0.00726651354,0.0889002532,0.0342986621,-0.044508893,0.220152065,-0.446955472,0.836314857,0.276195854,0.0457246192,0.155892968,-0.0509693883,-0.273714691,0.444189221,0.719031453,-0.278097034,0.010477636,-0.134927377
-0.0985338613,-0.341564864,0.771169722,0.0276098866,0.053485658,-0.723314166,0.687890708,0.0652749464,0.0885722712,0.0560799986,0.145874828,-0.277823418,0.11254625,-0.0251032319,0.00553194294,0.0155384196,0.268844932,-0.142383635,0.0907436907,0.00729517639,0.0885143653,0.0349782184,-0.0317263119,0.213505566,-0.440740168,0.856501758,0.276391238,0.0472478755,0.154317215,-0.0405917801,-0.267045826,0.439682037,0.738676488,-0.27834022,0.012934912,-0.134825155
-0.0986641571,-0.341508776,0.771188676,0.0277018622,0.053111501,-0.723672986,0.687538564,0.0662331581,0.0880496427,0.0574781112,0.144433573,-0.277593195,0.111263454,-0.0246051122,0.00500391237,0.0160299912,0.268178135,-0.143133491,0.0898770243,0.0073238397,0.0881284773,0.0356577709,-0.0189437363,0.206859052,-0.434524864,0.876688659,0.276586652,0.0487711318,0.152741447,-0.0302141774,-0.26037696,0.435174882,0.758321464,-0.278583407,0.015392188,-0.134722948
-0.0987944603,-0.341452718,0.771207631,0.0277938265,0.0527373254,-0.724031448,0.687186241,0.0671913698,0.0875270218,0.0588762239,0.142992333,-0.277363002,0.109980658,-0.0241069943,0.00447588181,0.0165215638,0.267511368,-0.143883348,0.0890103579,0.00735250255,0.087742582,0.0363373235,-0.00616115797,0.200212538,-0.42830953,0.89687556,0.276782036,0.0502943918,0.151165679,-0.0198365692,-0.253708094,0.430667698,0.77796644,-0.278826594,0.017849464,-0.134620741
-0.0988743454,-0.341388345,0.77117604,0.0278514288,0.0523170009,-0.724571109,0.686647058,0.0674155504,0.0869717151,0.0587542094,0.142585561,-0.278454691,0.110445507,-0.0241080765,0.00363518205,0.0166412722,0.267857641,-0.145248368,0.0887483805,0.00719668344,0.0875559598,0.0369230509,0.00124731881,0.198820665,-0.430634767,0.895919561,0.278385222,0.0487409867,0.150441229,-0.0158182569,-0.253701597,0.433634579,0.767915487,-0.279402494,0.0148658277,-0.133683547
-0.0989473388,-0.341322809,0.771137595,0.0279043037,0.0518903174,-0.725134969,0.686081767,0.0675392151,0.0864119381,0.0584240258,0.142320454,-0.27972737,0.111149691,-0.0241775196,0.00275166519,0.016710056,0.268342644,-0.146697626,0.0885692164,0.0070156008,0.0873966292,0.0374959297,0.00791985821,0.198148355,-0.434129566,0.892068207,0.280181199,0.0467662625,0.149833351,-0.0126707945,-0.254607439,0.437624931,0.753798008,-0.280023932,0.0111371055,-0.132632002
-0.0990203246,-0.341257304,0.77109915,0.0279571563,0.0514635891,-0.725698233,0.68551594,0.0676628724,0.085852161,0.0580938384,0.142055348,-0.281000048,0.111853868,-0.0242469627,0.00186814833,0.0167788416,0.268827677,-0.148146898,0.0883900523,0.0068345177,0.0872372985,0.0380688086,0.0145923989,0.197476044,-0.437624335,0.888216913,0.281977177,0.0447915345,0.149225473,-0.00952333212,-0.255513281,0.441615313,0.739680469,-0.28064537,0.00740838237,-0.131580457
-0.0990933105,-0.341191798,0.771060646,0.0280099846,0.0510368161,-0.72626096,0.684949458,0.0677865371,0.085292384,0.0577636547,0.141790241,-0.282272726,0.112558044,-0.0243164059,0.000984631595,0.0168476254,0.26931268,-0.149596155,0.0882108882,0.00665343506,0.0870779604,0.0386416875,0.0212649368,0.196803734,-0.441119105,0.884365559,0.283773154,0.0428168103,0.148617595,-0.00637587113,-0.256419122,0.445605695,0.72556293,-0.281266838,0.00367966015,-0.130528912
-0.0991662964,-0.341126263,0.771022201,0.0280627925,0.0506100096,-0.726823092,0.684382558,0.0679101944,0.084732607,0.0574334711,0.141525134,-0.283545434,0.113262221,-0.024385849,0.000101114631,0.016916411,0.269797713,-0.151045427,0.0880317166,0.00647235243,0.0869186297,0.0392145663,0.0279374775,0.196131438,-0.444613904,0.880514264,0.285569131,0.0408420824,0.148009717,-0.00322840898,-0.257324964,0.449596077,0.711445391,-0.281888276,-4.90631282E-05,-0.129477367
-0.0992233902,-0.34104535,0.770989001,0.0279695578,0.0502718911,-0.727340579,0.683861196,0.0681695417,0.0844478086,0.0563637838,0.140816465,-0.285138369,0.114643931,-0.0244356226,-0.000515097927,0.0168983564,0.27037093,-0.152005836,0.0887227133,0.00654131547,0.0867957696,0.0383313075,0.0249012616,0.200831071,-0.45012635,0.860074639,0.28367722,0.037132822,0.14969188,-0.0111757591,-0.263629049,0.453932792,0.682386518,-0.279388845,-0.00467333291,-0.131026998
-0.0992588699,-0.340943426,0.770963013,0.0276778713,0.0500543267,-0.727797985,0.6834023,0.0686132759,0.084536694,0.0542891249,0.139504984,-0.287166566,0.116946392,-0.0244586654,-0.00076804962,0.0167622901,0.271064073,-0.152301937,0.0905962437,0.00695008412,0.0867224932,0.0354691893,0.00867105834,0.212831065,-0.458380729,0.817091882,0.276773542,0.0310663618,0.154486164,-0.0342007168,-0.277269274,0.458740145,0.633022606,-0.272648185,-0.0105146319,-0.136111572
-0.0992943496,-0.340841532,0.770937026,0.0273861662,0.0498367324,-0.728254974,0.682942927,0.0690570101,0.0846255869,0.052214466,0.138193503,-0.289194793,0.119248852,-0.0244817082,-0.00102100137,0.0166262239,0.271757215,-0.152598038,0.0924697742,0.00735885277,0.0866492093,0.0326070711,-0.00755914813,0.22483106,-0.466635108,0.774109125,0.269869864,0.0249999017,0.159280449,-0.0572256781,-0.290909499,0.463547528,0.583658755,-0.265907526,-0.0163559318,-0.141196147
-0.0993298292,-0.340739638,0.770911098,0.0270944498,0.0496191159,-0.728711605,0.682483256,0.0695007443,0.0847144723,0.0501398072,0.136882037,-0.29122299,0.121551313,-0.024504751,-0.00127395312,0.0164901558,0.272450358,-0.152894139,0.0943432972,0.00776762143,0.0865759254,0.0297449529,-0.0237893499,0.236831054,-0.474889517,0.731126428,0.262966216,0.0189334415,0.164074749,-0.0802506283,-0.304549724,0.468354911,0.534294903,-0.259166867,-0.0221972298,-0.146280721
-0.0993653163,-0.340637743,0.77088511,0.0268027149,0.0494014658,-0.7291677,0.682023168,0.0699444711,0.0848033652,0.0480651483,0.135570556,-0.293251187,0.123853773,-0.0245277938,-0.00152690487,0.0163540896,0.27314347,-0.15319024,0.0962168276,0.00817639008,0.0865026414,0.0268828347,-0.0400195569,0.248831049,-0.483143896,0.688143671,0.256062537,0.0128669813,0.168869033,-0.10327559,-0.318189949,0.473162264,0.484930992,-0.252426207,-0.0280385278,-0.151365295
-0.099400796,-0.34053582,0.770859122,0.0265109688,0.0491837934,-0.729623497,0.681562722,0.0703882053,0.0848922506,0.0459904894,0.134259075,-0.295279384,0.126156241,-0.0245508347,-0.00177985663,0.0162180234,0.273836613,-0.153486341,0.0980903581,0.00858515874,0.0864293575,0.0240207165,-0.0562497638,0.260831058,-0.491398275,0.645160913,0.249158844,0.00680052117,0.173663318,-0.126300558,-0.331830144,0.477969646,0.435567111,-0.245685533,-0.0338798277,-0.156449869
-0.0993798524,-0.340458959,0.770843029,0.0261354949,0.0493344702,-0.729626,0.681563556,0.0705903098,0.085858494,0.0449577123,0.133679733,-0.296718717,0.127191991,-0.0246776324,-0.00144836574,0.0154769467,0.274705261,-0.152704582,0.0990237296,0.00930007733,0.0863555893,0.0213620756,-0.0760323331,0.265807837,-0.490763366,0.60588783,0.242420137,0.00262094056,0.18533273,-0.14925395,-0.33960706,0.478484035,0.396582514,-0.2428727,-0.0375234559,-0.165920451
-0.0993570536,-0.340382874,0.770827234,0.0257572755,0.0494972132,-0.729613602,0.681579471,0.0707844943,0.0868534818,0.0439590774,0.133124381,-0.298138767,0.128186241,-0.0248078294,-0.00109772384,0.014716045,0.275579691,-0.151887491,0.0999263003,0.0100250272,0.0862818062,0.0187101029,-0.0959313065,0.270554513,-0.48983714,0.566736281,0.235686824,-0.00149681233,0.197227448,-0.172205001,-0.34719184,0.478857756,0.357937992,-0.240188554,-0.0410950668,-0.17553474
-0.0993342623,-0.340306818,0.770811439,0.0253790505,0.0496599488,-0.729601026,0.681595266,0.0709786788,0.0878484696,0.0429604426,0.13256903,-0.299558818,0.129180491,-0.0249380264,-0.000747082173,0.0139551433,0.276454091,-0.151070416,0.100828871,0.0107499771,0.0862080157,0.0160581302,-0.115830272,0.275301158,-0.488910943,0.527584732,0.228953511,-0.00561456429,0.209122151,-0.195156038,-0.354776621,0.479231477,0.319293469,-0.237504423,-0.0446666814,-0.185149044
-0.0993114635,-0.340230733,0.770795703,0.0250008218,0.0498226732,-0.729588449,0.681610882,0.0711728707,0.0888434574,0.0419618078,0.132013664,-0.300978869,0.130174741,-0.0250682235,-0.0003964403,0.0131942416,0.277328491,-0.150253341,0.101731442,0.011474927,0.0861342326,0.0134061566,-0.135729253,0.280047834,-0.487984747,0.488433212,0.222220212,-0.00973231718,0.221016854,-0.218107089,-0.362361372,0.479605198,0.280648977,-0.234820291,-0.0482382961,-0.194763348
-0.0992886722,-0.340154678,0.770779908,0.0246225912,0.0499853939,-0.729575694,0.681626499,0.0713670552,0.0898384377,0.0409631729,0.131458312,-0.30239892,0.131168991,-0.0251984205,-4.57984606E-05,0.0124333408,0.278202891,-0.149436265,0.102634013,0.0121998768,0.0860604495,0.0107541829,-0.155628219,0.28479448,-0.48705855,0.449281663,0.215486899,-0.0138500705,0.232911557,-0.241058141,-0.369946152,0.479978919,0.242004439,-0.232136145,-0.0518099107,-0.204377651
-0.0992466137,-0.340087652,0.770774186,0.024418477,0.0500792079,-0.729456902,0.681753993,0.0715035349,0.0904452279,0.0408303812,0.131139576,-0.303251058,0.131526083,-0.0253986251,-7.64491706E-05,0.0118899411,0.278960764,-0.148914561,0.103545658,0.0120380716,0.0859431401,0.00995725486,-0.164585084,0.287970603,-0.484649569,0.425433725,0.210063368,-0.0166186634,0.239860252,-0.249794096,-0.374344587,0.478331178,0.219705343,-0.229170695,-0.0539780781,-0.208961084
-0.0991862267,-0.34002924,0.770777941,0.0243798997,0.0501075126,-0.729237437,0.681988001,0.0715851486,0.0906829387,0.0415207595,0.131045803,-0.303563237,0.131277427,-0.0256653856,-0.000469601859,0.0115533248,0.279607862,-0.148673654,0.104465932,0.01103321,0.0857844651,0.0109239528,-0.16313906,0.289653599,-0.480830938,0.416135252,0.205885082,-0.018104583,0.242106691,-0.245015502,-0.375713706,0.474761575,0.212946147,-0.225937799,-0.0548119619,-0.208761603
-0.0991258472,-0.339970797,0.770781755,0.0243413225,0.0501358174,-0.729017913,0.682221949,0.0716667697,0.0909206569,0.042211134,0.130952016,-0.303875387,0.131028756,-0.0259321462,-0.000862754532,0.0112167085,0.28025493,-0.148432747,0.105386205,0.0100283492,0.0856257826,0.0118906517,-0.161693051,0.291336596,-0.477012306,0.406836778,0.201706782,-0.0195905045,0.24435313,-0.240236893,-0.377082825,0.471191943,0.20618695,-0.222704902,-0.0556458458,-0.208562121
-0.0990654677,-0.339912385,0.770785511,0.0243027434,0.0501641184,-0.72879833,0.682455838,0.0717483833,0.0911583677,0.0429015122,0.130858243,-0.304187566,0.130780101,-0.026198905,-0.00125590712,0.0108800922,0.280902028,-0.148191854,0.106306486,0.0090234885,0.0854671076,0.0128573496,-0.160247028,0.293019593,-0.473193645,0.397538304,0.197528496,-0.021076424,0.246599585,-0.2354583,-0.378451943,0.46762234,0.199427739,-0.219471991,-0.0564797297,-0.208362639
-0.0990050882,-0.339853972,0.770789325,0.0242641587,0.0501924083,-0.728578687,0.682689667,0.0718300045,0.0913960859,0.0435918905,0.13076447,-0.304499745,0.13053143,-0.0264656655,-0.00164905982,0.0105434759,0.281549096,-0.147950947,0.107226759,0.00801862776,0.0853084326,0.0138240475,-0.158801004,0.29470259,-0.469375014,0.388239831,0.193350211,-0.0225623455,0.248846024,-0.230679691,-0.379821032,0.464052737,0.192668542,-0.216239095,-0.0573136136,-0.208163157
-0.0989447683,-0.339799792,0.770791292,0.0242454838,0.0502116978,-0.728360355,0.682921827,0.0718442276,0.0915646031,0.0443517342,0.130804136,-0.304785162,0.13025707,-0.0268220976,-0.00206001778,0.0103257652,0.282339185,-0.14778991,0.108037986,0.00692437636,0.0851437077,0.0148578594,-0.156905517,0.296122015,-0.465232193,0.381471962,0.189316481,-0.0237649996,0.250909448,-0.225469217,-0.380838245,0.460154235,0.188442454,-0.213163346,-0.0578796305,-0.207921922
-0.098885417,-0.339815885,0.770762503,0.0245562233,0.0500819609,-0.728164911,0.683128595,0.0707433447,0.0905881003,0.0462610237,0.133052036,-0.304627806,0.129557297,-0.028662283,-0.00276559172,0.0120755304,0.28549546,-0.148950338,0.107044876,0.00435100263,0.0848790184,0.0170021858,-0.147572905,0.293180257,-0.455725491,0.416577011,0.187674642,-0.0202805586,0.249944672,-0.213112622,-0.376032621,0.450813711,0.226130769,-0.212688133,-0.0540133491,-0.206989825
-0.0988260731,-0.339831978,0.770733774,0.0248669609,0.0499522239,-0.727969348,0.683335304,0.0696424618,0.0896116048,0.0481703132,0.135299951,-0.30447045,0.128857508,-0.0305024683,-0.0034711659,0.0138252955,0.288651764,-0.150110766,0.106051765,0.00177762879,0.0846143216,0.0191465132,-0.138240293,0.29023847,-0.446218759,0.451682061,0.186032817,-0.0167961176,0.248979911,-0.200756028,-0.371227026,0.441473186,0.263819098,-0.212212905,-0.0501470678,-0.206057712
-0.0987667218,-0.339848071,0.770704985,0.0251776949,0.049822472,-0.727773607,0.683541954,0.0685415715,0.0886351019,0.050079599,0.137547851,-0.304313093,0.128157735,-0.0323426537,-0.00417674007,0.0155750606,0.291808069,-0.151271194,0.105058655,-0.000795744825,0.0843496323,0.0212908406,-0.128907681,0.287296683,-0.436712056,0.486787081,0.184390977,-0.0133116757,0.248015136,-0.188399434,-0.366421402,0.432132661,0.301507413,-0.211737677,-0.0462807827,-0.205125615
-0.0987073705,-0.339864165,0.770676255,0.0254884195,0.049692709,-0.727577686,0.683748305,0.0674406886,0.0876586065,0.0519888885,0.13979575,-0.304155737,0.127457961,-0.0341828391,-0.00488231424,0.0173248257,0.294964343,-0.152431622,0.104065537,-0.00336911879,0.0840849355,0.023435168,-0.119575068,0.284354895,-0.427205354,0.52189213,0.182749137,-0.00982723478,0.24705036,-0.17604284,-0.361615777,0.422792107,0.339195758,-0.21126245,-0.0424145013,-0.204193518
-0.0986480266,-0.339880288,0.770647466,0.0257991403,0.0495629385,-0.727381706,0.683954597,0.0663398057,0.0866821036,0.053898178,0.14204365,-0.303998381,0.126758188,-0.0360230245,-0.00558788842,0.0190745909,0.298120648,-0.15359205,0.103072427,-0.00594249181,0.0838202462,0.0255794935,-0.110242456,0.281413138,-0.417698622,0.55699718,0.181107312,-0.00634279381,0.246085584,-0.163686246,-0.356810153,0.413451582,0.376884073,-0.210787237,-0.0385482199,-0.203261405
-0.0985881165,-0.339913666,0.770650506,0.0260195248,0.0494316667,-0.727318585,0.684022844,0.0657974109,0.0857111439,0.055630967,0.143502906,-0.30334875,0.125897676,-0.0373399705,-0.00614017947,0.0211193431,0.300096869,-0.154227898,0.102274537,-0.00822395273,0.0835274756,0.0273273923,-0.100488901,0.277335554,-0.408023477,0.591576338,0.180376738,-0.00291438028,0.24425815,-0.151310608,-0.351001412,0.402893394,0.413834989,-0.209550261,-0.0346270427,-0.203248277
-0.0985278487,-0.339958489,0.770674586,0.0261800159,0.0492993928,-0.727343559,0.683999598,0.0656252503,0.0847438499,0.0572467558,0.144439369,-0.302372813,0.124930598,-0.0383100472,-0.00659085624,0.023359647,0.30129081,-0.154515997,0.101606064,-0.0103118978,0.0832161009,0.0288124904,-0.090456292,0.272505045,-0.398236632,0.625806987,0.180250257,0.000476891553,0.241858825,-0.138922349,-0.344527662,0.39152801,0.450297058,-0.207808316,-0.0306694712,-0.203844339
-0.0984675735,-0.340003312,0.770698667,0.0263405107,0.0491671227,-0.727368653,0.683976471,0.0654530972,0.083776556,0.0588625409,0.145375818,-0.301396847,0.12396352,-0.0392801277,-0.00704153255,0.0255999491,0.302484721,-0.154804081,0.10093759,-0.012399842,0.0829047188,0.0302975867,-0.0804236829,0.267674536,-0.388449818,0.660037577,0.180123776,0.0038681631,0.2394595,-0.126534089,-0.338053942,0.380162597,0.486759126,-0.20606637,-0.0267119016,-0.204440415
-0.0984072983,-0.340048164,0.770722806,0.0265010037,0.0490348451,-0.727393568,0.683953285,0.0652809367,0.082809262,0.0604783259,0.146312267,-0.30042088,0.122996442,-0.0402502045,-0.00749220932,0.027840253,0.303678662,-0.15509218,0.100269116,-0.0144877871,0.0825933442,0.031782683,-0.0703910738,0.262844026,-0.378663003,0.694268227,0.179997295,0.00725943502,0.237060174,-0.114145838,-0.331580192,0.368797213,0.523221195,-0.204324424,-0.0227543302,-0.205036491
-0.0983470306,-0.340092987,0.770746887,0.0266614929,0.0489025675,-0.727418423,0.68392992,0.0651087835,0.081841968,0.062094111,0.14724873,-0.299444944,0.122029372,-0.041220285,-0.00794288516,0.0300805569,0.304872602,-0.155380279,0.0996006429,-0.0165757313,0.0822819695,0.0332677811,-0.0603584684,0.258013517,-0.368876159,0.728498816,0.179870814,0.0106507055,0.234660834,-0.101757579,-0.325106442,0.357431829,0.559683263,-0.202582479,-0.0187967606,-0.205632553
-0.0982867032,-0.340138942,0.770772338,0.0268177837,0.0487740636,-0.727423608,0.683927536,0.0649705753,0.0808924884,0.0636130795,0.148057163,-0.298456877,0.121056013,-0.0421533994,-0.00836655684,0.0323413685,0.305940926,-0.15565379,0.0989493877,-0.0184802562,0.0819165185,0.0346141607,-0.050900992,0.253038734,-0.360117972,0.761707842,0.179912716,0.0139948046,0.23201333,-0.0901394412,-0.318635374,0.347290665,0.59526217,-0.200950116,-0.0148967262,-0.205906138
-0.0982260555,-0.340191454,0.770805776,0.0269494448,0.0486676656,-0.727312863,0.684047639,0.0650314316,0.080047451,0.0645643771,0.148115054,-0.297397792,0.120045811,-0.0428698026,-0.00863190182,0.0347224213,0.306272775,-0.155841887,0.0983990952,-0.0193094052,0.0812340677,0.0351472422,-0.0448154956,0.247218192,-0.357390553,0.788927376,0.180941865,0.0170623288,0.227910787,-0.0830364674,-0.312180042,0.344327152,0.625662923,-0.199960306,-0.011334016,-0.20428896
-0.0981654078,-0.340243965,0.770839274,0.0270811077,0.048561275,-0.727202177,0.684167802,0.065092288,0.079202421,0.0655156821,0.148172945,-0.296338737,0.119035609,-0.0435862057,-0.00889724586,0.0371034741,0.306604624,-0.156029969,0.0978488103,-0.0201385543,0.0805516168,0.0356803276,-0.0387299992,0.241397664,-0.354663134,0.81614691,0.181970999,0.0201298539,0.223808244,-0.0759334937,-0.30572468,0.341363639,0.656063676,-0.198970497,-0.00777130574,-0.202671781
-0.0981047601,-0.340296477,0.770872772,0.0272127669,0.048454877,-0.727091372,0.684287846,0.0651531443,0.0783573911,0.0664669871,0.148230836,-0.295279652,0.118025407,-0.0443026088,-0.00916259084,0.0394845307,0.306936473,-0.156218052,0.0972985178,-0.0209677033,0.079869166,0.0362134092,-0.0326445028,0.235577121,-0.351935744,0.843366504,0.183000147,0.023197379,0.219705686,-0.0688305199,-0.299269348,0.338400126,0.686464429,-0.197980687,-0.00420859549,-0.201054603
-0.0980441198,-0.340349019,0.77090621,0.0273444261,0.0483484752,-0.726980507,0.684407771,0.0652140006,0.0775123537,0.0674182922,0.148288727,-0.294220567,0.117015205,-0.0450190082,-0.00942793489,0.0418655835,0.307268351,-0.156406149,0.0967482328,-0.0217968524,0.0791867152,0.0367464907,-0.0265590064,0.229756579,-0.349208325,0.870586038,0.184029281,0.0262649022,0.215603143,-0.0617275499,-0.292813987,0.335436612,0.716865122,-0.196990877,-0.000645885943,-0.199437425
-0.097983472,-0.34040153,0.770939708,0.0274760872,0.0482420772,-0.726869702,0.684527814,0.065274857,0.0766673237,0.0683695972,0.148346618,-0.293161511,0.116005003,-0.0457354113,-0.00969327893,0.0442466363,0.3076002,-0.156594232,0.0961979404,-0.0226260014,0.0785042644,0.0372795761,-0.02047351,0.223936051,-0.346480906,0.897805572,0.18505843,0.0293324273,0.211500585,-0.0546245761,-0.286358654,0.332473099,0.747265875,-0.196001068,0.00291682454,-0.197820246
-0.0979198962,-0.340428382,0.770948589,0.0274836272,0.0482042134,-0.726742208,0.684665501,0.0653084069,0.0761445388,0.0682384819,0.148469627,-0.293030888,0.115913808,-0.0465346947,-0.00987955462,0.0457188748,0.307984084,-0.156745806,0.0955778658,-0.0228541549,0.0781638697,0.0376868807,-0.0171667133,0.220655441,-0.349558145,0.907720268,0.186967179,0.0306287669,0.208624259,-0.0530013144,-0.28362143,0.33633554,0.750261426,-0.195893362,0.00274575851,-0.195928752
-0.0978550091,-0.34044373,0.770946503,0.0274354201,0.0481971316,-0.726607203,0.684811115,0.0653296933,0.0757664889,0.0676212311,0.148621887,-0.293317229,0.116235368,-0.0473712049,-0.0100303171,0.0467829332,0.308391333,-0.15688099,0.0949264541,-0.0228123851,0.077977106,0.0380376987,-0.0151079083,0.21851559,-0.355242431,0.909862816,0.189270988,0.0311296172,0.206298649,-0.0538391508,-0.28255415,0.343263686,0.740948498,-0.196181834,0.000897746359,-0.193914056
-0.0977901146,-0.340459108,0.770944357,0.0273872148,0.0481900498,-0.726472199,0.684956729,0.0653509721,0.075388439,0.0670039728,0.148774147,-0.293603599,0.11655692,-0.0482077152,-0.0101810796,0.0478469916,0.308798581,-0.157016188,0.0942750424,-0.0227706172,0.0777903497,0.038388513,-0.0130491043,0.216375738,-0.360926747,0.912005424,0.191574812,0.0316304676,0.20397304,-0.0546769872,-0.281486869,0.350191832,0.731635571,-0.196470305,-0.00095026585,-0.191899359
-0.0977252275,-0.340474457,0.770942271,0.0273390096,0.0481829718,-0.726337254,0.685102463,0.0653722584,0.0750103816,0.066386722,0.148926407,-0.29388997,0.11687848,-0.0490442216,-0.0103318421,0.0489110537,0.30920583,-0.157151371,0.0936236233,-0.0227288473,0.077603586,0.0387393311,-0.0109903002,0.214235887,-0.366611034,0.914147973,0.193878621,0.032131318,0.201647431,-0.0555148236,-0.280419588,0.357119977,0.722322643,-0.196758777,-0.00279827812,-0.189884663
-0.0976603404,-0.340489805,0.770940125,0.0272908006,0.0481758863,-0.72620213,0.685248017,0.0653935373,0.0746323317,0.0657694712,0.149078667,-0.29417634,0.117200032,-0.0498807319,-0.0104826046,0.0499751121,0.309613079,-0.157286555,0.0929722115,-0.0226870775,0.0774168223,0.0390901491,-0.00893149525,0.212096035,-0.37229532,0.916290522,0.19618243,0.0326321684,0.199321821,-0.0563526601,-0.279352337,0.364048123,0.713009715,-0.197047248,-0.00464629056,-0.187869966
-0.097597532,-0.340493739,0.770920813,0.0271359757,0.0482876636,-0.726061642,0.685395122,0.0654595643,0.0746687427,0.0649432167,0.149152279,-0.295018911,0.117932372,-0.0506064929,-0.0104074376,0.0504765846,0.30985257,-0.157166809,0.0924670026,-0.0222291816,0.0774648115,0.0385888405,-0.0142852291,0.213274077,-0.379901439,0.909289122,0.197154999,0.032007575,0.19853346,-0.0654299781,-0.281404853,0.37134409,0.696157217,-0.196233779,-0.00695411535,-0.187783062
-0.097541526,-0.34046042,0.770845294,0.0266329683,0.0487875976,-0.725903153,0.685547233,0.0656717047,0.0760586709,0.0634344369,0.148969099,-0.297677964,0.120006181,-0.0509705953,-0.00959445722,0.049140837,0.309544325,-0.156214535,0.0924392715,-0.0204123482,0.0782793909,0.0353047587,-0.0438459218,0.225287229,-0.393783599,0.872426271,0.193780184,0.0277076475,0.202765256,-0.1014148,-0.29364565,0.379841298,0.654683173,-0.191821724,-0.0107635409,-0.193991676
-0.0974855125,-0.340427101,0.770769775,0.026129948,0.0492875129,-0.725744426,0.685698986,0.0658838376,0.077448599,0.0619256608,0.148785904,-0.300336987,0.122079991,-0.051334694,-0.00878147595,0.0478050858,0.309236079,-0.155262262,0.092411533,-0.0185955167,0.0790939778,0.0320206806,-0.0734066144,0.237300396,-0.407665759,0.835563421,0.190405354,0.02340772,0.206997052,-0.137399614,-0.305886447,0.388338506,0.613209069,-0.187409654,-0.0145729659,-0.200200304
-0.0974295065,-0.340393811,0.770694256,0.0256269127,0.0497873947,-0.725585163,0.685850382,0.066095978,0.0788385198,0.0604168847,0.148602724,-0.302996039,0.1241538,-0.0516987927,-0.00796849467,0.0464693345,0.308927834,-0.154309988,0.0923838019,-0.0167786833,0.0799085647,0.0287366007,-0.102967307,0.249313563,-0.421547949,0.798700631,0.187030539,0.0191077925,0.211228848,-0.173384428,-0.318127275,0.396835715,0.571735024,-0.182997584,-0.018382391,-0.206408918
-0.0973735005,-0.340360492,0.770618737,0.0251238588,0.0502872467,-0.725425482,0.68600136,0.0663081184,0.0802284479,0.0589081049,0.148419544,-0.305655062,0.126227617,-0.0520628914,-0.00715551386,0.045133587,0.308619589,-0.153357714,0.0923560634,-0.0149618508,0.0807231516,0.0254525207,-0.132528007,0.26132673,-0.43543011,0.76183778,0.183655709,0.0148078632,0.215460643,-0.209369257,-0.330368072,0.405332923,0.530260921,-0.178585529,-0.0221918169,-0.212617546
-0.0973174945,-0.340327173,0.770543218,0.0246207975,0.0507870764,-0.725265443,0.686151981,0.0665202588,0.0816183686,0.0573993288,0.148236349,-0.308314115,0.128301427,-0.0524269901,-0.00634253351,0.0437978357,0.308311343,-0.152405456,0.0923283249,-0.0131450193,0.0815377384,0.0221684407,-0.162088692,0.273339897,-0.44931227,0.72497493,0.180280894,0.0105079357,0.219692439,-0.245354071,-0.342608869,0.413830131,0.488786846,-0.174173459,-0.0260012429,-0.218826175
-0.0972386971,-0.340298533,0.770400941,0.0241190009,0.0512911566,-0.725004315,0.686408281,0.0666652098,0.0832052231,0.0564028583,0.148646548,-0.310390383,0.129096001,-0.0525886267,-0.00594397821,0.0414494984,0.308869421,-0.151861146,0.0924653038,-0.011504231,0.0821660534,0.021046292,-0.179063886,0.279180586,-0.461320728,0.697874606,0.180248082,0.00749773905,0.220776364,-0.266815484,-0.348390222,0.424123287,0.46266526,-0.174947962,-0.0284082424,-0.22011593
-0.0971534327,-0.340271175,0.770239711,0.023617547,0.051796414,-0.7247141,0.686694264,0.0667910725,0.0848480165,0.0555519126,0.149225295,-0.312301099,0.129527226,-0.0526927523,-0.00566313928,0.0388135426,0.309673578,-0.151432738,0.092649065,-0.00991344824,0.0827414617,0.0205382314,-0.192464232,0.283268034,-0.472796947,0.673547268,0.181164533,0.00485388516,0.22096613,-0.284151584,-0.352336764,0.434926599,0.440904438,-0.177195683,-0.0304168891,-0.220008507
-0.0970681682,-0.340243846,0.770078421,0.0231160745,0.0523016341,-0.724423289,0.686979711,0.0669169426,0.0864908099,0.0547009632,0.149804041,-0.314211845,0.129958451,-0.0527968816,-0.00538229989,0.0361775868,0.310477734,-0.151004329,0.0928328261,-0.00832266454,0.08331687,0.0200301688,-0.205864578,0.287355483,-0.484273165,0.64921993,0.182080999,0.0022100315,0.221155912,-0.301487714,-0.356283337,0.445729911,0.419143647,-0.179443419,-0.0324255377,-0.2199011
-0.0969828963,-0.340216517,0.76991719,0.0226145908,0.0528068244,-0.724132061,0.68726474,0.0670428127,0.0881335959,0.0538500138,0.150382772,-0.316122562,0.130389675,-0.0529010072,-0.0051014605,0.0335416272,0.31128189,-0.150575906,0.0930165872,-0.00673188176,0.0838922784,0.0195221063,-0.219264925,0.291442931,-0.495749384,0.624892592,0.18299745,-0.00043382289,0.221345693,-0.318823814,-0.360229909,0.456533223,0.397382855,-0.18169114,-0.0344341844,-0.219793677
-0.0968976319,-0.340189189,0.7697559,0.0221130904,0.0533119738,-0.723840356,0.687549233,0.0671686754,0.0897763893,0.0529990681,0.150961518,-0.318033308,0.1308209,-0.0530051328,-0.00482062157,0.0309056714,0.312086046,-0.150147498,0.0932003483,-0.00514109898,0.0844676867,0.0190140437,-0.232665271,0.295530379,-0.507225633,0.600565314,0.183913916,-0.00307767629,0.221535474,-0.336159915,-0.364176452,0.467336535,0.375622064,-0.183938861,-0.0364428312,-0.219686255
-0.0968020633,-0.340187311,0.769590795,0.0217814259,0.0536684208,-0.723588407,0.687797368,0.0671119541,0.0908127576,0.0527329817,0.151883677,-0.319451898,0.131043181,-0.0531810671,-0.00501824776,0.0285937618,0.313401163,-0.150211707,0.0937148929,-0.00379768829,0.0846192241,0.0192222763,-0.23795715,0.296904385,-0.51329118,0.586716771,0.184297845,-0.00479727564,0.221068978,-0.342701286,-0.364912212,0.473501295,0.36695236,-0.186049074,-0.0373216644,-0.218391538
-0.0966849178,-0.34023875,0.769417584,0.0218055137,0.0537134297,-0.723420441,0.687969804,0.0666727796,0.0905789509,0.0536919273,0.153525159,-0.319839686,0.130827844,-0.0535073988,-0.00621804548,0.0269605871,0.315786481,-0.151307732,0.0949222818,-0.00297241309,0.0838829577,0.0209308267,-0.226265416,0.29259488,-0.508023858,0.594816625,0.183566332,-0.00458097318,0.219227865,-0.32663244,-0.35892275,0.469950408,0.385702699,-0.187871248,-0.0358340479,-0.214609921
-0.0965677798,-0.340290189,0.769244373,0.0218295977,0.053758435,-0.723252356,0.68814218,0.0662335977,0.0903451443,0.0546508692,0.155166626,-0.320227474,0.130612507,-0.0538337305,-0.00741784321,0.0253274143,0.318171769,-0.152403772,0.0961296707,-0.00214713812,0.0831466913,0.022639377,-0.214573696,0.288285375,-0.502756596,0.602916539,0.182834834,-0.00436467072,0.217386767,-0.310563594,-0.352933288,0.466399521,0.404453039,-0.189693421,-0.0343464315,-0.210828319
-0.0964506343,-0.340341657,0.769071162,0.0218536817,0.0538034402,-0.723084271,0.688314497,0.0657944232,0.0901113451,0.0556098148,0.156808108,-0.320615292,0.130397171,-0.0541600622,-0.0086176414,0.0236942396,0.320557088,-0.153499812,0.0973370597,-0.0013218628,0.0824104249,0.0243479293,-0.202881962,0.283975869,-0.497489274,0.611016393,0.182103336,-0.00414836872,0.215545669,-0.294494748,-0.346943825,0.462848634,0.423203409,-0.191515595,-0.0328588113,-0.207046703
-0.0963334888,-0.340393096,0.768897951,0.0218777657,0.0538484417,-0.722916186,0.688486814,0.0653552487,0.0898775384,0.0565687567,0.158449575,-0.321003079,0.130181834,-0.0544863977,-0.00981743913,0.0220610648,0.322942376,-0.154595837,0.0985444486,-0.000496587891,0.0816741586,0.0260564797,-0.191190243,0.279666364,-0.492221951,0.619116306,0.181371838,-0.00393206626,0.213704556,-0.278425932,-0.340954363,0.459297717,0.441953748,-0.193337753,-0.0313711949,-0.203265101
-0.0962163433,-0.340444535,0.76872474,0.0219018459,0.0538934432,-0.722747982,0.688659012,0.0649160743,0.0896437317,0.0575277023,0.160091057,-0.321390867,0.129966497,-0.0548127294,-0.0110172369,0.0204278901,0.325327694,-0.155691877,0.0997518376,0.00032868734,0.0809378922,0.02776503,-0.179498523,0.275356859,-0.486954659,0.62721616,0.18064034,-0.00371576403,0.211863458,-0.262357086,-0.334964901,0.45574683,0.460704088,-0.195159927,-0.0298835784,-0.199483499
-0.0961100832,-0.340522021,0.768624008,0.0219549946,0.0539848581,-0.722570777,0.688836157,0.064811416,0.0892510638,0.0585749932,0.160722598,-0.32087487,0.129115492,-0.0544826798,-0.0117783146,0.0195576008,0.325787783,-0.156129524,0.0992828608,0.00138482975,0.0800589994,0.0297323782,-0.164683908,0.270101219,-0.475352526,0.649070978,0.179866508,-0.00135295023,0.210631683,-0.244158715,-0.328375816,0.444795817,0.48975119,-0.195340827,-0.0266263075,-0.198903337
-0.0960054919,-0.340603471,0.768534303,0.0220125802,0.0540833659,-0.722392082,0.689013958,0.0647578463,0.0888341293,0.0596357808,0.161199898,-0.320220858,0.128167406,-0.0540523827,-0.0124723883,0.0188038219,0.325953841,-0.156466618,0.0985578597,0.00247623189,0.0791583285,0.0317392536,-0.149392352,0.264701068,-0.46278286,0.673026502,0.179086208,0.001337694,0.209492981,-0.225635111,-0.321695149,0.432714581,0.520370901,-0.19527106,-0.0230987631,-0.198812142
-0.0959008932,-0.34068495,0.768444657,0.022070162,0.0541818626,-0.722213387,0.689191699,0.0647042766,0.0884171948,0.0606965646,0.161677197,-0.319566816,0.127219334,-0.0536220856,-0.0131664621,0.0180500448,0.3261199,-0.156803712,0.0978328586,0.00356763438,0.0782576501,0.033746127,-0.13410078,0.259300917,-0.450213224,0.696982086,0.178305909,0.00402833847,0.208354264,-0.207111508,-0.315014452,0.420633376,0.550990641,-0.195201278,-0.0195712168,-0.198720932
-0.0957962945,-0.3407664,0.768354952,0.0221277438,0.0542803556,-0.722034574,0.68936938,0.0646507069,0.0880002603,0.0617573522,0.162154496,-0.318912804,0.126271248,-0.0531917885,-0.0138605349,0.0172962677,0.326285988,-0.157140806,0.0971078575,0.00465903617,0.0773569793,0.0357530005,-0.118809231,0.253900766,-0.437643588,0.72093761,0.17752561,0.00671898248,0.207215562,-0.188587904,-0.308333784,0.40855214,0.581610382,-0.19513151,-0.0160436723,-0.198629722
-0.0956917033,-0.34084785,0.768265307,0.0221853238,0.0543788485,-0.72185576,0.689547002,0.0645971373,0.0875833333,0.0628181398,0.162631795,-0.318258792,0.125323161,-0.0527614914,-0.0145546086,0.0165424887,0.326452047,-0.1574779,0.0963828564,0.00575043866,0.0764563009,0.037759874,-0.103517666,0.248500615,-0.425073951,0.744893134,0.17674531,0.00940962695,0.20607686,-0.170064285,-0.301653087,0.396470904,0.612230062,-0.195061743,-0.0125161279,-0.198538527
-0.0955987424,-0.340934366,0.768185079,0.0222288966,0.0544290207,-0.721644223,0.68976295,0.0645026043,0.0871255472,0.0635115579,0.163154811,-0.317776501,0.124387033,-0.0522415005,-0.0150426207,0.01618951,0.326368123,-0.157931209,0.0956917703,0.00663239229,0.0754522979,0.0392830595,-0.0898563936,0.242792666,-0.414880216,0.767611325,0.176268622,0.0119582014,0.204461396,-0.153740853,-0.295236617,0.387052268,0.640094578,-0.195154443,-0.00941297319,-0.198001668
-0.0955223963,-0.341028064,0.768118382,0.0222524703,0.0544102006,-0.721386254,0.690033674,0.0643495917,0.0866094306,0.0636803806,0.163743123,-0.317539454,0.123467974,-0.0515934303,-0.0152363833,0.0164088551,0.325927287,-0.158550441,0.095049113,0.00721526053,0.0743007362,0.0401155613,-0.0785231218,0.236645192,-0.408079177,0.788562536,0.176225469,0.014303904,0.202165172,-0.140559182,-0.289197356,0.381435663,0.664024651,-0.195479169,-0.00691583194,-0.19682844
-0.0954460502,-0.341121793,0.768051684,0.0222760364,0.0543913618,-0.721128047,0.690304101,0.0641965717,0.0860933214,0.0638492107,0.164331436,-0.317302376,0.122548915,-0.0509453565,-0.0154301468,0.0166282021,0.325486422,-0.159169689,0.0944064483,0.00779812923,0.0731491745,0.0409480631,-0.0671898425,0.230497703,-0.401278108,0.809513748,0.176182315,0.0166496076,0.199868947,-0.12737751,-0.283158094,0.375819087,0.687954724,-0.195803896,-0.00441869022,-0.195655227
-0.0953697041,-0.341215491,0.767984986,0.0222996008,0.054372523,-0.72086978,0.690574586,0.0640435591,0.0855772048,0.0640180409,0.164919749,-0.317065328,0.121629849,-0.0502972864,-0.0156239104,0.0168475471,0.325045556,-0.159788936,0.093763791,0.00838099699,0.0719976127,0.0417805612,-0.0558565706,0.224350229,-0.394477069,0.830464959,0.176139176,0.0189953092,0.197572723,-0.114195846,-0.277118862,0.370202482,0.711884797,-0.196128622,-0.00192154979,-0.194481999
-0.095293358,-0.34130919,0.767918289,0.0223231632,0.0543536767,-0.720611393,0.690844893,0.0638905391,0.0850610882,0.0641868636,0.165508062,-0.316828281,0.12071079,-0.0496492125,-0.0158176739,0.0170668941,0.32460469,-0.160408169,0.0931211337,0.00896386616,0.070846051,0.042613063,-0.044523295,0.218202755,-0.38767603,0.851416171,0.176096022,0.0213410128,0.195276484,-0.101014175,-0.2710796,0.364585906,0.735814929,-0.196453333,0.000575591577,-0.193308771
-0.0952170119,-0.341402888,0.767851591,0.0223467201,0.0543348156,-0.720352888,0.691115081,0.0637375265,0.0845449716,0.0643556938,0.166096374,-0.316591203,0.119791731,-0.0490011424,-0.0160114374,0.0172862392,0.324163854,-0.161027417,0.0924784765,0.00954673439,0.0696944892,0.0434455648,-0.0331900194,0.212055266,-0.380874991,0.872367382,0.176052868,0.0236867163,0.19298026,-0.087832503,-0.265040338,0.358969301,0.759745002,-0.196778059,0.00307273306,-0.192135543
-0.0951574445,-0.341480255,0.767787635,0.0224530101,0.054180257,-0.720100164,0.691387057,0.0631574765,0.0838168338,0.0631092414,0.167106926,-0.316895694,0.119801715,-0.0489943251,-0.0161014888,0.0184179507,0.324499547,-0.162285656,0.0919422954,0.00937499758,0.0689138174,0.0442961976,-0.0292452183,0.209388092,-0.383132398,0.878254771,0.178109422,0.024516888,0.191310376,-0.0832000673,-0.263364822,0.362465054,0.760762513,-0.198370561,0.00254103774,-0.190417901
-0.0950986519,-0.341556847,0.767723799,0.022563085,0.0540194809,-0.719847679,0.691658974,0.0625578836,0.0830789879,0.0617979951,0.16813682,-0.31722495,0.119854227,-0.0490168631,-0.0161867924,0.0195914265,0.324870825,-0.163573131,0.0914109945,0.00916871801,0.0681501329,0.0451476611,-0.0256386362,0.206880227,-0.385804445,0.883452594,0.180262119,0.0252776854,0.189669147,-0.0789589807,-0.26188907,0.36637795,0.760731101,-0.200021088,0.00187069282,-0.188675344
-0.0950398594,-0.341633439,0.767659903,0.0226731561,0.0538586974,-0.719595075,0.691930771,0.0619582869,0.082341142,0.0604867525,0.169166714,-0.317554235,0.119906746,-0.0490394011,-0.016272096,0.0207649004,0.325242072,-0.164860621,0.0908796862,0.00896243844,0.0673864484,0.0459991209,-0.022032056,0.204372376,-0.388476491,0.888650417,0.1824148,0.0260384809,0.188027933,-0.0747178942,-0.260413319,0.370290816,0.760699749,-0.20167163,0.00120034826,-0.186932787
-0.0949810594,-0.341710031,0.767596066,0.0227832217,0.0536979027,-0.719342291,0.692202508,0.0613586903,0.0816032961,0.05917551,0.170196593,-0.317883492,0.119959258,-0.0490619391,-0.0163574014,0.0219383761,0.32561335,-0.166148096,0.0903483853,0.00875615887,0.0666227564,0.0468505844,-0.0184254739,0.201864511,-0.391148567,0.89384824,0.184567481,0.0267992783,0.186386719,-0.0704768077,-0.258937567,0.374203682,0.760668337,-0.203322157,0.000530003337,-0.185190216
-0.0949222669,-0.341786623,0.767532229,0.0228932817,0.0535370894,-0.719089329,0.692474008,0.0607590936,0.0808654502,0.0578642674,0.171226487,-0.318212748,0.120011777,-0.0490844809,-0.0164427049,0.0231118519,0.325984627,-0.167435586,0.0898170769,0.00854987931,0.0658590719,0.047702048,-0.014818891,0.199356645,-0.393820614,0.899046123,0.186720163,0.0275600739,0.184745505,-0.0662357137,-0.257461816,0.378116578,0.760636985,-0.204972684,-0.000140341523,-0.183447659
-0.094872728,-0.341838717,0.767477155,0.0228561182,0.0535353199,-0.718795359,0.692780674,0.0603422374,0.0807446763,0.0557356328,0.171787158,-0.318974704,0.120913103,-0.0493096635,-0.0158693157,0.0242025647,0.326637805,-0.168162391,0.089574486,0.00882380456,0.0657476112,0.0466169938,-0.0274092946,0.204725206,-0.401748717,0.883522332,0.186142609,0.0258072522,0.186233863,-0.0802100822,-0.263437331,0.382841617,0.740856469,-0.202848494,-0.00242180936,-0.186465621
-0.0948324203,-0.341866314,0.767430782,0.0226720646,0.0536921881,-0.718460143,0.693122029,0.0601076856,0.081239529,0.052791521,0.171879724,-0.320168346,0.122661255,-0.0497370176,-0.014638775,0.0252107084,0.327572286,-0.168329835,0.0896199346,0.00957680959,0.0662868395,0.0435999632,-0.0561587103,0.217951745,-0.414920539,0.847325623,0.182841212,0.0215467066,0.190844461,-0.112357207,-0.276846617,0.388376951,0.70137316,-0.196958438,-0.0063106236,-0.194232956
-0.0947921127,-0.341893941,0.76738441,0.0224880092,0.0538490526,-0.718124807,0.693463266,0.0598731376,0.0817343816,0.0498474091,0.17197229,-0.321361959,0.124409407,-0.0501643717,-0.0134082343,0.026218852,0.328506768,-0.168497279,0.0896653756,0.0103298156,0.0668260679,0.0405829363,-0.0849081278,0.231178269,-0.42809236,0.811128855,0.179539829,0.0172861628,0.195455059,-0.144504324,-0.290255934,0.393912256,0.661889851,-0.191068366,-0.0101994378,-0.20200029
-0.0947518051,-0.341921568,0.767338037,0.0223039482,0.054005906,-0.717789292,0.693804383,0.0596385896,0.0822292343,0.046903301,0.172064841,-0.322555602,0.126157552,-0.0505917296,-0.0121776937,0.0272269975,0.329441249,-0.168664709,0.0897108242,0.0110828206,0.0673652962,0.0375659056,-0.113657542,0.244404793,-0.441264182,0.774932146,0.176238433,0.0130256163,0.200065657,-0.176651433,-0.303665221,0.39944759,0.622406542,-0.185178295,-0.0140882516,-0.20976764
-0.0947115049,-0.341949165,0.767291725,0.0221198779,0.0541627333,-0.717453599,0.694145262,0.0594040416,0.0827240795,0.0439591892,0.172157407,-0.323749244,0.127905712,-0.0510190837,-0.0109471539,0.0282351412,0.330375731,-0.168832153,0.0897562727,0.0118358256,0.0679045245,0.0345488749,-0.142406955,0.257631332,-0.454436004,0.738735378,0.17293705,0.0087650707,0.204676256,-0.208798558,-0.317074537,0.404982924,0.582923234,-0.179288223,-0.0179770663,-0.217534974
-0.0946706682,-0.341975063,0.767250061,0.0219290629,0.0543329529,-0.717118144,0.694484472,0.0591979362,0.0832732692,0.041063495,0.172193274,-0.324911326,0.129632056,-0.0514275059,-0.00971278362,0.0291617084,0.331257463,-0.168901801,0.0898719802,0.0125721004,0.0684845448,0.0315460116,-0.171177536,0.270634115,-0.467341065,0.702149987,0.169740647,0.00447107246,0.209502429,-0.24087207,-0.330236614,0.41037336,0.543157756,-0.173651874,-0.0218916815,-0.225474849
-0.0946186706,-0.341964304,0.767308772,0.0215950608,0.0547879338,-0.716794729,0.694792926,0.0595961623,0.0849769711,0.0391966626,0.171024457,-0.325403124,0.130895227,-0.0514336564,-0.00839703996,0.0283548869,0.331018299,-0.166893348,0.0914808214,0.0129528577,0.0699313879,0.0288440678,-0.200397819,0.278882742,-0.474577993,0.657305539,0.168775201,-0.000533774786,0.218909249,-0.271381617,-0.338145763,0.412685543,0.497397602,-0.173406437,-0.0263545588,-0.23708114
-0.0945666656,-0.341953546,0.767367482,0.0212610438,0.0552428886,-0.716471016,0.695101023,0.0599943884,0.0866806731,0.0373298265,0.169855654,-0.325894922,0.132158399,-0.0514398068,-0.00708129536,0.0275480654,0.330779135,-0.164884895,0.0930896625,0.0133336149,0.0713782236,0.0261421278,-0.229618102,0.287131339,-0.481814891,0.61246103,0.167809755,-0.00553862238,0.228316069,-0.301891178,-0.346054882,0.414997727,0.451637417,-0.173161,-0.0308174379,-0.248687446
-0.094514668,-0.341942817,0.767426133,0.0209270194,0.0556978136,-0.716147006,0.695408702,0.0603926145,0.088384375,0.0354629941,0.168686837,-0.32638675,0.13342157,-0.0514459573,-0.00576555077,0.0267412439,0.330540001,-0.162876442,0.0946985036,0.0137143722,0.0728250593,0.0234401859,-0.258838385,0.295379937,-0.489051819,0.567616582,0.166844293,-0.0105434693,0.237722903,-0.332400739,-0.353964001,0.41730991,0.405877203,-0.172915578,-0.0352803133,-0.260293752
-0.0944626629,-0.341932058,0.767484844,0.0205929857,0.0561527126,-0.715822637,0.695716143,0.0607908405,0.0900880769,0.033596158,0.167518035,-0.326878548,0.134684741,-0.051452104,-0.00444980664,0.0259344224,0.330300838,-0.160867989,0.0963073373,0.0140951304,0.074271895,0.0207382441,-0.288058668,0.303628564,-0.496288717,0.522772133,0.165878847,-0.0155483168,0.247129723,-0.3629103,-0.36187315,0.419622093,0.360117018,-0.172670141,-0.0397431925,-0.271900028
-0.0944106579,-0.3419213,0.767543554,0.020258937,0.0566075817,-0.715497732,0.696023166,0.0611890703,0.0917917788,0.0317293219,0.166349232,-0.327370375,0.135947913,-0.0514582545,-0.00313406251,0.0251276009,0.330061674,-0.158859536,0.0979161784,0.0144758876,0.0757187381,0.0180363022,-0.317278951,0.311877161,-0.503525615,0.477927655,0.164913401,-0.0205531623,0.256536543,-0.393419862,-0.369782269,0.421934277,0.314356834,-0.172424704,-0.0442060716,-0.283506334
-0.094348982,-0.341912299,0.767595291,0.0200540628,0.0568992868,-0.715117335,0.696396112,0.0616007894,0.0930341408,0.0313639008,0.165387779,-0.32742703,0.136152849,-0.0512089767,-0.00258554379,0.0240465738,0.32950291,-0.157372564,0.0990410373,0.0137969702,0.0769010559,0.0174599439,-0.329023063,0.316307127,-0.507179439,0.454765797,0.164660648,-0.0229386687,0.260682195,-0.403762192,-0.373336017,0.422910273,0.290367424,-0.171952486,-0.0462815985,-0.28761059
-0.0942805484,-0.341904491,0.767642319,0.0199392103,0.0570772886,-0.714698255,0.696815014,0.0620219111,0.0939549953,0.0320448279,0.164570838,-0.327180445,0.135620281,-0.0507816896,-0.00257171365,0.0227744486,0.328721434,-0.156249031,0.0998286083,0.0123795532,0.0778990313,0.0183649268,-0.32858783,0.318075836,-0.508336127,0.446714818,0.16490458,-0.0234987251,0.261161268,-0.400049776,-0.373854399,0.422955096,0.281550348,-0.171322212,-0.0466933511,-0.286486596
-0.0942121223,-0.341896683,0.767689288,0.0198243447,0.0572552532,-0.714278758,0.697233617,0.0624430329,0.0948758498,0.0327257551,0.163753912,-0.326933891,0.135087714,-0.0503543988,-0.0025578835,0.0215023253,0.327939928,-0.155125484,0.100616172,0.010962137,0.0788970143,0.0192699097,-0.328152597,0.319844544,-0.509492815,0.43866384,0.165148512,-0.0240587816,0.26164031,-0.39633733,-0.37437281,0.422999918,0.272733271,-0.170691922,-0.0471051075,-0.285362601
-0.0941436887,-0.341888875,0.767736256,0.0197094735,0.0574332066,-0.713859081,0.697651923,0.0628641546,0.0957967043,0.0334066823,0.162936971,-0.326687306,0.134555146,-0.0499271117,-0.00254405336,0.0202302001,0.327158451,-0.154001936,0.101403743,0.00954471994,0.0798949897,0.0201748926,-0.327717364,0.321613282,-0.510649443,0.430612862,0.165392458,-0.024618838,0.262119383,-0.392624885,-0.374891192,0.423044711,0.263916165,-0.170061648,-0.0475168638,-0.284238607
-0.0940752625,-0.341881067,0.767783225,0.0195945967,0.0576111376,-0.713439107,0.698070049,0.0632852763,0.0967175588,0.0340876095,0.162120044,-0.326440722,0.134022579,-0.0494998246,-0.00253022299,0.0189580768,0.326376945,-0.152878389,0.102191314,0.00812730379,0.0808929652,0.0210798755,-0.327282131,0.32338199,-0.51180613,0.422561884,0.16563639,-0.0251788944,0.262598455,-0.388912469,-0.375409603,0.423089534,0.255099088,-0.169431373,-0.0479286164,-0.283114612
-0.0940061808,-0.341881007,0.767834187,0.019528443,0.0577599406,-0.7130211,0.698486626,0.0637387708,0.0974329636,0.0350492485,0.161260083,-0.326008588,0.133440107,-0.0490431339,-0.00264500943,0.0178077258,0.325515598,-0.151831836,0.102849752,0.00667105569,0.0817768127,0.022031961,-0.324439704,0.324225068,-0.51144135,0.419643581,0.165857762,-0.0252881479,0.262734383,-0.382712692,-0.375085086,0.421952575,0.252140552,-0.168935552,-0.0478803739,-0.281607091
-0.0939328596,-0.341931164,0.767910898,0.0197781399,0.0577200688,-0.712617278,0.69889468,0.0644020811,0.0968167558,0.0378302746,0.160121351,-0.324373782,0.132534236,-0.0483958647,-0.00359340664,0.0174466353,0.324136645,-0.151284292,0.102671273,0.00496312929,0.0819209516,0.023289334,-0.305995375,0.319068849,-0.501215637,0.449992001,0.165932849,-0.0224755798,0.260646284,-0.360391468,-0.369297355,0.413156092,0.287153363,-0.16931124,-0.0448507108,-0.277613968
-0.0938595384,-0.341981292,0.767987549,0.0200278293,0.0576801822,-0.712213278,0.699302673,0.0650653839,0.0962005556,0.0406113006,0.158982605,-0.322738945,0.131628364,-0.0477485955,-0.00454180362,0.0170855429,0.322757661,-0.150736749,0.102492787,0.00325520337,0.0820650905,0.024546707,-0.287551075,0.3139126,-0.490989894,0.480340421,0.166007951,-0.0196630135,0.258558184,-0.338070244,-0.363509625,0.404359639,0.322166145,-0.169686943,-0.0418210439,-0.273620814
-0.0937862247,-0.342031449,0.76806426,0.0202775132,0.0576402768,-0.711809039,0.69971031,0.0657286942,0.0955843478,0.0433923267,0.157843858,-0.321104139,0.130722493,-0.0471013263,-0.00549020059,0.0167244524,0.321378678,-0.150189206,0.102314308,0.00154727686,0.0822092369,0.0258040819,-0.269106746,0.308756381,-0.480764151,0.510688841,0.166083038,-0.0168504454,0.256470054,-0.315749019,-0.357721925,0.395563155,0.357178956,-0.170062631,-0.0387913808,-0.269627661
-0.0937129036,-0.342081606,0.768140972,0.020527184,0.057600338,-0.711404383,0.700117648,0.0663920045,0.0949681401,0.0461733527,0.156705126,-0.319469333,0.129816622,-0.0464540608,-0.00643859757,0.0163633619,0.319999725,-0.149641663,0.102135822,-0.000160649128,0.0823533759,0.027061455,-0.250662416,0.303600162,-0.470538408,0.541037261,0.16615814,-0.0140378783,0.254381955,-0.293427795,-0.351934195,0.386766672,0.392191768,-0.170438319,-0.0357617177,-0.265634507
-0.0936395824,-0.342131734,0.768217683,0.0207768492,0.057560388,-0.710999489,0.700524688,0.0670553073,0.0943519324,0.0489543788,0.155566379,-0.317834526,0.12891075,-0.0458067916,-0.00738699455,0.0160022713,0.318620741,-0.14909412,0.101957344,-0.00186857558,0.0824975148,0.0283188298,-0.232218102,0.298443913,-0.460312665,0.571385682,0.166233227,-0.0112253102,0.252293855,-0.271106541,-0.346146494,0.377970189,0.427204579,-0.170814008,-0.0327320509,-0.261641383
-0.0935552716,-0.342203051,0.76824218,0.0210605673,0.0574571863,-0.710860312,0.70066601,0.0676884428,0.093431659,0.0513593554,0.154710114,-0.316443712,0.128267288,-0.0452231206,-0.00836914871,0.016078487,0.317627072,-0.149209425,0.101560377,-0.00325847231,0.0820275471,0.029342683,-0.214728579,0.292443305,-0.450296134,0.602984548,0.166931525,-0.00813771877,0.249369204,-0.250250816,-0.340066344,0.369204611,0.461418986,-0.171044454,-0.0296181459,-0.258280456
-0.093465738,-0.342284441,0.768241882,0.0213604532,0.0573239513,-0.710847199,0.700681031,0.0683072582,0.092366986,0.0535857566,0.153988004,-0.315168738,0.12774843,-0.0446696505,-0.00936733279,0.0163623672,0.31681639,-0.149639502,0.101059653,-0.004497346,0.0812659487,0.0302556455,-0.197692469,0.286041707,-0.440378994,0.635177314,0.167925745,-0.00491952524,0.246047273,-0.230090976,-0.333847374,0.360453695,0.495254278,-0.171205938,-0.026464235,-0.255219787
-0.0933761969,-0.342365831,0.768241584,0.0216603409,0.0571907125,-0.710834146,0.700696111,0.0689260662,0.0913023129,0.055812154,0.153265879,-0.313893765,0.127229586,-0.0441161804,-0.0103655169,0.0166462492,0.316005677,-0.150069579,0.100558937,-0.0057362197,0.0805043578,0.031168608,-0.180656344,0.279640108,-0.430461824,0.667370021,0.168919966,-0.00170133193,0.242725357,-0.20993115,-0.327628374,0.35170278,0.52908957,-0.171367407,-0.0233103223,-0.252159119
-0.0932866633,-0.342447191,0.768241286,0.0219602194,0.0570574589,-0.710820913,0.700710952,0.0695448741,0.0902376398,0.0580385551,0.152543753,-0.312618792,0.126710728,-0.0435627066,-0.011363701,0.0169301294,0.315194994,-0.150499657,0.100058213,-0.00697509339,0.0797427669,0.0320815705,-0.163620234,0.27323851,-0.420544654,0.699562788,0.169914186,0.00151686126,0.239403427,-0.189771309,-0.321409374,0.342951864,0.562924862,-0.171528891,-0.0201564115,-0.249098435
-0.0931971297,-0.342528582,0.768241048,0.0222601015,0.0569242127,-0.710807681,0.700725853,0.0701636821,0.0891729742,0.0602649525,0.151821643,-0.311343819,0.126191884,-0.0430092365,-0.012361885,0.0172140114,0.314384282,-0.150929734,0.0995574892,-0.00821396708,0.0789811686,0.0329945348,-0.146584108,0.266836882,-0.410627514,0.731755495,0.170908421,0.00473505491,0.236081511,-0.169611469,-0.315190405,0.334200948,0.596760094,-0.17169036,-0.0170025006,-0.246037766
-0.0931222513,-0.342611372,0.768241227,0.0225336906,0.0567757934,-0.710845172,0.700691044,0.0708175525,0.0881664902,0.0622846521,0.151047662,-0.310103476,0.125557512,-0.0424355939,-0.0132039199,0.0175659079,0.313506186,-0.151422396,0.0989348218,-0.00925887097,0.0783332214,0.0336329415,-0.130509526,0.260290444,-0.402069539,0.761787534,0.172079951,0.0077799079,0.232562348,-0.150795221,-0.308845043,0.326848209,0.629001677,-0.171938241,-0.0139578134,-0.242766336
-0.0930986255,-0.34269914,0.768243134,0.0227153599,0.0565743633,-0.711060584,0.700482965,0.0715940222,0.0873634815,0.0635815784,0.150092378,-0.30898416,0.124519207,-0.041791413,-0.0134999445,0.0181556419,0.312392443,-0.152133912,0.0978857353,-0.00962551869,0.078082636,0.0333113,-0.117797129,0.253237516,-0.398264229,0.784264028,0.173871517,0.0102186408,0.2283535,-0.136677101,-0.302057922,0.3243846,0.655670404,-0.172488242,-0.0112950522,-0.238757923
-0.0930749997,-0.342786938,0.768245041,0.0228970237,0.0563729182,-0.711275816,0.700274646,0.0723704845,0.0865604803,0.0648785084,0.149137095,-0.307864875,0.123480894,-0.0411472321,-0.01379597,0.0187453758,0.311278731,-0.152845412,0.0968366489,-0.00999216642,0.0778320506,0.0329896621,-0.10508474,0.246184602,-0.39445892,0.806740522,0.175663084,0.0126573741,0.224144638,-0.122558989,-0.295270771,0.321920991,0.682339132,-0.173038244,-0.00863229111,-0.234749511
-0.093051374,-0.342874706,0.768246949,0.0230786838,0.0561714694,-0.711490929,0.700066268,0.0731469542,0.0857574716,0.066175431,0.148181796,-0.306745559,0.122442588,-0.0405030511,-0.0140919946,0.0193351079,0.310164988,-0.153556913,0.0957875624,-0.0103588132,0.0775814652,0.0326680243,-0.0923723504,0.239131674,-0.39065361,0.829217017,0.17745465,0.0150961075,0.21993579,-0.108440869,-0.288483649,0.319457352,0.709007919,-0.173588246,-0.00596952951,-0.230741099
-0.0930277482,-0.342962503,0.768248856,0.0232603438,0.0559700094,-0.711706042,0.699857831,0.0739234164,0.0849544629,0.067472361,0.147226512,-0.305626273,0.121404275,-0.0398588702,-0.0143880192,0.0199248418,0.309051245,-0.154268414,0.0947384834,-0.0107254609,0.0773308799,0.0323463865,-0.0796599612,0.232078761,-0.386848301,0.851693571,0.179246217,0.0175348409,0.215726927,-0.0943227485,-0.281696498,0.316993743,0.735676646,-0.174138248,-0.0033067679,-0.226732701
-0.0930041224,-0.343050271,0.768250763,0.0234419964,0.055768542,-0.711920857,0.699649155,0.0746998861,0.0841514617,0.0687692836,0.146271229,-0.304506987,0.120365962,-0.0392146893,-0.0146840448,0.0205145758,0.307937503,-0.154979914,0.093689397,-0.0110921087,0.0770802945,0.0320247486,-0.0669475719,0.225025833,-0.383042991,0.874170065,0.181037784,0.0199735742,0.211518079,-0.0802046284,-0.274909347,0.314530104,0.762345374,-0.174688265,-0.000644007057,-0.222724289
-0.0930701047,-0.343118519,0.768230915,0.0236366726,0.0555897318,-0.712235987,0.699336171,0.0745453611,0.0836609453,0.0690408126,0.146687552,-0.303920686,0.119054697,-0.0390555374,-0.0145174479,0.0213177782,0.307457358,-0.156126723,0.0921302587,-0.0115656918,0.0774193853,0.0323540382,-0.057841938,0.219564155,-0.382439047,0.891989529,0.184004143,0.021924071,0.20730193,-0.0704940632,-0.269869983,0.316161424,0.781268597,-0.1763293,0.0010972732,-0.218171641
-0.0931633487,-0.343180835,0.76820457,0.0238353051,0.0554178059,-0.712581336,0.698991239,0.0741076171,0.0832654983,0.0690003932,0.147521138,-0.303496569,0.117660388,-0.0390439406,-0.0142101143,0.0221859217,0.307169944,-0.157405958,0.090415962,-0.0120718079,0.0779378712,0.0328813456,-0.0498335361,0.214586571,-0.382809043,0.90839231,0.187327906,0.0237260386,0.20308356,-0.0621243492,-0.265362352,0.319038481,0.797835529,-0.178302258,0.00255822367,-0.213453442
-0.0932565928,-0.343243152,0.768178165,0.0240339283,0.0552458577,-0.712926447,0.698646009,0.0736698732,0.0828700587,0.0689599738,0.148354724,-0.303072453,0.116266087,-0.0390323438,-0.0139027806,0.0230540652,0.30688253,-0.158685178,0.0887016654,-0.012577923,0.0784563497,0.0334086567,-0.041825138,0.209608972,-0.383179009,0.924795091,0.190651655,0.0255280044,0.19886519,-0.0537546314,-0.260854691,0.321915567,0.814402461,-0.180275217,0.00401917426,-0.208735242
-0.0933498368,-0.343305469,0.76815176,0.0242325459,0.0550738983,-0.713271439,0.6983006,0.0732321218,0.0824746117,0.0689195618,0.14918831,-0.302648336,0.114871778,-0.0390207469,-0.0135954469,0.0239222087,0.306595117,-0.159964412,0.0869873613,-0.0130840382,0.0789748356,0.0339359641,-0.0338167362,0.204631388,-0.383548975,0.941197872,0.193975419,0.027329972,0.19464682,-0.0453849174,-0.25634703,0.324792624,0.830969393,-0.18224816,0.00548012462,-0.204017043
-0.0934430808,-0.343367785,0.768125355,0.0244311523,0.0549019091,-0.713616073,0.697954893,0.0727943778,0.0820791647,0.0688791424,0.150021896,-0.302224219,0.113477476,-0.0390091501,-0.0132881133,0.0247903522,0.306307703,-0.161243632,0.0852730647,-0.0135901533,0.079493314,0.0344632752,-0.0258083381,0.199653789,-0.383918941,0.957600653,0.197299168,0.0291319396,0.190428466,-0.0370152034,-0.25183937,0.32766968,0.847536266,-0.184221119,0.00694107497,-0.199298829
-0.0937732384,-0.343394578,0.768076599,0.0248498823,0.0547144078,-0.713965654,0.697597265,0.0662805215,0.0820385516,0.0675353408,0.162673578,-0.303453863,0.11141067,-0.0407738984,-0.0127310008,0.0258086007,0.309162378,-0.163243756,0.0823476911,-0.0128684677,0.0802285746,0.0362510346,-0.0203830227,0.195785195,-0.384506077,0.973111689,0.200514153,0.0311793815,0.187136114,-0.0316315442,-0.248697579,0.331831127,0.86416465,-0.186400548,0.00856458396,-0.194975063
-0.0946279913,-0.343342662,0.767978251,0.0257560294,0.0544924997,-0.714325786,0.697212934,0.0463119596,0.0827836767,0.0633053631,0.201494768,-0.308345616,0.107854709,-0.046472121,-0.011620787,0.027159242,0.318974853,-0.166840225,0.0767405629,-0.00942798611,0.0814438537,0.0408298895,-0.0206775963,0.194372326,-0.385574162,0.986648202,0.203488246,0.0337703861,0.18589431,-0.0328600965,-0.248580307,0.33883664,0.880928993,-0.189037174,0.0105480552,-0.19152467
-0.0954827517,-0.343290776,0.767879903,0.0266621504,0.0542705357,-0.714685142,0.696827888,0.0263433959,0.0835288018,0.0590753891,0.240315959,-0.313237339,0.104298748,-0.0521703437,-0.0105105732,0.0285098832,0.328787327,-0.17043668,0.0711334422,-0.00598750403,0.0826591328,0.0454087481,-0.0209721681,0.192959443,-0.386642218,1.00018466,0.206462339,0.0363613963,0.184652507,-0.0340886526,-0.248463035,0.345842153,0.897693336,-0.191673815,0.0125315264,-0.188074291
-0.0963375047,-0.34323886,0.767781615,0.0275682397,0.0540485084,-0.715043664,0.696441948,0.00637483131,0.0842739269,0.0548454113,0.279137164,-0.318129092,0.100742795,-0.0578685701,-0.00940035935,0.0298605226,0.338599801,-0.17403315,0.0655263141,-0.00254702196,0.0838744119,0.049987603,-0.0212667398,0.191546574,-0.387710273,1.01372123,0.209436432,0.0389524028,0.183410689,-0.0353172086,-0.248345777,0.352847666,0.914457679,-0.194310442,0.0145149985,-0.184623897
-0.0971922651,-0.343186945,0.767683268,0.0284742992,0.0538264178,-0.715401292,0.696055293,-0.0135937277,0.085019052,0.0506154373,0.317958355,-0.323020816,0.0971868336,-0.063566789,-0.00829014555,0.0312111638,0.348412246,-0.177629605,0.0599191934,0.00089345919,0.0850896835,0.0545664579,-0.0215613134,0.190133691,-0.388778329,1.02725768,0.212410524,0.0415434092,0.182168886,-0.0365457647,-0.248228505,0.359853148,0.931222081,-0.196947068,0.0164984688,-0.181173518
-0.0980470181,-0.343135059,0.76758492,0.0293803234,0.0536042675,-0.715758204,0.695667863,-0.0335622914,0.0857641771,0.0463854633,0.356779546,-0.327912569,0.0936308727,-0.0692650154,-0.00717993127,0.0325618051,0.35822472,-0.18122606,0.054312069,0.00433394127,0.0863049626,0.0591453165,-0.0218558852,0.188720807,-0.389846385,1.04079425,0.215384617,0.0441344157,0.180927083,-0.0377743207,-0.248111233,0.366858661,0.947986424,-0.199583694,0.0184819419,-0.17772314
-0.099761866,-0.342654437,0.767880976,0.0321014114,0.05107297,-0.716532528,0.694940448,-0.0836213902,0.0836212635,0.0445603356,0.431346089,-0.332415313,0.0859768465,-0.0762339309,-0.011028205,0.0338325426,0.372375965,-0.186351404,0.0495928898,0.00891639665,0.0824126601,0.0651002824,-0.0224061273,0.1890762,-0.389664292,1.05066025,0.217819065,0.046115987,0.181044385,-0.0404340029,-0.250331998,0.373039305,0.962952554,-0.204158857,0.0203112867,-0.174425706
-0.10162203,-0.342101425,0.768243611,0.0351287983,0.0481504463,-0.717364907,0.694143474,-0.138764501,0.080990389,0.043141529,0.511952043,-0.336852342,0.077630423,-0.0834175423,-0.0157142505,0.0350897834,0.387260258,-0.191735059,0.0450237393,0.013691796,0.0776573941,0.0712877512,-0.022999566,0.189730346,-0.389270991,1.05990624,0.220162347,0.0479945876,0.181391299,-0.0433354825,-0.252947748,0.379080534,0.97761482,-0.209061548,0.0221145898,-0.171154112
-0.103482194,-0.341548383,0.768606246,0.0381556228,0.0452269092,-0.718183637,0.693333268,-0.193907604,0.0783595145,0.0417227186,0.592558026,-0.341289371,0.0692839995,-0.0906011537,-0.0204002969,0.0363470241,0.402144551,-0.1971187,0.0404545888,0.0184671972,0.0729021281,0.07747522,-0.0235930067,0.190384492,-0.38887769,1.06915212,0.222505614,0.0498731881,0.181738228,-0.0462369658,-0.255563527,0.385121793,0.992277145,-0.213964239,0.0239178948,-0.167882517
-0.105342358,-0.340995342,0.76896888,0.0411817022,0.0423025265,-0.718988717,0.69250989,-0.249050707,0.07572864,0.0403039083,0.67316395,-0.345726401,0.0609375797,-0.0977847651,-0.0250863414,0.0376042649,0.417028874,-0.202502355,0.0358854383,0.0232425947,0.0681468621,0.0836626887,-0.0241864454,0.191038638,-0.388484389,1.07839811,0.224848881,0.0517517887,0.182085142,-0.0491384491,-0.258179277,0.391163051,1.00693941,-0.218866929,0.0257211998,-0.164610922
-0.10720253,-0.3404423,0.769331515,0.0442068689,0.0393774658,-0.719780028,0.691673279,-0.304193825,0.0730977654,0.0388851017,0.753769934,-0.35016343,0.0525911525,-0.104968376,-0.0297723878,0.0388615057,0.431913167,-0.20788601,0.0313162878,0.0280179959,0.0633915961,0.0898501575,-0.0247798841,0.191692784,-0.388091087,1.08764398,0.227192163,0.053630393,0.18243207,-0.0520399325,-0.260795057,0.39720431,1.02160168,-0.22376962,0.0275245048,-0.161339343
-0.109138526,-0.339495063,0.769650102,0.0472284667,0.0352445543,-0.720477343,0.690970123,-0.365692168,0.0724799857,0.0416110419,0.835140765,-0.350646913,0.0448700488,-0.110828646,-0.0363336913,0.039233014,0.446855575,-0.215023145,0.0270675607,0.0317220986,0.0567544028,0.0967887938,-0.0258188788,0.192309484,-0.387352318,1.09644413,0.228443161,0.0548474677,0.183431819,-0.0558256954,-0.263125718,0.401956439,1.03568304,-0.228286654,0.0290179402,-0.159494817
-0.111188352,-0.337956071,0.769902647,0.0502448976,0.0292973053,-0.721027613,0.69046104,-0.436730385,0.0748840794,0.0505586974,0.91765976,-0.345195711,0.0380876064,-0.114702456,-0.0457099602,0.0382749438,0.461885154,-0.22479248,0.0232998319,0.0338180736,0.04729224,0.104855016,-0.0275267009,0.192869976,-0.386094958,1.10457504,0.228054553,0.0550715178,0.185411513,-0.0609388575,-0.265028358,0.404773444,1.04889238,-0.232224762,0.0300462283,-0.159792468
-0.113238186,-0.336417109,0.770155191,0.0532594174,0.0233480185,-0.721545339,0.689920723,-0.507768631,0.0772881657,0.0595063567,1.00017881,-0.339744508,0.0313051678,-0.118576266,-0.0550862253,0.0373168737,0.476914763,-0.234561801,0.0195321012,0.0359140486,0.0378300734,0.112921238,-0.0292345211,0.193430483,-0.384837627,1.11270607,0.227665946,0.055295568,0.187391207,-0.066052027,-0.266930997,0.407590479,1.06210172,-0.236162856,0.0310745165,-0.160090134
-0.115288012,-0.334878117,0.770407736,0.056271635,0.0173975118,-0.72203064,0.689349353,-0.578806877,0.079692252,0.0684540123,1.08269775,-0.334293306,0.0245227292,-0.122450076,-0.0644624904,0.0363588072,0.491944343,-0.244331136,0.0157643724,0.0380100235,0.0283679068,0.12098746,-0.0309423413,0.193990976,-0.383580297,1.12083697,0.227277339,0.0555196181,0.1893709,-0.0711651891,-0.268833637,0.410407484,1.07531106,-0.240100965,0.0321028046,-0.160387784
-0.117337845,-0.333339125,0.770660281,0.0592811294,0.0114465794,-0.722483397,0.688746989,-0.649845123,0.0820963383,0.0774016753,1.1652168,-0.328842103,0.0177402887,-0.126323879,-0.0738387629,0.0354007371,0.506973982,-0.254100472,0.0119966427,0.0401059948,0.0189057402,0.129053682,-0.0326501615,0.194551468,-0.382322937,1.12896788,0.226888731,0.055743672,0.191350594,-0.0762783512,-0.270736277,0.413224488,1.08852029,-0.244039074,0.0331310965,-0.16068545
-0.119387671,-0.331800133,0.770912826,0.0622875132,0.00549602741,-0.72290355,0.688113689,-0.72088331,0.0845004246,0.0863493308,1.24773574,-0.323390901,0.0109578473,-0.130197689,-0.083215028,0.0344426669,0.522003531,-0.263869792,0.00822891202,0.0422019698,0.00944357272,0.137119904,-0.0343579836,0.19511196,-0.381065607,1.13709891,0.226500124,0.0559677221,0.193330288,-0.0813915208,-0.272638917,0.416041523,1.10172963,-0.247977167,0.0341593847,-0.160983101
-0.121455319,-0.330343038,0.771248162,0.0638504028,-0.00237279735,-0.724580586,0.686221957,-0.774101853,0.0908604264,0.0889070034,1.29915154,-0.317554474,0.00637373701,-0.127769113,-0.093351528,0.0349438153,0.531065226,-0.273077399,0.00951593742,0.0441599078,-0.001291494,0.148130447,-0.0338356644,0.192240432,-0.380026758,1.14070821,0.224889144,0.054136388,0.194455177,-0.0836629272,-0.271004111,0.417294294,1.10991585,-0.25137642,0.0335470773,-0.162493899
-0.12352401,-0.3288908,0.771588385,0.0653239042,-0.0103568733,-0.726282001,0.684207618,-0.826266944,0.0974542946,0.0910869241,1.34872866,-0.311695307,0.00191958505,-0.124967948,-0.10353297,0.0355312303,0.53977406,-0.282251805,0.0111017851,0.0461096875,-0.0121018123,0.159315035,-0.0331815034,0.189166009,-0.379000843,1.14405012,0.223205924,0.0521835461,0.195529535,-0.0857663378,-0.269160181,0.418454587,1.11780512,-0.254743814,0.0328377821,-0.164076418
-0.125592709,-0.327438533,0.771928668,0.0667928234,-0.0183411036,-0.727930665,0.682143271,-0.878432035,0.104048155,0.0932668447,1.39830577,-0.305836141,-0.00253456598,-0.122166783,-0.113714404,0.0361186452,0.548482895,-0.291426182,0.0126876337,0.0480594672,-0.0229121279,0.170499623,-0.0325273424,0.186091587,-0.377974898,1.14739215,0.221522689,0.0502307042,0.196603879,-0.0878697485,-0.267316252,0.419614881,1.12569427,-0.258111238,0.0321284868,-0.165658936
-0.127661407,-0.325986296,0.772268891,0.0682568103,-0.0263237469,-0.729526162,0.680029094,-0.930597126,0.110642023,0.0954467654,1.44788289,-0.299976975,-0.00698871864,-0.119365618,-0.123895846,0.0367060602,0.55719173,-0.300600588,0.0142734814,0.0500092432,-0.0337224491,0.181684226,-0.0318731815,0.183017164,-0.376948982,1.15073407,0.219839454,0.0482778624,0.197678238,-0.0899731591,-0.265472323,0.420775175,1.13358355,-0.261478633,0.0314191915,-0.167241454
-0.12973009,-0.324534029,0.772609115,0.0697155818,-0.0343030579,-0.731068313,0.677865922,-0.982762218,0.117235892,0.0976266861,1.49746001,-0.294117779,-0.0114428708,-0.11656446,-0.134077296,0.0372934751,0.565900624,-0.309774995,0.0158593301,0.0519590229,-0.0445327684,0.192868814,-0.0312190205,0.179942742,-0.375923067,1.1540761,0.218156219,0.0463250205,0.198752597,-0.0920765698,-0.263628393,0.421935469,1.14147282,-0.264846027,0.0307098962,-0.168823972
-0.131543234,-0.32375598,0.773035765,0.0696671456,-0.0406462438,-0.733211219,0.675200582,-1.00523412,0.119376592,0.0971698165,1.5171876,-0.290556461,-0.0145727219,-0.110765748,-0.139769599,0.0385363847,0.56877023,-0.314738959,0.0181111358,0.0551586077,-0.0517927893,0.201475039,-0.0280671734,0.177500412,-0.374427378,1.15315628,0.217204988,0.0443105362,0.199639469,-0.0925589204,-0.262156516,0.422593981,1.14188933,-0.267000079,0.0286389068,-0.168848485
-0.133088812,-0.323683798,0.773552895,0.06804277,-0.0452796407,-0.736002862,0.672026634,-0.996620178,0.116855256,0.0939524695,1.50566554,-0.289400727,-0.016316155,-0.101828888,-0.140762225,0.0404655375,0.565526724,-0.315294981,0.0210601352,0.0596666187,-0.0553359874,0.207381949,-0.0223004837,0.175719857,-0.372439891,1.14777482,0.217020094,0.0422315113,0.200330079,-0.0913441852,-0.261074126,0.422727108,1.13448274,-0.267883897,0.0251423512,-0.167241916
-0.13463439,-0.323611587,0.774070084,0.0664153695,-0.0499116145,-0.738763869,0.668824136,-0.988006234,0.11433392,0.09073513,1.49414349,-0.288245022,-0.018059589,-0.0928920358,-0.141754836,0.0423946939,0.562283218,-0.315851003,0.0240091365,0.0641746297,-0.0588791855,0.213288873,-0.0165337939,0.173939288,-0.370452404,1.14239335,0.216835201,0.0401524901,0.201020673,-0.09012945,-0.259991735,0.422860265,1.12707627,-0.268767715,0.0216457937,-0.165635347
-0.136179969,-0.323539376,0.774587214,0.0647851527,-0.0545415916,-0.741494,0.665593505,-0.97939229,0.111812577,0.0875177905,1.48262143,-0.287089318,-0.0198030211,-0.0839551762,-0.142747462,0.0443238467,0.559039712,-0.316407025,0.0269581378,0.0686826408,-0.0624223836,0.219195783,-0.0107671032,0.172158718,-0.368464917,1.13701189,0.216650322,0.038073469,0.201711282,-0.0889147073,-0.258909345,0.422993422,1.11966968,-0.269651562,0.0181492381,-0.164028779
-0.137725547,-0.323467165,0.775104403,0.0631523207,-0.0591689907,-0.744192898,0.662335217,-0.970778286,0.109291241,0.084300451,1.47109938,-0.285933584,-0.0215464551,-0.0750183165,-0.143740073,0.0462529995,0.555796206,-0.316963077,0.0299071372,0.0731906518,-0.0659655854,0.225102693,-0.00500041153,0.170378149,-0.36647746,1.13163054,0.216465428,0.035994444,0.202401891,-0.0876999721,-0.257826954,0.423126549,1.11226308,-0.27053538,0.0146526806,-0.16242221
-0.13924998,-0.323431343,0.775634885,0.0614575408,-0.0636532828,-0.746826351,0.659106731,-0.960841954,0.106801689,0.0813315511,1.45794702,-0.284565687,-0.0230963193,-0.0659301877,-0.144499004,0.0480448529,0.552126825,-0.317184418,0.0328641087,0.0774823949,-0.069283098,0.230674073,0.000913733034,0.168586254,-0.364467561,1.12628806,0.216232032,0.0339256078,0.20305793,-0.086340569,-0.256649286,0.423263133,1.10479951,-0.271340936,0.01118067,-0.160754457
-0.140152991,-0.324465126,0.776556432,0.0580109954,-0.0640223697,-0.748448312,0.657541573,-0.91203624,0.105246536,0.085665375,1.39687562,-0.276960611,-0.0189565159,-0.0523957349,-0.138389096,0.0458010063,0.535941005,-0.307567984,0.0360553376,0.075417228,-0.0659670532,0.226382956,0.0111621236,0.166461065,-0.361798614,1.12209296,0.214572951,0.03215608,0.202697918,-0.0807288587,-0.25267145,0.423500746,1.09566319,-0.269846797,0.00843014102,-0.157288298
-0.141056001,-0.325498909,0.77747798,0.0545632653,-0.0643903911,-0.750057757,0.655965149,-0.863230467,0.103691384,0.0899991989,1.33580422,-0.269355536,-0.0148167117,-0.0388612784,-0.132279173,0.0435571559,0.519755125,-0.297951549,0.0392465666,0.0733520612,-0.0626510158,0.222091824,0.0214105137,0.164335877,-0.359129697,1.11789787,0.212913871,0.0303865559,0.202337891,-0.0751171559,-0.248693585,0.42373836,1.08652675,-0.268352628,0.00567961205,-0.153822139
-0.141958997,-0.326532692,0.778399527,0.0511145219,-0.0647573099,-0.751654208,0.654377401,-0.814424694,0.102136232,0.0943330154,1.27473271,-0.26175046,-0.0106769083,-0.025326822,-0.126169249,0.0413133092,0.503569245,-0.288335145,0.0424377955,0.0712868869,-0.0593349673,0.217800692,0.0316589028,0.162210688,-0.35646078,1.11370277,0.21125479,0.0286170319,0.201977879,-0.0695054457,-0.244715735,0.423975945,1.07739031,-0.266858488,0.0029290833,-0.15035598
-0.142862007,-0.327566475,0.779321134,0.0476649366,-0.0651231259,-0.753237963,0.652778506,-0.76561898,0.10058108,0.0986668393,1.21366131,-0.254145354,-0.00653710449,-0.0117923636,-0.120059334,0.0390694588,0.487383395,-0.27871871,0.0456290245,0.0692217201,-0.0560189225,0.213509575,0.0419072956,0.160085499,-0.353791833,1.10950768,0.209595695,0.0268475059,0.201617867,-0.0638937354,-0.24073787,0.424213558,1.06825387,-0.265364319,0.000178554095,-0.146889821
-0.143765017,-0.328600258,0.780242682,0.044214692,-0.0654878095,-0.754808664,0.651168525,-0.716813207,0.0990259275,0.103000663,1.15258992,-0.246540293,-0.00239730184,0.00174208952,-0.113949418,0.0368256122,0.471197546,-0.269102305,0.0488202497,0.0671565533,-0.0527028777,0.209218442,0.0521556847,0.157960311,-0.351122916,1.10531271,0.207936615,0.0250779819,0.201257855,-0.0582820326,-0.23676002,0.424451172,1.05911744,-0.26387015,-0.00257197418,-0.143423662
-0.144252852,-0.329776824,0.780878007,0.0416295603,-0.0648399442,-0.75561744,0.650465369,-0.674093187,0.0964375809,0.107962847,1.10117471,-0.24145858,0.00294698775,0.0116270175,-0.109124318,0.0354970321,0.457315981,-0.260844052,0.0527110659,0.0654840395,-0.0501519479,0.203654796,0.0595334321,0.156398088,-0.349865437,1.10173166,0.207142085,0.023952065,0.200549558,-0.0553707965,-0.233854204,0.426213056,1.05042827,-0.263086289,-0.00434543984,-0.140951172
-0.144436628,-0.331057906,0.781303704,0.0396779999,-0.0634508282,-0.755871534,0.65042907,-0.635829866,0.0930926055,0.113385186,1.05683112,-0.238224804,0.00917334389,0.0188393295,-0.105240114,0.0348387212,0.445121914,-0.253580421,0.0571142025,0.064099066,-0.0481613204,0.197159261,0.0648089498,0.155248165,-0.349641562,1.09860027,0.20698069,0.0232974757,0.199586228,-0.0544371642,-0.231733471,0.429091245,1.04206657,-0.262822598,-0.0054033841,-0.13920638
-0.144620404,-0.332339019,0.7817294,0.0377261937,-0.0620613359,-0.756121337,0.650388956,-0.597566485,0.0897476375,0.118807524,1.01248741,-0.234991014,0.0153997,0.0260516405,-0.10135591,0.0341804102,0.432927847,-0.246316791,0.0615173355,0.0627140999,-0.0461706966,0.190663725,0.070084475,0.154098228,-0.349417686,1.09546888,0.206819281,0.0226428844,0.198622882,-0.0535035357,-0.229612738,0.431969434,1.03370476,-0.262558907,-0.00646132836,-0.137461573
-0.14480418,-0.333620131,0.782155097,0.0357741565,-0.0606714785,-0.75636667,0.650345087,-0.559303164,0.0864026621,0.124229863,0.968143761,-0.231757239,0.0216260571,0.0332639553,-0.0974717066,0.0335220993,0.42073378,-0.23905316,0.0659204721,0.0613291301,-0.0441800691,0.18416819,0.0753599927,0.15294829,-0.349193782,1.09233749,0.206657887,0.021988295,0.197659552,-0.0525699034,-0.22749199,0.434847623,1.02534306,-0.262295187,-0.00751927262,-0.135716766
-0.144987971,-0.334901214,0.782580793,0.033821933,-0.0592812859,-0.756607592,0.650297463,-0.521039844,0.0830576867,0.129652202,0.923800111,-0.228523448,0.0278524123,0.0404762626,-0.0935875103,0.0328637883,0.408539712,-0.231789529,0.0703236014,0.059944164,-0.0421894453,0.177672669,0.0806355104,0.151798353,-0.348969907,1.0892061,0.206496477,0.0213337056,0.196696222,-0.0516362712,-0.225371256,0.437725812,1.01698124,-0.262031496,-0.00857721642,-0.133971959
-0.1450582,-0.336113274,0.783013284,0.0319699459,-0.0577724837,-0.756701291,0.650417864,-0.483620614,0.0796924233,0.134695977,0.880303621,-0.225682542,0.033935599,0.0466476344,-0.0900945738,0.0323961563,0.397164583,-0.224345133,0.075021185,0.0583620518,-0.0405417085,0.171274915,0.0849916488,0.150922313,-0.348899275,1.08648694,0.206513405,0.0208007023,0.195720464,-0.0507494658,-0.223323464,0.440420419,1.00951385,-0.261859447,-0.00943620875,-0.132272661
-0.144308373,-0.336826563,0.783495247,0.0308427587,-0.0554088838,-0.755757391,0.651773989,-0.452297628,0.0761805996,0.137005627,0.842925847,-0.225679174,0.0389847718,0.0453010276,-0.0894274861,0.0333056711,0.391704053,-0.215595216,0.0818453357,0.0553561077,-0.0413704291,0.165583476,0.0827076957,0.152024448,-0.349935293,1.0867449,0.207818255,0.0211458337,0.194655046,-0.0502008498,-0.221802518,0.441789299,1.00850546,-0.262349308,-0.00885831285,-0.130902052
-0.143558547,-0.337539881,0.783977151,0.0297152456,-0.0530446842,-0.754806221,0.653123975,-0.420974642,0.0726687685,0.139315277,0.805548131,-0.225675806,0.0440339483,0.0439544208,-0.0887603983,0.0342151895,0.386243522,-0.206845298,0.0886694863,0.0523501597,-0.0421991497,0.159892038,0.0804237425,0.153126583,-0.350971311,1.08700275,0.20912312,0.0214909632,0.193589643,-0.04965223,-0.220281571,0.44315815,1.00749707,-0.262839168,-0.00828041602,-0.129531443
-0.142808735,-0.33825317,0.784459054,0.0285874289,-0.0506799407,-0.753847778,0.654467642,-0.389651656,0.0691569448,0.141624928,0.768170357,-0.225672424,0.0490831211,0.0426078141,-0.0880933106,0.0351247042,0.380782992,-0.198095366,0.0954936445,0.0493442155,-0.0430278666,0.154200599,0.0781397894,0.154228717,-0.352007329,1.0872606,0.21042797,0.0218360946,0.192524225,-0.0491036139,-0.218760625,0.44452703,1.00648856,-0.263329029,-0.00770252012,-0.128160834
-0.142058909,-0.338966459,0.784940958,0.0274593513,-0.0483147353,-0.752882123,0.655805111,-0.35832867,0.0656451136,0.143934578,0.730792582,-0.225669056,0.0541322939,0.0412612073,-0.0874262229,0.036034219,0.375322461,-0.189345449,0.102317795,0.0463382713,-0.0438565873,0.14850916,0.0758558363,0.155330837,-0.353043348,1.08751857,0.21173282,0.0221812259,0.191458806,-0.0485549979,-0.217239678,0.44589588,1.00548017,-0.26381889,-0.00712462422,-0.126790211
-0.141309083,-0.339679748,0.785422862,0.0263310354,-0.0459491201,-0.751909256,0.657136142,-0.327005684,0.0621332899,0.146244228,0.693414807,-0.225665689,0.0591814667,0.0399146006,-0.0867591351,0.0369437337,0.369861931,-0.180595532,0.109141946,0.0433323234,-0.0446853079,0.142817721,0.0735718831,0.156432971,-0.354079366,1.08777642,0.213037685,0.0225263555,0.190393388,-0.0480063818,-0.215718731,0.447264761,1.00447178,-0.264308751,-0.00654672785,-0.125419602
-0.140210971,-0.339815795,0.785625279,0.0252841972,-0.0429408476,-0.750638008,0.658831954,-0.301069289,0.0602919906,0.146336734,0.662219882,-0.227701068,0.0631118268,0.034789633,-0.0859617516,0.0369368568,0.36775285,-0.17286399,0.113987662,0.0376230627,-0.0477192774,0.139640093,0.0674525201,0.159098312,-0.357335538,1.08892465,0.215818748,0.0231127646,0.19007878,-0.0463166609,-0.21387887,0.447660118,1.00546694,-0.265556157,-0.00580473384,-0.125045851
-0.138938174,-0.339662313,0.785687447,0.0242778603,-0.0396095365,-0.749208272,0.660703182,-0.277834505,0.0592885353,0.145317227,0.634125948,-0.23075898,0.0664810538,0.027769642,-0.0850990042,0.0364703685,0.36732471,-0.1656432,0.117841102,0.0305579603,-0.051859282,0.137723252,0.0594095178,0.162547663,-0.361705214,1.09051931,0.21934019,0.023820186,0.190140754,-0.0440546237,-0.21187906,0.447567225,1.00746715,-0.267183483,-0.00498043699,-0.125172064
-0.137665376,-0.339508832,0.785749614,0.0232710578,-0.0362774022,-0.747765303,0.662562847,-0.25459972,0.0582850799,0.144297734,0.606032014,-0.233816907,0.0698502809,0.0207496509,-0.0842362642,0.0360038802,0.36689654,-0.158422425,0.121694535,0.0234928597,-0.0559992865,0.135806397,0.0513665192,0.165997013,-0.36607489,1.09211397,0.222861633,0.0245276093,0.190202713,-0.0417925864,-0.209879264,0.447474331,1.00946724,-0.268810838,-0.00415614014,-0.125298277
-0.136392578,-0.33935535,0.785811722,0.0222638398,-0.0329446197,-0.746309102,0.66441083,-0.231364951,0.0572816283,0.143278241,0.57793808,-0.236874819,0.0732195079,0.0137296598,-0.0833735168,0.0355373882,0.3664684,-0.151201636,0.125547975,0.0164277591,-0.060139291,0.133889556,0.0433235168,0.169446364,-0.370444566,1.09370863,0.22638309,0.0252350308,0.190264672,-0.0395305492,-0.207879454,0.447381437,1.01146746,-0.270438194,-0.00333184307,-0.125424489
-0.135119781,-0.339201868,0.78587389,0.0212562662,-0.0296113677,-0.744839847,0.66624701,-0.208130166,0.0562781729,0.142258748,0.549844146,-0.239932731,0.076588735,0.00670966832,-0.0825107768,0.0350708999,0.36604026,-0.143980846,0.129401416,0.00936265662,-0.0642792955,0.131972715,0.0352805182,0.17289573,-0.374814242,1.09530342,0.229904532,0.0259424523,0.190326631,-0.037268512,-0.205879644,0.447288543,1.01346767,-0.27206555,-0.00250754622,-0.125550702
-0.133776173,-0.338865161,0.785590053,0.0200211015,-0.0261488166,-0.743463516,0.667965174,-0.18771939,0.0559680723,0.140002146,0.524634421,-0.243261755,0.0792581737,-0.00361410924,-0.0817677975,0.0347677842,0.371751934,-0.137672648,0.134155169,0.00217913906,-0.0687046796,0.130905136,0.0266492274,0.176905081,-0.379696935,1.09623182,0.233678088,0.0265524853,0.190590858,-0.0353914797,-0.204242781,0.446910948,1.01460993,-0.273848802,-0.00178163801,-0.126137868
-0.132166788,-0.337840557,0.784007192,0.0179321617,-0.0222012885,-0.742469907,0.66927129,-0.177910477,0.0582609698,0.13310115,0.510252774,-0.247608528,0.0793004781,-0.0263409987,-0.0814744383,0.0350780115,0.400513858,-0.134790495,0.142288893,-0.00544894068,-0.0742014647,0.133025855,0.0158093702,0.183016822,-0.386505455,1.09465921,0.238398075,0.0267969035,0.191614404,-0.0349598378,-0.203968465,0.445464492,1.01253176,-0.276217431,-0.00142510177,-0.128455505
-0.130557403,-0.336815983,0.782424331,0.0158426724,-0.0182529893,-0.74145937,0.670562446,-0.168101579,0.0605538674,0.126200154,0.495871127,-0.251955301,0.079342775,-0.0490678847,-0.0811810791,0.035388235,0.429275811,-0.131908357,0.150422618,-0.0130770197,-0.0796982422,0.135146588,0.00496951444,0.189128563,-0.393314004,1.0930866,0.243118063,0.0270413216,0.192637965,-0.0345281959,-0.20369415,0.444018036,1.01045346,-0.27858606,-0.00106856553,-0.130773157
-0.128948003,-0.335791379,0.78084147,0.0137527762,-0.0143041816,-0.740432024,0.671838284,-0.158292681,0.0628467649,0.119299151,0.48148945,-0.256302059,0.079385072,-0.0717947707,-0.08088772,0.0356984623,0.458037734,-0.129026204,0.158556342,-0.0207051001,-0.0851950273,0.137267321,-0.00587034225,0.195240304,-0.400122553,1.09151387,0.24783805,0.0272857398,0.193661511,-0.0340965539,-0.203419834,0.44257158,1.00837529,-0.280954689,-0.000712029287,-0.133090794
-0.127338618,-0.334766805,0.779258549,0.0116626127,-0.0103551364,-0.739387929,0.673098922,-0.148483768,0.0651396662,0.112398155,0.467107803,-0.260648847,0.0794273764,-0.0945216641,-0.0805943608,0.0360086896,0.486799687,-0.126144052,0.166690066,-0.0283331797,-0.0906918049,0.139388055,-0.0167102013,0.201352045,-0.406931102,1.08994126,0.252558053,0.0275301579,0.194685057,-0.033664912,-0.203145519,0.441125154,1.00629711,-0.283323288,-0.000355492957,-0.135408431
-0.125729233,-0.333742201,0.777675688,0.00957232714,-0.00640612375,-0.738327265,0.674344361,-0.13867487,0.06743256,0.105497159,0.452726126,-0.264995605,0.0794696733,-0.11724855,-0.0803010017,0.0363189131,0.515561581,-0.123261891,0.174823791,-0.0359612592,-0.0961885899,0.141508788,-0.0275500547,0.207463786,-0.413739622,1.08836865,0.257278025,0.0277745742,0.195708603,-0.03323327,-0.202871203,0.439678699,1.00421882,-0.285691917,1.04325227E-06,-0.137726068
-0.124425113,-0.332259566,0.775936902,0.00485272333,-0.00190611207,-0.737563968,0.675257146,-0.133537903,0.0738247707,0.0952269807,0.447786659,-0.270308256,0.0772679821,-0.163980752,-0.0797207579,0.03275837,0.567249477,-0.120680429,0.180719212,-0.0418646,-0.094760634,0.145764932,-0.0354994573,0.213871583,-0.421099067,1.08178365,0.262175411,0.0284493715,0.198247418,-0.0351271816,-0.20708935,0.439264357,0.990836382,-0.288737923,-0.000580872991,-0.140640736
-0.123220228,-0.330628037,0.774147451,-0.000722693978,0.00277394871,-0.73686558,0.676033139,-0.129919469,0.0815493837,0.0838617086,0.445916206,-0.275934845,0.0743369237,-0.218515396,-0.0790472701,0.0279397015,0.626388907,-0.118196696,0.185887128,-0.047207348,-0.0910819247,0.150715157,-0.0425093696,0.220375583,-0.428637534,1.07356942,0.267130464,0.0292640533,0.201278716,-0.0377769694,-0.212767676,0.4391855,0.973779678,-0.292004138,-0.00146781513,-0.143749461
-0.122015342,-0.328996509,0.77235806,-0.0062986589,0.00745435245,-0.736127436,0.676772654,-0.12630102,0.0892739967,0.0724964365,0.444045722,-0.281561434,0.0714058653,-0.27305007,-0.0783737823,0.0231210347,0.685528398,-0.115712963,0.191055045,-0.0525500998,-0.0874032155,0.155665383,-0.0495192818,0.226879597,-0.436176032,1.0653553,0.272085518,0.0300787333,0.20431003,-0.0404267535,-0.218446016,0.439106613,0.956722915,-0.295270324,-0.00235475739,-0.146858171
-0.120810457,-0.327364981,0.770568609,-0.0118742688,0.0121343397,-0.735349357,0.677475631,-0.122682586,0.0969986096,0.0611311644,0.442175239,-0.287188023,0.0684748068,-0.327584714,-0.0777002871,0.018302368,0.744667888,-0.113229223,0.196222961,-0.0578928478,-0.0837245062,0.160615608,-0.0565291941,0.233383611,-0.443714499,1.05714107,0.277040571,0.0308934152,0.207341343,-0.0430765413,-0.224124342,0.439027756,0.939666212,-0.298536509,-0.00324169965,-0.149966896
-0.119605571,-0.325733453,0.768779159,-0.0174486134,0.0168131478,-0.734531641,0.678141773,-0.119064152,0.104723215,0.0497658923,0.440304786,-0.292814612,0.0655437484,-0.382119358,-0.0770267993,0.0134837022,0.803807318,-0.11074549,0.201390877,-0.0632355958,-0.0800457969,0.165565833,-0.0635391027,0.239887625,-0.451252967,1.04892695,0.281995624,0.0317080989,0.210372642,-0.0457263254,-0.229802683,0.4389489,0.922609448,-0.301802695,-0.00412864191,-0.153075606
-0.118494146,-0.324385792,0.767593682,-0.0223105475,0.020876037,-0.733577788,0.678918242,-0.115063369,0.109997019,0.0409630984,0.438919544,-0.299404919,0.0656384528,-0.431123912,-0.0752194151,0.00773554854,0.855781496,-0.109876558,0.203237951,-0.0689125136,-0.0748787671,0.170955271,-0.0687382668,0.243470788,-0.458964825,1.0414027,0.287021428,0.032428816,0.212297544,-0.0500086732,-0.236490935,0.438106805,0.897536576,-0.30204913,-0.00652058236,-0.156141475
-0.117601767,-0.323703468,0.767823935,-0.0255067423,0.0234988891,-0.732374728,0.680018008,-0.110166423,0.109526545,0.038166292,0.438671619,-0.308253914,0.0728249922,-0.467166901,-0.0707543716,-0.00019115473,0.890961409,-0.112792417,0.197301567,-0.0753726438,-0.0662233606,0.177374199,-0.0696933419,0.24020803,-0.467083067,1.03549588,0.292213112,0.0329292975,0.211629182,-0.0581174605,-0.245546281,0.435475916,0.853675246,-0.295217752,-0.012439969,-0.15910694
-0.116709389,-0.323021144,0.768054187,-0.028702613,0.0261214264,-0.731157064,0.681104422,-0.105269484,0.10905607,0.0353694893,0.438423723,-0.317102909,0.0800115392,-0.503209889,-0.0662893355,-0.00811785832,0.926141381,-0.115708277,0.191365182,-0.0818327814,-0.0575679541,0.183793113,-0.0706484243,0.236945271,-0.475201279,1.02958894,0.297404796,0.0334297791,0.210960835,-0.066226244,-0.254601628,0.432844996,0.809813917,-0.288386405,-0.0183593556,-0.16207239
-0.11581701,-0.32233882,0.76828444,-0.0318979695,0.0287434943,-0.729924977,0.682177365,-0.100372545,0.108585596,0.0325726829,0.438175797,-0.325951934,0.0871980861,-0.539252877,-0.0618242919,-0.0160445627,0.961321294,-0.118624136,0.185428798,-0.0882929191,-0.0489125513,0.190212026,-0.0716034994,0.233682528,-0.483319521,1.023682,0.30259648,0.0339302607,0.210292488,-0.0743350312,-0.263656974,0.430214077,0.765952528,-0.281555027,-0.0242787432,-0.165037841
-0.114924632,-0.321656495,0.768514633,-0.0350926258,0.0313649289,-0.728678465,0.683236778,-0.0954755992,0.108115122,0.0297758784,0.437927872,-0.334800929,0.0943846256,-0.575295806,-0.0573592559,-0.0239712652,0.996501267,-0.121539995,0.179492414,-0.0947530493,-0.0402571484,0.19663094,-0.0725585818,0.23041977,-0.491437733,1.01777506,0.307788163,0.034430746,0.209624127,-0.0824438184,-0.27271229,0.427583188,0.722091198,-0.274723679,-0.0301981289,-0.168003306
-0.114032254,-0.320974171,0.768744886,-0.0382863916,0.0339855887,-0.727417648,0.684282601,-0.0905786604,0.10764464,0.0269790739,0.437679976,-0.343649924,0.101571172,-0.611338794,-0.052894216,-0.0318979695,1.03168118,-0.124455854,0.173556045,-0.101213187,-0.0316017419,0.203049853,-0.0735136569,0.227157012,-0.499555975,1.01186824,0.312979847,0.0349312276,0.20895578,-0.0905526057,-0.281767637,0.424952269,0.678229868,-0.267892301,-0.0361175165,-0.170968756
-0.113384455,-0.320649981,0.768899024,-0.0408050045,0.035845276,-0.726518393,0.684997141,-0.0837250054,0.106202051,0.0255625769,0.434698224,-0.349383116,0.106161162,-0.631400645,-0.0512787476,-0.034646526,1.04317451,-0.127683595,0.171275184,-0.109617852,-0.0240733512,0.208282813,-0.0767397583,0.222652152,-0.505567431,1.01107419,0.317029893,0.0351598784,0.207561031,-0.0897554457,-0.284861416,0.419992596,0.661728859,-0.264043063,-0.0368138365,-0.172616929
-0.112782069,-0.320392281,0.769038975,-0.0431980975,0.0375635177,-0.725681305,0.685645461,-0.076508075,0.104578994,0.0244023371,0.431208938,-0.354537845,0.110269107,-0.648495615,-0.050192304,-0.0364337564,1.0502702,-0.130969241,0.169672966,-0.118383519,-0.0167541914,0.213295594,-0.0803874806,0.217916712,-0.511187732,1.01122928,0.320867956,0.0353380665,0.206031427,-0.0873048902,-0.286848426,0.414600581,0.650307417,-0.260747433,-0.0365404934,-0.174020544
-0.112179674,-0.32013458,0.769178927,-0.0455908105,0.0392814279,-0.724837005,0.686287045,-0.0692911521,0.10295593,0.0232420973,0.427719653,-0.359692544,0.114377052,-0.665590525,-0.049105864,-0.0382209904,1.05736601,-0.134254888,0.168070763,-0.127149194,-0.00943503063,0.218308374,-0.0840351954,0.213181257,-0.516808093,1.01138437,0.324706048,0.0355162546,0.204501823,-0.0848543346,-0.288835436,0.409208596,0.638885915,-0.257451832,-0.0362671465,-0.175424159
-0.111577287,-0.319876909,0.769318938,-0.0479830727,0.0409989432,-0.723985553,0.686921895,-0.0620742254,0.101332866,0.0220818575,0.424230367,-0.364847273,0.118484996,-0.682685494,-0.0480194241,-0.0400082208,1.06446183,-0.137540534,0.166468561,-0.135914862,-0.00211587176,0.22332114,-0.0876829177,0.208445802,-0.522428393,1.01153958,0.32854414,0.0356944427,0.202972218,-0.082403779,-0.290822446,0.403816581,0.627464414,-0.254156202,-0.0359937996,-0.176827773
-0.110974893,-0.319619209,0.76945889,-0.0503748097,0.0427160189,-0.723127067,0.687550008,-0.0548572987,0.0997098014,0.0209216159,0.420741081,-0.370002002,0.122592941,-0.699780405,-0.0469329804,-0.0417954512,1.07155764,-0.140826195,0.164866343,-0.14468053,0.00520328898,0.22833392,-0.0913306326,0.203710347,-0.528048754,1.01169467,0.332382232,0.0358726308,0.201442629,-0.0799532235,-0.292809427,0.398424596,0.616042912,-0.250860602,-0.0357204527,-0.178231388
-0.110552587,-0.319542557,0.769770384,-0.0522123612,0.0442169085,-0.722661257,0.687807798,-0.0476931408,0.0980872065,0.0210583378,0.416313499,-0.371805459,0.125659376,-0.702820182,-0.0461445674,-0.0431118384,1.06751657,-0.14328596,0.163361117,-0.150069654,0.0110669145,0.230228424,-0.0918705016,0.199596614,-0.531083405,1.01097155,0.334749311,0.0352778956,0.199466392,-0.075692296,-0.293720365,0.394199282,0.606613278,-0.247268945,-0.0356109887,-0.178106695
-0.110414587,-0.31975174,0.770352721,-0.0531756319,0.0453770421,-0.722823083,0.687488198,-0.0406122953,0.0964653566,0.0232426915,0.410404593,-0.368317962,0.127081499,-0.683669746,-0.045826681,-0.0436848626,1.04589272,-0.144441858,0.162009001,-0.150127932,0.0146325501,0.227199778,-0.0875037014,0.196464449,-0.530035853,1.00886166,0.334793925,0.0334628746,0.196785048,-0.0685731769,-0.292932391,0.391815931,0.600328326,-0.243209943,-0.0357602537,-0.175569132
-0.110276595,-0.319960892,0.770935059,-0.0541387834,0.0465370752,-0.722983241,0.687167108,-0.033531446,0.0948434994,0.0254270472,0.404495656,-0.364830494,0.128503621,-0.66451931,-0.0455087945,-0.0442578867,1.02426887,-0.145597771,0.160656869,-0.150186211,0.0181981865,0.224171132,-0.0831369087,0.193332285,-0.528988302,1.00675166,0.334838539,0.0316478498,0.194103703,-0.0614540577,-0.292144388,0.389432579,0.594043374,-0.239150941,-0.0359095186,-0.173031554
-0.110138595,-0.320170075,0.771517396,-0.0551018044,0.0476969965,-0.72314167,0.686844349,-0.0264506023,0.0932216495,0.0276114009,0.39858675,-0.361342996,0.129925743,-0.645368874,-0.0451909117,-0.0448309109,1.00264502,-0.146753669,0.159304753,-0.150244474,0.0217638221,0.221142486,-0.078770116,0.190200105,-0.52794075,1.00464177,0.334883153,0.0298328288,0.191422358,-0.0543349385,-0.291356415,0.387049228,0.587758422,-0.23509194,-0.0360587835,-0.17049399
-0.110000595,-0.320379257,0.772099674,-0.0560646877,0.0488567986,-0.723298252,0.686519861,-0.0193697531,0.0915997997,0.0297957547,0.392677814,-0.357855529,0.131347865,-0.626218438,-0.0448730253,-0.045403935,0.981021166,-0.147909567,0.157952622,-0.150302753,0.0253294595,0.218113855,-0.0744033158,0.187067941,-0.526893258,1.00253189,0.334927768,0.0280178059,0.188741013,-0.0472158194,-0.290568441,0.384665877,0.58147347,-0.231032938,-0.0362080522,-0.167956427
-0.109862603,-0.32058844,0.772682011,-0.0570274368,0.0500164777,-0.723453164,0.686193705,-0.0122889057,0.0899779424,0.0319801085,0.386768907,-0.354368031,0.132769972,-0.607068002,-0.0445551388,-0.0459769554,0.959397316,-0.149065465,0.156600505,-0.150361031,0.028895095,0.215085208,-0.070036523,0.183935761,-0.525845706,1.000422,0.334972382,0.026202783,0.186059669,-0.0400966965,-0.289780438,0.382282525,0.575188518,-0.226973936,-0.0363573171,-0.165418848
-0.110376619,-0.321474165,0.77308917,-0.0567937829,0.0509684607,-0.723507702,0.686085641,-0.00688509224,0.0888740942,0.0350574106,0.381387025,-0.350196838,0.13279587,-0.583770633,-0.0442063622,-0.0465256386,0.933798015,-0.151041076,0.153106257,-0.146419123,0.0298330765,0.210535005,-0.0646262467,0.1825573,-0.520590961,0.998501718,0.332990497,0.025434617,0.184448496,-0.0321654342,-0.289173186,0.379050583,0.577293634,-0.223013371,-0.0353730358,-0.163041577
-0.110938102,-0.322409153,0.773483515,-0.0564729795,0.0519052856,-0.723554313,0.685992718,-0.00160337065,0.0878079608,0.0381997228,0.376043499,-0.345975846,0.132720098,-0.560171425,-0.0438553393,-0.0470725521,0.907909274,-0.153076366,0.149456069,-0.142185986,0.0305797551,0.205874041,-0.0591400042,0.181306496,-0.515029967,0.996595204,0.330861092,0.0247426666,0.182915226,-0.024175046,-0.288579077,0.37575686,0.58000958,-0.219059959,-0.0343062282,-0.160675973
-0.111499585,-0.323344171,0.773877919,-0.0561521165,0.0528420508,-0.72360009,0.685899138,0.00367834955,0.08674182,0.0413420312,0.370699972,-0.341754884,0.13264434,-0.536572218,-0.0435043164,-0.047619462,0.882020533,-0.155111641,0.14580588,-0.137952864,0.0313264355,0.201213077,-0.0536537617,0.180055708,-0.509468973,0.994688749,0.328731656,0.0240507144,0.181381956,-0.0161846597,-0.287984967,0.372463137,0.582725525,-0.215106562,-0.0332394205,-0.158310354
-0.112061061,-0.324279159,0.774272323,-0.0558311976,0.0537787713,-0.72364521,0.685804844,0.00896007195,0.0856756866,0.0444843397,0.365356445,-0.337533891,0.132568568,-0.512973011,-0.0431532897,-0.0481663719,0.856131792,-0.157146931,0.142155692,-0.133719727,0.0320731141,0.196552098,-0.0481675193,0.178804904,-0.503907919,0.992782235,0.32660225,0.0233587623,0.179848671,-0.00819426961,-0.287390858,0.369169384,0.58544153,-0.21115315,-0.0321726166,-0.15594475
-0.112622544,-0.325214148,0.774666667,-0.0555102266,0.0547154322,-0.723689675,0.685709953,0.0142417941,0.0846095458,0.0476266518,0.360012919,-0.333312929,0.13249281,-0.489373773,-0.0428022668,-0.0487132818,0.830243051,-0.159182221,0.138505489,-0.129486606,0.0328197964,0.191891134,-0.0426812731,0.177554116,-0.498346925,0.990875781,0.324472815,0.0226668101,0.178315401,-0.00020387971,-0.286796749,0.365875661,0.588157475,-0.207199752,-0.0311058089,-0.153579146
-0.113487758,-0.326309472,0.774904013,-0.0550157428,0.0554852486,-0.723697901,0.685679257,0.0156385899,0.0846548304,0.0491236113,0.35975036,-0.330758274,0.131546602,-0.467466861,-0.0421568714,-0.0478557609,0.808645427,-0.163006365,0.134793133,-0.122528277,0.033382751,0.187849507,-0.037131682,0.176622063,-0.492836654,0.988309324,0.322393924,0.0222386457,0.176997915,0.00580384117,-0.286110461,0.363074452,0.59610045,-0.205065414,-0.0291580521,-0.15215835
-0.114686668,-0.327580959,0.774968863,-0.0543306544,0.0560717881,-0.723666489,0.68571943,0.0127672246,0.0859211683,0.0488129109,0.365070015,-0.330034286,0.129644111,-0.447419256,-0.0411880612,-0.0454552621,0.791762114,-0.168795854,0.13101247,-0.112575918,0.0337438583,0.184488326,-0.0315124914,0.176040217,-0.487382114,0.985017776,0.320370555,0.0221002903,0.175917506,0.00963331107,-0.285322934,0.360814333,0.609785974,-0.20492959,-0.0262424443,-0.151775569
-0.115885578,-0.328852475,0.775033712,-0.053645514,0.0566582754,-0.723634481,0.685758948,0.00989585835,0.0871874988,0.0485022105,0.37038964,-0.329310328,0.127741605,-0.427371621,-0.0402192511,-0.0430547632,0.77487886,-0.174585328,0.127231792,-0.102623552,0.0341049694,0.181127161,-0.0258932989,0.175458357,-0.481927603,0.981726289,0.318347216,0.021961933,0.174837098,0.013462781,-0.284535408,0.358554244,0.623471558,-0.204793766,-0.0233268384,-0.151392788
-0.117084488,-0.330123961,0.775098503,-0.0529603288,0.0572447143,-0.723601878,0.68579787,0.00702449307,0.0884538367,0.0481915101,0.375709265,-0.32858634,0.125839099,-0.407323986,-0.0392504409,-0.0406542644,0.757995546,-0.180374816,0.123451129,-0.0926711932,0.0344660766,0.17776598,-0.0202741064,0.174876511,-0.476473093,0.978434801,0.316323847,0.0218235776,0.173756689,0.0172922499,-0.283747882,0.356294125,0.637157142,-0.204657942,-0.0204112306,-0.151009992
-0.118283391,-0.331395447,0.775163352,-0.0522750989,0.0578311048,-0.723568618,0.685836256,0.00415312685,0.0897201747,0.0478808098,0.381028891,-0.327862382,0.123936601,-0.387276351,-0.0382816307,-0.0382537656,0.741112292,-0.18616429,0.119670458,-0.0827188343,0.0348271839,0.1744048,-0.0146549148,0.174294665,-0.471018553,0.975143313,0.314300478,0.0216852203,0.17267628,0.0211217217,-0.282960355,0.354034007,0.650842726,-0.204522133,-0.0174956229,-0.150627211
-0.119504616,-0.332662046,0.775235176,-0.0515720993,0.0584082194,-0.723509371,0.685903072,0.00104995747,0.0910294279,0.0474329479,0.386411726,-0.32706672,0.121977597,-0.367301315,-0.0372960269,-0.0357688405,0.724282384,-0.191920713,0.115948483,-0.0725688487,0.0351685435,0.171074986,-0.00896119792,0.173722073,-0.46556744,0.971829116,0.312279612,0.021541981,0.171621338,0.0248710494,-0.282160163,0.351821661,0.664603472,-0.204423323,-0.0145914024,-0.150277168
-0.121773213,-0.333700001,0.775635302,-0.0500363596,0.0585517362,-0.722251654,0.687328637,-0.0129354447,0.0943535566,0.0405457579,0.394762844,-0.32290554,0.117365889,-0.350735039,-0.0355220959,-0.029320471,0.709959447,-0.196124986,0.114981838,-0.0531410612,0.0345826112,0.169217467,0.000231183541,0.173583835,-0.460276842,0.967450023,0.310376108,0.0211694464,0.17176193,0.0248581134,-0.280765593,0.351850957,0.681893766,-0.206062004,-0.0122217536,-0.151463732
-0.124041818,-0.334737957,0.776035368,-0.0485002883,0.0586949065,-0.720989525,0.688750148,-0.0269208476,0.0976776853,0.0336585715,0.403113931,-0.318744391,0.112754174,-0.334168732,-0.0337481648,-0.0228720978,0.695636451,-0.200329259,0.114015192,-0.0337132774,0.0339966789,0.167359948,0.00942356605,0.173445597,-0.454986244,0.963070989,0.308472574,0.0207969137,0.171902522,0.0248451773,-0.279370993,0.351880252,0.69918412,-0.207700685,-0.00985210575,-0.152650297
-0.126310423,-0.335775912,0.776435494,-0.0469639078,0.0588377193,-0.719723105,0.690167487,-0.0409062505,0.101001814,0.0267713852,0.411465049,-0.314583242,0.108142465,-0.317602456,-0.0319742337,-0.0164237265,0.681313455,-0.204533532,0.113048546,-0.0142854927,0.0334107503,0.165502429,0.018615948,0.173307359,-0.449695647,0.958691955,0.30656907,0.0204243809,0.172043115,0.0248322412,-0.277976424,0.351909578,0.716474414,-0.20933938,-0.00748245744,-0.153836861
-0.128579021,-0.336813867,0.776835561,-0.0454272553,0.0589801855,-0.718452334,0.691580772,-0.0548916534,0.104325943,0.019884197,0.419816136,-0.310422063,0.103530757,-0.301036179,-0.0302003045,-0.00997535419,0.666990519,-0.208737805,0.112081893,0.00514229434,0.032824818,0.16364491,0.027808331,0.173169121,-0.444405049,0.954312921,0.304665565,0.0200518481,0.172183722,0.0248193052,-0.276581854,0.351938874,0.733764708,-0.210978061,-0.00511280866,-0.155023426
-0.130847618,-0.337851793,0.777235687,-0.0438903645,0.0591222979,-0.717177391,0.692989886,-0.0688770562,0.107650064,0.0129970117,0.428167224,-0.306260914,0.0989190415,-0.284469873,-0.0284263734,-0.00352698402,0.652667522,-0.212942064,0.111115247,0.0245700758,0.0322388895,0.161787391,0.037000712,0.173030883,-0.439114451,0.949933887,0.302762032,0.0196793154,0.172324315,0.0248063691,-0.275187254,0.351968169,0.751055062,-0.212616757,-0.00274316058,-0.156210005
-0.133383349,-0.338748932,0.777140975,-0.0420037434,0.0592650436,-0.713106334,0.697282374,-0.0772309825,0.107952625,0.0119424006,0.432151556,-0.305273414,0.0995521098,-0.272930294,-0.0283657424,-0.00151938712,0.641782939,-0.216182739,0.110637352,0.0432996973,0.0313808843,0.159134731,0.0468152426,0.172330722,-0.43364653,0.947689712,0.302312613,0.0195688047,0.171401843,0.0272246748,-0.27268979,0.351783901,0.77019316,-0.215603054,-0.000553088787,-0.156693488
-0.136124551,-0.33953771,0.776665628,-0.0398448594,0.059404552,-0.706837416,0.703750312,-0.0812529996,0.105930887,0.0153744034,0.432776809,-0.306727231,0.104219623,-0.265257448,-0.0296230428,-0.00292778481,0.633543313,-0.218682155,0.110535406,0.061492268,0.0303135887,0.155870408,0.0571083538,0.171198308,-0.428042203,0.947087765,0.302981764,0.0196598545,0.169661656,0.0315131769,-0.269343913,0.351435274,0.79075259,-0.219626009,0.00149884657,-0.156636149
-0.138865754,-0.340326488,0.776190341,-0.0376821272,0.0595389791,-0.700506568,0.710159004,-0.0852750167,0.103909157,0.0188064054,0.433402061,-0.308181018,0.108887143,-0.257584572,-0.0308803432,-0.00433618203,0.625303686,-0.221181571,0.110433467,0.0796848387,0.029246293,0.152606085,0.0674014613,0.17006591,-0.422437906,0.946485877,0.303650886,0.0197509024,0.167921454,0.0358016752,-0.265998036,0.351086676,0.811312079,-0.22364895,0.00355078187,-0.156578794
-0.141606957,-0.341115296,0.775715053,-0.0355160981,0.0596683063,-0.6941154,0.716506958,-0.0892970338,0.10188742,0.0222384091,0.434027284,-0.309634835,0.113554657,-0.249911711,-0.0321376435,-0.00574457971,0.617064059,-0.223681003,0.11033152,0.097877413,0.0281789973,0.149341762,0.0776945725,0.168933496,-0.41683358,0.94588393,0.304320037,0.0198419504,0.166181251,0.0400901772,-0.262652159,0.350738078,0.831871569,-0.227671891,0.0056027174,-0.156521454
-0.144348159,-0.341904074,0.775239766,-0.0333473273,0.0597924851,-0.687665522,0.722792447,-0.0933190435,0.0998656899,0.0256704111,0.434652537,-0.311088651,0.118222177,-0.242238849,-0.0333949402,-0.00715297693,0.608824432,-0.226180419,0.110229582,0.11606998,0.0271117035,0.146077454,0.0879876763,0.167801082,-0.411229253,0.945281982,0.304989159,0.0199329983,0.164441049,0.0443786792,-0.259306282,0.350389481,0.852430999,-0.231694847,0.00765465247,-0.156464115
-0.147051349,-0.342681438,0.774716318,-0.031275548,0.060003344,-0.680475056,0.729640543,-0.0965458751,0.0977689624,0.0298066698,0.435023755,-0.313004643,0.123128317,-0.234822899,-0.0342919379,-0.00879132189,0.600250423,-0.228412405,0.110170856,0.133714885,0.0260783378,0.142538041,0.0976057574,0.16688177,-0.406260312,0.944990039,0.305770963,0.0199737158,0.162451714,0.0484407805,-0.256095409,0.3501378,0.872638166,-0.235603958,0.00959434826,-0.156312257
-0.149445727,-0.343366057,0.773801863,-0.030002458,0.0609486252,-0.667577386,0.741434872,-0.0933109596,0.0950628519,0.0396657735,0.433330834,-0.318676531,0.129973546,-0.229494631,-0.0322610848,-0.0122982394,0.588959396,-0.22847122,0.110463269,0.146909356,0.0253206957,0.1367632,0.101738468,0.167694122,-0.406454533,0.947217107,0.307468325,0.0196054317,0.158437848,0.0506631657,-0.25398168,0.350673884,0.889982164,-0.238588035,0.0106219752,-0.155392438
-0.151840121,-0.344050676,0.772887409,-0.0287188385,0.0618760474,-0.654460907,0.75301224,-0.0900760442,0.0923567414,0.0495248772,0.431637913,-0.32434839,0.136818767,-0.224166349,-0.0302302279,-0.0158051569,0.577668428,-0.228530034,0.110755682,0.160103843,0.0245630536,0.130988359,0.105871186,0.168506458,-0.406648725,0.949444175,0.309165716,0.0192371476,0.154423997,0.0528855473,-0.25186792,0.351209939,0.907326221,-0.241572112,0.0116496021,-0.154472619
-0.154234499,-0.344735295,0.771972954,-0.0274258703,0.0627847314,-0.641137421,0.76436168,-0.0868411288,0.089650631,0.0593839847,0.429944962,-0.330020279,0.143663988,-0.218838081,-0.0281993728,-0.0193120744,0.566377401,-0.228588834,0.111048102,0.173298314,0.0238054134,0.125213534,0.110003896,0.16931881,-0.406842947,0.951671243,0.310863107,0.0188688636,0.150410131,0.0551079325,-0.249754161,0.351746023,0.924670219,-0.244556203,0.012677229,-0.1535528
-0.156628892,-0.345419914,0.7710585,-0.0261247363,0.0636738166,-0.627619207,0.775472403,-0.0836062133,0.0869445205,0.0692430884,0.428252041,-0.335692167,0.150509208,-0.213509798,-0.0261685196,-0.0228189919,0.555086434,-0.228647649,0.111340515,0.186492786,0.0230477713,0.1194387,0.114136606,0.170131162,-0.407037139,0.953898311,0.312560469,0.0185005814,0.146396264,0.0573303141,-0.247640416,0.352282107,0.942014217,-0.24754028,0.013704855,-0.152632982
-0.15902327,-0.346104532,0.770144045,-0.0248166565,0.0645425171,-0.61391896,0.786334574,-0.0803712979,0.0842384025,0.0791021958,0.426559091,-0.341364026,0.157354444,-0.20818153,-0.0241376627,-0.0263259094,0.543795407,-0.228706449,0.111632936,0.199687272,0.0222901292,0.11366386,0.118269324,0.170943514,-0.407231361,0.956125379,0.31425786,0.0181322973,0.142382413,0.0595526993,-0.245526671,0.352818161,0.959358275,-0.250524372,0.0147324828,-0.151713163
-0.161043659,-0.346527219,0.769263327,-0.023840094,0.0653286576,-0.597542465,0.798815846,-0.0753563493,0.0819509178,0.0899037793,0.421700895,-0.345483452,0.162645653,-0.203703463,-0.0216221306,-0.0316744745,0.532473207,-0.226377249,0.111794874,0.208213687,0.0223806351,0.107134663,0.117268473,0.171784028,-0.410458416,0.959213197,0.31538257,0.0179656297,0.138971314,0.05995306,-0.244282812,0.352392167,0.974565268,-0.251471817,0.015727412,-0.151665345
-0.16286613,-0.346811235,0.768400431,-0.0230300464,0.0660529137,-0.579537392,0.811937809,-0.0693994015,0.0798849687,0.101204135,0.4151676,-0.348781347,0.167114481,-0.199675322,-0.0188501049,-0.0379976407,0.521134436,-0.222784311,0.11188776,0.214269772,0.0229199827,0.100206241,0.113550924,0.172639459,-0.415290445,0.962756574,0.31620425,0.0179056581,0.135879204,0.0593892001,-0.243499294,0.35145703,0.988641322,-0.251341432,0.0167050362,-0.152079001
-0.164688602,-0.347095281,0.767537594,-0.022207655,0.0667450204,-0.561224282,0.824669182,-0.0634424537,0.0778190196,0.11250449,0.408634305,-0.352079213,0.17158331,-0.195647195,-0.0160780791,-0.0443208106,0.509795666,-0.219191372,0.111980647,0.220325857,0.0234593321,0.0932778269,0.109833382,0.17349489,-0.420122474,0.966300011,0.3170259,0.0178456865,0.132787079,0.0588253438,-0.242715791,0.350521863,1.00271738,-0.251211077,0.0176826604,-0.152492657
-0.166511059,-0.347379327,0.766674697,-0.0213741288,0.0674038976,-0.542629898,0.836990237,-0.0574855097,0.0757530704,0.123804837,0.40210101,-0.355377078,0.176052138,-0.191619053,-0.0133060524,-0.0506439768,0.498456925,-0.215598434,0.112073541,0.226381943,0.0239986796,0.0863494128,0.106115833,0.174350321,-0.424954504,0.969843388,0.31784755,0.0177857149,0.129694968,0.0582614839,-0.241932273,0.349586725,1.01679337,-0.251080722,0.0186602846,-0.152906314
-0.16833353,-0.347663373,0.765811801,-0.0205307286,0.068028599,-0.523782551,0.848883152,-0.0515285619,0.0736871213,0.135105193,0.395567715,-0.358674973,0.180520952,-0.187590927,-0.0105340257,-0.0569671467,0.487118155,-0.212005496,0.112166427,0.232438028,0.024538029,0.0794209912,0.102398284,0.175205752,-0.429786533,0.973386765,0.31866923,0.0177257434,0.126602843,0.0576976277,-0.24114877,0.348651588,1.03086948,-0.250950366,0.0196379106,-0.15331997
-0.170079559,-0.347846448,0.764925718,-0.019845454,0.0684935376,-0.504627883,0.860386908,-0.0476309545,0.072173804,0.145302236,0.392369658,-0.362346113,0.184352711,-0.183637276,-0.0076970635,-0.0630193129,0.476514697,-0.208684549,0.111971922,0.237623736,0.0252911504,0.0727244392,0.0986382812,0.176147044,-0.434165269,0.976112545,0.319137752,0.0175499115,0.124162875,0.0571963042,-0.240825191,0.34777683,1.04354739,-0.25089401,0.0203873795,-0.154078096
-0.171516508,-0.347621381,0.763945639,-0.0198248457,0.0684183687,-0.484871447,0.871679783,-0.0520592444,0.0728947669,0.151038587,0.40265578,-0.367526323,0.185608789,-0.179984763,-0.0045975619,-0.0679758117,0.468884021,-0.206463307,0.110615507,0.239290521,0.0269085523,0.0669653043,0.0947066247,0.177435532,-0.436711371,0.975532591,0.318178564,0.0169056654,0.124359481,0.0569478162,-0.242361113,0.347146153,1.05057287,-0.251136959,0.0202144235,-0.1562289
-0.172953457,-0.347396314,0.76296556,-0.0197939165,0.0683075637,-0.464831859,0.882538199,-0.0564875342,0.0736157298,0.156774938,0.412941903,-0.372706532,0.186864868,-0.17633225,-0.00149806077,-0.0729323179,0.461253375,-0.204242051,0.109259084,0.240957305,0.0285259522,0.061206162,0.0907749683,0.178724021,-0.439257473,0.974952698,0.317219406,0.0162614193,0.124556094,0.0566993244,-0.243897036,0.346515477,1.05759835,-0.251379877,0.0200414695,-0.158379704
-0.174390405,-0.347171247,0.76198554,-0.0197526775,0.0681611896,-0.444539577,0.89294374,-0.060915824,0.0743366852,0.162511289,0.423228025,-0.377886772,0.188120946,-0.172679752,0.00160144048,-0.0778888166,0.453622699,-0.202020809,0.107902661,0.242624104,0.0301433541,0.0554470271,0.0868433118,0.180012524,-0.441803575,0.974372804,0.316260219,0.0156171722,0.1247527,0.0564508364,-0.245432958,0.3458848,1.06462383,-0.251622796,0.0198685136,-0.160530508
-0.175827354,-0.34694618,0.761005461,-0.019701194,0.0679794624,-0.424026161,0.902880073,-0.0653441176,0.0750576481,0.16824764,0.433514148,-0.383066982,0.189377025,-0.169027239,0.00470094243,-0.0828453228,0.445992023,-0.199799567,0.106546246,0.244290888,0.0317607559,0.0496878847,0.0829116553,0.181301013,-0.444349647,0.973792851,0.315301031,0.0149729261,0.124949314,0.0562023446,-0.24696888,0.345254123,1.07164931,-0.251865715,0.0196955577,-0.162681311
-0.177264303,-0.346721113,0.760025382,-0.0196395777,0.0677627772,-0.403324306,0.91233331,-0.0697724,0.075778611,0.173983991,0.443800271,-0.388247192,0.190633103,-0.165374726,0.0078004431,-0.0878018215,0.438361347,-0.197578311,0.105189823,0.245957673,0.0333781578,0.0439287499,0.0789800063,0.182589501,-0.446895748,0.973212957,0.314341873,0.01432868,0.125145927,0.0559538566,-0.248504788,0.344623446,1.07867479,-0.252108634,0.0195226017,-0.164832115
-0.178303391,-0.346446425,0.760515034,-0.019198209,0.0670416504,-0.384475827,0.920497179,-0.0717676058,0.075713627,0.176871568,0.442588329,-0.388522416,0.190843374,-0.15852876,0.00830592588,-0.0957492813,0.428293616,-0.195306435,0.10548164,0.241092414,0.0342414491,0.03996934,0.0760216936,0.182802156,-0.448152721,0.976345122,0.313173622,0.0143015552,0.125095278,0.0558088273,-0.248944953,0.343476444,1.08488238,-0.252223849,0.0193789285,-0.165359691
-0.179204613,-0.346154541,0.761514008,-0.0186201297,0.0661291704,-0.366150409,0.928016186,-0.0729196891,0.0753762871,0.178771973,0.437392026,-0.387097925,0.190691248,-0.150576204,0.00791252777,-0.104733169,0.417381406,-0.193016991,0.106344596,0.233963668,0.0348434225,0.0366335735,0.0734006688,0.182642028,-0.448962957,0.980763614,0.311932921,0.014488277,0.124958962,0.0556996502,-0.249005422,0.342150569,1.09080672,-0.252294779,0.0192454048,-0.165324777
-0.180105835,-0.345862657,0.762512922,-0.0180342644,0.0651899278,-0.347666442,0.9351753,-0.0740717798,0.0750389546,0.180672392,0.432195753,-0.385673463,0.190539122,-0.142623633,0.00751912966,-0.113717057,0.406469166,-0.190727562,0.107207559,0.226834908,0.0354453959,0.033297807,0.070779644,0.182481885,-0.449773222,0.985182166,0.310692221,0.0146749988,0.124822639,0.0555904731,-0.249065876,0.340824664,1.09673095,-0.252365708,0.019111881,-0.165289864
-0.181007057,-0.345570773,0.763511837,-0.0174412988,0.064225018,-0.329045683,0.941965938,-0.0752238631,0.0747016221,0.182572797,0.42699948,-0.384248972,0.190386981,-0.134671077,0.00712573109,-0.122700952,0.395556927,-0.188438132,0.108070523,0.219706163,0.0360473692,0.0299620386,0.0681586266,0.182321757,-0.450583458,0.989600658,0.30945152,0.0148617197,0.124686323,0.055481296,-0.249126345,0.339498758,1.10265529,-0.252436668,0.0189783555,-0.165254951
-0.181908295,-0.345278919,0.76451081,-0.0168419406,0.0632355735,-0.310310304,0.948380232,-0.0763759539,0.0743642896,0.184473217,0.421803176,-0.38282451,0.190234855,-0.126718506,0.00673233252,-0.13168484,0.384644687,-0.186148703,0.108933486,0.212577403,0.0366493464,0.0266262721,0.0655376017,0.182161614,-0.451393723,0.994019151,0.30821082,0.0150484415,0.12455,0.0553721189,-0.249186799,0.338172883,1.10857952,-0.252507597,0.0188448317,-0.165220037
-0.182689145,-0.345023364,0.765282571,-0.0162254497,0.0619327091,-0.293068349,0.953945518,-0.0815504789,0.0741549432,0.183735996,0.424319148,-0.382143289,0.189597592,-0.119161084,0.00627169851,-0.139683068,0.377049893,-0.185374454,0.108835071,0.205496922,0.0366099663,0.0252041183,0.0629418269,0.182948634,-0.450746775,0.997102439,0.306421936,0.0152966827,0.125171438,0.0556624979,-0.250153363,0.336425543,1.11350906,-0.251795501,0.0186155755,-0.165316463
-0.183170989,-0.34485811,0.765490055,-0.0155761503,0.0598918907,-0.279691964,0.958093286,-0.0967173353,0.0742635354,0.176446557,0.445993423,-0.383308381,0.187755182,-0.112585247,0.00564404204,-0.145232737,0.377696007,-0.188364148,0.106348462,0.198536351,0.0349773653,0.0285356585,0.0604087673,0.186088547,-0.446479946,0.99686873,0.303271264,0.0156977456,0.12767528,0.0569454432,-0.253370821,0.333631337,1.11596727,-0.249138251,0.0181485135,-0.165739208
-0.183652848,-0.344692856,0.765697539,-0.0149233444,0.0578378513,-0.266251653,0.962051034,-0.111884192,0.0743721202,0.169157103,0.467667729,-0.384473473,0.185912773,-0.106009401,0.00501638511,-0.150782421,0.378342122,-0.191353843,0.103861853,0.191575766,0.033344768,0.0318671986,0.0578757152,0.189228445,-0.442213118,0.99663502,0.300120592,0.0160988104,0.130179122,0.0582283884,-0.25658825,0.33083716,1.11842549,-0.246481001,0.0176814515,-0.16616194
-0.184134692,-0.344527602,0.765905082,-0.0142674232,0.0557718202,-0.252755433,0.965816081,-0.127051041,0.074480705,0.161867663,0.489342034,-0.385638595,0.184070364,-0.0994335636,0.00438872818,-0.156332105,0.378988266,-0.194343537,0.101375245,0.184615195,0.031712167,0.0351987407,0.0553426594,0.192368358,-0.43794629,0.99640137,0.29696995,0.0164998733,0.132682964,0.0595113337,-0.259805709,0.328042954,1.1208837,-0.243823752,0.0172143877,-0.166584671
-0.184616551,-0.344362348,0.766112566,-0.0136087835,0.0536950491,-0.239211455,0.969386101,-0.142217904,0.0745892972,0.154578209,0.511016309,-0.386803687,0.182227954,-0.0928577259,0.00376107171,-0.16188179,0.37963438,-0.197333232,0.0988886356,0.177654609,0.0300795678,0.038530279,0.0528096035,0.195508257,-0.433679432,0.99616766,0.293819278,0.016900938,0.135186806,0.0607942753,-0.263023168,0.325248748,1.12334192,-0.241166487,0.0167473257,-0.167007402
-0.185098395,-0.344197094,0.76632005,-0.0129478239,0.0516088009,-0.225627929,0.972759485,-0.157384753,0.0746978819,0.147288769,0.532690644,-0.387968808,0.180385545,-0.0862818807,0.00313341478,-0.167431474,0.380280495,-0.200322926,0.0964020193,0.170694038,0.0284469686,0.041861821,0.0502765477,0.19864817,-0.429412603,0.99593395,0.290668607,0.0173020028,0.137690648,0.0620772205,-0.266240597,0.322454542,1.12580025,-0.238509238,0.0162802618,-0.167430133
-0.185558766,-0.344069868,0.766358495,-0.0121537764,0.050144311,-0.21534133,0.975174785,-0.166395724,0.074354656,0.142654479,0.541748822,-0.387722373,0.179831356,-0.0828034058,0.0023866233,-0.17003946,0.383289009,-0.203252375,0.0962774381,0.164323151,0.0262944195,0.0463607013,0.0472283177,0.199354902,-0.427140743,0.996860206,0.288068056,0.0182722788,0.139319226,0.0639533326,-0.267154276,0.320137262,1.12979722,-0.236240461,0.0160987303,-0.166724473
-0.186014786,-0.343950361,0.766362667,-0.0113315927,0.0488019139,-0.205704525,0.977330863,-0.174158096,0.073919788,0.138558716,0.548248112,-0.387189627,0.179538444,-0.0799531639,0.00161566783,-0.172050789,0.386776716,-0.20616962,0.0966319442,0.158071876,0.0240364112,0.0510963537,0.0440755934,0.199568108,-0.425273508,0.998021722,0.285579056,0.0193580091,0.140770286,0.0659497529,-0.267600685,0.317916691,1.13410616,-0.234050483,0.0159751121,-0.165789932
-0.186470807,-0.343830854,0.766366839,-0.0105081266,0.0474543981,-0.196045414,0.979389489,-0.181920469,0.07348492,0.134462968,0.554747343,-0.38665691,0.179245517,-0.0771029145,0.000844712253,-0.174062103,0.390264392,-0.209086865,0.0969864503,0.1518206,0.0217784029,0.055832006,0.040922869,0.199781314,-0.423406273,0.999183238,0.283090085,0.0204437394,0.142221332,0.0679461807,-0.268047094,0.31569612,1.13841522,-0.231860504,0.0158514939,-0.164855391
-0.186926812,-0.343711346,0.766371012,-0.0096836267,0.046102155,-0.186366871,0.981350124,-0.189682841,0.0730500519,0.130367219,0.561246634,-0.386124164,0.178952605,-0.0742526725,7.37568844E-05,-0.176073432,0.393752068,-0.21200411,0.0973409563,0.145569324,0.0195203945,0.0605676584,0.0377701446,0.199994519,-0.421539038,1.00034475,0.280601114,0.0215294696,0.143672392,0.069942601,-0.268493474,0.313475579,1.14272428,-0.229670525,0.0157278758,-0.16392085
-0.187382832,-0.343591809,0.766375124,-0.00885834079,0.0447456092,-0.176671878,0.983212292,-0.197445214,0.0726151839,0.126271471,0.567745924,-0.385591447,0.178659692,-0.0714024231,-0.000697198731,-0.178084761,0.397239774,-0.214921355,0.0976954624,0.139318049,0.0172623862,0.0653033108,0.0346174203,0.20020774,-0.419671804,1.00150621,0.278112113,0.0226151999,0.145123452,0.0719390213,-0.268939883,0.311255008,1.14703333,-0.227480546,0.0156042576,-0.162986308
-0.187693939,-0.343473047,0.766398251,-0.00812724419,0.0436318554,-0.168197259,0.984753728,-0.200487271,0.0717831925,0.122966811,0.568816602,-0.385336637,0.178771704,-0.0689274818,-0.00143960165,-0.180055097,0.39980939,-0.217181385,0.098256655,0.132859901,0.0155127924,0.0687854216,0.0318137556,0.199809626,-0.418747634,1.00436378,0.276641876,0.023758037,0.145490587,0.0732598826,-0.268978536,0.309275299,1.15181279,-0.22559078,0.0156371947,-0.16155
-0.187764287,-0.343355447,0.766452909,-0.00755309546,0.0429254398,-0.161763355,0.985866606,-0.195686713,0.0702914,0.120976537,0.560867965,-0.385543585,0.179556474,-0.0670760795,-0.0021345655,-0.181957334,0.400853723,-0.218349487,0.0991612673,0.126058027,0.0146079101,0.0701848194,0.0295900479,0.198395833,-0.419390351,1.01003897,0.276864171,0.0249957554,0.144056842,0.0734583139,-0.268339753,0.307695806,1.15737379,-0.224199802,0.0159302428,-0.159280017
-0.18783465,-0.343237877,0.766507566,-0.00697855093,0.0422170796,-0.155321658,0.986936808,-0.19088614,0.0687996075,0.118986264,0.552919269,-0.385750562,0.180341229,-0.0652246699,-0.00282952958,-0.183859587,0.401898026,-0.219517604,0.100065872,0.119256161,0.0137030277,0.0715842247,0.0273663383,0.196982041,-0.420033067,1.01571429,0.277086467,0.0262334719,0.142623097,0.0736567453,-0.26770097,0.306116283,1.16293478,-0.222808838,0.0162232909,-0.157010019
-0.187904999,-0.343120277,0.766562223,-0.00640368555,0.0415068604,-0.148873016,0.987964094,-0.186085567,0.0673078224,0.116995983,0.544970572,-0.385957509,0.181125998,-0.0633732677,-0.00352449343,-0.185761824,0.40294233,-0.220685706,0.100970477,0.112454295,0.0127981463,0.0729836226,0.0251426306,0.195568249,-0.420675784,1.02138948,0.277308762,0.0274711903,0.141189352,0.0738551766,-0.267062187,0.30453676,1.16849589,-0.221417874,0.0165163372,-0.154740036
-0.187975347,-0.343002707,0.766616881,-0.00582857383,0.0407948717,-0.14241825,0.988948345,-0.181285009,0.0658160299,0.115005709,0.537021875,-0.386164457,0.181910768,-0.0615218692,-0.00421945751,-0.187664062,0.403986663,-0.221853822,0.101875082,0.105652429,0.011893264,0.0743830204,0.022918921,0.194154456,-0.421318501,1.02706468,0.277531087,0.0287089087,0.139755607,0.0740536079,-0.266423404,0.302957267,1.17405689,-0.220026895,0.0168093853,-0.152470037
-0.18804571,-0.342885107,0.766671538,-0.00525329122,0.0400812179,-0.135958239,0.989889503,-0.176484436,0.0643242374,0.113015436,0.529073179,-0.386371404,0.182695538,-0.0596704632,-0.00491442159,-0.189566299,0.405030966,-0.223021924,0.102779686,0.0988505557,0.0109883817,0.0757824257,0.0206952114,0.192740649,-0.421961218,1.03274,0.277753383,0.0299466252,0.138321847,0.0742520392,-0.265784621,0.301377743,1.17961788,-0.218635932,0.0171024334,-0.150200054
-0.187789321,-0.34310776,0.766623318,-0.00548841525,0.039444346,-0.134272397,0.990143955,-0.180466786,0.0659046397,0.108009793,0.53433907,-0.385710657,0.179931089,-0.0560090207,-0.00306831906,-0.190390304,0.402974278,-0.222900957,0.101118878,0.095750764,0.0113209663,0.0771124363,0.0203917548,0.192366913,-0.420055538,1.03757977,0.276030838,0.030865889,0.138305366,0.0726324841,-0.265494913,0.30168727,1.18112111,-0.216406032,0.016888259,-0.149533868
-0.187504545,-0.343359947,0.766566217,-0.00579391699,0.0388141274,-0.133001089,0.990338743,-0.185211897,0.0677518547,0.102742285,0.540752649,-0.384974539,0.17685841,-0.0521903783,-0.00100153324,-0.191120669,0.400648296,-0.222668022,0.0992352664,0.0929724798,0.0117610199,0.0784364268,0.0202550646,0.192083493,-0.417928547,1.04234695,0.274139374,0.0317574963,0.138411969,0.0708550513,-0.265235543,0.302160829,1.18227184,-0.214103267,0.016630033,-0.149006978
-0.187219784,-0.343612134,0.766509116,-0.00609940663,0.0381838195,-0.131729499,0.990531325,-0.189957023,0.0695990622,0.0974747762,0.547166169,-0.384238422,0.173785746,-0.048371736,0.001065252,-0.19185102,0.398322314,-0.222435087,0.0973516554,0.0901941881,0.0122010736,0.0797604173,0.0201183744,0.191800073,-0.415801585,1.04711425,0.27224794,0.0326490998,0.138518572,0.069077611,-0.264976144,0.302634388,1.18342268,-0.211800516,0.0163718071,-0.148480088
-0.186935022,-0.343864322,0.766452014,-0.00640488323,0.0375534333,-0.13045761,0.990721822,-0.194702134,0.0714462698,0.0922072679,0.553579688,-0.383502305,0.170713067,-0.0445530936,0.00313203782,-0.192581385,0.395996302,-0.222202167,0.0954680443,0.0874159038,0.0126411272,0.0810844153,0.0199816842,0.191516653,-0.413674593,1.05188143,0.270356476,0.0335407071,0.138625175,0.0673001781,-0.264716774,0.303107977,1.18457341,-0.20949775,0.0161135811,-0.147953197
-0.186650246,-0.344116509,0.766394913,-0.00671034399,0.0369229689,-0.129185468,0.990910113,-0.199447259,0.0732934847,0.0869397521,0.559993207,-0.382766187,0.167640388,-0.0407344513,0.00519882375,-0.193311751,0.393670321,-0.221969232,0.0935844332,0.0846376196,0.0130811809,0.0824084058,0.0198449939,0.191233233,-0.411547601,1.05664861,0.268465012,0.0344323143,0.138731778,0.0655227378,-0.264457375,0.303581536,1.18572414,-0.207194984,0.0158553552,-0.147426307
-0.186080903,-0.344488233,0.766345501,-0.00665408559,0.0362343378,-0.130680948,0.990739822,-0.202561677,0.074123852,0.0787938386,0.562046587,-0.381087124,0.164513454,-0.0374718569,0.00753669487,-0.188971624,0.391520619,-0.222416595,0.093637228,0.0795665383,0.0124928895,0.0835001916,0.0202413611,0.190957755,-0.411937207,1.05845928,0.268362731,0.0346154235,0.138260752,0.0643720776,-0.26353848,0.30640927,1.18281591,-0.206803471,0.014840072,-0.146284014
-0.185183406,-0.344997764,0.76630497,-0.00618060958,0.0354780406,-0.135366052,0.990141034,-0.203795776,0.0737817287,0.067328915,0.559072316,-0.378320783,0.161323965,-0.0348504186,0.0101871472,-0.178784877,0.38957423,-0.223648354,0.0959228426,0.0718516856,0.010718842,0.0843242407,0.0212523844,0.190691426,-0.415228665,1.05686092,0.270323485,0.0339815915,0.137123674,0.0639441386,-0.261859059,0.311951578,1.1752274,-0.20861578,0.0129518472,-0.144432127
-0.184285909,-0.345507324,0.766264439,-0.00570696313,0.0347208753,-0.140048295,0.989519358,-0.20502989,0.073439613,0.0558639951,0.556098104,-0.375554472,0.15813446,-0.0322289839,0.0128376,-0.16859813,0.38762784,-0.224880114,0.0982084647,0.0641368404,0.00894479454,0.0851482898,0.0222634058,0.190425113,-0.418520123,1.05526245,0.27228424,0.0333477594,0.135986596,0.0635161921,-0.260179669,0.317493856,1.1676389,-0.210428074,0.0110636223,-0.142580226
-0.183388412,-0.346016854,0.766223848,-0.00523317838,0.0339629054,-0.144727364,0.988874733,-0.206264004,0.0730974898,0.0443990752,0.553123832,-0.372788131,0.154944971,-0.0296075456,0.0154880518,-0.158411384,0.385681421,-0.226111859,0.100494079,0.0564219952,0.00717074703,0.0859723389,0.0232744273,0.190158784,-0.421811581,1.05366409,0.274245024,0.0327139236,0.134849533,0.0630882531,-0.258500278,0.323036134,1.16005039,-0.212240383,0.00917539746,-0.14072834
-0.182490915,-0.346526384,0.766183317,-0.00475928932,0.0332041718,-0.149402916,0.988207281,-0.207498103,0.072755374,0.0329341516,0.55014962,-0.37002179,0.151755467,-0.0269861072,0.0181385055,-0.148224637,0.383735031,-0.227343619,0.102779694,0.0487071462,0.00539669953,0.086796388,0.0242854506,0.189892456,-0.425103009,1.05206561,0.276205778,0.0320800915,0.133712456,0.0626603067,-0.256820887,0.328578442,1.15246177,-0.214052677,0.0072871726,-0.138876453
-0.181590483,-0.347033709,0.766146898,-0.00428079627,0.0324482545,-0.154130712,0.987508297,-0.208673149,0.0723865256,0.0214681793,0.547109604,-0.367264241,0.148582757,-0.024407886,0.0207806379,-0.137990072,0.381801546,-0.228549376,0.105077274,0.0409391597,0.00361355743,0.0876042619,0.0252826307,0.189635694,-0.428444564,1.05043232,0.278189898,0.0314355977,0.132556945,0.0622217469,-0.255158931,0.334114254,1.14482939,-0.215867162,0.00539339334,-0.137027636
-0.180359587,-0.347289145,0.766576231,-0.0032919622,0.0320860595,-0.165154308,0.985740185,-0.203204155,0.0690111965,0.00988385361,0.536673009,-0.365496844,0.147297442,-0.0266905669,0.0224871226,-0.122377358,0.381321639,-0.226829693,0.108720608,0.0271940362,0.000807398697,0.0865928531,0.0247228704,0.190454051,-0.43742159,1.04487455,0.282802612,0.0295919292,0.129327998,0.0605886132,-0.255459338,0.338923365,1.13226032,-0.217926681,0.00287485332,-0.135525212
-0.179128692,-0.347544611,0.767005563,-0.00230228622,0.031719666,-0.176161915,0.98384738,-0.197735175,0.0656358674,-0.0017004715,0.526236475,-0.363729417,0.146012127,-0.0289732497,0.0241936054,-0.106764637,0.380841702,-0.225110024,0.112363935,0.0134489108,-0.00199876027,0.0855814442,0.0241631102,0.191272408,-0.446398646,1.03931665,0.287415296,0.0277482606,0.126099035,0.0589554794,-0.255759776,0.343732506,1.11969125,-0.2199862,0.000356313074,-0.134022772
-0.177897781,-0.347800076,0.767434835,-0.00131214107,0.0313492194,-0.187149331,0.981830239,-0.192266196,0.0622605421,-0.0132847959,0.51579988,-0.361961991,0.144726813,-0.0312559307,0.0259000883,-0.0911519229,0.380361795,-0.223390341,0.116007268,-0.000296212645,-0.00480491901,0.0845700428,0.0236033518,0.192090765,-0.455375671,1.03375888,0.29202801,0.0259045921,0.12287008,0.0573223494,-0.256060183,0.348541617,1.10712218,-0.222045735,-0.00216222694,-0.132520348
-0.176666886,-0.348055542,0.767864168,-0.000321900705,0.0309748501,-0.198112398,0.979689658,-0.186797202,0.0588852167,-0.0248691216,0.505363345,-0.360194564,0.143441498,-0.0335386097,0.027606573,-0.0755392015,0.379881859,-0.221670657,0.119650602,-0.0140413381,-0.00761107774,0.0835586339,0.0230435915,0.192909122,-0.464352697,1.0282011,0.296640724,0.0240609236,0.119641118,0.0556892157,-0.25636059,0.353350729,1.09455299,-0.224105254,-0.00468076766,-0.131017908
-0.17543599,-0.348311007,0.7682935,0.000668060617,0.0305967014,-0.209047019,0.977426529,-0.181328222,0.0555098876,-0.0364534445,0.494926751,-0.358427137,0.142156199,-0.0358212925,0.0293130558,-0.0599264912,0.379401952,-0.219950989,0.123293929,-0.0277864598,-0.010417236,0.0825472251,0.0224838313,0.193727478,-0.473329723,1.02264321,0.301253408,0.0222172569,0.116412163,0.0540560819,-0.256661028,0.35815987,1.08198392,-0.226164773,-0.00719930697,-0.129515469
-0.174129516,-0.348431677,0.768598795,0.00160775613,0.0306628477,-0.223733649,0.974166512,-0.17591624,0.0518948995,-0.0416320674,0.484134257,-0.356132478,0.142177224,-0.0391100384,0.0298198517,-0.0531215854,0.381544322,-0.218030468,0.125208855,-0.0417381898,-0.0127434935,0.0809975117,0.0226497445,0.194201514,-0.481421202,1.01955044,0.305438936,0.0209969953,0.11349725,0.0513027869,-0.256307423,0.362597138,1.07068622,-0.227343887,-0.00936684478,-0.128693789
-0.172762007,-0.348443508,0.768803895,0.00250768149,0.0310825314,-0.241429791,0.969917178,-0.170550331,0.0480863228,-0.0416364372,0.47305429,-0.353411913,0.143253446,-0.0432114452,0.0293575916,-0.0534312539,0.385804921,-0.215947732,0.125727639,-0.0558568016,-0.0146821067,0.0790129676,0.0234018229,0.19439742,-0.488797367,1.01844883,0.309279412,0.0202802941,0.110836014,0.0476446748,-0.255425572,0.366734087,1.06041551,-0.227811828,-0.0112508582,-0.128422007
-0.171394482,-0.34845531,0.769009054,0.00340747647,0.0314922035,-0.259059429,0.965341806,-0.165184408,0.0442777462,-0.0416408107,0.461974293,-0.350691378,0.144329682,-0.047312852,0.0288953297,-0.0537409224,0.390065491,-0.213864997,0.126246423,-0.0699754134,-0.0166207198,0.0770284235,0.0241539013,0.19459334,-0.496173531,1.01734722,0.313119888,0.019563593,0.108174779,0.0439865626,-0.254543692,0.370871067,1.05014479,-0.228279769,-0.0131348716,-0.12815021
-0.170026973,-0.348467112,0.769214213,0.00430624234,0.0318914503,-0.27660495,0.960444808,-0.159818485,0.0404691659,-0.0416451804,0.450894326,-0.347970843,0.145405903,-0.0514142588,0.0284330696,-0.0540505908,0.394326091,-0.211782262,0.126765206,-0.0840940326,-0.0185593329,0.0750438794,0.0249059815,0.194789246,-0.503549695,1.0162456,0.316960365,0.01884689,0.105513543,0.0403284468,-0.253661841,0.375008017,1.03987396,-0.228747725,-0.015018885,-0.127878428
-0.168659464,-0.348478913,0.769419312,0.00520308176,0.032279864,-0.294048816,0.955230951,-0.154452577,0.0366605893,-0.0416495502,0.439814329,-0.345250279,0.14648214,-0.0555156618,0.0279708095,-0.0543602593,0.39858669,-0.209699526,0.12728399,-0.098212637,-0.0204979461,0.0730593354,0.0256580599,0.194985166,-0.510925889,1.01514399,0.320800841,0.0181301888,0.102852307,0.0366703346,-0.252779961,0.379144967,1.02960324,-0.229215667,-0.0169028975,-0.127606645
-0.167259529,-0.348470449,0.769424856,0.00618775608,0.0327216461,-0.311769903,0.949573874,-0.149498478,0.0326048173,-0.0416616499,0.429353744,-0.34278208,0.147769347,-0.0614156127,0.0267026816,-0.0551969893,0.406727701,-0.208339721,0.127977327,-0.112092793,-0.0222744159,0.0713800117,0.0263787899,0.195315614,-0.517803192,1.01440847,0.324480534,0.0175695214,0.100366563,0.0325714499,-0.25211677,0.383158386,1.01975811,-0.229700238,-0.0186497141,-0.127559051
-0.165559605,-0.348274142,0.767583311,0.00801018253,0.0337476172,-0.333034933,0.942276299,-0.148354992,0.026261704,-0.0417452455,0.424624652,-0.342648894,0.151008815,-0.0839576945,0.0179777741,-0.0609106533,0.450774699,-0.2136693,0.13028577,-0.12376646,-0.0225505624,0.0725248903,0.0268094391,0.196890965,-0.520064294,1.01706064,0.326672643,0.0184526481,0.099504672,0.0243940745,-0.253476858,0.386028767,1.01385128,-0.230338603,-0.0191270281,-0.129586041
-0.163859695,-0.348077834,0.765741825,0.00983155426,0.0347580574,-0.354165196,0.934484959,-0.147211507,0.0199185908,-0.041828841,0.41989553,-0.342515677,0.154248282,-0.106499776,0.00925286766,-0.066624321,0.494821697,-0.218998879,0.132594213,-0.135440126,-0.0228267089,0.0736697763,0.0272400901,0.198466316,-0.522325397,1.01971281,0.328864783,0.0193357728,0.0986427814,0.0162166972,-0.254836917,0.388899177,1.00794435,-0.230976954,-0.0196043421,-0.131613031
-0.162159771,-0.347881526,0.76390028,0.0116490694,0.0357513502,-0.375127763,0.926210165,-0.146068037,0.0135754757,-0.0419124365,0.415166408,-0.342382491,0.15748775,-0.129041865,0.000527959666,-0.072337985,0.538868666,-0.224328458,0.134902656,-0.147113785,-0.0231028534,0.0748146549,0.0276707411,0.200041667,-0.524586439,1.02236497,0.331056893,0.0202188995,0.0977808833,0.00803931989,-0.256197006,0.391769558,1.00203741,-0.231615305,-0.0200816561,-0.133640006
-0.160459846,-0.347685218,0.762058794,0.0134599311,0.0367259644,-0.395890385,0.917464316,-0.144924551,0.00723236427,-0.0419960357,0.410437286,-0.342249304,0.160727218,-0.15158394,-0.0081969453,-0.078051649,0.582915664,-0.229658037,0.137211099,-0.158787444,-0.0233789999,0.0759595335,0.0281013902,0.201617032,-0.526847541,1.02501714,0.333249032,0.0211020242,0.0969189927,-0.000138055329,-0.257557064,0.394639939,0.996130526,-0.232253671,-0.02055897,-0.135666996
-0.158759937,-0.34748891,0.760217249,0.0152613847,0.0376804583,-0.416421771,0.908262193,-0.143781066,0.000889249961,-0.0420796312,0.405708164,-0.342116117,0.163966686,-0.174126029,-0.0169218536,-0.083765313,0.626962662,-0.234987617,0.139519542,-0.170461103,-0.0236551464,0.0771044195,0.0285320412,0.203192383,-0.529108644,1.02766931,0.335441142,0.0219851509,0.0960571021,-0.00831543282,-0.258917153,0.39751035,0.990223587,-0.232892022,-0.021036284,-0.137693986
-0.15681012,-0.347169161,0.759505272,0.0171647854,0.0390248559,-0.437602818,0.89815712,-0.143768683,-0.0047327131,-0.0438904986,0.402102828,-0.341843873,0.166234747,-0.206624761,-0.0290680062,-0.0889994651,0.681558073,-0.240233704,0.142549723,-0.181512833,-0.0200699177,0.0791130662,0.0307054892,0.204037428,-0.528505385,1.03102243,0.336494416,0.0236699637,0.0965230614,-0.0150263598,-0.26092881,0.397839218,0.986662209,-0.234594598,-0.0206262954,-0.140928581
-0.154720873,-0.346780539,0.759423554,0.0191247948,0.0405789316,-0.459072471,0.887265563,-0.144387335,-0.00995234866,-0.0466650054,0.399124473,-0.341494054,0.167960867,-0.244678304,-0.0431228653,-0.0939661041,0.742038369,-0.245433226,0.145982563,-0.192217588,-0.0143304374,0.0816036016,0.0338512398,0.20447503,-0.526304185,1.03476667,0.336912364,0.0258020349,0.0977298394,-0.0209191591,-0.263303965,0.396750212,0.984409451,-0.236890882,-0.0197212826,-0.144836918
-0.152631626,-0.346391916,0.759341776,0.0210760776,0.0421111695,-0.480299979,0.875839233,-0.145005986,-0.0151719842,-0.0494395159,0.396146148,-0.341144264,0.169686988,-0.282731831,-0.0571777225,-0.0989327356,0.802518666,-0.250632763,0.149415419,-0.202922344,-0.00859095901,0.0840941444,0.0369969867,0.204912648,-0.524102926,1.03851092,0.337330282,0.0279341061,0.0989366099,-0.0268119574,-0.265679121,0.395661175,0.982156634,-0.239187181,-0.0188162681,-0.148745239
-0.150542378,-0.346003324,0.759259999,0.0230151806,0.0436188318,-0.501247525,0.863897324,-0.145624638,-0.0203916207,-0.0522140227,0.393167794,-0.340794474,0.171413094,-0.320785344,-0.0712325796,-0.103899375,0.862998962,-0.255832285,0.152848259,-0.2136271,-0.00285147969,0.0865846872,0.0401427373,0.205350265,-0.521901667,1.04225516,0.3377482,0.0300661772,0.100143388,-0.0327047557,-0.268054277,0.394572169,0.979903817,-0.24148348,-0.0179112554,-0.152653575
-0.148453131,-0.345614702,0.759178221,0.0249387026,0.0450992882,-0.521878719,0.85146153,-0.146243304,-0.0256112572,-0.0549885333,0.390189439,-0.340444654,0.173139215,-0.358838886,-0.0852874443,-0.108866006,0.923479319,-0.261031806,0.156281099,-0.224331856,0.00288800034,0.0890752226,0.0432884879,0.205787867,-0.519700408,1.04599941,0.338166147,0.0321982503,0.101350166,-0.0385975577,-0.270429432,0.393483162,0.977651,-0.243779778,-0.0170062426,-0.156561896
-0.146569252,-0.345290601,0.759142876,0.0267545227,0.0462488532,-0.542119205,0.838601232,-0.145095333,-0.0302139036,-0.0562826917,0.385761499,-0.339845091,0.174414858,-0.390766054,-0.0980642065,-0.113905996,0.971770704,-0.265132695,0.159034103,-0.233253464,0.0085762674,0.0913260579,0.0463222861,0.205758005,-0.516977549,1.04868555,0.338074327,0.0339381583,0.102489151,-0.0432434678,-0.272088915,0.391848445,0.975953996,-0.245432749,-0.0160475746,-0.160245493
-0.145582631,-0.345248342,0.759310186,0.0281668622,0.0460539088,-0.561882854,0.825453341,-0.136228815,-0.0321208537,-0.0511090346,0.375000268,-0.338154286,0.173722342,-0.395926535,-0.105256811,-0.119266488,0.966807544,-0.264433652,0.158816785,-0.234384313,0.0140407868,0.0925295725,0.0488669612,0.203685656,-0.511975467,1.0467484,0.335755348,0.0339646637,0.103331953,-0.0424415953,-0.270621479,0.387829542,0.976685286,-0.244274959,-0.014854488,-0.162947178
-0.14459601,-0.345206082,0.759477496,0.0295657031,0.0458325148,-0.581362665,0.811814427,-0.127362296,-0.0340278037,-0.0459353738,0.364239037,-0.336463481,0.173029825,-0.401086986,-0.112449422,-0.124626979,0.961844385,-0.263734609,0.158599451,-0.235515147,0.0195053052,0.0937330946,0.0514116362,0.201613322,-0.506973445,1.04481125,0.3334364,0.0339911655,0.104174756,-0.0416397192,-0.269154012,0.38381061,0.977416575,-0.243117169,-0.0136614013,-0.165648863
-0.14360939,-0.345163792,0.759644806,0.030948611,0.0455849469,-0.600524187,0.797706068,-0.118495785,-0.0359347574,-0.0407617167,0.353477776,-0.334772646,0.172337294,-0.406247467,-0.119642034,-0.129987478,0.956881225,-0.263035566,0.158382133,-0.236645982,0.0249698255,0.0949366167,0.0539563112,0.199540973,-0.501971364,1.04287422,0.331117451,0.0340176709,0.105017558,-0.0408378467,-0.267686576,0.379791707,0.978147805,-0.241959393,-0.0124683138,-0.168350548
-0.142622769,-0.345121533,0.759812176,0.0323132277,0.0453116335,-0.619334698,0.783152103,-0.109629266,-0.0378417075,-0.0355880596,0.342716545,-0.333081841,0.171644777,-0.411407918,-0.126834646,-0.135347962,0.951918066,-0.262336522,0.158164814,-0.237776831,0.030434344,0.0961401388,0.0565009862,0.197468624,-0.496969312,1.04093707,0.328798503,0.0340441763,0.105860367,-0.0400359705,-0.266219109,0.375772804,0.978879094,-0.240801603,-0.0112752263,-0.171052232
-0.141636148,-0.345079273,0.759979486,0.0336572938,0.0450131074,-0.637763619,0.768178821,-0.100762747,-0.0397486575,-0.0304144025,0.331955284,-0.331391037,0.17095226,-0.416568369,-0.134027258,-0.140708461,0.946954906,-0.261637479,0.157947496,-0.238907665,0.0358988643,0.0973436534,0.0590456612,0.195396289,-0.491967261,1.03899992,0.326479554,0.0340706781,0.10670317,-0.039234098,-0.264751673,0.371753901,0.979610384,-0.239643812,-0.0100821396,-0.173753932
-0.142417908,-0.34567076,0.760208964,0.0343841724,0.0447141826,-0.654376149,0.754062414,-0.0927568376,-0.0381261259,-0.0240618922,0.328735828,-0.329068989,0.169266209,-0.410009682,-0.133430645,-0.142473415,0.925574899,-0.257173002,0.155514717,-0.23116079,0.0413145348,0.0975416079,0.0620029084,0.193895429,-0.488072127,1.03410554,0.324229181,0.0332723819,0.107336454,-0.0363589935,-0.264345109,0.369112194,0.978098989,-0.238517225,-0.0093373172,-0.174958915
-0.143851712,-0.346495897,0.76046139,0.0348761156,0.0444031879,-0.670183957,0.740044177,-0.0850682482,-0.0352022015,-0.0172747169,0.328297168,-0.326514214,0.167213827,-0.399129868,-0.129962012,-0.142912626,0.898141682,-0.251320183,0.152265057,-0.220140517,0.0467121974,0.0973687842,0.0651122779,0.192605287,-0.484585136,1.02812064,0.32200411,0.0321699604,0.107892491,-0.0327194519,-0.264329702,0.366978288,0.975760698,-0.237402126,-0.00875777844,-0.175612047
-0.145285502,-0.347321063,0.760713756,0.0353529043,0.0440720581,-0.685706079,0.725682378,-0.0773796663,-0.0322782807,-0.0104875425,0.327858478,-0.32395944,0.165161461,-0.388250083,-0.126493379,-0.143351853,0.870708466,-0.245467335,0.149015397,-0.209120244,0.0521098599,0.0971959606,0.068221651,0.191315129,-0.481098145,1.02213562,0.319779038,0.0310675409,0.10844852,-0.0290799122,-0.264314324,0.364844382,0.973422468,-0.236287028,-0.00817823969,-0.17626518
-0.146719307,-0.3481462,0.760966182,0.0358138643,0.043721199,-0.700921297,0.710995853,-0.0696910769,-0.0293543581,-0.00370036671,0.327419817,-0.321404666,0.163109079,-0.377370268,-0.123024739,-0.143791065,0.843275249,-0.239614487,0.145765737,-0.198099986,0.0575075224,0.0970231369,0.0713310167,0.190024987,-0.477611154,1.01615071,0.317553967,0.0299651213,0.109004557,-0.0254403707,-0.264298916,0.362710476,0.971084177,-0.235171944,-0.0075987014,-0.176918313
-0.148153111,-0.348971367,0.761218607,0.0362584107,0.043351125,-0.715809584,0.696004808,-0.0620024949,-0.0264304373,0.00308680697,0.326981157,-0.318849891,0.161056697,-0.366490483,-0.119556107,-0.144230276,0.815842032,-0.233761653,0.142516077,-0.187079713,0.0629051849,0.0968503132,0.0744403899,0.188734844,-0.474124163,1.01016581,0.315328896,0.0288627017,0.109560587,-0.0218008291,-0.264283508,0.36057657,0.968745887,-0.234056845,-0.00701916264,-0.177571431
-0.15017578,-0.349921137,0.761443794,0.0368125699,0.0429120548,-0.729250431,0.681907058,-0.0557697788,-0.0227244962,0.00893652253,0.328047872,-0.315963507,0.158434376,-0.355011076,-0.115439758,-0.142097831,0.788943708,-0.228223547,0.139457941,-0.175086886,0.0673652589,0.0961828008,0.0770862848,0.187162369,-0.471100062,1.00432467,0.312950909,0.0279206596,0.110605605,-0.017596323,-0.264112145,0.358975261,0.966641247,-0.233168691,-0.00626076153,-0.178167745
-0.153751135,-0.351199597,0.761597395,0.0376892984,0.0423268974,-0.73955518,0.670705676,-0.0533758588,-0.016956551,0.0123143718,0.333083898,-0.312202722,0.154309228,-0.341950744,-0.109615549,-0.133184522,0.76345557,-0.223515347,0.136904806,-0.160529643,0.069353126,0.0942109153,0.0785100833,0.184845462,-0.469296604,0.998862743,0.310169637,0.0274015013,0.112939946,-0.0119021395,-0.26352945,0.358778298,0.965152621,-0.232878938,-0.00503074052,-0.178614214
-0.157326505,-0.352478027,0.761750937,0.0385578424,0.0417314842,-0.749694645,0.659340382,-0.0509819426,-0.0111886058,0.015692221,0.338119924,-0.308441937,0.15018408,-0.328890383,-0.103791341,-0.124271199,0.737967432,-0.218807161,0.134351656,-0.145972416,0.0713409856,0.0922390372,0.0799338892,0.182528555,-0.467493147,0.993400753,0.307388365,0.026882343,0.11527428,-0.00620795507,-0.262946755,0.358581334,0.963664055,-0.232589185,-0.00380071951,-0.179060683
-0.160901874,-0.353756458,0.761904538,0.0394175798,0.041126214,-0.759661376,0.647819102,-0.0485880226,-0.00542065967,0.0190700721,0.34315598,-0.304681152,0.146058947,-0.315830022,-0.0979671329,-0.115357876,0.712479353,-0.21409896,0.131798521,-0.131415173,0.0733288527,0.0902671516,0.0813576952,0.180211648,-0.465689689,0.987938762,0.304607093,0.0263631828,0.117608622,-0.000513770035,-0.26236406,0.358384371,0.962175429,-0.232299432,-0.00257069827,-0.179507151
-0.164477229,-0.355034888,0.762058079,0.0402678996,0.0405115075,-0.769448459,0.636149526,-0.0461941026,0.000347284105,0.0224479213,0.348192006,-0.300920367,0.141933799,-0.302769691,-0.0921429321,-0.10644456,0.686991215,-0.209390759,0.129245371,-0.116857938,0.0753167197,0.088295266,0.0827815011,0.177894756,-0.463886231,0.982476771,0.301825851,0.0258440245,0.119942963,0.00518041337,-0.261781365,0.358187407,0.960686862,-0.232009664,-0.00134067761,-0.17995362
-0.168052599,-0.356313348,0.76221168,0.0411082432,0.0398878194,-0.779049456,0.624340475,-0.0438001826,0.0061152298,0.0258257706,0.353228033,-0.297159582,0.137808651,-0.28970933,-0.0863187239,-0.0975312367,0.661503077,-0.204682559,0.126692235,-0.102300704,0.0773045868,0.0863233879,0.0842053071,0.175577849,-0.462082773,0.97701478,0.299044579,0.0253248662,0.122277305,0.0108745983,-0.26119864,0.357990444,0.959198236,-0.231719911,-0.000110656489,-0.180400103
-0.17163679,-0.357255995,0.762643039,0.0419777445,0.0389171466,-0.784214318,0.617843986,-0.0509674475,0.0122403428,0.0250574481,0.363349766,-0.294004679,0.133616909,-0.281572044,-0.0826820433,-0.0871586129,0.64793396,-0.203931868,0.124928862,-0.0918639153,0.0769705027,0.0896426961,0.0775912702,0.175112203,-0.462448806,0.975248694,0.296429336,0.0262512881,0.126665354,0.00993506145,-0.261322111,0.358906448,0.96385175,-0.231353447,0.00241524191,-0.182914883
-0.175222933,-0.358124614,0.763135672,0.0428533554,0.0378692336,-0.788392425,0.612508655,-0.0602430552,0.018444214,0.0233748481,0.37459296,-0.290983349,0.12941049,-0.274520338,-0.0795277432,-0.0764641911,0.636993051,-0.204053849,0.123339638,-0.0823357329,0.0761243999,0.0941287801,0.0692047998,0.175054789,-0.463293195,0.974297523,0.29385072,0.0274964757,0.131506264,0.00753271766,-0.261601239,0.360067874,0.96985966,-0.23097007,0.00522689475,-0.185885742
-0.178809077,-0.358993262,0.763628304,0.0437269919,0.036819417,-0.792533219,0.607143641,-0.069518663,0.0246480871,0.0216922499,0.385836184,-0.287962049,0.125204057,-0.267468661,-0.076373443,-0.0657697693,0.626052141,-0.20417583,0.121750414,-0.072807543,0.0752783045,0.0986148566,0.0608183332,0.174997374,-0.464137614,0.973346412,0.291272074,0.0287416652,0.136347175,0.00513037341,-0.261880398,0.3612293,0.975867569,-0.230586678,0.00803854875,-0.188856602
-0.18239522,-0.359861881,0.764120996,0.0445985273,0.035767857,-0.796636105,0.601749659,-0.0787942708,0.0308519583,0.0200096518,0.397079378,-0.284940749,0.12099763,-0.260416955,-0.0732191429,-0.0550753474,0.615111232,-0.204297796,0.120161191,-0.0632793605,0.0744322091,0.103100933,0.0524318665,0.174939975,-0.464982003,0.972395241,0.288693458,0.0299868528,0.141188085,0.00272802985,-0.262159556,0.362390727,0.981875479,-0.230203301,0.0108502014,-0.191827461
-0.185981363,-0.360730499,0.764613628,0.0454678424,0.0347146913,-0.800700486,0.596327424,-0.088069886,0.0370558314,0.0183270518,0.408322573,-0.28191942,0.116791211,-0.253365278,-0.0700648427,-0.0443809256,0.604170322,-0.204419777,0.118571967,-0.0537511744,0.0735861063,0.107587017,0.0440453961,0.174882561,-0.465826422,0.97144413,0.286114812,0.0312320404,0.14602901,0.000325685483,-0.262438715,0.363552153,0.987883329,-0.229819909,0.0136618549,-0.194798321
-0.189113557,-0.361525804,0.764712453,0.0463499762,0.0338797309,-0.80338645,0.592683911,-0.103449374,0.0424875841,0.0171156079,0.42380482,-0.280332983,0.113891676,-0.251690835,-0.0676337481,-0.0344869085,0.599664152,-0.206286013,0.116732799,-0.0460784473,0.0725707188,0.118371643,0.0287147928,0.176065251,-0.468747705,0.971901715,0.283595264,0.0329528153,0.151753619,-0.00992041361,-0.264037877,0.366933048,0.994360983,-0.228889599,0.0162787773,-0.198765039
-0.191451505,-0.362192899,0.764122367,0.0472578332,0.0334286094,-0.803715646,0.59219116,-0.129508227,0.0465684347,0.016728498,0.446703732,-0.281256974,0.113278687,-0.259424508,-0.0664679855,-0.0259932727,0.606416225,-0.211204007,0.114456311,-0.0416520387,0.0712591335,0.140176222,0.00123470253,0.179417655,-0.475302726,0.974824131,0.281179011,0.0355056785,0.159024328,-0.0338899791,-0.267946512,0.374197125,1.00166047,-0.227002397,0.0185550004,-0.204474136
-0.193789452,-0.362859964,0.763532281,0.048165638,0.0329774432,-0.804043889,0.591697693,-0.155567095,0.0506492853,0.0163413864,0.469602674,-0.282180965,0.112665698,-0.26715818,-0.0653022304,-0.0174996406,0.61316824,-0.216122001,0.112179823,-0.0372256301,0.0699475482,0.161980808,-0.0262453891,0.182770044,-0.481857747,0.977746487,0.278762788,0.0380585417,0.166295052,-0.0578595474,-0.271855175,0.381461203,1.00896001,-0.225115195,0.0208312217,-0.210183233
-0.1961274,-0.36352703,0.762942195,0.0490733683,0.0325262323,-0.80437094,0.591203272,-0.181625947,0.0547301359,0.0159542765,0.492501587,-0.283104986,0.112052701,-0.274891853,-0.0641364679,-0.00900600851,0.619920313,-0.221039996,0.109903336,-0.0327992216,0.0686359555,0.183785394,-0.0537254736,0.186122447,-0.488412768,0.980668843,0.276346564,0.0406114012,0.173565775,-0.0818291083,-0.275763839,0.388725281,1.01625943,-0.223227978,0.023107443,-0.21589233
-0.198465347,-0.364194095,0.762352109,0.0499810353,0.0320749767,-0.804696918,0.590708137,-0.207684815,0.0588109903,0.0155671649,0.515400529,-0.284028977,0.111439712,-0.282625556,-0.0629707053,-0.00051237439,0.626672387,-0.225957975,0.10762684,-0.028372813,0.0673243701,0.20558998,-0.0812055692,0.189474851,-0.494967788,0.983591199,0.273930311,0.0431642644,0.180836499,-0.105798677,-0.279672503,0.395989358,1.02355897,-0.221340775,0.0253836662,-0.221601427
-0.200803295,-0.364861161,0.761762023,0.050888624,0.0316236727,-0.805021763,0.590212107,-0.233743683,0.0628918409,0.0151800541,0.538299441,-0.284952968,0.110826723,-0.290359229,-0.0618049465,0.00798125938,0.633424461,-0.230875969,0.105350353,-0.0239464045,0.0660127848,0.227394566,-0.108685665,0.19282724,-0.501522839,0.986513615,0.271514088,0.0457171276,0.188107222,-0.129768237,-0.283581138,0.403253436,1.03085852,-0.219453573,0.0276598893,-0.227310523
-0.201438576,-0.364491254,0.759658813,0.0562253855,0.0358881168,-0.803556323,0.59147954,-0.280366123,0.0661730245,0.0133315418,0.565872967,-0.285308748,0.108989909,-0.322043568,-0.061323408,0.0146129858,0.653171182,-0.235024512,0.10550943,-0.0211869795,0.0639287978,0.246328384,-0.149809495,0.199795887,-0.51428777,0.980369329,0.270972013,0.0474745445,0.198273197,-0.169660658,-0.291889995,0.416421831,1.02904034,-0.217216387,0.0284662228,-0.235012949
-0.201901436,-0.364016324,0.75740236,0.0620085895,0.0406289883,-0.801862717,0.592891574,-0.329070866,0.0693732277,0.0113350432,0.593919873,-0.28560701,0.107029155,-0.35615325,-0.0609111562,0.0210561696,0.674233854,-0.239095151,0.105915137,-0.0185963586,0.0617665872,0.264971524,-0.192314938,0.20713073,-0.527681589,0.973307014,0.27061975,0.0491514131,0.208732352,-0.211165488,-0.300644398,0.430188149,1.026299,-0.214943767,0.0291237123,-0.242917225
-0.202364296,-0.363541394,0.755145967,0.0677886009,0.0453678556,-0.800120175,0.594267786,-0.377775609,0.0725734308,0.00933854468,0.621966779,-0.285905272,0.105068408,-0.390262902,-0.0604989044,0.0274993535,0.695296466,-0.243165776,0.106320843,-0.0160057377,0.0596043803,0.283614635,-0.234820366,0.214465573,-0.541075408,0.966244638,0.270267457,0.0508282855,0.219191492,-0.252670288,-0.30939883,0.443954468,1.02355754,-0.212671146,0.0297812019,-0.250821501
-0.202827156,-0.363066465,0.752889514,0.0735643655,0.0501038656,-0.798329115,0.595607758,-0.426480383,0.0757736415,0.0073420452,0.650013685,-0.286203504,0.103107661,-0.424372584,-0.0600866564,0.0339425392,0.716359138,-0.247236401,0.10672655,-0.0134151159,0.0574421734,0.302257746,-0.277325809,0.221800402,-0.554469168,0.959182322,0.269915164,0.0525051542,0.229650646,-0.294175118,-0.318153232,0.457720786,1.02081621,-0.210398525,0.0304386914,-0.258725792
-0.20329003,-0.362591535,0.750633061,0.0793348253,0.0548361503,-0.796489656,0.596911371,-0.475185156,0.0789738446,0.00534554617,0.678060591,-0.286501765,0.101146914,-0.458482236,-0.0596744046,0.0403857231,0.737421751,-0.25130704,0.107132256,-0.0108244941,0.0552799664,0.320900887,-0.319831252,0.229135245,-0.567862988,0.952119946,0.2695629,0.0541820265,0.240109801,-0.335679948,-0.326907665,0.471487105,1.01807487,-0.208125904,0.0310961809,-0.266630083
-0.203366593,-0.361359954,0.746078193,0.0841195658,0.0593004636,-0.794528246,0.598441541,-0.529218316,0.0805150941,0.00235459534,0.71744144,-0.291248858,0.0978279337,-0.500034094,-0.0600184388,0.0448582955,0.772657454,-0.258686453,0.107784256,-0.00826300401,0.053596165,0.336591989,-0.36081782,0.237540543,-0.584894598,0.93469733,0.273649305,0.053860914,0.249900132,-0.377183646,-0.335018545,0.48989737,1.00693715,-0.210530698,0.0307084564,-0.273678005
-0.202975571,-0.359212518,0.738741398,0.0877150595,0.0634434298,-0.792442024,0.600263953,-0.589700878,0.0800483525,-0.00184003636,0.770540774,-0.301380843,0.0928649604,-0.550593853,-0.0612778775,0.0469456464,0.825048089,-0.270070851,0.108734362,-0.00573677197,0.052491419,0.34871003,-0.399965942,0.247241512,-0.606329322,0.904734731,0.283108294,0.0511214621,0.258880913,-0.418686002,-0.342350513,0.513928711,0.985636711,-0.21859701,0.0290556122,-0.279689401
-0.202584565,-0.357065082,0.731404543,0.0913075805,0.0675843805,-0.790325522,0.602063775,-0.650183499,0.0795816109,-0.0060346676,0.823640049,-0.311512828,0.0879019797,-0.601153612,-0.06253732,0.0490329973,0.877438724,-0.281455219,0.109684475,-0.00321054109,0.051386673,0.360828042,-0.439114064,0.256942481,-0.627764106,0.874772072,0.292567283,0.0483820066,0.267861724,-0.460188359,-0.34968245,0.537959993,0.964336276,-0.226663321,0.0274027679,-0.285700768
-0.202193558,-0.354917645,0.724067748,0.0948967263,0.0717228726,-0.788179219,0.603840947,-0.71066612,0.0791148692,-0.0102292988,0.876739383,-0.321644813,0.0829390064,-0.651713371,-0.0637967587,0.0511203483,0.929829359,-0.292839587,0.11063458,-0.000684309925,0.050281927,0.372946084,-0.478262186,0.266643435,-0.64919883,0.844809413,0.302026242,0.0456425548,0.276842505,-0.501690686,-0.357014418,0.561991334,0.943035841,-0.234729648,0.0257499237,-0.291712165
-0.201802537,-0.352770209,0.716730893,0.0984821022,0.0758584365,-0.786003351,0.605595291,-0.771148682,0.0786481276,-0.014423931,0.929838717,-0.331776768,0.0779760331,-0.70227319,-0.0650561973,0.0532077029,0.982220054,-0.304223984,0.111584686,0.00184192171,0.049177181,0.385064095,-0.517410278,0.276344389,-0.670633554,0.814846814,0.311485231,0.0429030992,0.285823315,-0.543193042,-0.364346355,0.586022615,0.921735346,-0.242795959,0.0240970794,-0.297723562
-0.20141153,-0.350622773,0.709394097,0.102063291,0.0799905881,-0.783797979,0.607326448,-0.831631303,0.0781813934,-0.0186185613,0.982938051,-0.341908753,0.0730130523,-0.752832949,-0.066315636,0.0552950539,1.03461063,-0.315608352,0.112534799,0.00436815247,0.0480724387,0.397182137,-0.55655843,0.286045372,-0.692068279,0.784884155,0.32094422,0.0401636474,0.294804096,-0.584695399,-0.371678323,0.610053957,0.900434911,-0.250862271,0.0224442352,-0.303734958
-0.20080401,-0.347989053,0.697000623,0.102353066,0.0793295354,-0.784191906,0.606855631,-0.879030287,0.0757355615,-0.0212595835,1.04836822,-0.363196015,0.0691935495,-0.80351752,-0.06671983,0.056255538,1.10138619,-0.330335915,0.113938048,0.00583626749,0.0449003018,0.40507254,-0.590203702,0.293238312,-0.714841783,0.734238148,0.337305635,0.0340491645,0.30393219,-0.620614052,-0.375651568,0.638276577,0.857676208,-0.264137179,0.0172467325,-0.30818522
-0.200195804,-0.345353782,0.684590757,0.102632105,0.0786528662,-0.784593761,0.606377125,-0.926386893,0.0732833073,-0.0238955673,1.11383843,-0.384519458,0.065377757,-0.854202509,-0.0671212599,0.0572123714,1.16820836,-0.345074296,0.115342773,0.00730095105,0.0417214632,0.412949264,-0.623831213,0.300423145,-0.737619579,0.683525085,0.353689402,0.0279237386,0.31306079,-0.656514525,-0.379613906,0.666512787,0.814847887,-0.277428955,0.0120377354,-0.312630445
-0.199587598,-0.342718512,0.672180891,0.102911025,0.077976115,-0.784994721,0.605898023,-0.973743498,0.0708310604,-0.0265315492,1.17930865,-0.4058429,0.0615619645,-0.904887557,-0.0675226822,0.058169201,1.23503065,-0.359812677,0.116747491,0.00876563415,0.0385426246,0.420825988,-0.657458663,0.307607949,-0.760397375,0.632812023,0.370073199,0.0217983108,0.322189391,-0.692415059,-0.383576274,0.694749057,0.772019625,-0.290720731,0.00682873884,-0.31707564
-0.198979378,-0.340083212,0.659771085,0.103189863,0.0772992969,-0.785394967,0.605418384,-1.02110004,0.0683788136,-0.0291675329,1.24477887,-0.427166343,0.0577461682,-0.955572546,-0.0679241121,0.0591260344,1.30185282,-0.374551088,0.118152216,0.0102303177,0.0353637822,0.428702712,-0.691086113,0.314792782,-0.78317517,0.582098901,0.386456996,0.015672883,0.331317961,-0.728315532,-0.387538612,0.722985268,0.729191303,-0.304012507,0.0016197412,-0.321520865
-0.198371172,-0.337447941,0.647361219,0.103468604,0.0766224191,-0.785794497,0.604938209,-1.06845665,0.0659265593,-0.0318035148,1.31024897,-0.448489785,0.0539303757,-1.00625753,-0.0683255419,0.0600828677,1.36867499,-0.389289469,0.119556941,0.0116950013,0.0321849436,0.436579406,-0.724713564,0.321977615,-0.805953026,0.531385839,0.402840763,0.00954745617,0.340446562,-0.764216065,-0.39150098,0.751221478,0.686362982,-0.317304283,-0.0035892548,-0.32596606
-0.198007673,-0.335011601,0.634124577,0.101661421,0.0747914761,-0.785907567,0.605326772,-1.10684419,0.0610788576,-0.0331910923,1.37397563,-0.469576865,0.051705882,-1.04827857,-0.0681474581,0.0585562661,1.43136513,-0.40484646,0.118155189,0.0113374507,0.0303179063,0.442964345,-0.752861381,0.322855413,-0.823684096,0.484241456,0.418774635,0.00617008936,0.348919362,-0.791163445,-0.389706731,0.773023963,0.643702686,-0.328981817,-0.00735924579,-0.331403792
-0.197851703,-0.332744002,0.620186865,0.0980834737,0.0719804913,-0.785764873,0.606442094,-1.13762593,0.0541998185,-0.033520028,1.43622386,-0.490463525,0.0508308001,-1.08295274,-0.067477949,0.0549237281,1.49055135,-0.421097636,0.114373572,0.00943465438,0.0295632705,0.448084205,-0.776362479,0.318384886,-0.837135553,0.44012329,0.434326977,0.00512306532,0.356836081,-0.810518682,-0.383030921,0.789370716,0.601184845,-0.33929044,-0.00990896672,-0.337683201
-0.197695747,-0.330476373,0.606249154,0.094503209,0.0691677928,-0.785604954,0.607544184,-1.1684078,0.0473207831,-0.0338489637,1.49847198,-0.511350155,0.0499557182,-1.11762679,-0.0668084398,0.0512911901,1.54973757,-0.437348813,0.110591955,0.00753185851,0.0288086347,0.453204066,-0.799863636,0.313914359,-0.85058701,0.396005124,0.449879318,0.00407604128,0.364752799,-0.829873919,-0.376355112,0.805717409,0.558666945,-0.349599063,-0.0124586876,-0.34396258
-0.197539777,-0.328208745,0.592311442,0.0909208134,0.0663535371,-0.78542769,0.608632922,-1.19918954,0.040441744,-0.0341778994,1.56072021,-0.532236814,0.0490806364,-1.15230095,-0.0661389381,0.0476586521,1.60892379,-0.453599989,0.106810339,0.00562906219,0.0280539989,0.458323956,-0.823364735,0.309443831,-0.864038467,0.351886958,0.46543166,0.00302901748,0.372669488,-0.849229157,-0.369679302,0.822064161,0.516149104,-0.359907717,-0.0150084095,-0.350241989
-0.197383806,-0.325941116,0.57837373,0.0873365626,0.0635379255,-0.78523314,0.60970825,-1.22997141,0.0335627049,-0.0345068313,1.62296832,-0.553123474,0.0482055545,-1.18697512,-0.0654694289,0.0440261178,1.66811001,-0.469851166,0.103028722,0.00372626609,0.0272993632,0.463443816,-0.846865833,0.304973304,-0.877489924,0.307768792,0.480984002,0.00198199367,0.380586207,-0.868584394,-0.363003492,0.838410854,0.473631203,-0.37021634,-0.0175581295,-0.356521398
-0.197274789,-0.323699623,0.564685464,0.0838142186,0.0607303195,-0.784952998,0.610848427,-1.25983214,0.0264200978,-0.0344724469,1.6838516,-0.573474407,0.0476020128,-1.22061169,-0.0646227673,0.0402883552,1.72584009,-0.48569271,0.0989461318,0.00170747563,0.0265536066,0.468410492,-0.869423866,0.29992947,-0.890464187,0.264944464,0.49627462,0.00118220993,0.388219446,-0.886851013,-0.356040388,0.854160726,0.431781232,-0.380272627,-0.0200162437,-0.362762034
-0.197668016,-0.321737468,0.55366528,0.080970034,0.0580195822,-0.783924401,0.612813294,-1.27984035,0.0164578874,-0.0305513348,1.73013222,-0.588094413,0.0499033555,-1.24314988,-0.0618809424,0.035424944,1.76799166,-0.49715206,0.0916438326,-0.00155219156,0.0259028357,0.471738398,-0.881892979,0.288752228,-0.898333192,0.235961199,0.508765399,0.00302733807,0.392820209,-0.893472254,-0.346004009,0.863525212,0.397076219,-0.387629479,-0.0214943606,-0.368588269
-0.198061228,-0.319775313,0.542645097,0.0781240016,0.0553074814,-0.78287971,0.614765882,-1.29984844,0.00649567926,-0.0266302247,1.77641296,-0.602714419,0.0522046983,-1.26568806,-0.0591391213,0.0305615347,1.81014335,-0.508611381,0.0843415409,-0.00481185876,0.0252520647,0.475066304,-0.894362092,0.277574986,-0.906202257,0.206977934,0.521256208,0.00487246597,0.397421002,-0.900093436,-0.33596763,0.872889757,0.362371206,-0.394986331,-0.0229724795,-0.374414474
-0.198454455,-0.317813158,0.531624913,0.0752763152,0.0525941886,-0.781819105,0.616706014,-1.31985664,-0.00346653117,-0.0227091126,1.82269371,-0.617334485,0.0545060411,-1.28822625,-0.0563973002,0.0256981235,1.85229504,-0.520070791,0.0770392418,-0.00807152595,0.0246012956,0.47839421,-0.906831264,0.266397744,-0.914071262,0.177994668,0.533746958,0.00671759434,0.402021766,-0.906714678,-0.325931251,0.882254243,0.327666163,-0.402343184,-0.0244505964,-0.380240679
-0.198847666,-0.315851003,0.520604789,0.0724271238,0.0498798564,-0.780742526,0.618633449,-1.33986485,-0.0134287383,-0.0187880024,1.86897445,-0.631954432,0.0568073802,-1.31076443,-0.0536554754,0.0208347123,1.89444661,-0.531530142,0.0697369501,-0.0113311922,0.0239505246,0.481722116,-0.919300377,0.255220503,-0.921940327,0.149011418,0.546237767,0.00856272224,0.406622559,-0.91333586,-0.315894872,0.891618788,0.29296115,-0.409700036,-0.0259287152,-0.386066884
-0.199240893,-0.313888848,0.509584606,0.0695766211,0.0471646637,-0.779650211,0.620548308,-1.35987294,-0.0233909488,-0.0148668913,1.91525519,-0.646574497,0.059108723,-1.33330262,-0.0509136543,0.0159713011,1.9365983,-0.542989492,0.062434651,-0.0145908603,0.0232997537,0.485050023,-0.93176955,0.244043261,-0.929809332,0.120028153,0.558728516,0.0104078511,0.411223322,-0.919957042,-0.305858493,0.900983274,0.258256137,-0.417056888,-0.0274068322,-0.391893119
-0.19960542,-0.312048554,0.501018763,0.0674533844,0.0449495539,-0.778252661,0.622697651,-1.3754704,-0.0342203081,-0.0108131431,1.95179355,-0.657234848,0.0611427613,-1.3508724,-0.0478255637,0.0103787081,1.9678297,-0.55034554,0.0561680309,-0.018175317,0.0214319434,0.487644315,-0.942222536,0.234341234,-0.936979711,0.0991851464,0.569560289,0.0122277718,0.413922459,-0.926107466,-0.298259646,0.910118699,0.228217617,-0.423101068,-0.0295670927,-0.395329863
-0.199953064,-0.310279906,0.493895352,0.0657571852,0.0430280343,-0.776673019,0.624982893,-1.38847566,-0.0455592833,-0.00668144552,1.98260665,-0.665568113,0.0630197078,-1.36552215,-0.0445339754,0.00435758196,1.99264348,-0.555290163,0.0505100712,-0.0219506472,0.0188488904,0.489807457,-0.951490641,0.225506157,-0.943739474,0.0831260681,0.57941699,0.0140328789,0.415504009,-0.931981266,-0.292093337,0.919119477,0.200921535,-0.428373784,-0.0321282409,-0.397362351
-0.200300708,-0.308511227,0.486771911,0.0640599877,0.0411058329,-0.775082171,0.627259314,-1.40148103,-0.0568982624,-0.00254974794,2.01341963,-0.673901439,0.0648966506,-1.38017201,-0.0412423834,-0.00166354433,2.01745725,-0.560234725,0.0448521115,-0.0257259794,0.0162658375,0.491970599,-0.960758805,0.216671079,-0.950499296,0.0670669973,0.589273751,0.015837986,0.417085558,-0.937855005,-0.285927057,0.928120255,0.173625469,-0.43364653,-0.0346893892,-0.39939487
-0.200648367,-0.306742579,0.479648471,0.0623618774,0.0391830467,-0.773480296,0.629526794,-1.41448629,-0.0682372376,0.00158194965,2.04423261,-0.682234764,0.0667735934,-1.39482176,-0.0379507951,-0.00768467085,2.04227114,-0.565179348,0.0391941518,-0.0295013115,0.0136827836,0.494133741,-0.97002691,0.207835987,-0.957259059,0.0510079227,0.599130511,0.0176430941,0.418667108,-0.943728745,-0.279760748,0.937121034,0.146329403,-0.438919246,-0.0372505337,-0.401427358
-0.200996011,-0.30497393,0.47252506,0.0606629178,0.0372597463,-0.771867454,0.631785154,-1.42749166,-0.0795762166,0.00571364816,2.07504559,-0.690568089,0.0686505437,-1.40947163,-0.0346592069,-0.0137057984,2.06708479,-0.570123971,0.0335361883,-0.0332766436,0.0110997306,0.496296853,-0.979295015,0.19900091,-0.964018822,0.0349488445,0.608987272,0.0194482021,0.420248657,-0.949602544,-0.273594439,0.946121812,0.119033329,-0.444191992,-0.039811682,-0.403459847
-0.201244012,-0.303219587,0.4657754,0.058921203,0.0353608355,-0.770235121,0.634047151,-1.43970394,-0.0907971486,0.0101583209,2.10463238,-0.697987556,0.0702925771,-1.42322814,-0.0316362977,-0.01994217,2.09030032,-0.574227691,0.0284260549,-0.0370399505,0.00843541697,0.49832812,-0.98743993,0.190785483,-0.970263124,0.0199769251,0.618193686,0.0211679209,0.421518654,-0.954489231,-0.267991602,0.954895616,0.0933087096,-0.448858351,-0.0423192233,-0.404736221
-0.201019675,-0.301533043,0.460797668,0.0569796227,0.0335790291,-0.768551767,0.63635999,-1.44815743,-0.101458542,0.0160866026,2.12840581,-0.701075077,0.0708210617,-1.43275058,-0.0298870392,-0.0271988753,2.10593867,-0.57434535,0.0259128027,-0.0407462679,0.00538589992,0.499734163,-0.990260243,0.185507417,-0.974063933,0.0101584783,0.624317348,0.0224828664,0.421311885,-0.954697013,-0.265059829,0.962593436,0.0750332624,-0.450650334,-0.0445726588,-0.40242824
-0.200795338,-0.29984653,0.455819935,0.055037085,0.0317966267,-0.76685673,0.638663352,-1.45661092,-0.112119935,0.0220148843,2.15217948,-0.704162598,0.0713495538,-1.44227302,-0.0281377789,-0.0344555825,2.12157726,-0.57446301,0.0233995523,-0.0444525853,0.00233638263,0.501140177,-0.993080556,0.180229351,-0.977864683,0.000340031896,0.63044107,0.0237978119,0.421105117,-0.954904735,-0.262128055,0.970291197,0.0567578152,-0.452442348,-0.0468260944,-0.400120258
-0.200571001,-0.298160017,0.450842232,0.0530936755,0.0300137121,-0.765149891,0.640956938,-1.46506429,-0.122781321,0.027943166,2.17595291,-0.707250118,0.0718780383,-1.45179534,-0.0263885185,-0.0417122878,2.13721585,-0.574580669,0.020886302,-0.0481589027,-0.000713134243,0.502546251,-0.995900869,0.17495127,-0.981665432,-0.00947841443,0.636564791,0.0251127575,0.420898318,-0.955112457,-0.259196281,0.977989018,0.038482368,-0.454234332,-0.0490795299,-0.397812277
-0.200346649,-0.296473503,0.445864499,0.0511494987,0.0282303728,-0.763431668,0.643240988,-1.47351778,-0.133442715,0.0338714495,2.19972658,-0.710337639,0.0724065304,-1.46131778,-0.0246392582,-0.0489689931,2.15285444,-0.574698329,0.0183730498,-0.0518652201,-0.0037626517,0.503952324,-0.998721123,0.169673204,-0.985466242,-0.0192968622,0.642688453,0.026427703,0.42069155,-0.955320239,-0.256264508,0.985686779,0.0202069189,-0.456026345,-0.0513329655,-0.395504296
-0.200122312,-0.29478696,0.440886766,0.0492046289,0.0264466815,-0.761701941,0.645515144,-1.48197126,-0.144104108,0.0397997312,2.22350001,-0.713425159,0.072935015,-1.4708401,-0.0228899978,-0.0562256984,2.16849303,-0.574815989,0.0158597995,-0.0555715375,-0.00681216829,0.505358338,-1.0015415,0.164395139,-0.989266992,-0.0291153081,0.648812175,0.0277426485,0.420484781,-0.955527961,-0.253332734,0.99338454,0.00193147664,-0.457818329,-0.053586401,-0.393196315
-0.200014681,-0.293253183,0.437458903,0.0480292477,0.0252401158,-0.759444058,0.64830631,-1.48829865,-0.152120277,0.0458872542,2.24192953,-0.714969933,0.071821779,-1.47796762,-0.0217289962,-0.0625833943,2.17929506,-0.572908282,0.0150912823,-0.0578663163,-0.00796813052,0.506410778,-1.00178671,0.161346212,-0.991263807,-0.033724945,0.65349561,0.0291880555,0.418909341,-0.953738093,-0.253846616,0.999583304,-0.00858356617,-0.459061086,-0.055207286,-0.389884204
-0.199952751,-0.29177922,0.434638053,0.0471546575,0.0242592413,-0.756971061,0.651293218,-1.49379337,-0.159100413,0.0520371422,2.25826621,-0.715910554,0.0700655431,-1.4841572,-0.0207983945,-0.0685889721,2.18820286,-0.570207298,0.0150061101,-0.0596082546,-0.00838245824,0.507324696,-1.00102341,0.159170359,-0.992554069,-0.0362944864,0.657614946,0.0306845605,0.416797876,-0.951165855,-0.255710065,1.0051949,-0.0160591491,-0.4600887,-0.056580428,-0.386178762
-0.199890807,-0.290305257,0.431817204,0.0462792516,0.0232779309,-0.754485369,0.654269397,-1.49928808,-0.166080564,0.058187034,2.27460265,-0.716851175,0.0683093071,-1.49034667,-0.0198677927,-0.0745945573,2.19711041,-0.567506254,0.0149209388,-0.0613501891,-0.00879678596,0.508238614,-1.00026011,0.156994507,-0.99384439,-0.0388640277,0.661734223,0.0321810655,0.414686412,-0.948593616,-0.257573515,1.01080656,-0.0235347338,-0.461116344,-0.0579535738,-0.38247335
-0.199828878,-0.288831294,0.428996354,0.045403067,0.0222962257,-0.751986921,0.65723455,-1.50478292,-0.1730607,0.0643369257,2.29093909,-0.717791796,0.0665530637,-1.49653625,-0.018937191,-0.0806001425,2.20601821,-0.564805269,0.0148357674,-0.0630921274,-0.00921111461,0.509152532,-0.999496758,0.154818654,-0.995134652,-0.0414335728,0.66585356,0.0336775668,0.412574947,-0.946021378,-0.259436935,1.01641822,-0.0310103185,-0.462143958,-0.0593267158,-0.378767937
-0.199766949,-0.28735733,0.426175505,0.0445261486,0.0213141795,-0.749476016,0.660188556,-1.51027763,-0.180040836,0.0704868138,2.30727553,-0.718732357,0.0647968277,-1.50272584,-0.0180065893,-0.0866057202,2.214926,-0.562104285,0.0147505952,-0.0648340657,-0.00962544233,0.51006645,-0.998733461,0.152642801,-0.996424913,-0.0440031141,0.669972897,0.0351740718,0.410463482,-0.94344914,-0.261300385,1.02202976,-0.0384858996,-0.463171601,-0.0606998578,-0.375062525
-0.199806362,-0.285971552,0.423790783,0.0438013226,0.0205441639,-0.746849418,0.663231134,-1.51517701,-0.186065584,0.0760293081,2.32157874,-0.719506443,0.0629676431,-1.50834572,-0.0171959475,-0.0921168327,2.2222693,-0.559008658,0.0152004864,-0.0662126169,-0.00936604757,0.510896266,-0.997815967,0.151646152,-0.997773707,-0.0437757336,0.674061775,0.0367738344,0.407712936,-0.941167355,-0.264159173,1.02684367,-0.0429501943,-0.464796931,-0.0616351441,-0.371469796
-0.200129822,-0.284832895,0.422628552,0.043503996,0.0203689896,-0.743919075,0.66654104,-1.51840734,-0.189412028,0.0798690245,2.33018184,-0.719813526,0.0609339513,-1.51236904,-0.0167216063,-0.0962417498,2.22522712,-0.554806828,0.0171503536,-0.0665724799,-0.00721795857,0.511490345,-0.9964661,0.153955266,-0.999286413,-0.0357075557,0.6780653,0.0386630706,0.403170824,-0.939699888,-0.269808233,1.02942097,-0.038972728,-0.468097836,-0.0613429509,-0.368193001
-0.200453296,-0.283694267,0.421466351,0.0432058014,0.0201934054,-0.740974009,0.669838011,-1.52163768,-0.192758456,0.0837087408,2.33878469,-0.720120668,0.0589002594,-1.51639223,-0.016247265,-0.100366667,2.22818494,-0.550604939,0.0191002227,-0.0669323504,-0.00506986957,0.512084424,-0.995116234,0.156264365,-1.00079906,-0.027639376,0.682068884,0.0405523069,0.398628682,-0.938232362,-0.275457293,1.0319984,-0.0349952616,-0.471398741,-0.0610507578,-0.364916205
-0.200776771,-0.28255561,0.420304149,0.0429067463,0.0200174227,-0.73801434,0.673121929,-1.52486801,-0.196104884,0.0875484645,2.34738755,-0.720427752,0.0568665713,-1.52041543,-0.015772922,-0.104491584,2.23114276,-0.54640311,0.02105009,-0.0672922134,-0.00292178034,0.512678444,-0.993766427,0.158573478,-1.00231183,-0.0195711963,0.686072409,0.0424415395,0.39408657,-0.936764896,-0.281106353,1.03457582,-0.0310177933,-0.474699676,-0.0607585683,-0.36163941
-0.201100245,-0.281416982,0.419141948,0.0426068604,0.0198410507,-0.735040247,0.676392555,-1.52809846,-0.199451327,0.0913881809,2.35599065,-0.720734894,0.0548328795,-1.52443862,-0.0152985808,-0.108616501,2.23410058,-0.542201221,0.0229999572,-0.0676520765,-0.000773691863,0.513272524,-0.992416561,0.160882577,-1.00382447,-0.0115030175,0.690075934,0.0443307757,0.389544457,-0.93529743,-0.286755413,1.03715324,-0.027040327,-0.478000581,-0.0604663752,-0.358362585
-0.20142372,-0.280278325,0.417979717,0.0423061512,0.0196642987,-0.732051849,0.679649651,-1.5313288,-0.202797756,0.0952278972,2.36459351,-0.721041977,0.0527991876,-1.52846181,-0.0148242386,-0.112741418,2.2370584,-0.537999392,0.0249498263,-0.0680119395,0.00137439731,0.513866544,-0.991066694,0.163191691,-1.00533724,-0.0034348371,0.694079518,0.046220012,0.385002315,-0.933829963,-0.292404503,1.03973055,-0.0230628587,-0.481301516,-0.0601741858,-0.35508579
-0.202032208,-0.279676914,0.42108503,0.0437879562,0.0211982783,-0.730349123,0.681339443,-1.52765214,-0.202041253,0.092526719,2.3547051,-0.722442031,0.0511666052,-1.52707136,-0.00979943946,-0.111304335,2.22354531,-0.534345031,0.0311482958,-0.0657534599,0.00319068879,0.514292777,-0.991937697,0.169603437,-1.00682235,0.0153878909,0.696444392,0.0486528128,0.381098181,-0.936550856,-0.299914598,1.04134202,-0.000820728135,-0.487324923,-0.0574203953,-0.353533268
-0.202708736,-0.279203743,0.425209075,0.0456950366,0.023140559,-0.728947997,0.682650268,-1.52232659,-0.200305298,0.0882640928,2.34040236,-0.724102914,0.0496297702,-1.52438867,-0.00368835079,-0.108539484,2.20610046,-0.530821383,0.038360998,-0.0628699288,0.00492777349,0.514678895,-0.993338823,0.176994577,-1.00830102,0.0367779508,0.69841814,0.0512153804,0.377346307,-0.940271616,-0.307868958,1.04272282,0.025781557,-0.493998259,-0.0540789738,-0.352392346
-0.203385264,-0.278730601,0.429333121,0.0476016477,0.0250826199,-0.727538645,0.683953524,-1.51700103,-0.198569342,0.0840014666,2.32609963,-0.725763857,0.048092939,-1.52170587,0.00242273859,-0.105774634,2.18865561,-0.527297735,0.0455736965,-0.0599864013,0.0066648582,0.515065014,-0.99473995,0.184385732,-1.00977969,0.0581680164,0.700391889,0.0537779443,0.373594463,-0.943992376,-0.315823317,1.0441035,0.0523838475,-0.500671566,-0.0507375523,-0.351251423
-0.204061791,-0.27825743,0.433457166,0.049507726,0.0270244014,-0.726121306,0.685249209,-1.51167548,-0.196833372,0.0797388405,2.3117969,-0.727424741,0.046556104,-1.51902318,0.0085338261,-0.10300979,2.17121053,-0.523774087,0.052786395,-0.0571028739,0.00840194244,0.515451193,-0.996141076,0.191776872,-1.01125824,0.0795580745,0.702365637,0.0563405082,0.369842589,-0.947713196,-0.323777705,1.0454843,0.0789861307,-0.507344902,-0.0473961271,-0.350110531
-0.204738319,-0.277784288,0.437581211,0.051413212,0.0289658364,-0.724695921,0.686537325,-1.50635004,-0.195097417,0.0754762143,2.29749417,-0.729085684,0.0450192727,-1.51634037,0.0146449152,-0.100244939,2.15376568,-0.52025044,0.0599990971,-0.0542193428,0.0101390276,0.515837312,-0.997542202,0.199168012,-1.01273692,0.10094814,0.704339385,0.0589030758,0.366090745,-0.951433957,-0.331732064,1.04686511,0.105588421,-0.514018238,-0.0440547056,-0.348969609
-0.20520319,-0.277415633,0.444731951,0.0524784364,0.0306174196,-0.723765135,0.687366426,-1.49313331,-0.190913334,0.0707761422,2.26914334,-0.727806807,0.0446869247,-1.50426829,0.0199572314,-0.0954738781,2.12390161,-0.515377343,0.0674951226,-0.0518140718,0.0120012918,0.516175926,-0.995824158,0.205727369,-1.01330388,0.126827493,0.704733729,0.0613419414,0.363226354,-0.952429414,-0.338562846,1.04639435,0.135955542,-0.519859433,-0.0405074358,-0.34816128
-0.205277815,-0.27723968,0.457463205,0.0519953482,0.0317351669,-0.723757684,0.687360406,-1.46536732,-0.182215407,0.0652695149,2.2148912,-0.721107423,0.0465753861,-1.47488415,0.0237967819,-0.0870037898,2.07113957,-0.508016229,0.0755135417,-0.0502906032,0.0140943583,0.516426921,-0.9883551,0.210753068,-1.01218998,0.160984129,0.702216029,0.0635527298,0.36199826,-0.948399901,-0.343321979,1.04250979,0.173264205,-0.524166346,-0.0365806296,-0.347966194
-0.20535244,-0.277063757,0.470194459,0.051512178,0.0328528695,-0.723749161,0.687353253,-1.43760121,-0.17351748,0.0597628914,2.16063905,-0.7144081,0.0484638475,-1.44550002,0.0276363324,-0.0785337016,2.01837754,-0.500655055,0.0835319608,-0.0487671345,0.0161874257,0.516677856,-0.980885983,0.215778783,-1.01107609,0.195140764,0.699698269,0.0657635257,0.360770196,-0.944370389,-0.348081112,1.03862512,0.210572883,-0.528473258,-0.0326538198,-0.347771078
-0.205427065,-0.276887804,0.482925713,0.0510289297,0.0339705236,-0.723739505,0.687345088,-1.4098351,-0.164819553,0.0542562716,2.1063869,-0.707708776,0.0503523089,-1.416116,0.031475883,-0.0700636134,1.96561563,-0.493293911,0.09155038,-0.0472436659,0.0182804931,0.516928852,-0.973416865,0.220804483,-1.00996232,0.2292974,0.69718051,0.0679743141,0.359542102,-0.940340936,-0.352840215,1.03474057,0.247881547,-0.53278017,-0.0287270155,-0.347575992
-0.205501691,-0.276711881,0.495656967,0.0505456068,0.0350881256,-0.723728716,0.687335968,-1.38206899,-0.156121626,0.048749648,2.05213475,-0.701009452,0.0522407703,-1.38673186,0.0353154317,-0.0615935251,1.91285372,-0.485932767,0.0995687991,-0.0457201973,0.0203735605,0.517179847,-0.965947807,0.225830197,-1.00884843,0.26345405,0.694662809,0.0701851025,0.358314037,-0.936311424,-0.357599348,1.03085589,0.285190225,-0.537087083,-0.0248002075,-0.347380877
-0.205576316,-0.276535928,0.508388221,0.0500622056,0.0362056643,-0.723716915,0.687325776,-1.35430288,-0.147423685,0.0432430245,1.99788272,-0.694310129,0.0541292317,-1.35734773,0.0391549841,-0.0531234331,1.86009169,-0.478571624,0.107587218,-0.0441967286,0.0224666279,0.517430842,-0.958478689,0.230855897,-1.00773454,0.29761067,0.69214505,0.072395891,0.357085943,-0.932281971,-0.362358481,1.02697134,0.322498888,-0.541393995,-0.0208733995,-0.347185791
-0.205192551,-0.277020991,0.525131762,0.0467141271,0.0345601775,-0.724038482,0.687307715,-1.30559456,-0.136444867,0.0445247479,1.92633748,-0.68110311,0.0565543324,-1.30441105,0.036743436,-0.0452095419,1.78764629,-0.465729445,0.112011701,-0.0433489494,0.0251599178,0.514406562,-0.934431136,0.233193308,-0.996438265,0.344503939,0.685750782,0.0720947236,0.355430961,-0.907484174,-0.365130484,1.01022232,0.368201256,-0.542404354,-0.0171089768,-0.345015913
-0.204755574,-0.277582765,0.542340994,0.0430325568,0.0325932987,-0.724386632,0.687277198,-1.25445569,-0.1252013,0.0465943776,1.85278499,-0.667140841,0.0590417162,-1.24874067,0.033606343,-0.0373601988,1.71291637,-0.452251107,0.116019055,-0.0425796025,0.0279228743,0.511002123,-0.908459365,0.235218704,-0.983960152,0.392875522,0.67890662,0.0715020001,0.353726417,-0.880275846,-0.367671847,0.991980135,0.414877832,-0.54303205,-0.0133634005,-0.342616856
-0.204318613,-0.278144538,0.559550166,0.0393501259,0.0306257941,-0.724722147,0.6872347,-1.20331669,-0.113957733,0.0486640036,1.77923262,-0.653178513,0.0615290999,-1.19307029,0.0304692537,-0.0295108631,1.63818645,-0.438772738,0.12002641,-0.0418102518,0.0306858309,0.507597685,-0.882487595,0.237244099,-0.971482038,0.441247106,0.672062397,0.0709092766,0.352021873,-0.853067517,-0.37021324,0.973738015,0.461554408,-0.543659747,-0.00961782504,-0.340217769
-0.203881636,-0.278706312,0.576759398,0.0356670246,0.0286577605,-0.725044906,0.687180042,-1.15217769,-0.102714166,0.0507336333,1.70568013,-0.639216244,0.0640164837,-1.13740003,0.0273321606,-0.0216615219,1.56345654,-0.425294399,0.124033757,-0.0410409011,0.0334487893,0.504193306,-0.856515825,0.23926948,-0.959003925,0.489618689,0.665218234,0.0703165531,0.350317329,-0.825859249,-0.372754604,0.955495894,0.508230984,-0.544287443,-0.00587224914,-0.337818712
-0.20344466,-0.279268086,0.59396863,0.0319834538,0.0266893059,-0.725355029,0.687113523,-1.10103881,-0.0914705992,0.0528032593,1.63212764,-0.625253916,0.066503875,-1.08172965,0.0241950676,-0.0138121806,1.48872662,-0.411816031,0.128041118,-0.0402715504,0.036211744,0.500788867,-0.830544055,0.241294876,-0.946525812,0.537990272,0.658374012,0.0697238296,0.348612785,-0.79865092,-0.375295967,0.937253714,0.55490762,-0.54491514,-0.00212667277,-0.335419625
-0.203067824,-0.280493796,0.609141767,0.0289322063,0.0250427183,-0.725747526,0.686896145,-1.05150068,-0.0813226551,0.0547037274,1.56453598,-0.610718787,0.0691751912,-1.02931428,0.0209046192,-0.00731433742,1.4212172,-0.398433834,0.130361229,-0.0391501412,0.0385512896,0.49333927,-0.798537552,0.243322015,-0.929998875,0.581861854,0.650085926,0.0685778409,0.346930474,-0.766439736,-0.376726896,0.916218042,0.597046256,-0.543273687,0.0008042095,-0.332453877
-0.202767417,-0.282563239,0.621727288,0.0266846716,0.0238053594,-0.726253867,0.6864959,-1.00399709,-0.0725670829,0.0563892201,1.50451958,-0.595455647,0.0720802769,-0.98103559,0.0174192805,-0.00253404491,1.36288404,-0.385173768,0.130537108,-0.0375813246,0.0403527357,0.480748892,-0.75886178,0.245351389,-0.908326507,0.620014548,0.639962852,0.0667287186,0.345276386,-0.727870703,-0.376746625,0.891632199,0.633417904,-0.538748562,0.0026997372,-0.328767896
-0.202467009,-0.284632683,0.634312809,0.0244369097,0.0225678105,-0.726755083,0.686090827,-0.956493497,-0.0638115108,0.058074709,1.44450319,-0.580192506,0.0749853551,-0.932756901,0.0139339417,0.00224624714,1.30455089,-0.371913701,0.130713001,-0.0360125042,0.0421541855,0.468158543,-0.719186008,0.247380748,-0.886654139,0.658167243,0.629839838,0.0648795962,0.343622297,-0.68930161,-0.376766324,0.867046416,0.669789553,-0.534223437,0.00459526479,-0.325081915
-0.202166587,-0.286702156,0.646898389,0.022188969,0.0213300996,-0.727251291,0.685680985,-0.908989966,-0.0550559424,0.0597602017,1.38448668,-0.564929366,0.0778904334,-0.884478211,0.010448602,0.00702653918,1.24621773,-0.358653635,0.130888879,-0.0344436876,0.0439556353,0.455568165,-0.679510176,0.249410108,-0.864981711,0.696319997,0.619716763,0.0630304813,0.341968209,-0.650732577,-0.376786023,0.842460573,0.706161201,-0.529698253,0.00649079261,-0.321395963
-0.20186618,-0.2887716,0.65948391,0.0199408904,0.0200922489,-0.727742255,0.685266256,-0.861486316,-0.046300374,0.0614456907,1.32447028,-0.549666226,0.0807955116,-0.836199522,0.00696326233,0.0118068326,1.18788457,-0.345393568,0.131064758,-0.0328748673,0.0457570851,0.442977816,-0.639834404,0.251439482,-0.843309343,0.734472692,0.609593689,0.061181359,0.34031412,-0.612163484,-0.376805753,0.81787473,0.742532909,-0.525173128,0.00838632043,-0.317709982
-0.201565772,-0.290841043,0.67206943,0.0176927317,0.0188542884,-0.728228211,0.684846818,-0.813982785,-0.0375448018,0.0631311834,1.26445377,-0.534403086,0.0837005898,-0.787920833,0.0034779238,0.0165871233,1.12955141,-0.332133502,0.131240651,-0.0313060507,0.0475585312,0.430387437,-0.600158632,0.253468841,-0.821636975,0.772625387,0.599470675,0.0593322404,0.338660032,-0.573594451,-0.376825452,0.793288946,0.778904557,-0.520648003,0.0102818478,-0.314024031
-0.201607585,-0.294331163,0.680459738,0.0168853328,0.0183622912,-0.72874397,0.684331834,-0.773929417,-0.0304894969,0.0629357845,1.2189573,-0.520350158,0.084577255,-0.749859989,0.00154272816,0.0193095636,1.08822203,-0.320621401,0.131744981,-0.0295893885,0.0480403639,0.416260958,-0.547932327,0.260407597,-0.77880007,0.787930846,0.582683384,0.0565563925,0.339717835,-0.523700535,-0.380708158,0.751589358,0.788320363,-0.505839884,0.00883020833,-0.312679827
-0.201654688,-0.297843277,0.688784897,0.0161002558,0.0178818367,-0.729259193,0.683814347,-0.733991683,-0.0234605689,0.0627112016,1.17368615,-0.506316006,0.0854224488,-0.711957693,-0.000368418085,0.0220000762,1.04715645,-0.30913642,0.132254407,-0.0278704353,0.0485017188,0.402110636,-0.495511234,0.267422527,-0.735634804,0.802881837,0.56579268,0.0537661649,0.34081772,-0.473630905,-0.384650826,0.70962429,0.797317982,-0.490872264,0.00732663972,-0.311371952
-0.201701805,-0.301355422,0.697110057,0.0153151583,0.0174013581,-0.729773462,0.683296025,-0.694054008,-0.0164316408,0.0624866188,1.12841499,-0.492281824,0.0862676427,-0.674055398,-0.00227956404,0.0246905889,1.00609076,-0.29765141,0.132763833,-0.0261514802,0.0489630774,0.387960315,-0.443090171,0.274437457,-0.692469478,0.817832768,0.548901975,0.0509759374,0.341917604,-0.423561275,-0.388593495,0.667659283,0.806315601,-0.475904644,0.00582307158,-0.310064107
-0.201748922,-0.304867566,0.705435276,0.0145300385,0.0169208534,-0.730286658,0.68277663,-0.654116213,-0.00940271281,0.0622620359,1.08314371,-0.478247643,0.0871128365,-0.636153102,-0.00419071037,0.0273811016,0.965025246,-0.28616643,0.133273259,-0.0244325269,0.0494244359,0.373809993,-0.390669107,0.281452388,-0.649304211,0.832783759,0.53201133,0.0481857061,0.343017489,-0.373491645,-0.392536134,0.625694215,0.81531322,-0.460937023,0.00431950297,-0.308756232
-0.20179604,-0.30837971,0.713760436,0.0137449028,0.0164403301,-0.730798841,0.682256401,-0.614178538,-0.00237378664,0.0620374568,1.03787255,-0.46421349,0.0879580304,-0.598250747,-0.00610185601,0.0300716143,0.923959613,-0.274681449,0.133782685,-0.0227135736,0.0498857908,0.359659702,-0.338248044,0.288467288,-0.606138945,0.847734749,0.515120625,0.0453954823,0.344117343,-0.323422045,-0.396478802,0.583729148,0.824310899,-0.445969403,0.00281593483,-0.307448387
-0.201894745,-0.312112898,0.720169365,0.0134663945,0.0163115673,-0.730721593,0.682347953,-0.580191016,0.00397979142,0.0613614395,1.00102496,-0.452070117,0.0880740955,-0.566192985,-0.00728260027,0.0321117714,0.890683472,-0.265865892,0.133257762,-0.0211306214,0.0500268154,0.346720576,-0.294575483,0.289898455,-0.572505593,0.8595227,0.499699444,0.0434466563,0.3434982,-0.281874925,-0.394824684,0.550729871,0.835410655,-0.433443248,0.0023367356,-0.30626604
-0.202039376,-0.316042781,0.724872708,0.0136388177,0.0164958984,-0.730119646,0.682984054,-0.551499546,0.00973226409,0.0602836162,0.97167486,-0.441609651,0.0875411928,-0.539337218,-0.00781323854,0.0335730687,0.864340425,-0.259426355,0.1318122,-0.0196687244,0.0498827174,0.33485949,-0.258689612,0.286359668,-0.547356308,0.868495286,0.485586196,0.0422467403,0.341349006,-0.24791342,-0.388189077,0.525710642,0.84838146,-0.42309016,0.0027692921,-0.305195361
-0.202183992,-0.319972694,0.729575992,0.0138112307,0.0166802164,-0.729517162,0.683619618,-0.522808135,0.0154847354,0.0592057928,0.942324817,-0.431149185,0.08700829,-0.512481391,-0.00834387634,0.035034366,0.837997377,-0.252986789,0.130366638,-0.0182068255,0.0497386195,0.322998434,-0.222803771,0.28282088,-0.522206962,0.87746793,0.471472949,0.0410468243,0.339199781,-0.213951916,-0.381553471,0.500691473,0.861352265,-0.412737072,0.00320184859,-0.304124713
-0.202328622,-0.323902577,0.734279335,0.0139836324,0.0168645214,-0.728914082,0.684254646,-0.494116664,0.0212372094,0.0581279658,0.912974775,-0.420688689,0.0864753872,-0.485625625,-0.00887451507,0.0364956632,0.811654329,-0.246547237,0.128921077,-0.0167449284,0.0495945252,0.311137348,-0.186917916,0.279282123,-0.497057676,0.886440516,0.457359701,0.0398469083,0.337050587,-0.179990396,-0.374917865,0.475672275,0.87432307,-0.402383953,0.00363440486,-0.303054035
-0.202473238,-0.32783249,0.738982677,0.0141560212,0.0170488115,-0.728310406,0.684889078,-0.465425253,0.0269896798,0.0570501424,0.883624732,-0.410228223,0.085942477,-0.458769858,-0.00940515287,0.0379569605,0.785311282,-0.240107685,0.127475515,-0.0152830295,0.0494504273,0.299276263,-0.151032075,0.275743335,-0.471908361,0.89541316,0.443246484,0.0386469923,0.334901363,-0.146028891,-0.368282288,0.450653106,0.887293875,-0.392030865,0.00406696135,-0.301983386
-0.202616125,-0.331705004,0.743497312,0.0143707693,0.0172538105,-0.727679193,0.685550094,-0.437468678,0.0326297358,0.0559745394,0.855159342,-0.400129765,0.0853690505,-0.432633311,-0.00989051815,0.0394036807,0.759966493,-0.234051377,0.126041844,-0.0139427725,0.0493133366,0.287586749,-0.11689768,0.272179306,-0.448477447,0.902840078,0.429721743,0.0373577364,0.332614005,-0.113468118,-0.361738861,0.426923573,0.899039686,-0.381896347,0.00439640274,-0.300843239
-0.202737033,-0.3348535,0.745631635,0.0151200388,0.0177202057,-0.726706862,0.686552644,-0.418783396,0.0368515179,0.054926917,0.837854981,-0.394598544,0.0842843652,-0.415571034,-0.00980469957,0.0406664461,0.747215271,-0.232830033,0.124758072,-0.0141371572,0.0492646582,0.278061688,-0.104860008,0.268296599,-0.446726322,0.890765727,0.423622042,0.034941379,0.328583539,-0.0985793993,-0.35635832,0.419464499,0.895330906,-0.374519289,0.00342492573,-0.298826486
-0.202857926,-0.338001996,0.747766018,0.0158692747,0.0181865599,-0.725732684,0.687553406,-0.400098145,0.0410732962,0.0538792945,0.820550621,-0.389067292,0.0831996873,-0.398508728,-0.00971888192,0.0419292115,0.734464109,-0.231608704,0.1234743,-0.014331542,0.0492159761,0.268536627,-0.0928223357,0.264413893,-0.444975197,0.878691375,0.417522311,0.0325250253,0.324553072,-0.0836906806,-0.350977778,0.412005424,0.891622066,-0.36714223,0.00245344872,-0.296809733
-0.202978835,-0.341150492,0.749900341,0.0166184679,0.0186528638,-0.72475636,0.68855226,-0.381412864,0.0452950783,0.0528316721,0.80324626,-0.383536041,0.082115002,-0.381446421,-0.00963306334,0.0431919768,0.721712947,-0.230387375,0.122190535,-0.0145259267,0.0491672941,0.259011567,-0.0807846561,0.260531187,-0.443224072,0.866617084,0.41142258,0.0301086698,0.320522606,-0.0688019618,-0.345597267,0.40454638,0.887913287,-0.359765202,0.00148197135,-0.29479295
-0.203099728,-0.344298959,0.752034724,0.0173676163,0.0191191193,-0.723778129,0.689549267,-0.362727612,0.0495168604,0.0517840497,0.785941899,-0.378004789,0.0810303241,-0.364384115,-0.00954724569,0.0444547422,0.708961785,-0.229166031,0.120906763,-0.0147203123,0.049118612,0.249486506,-0.068746984,0.256648481,-0.441472948,0.854542732,0.40532285,0.0276923142,0.31649214,-0.0539132431,-0.340216726,0.397087306,0.884204447,-0.352388144,0.000510494458,-0.292776197
-0.203220636,-0.347447455,0.754169047,0.0181167144,0.019585317,-0.72279793,0.690544367,-0.344042331,0.0537386425,0.0507364273,0.768637538,-0.372473538,0.0799456388,-0.347321838,-0.00946142711,0.0457175076,0.696210563,-0.227944702,0.119622998,-0.014914697,0.0490699299,0.23996143,-0.0567093082,0.252765805,-0.439721823,0.842468381,0.399223149,0.0252759587,0.312461674,-0.0390245244,-0.334836185,0.389628232,0.880495667,-0.345011115,-0.000460982788,-0.290759444
-0.20329991,-0.349977732,0.755551875,0.0187791232,0.020145392,-0.721624315,0.691736937,-0.329098463,0.0570027493,0.0501383878,0.753217638,-0.368133485,0.0789215192,-0.33428821,-0.00984017272,0.0465884134,0.687448025,-0.226876453,0.119766459,-0.0146602858,0.0487834066,0.231380522,-0.0532620586,0.248975411,-0.443505704,0.820746064,0.393671751,0.0222836006,0.307743341,-0.0328641273,-0.330332965,0.387795687,0.861251831,-0.336927712,-0.0028118582,-0.289033234
-0.203353435,-0.352125555,0.756469846,0.0193878729,0.020763509,-0.720329404,0.693050265,-0.316469193,0.0596743971,0.0498184785,0.738963604,-0.364530325,0.0779348761,-0.32374689,-0.010506317,0.047216896,0.681152999,-0.2259029,0.120792873,-0.0141282296,0.0483497418,0.223383695,-0.0551292114,0.245242134,-0.450713784,0.793054998,0.388459563,0.0189349037,0.30259946,-0.0321034491,-0.326372474,0.389443964,0.832397342,-0.328407347,-0.00601608912,-0.287486792
-0.203406945,-0.354273349,0.757387757,0.0199965481,0.0213815458,-0.719031513,0.694360733,-0.303839922,0.0623460449,0.0494985692,0.72470963,-0.360927165,0.0769482255,-0.3132056,-0.0111724613,0.0478453822,0.674857914,-0.224929348,0.121819288,-0.0135961734,0.0479160771,0.215386853,-0.0569963641,0.241508871,-0.457921863,0.765363932,0.383247375,0.0155862067,0.297455549,-0.0313427709,-0.322411954,0.391092211,0.803542852,-0.319886953,-0.0092203198,-0.285940349
-0.20346047,-0.356421173,0.758305728,0.0206051413,0.0219994932,-0.717730582,0.695668221,-0.291210622,0.0650176927,0.0491786599,0.710455596,-0.357324034,0.0759615749,-0.30266428,-0.0118386056,0.0484738685,0.668562889,-0.223955795,0.122845709,-0.0130641172,0.0474824123,0.207390025,-0.0588635206,0.237775594,-0.465129942,0.737672865,0.378035218,0.0122375097,0.292311668,-0.0305820927,-0.318451464,0.392740488,0.774688423,-0.311366588,-0.012424551,-0.284393907
-0.203513995,-0.358568966,0.75922364,0.0212136451,0.0226173475,-0.71642673,0.696972966,-0.278581351,0.0676893443,0.0488587506,0.696201563,-0.353720874,0.0749749243,-0.29212299,-0.0125047499,0.0491023511,0.662267864,-0.222982243,0.123872124,-0.012532061,0.0470487475,0.199393198,-0.0607306734,0.234042317,-0.472338021,0.709981799,0.37282303,0.0088888118,0.287167758,-0.0298214145,-0.314490944,0.394388735,0.745833933,-0.302846223,-0.015628783,-0.282847464
-0.203541279,-0.360621631,0.760056913,0.0217951462,0.0232231002,-0.715090334,0.698306143,-0.266302317,0.0699865222,0.0489198565,0.682065964,-0.350037456,0.0741053671,-0.282064199,-0.0133639779,0.0497606173,0.656323671,-0.222041383,0.124646649,-0.0122444229,0.0465214476,0.191856593,-0.060976781,0.230229303,-0.477463663,0.689010978,0.368229657,0.00649692351,0.282242626,-0.027844524,-0.309982389,0.394786388,0.724071205,-0.295200676,-0.0177963972,-0.281163037
-0.203432992,-0.362182647,0.760452926,0.0222375505,0.0237667598,-0.713598073,0.699798942,-0.255832881,0.0703489184,0.0509495586,0.668542206,-0.345939368,0.0738407522,-0.274498373,-0.0152208088,0.0505727418,0.652192414,-0.221269384,0.124119721,-0.0132196201,0.0455103815,0.18669787,-0.052847404,0.226004273,-0.4718301,0.70276165,0.366833448,0.00904858857,0.278447747,-0.0195838232,-0.302642047,0.388722539,0.738949358,-0.292075008,-0.0146081215,-0.278765768
-0.203324705,-0.363743693,0.76084888,0.0226798486,0.0243103094,-0.712102234,0.701288223,-0.245363474,0.0707113147,0.0529792644,0.655018449,-0.341841251,0.0735761449,-0.266932547,-0.0170776397,0.0513848662,0.648061156,-0.220497385,0.123592801,-0.0141948182,0.0444993153,0.181539133,-0.0447180271,0.221779242,-0.466196507,0.716512322,0.365437239,0.0116002532,0.274652839,-0.0113231204,-0.295301706,0.38265869,0.753827572,-0.288949341,-0.0114198457,-0.276368499
-0.203216434,-0.365304738,0.761244833,0.0231220368,0.0248537436,-0.710602939,0.702773988,-0.234894067,0.0710737109,0.0550089665,0.641494632,-0.337743163,0.0733115375,-0.259366691,-0.0189344715,0.0521969907,0.643929899,-0.219725385,0.123065881,-0.0151700163,0.0434882455,0.176380411,-0.0365886502,0.217554197,-0.460562944,0.730263054,0.36404103,0.0141519178,0.27085796,-0.00306241866,-0.287961364,0.376594841,0.768705785,-0.285823673,-0.00823156908,-0.27397123
-0.203108147,-0.366865754,0.761640847,0.0235641096,0.0253970511,-0.709100008,0.704256356,-0.224424645,0.0714361146,0.0570386723,0.627970874,-0.333645076,0.0730469227,-0.251800865,-0.0207913034,0.0530091152,0.639798641,-0.218953386,0.122538961,-0.0161452144,0.0424771793,0.171221673,-0.0284592733,0.213329166,-0.454929352,0.744013727,0.362644792,0.0167035833,0.267063081,0.00519828452,-0.280621022,0.370530963,0.783583999,-0.282698035,-0.00504329288,-0.271573931
-0.202999875,-0.3684268,0.7620368,0.0240060575,0.0259402227,-0.70759362,0.705735147,-0.213955238,0.0717985108,0.0590683743,0.614447117,-0.329546958,0.0727823153,-0.244235054,-0.0226481333,0.0538212396,0.635667384,-0.218181387,0.122012042,-0.0171204116,0.0414661095,0.166062951,-0.0203298982,0.209104121,-0.449295789,0.757764399,0.361248583,0.019255247,0.263268173,0.0134589849,-0.27328068,0.364467114,0.798462152,-0.279572368,-0.00185501727,-0.269176662
-0.202848941,-0.369696736,0.762351036,0.0243644975,0.0266270693,-0.706512392,0.706779778,-0.205678508,0.0722956136,0.0604324751,0.602924407,-0.326090217,0.0726637319,-0.237587377,-0.0234925728,0.0544354804,0.630398512,-0.217281356,0.120373562,-0.0184216052,0.0399741158,0.162725076,-0.00986208301,0.209486887,-0.434649855,0.77170825,0.356389195,0.0223024245,0.263255417,0.0228661671,-0.270093858,0.350711375,0.808871508,-0.272036016,0.00062514079,-0.270284027
-0.20268029,-0.370845795,0.762631297,0.024688242,0.0273735877,-0.705607414,0.707643569,-0.19831261,0.0728486702,0.0615200885,0.592232943,-0.322899908,0.0726057962,-0.231321096,-0.0239164755,0.0549675226,0.624657035,-0.216328144,0.118273355,-0.0198582131,0.038282346,0.160143554,0.00157708651,0.211783662,-0.416260332,0.785732388,0.350091249,0.0255554281,0.264813721,0.0327495821,-0.268632382,0.33376053,0.817424595,-0.262667537,0.00281115528,-0.272847176
-0.202511638,-0.371994853,0.762911558,0.0250119325,0.0281200502,-0.704700887,0.708505809,-0.190946698,0.0734017268,0.0626077056,0.581541479,-0.319709599,0.0725478679,-0.22505483,-0.02434038,0.0554995649,0.618915617,-0.215374932,0.116173156,-0.0212948211,0.0365905799,0.157562047,0.0130162565,0.214080438,-0.397870809,0.799756527,0.343793273,0.0288084336,0.266372025,0.0426329933,-0.267170876,0.316809684,0.825977683,-0.253299028,0.0049971696,-0.275410324
-0.202342987,-0.373143882,0.763191819,0.0253355652,0.0288664475,-0.703792691,0.7093665,-0.183580801,0.0739547908,0.063695319,0.570849955,-0.31651926,0.0724899396,-0.218788549,-0.0247642826,0.0560316071,0.61317414,-0.214421719,0.114072949,-0.022731429,0.0348988101,0.15498054,0.0244554281,0.216377214,-0.379481286,0.813780725,0.337495327,0.032061439,0.267930329,0.0525164083,-0.26570937,0.299858838,0.834530771,-0.243930534,0.00718318438,-0.277973443
-0.202174336,-0.37429294,0.76347208,0.0256591402,0.0296127759,-0.702882886,0.710225523,-0.176214889,0.0745078474,0.0647829399,0.560158491,-0.313328952,0.0724320114,-0.212522268,-0.0251881853,0.0565636493,0.607432663,-0.213468507,0.111972742,-0.0241680369,0.033207044,0.152399018,0.0358945951,0.218673989,-0.361091763,0.827804863,0.331197351,0.0353144445,0.269488603,0.0623998232,-0.264247894,0.282907993,0.843083858,-0.234562039,0.00936919823,-0.280536592
-0.202016041,-0.375353992,0.763527453,0.0260231383,0.0303102508,-0.701991796,0.711063802,-0.170441598,0.0750405714,0.0652707592,0.552055955,-0.311569393,0.0723309517,-0.207866922,-0.0255607013,0.0571782216,0.604154706,-0.213773981,0.109871618,-0.0254540294,0.0314324461,0.150827661,0.0452327617,0.221621141,-0.345222771,0.841419995,0.325670213,0.0384488739,0.270814329,0.0703342035,-0.263610333,0.268487126,0.852314234,-0.226591676,0.0117081776,-0.282646179
-0.201888621,-0.376152217,0.762911558,0.0265079588,0.0308619998,-0.701159239,0.711843073,-0.169423774,0.0755125955,0.0639676377,0.551683843,-0.314082116,0.0721011236,-0.20802179,-0.0257797744,0.0580392107,0.608232498,-0.217837825,0.107767753,-0.0262902845,0.0294105187,0.152272597,0.0482973866,0.226510286,-0.336880088,0.853813946,0.322444707,0.041229248,0.271445602,0.0724488273,-0.265433013,0.261620671,0.863566995,-0.222796097,0.0145039018,-0.283401459
-0.201761216,-0.376950443,0.762295604,0.0269927308,0.031413693,-0.700325429,0.712621152,-0.16840595,0.0759846196,0.0626645088,0.551311731,-0.316594809,0.0718712956,-0.208176658,-0.0259988457,0.0589002036,0.61231029,-0.22190167,0.105663888,-0.0271265414,0.0273885895,0.153717533,0.0513620116,0.231399432,-0.328537405,0.866207838,0.319219202,0.0440096185,0.272076875,0.0745634511,-0.267255694,0.254754186,0.874819756,-0.219000503,0.017299626,-0.28415674
-0.201633796,-0.377748698,0.761679649,0.0274774544,0.031965334,-0.699490368,0.713397861,-0.167388141,0.0764566436,0.0613613799,0.55093962,-0.319107503,0.0716414675,-0.208331525,-0.0262179188,0.0597611964,0.616388083,-0.225965515,0.103560016,-0.0279627983,0.0253666621,0.155162469,0.0544266365,0.236288592,-0.320194721,0.878601789,0.315993696,0.0467899889,0.272708118,0.0766780749,-0.269078374,0.247887731,0.886072457,-0.215204909,0.0200953502,-0.28491202
-0.201506376,-0.378546923,0.761063695,0.0279621277,0.0325169154,-0.698653996,0.714173257,-0.166370317,0.0769286677,0.060058251,0.550567508,-0.321620226,0.071411632,-0.208486393,-0.026436992,0.0606221892,0.620465875,-0.230029374,0.10145615,-0.0287990551,0.0233447347,0.156607404,0.0574912615,0.241177738,-0.311852038,0.890995681,0.312768161,0.049570363,0.273339391,0.0787926987,-0.270901054,0.241021261,0.897325218,-0.211409315,0.0228910744,-0.28566733
-0.201378971,-0.379345179,0.760447741,0.028446747,0.0330684334,-0.697816372,0.714947402,-0.165352494,0.0774006918,0.0587551221,0.550195396,-0.324132919,0.0711818039,-0.208641261,-0.0266560633,0.061483182,0.624543667,-0.234093219,0.0993522778,-0.0296353102,0.0213228054,0.15805234,0.0605558865,0.246066883,-0.303509325,0.903389633,0.309542656,0.0523507334,0.273970664,0.0809073225,-0.272723734,0.234154806,0.908577979,-0.207613721,0.0256867986,-0.28642261
-0.20122534,-0.379373044,0.757892787,0.0298579428,0.0346521959,-0.697359502,0.715260506,-0.184473976,0.077815786,0.0545342304,0.574233174,-0.334117353,0.0738987625,-0.226843104,-0.0266354997,0.0635510609,0.648483753,-0.245645046,0.095699057,-0.0306299664,0.0198759213,0.174637288,0.0309009962,0.250785828,-0.316958606,0.908463061,0.308275968,0.0550289713,0.277841955,0.0533845872,-0.275381207,0.247071534,0.916733623,-0.207195982,0.0279609971,-0.289344549
-0.201064974,-0.379202574,0.754838586,0.0315075852,0.0365015864,-0.696996987,0.715451002,-0.208780974,0.0782162249,0.0495620631,0.604556024,-0.346025616,0.0773744658,-0.249691725,-0.0265532304,0.065929696,0.677538097,-0.259124905,0.0916469023,-0.0316654071,0.0185771007,0.195120513,-0.00717859529,0.255460948,-0.33601895,0.911651552,0.307513654,0.0576809123,0.282547504,0.0182307474,-0.278253615,0.265082121,0.924091756,-0.207647994,0.03010091,-0.292824388
-0.200904608,-0.379032105,0.751784325,0.0331570543,0.0383507796,-0.696630001,0.715637088,-0.233087972,0.0786166638,0.044589892,0.634878874,-0.357933879,0.0808501691,-0.272540361,-0.0264709629,0.0683083311,0.706592441,-0.272604734,0.0875947401,-0.0327008478,0.0172782782,0.215603739,-0.0452581942,0.260136068,-0.355079263,0.914840043,0.306751311,0.0603328533,0.287253022,-0.016923096,-0.281126022,0.283092678,0.93144995,-0.208100006,0.0322408229,-0.296304226
-0.200744241,-0.378861636,0.748730123,0.0348063149,0.0401997268,-0.696258783,0.715818644,-0.257394969,0.0790171027,0.0396177247,0.665201724,-0.369842142,0.0843258724,-0.295388967,-0.0263886955,0.0706869587,0.735646725,-0.286084592,0.0835425854,-0.0337362848,0.0159794576,0.236086965,-0.0833377764,0.264811158,-0.374139607,0.918028533,0.305988967,0.0629847944,0.29195857,-0.0520769283,-0.2839984,0.301103264,0.938808084,-0.208552003,0.0343807377,-0.299784034
-0.20058386,-0.378691167,0.745675921,0.0364553295,0.042048391,-0.695883036,0.715995669,-0.281701952,0.0794175416,0.0346455574,0.695524573,-0.381750405,0.0878015682,-0.318237603,-0.026306428,0.0730655938,0.764701068,-0.299564451,0.0794904307,-0.0347717255,0.014680637,0.25657019,-0.121417381,0.269486278,-0.393199921,0.921217024,0.305226654,0.0656367391,0.296664119,-0.0872307718,-0.286870807,0.319113821,0.946166277,-0.209004015,0.0365206525,-0.303263873
-0.200438365,-0.378027201,0.742309749,0.0389823392,0.0448901802,-0.695993185,0.715582907,-0.311329186,0.0799954757,0.0292811692,0.726702392,-0.392895877,0.090289332,-0.347160161,-0.0260757841,0.074878484,0.795110166,-0.310714185,0.0771701112,-0.0354967378,0.0139775379,0.275541872,-0.163002536,0.272632152,-0.416252494,0.919177413,0.306362867,0.0671828985,0.300904244,-0.126736715,-0.290188372,0.339984685,0.94909656,-0.211093068,0.0378100462,-0.306182474
-0.200321764,-0.37640354,0.73833704,0.043216534,0.0496629775,-0.697034538,0.714008927,-0.351302326,0.0809185654,0.0231540557,0.759542704,-0.402557939,0.0908558965,-0.387894362,-0.0255566016,0.0755911916,0.828153908,-0.317332655,0.0782176182,-0.0356180668,0.0144329062,0.291574061,-0.211404771,0.272804171,-0.447068602,0.906971037,0.311191142,0.0665787011,0.304239243,-0.174705938,-0.294371635,0.366417855,0.943416238,-0.216365606,0.0374454856,-0.308009654
-0.200205162,-0.37477988,0.734364271,0.0474493355,0.0544341654,-0.698045254,0.712403178,-0.391275495,0.0818416625,0.0170269404,0.792383075,-0.412220031,0.091422461,-0.428628594,-0.0250374209,0.0763038993,0.861197591,-0.323951125,0.0792651251,-0.0357393995,0.0148882754,0.30760628,-0.259806991,0.27297619,-0.47788471,0.894764662,0.316019416,0.0659745112,0.307574242,-0.222675174,-0.298554897,0.392851025,0.937735915,-0.221638143,0.037080925,-0.309836864
-0.200088561,-0.37315622,0.730391562,0.0516801737,0.0592030995,-0.699025035,0.710765839,-0.431248635,0.0827647597,0.0108998278,0.825223446,-0.421882093,0.0919890255,-0.469362795,-0.0245182384,0.0770166144,0.894241273,-0.330569595,0.0803126246,-0.0358607322,0.0153436437,0.323638469,-0.308209211,0.273148209,-0.508700788,0.882558346,0.32084769,0.0653703138,0.310909271,-0.270644397,-0.30273816,0.419284165,0.932055533,-0.226910681,0.0367163643,-0.311664045
-0.199971974,-0.37153253,0.726418853,0.0559085123,0.0639691725,-0.699973941,0.709097147,-0.471221805,0.0836878493,0.00477271201,0.858063757,-0.431544155,0.09255559,-0.510097027,-0.0239990558,0.077729322,0.927285016,-0.337188095,0.0813601315,-0.0359820649,0.0157990139,0.339670658,-0.35661146,0.273320198,-0.539516866,0.87035197,0.325675964,0.0647661239,0.31424427,-0.318613619,-0.306921422,0.445717335,0.92637521,-0.232183233,0.0363518037,-0.313491255
-0.199855372,-0.369908869,0.722446084,0.0601337627,0.0687317252,-0.700891674,0.707397282,-0.511194944,0.0846109465,-0.0013544031,0.890904129,-0.441206247,0.0931221545,-0.550831258,-0.0234798752,0.0784420371,0.960328698,-0.343806565,0.082407631,-0.0361033976,0.0162543822,0.355702877,-0.40501371,0.273492217,-0.570333004,0.858145595,0.330504239,0.0641619265,0.317579299,-0.36658287,-0.311104685,0.472150475,0.920694888,-0.23745577,0.0359872431,-0.315318435
-0.199876279,-0.367585361,0.714951754,0.0637694746,0.0720732138,-0.702630758,0.705016971,-0.555804193,0.082340315,-0.00891201757,0.938939691,-0.458052814,0.0944978371,-0.598268807,-0.0234820377,0.0769603178,1.00740433,-0.352352709,0.0832768232,-0.0343548246,0.017194638,0.366774917,-0.44951883,0.273139358,-0.60031867,0.823082089,0.341895074,0.0596104786,0.3217071,-0.41519475,-0.312884182,0.50287044,0.892422199,-0.249832094,0.0322225392,-0.315593898
-0.19991523,-0.365170002,0.70699507,0.067326501,0.0752266198,-0.704458952,0.702528059,-0.601022065,0.0796504319,-0.0166574214,0.988970041,-0.475842535,0.0959797427,-0.646586418,-0.0235526394,0.0751905367,1.05632198,-0.361151904,0.0841225982,-0.0323607847,0.018198546,0.377195865,-0.493512392,0.272717595,-0.63019532,0.785018027,0.354147404,0.0545408539,0.325939,-0.46389097,-0.314348131,0.534153104,0.861183703,-0.263140976,0.0280114859,-0.315665662
-0.199954182,-0.362754613,0.699038446,0.070881553,0.0783777684,-0.706264555,0.700016439,-0.646239877,0.0769605488,-0.0244028233,1.03900027,-0.493632257,0.0974616483,-0.69490397,-0.0236232411,0.0734207481,1.10523963,-0.369951099,0.0849683806,-0.030366743,0.019202454,0.387616783,-0.537505925,0.272295833,-0.660071969,0.746954024,0.366399735,0.0494712293,0.330170929,-0.51258719,-0.315812081,0.565435827,0.829945207,-0.276449859,0.0238004327,-0.315737396
-0.199993134,-0.360339224,0.691081822,0.0744343027,0.0815263763,-0.708047509,0.697482467,-0.691457748,0.0742706656,-0.0321482271,1.08903062,-0.511421978,0.0989435539,-0.743221581,-0.0236938447,0.071650967,1.1541574,-0.378750324,0.0858141631,-0.0283727013,0.020206362,0.398037732,-0.581499517,0.27187407,-0.689948618,0.708889961,0.378652066,0.0444016047,0.334402829,-0.561283469,-0.317276031,0.59671849,0.798706651,-0.289758712,0.0195893776,-0.31580916
-0.2000321,-0.357923865,0.683125138,0.0779843852,0.0846721232,-0.709807575,0.694926143,-0.73667562,0.0715807751,-0.0398936346,1.13906097,-0.5292117,0.100425459,-0.791539133,-0.0237644464,0.0698811784,1.20307505,-0.38754952,0.0866599381,-0.0263786595,0.02121027,0.40845865,-0.62549305,0.271452308,-0.719825268,0.670825899,0.390904367,0.03933198,0.338634729,-0.609979689,-0.31873998,0.628001213,0.767468154,-0.303067595,0.0153783225,-0.315880924
-0.200145453,-0.355525672,0.673618734,0.0810620189,0.0868297294,-0.711480916,0.69259268,-0.780861855,0.0663577989,-0.046707686,1.19384861,-0.547634125,0.10188219,-0.839792848,-0.0232865438,0.0685746744,1.25505722,-0.397593737,0.086396575,-0.0245599076,0.0224270504,0.417317361,-0.665907264,0.269621938,-0.744983971,0.628229976,0.40338558,0.0344956778,0.343192428,-0.655341446,-0.317721784,0.656966448,0.731453598,-0.315221816,0.0103786886,-0.315449446
-0.200358152,-0.353150398,0.66204381,0.0835114717,0.0876709074,-0.713055789,0.690573037,-0.823671341,0.0577538647,-0.0522786602,1.25498581,-0.566900969,0.103305325,-0.887961268,-0.022076549,0.0678865239,1.31112969,-0.409299701,0.0846528262,-0.0229751207,0.0239279531,0.424090981,-0.701544106,0.26591149,-0.763845503,0.579585373,0.416172236,0.0299707875,0.348185003,-0.696252525,-0.313390613,0.682838619,0.689064324,-0.32583493,0.00432652654,-0.314346343
-0.200570837,-0.350775152,0.650468886,0.0859598964,0.0885109454,-0.714621365,0.688544154,-0.866480827,0.0491499342,-0.0578496307,1.31612301,-0.586167872,0.10472846,-0.936129689,-0.0208665542,0.0671983659,1.36720216,-0.421005666,0.0829090774,-0.0213903338,0.0254288539,0.430864573,-0.737180948,0.262201041,-0.782707095,0.530940771,0.428958893,0.0254458971,0.353177547,-0.737163663,-0.309059441,0.70871073,0.64667505,-0.336448044,-0.00172563549,-0.31324324
-0.200783521,-0.348399878,0.638893962,0.088407211,0.0893498212,-0.716177464,0.686506152,-0.909290254,0.040546,-0.0634206012,1.37726021,-0.605434716,0.106151596,-0.98429811,-0.0196565576,0.066510208,1.42327464,-0.432711631,0.0811653286,-0.019805545,0.0269297566,0.437638193,-0.772817791,0.258490592,-0.801568627,0.482296169,0.441745579,0.0209210068,0.358170122,-0.778074741,-0.30472827,0.734582901,0.604285777,-0.347061157,-0.00777779706,-0.312140137
-0.200996205,-0.346024632,0.627319038,0.0908532962,0.0901874974,-0.717723966,0.684459031,-0.952099741,0.0319420695,-0.0689915791,1.43839741,-0.624701619,0.107574724,-1.03246653,-0.0184465628,0.06582205,1.47934711,-0.444417566,0.0794215798,-0.0182207581,0.0284306593,0.444411814,-0.808454692,0.254780143,-0.820430219,0.433651567,0.454532236,0.0163961165,0.363162667,-0.818985879,-0.300397098,0.760455012,0.561896503,-0.357674241,-0.0138299596,-0.311037004
-0.201208889,-0.343649387,0.615744114,0.0932980776,0.0910239443,-0.719260991,0.682403028,-0.994909227,0.0233381372,-0.0745625496,1.49953461,-0.643968463,0.108997859,-1.08063495,-0.017236568,0.0651338995,1.53541958,-0.456123531,0.0776778385,-0.0166359693,0.0299315602,0.451185405,-0.844091475,0.251069725,-0.839291751,0.385006964,0.467318892,0.0118712271,0.368155241,-0.859896958,-0.296065956,0.786327183,0.519507229,-0.368287355,-0.0198821202,-0.309933901
-0.201600641,-0.341670156,0.603206813,0.091895625,0.0893302858,-0.719113648,0.682972074,-1.02671778,0.0104702609,-0.0766364858,1.55496931,-0.658330917,0.10833592,-1.11240578,-0.0173219237,0.0646000579,1.58696544,-0.471428931,0.0757366195,-0.0167616103,0.0346366949,0.455653012,-0.863549531,0.2411374,-0.848741591,0.349303752,0.478061616,0.0116499085,0.374238521,-0.882329524,-0.287888259,0.801593661,0.483604819,-0.374579728,-0.023784738,-0.311870009
-0.201997429,-0.33970204,0.590642512,0.0903845802,0.0875650346,-0.718915105,0.683611155,-1.05821729,-0.00251738844,-0.0786121935,1.6102438,-0.672555625,0.107615404,-1.14371586,-0.0174436644,0.0640705451,1.63838434,-0.48683542,0.0737898499,-0.0169352964,0.0394318402,0.460055858,-0.882553041,0.231030315,-0.857927024,0.313964069,0.488746911,0.0115494756,0.380352467,-0.904243052,-0.279602498,0.816562235,0.447884649,-0.380750716,-0.0276269764,-0.31389147
-0.202394217,-0.337733924,0.57807821,0.0888729841,0.085799247,-0.71871227,0.684246182,-1.08971679,-0.0155050363,-0.0805879086,1.66551828,-0.686780334,0.106894888,-1.17502606,-0.017565405,0.0635410398,1.68980312,-0.50224191,0.0718430877,-0.0171089824,0.0442269817,0.464458704,-0.901556611,0.22092323,-0.867112517,0.278624386,0.499432236,0.0114490427,0.386466384,-0.926156521,-0.271316767,0.831530809,0.412164479,-0.386921734,-0.0314692147,-0.315912962
-0.202791005,-0.335765809,0.565513909,0.0873608813,0.0840329751,-0.718505263,0.684877276,-1.1212163,-0.0284926873,-0.0825636163,1.72079277,-0.701005042,0.10617438,-1.20633626,-0.0176871475,0.0630115345,1.7412219,-0.517648458,0.0698963255,-0.0172826685,0.0490221232,0.46886155,-0.920560122,0.210816145,-0.876297951,0.243284687,0.510117531,0.0113486089,0.39258033,-0.948070049,-0.263031006,0.846499443,0.37644428,-0.393092722,-0.035311453,-0.317934424
-0.203187793,-0.333797693,0.552949607,0.0858482793,0.0822662339,-0.718294084,0.685504258,-1.1527158,-0.0414803326,-0.084539324,1.77606726,-0.71522975,0.105453864,-1.23764646,-0.0178088881,0.0624820292,1.79264081,-0.533054948,0.0679495558,-0.0174563546,0.053817261,0.473264396,-0.939563692,0.20070906,-0.885483384,0.207945004,0.520802855,0.011248176,0.398694247,-0.969983578,-0.254745275,0.861468017,0.340724111,-0.39926374,-0.0391536914,-0.319955885
-0.203413129,-0.331824005,0.541577041,0.0839267373,0.0801066533,-0.718370855,0.685917258,-1.18024397,-0.0541316494,-0.0844878033,1.82434368,-0.726500213,0.104546018,-1.26329064,-0.0182170644,0.06081561,1.83707881,-0.546354532,0.0656865537,-0.0194822438,0.0570193343,0.476870477,-0.951139867,0.196362451,-0.890879631,0.180714622,0.528809249,0.0124784727,0.404751152,-0.983215332,-0.251607567,0.87079978,0.308038265,-0.401699781,-0.0419095382,-0.323879898
-0.203478307,-0.32984513,0.531317711,0.08162269,0.077579625,-0.718713284,0.686127186,-1.20406246,-0.0664688051,-0.0825426504,1.86608338,-0.73501122,0.103463188,-1.28364217,-0.0188928023,0.0580872111,1.87499607,-0.55768615,0.0631281435,-0.0232382696,0.0587333217,0.479732305,-0.955778182,0.197396681,-0.892736256,0.161059096,0.534313381,0.0149517963,0.41075477,-0.988337398,-0.253278583,0.874866188,0.278186768,-0.400647074,-0.0436505936,-0.329581112
-0.203543484,-0.327866226,0.521058381,0.0793175995,0.0750515983,-0.71904707,0.686328828,-1.22788095,-0.0788059533,-0.080597505,1.90782309,-0.743522227,0.102380358,-1.30399382,-0.0195685383,0.0553588085,1.91291344,-0.569017768,0.0605697371,-0.0269942954,0.0604473129,0.482594162,-0.960416496,0.198430911,-0.894592941,0.141403586,0.539817452,0.0174251199,0.416758388,-0.993459523,-0.254949629,0.878932655,0.248335272,-0.399594337,-0.045391649,-0.335282296
-0.203608662,-0.325887322,0.51079905,0.0770115703,0.0725226849,-0.719372451,0.686522484,-1.25169945,-0.0911431089,-0.0786523521,1.94956279,-0.752033234,0.10129752,-1.32434547,-0.0202442743,0.0526304096,1.9508307,-0.580349386,0.0580113269,-0.0307503194,0.0621613003,0.48545602,-0.96505481,0.199465126,-0.896449625,0.12174806,0.545321584,0.0198984444,0.422762007,-0.998581648,-0.256620646,0.882999063,0.218483761,-0.3985416,-0.0471327044,-0.34098351
-0.20367384,-0.323908448,0.50053978,0.074704662,0.0699929371,-0.71968925,0.686707914,-1.27551794,-0.103480257,-0.0767072067,1.99130249,-0.76054424,0.10021469,-1.344697,-0.0209200103,0.049902007,1.98874795,-0.591681004,0.0554529205,-0.0345063433,0.0638752878,0.488317847,-0.969693184,0.200499356,-0.89830631,0.102092542,0.550825655,0.022371769,0.428765595,-1.00370383,-0.258291692,0.88706547,0.18863228,-0.397488892,-0.0488737598,-0.346684694
-0.20374772,-0.321940988,0.490492374,0.0724387914,0.0674806312,-0.720028043,0.686846972,-1.29893351,-0.115483746,-0.0746845454,2.03218746,-0.768728375,0.0990277454,-1.36461127,-0.0214715395,0.0471282601,2.02580428,-0.602625549,0.0530050583,-0.0380133837,0.0655054078,0.491118193,-0.97374177,0.202531353,-0.899710476,0.0839844346,0.555931449,0.0250379499,0.434738576,-1.00817394,-0.261008531,0.890676081,0.16047436,-0.396320999,-0.0502595976,-0.35254243
-0.203954399,-0.320148408,0.483684987,0.0708115473,0.0652450696,-0.720826924,0.686394513,-1.31619155,-0.122386418,-0.071476981,2.06000566,-0.771915019,0.0962491259,-1.3778398,-0.0201242696,0.0436612964,2.0496974,-0.60765332,0.0522471517,-0.0377140567,0.0658533797,0.492978394,-0.968775034,0.219816864,-0.894196928,0.0895322636,0.55494839,0.0306524038,0.440242916,-1.0026772,-0.279713035,0.887317717,0.158207074,-0.393392324,-0.046215076,-0.360793442
-0.204161093,-0.318355858,0.4768776,0.0691836551,0.0630088896,-0.721619725,0.685936272,-1.33344948,-0.129289091,-0.0682694241,2.08782411,-0.775101721,0.0934705064,-1.39106846,-0.0187770016,0.0401943289,2.07359052,-0.612681031,0.0514892451,-0.0374147333,0.0662013516,0.494838595,-0.963808358,0.237102374,-0.888683379,0.0950800925,0.553965271,0.0362668596,0.445747256,-0.997180462,-0.298417568,0.883959353,0.155939803,-0.39046368,-0.0421705544,-0.369044423
-0.204367772,-0.316563278,0.470070213,0.0675551593,0.0607721545,-0.722406447,0.685472131,-1.35070753,-0.13619177,-0.0650618598,2.11564231,-0.778288424,0.0906918868,-1.40429699,-0.0174297318,0.0367273614,2.0974834,-0.617708802,0.0507313386,-0.0371154062,0.066549316,0.496698797,-0.958841622,0.254387885,-0.88316983,0.100627922,0.552982152,0.0418813154,0.451251626,-0.991683662,-0.317122072,0.880600989,0.153672516,-0.387535036,-0.0381260328,-0.377295434
-0.204574466,-0.314770728,0.463262826,0.0659261048,0.0585349202,-0.723187029,0.685002267,-1.36796546,-0.14309445,-0.0618542992,2.14346075,-0.781475127,0.0879132673,-1.41752553,-0.0160824638,0.0332603976,2.12137651,-0.622736514,0.049973432,-0.0368160829,0.066897288,0.498558998,-0.953874886,0.271673381,-0.877656281,0.106175743,0.551999032,0.0474957712,0.456755966,-0.986186922,-0.335826576,0.877242625,0.151405245,-0.384606361,-0.0340815149,-0.385546416
-0.20478116,-0.312978148,0.456455439,0.0642965138,0.0562972315,-0.723961353,0.684526563,-1.38522339,-0.149997115,-0.0586467385,2.17127895,-0.78466177,0.0851346478,-1.43075407,-0.0147351939,0.0297934301,2.14526963,-0.627764285,0.0492155217,-0.0365167558,0.0672452524,0.500419199,-0.94890815,0.288958907,-0.872142732,0.111723572,0.551015973,0.053110227,0.462260306,-0.980690181,-0.35453108,0.873884261,0.149137959,-0.381677717,-0.0300369933,-0.393797427
-0.205203339,-0.311419278,0.451341987,0.0631367564,0.0543949939,-0.724604666,0.684107423,-1.39894354,-0.152941659,-0.0552536324,2.19275212,-0.786584318,0.0823078677,-1.44117796,-0.0130380634,0.0264767762,2.16292405,-0.630246818,0.049649816,-0.0350916088,0.0669457242,0.501884997,-0.937222242,0.313757956,-0.862135112,0.12585938,0.546675086,0.0575047657,0.468181461,-0.96719116,-0.382667869,0.865557373,0.153825417,-0.376028687,-0.0267994273,-0.402929157
-0.205765784,-0.31001246,0.447330981,0.0622827671,0.0527110659,-0.725163162,0.683725715,-1.41036117,-0.153310135,-0.0517397672,2.21009588,-0.787684083,0.0794497505,-1.44977653,-0.0111132339,0.0232579466,2.17651796,-0.631072819,0.050860025,-0.0329337455,0.0662247762,0.503094137,-0.921163321,0.34344703,-0.849202573,0.145584494,0.540148914,0.0611053556,0.474373877,-0.948484063,-0.416943401,0.853996813,0.163039207,-0.36860919,-0.0240870491,-0.412634134
-0.206328213,-0.308605641,0.443319976,0.0614285246,0.0510269105,-0.725718737,0.683341146,-1.4217788,-0.153678611,-0.048225902,2.2274394,-0.788783908,0.0765916258,-1.45837522,-0.00918840431,0.0200391188,2.19011188,-0.63189882,0.052070234,-0.0307758804,0.0655038282,0.504303277,-0.905104339,0.373136103,-0.836270034,0.165309608,0.533622682,0.0647059381,0.480566323,-0.929776967,-0.451218933,0.842436314,0.172253013,-0.361189693,-0.0213746708,-0.422339082
-0.206890658,-0.307198852,0.439308971,0.0605740286,0.0493425429,-0.726271331,0.682953894,-1.43319643,-0.154047072,-0.0447120368,2.24478292,-0.789883673,0.0737335086,-1.46697378,-0.00726357428,0.0168202911,2.20370603,-0.632724822,0.0532804392,-0.0286180153,0.0647828802,0.505512416,-0.889045358,0.402825177,-0.823337495,0.185034722,0.52709651,0.068306528,0.486758739,-0.91106987,-0.485494465,0.830875754,0.181466803,-0.353770167,-0.0186622925,-0.432044059
-0.207453087,-0.305792034,0.435297936,0.0597193055,0.0476579964,-0.726821065,0.682563901,-1.44461405,-0.154415548,-0.0411981717,2.26212668,-0.790983438,0.0708753839,-1.47557235,-0.00533874426,0.0136014614,2.21729994,-0.633550823,0.0544906482,-0.0264601521,0.0640619323,0.506721497,-0.872986436,0.43251425,-0.810404956,0.204759836,0.520570338,0.071907118,0.492951155,-0.892362773,-0.519770026,0.819315195,0.190680608,-0.34635067,-0.0159499142,-0.441749007
-0.208013356,-0.304450125,0.431886673,0.0590953156,0.0463728085,-0.727260113,0.682239115,-1.45543182,-0.154269576,-0.038500879,2.27656221,-0.79144913,0.0680522695,-1.48371911,-0.00329303672,0.0108390264,2.22851396,-0.633639634,0.0560980216,-0.0241082087,0.0634841397,0.507867098,-0.857322514,0.459426165,-0.798510253,0.225115761,0.514113247,0.0752807334,0.498464376,-0.87393707,-0.550912917,0.808053672,0.201674253,-0.339322507,-0.0131317899,-0.450784206
-0.208561316,-0.303475529,0.431870729,0.0597788021,0.0473494455,-0.727086663,0.682297289,-1.46285319,-0.151211023,-0.0404265895,2.27453399,-0.788324714,0.0654273331,-1.48930812,-0.000562976522,0.0106604658,2.22625351,-0.62955457,0.0599539243,-0.0206574909,0.0637168214,0.508653045,-0.843895376,0.470615268,-0.792491317,0.249042973,0.50804764,0.0773693249,0.500132143,-0.85710454,-0.564320147,0.79848516,0.22274451,-0.334509879,-0.00971497875,-0.456027597
-0.209109262,-0.302500963,0.431854814,0.0604622066,0.0483260192,-0.7269122,0.68235451,-1.47027469,-0.148152471,-0.0423523001,2.27250576,-0.785200298,0.0628023967,-1.49489725,0.00216708356,0.0104819043,2.2239933,-0.625469565,0.063809827,-0.017206775,0.0639495105,0.509438992,-0.830468178,0.481804371,-0.78647238,0.2729702,0.501981974,0.0794579238,0.501799881,-0.840272009,-0.577727437,0.788916647,0.243814766,-0.329697251,-0.00629816763,-0.461270988
-0.209657222,-0.301526368,0.4318389,0.0611455254,0.0493025258,-0.726736724,0.682410657,-1.47769618,-0.145093918,-0.0442780145,2.27047729,-0.782075882,0.0601774603,-1.50048625,0.00489714369,0.0103033436,2.22173285,-0.621384501,0.0676657334,-0.0137560572,0.0641821921,0.510224938,-0.817041039,0.492993504,-0.780453444,0.296897411,0.495916307,0.0815465152,0.503467619,-0.823439479,-0.591134667,0.779348075,0.264885038,-0.324884623,-0.00288135628,-0.466514379
-0.210205182,-0.300551802,0.431822985,0.0618287474,0.0502789505,-0.726560116,0.682465851,-1.48511767,-0.142035365,-0.046203725,2.26844907,-0.778951406,0.0575525239,-1.50607526,0.00762720406,0.0101247821,2.21947265,-0.617299497,0.0715216324,-0.0103053395,0.0644148737,0.511010885,-0.803613842,0.504182577,-0.774434507,0.320824623,0.48985067,0.0836351141,0.505135357,-0.806607008,-0.604541957,0.769779563,0.28595531,-0.320071995,0.000535455591,-0.47175777
-0.210753128,-0.299577206,0.431807041,0.0625118911,0.0512553081,-0.726382554,0.682520092,-1.49253905,-0.138976812,-0.0481294394,2.26642084,-0.775826991,0.0549275875,-1.51166439,0.0103572635,0.00994622149,2.21721244,-0.613214433,0.0753775388,-0.00685462309,0.0646475554,0.511796772,-0.790186703,0.51537168,-0.76841557,0.344751835,0.483785003,0.0857237056,0.506803095,-0.789774477,-0.617949188,0.760211051,0.307025552,-0.315259397,0.00395226618,-0.477001131
-0.211039782,-0.298839271,0.439240724,0.0635255575,0.0527056456,-0.726278841,0.682426393,-1.48558927,-0.132033005,-0.0490848124,2.23137307,-0.766127229,0.0551163331,-1.50197375,0.0124520604,0.0117370402,2.18390059,-0.604183793,0.0791835859,-0.00459594559,0.0647173375,0.512391686,-0.780481219,0.515169501,-0.762327492,0.372932523,0.476316005,0.0875500441,0.507169247,-0.779025376,-0.619242549,0.750187516,0.338008702,-0.310817748,0.00774312345,-0.479595661
-0.211211458,-0.298205465,0.449951768,0.0646844581,0.0543643571,-0.726205468,0.68226546,-1.47231698,-0.123379961,-0.049613297,2.1817987,-0.753534675,0.0565429144,-1.48556125,0.0142673822,0.0143942572,2.13692808,-0.592977405,0.0829676986,-0.00286168861,0.064715445,0.512902558,-0.772413015,0.509955883,-0.756209016,0.402984411,0.468229592,0.0892609954,0.506962776,-0.770952523,-0.61520648,0.73996383,0.373352855,-0.306539327,0.0116985356,-0.481024832
-0.211383149,-0.297571659,0.460662782,0.0658430979,0.0560228564,-0.726129055,0.682101727,-1.45904469,-0.114726916,-0.0501417853,2.13222456,-0.740942121,0.0579694957,-1.46914864,0.0160827041,0.0170514751,2.08995557,-0.581770957,0.0867518187,-0.00112743187,0.0647135526,0.513413429,-0.764344871,0.504742265,-0.750090539,0.433036327,0.460143179,0.0909719467,0.506756365,-0.762879729,-0.611170471,0.729740083,0.408697009,-0.302260906,0.0156539474,-0.482454032
-0.211554825,-0.296937853,0.471373826,0.0670014694,0.0576811321,-0.726049721,0.681935191,-1.44577253,-0.106073864,-0.0506702699,2.08265018,-0.728349566,0.0593960769,-1.45273602,0.0178980269,0.019708693,2.04298306,-0.570564568,0.0905359313,0.000606825168,0.0647116601,0.513924241,-0.756276667,0.499528646,-0.743972063,0.463088244,0.452056795,0.092682898,0.506549895,-0.754806936,-0.607134402,0.719516397,0.444041163,-0.297982484,0.01960936,-0.483883202
-0.211726516,-0.296304047,0.482084841,0.0681595579,0.0593391508,-0.725967348,0.681765854,-1.43250024,-0.0974208191,-0.0511987582,2.03307605,-0.715757012,0.0608226582,-1.4363234,0.0197133478,0.0223659091,1.99601066,-0.55935812,0.0943200439,0.00234108162,0.0647097677,0.514435112,-0.748208463,0.494315028,-0.737853527,0.493140131,0.443970382,0.0943938494,0.506343424,-0.746734142,-0.603098392,0.70929271,0.479385316,-0.293704063,0.0235647727,-0.485312402
-0.211795986,-0.295928895,0.494357765,0.0682229549,0.0599800833,-0.725978792,0.681691229,-1.4104377,-0.0884888172,-0.0494891107,1.97837937,-0.702281237,0.0624806583,-1.41149354,0.0200481918,0.0242189467,1.94278252,-0.546652138,0.0980447233,0.00339946151,0.0649618059,0.514556408,-0.734280944,0.487995982,-0.729138374,0.522894382,0.43610847,0.0949633047,0.504835486,-0.732700586,-0.597944736,0.696725547,0.513272345,-0.290435582,0.0268832911,-0.485142916
-0.211539701,-0.296378076,0.511608362,0.0647974759,0.0573794954,-0.726289332,0.681918502,-1.3603605,-0.0786678046,-0.0406465717,1.90735793,-0.685990632,0.0648761988,-1.35983801,0.0156647786,0.023509074,1.86961782,-0.529167056,0.101579964,0.00230383151,0.0660231113,0.513436019,-0.701679528,0.478154004,-0.712147593,0.551699996,0.428961962,0.0918948352,0.499179929,-0.699670196,-0.589229167,0.676689923,0.542515457,-0.290385872,0.0281720385,-0.479878485
-0.211283416,-0.296827257,0.52885896,0.0613706037,0.0547776967,-0.726586401,0.682133019,-1.31028342,-0.068846792,-0.0318040326,1.83633649,-0.669700027,0.0672717318,-1.30818236,0.0112813646,0.0227991994,1.79645312,-0.511681914,0.105115205,0.00120820152,0.0670844093,0.512315631,-0.669078171,0.468312025,-0.695156813,0.58050555,0.421815455,0.0888263658,0.493524373,-0.666639864,-0.580513537,0.656654298,0.571758509,-0.290336132,0.029460784,-0.474614054
-0.21102713,-0.297276437,0.546109498,0.0579425171,0.0521748215,-0.726869762,0.6823349,-1.26020622,-0.0590257794,-0.0229614917,1.76531494,-0.653409421,0.0696672723,-1.25652683,0.00689795054,0.0220893268,1.7232883,-0.494196773,0.108650446,0.000112571252,0.0681457147,0.511195242,-0.636476815,0.458470047,-0.678166032,0.609311163,0.414668947,0.0857578963,0.487868816,-0.633609474,-0.571797967,0.636618674,0.60100162,-0.290286392,0.0307495315,-0.469349623
-0.210770845,-0.297725618,0.563360095,0.0545134172,0.0495710298,-0.727139711,0.682523966,-1.21012914,-0.0492047705,-0.0141189545,1.6942935,-0.637118816,0.0720628053,-1.20487118,0.00251453789,0.0213794522,1.6501236,-0.476711661,0.112185687,-0.000983058591,0.0692070127,0.510074854,-0.603875458,0.448628068,-0.661175251,0.638116777,0.40752244,0.0826894343,0.482213259,-0.600579143,-0.563082397,0.616583049,0.630244732,-0.290236682,0.0320382789,-0.464085191
-0.21051456,-0.298174798,0.580610693,0.0510834903,0.0469664559,-0.727395952,0.682700336,-1.16005194,-0.0393837579,-0.00527641363,1.62327206,-0.620828211,0.0744583458,-1.15321565,-0.00186887628,0.0206695795,1.57695889,-0.459226519,0.115720928,-0.00207868894,0.0702683181,0.508954465,-0.571274102,0.438786089,-0.64418447,0.66692239,0.400375932,0.0796209648,0.476557702,-0.567548752,-0.554366827,0.596547425,0.659487844,-0.290186942,0.0333270244,-0.45882076
-0.210318714,-0.30045411,0.595582962,0.0482109897,0.0446897261,-0.727629006,0.682813764,-1.1084758,-0.0321761221,0.00375461928,1.55832422,-0.603072345,0.0769296363,-1.10079694,-0.00620106887,0.0187693201,1.51149571,-0.442029208,0.117980145,-0.00126742583,0.0707662851,0.499880344,-0.527789235,0.433234751,-0.616022348,0.691708863,0.393096,0.0758697838,0.471250296,-0.525498748,-0.548466027,0.568754852,0.679608583,-0.288259685,0.0330168791,-0.453435272
-0.210139588,-0.303240031,0.609924614,0.0454922728,0.0425032862,-0.727849901,0.682904422,-1.05648482,-0.0256919228,0.0128378309,1.49505758,-0.58491081,0.0794219002,-1.04816711,-0.0105190827,0.0165395364,1.44816434,-0.424911559,0.11988613,7.17056319E-05,0.071108304,0.488604426,-0.481291533,0.428871125,-0.584767759,0.715382814,0.385779142,0.0719296187,0.46603927,-0.480951905,-0.543344498,0.538814962,0.697204053,-0.285812676,0.0322641209,-0.448016316
-0.209960461,-0.306025952,0.624266207,0.0427729413,0.04031628,-0.728061974,0.682986796,-1.00449383,-0.0192077234,0.0219210442,1.43179095,-0.566749275,0.0819141567,-0.995537221,-0.0148370964,0.0143097518,1.38483298,-0.407793909,0.121792123,0.0014108374,0.0714503303,0.477328509,-0.43479389,0.424507529,-0.553513169,0.739056706,0.378462255,0.0679894537,0.460828245,-0.436405033,-0.538222909,0.508875012,0.714799583,-0.283365667,0.0315113664,-0.442597359
-0.209781349,-0.308811903,0.6386078,0.0400530882,0.0381287783,-0.728265107,0.683060765,-0.952502787,-0.0127235269,0.0310042538,1.36852431,-0.548587739,0.0844064206,-0.942907333,-0.0191551093,0.0120799681,1.32150173,-0.39067626,0.123698108,0.00274996855,0.0717923492,0.466052592,-0.388296217,0.420143932,-0.52225858,0.762730598,0.371145397,0.0640492812,0.455617189,-0.39185819,-0.53310132,0.478935122,0.732395053,-0.280918658,0.03075861,-0.437178373
-0.209602222,-0.311597824,0.652949393,0.0373328105,0.0359408669,-0.728459299,0.68312633,-0.900511742,-0.00623932807,0.0400874689,1.30525768,-0.530426204,0.0868986771,-0.890277505,-0.0234731231,0.00985018443,1.25817037,-0.373558611,0.125604093,0.00408910029,0.0721343681,0.454776675,-0.341798544,0.415780306,-0.49100399,0.78640455,0.36382851,0.0601091161,0.450406164,-0.347311348,-0.527979732,0.448995233,0.749990582,-0.278471649,0.0300058536,-0.431759417
-0.209503144,-0.315116465,0.665564775,0.0351164415,0.0340785086,-0.72859621,0.683193326,-0.852252662,-0.000596323225,0.0477799438,1.24843466,-0.513297498,0.0890572816,-0.841932356,-0.0266417693,0.00791904237,1.20133519,-0.357351035,0.126660198,0.00507276971,0.0719271302,0.44303143,-0.298161179,0.411470026,-0.459452182,0.806026638,0.355639189,0.056856785,0.446372658,-0.305036724,-0.522672296,0.419182271,0.76343435,-0.27493149,0.0292970967,-0.427804351
-0.209568352,-0.320139408,0.674636304,0.0339350589,0.0328849927,-0.72862941,0.683276117,-0.811654866,0.00331977429,0.0526173413,1.20483994,-0.498288989,0.0905309096,-0.802383482,-0.0274508484,0.0066009881,1.1578362,-0.343011737,0.125971556,0.00532670133,0.070592314,0.430322707,-0.260395765,0.40726915,-0.427290171,0.817330778,0.345658809,0.0550165325,0.444756538,-0.267426789,-0.516983211,0.38962993,0.768355012,-0.269147158,0.0286786649,-0.426854551
-0.209633559,-0.325162321,0.683707893,0.0327535607,0.0316913761,-0.728660464,0.683357,-0.771057129,0.00723587163,0.0574547388,1.16124535,-0.48328054,0.0920045301,-0.762834609,-0.0282599293,0.00528293382,1.11433709,-0.328672409,0.125282899,0.00558063295,0.0692574978,0.417613953,-0.222630367,0.403068274,-0.395128191,0.828634858,0.335678428,0.0531762764,0.443140388,-0.229816839,-0.511294067,0.36007759,0.773275614,-0.263362795,0.0280602351,-0.425904751
-0.209698781,-0.330185264,0.692779422,0.0315719768,0.0304976683,-0.728689492,0.683435977,-0.730459392,0.0111519685,0.0622921325,1.11765075,-0.46827206,0.0934781581,-0.723285735,-0.0290690083,0.00396488048,1.07083797,-0.314333111,0.124594241,0.0058345641,0.0679226741,0.40490523,-0.184864968,0.398867428,-0.36296618,0.839938939,0.325698018,0.0513360202,0.441524267,-0.192206919,-0.505604982,0.330525249,0.778196275,-0.257578462,0.0274418034,-0.424954951
-0.209763989,-0.335208178,0.701850951,0.0303903054,0.0293038767,-0.728716552,0.683512926,-0.689861596,0.0150680663,0.06712953,1.07405603,-0.453263581,0.0949517861,-0.683736861,-0.0298780873,0.00264682621,1.02733886,-0.299993813,0.123905592,0.00608849572,0.0665878579,0.392196476,-0.147099569,0.394666553,-0.330804199,0.851243079,0.315717638,0.0494957641,0.439908117,-0.154596984,-0.499915868,0.300972909,0.783116877,-0.25179413,0.0268233716,-0.424005151
-0.209829196,-0.340231091,0.71092248,0.0292085558,0.0281100124,-0.728741467,0.683588028,-0.649263799,0.018984165,0.0719669238,1.03046143,-0.438255101,0.0964254066,-0.644187987,-0.0306871664,0.00132877217,0.98383975,-0.285654485,0.123216942,0.00634242734,0.0652530342,0.379487723,-0.109334156,0.390465707,-0.298642188,0.862547159,0.305737227,0.0476555079,0.438291997,-0.116987042,-0.494226784,0.271420538,0.788037539,-0.246009767,0.0262049418,-0.423055351
-0.210084945,-0.34580633,0.716825306,0.0286847912,0.0271791127,-0.728826582,0.683557212,-0.618801594,0.0232118797,0.0736682341,0.997568905,-0.424797386,0.0949850306,-0.613250852,-0.0301774982,0.00103886286,0.950039148,-0.27573365,0.121878751,0.00742513826,0.0640321746,0.365376174,-0.0917590037,0.3788867,-0.290978193,0.870723069,0.297356963,0.0473488085,0.433123291,-0.0995574594,-0.480733782,0.264244437,0.80107069,-0.242712319,0.0274169985,-0.419237077
-0.210368663,-0.351462722,0.722262621,0.0282576624,0.0262868144,-0.728919923,0.683510303,-0.589828253,0.0274853744,0.0749088451,0.966248572,-0.411567479,0.0931165814,-0.583578706,-0.029474102,0.000899989798,0.917663217,-0.266461849,0.12044514,0.00862959865,0.0628280565,0.351058543,-0.0771498308,0.366223872,-0.286912978,0.878439426,0.28921175,0.0472673923,0.427432686,-0.0850923955,-0.466094345,0.260355443,0.815295577,-0.239780173,0.0288979579,-0.414997429
-0.210652396,-0.357119083,0.727699995,0.0278305039,0.02539449,-0.729012549,0.683462739,-0.560854912,0.0317588672,0.0761494562,0.934928238,-0.398337573,0.0912481323,-0.55390656,-0.0287707057,0.000761116738,0.885287285,-0.257190078,0.119011536,0.00983405858,0.0616239421,0.336740881,-0.0625406578,0.353561014,-0.282847762,0.886155725,0.281066537,0.0471859761,0.421742111,-0.0706273466,-0.451454937,0.256466478,0.829520524,-0.236848041,0.0303789172,-0.41075778
-0.210936114,-0.362775445,0.73313731,0.0274033174,0.0245021377,-0.7291044,0.683414519,-0.531881571,0.0360323638,0.0773900673,0.903607905,-0.385107666,0.0893796831,-0.524234474,-0.0280673094,0.000622243679,0.852911353,-0.247918308,0.117577925,0.0110385194,0.060419824,0.322423249,-0.0479314849,0.340898186,-0.278782547,0.893872082,0.272921324,0.0471045598,0.416051507,-0.0561622903,-0.4368155,0.252577484,0.84374541,-0.23391591,0.0318598747,-0.406518131
-0.211219847,-0.368431836,0.738574684,0.0269761086,0.0236097686,-0.729195714,0.683365643,-0.50290823,0.0403058566,0.0786306784,0.872287571,-0.37187776,0.0875112265,-0.494562328,-0.0273639131,0.000483370561,0.820535421,-0.238646537,0.116144314,0.0122429794,0.0592157058,0.308105618,-0.0333223082,0.328235328,-0.274717361,0.90158844,0.264776111,0.0470231399,0.410360903,-0.0416972302,-0.422176093,0.248688474,0.857970297,-0.230983779,0.0333408341,-0.402278453
-0.211483926,-0.373544276,0.742753625,0.0267018769,0.0227044243,-0.728990197,0.683626294,-0.477980435,0.0437910482,0.0792188197,0.845744193,-0.361844391,0.0874312967,-0.469636589,-0.0266364869,0.000566158968,0.794955015,-0.23213397,0.114206873,0.0129499789,0.058131367,0.294825643,-0.0273245759,0.315700054,-0.278033793,0.900892019,0.258985132,0.0464970879,0.405175507,-0.0345109031,-0.408705443,0.250992179,0.861034632,-0.227988392,0.0331088752,-0.397610039
-0.211720467,-0.377894014,0.745168149,0.0266421624,0.0217808764,-0.72836858,0.684320927,-0.458725512,0.046170827,0.0788920447,0.825899303,-0.35629341,0.0898593441,-0.451366514,-0.0258753654,0.000959775702,0.778903723,-0.229490533,0.11156293,0.0129594058,0.057214994,0.283000737,-0.0334023647,0.303343683,-0.291701227,0.888398767,0.256495386,0.0453475378,0.400698453,-0.0375312828,-0.396873713,0.26197964,0.848448813,-0.224904314,0.0304749478,-0.392340362
-0.211957008,-0.382243752,0.747582614,0.0265824012,0.0208572857,-0.727745712,0.685014427,-0.439470589,0.0485506058,0.0785652623,0.806054473,-0.350742429,0.0922873914,-0.433096439,-0.0251142439,0.00135339238,0.76285243,-0.226847082,0.108918987,0.0129688326,0.056298621,0.271175832,-0.0394801535,0.290987313,-0.305368662,0.875905514,0.254005671,0.044197984,0.396221429,-0.0405516624,-0.385042012,0.27296713,0.835862994,-0.22182022,0.0278410222,-0.387070686
-0.212193549,-0.386593491,0.749997079,0.0265225917,0.0199336577,-0.727121472,0.685706675,-0.420215636,0.0509303845,0.0782384872,0.786209583,-0.345191449,0.0947154388,-0.414826363,-0.0243531205,0.00174700911,0.746801138,-0.224203646,0.106275037,0.0129782604,0.055382248,0.259350926,-0.0455579422,0.278630942,-0.319036126,0.863412261,0.251515955,0.043048434,0.391744405,-0.0435720421,-0.373210311,0.283954591,0.823277235,-0.218736142,0.0252070948,-0.381801039
-0.21243009,-0.390943229,0.752411544,0.0264627337,0.0190099962,-0.726496041,0.686397731,-0.400960714,0.053310167,0.0779117048,0.766364694,-0.339640468,0.0971434861,-0.396556288,-0.023591999,0.00214062585,0.730749786,-0.22156021,0.103631094,0.0129876873,0.0544658788,0.247526035,-0.0516357347,0.266274571,-0.332703561,0.850918949,0.249026209,0.0418988802,0.387267381,-0.0465924218,-0.36137858,0.294942081,0.810691416,-0.215652049,0.0225731675,-0.376531363
-0.212666631,-0.395292968,0.754826009,0.0264028367,0.0180863105,-0.725869417,0.687087715,-0.381705761,0.0556899458,0.0775849298,0.746519864,-0.334089458,0.0995715335,-0.378286213,-0.0228308756,0.00253424258,0.714698493,-0.218916774,0.100987151,0.012997115,0.0535495058,0.235701144,-0.0577135198,0.253918201,-0.346370995,0.838425696,0.246536493,0.0407493301,0.382790357,-0.0496127978,-0.34954688,0.305929542,0.798105597,-0.21256797,0.0199392419,-0.371261686
-0.21265246,-0.398358911,0.756418943,0.0264671035,0.0177283864,-0.723921657,0.68914634,-0.366202265,0.0567118898,0.0783589408,0.727694273,-0.328786969,0.0991838723,-0.36238277,-0.0221578702,0.0039243889,0.701567888,-0.217371136,0.100903578,0.0138277533,0.0518218204,0.228020504,-0.0526654236,0.245726287,-0.348393321,0.844009876,0.247960851,0.0408914089,0.376552314,-0.0446627215,-0.340699822,0.309326977,0.803698659,-0.212301031,0.0196228195,-0.363856286
-0.212628007,-0.401372254,0.757978201,0.0265362412,0.0173934903,-0.721913695,0.69125545,-0.35085246,0.0576781854,0.0791780576,0.708910525,-0.323494673,0.0986808315,-0.346576273,-0.0214884728,0.00535537349,0.688556969,-0.2158705,0.100924939,0.0146920448,0.0500608869,0.220509693,-0.0471613854,0.237705037,-0.349938452,0.850334883,0.249545619,0.0410864204,0.370242119,-0.0393860154,-0.331975102,0.312413365,0.810036719,-0.212149546,0.0194013696,-0.356363326
-0.212603569,-0.404385597,0.759537399,0.0266051497,0.0170584396,-0.719899416,0.693358541,-0.335502684,0.0586444847,0.0799971819,0.690126717,-0.318202347,0.0981777832,-0.330769777,-0.0208190773,0.00678635761,0.67554605,-0.214369863,0.100946292,0.0155563364,0.0482999571,0.212998882,-0.0416573472,0.229683787,-0.351483554,0.856659889,0.251130402,0.0412814282,0.363931924,-0.034109313,-0.323250383,0.315499753,0.816374719,-0.21199806,0.0191799197,-0.348870397
-0.212579116,-0.407398939,0.761096656,0.0266738273,0.0167232435,-0.717878938,0.69545573,-0.320152879,0.0596107841,0.0808163062,0.671342909,-0.31291002,0.0976747349,-0.314963281,-0.0201496817,0.0082173422,0.662535131,-0.212869227,0.100967646,0.016420627,0.0465390235,0.205488071,-0.0361533053,0.221662551,-0.353028655,0.862984836,0.25271517,0.0414764397,0.357621729,-0.0288326051,-0.314525634,0.318586111,0.822712719,-0.211846575,0.0189584699,-0.341377467
-0.212554663,-0.410412252,0.762655914,0.0267422758,0.0163879097,-0.71585238,0.69754684,-0.304803103,0.0605770834,0.0816354305,0.652559102,-0.307617724,0.097171694,-0.299156815,-0.0194802862,0.00964832678,0.649524212,-0.211368591,0.100988999,0.0172849186,0.04477809,0.19797726,-0.0306492709,0.213641301,-0.354573756,0.869309843,0.254299939,0.0416714512,0.351311505,-0.0235559009,-0.305800915,0.321672499,0.829050779,-0.211695075,0.0187370181,-0.333884537
-0.2123162,-0.412923008,0.763939321,0.0267308373,0.0164589342,-0.713470697,0.69998163,-0.291971385,0.0612865984,0.0828640237,0.634415627,-0.30170548,0.0958970636,-0.283819497,-0.0192513596,0.0115153641,0.636605442,-0.209454298,0.101937987,0.0170737635,0.0420536548,0.192298457,-0.0240856782,0.208710417,-0.351247936,0.874542177,0.255058497,0.042051591,0.346448451,-0.015663242,-0.298335969,0.319850802,0.834175527,-0.209951892,0.0186376646,-0.327974081
-0.211867943,-0.414941043,0.764952362,0.0266409442,0.0169281978,-0.710736811,0.70274967,-0.281607956,0.0617444143,0.0844939947,0.616899848,-0.295185566,0.0938661024,-0.268942088,-0.0194541942,0.0138098327,0.623776972,-0.207134545,0.103796251,0.0158084258,0.0383847691,0.188415423,-0.0164834838,0.206808791,-0.343147516,0.878703475,0.255007207,0.0426132083,0.343003869,-0.00520635908,-0.292105854,0.313218057,0.838111103,-0.206648484,0.0186579917,-0.323614776
-0.211419687,-0.416959107,0.765965402,0.0265506376,0.0173972212,-0.707991898,0.705506921,-0.271244496,0.0622022264,0.0861239582,0.59938401,-0.288665652,0.0918351486,-0.254064709,-0.019657027,0.0161043014,0.610948563,-0.204814777,0.105654523,0.0145430882,0.0347158797,0.184532389,-0.00888128951,0.204907149,-0.335047066,0.882864833,0.254955918,0.0431748256,0.339559317,0.0052505238,-0.285875767,0.306585312,0.842046678,-0.203345075,0.0186783187,-0.319255501
-0.21097143,-0.418977171,0.766978443,0.0264599249,0.01786598,-0.705236077,0.708253443,-0.260881066,0.0626600385,0.0877539292,0.581868172,-0.282145768,0.0898041949,-0.239187285,-0.0198598616,0.0183987692,0.598120153,-0.202495009,0.107512794,0.0132777495,0.031046994,0.180649355,-0.00127909426,0.203005522,-0.326946646,0.887026131,0.254904658,0.0437364392,0.336114764,0.0157074071,-0.279645652,0.299952537,0.845982194,-0.200041652,0.0186986458,-0.314896196
-0.210523173,-0.420995235,0.767991483,0.0263688043,0.0183344539,-0.702469468,0.710988879,-0.250517637,0.0631178543,0.0893839002,0.564352393,-0.275625855,0.0877732337,-0.224309891,-0.0200626943,0.020693237,0.585291684,-0.200175256,0.109371059,0.0120124128,0.0273781065,0.176766321,0.00632309821,0.201103896,-0.318846196,0.891187429,0.254853368,0.0442980565,0.332670182,0.0261642896,-0.273415565,0.293319792,0.849917769,-0.196738243,0.0187189728,-0.310536921
-0.210055336,-0.422984362,0.768952906,0.0262677893,0.0188196581,-0.699717939,0.713688135,-0.240348414,0.0635311976,0.0909982547,0.547264934,-0.269409627,0.0858831331,-0.209845483,-0.0202637967,0.0229345039,0.57295233,-0.197963387,0.111140467,0.0106517114,0.0236258265,0.172996402,0.0136330379,0.199378863,-0.310857087,0.895555496,0.254821986,0.0449396446,0.329275101,0.0364653356,-0.267356843,0.286765486,0.853980243,-0.193507954,0.0187864602,-0.30622372
-0.209210128,-0.424416035,0.768920243,0.0259835348,0.0196328498,-0.697451234,0.715891898,-0.233920693,0.063087903,0.092311874,0.538429081,-0.269043356,0.0867061466,-0.203336447,-0.0204315521,0.0241509601,0.570033729,-0.197829977,0.111198187,0.00745409075,0.0182671621,0.171405628,0.015313426,0.201055557,-0.305012137,0.903905988,0.255174309,0.0471217372,0.326833099,0.0437645726,-0.2645998,0.281722307,0.860487342,-0.191685975,0.01976238,-0.30279842
-0.208364934,-0.425847709,0.768887579,0.0256989915,0.0204458646,-0.695177078,0.71808809,-0.227492958,0.0626446158,0.0936254933,0.529593289,-0.268677056,0.0875291675,-0.196827412,-0.0205993075,0.0253674164,0.567115128,-0.197696567,0.111255907,0.00425646966,0.0129084997,0.169814855,0.0169938151,0.202732235,-0.299167216,0.91225642,0.255526602,0.0493038297,0.324391067,0.0510638133,-0.261842757,0.276679099,0.8669945,-0.189863995,0.0207382999,-0.29937312
-0.20751974,-0.427279383,0.768854916,0.0254141651,0.0212586671,-0.692895412,0.720276594,-0.221065238,0.0622013249,0.0949391127,0.520757437,-0.268310755,0.0883521885,-0.190318376,-0.0207670629,0.0265838727,0.564196527,-0.197563142,0.111313626,0.00105884823,0.00754983537,0.168224081,0.0186742041,0.204408929,-0.293322265,0.920606911,0.255878896,0.0514859222,0.321949035,0.0583630539,-0.259085685,0.27163589,0.873501599,-0.18804203,0.0217142217,-0.29594782
-0.206674531,-0.428711027,0.768822253,0.0251290686,0.0220712367,-0.690606236,0.72245729,-0.214637503,0.0617580377,0.0962527245,0.511921644,-0.267944455,0.089175202,-0.18380934,-0.0209348183,0.027800329,0.561277926,-0.197429731,0.111371346,-0.00213877205,0.00219117338,0.166633308,0.0203545932,0.206085622,-0.287477314,0.928957343,0.256231189,0.0536680147,0.319507033,0.0656622872,-0.256328642,0.266592681,0.880008757,-0.18622005,0.0226901416,-0.29252252
-0.205829337,-0.430142701,0.768789589,0.0248437133,0.0228835456,-0.688309729,0.724630237,-0.208209768,0.0613147467,0.0975663438,0.503085792,-0.267578185,0.0899982229,-0.177300304,-0.0211025737,0.0290167853,0.558359265,-0.197296321,0.111429065,-0.0053363936,-0.00316749047,0.165042534,0.0220349822,0.207762301,-0.281632394,0.937307835,0.256583482,0.0558501035,0.317065001,0.0729615316,-0.25357157,0.261549473,0.886515856,-0.18439807,0.0236660615,-0.28909722
-0.204986304,-0.43138206,0.768460631,0.0247534234,0.0238344334,-0.686372042,0.726438344,-0.199664026,0.059875723,0.0989620462,0.497730523,-0.271279454,0.0920435712,-0.177809387,-0.020529449,0.0285367928,0.562241197,-0.197334975,0.110282101,-0.00961363502,-0.0066620619,0.163279206,0.0202469826,0.208190054,-0.279926777,0.945107102,0.257519305,0.0572935753,0.314367115,0.0790886283,-0.251275331,0.259636015,0.895375133,-0.183853984,0.0242077354,-0.283796191
-0.204144746,-0.432489783,0.767929018,0.0247966144,0.0248801839,-0.684679866,0.727996945,-0.189668879,0.0577553026,0.100413926,0.494757026,-0.277764291,0.0949253887,-0.1831211,-0.019449329,0.02689589,0.57077688,-0.197491392,0.108310737,-0.0146296816,-0.00888100173,0.1613978,0.0160855036,0.207763121,-0.281053811,0.952529252,0.258854479,0.0582315885,0.311494082,0.0844136104,-0.24929443,0.25986433,0.905843973,-0.184184358,0.0244522467,-0.277211547
-0.203303203,-0.433597505,0.767397344,0.0248396508,0.0259257909,-0.682983279,0.729551017,-0.179673716,0.0556348823,0.101865798,0.49178353,-0.284249097,0.0978072062,-0.188432798,-0.018369209,0.0252549853,0.579312563,-0.19764781,0.10633938,-0.0196457282,-0.0110999411,0.159516379,0.0119240228,0.207336187,-0.282180846,0.959951341,0.260189623,0.0591696054,0.308621049,0.0897385925,-0.247313514,0.260092646,0.916312814,-0.184514746,0.024696758,-0.270626932
-0.202461645,-0.434705257,0.76686573,0.0248825327,0.0269712396,-0.681282341,0.73110044,-0.169678569,0.053514462,0.103317678,0.488810003,-0.290733904,0.100689016,-0.19374451,-0.017289089,0.0236140825,0.587848246,-0.197804227,0.104368016,-0.0246617738,-0.0133188814,0.157634959,0.00776254339,0.206909269,-0.28330788,0.967373431,0.261524767,0.0601076223,0.305748045,0.0950635746,-0.245332614,0.260320961,0.926781714,-0.18484512,0.0249412674,-0.264042288
-0.201620102,-0.43581298,0.766334057,0.0249252524,0.0280165002,-0.679577053,0.732645214,-0.159683421,0.0513940379,0.10476955,0.485836506,-0.29721871,0.103570834,-0.199056223,-0.0162089672,0.0219731778,0.596383929,-0.197960645,0.10239666,-0.0296778213,-0.0155378217,0.155753553,0.00360106304,0.206482336,-0.284434915,0.97479558,0.262859911,0.0610456355,0.302875012,0.100388557,-0.243351713,0.260549277,0.937250555,-0.185175508,0.0251857787,-0.257457674
-0.20083876,-0.436855942,0.765681028,0.0249504801,0.0291102156,-0.677803934,0.734242499,-0.149619624,0.0491248854,0.106195226,0.484811574,-0.304632515,0.106522962,-0.205204487,-0.0147858998,0.0196833517,0.605652034,-0.198906928,0.0998813063,-0.034901157,-0.0173319299,0.153851599,-0.000685148814,0.205561697,-0.28627786,0.982288361,0.264240891,0.0619345829,0.29983443,0.105168574,-0.24133043,0.261272848,0.948018491,-0.185530037,0.0254281592,-0.250946164
-0.200433269,-0.437494755,0.764270067,0.0248672999,0.0305074789,-0.675627708,0.73619169,-0.139127314,0.0459272638,0.107457317,0.495950699,-0.317845553,0.109914012,-0.216575131,-0.0112219388,0.0133425537,0.61949265,-0.204783991,0.0939700305,-0.0414185338,-0.0164739806,0.151821479,-0.00575001724,0.201559037,-0.292589784,0.990222454,0.265907913,0.0625172108,0.295747846,0.106546596,-0.239057183,0.265088111,0.960653186,-0.18603535,0.0256572478,-0.244891241
-0.200027794,-0.438133538,0.762859166,0.0247838572,0.0319044665,-0.67344439,0.738133252,-0.128634989,0.0427296385,0.108719416,0.507089853,-0.331058562,0.11330507,-0.22794576,-0.00765797775,0.00700175622,0.633333266,-0.210661039,0.0880587548,-0.0479359105,-0.0156160323,0.149791375,-0.0108148856,0.197556376,-0.298901737,0.998156488,0.267574936,0.0630998388,0.291661233,0.10792461,-0.236783937,0.268903375,0.97328788,-0.186540648,0.0258863363,-0.238836333
-0.199622303,-0.438772321,0.761448205,0.0247001536,0.0333011337,-0.67125392,0.740067065,-0.118142679,0.0395320132,0.109981515,0.518229008,-0.3442716,0.116696127,-0.239316404,-0.00409401674,0.0006609587,0.647173882,-0.216538101,0.0821474791,-0.0544532873,-0.014758084,0.147761256,-0.015879754,0.193553716,-0.30521369,1.00609052,0.269241959,0.0636824667,0.287574649,0.109302633,-0.234510675,0.272718608,0.985922635,-0.187045962,0.0261154231,-0.23278141
-0.199216828,-0.439411134,0.760037303,0.0246161893,0.0346974358,-0.669056356,0.74199307,-0.107650362,0.036334388,0.111243613,0.529368162,-0.357484639,0.120087177,-0.250687033,-0.000530055084,-0.00567984022,0.661014497,-0.222415164,0.0762362033,-0.060970664,-0.0139001347,0.145731136,-0.0209446233,0.189551055,-0.311525613,1.01402462,0.270908982,0.0642650947,0.283488065,0.110680655,-0.232237428,0.276533872,0.998557329,-0.18755126,0.0263445117,-0.226726487
-0.198811352,-0.440049917,0.758626342,0.0245319717,0.036093343,-0.666851938,0.743911266,-0.0971580446,0.0331367627,0.112505704,0.540507257,-0.370697677,0.123478234,-0.262057662,0.00303390529,-0.0120206373,0.674855113,-0.228292227,0.0703249276,-0.067488037,-0.0130421864,0.143701017,-0.0260094907,0.185548395,-0.317837566,1.02195871,0.272576004,0.0648477152,0.279401451,0.112058669,-0.229964182,0.280349135,1.01119208,-0.188056573,0.0265735984,-0.220671579
-0.198626652,-0.440562308,0.756847262,0.0246038716,0.0377694406,-0.665085256,0.745405853,-0.0953036994,0.0304869562,0.111913353,0.56542784,-0.380270422,0.125555471,-0.270021051,0.00595798949,-0.0201980025,0.688014746,-0.236945972,0.0627135336,-0.0717202052,-0.0114521403,0.140734822,-0.0275362749,0.181778893,-0.324665397,1.02812493,0.273307174,0.0650208443,0.274750918,0.108989343,-0.228457734,0.286546737,1.01939547,-0.189175159,0.0264877137,-0.216517061
-0.198544681,-0.441015869,0.75489676,0.0247483384,0.0395758599,-0.663520038,0.746701002,-0.0974690244,0.0280920733,0.110458039,0.596761465,-0.388149172,0.127021328,-0.276398867,0.00858430658,-0.0292300116,0.70085752,-0.246891841,0.0543109961,-0.0748889595,-0.00952141453,0.137333006,-0.0274166148,0.178117901,-0.331733286,1.0334686,0.273602843,0.06500341,0.269837976,0.103850447,-0.227308109,0.293852985,1.02553689,-0.190579146,0.0262552574,-0.213246912
-0.198462725,-0.441469431,0.752946317,0.0248926282,0.0413820222,-0.661949992,0.747990727,-0.0996343568,0.0256971922,0.109002724,0.62809515,-0.396027923,0.128487185,-0.282776684,0.0112106232,-0.0382620208,0.713700235,-0.256837696,0.0459084585,-0.0780577064,-0.0075906883,0.133931205,-0.0272969548,0.174456909,-0.338801205,1.03881216,0.273898482,0.0649859756,0.264925003,0.0987115428,-0.2261585,0.301159233,1.0316782,-0.191983134,0.0260227993,-0.209976763
-0.198380768,-0.441922992,0.750995815,0.0250367355,0.043187879,-0.660374999,0.749274909,-0.101799682,0.0233023111,0.10754741,0.659428835,-0.403906643,0.129953057,-0.2891545,0.0138369408,-0.0472940318,0.726543009,-0.266783565,0.037505921,-0.0812264532,-0.00565996207,0.130529389,-0.0271772947,0.170795932,-0.345869094,1.04415572,0.274194151,0.0649685413,0.260012031,0.0935726464,-0.225008875,0.308465451,1.03781962,-0.193387121,0.0257903431,-0.206706613
-0.198298812,-0.442376554,0.749045372,0.0251806546,0.0449933931,-0.658795178,0.750553548,-0.103965014,0.02090743,0.106092095,0.69076252,-0.411785394,0.131418914,-0.295532316,0.0164632574,-0.0563260429,0.739385724,-0.276729435,0.0291033853,-0.0843952,-0.00372923631,0.127127588,-0.0270576347,0.167134941,-0.352936983,1.04949939,0.27448979,0.0649511069,0.255099088,0.08843375,-0.223859265,0.315771699,1.04396093,-0.194791093,0.0255578849,-0.203436464
-0.198245719,-0.4429259,0.746983111,0.0255126115,0.0466772802,-0.657985032,0.751149833,-0.107237384,0.0186653808,0.104630172,0.722612023,-0.419276327,0.132814214,-0.30079037,0.0189230368,-0.0644666776,0.752429247,-0.287431777,0.0213249587,-0.0869508386,-0.00216674851,0.123262659,-0.0266643614,0.163575932,-0.359195411,1.05469406,0.274417341,0.0652857125,0.250691384,0.0832339004,-0.222621977,0.322731555,1.04986835,-0.196505949,0.0255103316,-0.200761378
-0.198291034,-0.443801701,0.744539618,0.0264861174,0.0479474626,-0.659810305,0.749433041,-0.114284039,0.0169443898,0.103145719,0.756220162,-0.42544508,0.133968964,-0.302230805,0.0208150279,-0.0695683137,0.766157389,-0.300713092,0.0156743545,-0.0874161571,-0.00185971532,0.117818795,-0.0253382381,0.160364628,-0.362693995,1.05938101,0.273089796,0.0668205395,0.24800624,0.0778262615,-0.221085817,0.328510493,1.05497801,-0.199280649,0.0260931831,-0.200115055
-0.198336348,-0.444677502,0.742096186,0.0274594221,0.0492172614,-0.661629856,0.747709572,-0.121330701,0.0152234007,0.101661265,0.7898283,-0.431613833,0.13512373,-0.303671241,0.022707019,-0.0746699497,0.779885471,-0.313994408,0.0100237485,-0.0878814757,-0.00155268225,0.112374932,-0.0240121149,0.157153323,-0.366192579,1.06406796,0.271762252,0.068355374,0.24532111,0.0724186301,-0.219549641,0.334289432,1.06008768,-0.202055335,0.0266760346,-0.199468732
-0.198381662,-0.445553303,0.739652693,0.0284324884,0.0504866317,-0.663443565,0.745979488,-0.128377363,0.0135024097,0.100176804,0.823436499,-0.437782586,0.13627848,-0.305111676,0.0245990101,-0.0797715783,0.793613553,-0.327275723,0.00437314296,-0.0883467942,-0.00124564907,0.106931061,-0.0226859897,0.153942019,-0.369691163,1.06875479,0.270434707,0.0698902011,0.242635995,0.0670109913,-0.21801348,0.34006837,1.06519735,-0.204830036,0.027258886,-0.198822409
-0.198426977,-0.446429133,0.737209201,0.029405294,0.0517555475,-0.665251434,0.744242787,-0.135424018,0.0117814206,0.0986923501,0.857044637,-0.443951339,0.137433246,-0.306552112,0.0264910012,-0.0848732144,0.807341635,-0.340557039,-0.00127746153,-0.0888121128,-0.000938616053,0.101487197,-0.0213598665,0.150730729,-0.373189747,1.07344174,0.269107193,0.0714250281,0.239950866,0.0616033524,-0.21647732,0.345847338,1.07030702,-0.207604736,0.0278417375,-0.198176086
-0.198472291,-0.447304934,0.734765768,0.0303778145,0.0530239679,-0.667053342,0.74249959,-0.142470673,0.0100604296,0.0972078964,0.890652776,-0.450120091,0.138587996,-0.307992548,0.0283829924,-0.0899748504,0.821069777,-0.353838384,-0.00692806765,-0.0892774239,-0.000631582865,0.096043326,-0.0200337432,0.147519425,-0.376688331,1.0781287,0.267779648,0.0729598626,0.237265736,0.0561957173,-0.214941144,0.351626277,1.07541668,-0.210379437,0.028424589,-0.197529763
-0.198353797,-0.447790682,0.734753788,0.0291946679,0.0527336858,-0.673724532,0.736520231,-0.140247494,0.0127278892,0.0898048505,0.880575538,-0.442450166,0.13630864,-0.297987163,0.0326623991,-0.0828331709,0.817933202,-0.351656467,-0.00869382732,-0.0936675221,0.000462242228,0.0886695459,-0.0191436354,0.148374155,-0.371283859,1.08591008,0.266266406,0.0713107213,0.22344017,0.0618287139,-0.209833533,0.349641919,1.07564688,-0.20658952,0.0280687492,-0.184349582
-0.198186681,-0.448160648,0.7354635,0.0273679625,0.051974915,-0.681772232,0.729202449,-0.135273337,0.0166976843,0.0806453824,0.857534051,-0.43067342,0.133010149,-0.284585059,0.0376503095,-0.0720581263,0.809791803,-0.344885588,-0.00930670463,-0.0992223471,0.00178955903,0.0807230398,-0.0183829218,0.150435537,-0.363237321,1.09460974,0.264698088,0.0687167048,0.206308514,0.070738174,-0.203666031,0.345353723,1.07442915,-0.20085147,0.0274343397,-0.167449802
-0.198019579,-0.448530644,0.736173153,0.0255374871,0.0512096174,-0.689738393,0.72179383,-0.130299196,0.0206674784,0.0714859068,0.834492564,-0.418896705,0.129711673,-0.271182954,0.0426382199,-0.0612830706,0.801650405,-0.338114738,-0.00991958193,-0.104777172,0.00311687589,0.0727765262,-0.0176222082,0.152496919,-0.355190754,1.10330939,0.263129741,0.0661226809,0.189176857,0.0796476379,-0.19749853,0.341065496,1.07321131,-0.195113406,0.0267999303,-0.150550023
-0.197852463,-0.44890064,0.736882806,0.0237039104,0.0504380688,-0.697620273,0.714296997,-0.125325039,0.0246372726,0.0623264387,0.811451077,-0.40711996,0.126413181,-0.25778088,0.0476261266,-0.0505080223,0.793509007,-0.331343859,-0.0105324592,-0.110331997,0.00444419263,0.0648300201,-0.0168614946,0.154558301,-0.347144186,1.11200905,0.261561394,0.063528657,0.172045216,0.0885571018,-0.191331029,0.3367773,1.07199359,-0.189375356,0.0261655226,-0.133650243
-0.197685346,-0.449270606,0.737592459,0.0218678955,0.0496605448,-0.705414712,0.70671469,-0.120350897,0.0286070686,0.0531669632,0.788409591,-0.395343214,0.12311469,-0.244378775,0.0526140369,-0.0397329703,0.785367608,-0.32457301,-0.0111453366,-0.115886822,0.00577150937,0.0568835065,-0.0161007792,0.156619683,-0.339097649,1.1207087,0.259993047,0.0609346367,0.15491356,0.0974665657,-0.185163528,0.332489073,1.07077575,-0.183637306,0.0255311131,-0.116750456
-0.197545499,-0.449637771,0.738105416,0.0197626483,0.0484417528,-0.712614298,0.699602664,-0.11640121,0.0318331458,0.0448060781,0.772842586,-0.387007982,0.12058448,-0.231164306,0.0573050268,-0.0286281928,0.779022932,-0.319056451,-0.0114175892,-0.119607076,0.00613946654,0.051564198,-0.0144491335,0.158423975,-0.332502812,1.12840152,0.258533955,0.058865305,0.139254585,0.10469956,-0.180104107,0.32991457,1.06895339,-0.179167807,0.0252644476,-0.102136657
-0.197464794,-0.449998796,0.738191664,0.0170749091,0.0462728739,-0.718648791,0.693621755,-0.114674076,0.0334457494,0.0381776989,0.773491204,-0.386139005,0.119721033,-0.218356892,0.0613518618,-0.0168080814,0.776576042,-0.316261083,-0.0109508662,-0.119347259,0.00442611845,0.051944524,-0.0108646322,0.159670562,-0.329057485,1.13390994,0.25731191,0.0579342656,0.126790538,0.1082955,-0.177448615,0.331057936,1.06581926,-0.177450404,0.0257955957,-0.0924822465
-0.197384089,-0.450359792,0.738277912,0.0143850967,0.0440995954,-0.724624336,0.687581182,-0.112946942,0.0350583531,0.0315493234,0.774139881,-0.38527,0.118857585,-0.205549479,0.0653986931,-0.00498797046,0.774129212,-0.313465714,-0.0104841432,-0.119087443,0.00271277013,0.0523248538,-0.00728013134,0.160917133,-0.325612158,1.13941836,0.256089866,0.0570032261,0.114326492,0.111891441,-0.174793124,0.332201272,1.06268501,-0.175733,0.026326742,-0.0828278288
-0.19730337,-0.450720817,0.73836416,0.0116938865,0.0419224538,-0.730539322,0.681482255,-0.111219808,0.036670953,0.0249209441,0.774788558,-0.384401023,0.11799413,-0.192742079,0.0694455281,0.00683213817,0.771682322,-0.310670316,-0.0100174202,-0.118827634,0.000999422162,0.0527051836,-0.00369563093,0.162163705,-0.32216683,1.14492691,0.254867822,0.0560721867,0.101862445,0.115487382,-0.172137648,0.333344638,1.05955088,-0.174015597,0.0268578902,-0.0731734112
-0.197222665,-0.451081842,0.738450408,0.00900195818,0.0397419967,-0.73639226,0.675326645,-0.109492674,0.0382835567,0.0182925668,0.775437176,-0.383532017,0.117130682,-0.179934666,0.0734923631,0.018652251,0.769235492,-0.307874948,-0.00955069717,-0.118567817,-0.000713926274,0.0530855134,-0.00011112939,0.163410291,-0.318721503,1.15043533,0.253645778,0.055141151,0.0893983915,0.119083323,-0.169482157,0.334487975,1.05641675,-0.172298193,0.0273890365,-0.063519001
-0.19714196,-0.451442868,0.738536596,0.0063099917,0.0375587791,-0.742181718,0.669115841,-0.10776554,0.0398961604,0.0116641875,0.776085854,-0.382663041,0.116267234,-0.167127252,0.0775391981,0.0304723643,0.766788661,-0.305079579,-0.00908397418,-0.118308008,-0.00242727459,0.0534658432,0.00347337197,0.164656863,-0.315276176,1.15594375,0.252423733,0.0542101115,0.0769343451,0.122679271,-0.166826665,0.335631341,1.0532825,-0.170580789,0.0279201847,-0.0538645796
-0.197027713,-0.451677233,0.737958252,0.00423421385,0.0356843546,-0.746315718,0.664621472,-0.110065073,0.0400379375,0.0076911021,0.784605801,-0.386137635,0.117212921,-0.159876287,0.0808908939,0.0394535474,0.770204842,-0.306986451,-0.00850505941,-0.117793523,-0.00343159609,0.0563763119,0.00407006172,0.163523629,-0.315014333,1.16055715,0.251251191,0.053878054,0.0690148026,0.122609161,-0.164170161,0.336862326,1.05310667,-0.169663846,0.0284773242,-0.0489898063
-0.196907982,-0.451890945,0.737271547,0.00225839135,0.0338589065,-0.750158727,0.660386622,-0.113020815,0.0399400182,0.00415074127,0.7944085,-0.390320122,0.118453436,-0.153530851,0.0841293037,0.0479720831,0.774576604,-0.30965963,-0.00790785998,-0.117237538,-0.00432037003,0.0596991107,0.00417983672,0.162002578,-0.315271288,1.16502464,0.250086725,0.0536436103,0.0618358701,0.121941604,-0.161513492,0.338107616,1.05341303,-0.168877348,0.0290386993,-0.0448939577
-0.196788266,-0.452104658,0.736584842,0.000282342546,0.0320319794,-0.753972054,0.656125069,-0.115976565,0.039842099,0.000610381714,0.804211199,-0.39450258,0.11969395,-0.147185415,0.087367706,0.0564906187,0.778948307,-0.312332809,-0.00731066102,-0.116681561,-0.00520914327,0.0630219132,0.00428961124,0.160481513,-0.315528244,1.16949213,0.248922259,0.0534091666,0.0546569377,0.121274047,-0.158856809,0.339352906,1.05371928,-0.16809085,0.0296000745,-0.040798109
-0.19666855,-0.4523184,0.735898137,-0.0016936973,0.0302037913,-0.75775522,0.651837349,-0.118932307,0.0397441797,-0.00292997924,0.814013839,-0.398685068,0.120934464,-0.140839979,0.0906061158,0.0650091544,0.783320069,-0.315005988,-0.00671346206,-0.116125576,-0.00609791698,0.0663447082,0.00439938623,0.158960447,-0.31578517,1.17395961,0.247757792,0.0531747229,0.0474780053,0.120606489,-0.156200141,0.340598196,1.05402565,-0.167304352,0.0301614497,-0.0367022604
-0.196548834,-0.452532113,0.735211492,-0.0036694908,0.0283745639,-0.761507809,0.647523999,-0.121888056,0.0396462604,-0.0064703403,0.823816538,-0.402867526,0.122174986,-0.134494543,0.0938445255,0.0735276863,0.787691772,-0.317679167,-0.0061162631,-0.115569592,-0.00698669069,0.0696675107,0.00450916076,0.157439381,-0.316042125,1.17842722,0.246593311,0.0529402792,0.0402990691,0.11993894,-0.153543472,0.341843486,1.0543319,-0.166517839,0.0307228249,-0.0326064117
-0.196477503,-0.452659458,0.734802365,-0.00484639639,0.0272843577,-0.763728738,0.644942284,-0.123649001,0.0395879224,-0.00857958384,0.82965672,-0.405359328,0.122914046,-0.130714118,0.0957738757,0.0786027834,0.790296316,-0.319271773,-0.00576046947,-0.115238354,-0.007516196,0.0716471374,0.00457456149,0.156533182,-0.31619522,1.18108881,0.245899558,0.0528006032,0.0360220708,0.119541228,-0.151960701,0.342585385,1.05451441,-0.166049272,0.0310572758,-0.0301662236
-0.196477503,-0.452659458,0.734802365,-0.00484639639,0.0272843577,-0.763728738,0.644942284,-0.123649001,0.0395879224,-0.00857958384,0.82965672,-0.405359328,0.122914046,-0.130714118,0.0957738757,0.0786027834,0.790296316,-0.319271773,-0.00576046947,-0.115238354,-0.007516196,0.0716471374,0.00457456149,0.156533182,-0.31619522,1.18108881,0.245899558,0.0528006032,0.0360220708,0.119541228,-0.151960701,0.342585385,1.05451441,-0.166049272,0.0310572758,-0.0301662236
-0.196477503,-0.452659458,0.734802365,-0.00484639639,0.0272843577,-0.763728738,0.644942284,-0.123649001,0.0395879224,-0.00857958384,0.82965672,-0.405359328,0.122914046,-0.130714118,0.0957738757,0.0786027834,0.790296316,-0.319271773,-0.00576046947,-0.115238354,-0.007516196,0.0716471374,0.00457456149,0.156533182,-0.31619522,1.18108881,0.245899558,0.0528006032,0.0360220708,0.119541228,-0.151960701,0.342585385,1.05451441,-0.166049272,0.0310572758,-0.0301662236
-0.196477503,-0.452659458,0.734802365,-0.00484639639,0.0272843577,-0.763728738,0.644942284,-0.123649001,0.0395879224,-0.00857958384,0.82965672,-0.405359328,0.122914046,-0.130714118,0.0957738757,0.0786027834,0.790296316,-0.319271773,-0.00576046947,-0.115238354,-0.007516196,0.0716471374,0.00457456149,0.156533182,-0.31619522,1.18108881,0.245899558,0.0528006032,0.0360220708,0.119541228,-0.151960701,0.342585385,1.05451441,-0.166049272,0.0310572758,-0.0301662236
