0.003910174127668142,-0.29732629656791687,0.779703676700592,-0.017946187406778336,0.031214650720357895,-0.6885659694671631,0.7242792844772339,-0.03288848325610161,0.09396901726722717,-0.06014173850417137,0.2926296889781952,-0.21556046605110168,0.1279892921447754,-0.016791127622127533,0.05876640975475311,-0.029894623905420303,0.2850317656993866,-0.0377989262342453,0.029934292659163475,0.05741383880376816,0.11881987750530243,-0.06148301437497139,-1.6603485345840454,0.35582438111305237,-0.7802746295928955,0.3165675103664398,-0.20484624803066254,-0.10232257097959518,0.4164253771305084,-0.5684120655059814,0.0727815255522728,1.0051171779632568,0.7062430381774902,0.1302984058856964,0.07651161402463913,-0.010263152420520782
0.004108772613108158,-0.2975178062915802,0.7787191867828369,-0.020728521049022675,0.03230665996670723,-0.6879211664199829,0.724769651889801,-0.020693624392151833,0.09787817299365997,-0.053808555006980896,0.28324440121650696,-0.22798505425453186,0.13078579306602478,-0.008631439879536629,0.061732158064842224,-0.04365216940641403,0.2753754258155823,-0.04092894122004509,0.023296356201171875,0.03867132216691971,0.14236420392990112,-0.06411229074001312,-1.696347713470459,0.3611988127231598,-0.777801513671875,0.3318234384059906,-0.18550339341163635,-0.07941187918186188,0.41293442249298096,-0.509660005569458,0.06054955720901489,1.0192370414733887,0.715633749961853,0.08197914808988571,0.0848241075873375,-0.02014821022748947
0.0044882334768772125,-0.2971782088279724,0.7775894999504089,-0.02219095267355442,0.03429144248366356,-0.6890746355056763,0.723538339138031,-0.019928988069295883,0.101579949259758,-0.0488792322576046,0.283413827419281,-0.2512998580932617,0.13039743900299072,-0.013052964583039284,0.06412554532289505,-0.03985634446144104,0.2800601124763489,-0.04664003103971481,0.027612008154392242,0.025409601628780365,0.15543532371520996,-0.061984919011592865,-1.828214406967163,0.44809526205062866,-0.7967180013656616,0.4568990468978882,-0.22336986660957336,-0.08660508692264557,0.4588301181793213,-0.3795161843299866,-0.003547530621290207,0.9249343872070312,0.8254905939102173,0.06575660407543182,0.07224320620298386,-0.06566503643989563
0.004701409954577684,-0.2967373728752136,0.7772072553634644,-0.020487286150455475,0.034554217010736465,-0.6892837882041931,0.7233769297599792,-0.019456038251519203,0.09568250179290771,-0.04282820224761963,0.2738587260246277,-0.2568313479423523,0.12701943516731262,-0.014611482620239258,0.05797335505485535,-0.026424113661050797,0.2723192572593689,-0.05274772644042969,0.04077262431383133,0.01867123320698738,0.14819031953811646,-0.05189140513539314,-1.9502609968185425,0.6277880668640137,-0.8045198917388916,0.6338727474212646,-0.32528209686279297,-0.09212411940097809,0.5282549262046814,-0.2652469277381897,-0.1475050449371338,0.6079164147377014,0.9510290622711182,0.1755293309688568,0.05729670822620392,-0.17248967289924622
0.004468662664294243,-0.2959909439086914,0.7778741717338562,-0.015833035111427307,0.032372236251831055,-0.6887896060943604,0.7240650653839111,-0.012883291579782963,0.08374643325805664,-0.028715182095766068,0.25189974904060364,-0.2435886561870575,0.12256389856338501,-0.006646068301051855,0.04424630105495453,-0.00404965877532959,0.24496085941791534,-0.05541228502988815,0.058516912162303925,0.016975928097963333,0.1195211336016655,-0.049298226833343506,-2.008042335510254,0.8856946229934692,-0.840807318687439,0.808703601360321,-0.40898609161376953,-0.0786728709936142,0.5675811171531677,-0.15004560351371765,-0.35237759351730347,0.21778318285942078,1.070482850074768,0.32628169655799866,0.052247896790504456,-0.2566896975040436
0.004126878920942545,-0.295330286026001,0.7785505056381226,-0.012044054456055164,0.030190419405698776,-0.6882683634757996,0.7247276306152344,-0.004247407894581556,0.0744992047548294,-0.009604133665561676,0.22806617617607117,-0.2290811836719513,0.11946902424097061,0.002997683361172676,0.033001858741045,0.011869736947119236,0.21650464832782745,-0.054709117859601974,0.06813661754131317,0.011978648602962494,0.09000908583402634,-0.043712712824344635,-2.010331153869629,1.103174090385437,-0.8733372092247009,0.9636526107788086,-0.4398595094680786,-0.05037732049822807,0.5648722648620605,-0.06974849104881287,-0.5622763633728027,-0.09213390946388245,1.1611777544021606,0.4281695485115051,0.0592414066195488,-0.293552428483963
0.0036307871341705322,-0.2948068082332611,0.7790026664733887,-0.009509899653494358,0.02763405814766884,-0.6874646544456482,0.7256296277046204,0.005208578426390886,0.06680182367563248,0.011180099099874496,0.20820315182209015,-0.21595638990402222,0.11857491731643677,0.01340753585100174,0.02474813535809517,0.02319304272532463,0.19279542565345764,-0.05466601252555847,0.07326604425907135,0.0033500799909234047,0.05501386523246765,-0.041223663836717606,-1.9644691944122314,1.2763547897338867,-0.8890073895454407,1.0985536575317383,-0.4355098605155945,-0.01828395202755928,0.5393787622451782,-0.015432147309184074,-0.7662799954414368,-0.3278403878211975,1.2366132736206055,0.4852379560470581,0.07114194333553314,-0.29841291904449463
0.0029257205314934254,-0.2944701015949249,0.7792966365814209,-0.007851849310100079,0.024759571999311447,-0.6863788962364197,0.726780116558075,0.015253821387887001,0.05946303904056549,0.032089587301015854,0.19242693483829498,-0.20576398074626923,0.11954852938652039,0.022613875567913055,0.018593396991491318,0.029807209968566895,0.17727412283420563,-0.05663921684026718,0.07556308805942535,-0.005060793366283178,0.0113547183573246,-0.04231227561831474,-1.8805805444717407,1.4095693826675415,-0.8794130086898804,1.2254843711853027,-0.4170610010623932,0.01130017638206482,0.5054792165756226,0.019793406128883362,-0.9526246786117554,-0.5098253488540649,1.302067756652832,0.511799156665802,0.0804537981748581,-0.29013845324516296
0.0020402800291776657,-0.29427698254585266,0.779300332069397,-0.007015426177531481,0.02158719301223755,-0.6851601004600525,0.7280387282371521,0.025001797825098038,0.05275677517056465,0.05093681439757347,0.1843845248222351,-0.20337170362472534,0.12177978456020355,0.029454059898853302,0.015101964585483074,0.03528512269258499,0.17219766974449158,-0.06334994733333588,0.07430673390626907,-0.015397047623991966,-0.04190139099955559,-0.044756047427654266,-1.7542610168457031,1.4976050853729248,-0.8302854895591736,1.3477221727371216,-0.39543473720550537,0.03294844180345535,0.4754254221916199,0.05304975435137749,-1.102431297302246,-0.6603032350540161,1.334674596786499,0.5217338800430298,0.07548905164003372,-0.2912291884422302
0.001027940190397203,-0.29414376616477966,0.7791328430175781,-0.006371377035975456,0.018398413434624672,-0.683872640132904,0.7293415665626526,0.03410088270902634,0.04661580175161362,0.06822802126407623,0.17930176854133606,-0.20610997080802917,0.12222243845462799,0.03393271565437317,0.013532822951674461,0.04064208269119263,0.17263583838939667,-0.07307246327400208,0.06989161670207977,-0.01085876114666462,-0.10013807564973831,-0.04733024537563324,-1.5549812316894531,1.51010000705719,-0.7198951244354248,1.459821105003357,-0.37196120619773865,0.04448698088526726,0.45388728380203247,0.09379185736179352,-1.223240852355957,-0.7947625517845154,1.3516396284103394,0.5196854472160339,0.06394606083631516,-0.2993362247943878
0.0011756292078644037,-0.294763445854187,0.778153121471405,-0.010596176609396935,0.014038198627531528,-0.6844377517700195,0.7288591861724854,0.05731026828289032,0.045771144330501556,0.0885927826166153,0.1711692065000534,-0.21403254568576813,0.12183213233947754,0.046819351613521576,0.019098693504929543,0.04914179444313049,0.17603598535060883,-0.0852857381105423,0.06267392635345459,0.0028627277351915836,-0.08374809473752975,-0.05910232663154602,-1.0829671621322632,1.343031644821167,-0.38483619689941406,1.4785330295562744,-0.34982287883758545,0.019202791154384613,0.4663688838481903,0.16506914794445038,-1.4139251708984375,-0.9311179518699646,1.3471394777297974,0.5076077580451965,0.051065195351839066,-0.3015193045139313
0.0012543111806735396,-0.2951803207397461,0.7771505117416382,-0.011553460732102394,0.013832155615091324,-0.6828083395957947,0.7303752899169922,0.06241488456726074,0.04586528241634369,0.1004038155078888,0.1718323528766632,-0.22676746547222137,0.1235153079032898,0.047131892293691635,0.02574721723794937,0.04998413473367691,0.18146640062332153,-0.0967855229973793,0.05326303094625473,0.009718989953398705,-0.0777856633067131,-0.06097947433590889,-0.7352924346923828,1.1630263328552246,-0.15623947978019714,1.4490050077438354,-0.3097471594810486,0.01640242151916027,0.47798389196395874,0.19499312341213226,-1.5727691650390625,-1.0346174240112305,1.3258799314498901,0.488555908203125,0.04035158455371857,-0.30309590697288513
0.0013608490116894245,-0.295730859041214,0.7761160135269165,-0.012763320468366146,0.013894113712012768,-0.6811818480491638,0.7318710684776306,0.06767980009317398,0.046650730073451996,0.11024005711078644,0.17320027947425842,-0.2416101098060608,0.12625958025455475,0.04770346358418465,0.03272506222128868,0.04864935949444771,0.1871854066848755,-0.10747841000556946,0.04225509241223335,0.010746698826551437,-0.0761270672082901,-0.0663989707827568,-0.4934256672859192,0.9980912208557129,-0.031621627509593964,1.42294180393219,-0.270202100276947,0.016019374132156372,0.47317078709602356,0.2099086344242096,-1.7162785530090332,-1.1119794845581055,1.2791533470153809,0.46300339698791504,0.026565996930003166,-0.3011810779571533
0.0014690646203234792,-0.29628685116767883,0.7752707600593567,-0.013483145274221897,0.015098812989890575,-0.6807023286819458,0.732280433177948,0.07349558919668198,0.04762943461537361,0.11880912631750107,0.16593748331069946,-0.250629723072052,0.12593580782413483,0.04731377959251404,0.03960957005620003,0.04556141048669815,0.1883685290813446,-0.11373475193977356,0.03049386292695999,0.013810396194458008,-0.07640818506479263,-0.07257026433944702,-0.3234369456768036,0.8536055684089661,0.013543708249926567,1.4022984504699707,-0.2203296720981598,0.015546591952443123,0.4508768320083618,0.22437725961208344,-1.862489938735962,-1.1838116645812988,1.2487391233444214,0.42275431752204895,0.019710464403033257,-0.28992709517478943
0.001474084914661944,-0.29672473669052124,0.7747106552124023,-0.013365142047405243,0.01756593957543373,-0.6806465983390808,0.7322793006896973,0.0771464854478836,0.04888550937175751,0.12467357516288757,0.15310926735401154,-0.2547171413898468,0.12204618752002716,0.04491882771253586,0.04553033784031868,0.03910136967897415,0.18399851024150848,-0.11477004736661911,0.01853889226913452,0.025140870362520218,-0.08281528949737549,-0.07282516360282898,-0.1993289291858673,0.7331159114837646,0.009254625998437405,1.3873019218444824,-0.1680971086025238,0.013436303474009037,0.4154577851295471,0.24013203382492065,-1.998641848564148,-1.2603243589401245,1.232361912727356,0.3810516893863678,0.014938348904252052,-0.27038347721099854
0.0014077319065108895,-0.2972731292247772,0.774359405040741,-0.012976488098502159,0.019654540345072746,-0.6800772547721863,0.7327620983123779,0.07989497482776642,0.048863887786865234,0.12687574326992035,0.141952246427536,-0.258061945438385,0.11751092970371246,0.03989230841398239,0.04923447221517563,0.0302354134619236,0.18356557190418243,-0.11541102826595306,0.008951764553785324,0.044104188680648804,-0.09989161789417267,-0.06927884370088577,-0.10763806104660034,0.6427791118621826,-0.026834063231945038,1.3747377395629883,-0.11869772523641586,0.010844197124242783,0.3713577389717102,0.26953068375587463,-2.0871422290802,-1.3398222923278809,1.17533278465271,0.3351997137069702,0.004101844038814306,-0.25137874484062195
0.0013153349282220006,-0.29790908098220825,0.7739426493644714,-0.011967899277806282,0.02094183675944805,-0.6780682802200317,0.7346030473709106,0.0820162370800972,0.04664049297571182,0.1282440423965454,0.13226306438446045,-0.2615154981613159,0.11548152565956116,0.032647665590047836,0.04861030727624893,0.018813960254192352,0.18979108333587646,-0.12076130509376526,0.0011646593920886517,0.07324711233377457,-0.12424123287200928,-0.05764921009540558,-0.06923363357782364,0.5749441385269165,-0.12418870627880096,1.3596957921981812,-0.06510327011346817,0.011820310726761818,0.3171140253543854,0.32380348443984985,-2.144667387008667,-1.4474451541900635,1.0627329349517822,0.2920042872428894,-0.010452032089233398,-0.22521060705184937
0.0013239713152870536,-0.29841360449790955,0.7732421159744263,-0.011609300971031189,0.021886730566620827,-0.6764323711395264,0.7360879182815552,0.08367356657981873,0.04660895839333534,0.12996286153793335,0.12587547302246094,-0.26834428310394287,0.11455428600311279,0.023733055219054222,0.04701370745897293,0.00871199555695057,0.20294177532196045,-0.12975868582725525,-0.006592079997062683,0.0791563093662262,-0.14494070410728455,-0.04750644043087959,-0.08964619040489197,0.507743775844574,-0.2634850740432739,1.3290733098983765,-0.01385640911757946,0.011902119033038616,0.2630673050880432,0.40881073474884033,-2.182058811187744,-1.5554492473602295,0.8883072137832642,0.23681068420410156,-0.028948672115802765,-0.20034515857696533
0.0014631410595029593,-0.29884350299835205,0.7722731828689575,-0.013256588950753212,0.024206796661019325,-0.6746540069580078,0.7376180291175842,0.08600252866744995,0.05320047587156296,0.13328251242637634,0.11882616579532623,-0.277883917093277,0.11281479150056839,0.01617790013551712,0.05018313229084015,-0.000508646946400404,0.2144092619419098,-0.13475428521633148,-0.015441091731190681,0.08057643473148346,-0.1612541377544403,-0.045184023678302765,-0.1933777779340744,0.4304315447807312,-0.4166649878025055,1.2170040607452393,0.0026583410799503326,-0.0022782296873629093,0.24147561192512512,0.49978458881378174,-2.2063632011413574,-1.652848243713379,0.7069737315177917,0.19336482882499695,-0.04977935552597046,-0.18508927524089813
0.0017615833785384893,-0.29906249046325684,0.7715351581573486,-0.015795696526765823,0.027267558500170708,-0.674034059047699,0.7380277514457703,0.0879664421081543,0.06378427147865295,0.13912802934646606,0.11163049936294556,-0.2896692752838135,0.11373390257358551,0.008120674639940262,0.05678202956914902,-0.003624601988121867,0.2251822054386139,-0.13380254805088043,-0.017091093584895134,0.0782085731625557,-0.170490562915802,-0.04332174360752106,-0.3901146352291107,0.32296645641326904,-0.5670058131217957,0.9896964430809021,-0.001067157369107008,-0.027227727696299553,0.25755980610847473,0.6065422296524048,-2.222161054611206,-1.748042106628418,0.5278294682502747,0.1648135632276535,-0.06585100293159485,-0.1808449923992157
0.002042118227109313,-0.299197793006897,0.7712329626083374,-0.01883726753294468,0.02927643246948719,-0.674416720867157,0.7375298142433167,0.09084352850914001,0.07454228401184082,0.14480391144752502,0.10902056097984314,-0.3007909953594208,0.1142795979976654,0.0018333857879042625,0.06469713896512985,0.0012684594839811325,0.23326615989208221,-0.12830376625061035,-0.009876417927443981,0.07967768609523773,-0.17618069052696228,-0.03862975537776947,-0.5449014902114868,0.229270800948143,-0.6587566137313843,0.7279482483863831,-0.011330293491482735,-0.05610242486000061,0.2795170843601227,0.7210047841072083,-2.2324295043945312,-1.8346400260925293,0.3623507022857666,0.14459174871444702,-0.07723206281661987,-0.1802634298801422
0.0022697525564581156,-0.299358606338501,0.7709394097328186,-0.0213779229670763,0.030170010402798653,-0.6756875514984131,0.7362602353096008,0.09315602481365204,0.08348682522773743,0.15390756726264954,0.11154093593358994,-0.31248605251312256,0.11486499756574631,-0.003833387978374958,0.07243306934833527,0.010851670056581497,0.23957934975624084,-0.1250174641609192,-0.0018269945867359638,0.07399611175060272,-0.1804695427417755,-0.033005278557538986,-0.6497458219528198,0.14814192056655884,-0.7049446105957031,0.4988441467285156,-0.02854299359023571,-0.08316974341869354,0.2996019721031189,0.8079596757888794,-2.2391040325164795,-1.8925158977508545,0.22813312709331512,0.13411876559257507,-0.08664311468601227,-0.18346929550170898
0.0024093377869576216,-0.29954028129577637,0.7707055807113647,-0.02325696311891079,0.03065516985952854,-0.6776770353317261,0.7343522310256958,0.09610675275325775,0.09132720530033112,0.16619226336479187,0.114061638712883,-0.3225579261779785,0.1143079549074173,-0.008307376876473427,0.07905405759811401,0.022092856466770172,0.24062208831310272,-0.12196659296751022,0.005387060344219208,0.06003885716199875,-0.18422125279903412,-0.0325261726975441,-0.7214139103889465,0.08847247064113617,-0.7137778997421265,0.3148477077484131,-0.048121288418769836,-0.10789114981889725,0.3215749263763428,0.8646705150604248,-2.2434425354003906,-1.9301352500915527,0.13105058670043945,0.1283264309167862,-0.09402574598789215,-0.19324469566345215
0.0024721042718738317,-0.2997817397117615,0.7704962491989136,-0.024631964042782784,0.03112080693244934,-0.6810428500175476,0.7311671376228333,0.09823555499315262,0.09849456697702408,0.17877452075481415,0.11827616393566132,-0.33280831575393677,0.11386017501354218,-0.012594826519489288,0.08479625731706619,0.03277911618351936,0.23936215043067932,-0.11898263543844223,0.012071406468749046,0.051635079085826874,-0.1893845796585083,-0.03348167985677719,-0.7732181549072266,0.040911026298999786,-0.713595986366272,0.16897565126419067,-0.06804713606834412,-0.12766069173812866,0.3391449451446533,0.8964818716049194,-2.246262550354004,-1.9545879364013672,0.06850987672805786,0.12996068596839905,-0.09893079102039337,-0.20762476325035095
0.002446079859510064,-0.3001350164413452,0.7702386379241943,-0.02567228674888611,0.03126560151576996,-0.6860690116882324,0.7264108061790466,0.09842602908611298,0.10492846369743347,0.1890670359134674,0.12727001309394836,-0.34382861852645874,0.11433722078800201,-0.01767292618751526,0.08965744078159332,0.04328012093901634,0.2402452975511551,-0.11769214272499084,0.01895299181342125,0.04275235906243324,-0.19333422183990479,-0.03442143648862839,-0.8185710906982422,0.009875299409031868,-0.7109958529472351,0.05323128402233124,-0.08154719322919846,-0.14134782552719116,0.35118037462234497,0.9124132394790649,-2.2480955123901367,-1.9704821109771729,0.03174278140068054,0.1318291276693344,-0.10241179168224335,-0.2214871495962143
0.0023402308579534292,-0.30047526955604553,0.7701133489608765,-0.026111336424946785,0.03201000764966011,-0.6933220624923706,0.7194429039955139,0.09448258578777313,0.11158907413482666,0.19535887241363525,0.14013834297657013,-0.3535720407962799,0.11517959833145142,-0.024075139313936234,0.09463350474834442,0.05252920836210251,0.23861759901046753,-0.11402729898691177,0.023407164961099625,0.036662280559539795,-0.19724364578723907,-0.033031266182661057,-0.8599015474319458,-0.010795575566589832,-0.7094271779060364,-0.03823835402727127,-0.08654792606830597,-0.14948737621307373,0.3597601056098938,0.9181503057479858,-2.2492868900299072,-1.9808132648468018,0.01274705771356821,0.13195349276065826,-0.10298916697502136,-0.2353748381137848
0.0021522485185414553,-0.3008618950843811,0.7699209451675415,-0.02610907331109047,0.03314916789531708,-0.7036638855934143,0.70927894115448,0.08378268778324127,0.11790347844362259,0.19447287917137146,0.16221025586128235,-0.3634883165359497,0.11648230254650116,-0.031135253608226776,0.09995874762535095,0.061506979167461395,0.23585167527198792,-0.11036640405654907,0.025713790208101273,0.0347040630877018,-0.20331546664237976,-0.02741408348083496,-0.9021658897399902,-0.024810362607240677,-0.7104406356811523,-0.11264235526323318,-0.08289274573326111,-0.15438801050186157,0.3691573143005371,0.9146863222122192,-2.250061273574829,-1.9875285625457764,-0.006298990920186043,0.12533995509147644,-0.10318376123905182,-0.25339576601982117
0.0018632010323926806,-0.30130550265312195,0.7695225477218628,-0.0259209293872118,0.03447837755084038,-0.7182237505912781,0.6944738626480103,0.05911196023225784,0.12415435165166855,0.18345047533512115,0.20953747630119324,-0.37527722120285034,0.11910594999790192,-0.037031836807727814,0.10567554086446762,0.07066351920366287,0.23267167806625366,-0.10860417783260345,0.023033741861581802,0.042117856442928314,-0.21096515655517578,-0.013294682838022709,-0.946705162525177,-0.0283524077385664,-0.7105215787887573,-0.1745416820049286,-0.07233843952417374,-0.15566453337669373,0.38342705368995667,0.9122415781021118,-2.2505648136138916,-1.9918935298919678,-0.028126584365963936,0.1089198961853981,-0.10141927003860474,-0.26858770847320557
0.0014688270166516304,-0.3018198013305664,0.7693566083908081,-0.02552490495145321,0.03487468138337135,-0.7366229891777039,0.6749213337898254,0.019931159913539886,0.12836578488349915,0.16119934618473053,0.2860044240951538,-0.3839482069015503,0.12103929370641708,-0.03779274597764015,0.10993602871894836,0.0818709284067154,0.22642922401428223,-0.10664385557174683,0.016917485743761063,0.06067364662885666,-0.21685901284217834,0.0016250945627689362,-0.9771696329116821,-0.0202346108853817,-0.7010997533798218,-0.22420664131641388,-0.05875399708747864,-0.15495085716247559,0.40231454372406006,0.9084013104438782,-2.250891923904419,-1.9947307109832764,-0.052005231380462646,0.09191747009754181,-0.09914218634366989,-0.2879742383956909
0.0009960252791643143,-0.3023907542228699,0.7692567706108093,-0.024952426552772522,0.03405110165476799,-0.7574740052223206,0.6514990329742432,-0.03099757805466652,0.12930458784103394,0.13141600787639618,0.37824922800064087,-0.3916656970977783,0.12229751795530319,-0.037494808435440063,0.11373499035835266,0.09954391419887543,0.2259637713432312,-0.10834924876689911,0.012576846405863762,0.094780333340168,-0.22227194905281067,0.02543496899306774,-1.013096570968628,-0.00394798256456852,-0.6847957968711853,-0.26120123267173767,-0.043816715478897095,-0.15229272842407227,0.42576587200164795,0.9034878015518188,-2.2511045932769775,-1.996574878692627,-0.05601586773991585,0.08638007938861847,-0.09488464146852493,-0.30922430753707886
0.0004671957576647401,-0.30288928747177124,0.7691648602485657,-0.025079496204853058,0.032075271010398865,-0.7792441248893738,0.6253964900970459,-0.08900455385446548,0.12631040811538696,0.0953621044754982,0.472507119178772,-0.3983660042285919,0.12386562675237656,-0.03791148215532303,0.11864393949508667,0.12172199785709381,0.23389050364494324,-0.11266277730464935,0.01105706300586462,0.13973461091518402,-0.22503986954689026,0.057096436619758606,-1.0467255115509033,0.016274811699986458,-0.6670726537704468,-0.29228445887565613,-0.02718787081539631,-0.1494968831539154,0.4497229754924774,0.8937609791755676,-2.2512428760528564,-1.9977736473083496,-0.047644127160310745,0.09186987578868866,-0.09097853302955627,-0.3398847281932831
-0.00016204890562221408,-0.3032821714878082,0.7688968181610107,-0.026342950761318207,0.028466254472732544,-0.8020902872085571,0.595941960811615,-0.15271249413490295,0.11699812114238739,0.05140889436006546,0.5718464255332947,-0.4053531885147095,0.125404953956604,-0.03944211080670357,0.12505105137825012,0.14907974004745483,0.25229406356811523,-0.12164224684238434,0.009889397770166397,0.18830546736717224,-0.22603677213191986,0.09154805541038513,-1.071021318435669,0.03837520629167557,-0.6527520418167114,-0.3157722055912018,-0.011149811558425426,-0.14668110013008118,0.4709317982196808,0.873723030090332,-2.2513327598571777,-1.9985527992248535,-0.031089862808585167,0.10357436537742615,-0.08751169592142105,-0.3785790801048279
-0.0010734923416748643,-0.3036925792694092,0.7683007717132568,-0.028557749465107918,0.024146927520632744,-0.8243353366851807,0.5648651719093323,-0.21881960332393646,0.10350574553012848,0.002232411876320839,0.6752617955207825,-0.413704514503479,0.12345269322395325,-0.04214721545577049,0.1333107352256775,0.1784965842962265,0.2795203924179077,-0.13501302897930145,0.007497873622924089,0.2346099615097046,-0.22686059772968292,0.12189462780952454,-1.096354365348816,0.0737706869840622,-0.6353845596313477,-0.3331184983253479,0.008350217714905739,-0.14279305934906006,0.4932495653629303,0.8549861907958984,-2.2513911724090576,-1.9990592002868652,-0.00312093086540699,0.11491520702838898,-0.08419249951839447,-0.41524919867515564
-0.0022452387493103743,-0.3041985332965851,0.7679613828659058,-0.030400903895497322,0.01913951337337494,-0.8449794054031372,0.5335909724235535,-0.27275940775871277,0.08764424920082092,-0.042631424963474274,0.7583653330802917,-0.41581588983535767,0.11875792592763901,-0.04519373178482056,0.139694482088089,0.20760968327522278,0.3038140535354614,-0.14606711268424988,0.009015342220664024,0.27637752890586853,-0.2273784875869751,0.14615169167518616,-1.1152124404907227,0.10544764995574951,-0.6220721006393433,-0.34639373421669006,0.026858914643526077,-0.13765279948711395,0.510329008102417,0.8397407531738281,-2.2514290809631348,-1.9993884563446045,0.028075948357582092,0.130556121468544,-0.08176960051059723,-0.44688934087753296
-0.0038631316274404526,-0.30503857135772705,0.7672905325889587,-0.03304549306631088,0.014473196119070053,-0.863519012928009,0.5030242800712585,-0.3165889084339142,0.07213890552520752,-0.08172961324453354,0.8201816082000732,-0.41588613390922546,0.11442145705223083,-0.04872753471136093,0.1479039341211319,0.23291827738285065,0.32897886633872986,-0.15756146609783173,0.007441910449415445,0.3138449192047119,-0.22921684384346008,0.16907140612602234,-1.128880500793457,0.13412588834762573,-0.6124415397644043,-0.3537124991416931,0.044690363109111786,-0.13202093541622162,0.5245508551597595,0.8245614767074585,-2.2514538764953613,-1.9996025562286377,0.062478359788656235,0.14794310927391052,-0.0797300785779953,-0.4703689217567444
-0.0057157473638653755,-0.30620086193084717,0.7666183114051819,-0.03560609370470047,0.01000445056706667,-0.8790081143379211,0.47537022829055786,-0.3471965193748474,0.059249673038721085,-0.1125858724117279,0.8600523471832275,-0.413962721824646,0.10926491022109985,-0.051797471940517426,0.15513449907302856,0.2540862560272217,0.35118889808654785,-0.16796573996543884,0.006575894076377153,0.34402480721473694,-0.23230473697185516,0.1887628734111786,-1.143918752670288,0.16003361344337463,-0.606279194355011,-0.3585330843925476,0.062426067888736725,-0.1267402172088623,0.5351346731185913,0.8098843097686768,-2.251469850540161,-1.999741554260254,0.09573860466480255,0.16249698400497437,-0.07852116227149963,-0.48495885729789734
-0.007191375829279423,-0.3073953092098236,0.7660961151123047,-0.03760727122426033,0.006240881513804197,-0.8909962773323059,0.4524073004722595,-0.36463409662246704,0.05020108073949814,-0.13790631294250488,0.8850982189178467,-0.4120315611362457,0.10272765904664993,-0.05449157580733299,0.1607287973165512,0.2721117436885834,0.3673285245895386,-0.17554396390914917,0.008401447907090187,0.3734021782875061,-0.2354649305343628,0.20619559288024902,-1.1571590900421143,0.17817340791225433,-0.603306233882904,-0.36130017042160034,0.0780017077922821,-0.12183484435081482,0.5436722040176392,0.7911998629570007,-2.2514803409576416,-1.9998319149017334,0.12276076525449753,0.1767713874578476,-0.07909423112869263,-0.4968488812446594
-0.007898579351603985,-0.3083227276802063,0.7657619714736938,-0.03908621892333031,0.003509347792714834,-0.899619996547699,0.43490666151046753,-0.3698331415653229,0.045889489352703094,-0.16115568578243256,0.8921763896942139,-0.40881815552711487,0.0941362977027893,-0.05664072185754776,0.1657106578350067,0.28973519802093506,0.37781286239624023,-0.17973199486732483,0.014452867209911346,0.3941565752029419,-0.2344355285167694,0.21657413244247437,-1.1640119552612305,0.1948384940624237,-0.5993703603744507,-0.36336755752563477,0.09269139170646667,-0.11794281005859375,0.5495448708534241,0.7741450667381287,-2.2514870166778564,-1.9998908042907715,0.14140531420707703,0.19082775712013245,-0.081424780189991,-0.5068516731262207
-0.007739998400211334,-0.3088325262069702,0.765666127204895,-0.03962842375040054,0.001790483365766704,-0.9046493172645569,0.4243065118789673,-0.357052743434906,0.043923210352659225,-0.17872512340545654,0.879460334777832,-0.40645235776901245,0.0881442055106163,-0.05925828963518143,0.16868427395820618,0.30502140522003174,0.38093990087509155,-0.1801416128873825,0.022731956094503403,0.4107321500778198,-0.23110021650791168,0.22287753224372864,-1.1725354194641113,0.20859166979789734,-0.600851833820343,-0.3636981248855591,0.10593909025192261,-0.11356877535581589,0.5519542694091797,0.7592415809631348,-2.2514915466308594,-1.9999289512634277,0.1544438898563385,0.19751016795635223,-0.08267144113779068,-0.5115399360656738
-0.006911951117217541,-0.3092043101787567,0.7658166885375977,-0.03944427892565727,0.001210530987009406,-0.9056337475776672,0.4222206771373749,-0.3275318741798401,0.04364492744207382,-0.1892082393169403,0.848685622215271,-0.4047295153141022,0.08338969200849533,-0.06331014633178711,0.16948391497135162,0.3160904049873352,0.37820202112197876,-0.1756710708141327,0.03397075831890106,0.41901201009750366,-0.22303438186645508,0.22170159220695496,-1.1770782470703125,0.22232386469841003,-0.6016677618026733,-0.3596110939979553,0.11798442900180817,-0.1087525263428688,0.5520252585411072,0.7507821321487427,-2.2514944076538086,-1.9999537467956543,0.16302096843719482,0.19912636280059814,-0.08345413208007812,-0.5115678906440735
-0.005614713300019503,-0.3095076084136963,0.7660644054412842,-0.03873615339398384,0.0019429061794653535,-0.9019967913627625,0.4299972355365753,-0.2849753499031067,0.046557195484638214,-0.18980568647384644,0.7927839159965515,-0.4000643193721771,0.07878559082746506,-0.07058177888393402,0.16742496192455292,0.31917935609817505,0.3713644742965698,-0.16616687178611755,0.04955625534057617,0.4147518277168274,-0.2098795771598816,0.21333497762680054,-1.1724706888198853,0.23234131932258606,-0.6037040948867798,-0.35250991582870483,0.12673960626125336,-0.10501635074615479,0.5481953024864197,0.7480788230895996,-2.2514963150024414,-1.9999699592590332,0.16655021905899048,0.196198970079422,-0.08464819192886353,-0.5051400661468506
-0.003909113351255655,-0.3094298839569092,0.7662225365638733,-0.03674905002117157,0.0031291162595152855,-0.8933255076408386,0.4478943347930908,-0.23414012789726257,0.050135381519794464,-0.1776759922504425,0.7169831991195679,-0.3929497003555298,0.0774744302034378,-0.08557579666376114,0.15946826338768005,0.30870115756988525,0.36871832609176636,-0.1557561308145523,0.06730681657791138,0.4035909175872803,-0.19263309240341187,0.2003222107887268,-1.1649854183197021,0.24543744325637817,-0.6160116195678711,-0.34007278084754944,0.13079479336738586,-0.1026947945356369,0.5365199446678162,0.752647340297699,-2.251497507095337,-1.9999804496765137,0.16392774879932404,0.1856486201286316,-0.08710624277591705,-0.4856196641921997
-0.0017713839188218117,-0.308614045381546,0.7664052248001099,-0.03423897549510002,0.0044153849594295025,-0.8797560930252075,0.4741702377796173,-0.18508699536323547,0.05798867717385292,-0.1616169810295105,0.6339685916900635,-0.3807664215564728,0.0733715295791626,-0.10136498510837555,0.14547884464263916,0.28741708397865295,0.3637295067310333,-0.14500950276851654,0.0869249701499939,0.3900948762893677,-0.17176510393619537,0.1821204572916031,-1.1365262269973755,0.25758370757102966,-0.6273598670959473,-0.3292486369609833,0.1292639672756195,-0.10501395910978317,0.5186185836791992,0.7650560140609741,-2.251498222351074,-1.9999871253967285,0.1390155553817749,0.17050454020500183,-0.09490574896335602,-0.4661000072956085
0.0007848343811929226,-0.30719882249832153,0.7668689489364624,-0.03093872219324112,0.005068820435553789,-0.860755443572998,0.5080523490905762,-0.14899250864982605,0.06802688539028168,-0.141813725233078,0.5625343918800354,-0.36496680974960327,0.06961594521999359,-0.11091924458742142,0.12549862265586853,0.26163673400878906,0.3545834422111511,-0.13856418430805206,0.1025303304195404,0.36533114314079285,-0.1432744711637497,0.16020973026752472,-1.1008435487747192,0.26799917221069336,-0.6313518285751343,-0.31851261854171753,0.1257643699645996,-0.10831133276224136,0.4961549937725067,0.7939515709877014,-2.2514986991882324,-1.9999916553497314,0.10683979094028473,0.15219277143478394,-0.10180532932281494,-0.4462410807609558
0.0036935224197804928,-0.3054907023906708,0.7675913572311401,-0.027309013530611992,0.004065856337547302,-0.8352898955345154,0.5491160154342651,-0.11908815056085587,0.07714096456766129,-0.1232755035161972,0.49759620428085327,-0.3482983112335205,0.06949778646230698,-0.11410637199878693,0.10090842843055725,0.23613211512565613,0.3477661907672882,-0.13849934935569763,0.11915338039398193,0.31969940662384033,-0.10878053307533264,0.1276165246963501,-1.042633295059204,0.291884183883667,-0.6138431429862976,-0.3175087869167328,0.12053322792053223,-0.11530011892318726,0.47002124786376953,0.8563836812973022,-2.2514991760253906,-1.9999945163726807,0.05805612727999687,0.12033607065677643,-0.10693956911563873,-0.42527124285697937
0.006993530783802271,-0.30394241213798523,0.7683637142181396,-0.023593736812472343,0.0014187631895765662,-0.8040726780891418,0.5940609574317932,-0.0946890190243721,0.08257442712783813,-0.10808968544006348,0.4401342570781708,-0.33227723836898804,0.07453501224517822,-0.1110599935054779,0.07405272871255875,0.2149760127067566,0.3474118411540985,-0.1466912031173706,0.13165658712387085,0.2729506492614746,-0.06803566217422485,0.08831942081451416,-0.9813264608383179,0.33061468601226807,-0.5768522024154663,-0.31914636492729187,0.1171683818101883,-0.12333528697490692,0.45051494240760803,0.9426979422569275,-2.2514994144439697,-1.9999964237213135,0.007856898009777069,0.08408918976783752,-0.11045863479375839,-0.406412273645401
0.010840121656656265,-0.30272746086120605,0.7689891457557678,-0.019627375528216362,-0.0035203387960791588,-0.7677350044250488,0.6404571533203125,-0.07525477558374405,0.07815786451101303,-0.09142519533634186,0.3985203206539154,-0.3208981454372406,0.08934392035007477,-0.1055724248290062,0.044624585658311844,0.19935032725334167,0.3691871762275696,-0.16582468152046204,0.14242435991764069,0.2110777199268341,-0.02704911306500435,0.04874662682414055,-0.8931092023849487,0.4189136028289795,-0.5016320943832397,-0.32422253489494324,0.11682866513729095,-0.13590116798877716,0.4420224130153656,1.0149035453796387,-2.2514986991882324,-1.9907184839248657,-0.03980821371078491,0.036301810294389725,-0.1167520135641098,-0.38990604877471924
0.015375062823295593,-0.301981121301651,0.7694361209869385,-0.015894602984189987,-0.009494280442595482,-0.7266842126846313,0.6867220997810364,-0.05612901598215103,0.06710026413202286,-0.0767107754945755,0.3684966266155243,-0.3136875033378601,0.10612253844738007,-0.09937978535890579,0.01678362302482128,0.1922682523727417,0.407653272151947,-0.18472349643707275,0.15220461785793304,0.15398363769054413,0.007063211873173714,0.005449576303362846,-0.8176881670951843,0.5358763933181763,-0.40319323539733887,-0.329348623752594,0.11729086935520172,-0.14877671003341675,0.4511096477508545,1.0618373155593872,-2.212991952896118,-1.9450738430023193,-0.09704478085041046,-0.009211722761392593,-0.1270902305841446,-0.38274192810058594
0.02023053914308548,-0.30161070823669434,0.7692748308181763,-0.01351737231016159,-0.014298412017524242,-0.6837260723114014,0.7294734716415405,-0.03855879232287407,0.056278932839632034,-0.0681847408413887,0.34343549609184265,-0.30653971433639526,0.11733131855726242,-0.09057079255580902,-0.003641352988779545,0.19122493267059326,0.4471747875213623,-0.19843503832817078,0.1545439511537552,0.1055503636598587,0.03182358294725418,-0.03359957039356232,-0.7718539834022522,0.6649399995803833,-0.29759061336517334,-0.3427135646343231,0.12221290916204453,-0.1574307680130005,0.47591859102249146,1.0923442840576172,-2.144857406616211,-1.8839330673217773,-0.14965105056762695,-0.04877031594514847,-0.13450980186462402,-0.37987154722213745
0.025009630247950554,-0.3018381893634796,0.7683387398719788,-0.012549815699458122,-0.017643410712480545,-0.6437544822692871,0.7649257779121399,-0.022228503599762917,0.04788951948285103,-0.06411583721637726,0.32257014513015747,-0.3020152449607849,0.12405291944742203,-0.07964840531349182,-0.01663142815232277,0.19454415142536163,0.4798419773578644,-0.2093445211648941,0.15232951939105988,0.06618794798851013,0.04799046367406845,-0.06281372904777527,-0.7596538066864014,0.7839887142181396,-0.21095812320709229,-0.37276315689086914,0.13078762590885162,-0.16171225905418396,0.4983682632446289,1.1121737957000732,-2.0797009468078613,-1.8225854635238647,-0.18663236498832703,-0.07773435860872269,-0.13851308822631836,-0.3707706332206726
0.029358455911278725,-0.3028267025947571,0.7668069005012512,-0.012512650340795517,-0.018809853121638298,-0.6127346754074097,0.7899656891822815,-0.010025354102253914,0.04272996634244919,-0.06522081792354584,0.30934667587280273,-0.30236783623695374,0.1271773725748062,-0.06805262714624405,-0.02465065009891987,0.19795270264148712,0.5031297206878662,-0.2189752608537674,0.14860716462135315,0.03731449693441391,0.05336488038301468,-0.07785691320896149,-0.7710543870925903,0.9054161310195923,-0.1567433774471283,-0.4138839840888977,0.14092466235160828,-0.16320069134235382,0.507481575012207,1.1250629425048828,-2.0324392318725586,-1.7556483745574951,-0.2122454196214676,-0.10232655704021454,-0.14163988828659058,-0.3404180407524109
0.033235423266887665,-0.30420371890068054,0.7650144100189209,-0.01339139323681593,-0.01788097247481346,-0.5936022996902466,0.8044484257698059,-0.0006779171526432037,0.040118902921676636,-0.06879361718893051,0.30093854665756226,-0.3052007853984833,0.12564711272716522,-0.05330943316221237,-0.031616393476724625,0.19983574748039246,0.5080175399780273,-0.22852110862731934,0.14417240023612976,0.02621850185096264,0.052019014954566956,-0.08546841144561768,-0.8005796074867249,1.0213955640792847,-0.1348530799150467,-0.4585111141204834,0.14702242612838745,-0.1635482907295227,0.5011125802993774,1.1334408521652222,-2.0167579650878906,-1.6844921112060547,-0.2069413959980011,-0.11959517002105713,-0.14223316311836243,-0.2806151509284973
0.03653246909379959,-0.3053284287452698,0.7635033130645752,-0.01422849390655756,-0.015293736010789871,-0.5867500901222229,0.8094986081123352,0.00794585794210434,0.03877407684922218,-0.07425983250141144,0.29331764578819275,-0.306882381439209,0.11938896775245667,-0.04318308085203171,-0.040804699063301086,0.20366361737251282,0.500466525554657,-0.232613205909729,0.14984539151191711,0.020068557932972908,0.04349539801478386,-0.0894426628947258,-0.8292354345321655,1.1383227109909058,-0.13440871238708496,-0.5148454904556274,0.14753052592277527,-0.1680673509836197,0.4819459319114685,1.138886570930481,-2.0073018074035645,-1.6016087532043457,-0.20350220799446106,-0.13224199414253235,-0.14774227142333984,-0.20207348465919495
0.03974549099802971,-0.3058244287967682,0.7618746757507324,-0.014349212870001793,-0.012074758298695087,-0.5905882716178894,0.8067551255226135,0.015961403027176857,0.03698605298995972,-0.0792754590511322,0.28959089517593384,-0.3108632564544678,0.11158183217048645,-0.04847508296370506,-0.056097932159900665,0.2085074931383133,0.5004162788391113,-0.2334281951189041,0.17108823359012604,0.010148592293262482,0.03235631808638573,-0.08886271715164185,-0.8651760816574097,1.249658465385437,-0.15615138411521912,-0.5775124430656433,0.1447450816631317,-0.1766105592250824,0.4563121497631073,1.1365076303482056,-2.010240077972412,-1.5221476554870605,-0.21229474246501923,-0.14482760429382324,-0.15598741173744202,-0.12243369221687317
0.043398741632699966,-0.3059104084968567,0.762410044670105,-0.015245242975652218,-0.00833876896649599,-0.6022408604621887,0.7981252670288086,0.025495145469903946,0.03901492431759834,-0.08556464314460754,0.28860485553741455,-0.3161543011665344,0.10087165236473083,-0.06726397573947906,-0.0778035819530487,0.2126350700855255,0.505071222782135,-0.229421466588974,0.20260316133499146,0.00509856641292572,0.02775290235877037,-0.08381198346614838,-0.8999069929122925,1.335871934890747,-0.18106254935264587,-0.6315438747406006,0.14286795258522034,-0.18752411007881165,0.43557822704315186,1.124064564704895,-2.027010440826416,-1.463554859161377,-0.2249937653541565,-0.1501472145318985,-0.16388259828090668,-0.06256404519081116
0.04546630382537842,-0.3066839873790741,0.7635202407836914,-0.02008819580078125,-0.001477304962463677,-0.6198288202285767,0.7844785451889038,0.03352706879377365,0.05890548974275589,-0.09275463968515396,0.29551658034324646,-0.324242502450943,0.08173061907291412,-0.09798824787139893,-0.09742216020822525,0.21001702547073364,0.5087375640869141,-0.21956707537174225,0.2233220487833023,0.015627538785338402,0.03851164132356644,-0.06846702098846436,-0.9291307926177979,1.381279706954956,-0.18826934695243835,-0.6571635007858276,0.14699000120162964,-0.196022629737854,0.43715471029281616,1.104366421699524,-2.0432677268981934,-1.4474122524261475,-0.2116488218307495,-0.14690479636192322,-0.16414804756641388,-0.048816416412591934
0.04579873010516167,-0.3087906241416931,0.7641305923461914,-0.026361122727394104,0.005932332947850227,-0.6389015913009644,0.7688138484954834,0.04309225454926491,0.08656136691570282,-0.09959785640239716,0.30596792697906494,-0.3368692696094513,0.05914746969938278,-0.1303064525127411,-0.1263788938522339,0.21000583469867706,0.4926068186759949,-0.20044544339179993,0.23678931593894958,0.02013212814927101,0.06383880227804184,-0.04535318538546562,-0.9607481956481934,1.368398904800415,-0.17641209065914154,-0.6609439849853516,0.15685468912124634,-0.2001306712627411,0.4570446312427521,1.1038070917129517,-2.057985544204712,-1.4835947751998901,-0.2060346007347107,-0.1314435452222824,-0.16330623626708984,-0.07897888123989105
0.043917760252952576,-0.31288209557533264,0.763823390007019,-0.03112856298685074,0.012552274391055107,-0.6563994288444519,0.7536665201187134,0.05396881699562073,0.11335640400648117,-0.10432332754135132,0.3154434859752655,-0.3509182929992676,0.044075798243284225,-0.15633532404899597,-0.16094720363616943,0.21241456270217896,0.46068885922431946,-0.17173516750335693,0.24554304778575897,0.009380876086652279,0.09208711236715317,-0.02008170261979103,-1.0097100734710693,1.347557544708252,-0.17302076518535614,-0.6497052907943726,0.17212004959583282,-0.19695809483528137,0.4856467843055725,1.1195148229599,-2.0712902545928955,-1.5520190000534058,-0.19787436723709106,-0.11919546127319336,-0.1580461710691452,-0.1340489685535431
0.04021454602479935,-0.3184572756290436,0.7626080513000488,-0.03452683985233307,0.017941704019904137,-0.6722970008850098,0.7392582893371582,0.06552447378635406,0.1368342638015747,-0.11114339530467987,0.32532161474227905,-0.3661953806877136,0.04205119609832764,-0.1728297770023346,-0.1856342852115631,0.212588369846344,0.43634259700775146,-0.1398254930973053,0.24660944938659668,-0.008228038437664509,0.11908578872680664,-0.000359484925866127,-1.0808347463607788,1.350861668586731,-0.2005096673965454,-0.6102219820022583,0.1847962737083435,-0.1878197193145752,0.5130945444107056,1.1298346519470215,-2.098144054412842,-1.6267273426055908,-0.2006523609161377,-0.10857383161783218,-0.1522482931613922,-0.20156200230121613
0.0343850702047348,-0.3250960111618042,0.7610692381858826,-0.03825199604034424,0.024352077394723892,-0.6889625191688538,0.7233770489692688,0.0754375010728836,0.16342732310295105,-0.12188614904880524,0.3400895893573761,-0.38148075342178345,0.044856976717710495,-0.17788299918174744,-0.187681645154953,0.20549286901950836,0.4177960157394409,-0.10916537791490555,0.24261239171028137,-0.022345036268234253,0.14866963028907776,0.016587458550930023,-1.169498324394226,1.3725414276123047,-0.2560870051383972,-0.5795742869377136,0.19849276542663574,-0.18305325508117676,0.5293127298355103,1.136542558670044,-2.1451849937438965,-1.7127658128738403,-0.2189827561378479,-0.09961053729057312,-0.14604097604751587,-0.2794802486896515
0.02758791670203209,-0.33290618658065796,0.7592062950134277,-0.04197477176785469,0.029994631186127663,-0.7079634666442871,0.704362154006958,0.08275336027145386,0.18802139163017273,-0.1345127820968628,0.36776232719421387,-0.39328333735466003,0.05028834939002991,-0.17413455247879028,-0.17748579382896423,0.1954309493303299,0.406282901763916,-0.08349450677633286,0.24063345789909363,-0.029909875243902206,0.17898298799991608,0.02939697727560997,-1.2556097507476807,1.3990427255630493,-0.31213104724884033,-0.5600475668907166,0.21392396092414856,-0.17831392586231232,0.5382683277130127,1.1409026384353638,-2.182394504547119,-1.7917524576187134,-0.23527297377586365,-0.08275231719017029,-0.13933558762073517,-0.3574179410934448
0.020391009747982025,-0.3415014147758484,0.756513774394989,-0.0473368875682354,0.035130247473716736,-0.7280324101448059,0.6830036044120789,0.08676061034202576,0.21162748336791992,-0.14636021852493286,0.4144657850265503,-0.4075891673564911,0.05770795792341232,-0.16907599568367004,-0.15740305185317993,0.18102891743183136,0.4046260714530945,-0.06677255034446716,0.23809251189231873,-0.025286879390478134,0.2135736048221588,0.04961841553449631,-1.3381428718566895,1.402130126953125,-0.3576425313949585,-0.5192244648933411,0.224334716796875,-0.1668362319469452,0.5470536947250366,1.143736720085144,-2.2065813541412354,-1.8626384735107422,-0.2419966757297516,-0.05495847016572952,-0.13293692469596863,-0.4330633282661438
0.013408510014414787,-0.34992387890815735,0.7532795071601868,-0.05337366834282875,0.03877153992652893,-0.7442920804023743,0.6645880937576294,0.08783885836601257,0.23205819725990295,-0.15474575757980347,0.4667494595050812,-0.42146217823028564,0.06310603767633438,-0.16383172571659088,-0.13444611430168152,0.16588938236236572,0.41172847151756287,-0.06272690743207932,0.23168185353279114,-0.014193747192621231,0.2461475133895874,0.06784358620643616,-1.387305736541748,1.3854751586914062,-0.38779279589653015,-0.4589599072933197,0.22445376217365265,-0.15080033242702484,0.557600736618042,1.1455788612365723,-2.2223026752471924,-1.9107146263122559,-0.2284770905971527,-0.02035222388803959,-0.1262926310300827,-0.5059159994125366
0.007030130364000797,-0.35671865940093994,0.7501044273376465,-0.05879894271492958,0.04216707870364189,-0.7526865601539612,0.6543909311294556,0.08641694486141205,0.25400346517562866,-0.156086266040802,0.506535530090332,-0.43537187576293945,0.06305024027824402,-0.1594747006893158,-0.11170084774494171,0.15302221477031708,0.4211633503437042,-0.06970334053039551,0.22235655784606934,-0.008943507447838783,0.26831427216529846,0.07530304789543152,-1.4004865884780884,1.3525316715240479,-0.41021406650543213,-0.39055633544921875,0.21927952766418457,-0.13813911378383636,0.5669633150100708,1.1467761993408203,-2.2325215339660645,-1.9419643878936768,-0.20439481735229492,-0.002591557800769806,-0.11957311630249023,-0.5676954984664917
0.0013795385602861643,-0.36161792278289795,0.7478101253509521,-0.06208581104874611,0.04450051113963127,-0.7526566386222839,0.6539671421051025,0.07824863493442535,0.2747983932495117,-0.15195582807064056,0.5323399305343628,-0.4444580674171448,0.05768789350986481,-0.15337499976158142,-0.09507173299789429,0.1449294090270996,0.42756888270378113,-0.0828854888677597,0.21111451089382172,0.0022661196999251842,0.27946311235427856,0.0784132108092308,-1.3985474109649658,1.2975289821624756,-0.4243769347667694,-0.3412021994590759,0.2173154354095459,-0.13343864679336548,0.5735636353492737,1.1475545167922974,-2.239163875579834,-1.9622766971588135,-0.17717742919921875,0.00152129540219903,-0.11247614026069641,-0.610487163066864
-0.0033471339847892523,-0.365098237991333,0.7462903261184692,-0.0637434720993042,0.04533175379037857,-0.7465888261795044,0.660671591758728,0.06457801163196564,0.29156380891799927,-0.14546608924865723,0.5504130125045776,-0.44961023330688477,0.05058380961418152,-0.14555013179779053,-0.08446420729160309,0.14378909766674042,0.43518581986427307,-0.10306021571159363,0.19780686497688293,0.011221416294574738,0.2759722173213959,0.07205711305141449,-1.3760709762573242,1.2404069900512695,-0.4306826591491699,-0.3073289692401886,0.2220948338508606,-0.13057388365268707,0.5800005197525024,1.1480604410171509,-2.2333006858825684,-1.9754798412322998,-0.1504242718219757,-0.014310833066701889,-0.1034303680062294,-0.6306627988815308
-0.007045903243124485,-0.3676742613315582,0.7460790872573853,-0.062197890132665634,0.04443042352795601,-0.7356014847755432,0.6730882525444031,0.047918468713760376,0.29863086342811584,-0.13661150634288788,0.5539754629135132,-0.44852057099342346,0.04375201836228371,-0.1373555064201355,-0.08413146436214447,0.14945189654827118,0.44302594661712646,-0.12833920121192932,0.18353739380836487,0.012176182121038437,0.25750213861465454,0.0545056089758873,-1.3369630575180054,1.1870628595352173,-0.43162238597869873,-0.271999329328537,0.23087407648563385,-0.12423036992549896,0.585005521774292,1.148389220237732,-2.2003819942474365,-1.981208086013794,-0.12215888500213623,-0.047038719058036804,-0.09151339530944824,-0.6173224449157715
-0.009914202615618706,-0.36966341733932495,0.7465792894363403,-0.0582878515124321,0.04126419872045517,-0.7210984230041504,0.6891421675682068,0.031101185828447342,0.2953944206237793,-0.12648436427116394,0.5490766763687134,-0.4428706169128418,0.039013177156448364,-0.129160538315773,-0.09477505087852478,0.15982988476753235,0.4537079334259033,-0.15511088073253632,0.16903960704803467,0.011098883114755154,0.22610987722873688,0.031324680894613266,-1.2974772453308105,1.1456667184829712,-0.43194764852523804,-0.25734448432922363,0.2413969337940216,-0.11854847520589828,0.5905182957649231,1.1486029624938965,-2.162311315536499,-1.972092628479004,-0.09264400601387024,-0.08556374162435532,-0.08080293983221054,-0.5787749290466309
-0.012225000187754631,-0.37142714858055115,0.7475035190582275,-0.05274980887770653,0.036664802581071854,-0.7054316997528076,0.7058606147766113,0.01983136124908924,0.2857869565486908,-0.11429862678050995,0.5321589708328247,-0.43392378091812134,0.03584996610879898,-0.12185142934322357,-0.11234992742538452,0.17078277468681335,0.4647681713104248,-0.1801195591688156,0.15407371520996094,0.0038378864992409945,0.1886681467294693,0.0028194990009069443,-1.265504002571106,1.1159183979034424,-0.42913001775741577,-0.253007173538208,0.24987728893756866,-0.11208518594503403,0.5982397794723511,1.1487419605255127,-2.127150774002075,-1.9512684345245361,-0.06842484325170517,-0.12659181654453278,-0.07297433167695999,-0.5306316614151001
-0.014055382460355759,-0.3730575442314148,0.7480384111404419,-0.04720034450292587,0.0317956805229187,-0.6908009648323059,0.7208017706871033,0.011633820831775665,0.27595254778862,-0.10048700869083405,0.513663649559021,-0.42625582218170166,0.03405104577541351,-0.11670514196157455,-0.13068148493766785,0.17867861688137054,0.47994178533554077,-0.2019260972738266,0.1396465003490448,-0.007700344081968069,0.1568087339401245,-0.021662548184394836,-1.2565019130706787,1.0918638706207275,-0.4296068251132965,-0.26411256194114685,0.25822824239730835,-0.10677552223205566,0.6072303056716919,1.1488062143325806,-2.107821226119995,-1.9278696775436401,-0.05589388310909271,-0.16425970196723938,-0.06764116883277893,-0.4856629967689514
-0.015248995274305344,-0.3746024966239929,0.7485066652297974,-0.041423942893743515,0.0274894330650568,-0.6786559820175171,0.7327717542648315,0.0075183953158557415,0.26708316802978516,-0.08667866140604019,0.49010926485061646,-0.41715312004089355,0.03107154555618763,-0.11134351044893265,-0.1494186371564865,0.18437853455543518,0.4904407262802124,-0.2175089716911316,0.13102135062217712,-0.023607876151800156,0.13403262197971344,-0.03982783481478691,-1.2683335542678833,1.0898689031600952,-0.4300527572631836,-0.2725845277309418,0.2654779851436615,-0.09939979016780853,0.6210135221481323,1.1486796140670776,-2.0957722663879395,-1.909719467163086,-0.061364687979221344,-0.1943669617176056,-0.06477270275354385,-0.4552372097969055
-0.015800517052412033,-0.3759678602218628,0.7487733364105225,-0.03650456666946411,0.02368232235312462,-0.6694677472114563,0.7415655851364136,0.007455882150679827,0.2614332437515259,-0.0779060572385788,0.4641841650009155,-0.40631747245788574,0.027853380888700485,-0.10267174243927002,-0.16570359468460083,0.18883654475212097,0.49447813630104065,-0.22507044672966003,0.12891125679016113,-0.037442002445459366,0.12233097851276398,-0.05396193265914917,-1.3106014728546143,1.1117464303970337,-0.4435074031352997,-0.2867949306964874,0.2730112373828888,-0.09544148296117783,0.6367287039756775,1.145575761795044,-2.104295253753662,-1.9075303077697754,-0.08973126858472824,-0.21560311317443848,-0.06263887882232666,-0.4455994963645935
-0.015754010528326035,-0.376875102519989,0.748909056186676,-0.032987020909786224,0.021281838417053223,-0.6642444729804993,0.7464838624000549,0.010723212733864784,0.2621009349822998,-0.07236560434103012,0.4374423921108246,-0.39414727687835693,0.024688899517059326,-0.09192796051502228,-0.17576588690280914,0.19307023286819458,0.48736637830734253,-0.22156468033790588,0.13392950594425201,-0.047402411699295044,0.12240132689476013,-0.06366827338933945,-1.3688479661941528,1.1502673625946045,-0.4688345193862915,-0.30690211057662964,0.2846779227256775,-0.09485124051570892,0.6486538648605347,1.1467063426971436,-2.12849760055542,-1.9272594451904297,-0.136330246925354,-0.22961819171905518,-0.062225788831710815,-0.45756298303604126
-0.014994746074080467,-0.37732982635498047,0.7487090229988098,-0.03136962652206421,0.020246760919690132,-0.6630349159240723,0.7476568818092346,0.014812696725130081,0.26689645648002625,-0.06878317892551422,0.41866981983184814,-0.38621750473976135,0.025397703051567078,-0.08094895631074905,-0.17926381528377533,0.19589287042617798,0.4742622375488281,-0.21089352667331696,0.14333871006965637,-0.04887351766228676,0.13639122247695923,-0.06846603751182556,-1.4317371845245361,1.1866512298583984,-0.49401313066482544,-0.32507047057151794,0.29780733585357666,-0.09551218152046204,0.6567762494087219,1.1475013494491577,-2.169912576675415,-1.9527184963226318,-0.18303175270557404,-0.23639020323753357,-0.059108804911375046,-0.4954104423522949
-0.013227562420070171,-0.3772605061531067,0.7480481863021851,-0.03156223148107529,0.019462235271930695,-0.665779709815979,0.7452264428138733,0.015464584343135357,0.27235981822013855,-0.06566590815782547,0.4172435402870178,-0.38522979617118835,0.03162379935383797,-0.07508839666843414,-0.179656982421875,0.19710031151771545,0.46562498807907104,-0.19834013283252716,0.15412382781505585,-0.033004168421030045,0.16528257727622986,-0.061570387333631516,-1.4724745750427246,1.1903830766677856,-0.48866140842437744,-0.3071437478065491,0.29852670431137085,-0.09178377687931061,0.6672085523605347,1.1480258703231812,-2.198467969894409,-1.9692668914794922,-0.20710980892181396,-0.21968024969100952,-0.05285225808620453,-0.5565483570098877
-0.01003370713442564,-0.37636733055114746,0.7471592426300049,-0.03312397748231888,0.01883801631629467,-0.6731802821159363,0.738495945930481,0.010282173752784729,0.27645477652549744,-0.06525157392024994,0.4357098639011383,-0.38922709226608276,0.03964387625455856,-0.07516566663980484,-0.17833997309207916,0.19672587513923645,0.4610619843006134,-0.1853588968515396,0.16757720708847046,-0.0015057045966386795,0.20962068438529968,-0.03612305968999863,-1.4794096946716309,1.142690658569336,-0.43962496519088745,-0.2659182846546173,0.2830423414707184,-0.08839567750692368,0.6766910552978516,1.1483668088912964,-2.217029094696045,-1.9800233840942383,-0.20580404996871948,-0.16720172762870789,-0.052296049892902374,-0.6154981851577759
-0.00536392442882061,-0.3743211030960083,0.7461351156234741,-0.03472816199064255,0.01756957918405533,-0.6834846138954163,0.7289266586303711,-0.0021159970201551914,0.27458280324935913,-0.06740179657936096,0.47093427181243896,-0.39581534266471863,0.04466644674539566,-0.08304296433925629,-0.17913538217544556,0.19726476073265076,0.46454936265945435,-0.1795576512813568,0.18327337503433228,0.0381094254553318,0.27538633346557617,0.007747204974293709,-1.413993239402771,1.0127440690994263,-0.3175888657569885,-0.21331368386745453,0.25123122334480286,-0.09252699464559555,0.68099045753479,1.1485884189605713,-2.2290937900543213,-1.9870152473449707,-0.16863156855106354,-0.07849271595478058,-0.06162837892770767,-0.651434063911438
-0.0003828965127468109,-0.3717209994792938,0.7454193830490112,-0.031270403414964676,0.014331180602312088,-0.6935494542121887,0.7195873260498047,-0.018131379038095474,0.25856226682662964,-0.06414714455604553,0.49777257442474365,-0.39640167355537415,0.04558761417865753,-0.10197189450263977,-0.19527116417884827,0.19826537370681763,0.4753827750682831,-0.18382027745246887,0.1967942714691162,0.047351717948913574,0.3221360743045807,0.059734005481004715,-1.3345723152160645,0.8482068777084351,-0.19470438361167908,-0.16039569675922394,0.2091280072927475,-0.09363400936126709,0.6861687302589417,1.1487324237823486,-2.23693585395813,-1.9915597438812256,-0.097352035343647,0.023129001259803772,-0.06900732964277267,-0.6673584580421448
0.003854653099551797,-0.3691678047180176,0.745449423789978,-0.02693440020084381,0.00995461456477642,-0.7012305855751038,0.7123560309410095,-0.03292515501379967,0.23821336030960083,-0.05566936731338501,0.5148852467536926,-0.39180487394332886,0.04493582621216774,-0.1218564361333847,-0.21670933067798615,0.19624310731887817,0.4919094741344452,-0.19480720162391663,0.2013912945985794,0.0420539453625679,0.35481226444244385,0.10744777321815491,-1.2794716358184814,0.6681646108627319,-0.08517488092184067,-0.11494969576597214,0.16269756853580475,-0.0930701345205307,0.6952542066574097,1.148826003074646,-2.2420332431793213,-1.994513750076294,-0.005621772259473801,0.12708428502082825,-0.07230950891971588,-0.6731353998184204
0.006981109268963337,-0.3666924238204956,0.7461400628089905,-0.022374773398041725,0.0054285842925310135,-0.7058514356613159,0.7079856395721436,-0.04652903228998184,0.2176734358072281,-0.04322635754942894,0.5238988399505615,-0.38207513093948364,0.043670348823070526,-0.13905078172683716,-0.23803460597991943,0.19244220852851868,0.5130179524421692,-0.20956754684448242,0.1977863907814026,0.02152612991631031,0.3767235279083252,0.14909318089485168,-1.2448699474334717,0.5041439533233643,0.015743859112262726,-0.0754493698477745,0.1204008013010025,-0.09121561050415039,0.7091548442840576,1.1488869190216064,-2.2435731887817383,-1.996433973312378,0.10552807152271271,0.22357352077960968,-0.0690726786851883,-0.6548444032669067
0.009018663316965103,-0.3642271161079407,0.7472610473632812,-0.017502404749393463,0.001121978391893208,-0.7067528963088989,0.7072430849075317,-0.05912790074944496,0.19821961224079132,-0.030270623043179512,0.5245060920715332,-0.36786580085754395,0.040981948375701904,-0.14938569068908691,-0.25792762637138367,0.18790286779403687,0.5336952209472656,-0.2267777919769287,0.1914103627204895,0.00023228302597999573,0.391260027885437,0.18891319632530212,-1.2427337169647217,0.3752150535583496,0.10501065850257874,-0.05982644483447075,0.08816509693861008,-0.0935923159122467,0.7265591621398926,1.1489264965057373,-2.2358875274658203,-1.9954813718795776,0.22493287920951843,0.3071836233139038,-0.05951850488781929,-0.6095306277275085
0.009901510551571846,-0.36235982179641724,0.7485345602035522,-0.012653708457946777,-0.0025153972674161196,-0.7034002542495728,0.710676908493042,-0.06664387136697769,0.18206313252449036,-0.017551138997077942,0.5150281190872192,-0.35215118527412415,0.03891424834728241,-0.15092022716999054,-0.2742632329463959,0.18298085033893585,0.5488523244857788,-0.24366948008537292,0.18339593708515167,-0.019359776750206947,0.3998739719390869,0.21871474385261536,-1.2596242427825928,0.2933877110481262,0.17378582060337067,-0.05735210329294205,0.06640592962503433,-0.09444981813430786,0.7421445846557617,1.1489522457122803,-2.210416793823242,-1.972747802734375,0.3442830443382263,0.36937204003334045,-0.04426150768995285,-0.539063572883606
0.01041057612746954,-0.3617527484893799,0.7488940954208374,-0.0040406533516943455,-0.01137633342295885,-0.6940063834190369,0.7198675870895386,-0.05897769331932068,0.1518387645483017,-0.005991669837385416,0.48912495374679565,-0.3340412676334381,0.042651135474443436,-0.14103716611862183,-0.3034805357456207,0.18001142144203186,0.5633726119995117,-0.26317405700683594,0.18275409936904907,-0.03818153217434883,0.402896910905838,0.22055473923683167,-1.2696820497512817,0.2539932131767273,0.23246285319328308,-0.07466265559196472,0.05875416472554207,-0.09496473520994186,0.753358006477356,1.1489689350128174,-2.110365867614746,-1.880257487297058,0.4344349503517151,0.4153205454349518,-0.0394897535443306,-0.4319377839565277
0.010467293672263622,-0.3633720278739929,0.748421311378479,0.0014657771680504084,-0.01758282259106636,-0.682081401348114,0.7310633063316345,-0.045816242694854736,0.13729910552501678,-0.0013734912499785423,0.4660964012145996,-0.32314929366111755,0.041909657418727875,-0.12305497378110886,-0.31738412380218506,0.1771795153617859,0.5766657590866089,-0.28045621514320374,0.17747759819030762,-0.041095539927482605,0.3947870135307312,0.167738676071167,-1.2570240497589111,0.2394481599330902,0.23527196049690247,-0.08441177010536194,0.055769436061382294,-0.09034554660320282,0.7562211751937866,1.0867843627929688,-1.8769199848175049,-1.630913257598877,0.4667505621910095,0.4267054796218872,-0.04211553931236267,-0.32305407524108887
0.007315036840736866,-0.36532676219940186,0.746311604976654,-0.008177928626537323,-0.001162868575192988,-0.6770160794258118,0.7359218597412109,-0.07565316557884216,0.20177733898162842,-0.006566776428371668,0.511675238609314,-0.34936702251434326,0.019984982907772064,-0.12459056079387665,-0.25419050455093384,0.17689716815948486,0.5822887420654297,-0.27831465005874634,0.15462595224380493,-0.07239102572202682,0.2871485948562622,0.11334110796451569,-1.2574113607406616,0.3785753548145294,0.04771621525287628,-0.13828696310520172,0.06629592925310135,-0.08271104097366333,0.7629415988922119,0.7863011956214905,-1.4298666715621948,-1.1052473783493042,0.5201855301856995,0.3058893084526062,-0.04841852933168411,-0.34869277477264404
0.005589847452938557,-0.3667230010032654,0.7439844608306885,-0.010957682505249977,0.011384566314518452,-0.6697033047676086,0.7424606084823608,-0.10223063826560974,0.2447013407945633,-0.018536588177084923,0.5373681783676147,-0.3611140251159668,0.006474596913903952,-0.12246471643447876,-0.21332673728466034,0.18074271082878113,0.5719488859176636,-0.2671334147453308,0.1499340683221817,-0.09348315000534058,0.22537636756896973,0.07703954726457596,-1.3332719802856445,0.5452685952186584,-0.14342555403709412,-0.2098037153482437,0.08423151075839996,-0.0855148583650589,0.748562216758728,0.5837421417236328,-1.1351525783538818,-0.7512181401252747,0.6236588358879089,0.23114334046840668,-0.04689823463559151,-0.3522508442401886
0.004923587664961815,-0.3676054775714874,0.7417263388633728,-0.0122175058349967,0.020048294216394424,-0.6649178862571716,0.7465474009513855,-0.11411944776773453,0.27572181820869446,-0.03217373043298721,0.544643223285675,-0.3685786724090576,-0.0009171050041913986,-0.11721749603748322,-0.18503591418266296,0.1877739429473877,0.5571982860565186,-0.25392332673072815,0.1572113335132599,-0.10451915115118027,0.18606308102607727,0.051483266055583954,-1.4398715496063232,0.7076254487037659,-0.3383580446243286,-0.2893741726875305,0.1032014936208725,-0.09223690629005432,0.7215957641601562,0.4512540400028229,-0.9336279630661011,-0.5256847143173218,0.7336322069168091,0.1857161521911621,-0.04446635767817497,-0.34866392612457275
0.005323803052306175,-0.3679584860801697,0.7399629354476929,-0.012992065399885178,0.026745576411485672,-0.6642712354660034,0.7468999624252319,-0.117182657122612,0.2972602844238281,-0.04657818004488945,0.5441895723342896,-0.3746671676635742,-0.0014223959296941757,-0.11384827643632889,-0.165596142411232,0.19316209852695465,0.5426649451255798,-0.23828263580799103,0.1660778820514679,-0.10402879118919373,0.15989959239959717,0.035345811396837234,-1.5483022928237915,0.8450070023536682,-0.5143772959709167,-0.36223822832107544,0.12135359644889832,-0.09921099245548248,0.6948848962783813,0.3565181493759155,-0.794899582862854,-0.37932512164115906,0.8246827721595764,0.16196994483470917,-0.04193510487675667,-0.34626463055610657
0.006437710952013731,-0.367927610874176,0.738951563835144,-0.01421042438596487,0.03229439631104469,-0.6670997738838196,0.744132399559021,-0.1155087947845459,0.31276625394821167,-0.06121021509170532,0.5393530130386353,-0.379861444234848,-0.00043610145803540945,-0.11282803118228912,-0.15166357159614563,0.19537276029586792,0.5299116969108582,-0.22472241520881653,0.1728491485118866,-0.09280230104923248,0.14015787839889526,0.027140209451317787,-1.6399301290512085,0.950136661529541,-0.655234694480896,-0.42181116342544556,0.13840603828430176,-0.10395414382219315,0.6747291088104248,0.2853686809539795,-0.6992779970169067,-0.2782180905342102,0.8955354690551758,0.15188390016555786,-0.039051394909620285,-0.3413660228252411
0.007787865586578846,-0.36758536100387573,0.7386900186538696,-0.01624263823032379,0.036168746650218964,-0.6718584299087524,0.739617645740509,-0.1103486493229866,0.3238331973552704,-0.07348695397377014,0.5326874256134033,-0.3831323981285095,-0.0003861590812448412,-0.1154789850115776,-0.1430409997701645,0.19461098313331604,0.5229587554931641,-0.21410612761974335,0.17685683071613312,-0.07717128098011017,0.12200991064310074,0.026323724538087845,-1.6936285495758057,1.0238099098205566,-0.747307300567627,-0.4567846655845642,0.14950068295001984,-0.10423196852207184,0.665613055229187,0.23065392673015594,-0.6318750977516174,-0.20415297150611877,0.9586939811706543,0.1476077288389206,-0.03336489200592041,-0.3301584720611572
0.008986864238977432,-0.36723700165748596,0.7383571267127991,-0.019907575100660324,0.037931207567453384,-0.6774591207504272,0.7343119382858276,-0.10588659346103668,0.33249831199645996,-0.08474116027355194,0.5337111353874207,-0.3887758255004883,-0.004055480472743511,-0.1201455146074295,-0.13790899515151978,0.19283246994018555,0.526882529258728,-0.21182724833488464,0.1755121350288391,-0.06059369817376137,0.10479570925235748,0.029811576008796692,-1.700761079788208,1.0627562999725342,-0.7851834893226624,-0.4703493118286133,0.15510784089565277,-0.1012011393904686,0.6647512316703796,0.19192354381084442,-0.5856252312660217,-0.14664626121520996,1.0161726474761963,0.1426352709531784,-0.025050939992070198,-0.3116016983985901
0.009756816551089287,-0.3670681118965149,0.7379032969474792,-0.02418956719338894,0.038118816912174225,-0.6828023791313171,0.729206919670105,-0.1027931272983551,0.33783480525016785,-0.09221958369016647,0.5428490042686462,-0.39701855182647705,-0.007115819491446018,-0.12496510148048401,-0.13656768202781677,0.19057050347328186,0.5391165018081665,-0.2174103707075119,0.17158997058868408,-0.04366667941212654,0.09177102148532867,0.031414613127708435,-1.667069435119629,1.0699213743209839,-0.7828149199485779,-0.47501978278160095,0.16013315320014954,-0.09813457727432251,0.6636277437210083,0.16750891506671906,-0.5621559023857117,-0.10094238072633743,1.0660659074783325,0.13117605447769165,-0.016434386372566223,-0.286979079246521
0.010049528442323208,-0.36715376377105713,0.7375597357749939,-0.027833623811602592,0.03762245178222656,-0.6868128180503845,0.7253261804580688,-0.10093709826469421,0.34001192450523376,-0.09450234472751617,0.553998589515686,-0.4055470824241638,-0.008664831519126892,-0.12938246130943298,-0.138762965798378,0.18665191531181335,0.5556730031967163,-0.22795379161834717,0.1663733571767807,-0.028517793864011765,0.08343948423862457,0.028950463980436325,-1.605898141860962,1.0523881912231445,-0.7528759241104126,-0.478264182806015,0.1687268763780594,-0.09555210173130035,0.6590278148651123,0.1556166112422943,-0.5567281246185303,-0.06469567120075226,1.1046684980392456,0.11312894523143768,-0.01018582470715046,-0.25960013270378113
0.00987605657428503,-0.3674623966217041,0.7378475666046143,-0.029583588242530823,0.03678014129400253,-0.6882715225219727,0.7239159941673279,-0.10022549331188202,0.33875882625579834,-0.09169691801071167,0.5600932240486145,-0.4080986976623535,-0.010051161982119083,-0.13107988238334656,-0.14561030268669128,0.18033663928508759,0.5673160552978516,-0.2380376160144806,0.1610441505908966,-0.01348920352756977,0.08046044409275055,0.021047161892056465,-1.5261669158935547,1.0178436040878296,-0.7003530263900757,-0.4894829988479614,0.18142807483673096,-0.0937584787607193,0.6504822969436646,0.14920935034751892,-0.5697896480560303,-0.03875270113348961,1.1377100944519043,0.09394659101963043,-0.005291687790304422,-0.2309553176164627
0.009331144392490387,-0.3679928183555603,0.738551676273346,-0.029896695166826248,0.03573117405176163,-0.6868059635162354,0.7253461480140686,-0.09940044581890106,0.33613213896751404,-0.08422508090734482,0.5607253313064575,-0.4060034155845642,-0.010227111168205738,-0.12897749245166779,-0.15457403659820557,0.17133477330207825,0.5719257593154907,-0.2451501488685608,0.1561088263988495,-0.001246811356395483,0.0785403624176979,0.012064392678439617,-1.4541839361190796,0.9807912111282349,-0.6454561948776245,-0.5055246353149414,0.19377189874649048,-0.09235714375972748,0.6450049877166748,0.14988088607788086,-0.5873702764511108,-0.018635544925928116,1.1605193614959717,0.07483263313770294,-0.0024898103438317776,-0.20584914088249207
0.00864456407725811,-0.3687472939491272,0.7393644452095032,-0.02857007272541523,0.03472942113876343,-0.682833194732666,0.7291887998580933,-0.09828543663024902,0.3332671523094177,-0.07403416186571121,0.5539909601211548,-0.4005293846130371,-0.010212116874754429,-0.12413778156042099,-0.1648634374141693,0.16007526218891144,0.5701296329498291,-0.24859821796417236,0.15270425379276276,0.005157137289643288,0.0792485922574997,0.005479450337588787,-1.3998286724090576,0.9510020017623901,-0.5994229316711426,-0.5226472616195679,0.2064548134803772,-0.09116541594266891,0.6424039006233215,0.1535191535949707,-0.6085481643676758,-0.000321805477142334,1.1734282970428467,0.05349794775247574,-0.002088966779410839,-0.1856030374765396
0.008115706965327263,-0.36963027715682983,0.7402878999710083,-0.025763973593711853,0.03439329192042351,-0.6777315735816956,0.7340526580810547,-0.09622561931610107,0.3314388394355774,-0.06326141953468323,0.5389779806137085,-0.3912316560745239,-0.010448154993355274,-0.11602431535720825,-0.17530110478401184,0.14808277785778046,0.5591065883636475,-0.24459901452064514,0.151897132396698,0.006973704323172569,0.08170482516288757,0.00054189283400774,-1.3771276473999023,0.9326716661453247,-0.5766456723213196,-0.5427491664886475,0.21810315549373627,-0.09152859449386597,0.638073742389679,0.15443620085716248,-0.6255616545677185,0.028022879734635353,1.1766077280044556,0.029852477833628654,-0.0033346954733133316,-0.1677509993314743
0.008023190312087536,-0.3704960346221924,0.740843653678894,-0.022515475749969482,0.03459328040480614,-0.6726189255714417,0.7388370037078857,-0.09176606684923172,0.33113789558410645,-0.05741657689213753,0.5186411142349243,-0.3816184997558594,-0.01245974563062191,-0.10797621309757233,-0.18248921632766724,0.13938532769680023,0.5455372333526611,-0.23606640100479126,0.1528037190437317,0.00019974540919065475,0.08527718484401703,-0.0007711805519647896,-1.4000850915908813,0.9356065392494202,-0.5879901647567749,-0.5601915717124939,0.22701449692249298,-0.0917673259973526,0.6329094171524048,0.15324445068836212,-0.6387995481491089,0.06251291930675507,1.1706793308258057,0.005866175517439842,-0.006545888260006905,-0.15292978286743164
0.008544466458261013,-0.3711335361003876,0.7409470081329346,-0.020298944786190987,0.03493224084377289,-0.6685912013053894,0.7425317764282227,-0.0858650878071785,0.33327925205230713,-0.057486891746520996,0.49963581562042236,-0.3732422888278961,-0.013813862577080727,-0.09886038303375244,-0.1841105818748474,0.13447308540344238,0.529725968837738,-0.22379115223884583,0.15647344291210175,-0.009727668948471546,0.08862606436014175,-0.0017162107396870852,-1.4641575813293457,0.9576817750930786,-0.6395934820175171,-0.5716432332992554,0.22991451621055603,-0.09472203254699707,0.6264534592628479,0.14268746972084045,-0.6371323466300964,0.10030482709407806,1.1579488515853882,-0.012568997219204903,-0.009201562963426113,-0.1423351913690567
0.009730415418744087,-0.37146586179733276,0.7406061887741089,-0.019195906817913055,0.035390276461839676,-0.6671611070632935,0.7438246607780457,-0.07985252141952515,0.3373623788356781,-0.061237484216690063,0.4853079915046692,-0.36790287494659424,-0.014081249013543129,-0.09093817323446274,-0.18046292662620544,0.1348084956407547,0.5136938691139221,-0.20917965471744537,0.1638864278793335,-0.019454350695014,0.09060157835483551,-0.002258856315165758,-1.5531973838806152,0.9876933097839355,-0.7169759273529053,-0.5785879492759705,0.22785797715187073,-0.09944510459899902,0.6189839243888855,0.12880557775497437,-0.6169288158416748,0.1296674609184265,1.1452715396881104,-0.022377490997314453,-0.010001158341765404,-0.14030644297599792
0.011579119600355625,-0.3714403510093689,0.7401727437973022,-0.019396761432290077,0.03602428361773491,-0.6686626672744751,0.742439329624176,-0.07213675230741501,0.34326887130737305,-0.06610415875911713,0.47426003217697144,-0.364935040473938,-0.013021777383983135,-0.0849170908331871,-0.1735609620809555,0.13631372153759003,0.49707382917404175,-0.1932630091905594,0.1709413230419159,-0.026527462527155876,0.09113093465566635,-0.005215882323682308,-1.634876012802124,1.0257524251937866,-0.7935261726379395,-0.5768702030181885,0.22121113538742065,-0.10312104225158691,0.6136011481285095,0.11722944676876068,-0.5897626280784607,0.13896316289901733,1.1327600479125977,-0.02161339297890663,-0.010171371512115002,-0.14896073937416077
0.013955233618617058,-0.37110310792922974,0.7399688959121704,-0.02100389637053013,0.03732207044959068,-0.6741902232170105,0.7373151183128357,-0.0651698037981987,0.34994351863861084,-0.07506725937128067,0.46869587898254395,-0.3637232184410095,-0.011342041194438934,-0.08316221833229065,-0.1628555804491043,0.1380842626094818,0.4842459261417389,-0.1782965511083603,0.17514503002166748,-0.028143644332885742,0.08946292102336884,-0.007611444685608149,-1.7067854404449463,1.068911075592041,-0.8656723499298096,-0.5736982226371765,0.21151408553123474,-0.10772265493869781,0.6109463572502136,0.10493577271699905,-0.5604256391525269,0.13863492012023926,1.113639235496521,-0.012107701040804386,-0.011714530177414417,-0.16490140557289124
0.01649949699640274,-0.370710164308548,0.7401237487792969,-0.023894043639302254,0.03930611535906792,-0.6830543279647827,0.7289175987243652,-0.057293541729450226,0.3567086160182953,-0.08455713093280792,0.4671119749546051,-0.36548686027526855,-0.009081273339688778,-0.08504807949066162,-0.15021905303001404,0.13711515069007874,0.4753815233707428,-0.16693507134914398,0.17585480213165283,-0.029017722234129906,0.08671771734952927,-0.008129538036882877,-1.757865309715271,1.1062712669372559,-0.925115168094635,-0.5585223436355591,0.1991056501865387,-0.11001409590244293,0.6114542484283447,0.088446244597435,-0.537064790725708,0.13098503649234772,1.0964465141296387,0.0011228052899241447,-0.012953352183103561,-0.18508517742156982
0.01896660029888153,-0.3703385591506958,0.7407190799713135,-0.027148516848683357,0.04165417701005936,-0.6933845281600952,0.718850314617157,-0.04751920700073242,0.3623341917991638,-0.0931728407740593,0.46599337458610535,-0.3673190474510193,-0.007871964015066624,-0.08963630348443985,-0.1378433257341385,0.1350957751274109,0.46553516387939453,-0.1554856300354004,0.17661762237548828,-0.02945626527070999,0.08265379071235657,-0.006280784960836172,-1.7845408916473389,1.1355557441711426,-0.9684844613075256,-0.5365779399871826,0.18694253265857697,-0.11208564043045044,0.6110879182815552,0.06752632558345795,-0.5278756618499756,0.1153491958975792,1.083302617073059,0.01552706677466631,-0.014402924105525017,-0.20765332877635956
0.021362386643886566,-0.3700913190841675,0.7416167259216309,-0.03090185672044754,0.04416102170944214,-0.7043446898460388,0.7078088521957397,-0.037330444902181625,0.36705324053764343,-0.10018793493509293,0.4676056206226349,-0.36970585584640503,-0.007005861960351467,-0.09379886090755463,-0.12562459707260132,0.13262306153774261,0.4524974226951599,-0.14405570924282074,0.17903003096580505,-0.028882905840873718,0.07963980734348297,-0.004244872368872166,-1.7913920879364014,1.1632225513458252,-1.0013937950134277,-0.5096901655197144,0.17420393228530884,-0.11453971266746521,0.6069149374961853,0.04488985612988472,-0.5373526811599731,0.08818698674440384,1.067439317703247,0.03159836307168007,-0.017278112471103668,-0.2332558035850525
0.023795027285814285,-0.37003839015960693,0.7426710724830627,-0.03503403440117836,0.046890269964933395,-0.7150225639343262,0.6966467499732971,-0.02704673632979393,0.3721056878566742,-0.10403195768594742,0.47116315364837646,-0.3722882866859436,-0.005465988535434008,-0.09642034769058228,-0.11291183531284332,0.1285337507724762,0.43762096762657166,-0.13324172794818878,0.18175166845321655,-0.028946660459041595,0.07955429702997208,-0.0042511033825576305,-1.794861078262329,1.191728115081787,-1.033827543258667,-0.4856972098350525,0.16290096938610077,-0.11785171926021576,0.5985317230224609,0.026421058923006058,-0.5684860944747925,0.04386410862207413,1.041270136833191,0.052011638879776,-0.023053521290421486,-0.26453548669815063
0.026403799653053284,-0.37025007605552673,0.7440696954727173,-0.0391722209751606,0.049831174314022064,-0.7248082160949707,0.6860287189483643,-0.018756842240691185,0.3775233030319214,-0.10430355370044708,0.4732515811920166,-0.373605877161026,-0.0022227787412703037,-0.09623043239116669,-0.10011585056781769,0.12238898128271103,0.418027400970459,-0.12174762785434723,0.18368887901306152,-0.030126065015792847,0.08094462007284164,-0.004586378578096628,-1.7991026639938354,1.2101434469223022,-1.0646363496780396,-0.4639015197753906,0.15286701917648315,-0.12096261978149414,0.5871923565864563,-0.004473511129617691,-0.6155021786689758,-0.008705221116542816,0.9818841218948364,0.07748880982398987,-0.03474365919828415,-0.3059854805469513
0.029419615864753723,-0.3706519901752472,0.7453843951225281,-0.04298540577292442,0.0521843247115612,-0.7330780625343323,0.6767758727073669,-0.014196365140378475,0.3818542957305908,-0.1016119122505188,0.477590411901474,-0.37534576654434204,0.005195269361138344,-0.09401047229766846,-0.08993030339479446,0.11565621197223663,0.3968137204647064,-0.10958652943372726,0.18895888328552246,-0.03203205019235611,0.08497362583875656,-0.0030108271166682243,-1.8085978031158447,1.2181519269943237,-1.0991960763931274,-0.45174044370651245,0.14452213048934937,-0.12737639248371124,0.5711916089057922,-0.05224580690264702,-0.6680982112884521,-0.05774447321891785,0.8728630542755127,0.10069364309310913,-0.04955783113837242,-0.3561496138572693
0.0327737033367157,-0.3711875081062317,0.7457033395767212,-0.04612600430846214,0.05296021327376366,-0.7391952276229858,0.6698194146156311,-0.014237409457564354,0.38280636072158813,-0.09721639752388,0.4917972683906555,-0.3824315071105957,0.016292130574584007,-0.09360961616039276,-0.08475013077259064,0.11039051413536072,0.38420093059539795,-0.10294389724731445,0.1977570652961731,-0.03498845547437668,0.08882883191108704,-0.00047143909614533186,-1.8053120374679565,1.2258827686309814,-1.12582528591156,-0.4520317018032074,0.13894206285476685,-0.13547514379024506,0.554479718208313,-0.1111360639333725,-0.7235330939292908,-0.10448475182056427,0.7116571664810181,0.11085282266139984,-0.06989629566669464,-0.4097695052623749
0.036192357540130615,-0.3718754053115845,0.7456802129745483,-0.047315169125795364,0.05249675363302231,-0.7426541447639465,0.6659356355667114,-0.016908761113882065,0.3810833990573883,-0.0894993394613266,0.5036474466323853,-0.38815945386886597,0.02608579210937023,-0.0915033221244812,-0.08724059164524078,0.10709775984287262,0.3729392886161804,-0.10012679547071457,0.20660442113876343,-0.027360539883375168,0.08959273993968964,-0.0012572878040373325,-1.7852952480316162,1.242624044418335,-1.13759446144104,-0.4491845965385437,0.14147789776325226,-0.14011931419372559,0.5434889793395996,-0.1711268424987793,-0.7856440544128418,-0.13112005591392517,0.5555323362350464,0.10183027386665344,-0.08504272997379303,-0.4476677179336548
0.03948068246245384,-0.3727598190307617,0.7455147504806519,-0.04616819694638252,0.050574157387018204,-0.7424346208572388,0.6664094924926758,-0.025272883474826813,0.373609334230423,-0.07949455082416534,0.5150206089019775,-0.3933049440383911,0.03513101488351822,-0.0907539427280426,-0.09915582835674286,0.10608590394258499,0.3715329170227051,-0.10591214150190353,0.21128328144550323,-0.025015369057655334,0.08860760182142258,0.000461497635114938,-1.7480714321136475,1.2799019813537598,-1.1147351264953613,-0.43858739733695984,0.15131154656410217,-0.1400367021560669,0.5473579168319702,-0.218107670545578,-0.8769632577896118,-0.16564926505088806,0.38555291295051575,0.07264883071184158,-0.09554708003997803,-0.4754152297973633
0.04246733337640762,-0.37403571605682373,0.7458405494689941,-0.04271019995212555,0.04631982743740082,-0.7374514937400818,0.6724548935890198,-0.03240310400724411,0.35633373260498047,-0.06592056155204773,0.515373706817627,-0.3966970443725586,0.047998279333114624,-0.09175509959459305,-0.12266728281974792,0.10517951846122742,0.38655170798301697,-0.12484902143478394,0.20756417512893677,-0.009630505926907063,0.08493068814277649,-0.004702434875071049,-1.6599631309509277,1.299513339996338,-1.0315613746643066,-0.39958375692367554,0.16829004883766174,-0.1356072723865509,0.5597983002662659,-0.3071683347225189,-0.9992918372154236,-0.17820629477500916,0.21445320546627045,0.020241396501660347,-0.09492082893848419,-0.49253350496292114
0.045427948236465454,-0.3757985234260559,0.7466920018196106,-0.03723687306046486,0.040949322283267975,-0.7276386618614197,0.6837241053581238,-0.03582996502518654,0.33207133412361145,-0.05133915692567825,0.50322026014328,-0.3963361382484436,0.05757521837949753,-0.09357626736164093,-0.15512040257453918,0.10962370038032532,0.40680399537086487,-0.14872100949287415,0.19988025724887848,0.016853393986821175,0.08086705207824707,-0.01899193972349167,-1.560032844543457,1.305734395980835,-0.934212863445282,-0.35039442777633667,0.1937936544418335,-0.13049551844596863,0.5663909912109375,-0.42895954847335815,-1.1633036136627197,-0.1405009627342224,0.08025887608528137,-0.04427558183670044,-0.08824839442968369,-0.4849183261394501
0.04846203699707985,-0.37794429063796997,0.7472900748252869,-0.03150337561964989,0.03524387627840042,-0.7130085825920105,0.6995599865913391,-0.04013577103614807,0.30654585361480713,-0.039575159549713135,0.491919606924057,-0.3950582444667816,0.06188829988241196,-0.09532798826694489,-0.1901928186416626,0.11754776537418365,0.42741554975509644,-0.17336031794548035,0.1862892359495163,0.04433286190032959,0.07314528524875641,-0.037166155874729156,-1.4648799896240234,1.3082184791564941,-0.8311896324157715,-0.31914424896240234,0.22311775386333466,-0.12675249576568604,0.5766429901123047,-0.5517192482948303,-1.3321365118026733,-0.08538496494293213,-0.033296991139650345,-0.11499612778425217,-0.08230283111333847,-0.46565699577331543
0.051407590508461,-0.38043057918548584,0.7475937604904175,-0.025762923061847687,0.02928740158677101,-0.6950408816337585,0.717911422252655,-0.0410386323928833,0.28099700808525085,-0.02791992947459221,0.47796469926834106,-0.3938906788825989,0.06715816259384155,-0.10039812326431274,-0.2237720787525177,0.1265421360731125,0.45329952239990234,-0.1955222487449646,0.17129692435264587,0.06790288537740707,0.06271263211965561,-0.05461040139198303,-1.3947759866714478,1.3072509765625,-0.7295094132423401,-0.3093951642513275,0.2516457438468933,-0.12312555313110352,0.5938431024551392,-0.6562812328338623,-1.4788364171981812,-0.03301698714494705,-0.12252470850944519,-0.18070253729820251,-0.07716242223978043,-0.44489380717277527
0.05412304028868675,-0.3830411434173584,0.7471321821212769,-0.02127404883503914,0.023279158398509026,-0.6767038106918335,0.7355797290802002,-0.04158104583621025,0.2571926414966583,-0.022686541080474854,0.4724833369255066,-0.396668016910553,0.07181506603956223,-0.10440941900014877,-0.2522076368331909,0.13643570244312286,0.4818299412727356,-0.21431943774223328,0.15822163224220276,0.08779069036245346,0.052525464445352554,-0.07032617926597595,-1.3418859243392944,1.2980585098266602,-0.6292315125465393,-0.3213399648666382,0.2767670750617981,-0.12171417474746704,0.6188392639160156,-0.7383588552474976,-1.5748836994171143,0.00846601277589798,-0.18639805912971497,-0.23167523741722107,-0.07202726602554321,-0.4338894486427307
0.05637797340750694,-0.3851205110549927,0.7464579343795776,-0.017664726823568344,0.018090130761265755,-0.6606788635253906,0.7502427697181702,-0.042751774191856384,0.23734597861766815,-0.02504245936870575,0.46984556317329407,-0.39892345666885376,0.07195655256509781,-0.10449395328760147,-0.2740364074707031,0.14543451368808746,0.5026764869689941,-0.22908887267112732,0.15183815360069275,0.10036038607358932,0.04452516883611679,-0.08075632154941559,-1.3003813028335571,1.2825779914855957,-0.5407540798187256,-0.3569044768810272,0.3019673228263855,-0.12398704141378403,0.643527090549469,-0.8067330121994019,-1.622537612915039,0.04508848860859871,-0.23803062736988068,-0.26999014616012573,-0.06760287284851074,-0.4343881905078888
0.057944200932979584,-0.3863210678100586,0.7461181879043579,-0.014887643046677113,0.014196420088410378,-0.6487932205200195,0.7606866359710693,-0.041414372622966766,0.2247239053249359,-0.035067059099674225,0.45960718393325806,-0.39523744583129883,0.06467226147651672,-0.09975402057170868,-0.28789788484573364,0.15416252613067627,0.5079346895217896,-0.23671798408031464,0.15395130217075348,0.10000970959663391,0.03976576775312424,-0.08491972088813782,-1.2693722248077393,1.2707184553146362,-0.4734988808631897,-0.4036753177642822,0.3266613185405731,-0.1262006312608719,0.6604713201522827,-0.8734543323516846,-1.6345136165618896,0.08922098577022552,-0.2811010479927063,-0.2983812689781189,-0.06372468918561935,-0.4419398605823517
0.05895010381937027,-0.3867915868759155,0.7458962798118591,-0.013403338380157948,0.011545950546860695,-0.6420910358428955,0.7664242386817932,-0.03927969932556152,0.2203550636768341,-0.04896823316812515,0.44630616903305054,-0.38822704553604126,0.05478628724813461,-0.09143531322479248,-0.29248785972595215,0.1618930846452713,0.5023651719093323,-0.23790229856967926,0.16002829372882843,0.09489511698484421,0.037046246230602264,-0.08364798128604889,-1.2525250911712646,1.264850378036499,-0.4354041814804077,-0.44989365339279175,0.34643012285232544,-0.12877002358436584,0.6679990291595459,-0.9432545304298401,-1.616169810295105,0.1446126401424408,-0.3141348361968994,-0.31727832555770874,-0.06162933632731438,-0.4516669511795044
0.05967676639556885,-0.3867221474647522,0.7460861206054688,-0.012924360111355782,0.01048088725656271,-0.6400859951972961,0.7681230306625366,-0.03464500978589058,0.2225545048713684,-0.06404956430196762,0.426339328289032,-0.37761902809143066,0.044813886284828186,-0.08222659677267075,-0.28820765018463135,0.16889916360378265,0.48749589920043945,-0.23286095261573792,0.16759748756885529,0.08435837179422379,0.03635064512491226,-0.07871964573860168,-1.2492809295654297,1.2726662158966064,-0.4241673946380615,-0.4890536069869995,0.3591811954975128,-0.13168060779571533,0.6673556566238403,-1.014469027519226,-1.5876011848449707,0.20705237984657288,-0.3380874991416931,-0.3287493884563446,-0.06158456206321716,-0.4625270366668701
0.06040143221616745,-0.3863241672515869,0.7463172078132629,-0.01345464214682579,0.01054405327886343,-0.6413838863372803,0.7670297026634216,-0.028361527249217033,0.22932779788970947,-0.07874593138694763,0.4059765934944153,-0.3672475516796112,0.03577890992164612,-0.07399700582027435,-0.27796119451522827,0.17476308345794678,0.469081312417984,-0.22395889461040497,0.17548160254955292,0.07150081545114517,0.037068478763103485,-0.07311921566724777,-1.259379267692566,1.2870874404907227,-0.43608972430229187,-0.5209556818008423,0.36504843831062317,-0.13507914543151855,0.6594473719596863,-1.0823118686676025,-1.5563820600509644,0.2724723219871521,-0.3511670231819153,-0.33337369561195374,-0.0629802942276001,-0.47077780961990356
0.06131414696574211,-0.3857870399951935,0.7464941143989563,-0.014808394014835358,0.011083392426371574,-0.6445953845977783,0.7643001079559326,-0.0219527930021286,0.23775841295719147,-0.09019103646278381,0.39015457034111023,-0.3594430983066559,0.029362445697188377,-0.06787604093551636,-0.26498886942863464,0.17936182022094727,0.4521605968475342,-0.21395635604858398,0.18227113783359528,0.060177385807037354,0.03854314610362053,-0.06869948655366898,-1.2736756801605225,1.3018040657043457,-0.4607918858528137,-0.5446091890335083,0.36578768491744995,-0.1385352462530136,0.6465590000152588,-1.1390671730041504,-1.5285580158233643,0.3307355046272278,-0.35900306701660156,-0.3344237804412842,-0.06507480889558792,-0.475633442401886
0.062464289367198944,-0.385226845741272,0.7467565536499023,-0.01671232096850872,0.01204568799585104,-0.6486069560050964,0.7608446478843689,-0.015421380288898945,0.24709469079971313,-0.09662486612796783,0.37744903564453125,-0.35372453927993774,0.023862816393375397,-0.06411559879779816,-0.25160473585128784,0.18212828040122986,0.43715357780456543,-0.2040015459060669,0.18702374398708344,0.04948583245277405,0.04093116521835327,-0.06687817722558975,-1.2930885553359985,1.3123714923858643,-0.49150994420051575,-0.5567784309387207,0.36263108253479004,-0.14017929136753082,0.6319515109062195,-1.1888384819030762,-1.509568691253662,0.3802598714828491,-0.36168092489242554,-0.3354337811470032,-0.06634674966335297,-0.47802895307540894
0.06376826763153076,-0.3847825527191162,0.7470155954360962,-0.019323773682117462,0.01314491219818592,-0.6532819867134094,0.7567539215087891,-0.00976360309869051,0.2559618353843689,-0.09968006610870361,0.37291234731674194,-0.3518400192260742,0.019475186243653297,-0.061912842094898224,-0.23936384916305542,0.18282821774482727,0.4275595545768738,-0.19627675414085388,0.18790900707244873,0.041516415774822235,0.042645301669836044,-0.06992590427398682,-1.3143424987792969,1.3140039443969727,-0.5209890604019165,-0.5589271783828735,0.35823649168014526,-0.13940224051475525,0.6189258098602295,-1.2332348823547363,-1.501835823059082,0.4228363335132599,-0.3579120635986328,-0.33723628520965576,-0.06594524532556534,-0.47754818201065063
0.06492674350738525,-0.3845643997192383,0.7475939989089966,-0.02191581390798092,0.014369252137839794,-0.6585343480110168,0.7520943284034729,-0.004912764765322208,0.2623005211353302,-0.09775342047214508,0.37378203868865967,-0.35149216651916504,0.01621101051568985,-0.062168315052986145,-0.23204365372657776,0.18151211738586426,0.4230839014053345,-0.1915268450975418,0.18317991495132446,0.04344639927148819,0.03968081623315811,-0.07726447284221649,-1.3315761089324951,1.295455813407898,-0.5433382987976074,-0.5342370271682739,0.34660643339157104,-0.13354414701461792,0.610768735408783,-1.2835859060287476,-1.4954164028167725,0.4729035496711731,-0.3301219046115875,-0.33396658301353455,-0.06409396231174469,-0.46674495935440063
0.06571808457374573,-0.38467809557914734,0.7482763528823853,-0.02424601837992668,0.014844376593828201,-0.6635412573814392,0.7475994229316711,-0.000942727318033576,0.26355940103530884,-0.09300681948661804,0.38209521770477295,-0.353596568107605,0.01518230140209198,-0.0656268373131752,-0.23173373937606812,0.17881415784358978,0.43111732602119446,-0.19327285885810852,0.17399847507476807,0.05490538477897644,0.03223469480872154,-0.08774404972791672,-1.323568344116211,1.2719309329986572,-0.5399854779243469,-0.47775012254714966,0.327029824256897,-0.12425249814987183,0.6144747734069824,-1.3413190841674805,-1.492329716682434,0.5304256081581116,-0.2857077419757843,-0.3227957487106323,-0.06453961133956909,-0.44967538118362427
0.06601619720458984,-0.3851485848426819,0.7486422657966614,-0.0246225968003273,0.01433440763503313,-0.6661731004714966,0.7452527284622192,-0.0030464734882116318,0.2563955783843994,-0.08989961445331573,0.4000815153121948,-0.3578530550003052,0.017966311424970627,-0.07325536757707596,-0.23873697221279144,0.17938105762004852,0.45185166597366333,-0.20212222635746002,0.16311198472976685,0.07316985726356506,0.020777322351932526,-0.0996798649430275,-1.253049612045288,1.2459195852279663,-0.48565375804901123,-0.4029751718044281,0.3052133619785309,-0.11929143965244293,0.6332321763038635,-1.4306013584136963,-1.4962780475616455,0.6149578094482422,-0.23044608533382416,-0.3105326294898987,-0.06742215901613235,-0.43550223112106323
0.06593655049800873,-0.38623562455177307,0.747978150844574,-0.02308272384107113,0.011739424429833889,-0.6645963191986084,0.7467536926269531,-0.007854611612856388,0.24019691348075867,-0.08704636991024017,0.4265057444572449,-0.36811044812202454,0.027987957000732422,-0.0842568576335907,-0.25165116786956787,0.1812993586063385,0.4892326593399048,-0.219650536775589,0.15315747261047363,0.09072526544332504,0.006592455320060253,-0.11293299496173859,-1.0859421491622925,1.1872289180755615,-0.36898842453956604,-0.317446768283844,0.280895471572876,-0.11873533576726913,0.6572866439819336,-1.5284101963043213,-1.5103375911712646,0.7063437104225159,-0.18023692071437836,-0.29982733726501465,-0.07103676348924637,-0.4279634952545166
0.06591537594795227,-0.3878732919692993,0.7462018728256226,-0.021305778995156288,0.007845993153750896,-0.6581948399543762,0.7525052428245544,-0.017218822613358498,0.22262725234031677,-0.08612857758998871,0.460104763507843,-0.38328805565834045,0.03569890558719635,-0.09428195655345917,-0.2653624713420868,0.1831648200750351,0.5301066040992737,-0.24100688099861145,0.14674079418182373,0.09894324094057083,0.0029087658040225506,-0.11686670780181885,-0.8557476997375488,1.0581543445587158,-0.21812282502651215,-0.2282894253730774,0.25347599387168884,-0.12060411274433136,0.681090235710144,-1.6047863960266113,-1.512847900390625,0.7766076326370239,-0.13371542096138,-0.2852879762649536,-0.07062357664108276,-0.4327581226825714
0.06575551629066467,-0.3892867863178253,0.7440821528434753,-0.020630519837141037,0.00373412249609828,-0.6498710513114929,0.7597551941871643,-0.028622444719076157,0.2113041877746582,-0.09053820371627808,0.49187612533569336,-0.39518144726753235,0.03861222416162491,-0.09858822822570801,-0.27350589632987976,0.18520712852478027,0.5588603615760803,-0.2591964304447174,0.14451390504837036,0.10370694845914841,0.015313003212213516,-0.10393989831209183,-0.6417155265808105,0.8840133547782898,-0.08687317371368408,-0.14498458802700043,0.21738645434379578,-0.12550005316734314,0.7037009000778198,-1.605660319328308,-1.465052604675293,0.7604563236236572,-0.08716823160648346,-0.2617800235748291,-0.06441576033830643,-0.46273717284202576
0.06523684412240982,-0.3898998200893402,0.7431652545928955,-0.02008855529129505,0.00019461708143353462,-0.6427949070930481,0.7657749056816101,-0.03749231994152069,0.20667070150375366,-0.09668098390102386,0.5043560862541199,-0.3931848108768463,0.03590628504753113,-0.094536691904068,-0.27604418992996216,0.1859533190727234,0.565104603767395,-0.27036023139953613,0.14425307512283325,0.10710333287715912,0.02240283414721489,-0.08070490509271622,-0.47663217782974243,0.7433831691741943,-0.017161179333925247,-0.023807421326637268,0.16768911480903625,-0.12666331231594086,0.7104346752166748,-1.5146009922027588,-1.3588063716888428,0.6768646240234375,-0.015220291912555695,-0.23304055631160736,-0.05620628222823143,-0.48270004987716675
0.06490723043680191,-0.3896567225456238,0.7430238127708435,-0.01920962706208229,-0.002481702947989106,-0.6382672190666199,0.7695711851119995,-0.04670138657093048,0.2048950344324112,-0.10117585957050323,0.5075262784957886,-0.3837435841560364,0.03404320031404495,-0.08754416555166245,-0.27546799182891846,0.1849786341190338,0.5562940835952759,-0.2761894166469574,0.1456248015165329,0.10709220170974731,0.026013310998678207,-0.05385257303714752,-0.35637032985687256,0.6473408937454224,0.013851284049451351,0.13393789529800415,0.10912258923053741,-0.12267251312732697,0.7028084993362427,-1.3976638317108154,-1.20265531539917,0.5687054395675659,0.04820530489087105,-0.19820767641067505,-0.04877791553735733,-0.5047821402549744
0.06526090204715729,-0.38865867257118225,0.7433208227157593,-0.01862887293100357,-0.004000270739197731,-0.6356646418571472,0.7717301249504089,-0.05188734084367752,0.20571422576904297,-0.1012038141489029,0.5037418603897095,-0.37395182251930237,0.035545699298381805,-0.08191754668951035,-0.2723110318183899,0.1814897507429123,0.5406180024147034,-0.2768963873386383,0.14919328689575195,0.10019640624523163,0.024201033636927605,-0.030194971710443497,-0.26939573884010315,0.5868522524833679,0.03391149640083313,0.30896610021591187,0.04438742995262146,-0.11639253795146942,0.6869081258773804,-1.297255516052246,-1.0251907110214233,0.46862778067588806,0.07588885724544525,-0.15596409142017365,-0.0463905893266201,-0.5307551622390747
0.06667447835206985,-0.386863648891449,0.7441564202308655,-0.01884814351797104,-0.003589449217543006,-0.634759783744812,0.7724712491035461,-0.05206462740898132,0.2099430412054062,-0.0983307808637619,0.49518895149230957,-0.3653559386730194,0.03894491866230965,-0.07784245163202286,-0.26686638593673706,0.17451420426368713,0.5177907347679138,-0.2701922655105591,0.15469345450401306,0.09182532131671906,0.019863063469529152,-0.01175576914101839,-0.2022061049938202,0.5429455041885376,0.04209461435675621,0.4763345420360565,-0.01640111766755581,-0.11230140179395676,0.6582008600234985,-1.2183897495269775,-0.8335566520690918,0.3872186839580536,0.057900235056877136,-0.11137554794549942,-0.05143557861447334,-0.553841769695282
0.06910683214664459,-0.3844578266143799,0.7453492879867554,-0.019630813971161842,-0.001203966443426907,-0.6353020071983337,0.7720133662223816,-0.05274200439453125,0.21566396951675415,-0.0939929187297821,0.4879082143306732,-0.3595980405807495,0.04288678616285324,-0.07655742764472961,-0.2599276900291443,0.16528533399105072,0.4910791516304016,-0.2590341866016388,0.1587270200252533,0.09040942788124084,0.015831008553504944,0.008281990885734558,-0.14359135925769806,0.5044338703155518,0.03177187219262123,0.6255126595497131,-0.06195782497525215,-0.10717695951461792,0.6145024299621582,-1.1675845384597778,-0.6653775572776794,0.32500144839286804,0.03707890957593918,-0.0660465657711029,-0.05851203203201294,-0.5731663703918457
0.07222240418195724,-0.38205641508102417,0.7465569376945496,-0.021614162251353264,0.0025933715514838696,-0.63716721534729,0.770418107509613,-0.05520113557577133,0.22267568111419678,-0.09223847836256027,0.4869011640548706,-0.358488529920578,0.04512853920459747,-0.077437624335289,-0.25123339891433716,0.1527940332889557,0.4678170680999756,-0.2471284121274948,0.15874400734901428,0.09181348234415054,0.01589173451066017,0.02473708987236023,-0.08268234133720398,0.4617714285850525,0.003913898020982742,0.7499041557312012,-0.08664721250534058,-0.10284887254238129,0.5565488934516907,-1.1330437660217285,-0.5345256924629211,0.27404260635375977,0.0054110195487737656,-0.028104960918426514,-0.07004820555448532,-0.5854771137237549
0.07581011205911636,-0.38038620352745056,0.7475005388259888,-0.023844363167881966,0.006574021186679602,-0.6397523283958435,0.7681830525398254,-0.057872474193573,0.22788262367248535,-0.0922137126326561,0.4912641644477844,-0.3619310259819031,0.045308999717235565,-0.08047211915254593,-0.24518732726573944,0.14077883958816528,0.4555789530277252,-0.24091105163097382,0.15685881674289703,0.0954001396894455,0.02076754719018936,0.03442634269595146,-0.016955025494098663,0.41249895095825195,-0.034918881952762604,0.8468443751335144,-0.09154520183801651,-0.09782013297080994,0.49560168385505676,-1.1123731136322021,-0.46095699071884155,0.23885491490364075,-0.02286447212100029,-0.005487583577632904,-0.07943479716777802,-0.5871967077255249
0.07949943095445633,-0.3800315260887146,0.7480025887489319,-0.025212211534380913,0.010461500845849514,-0.6422437429428101,0.7660142779350281,-0.0627838522195816,0.22935986518859863,-0.09063693881034851,0.5021038055419922,-0.3696310818195343,0.046872783452272415,-0.08631715178489685,-0.24488598108291626,0.12894025444984436,0.4604787230491638,-0.24466779828071594,0.15387362241744995,0.10485406965017319,0.02628910355269909,0.03326263651251793,0.050859399139881134,0.37159058451652527,-0.07194608449935913,0.9163110256195068,-0.08168986439704895,-0.09521889686584473,0.43997693061828613,-1.1115970611572266,-0.47502732276916504,0.22663244605064392,-0.02494709938764572,0.005374619737267494,-0.08409836888313293,-0.573851466178894
0.08318401873111725,-0.3808949887752533,0.7478742003440857,-0.02418019436299801,0.013038014061748981,-0.6438494920730591,0.7646588683128357,-0.06827831268310547,0.22281451523303986,-0.08571791648864746,0.515866219997406,-0.3804193139076233,0.05154649168252945,-0.09814473986625671,-0.25492748618125916,0.12068276107311249,0.48635226488113403,-0.26031094789505005,0.15244272351264954,0.11398975551128387,0.02735731564462185,0.02091672271490097,0.11671410501003265,0.3415592312812805,-0.1133369654417038,0.9647417068481445,-0.05422351136803627,-0.09255757927894592,0.388298898935318,-1.1648943424224854,-0.5848410129547119,0.271854966878891,-0.014582283794879913,0.0013232615310698748,-0.08836159110069275,-0.5310397744178772
0.08695422112941742,-0.3827129900455475,0.7476050853729248,-0.021325238049030304,0.014462358318269253,-0.6437315940856934,0.7648174166679382,-0.06898093223571777,0.21252761781215668,-0.07765790820121765,0.522404670715332,-0.38916856050491333,0.05758151039481163,-0.10931345075368881,-0.27250251173973083,0.11611279845237732,0.5148048996925354,-0.27824774384498596,0.15216770768165588,0.11368092894554138,0.021242180839180946,-0.0027453741058707237,0.17190727591514587,0.31738683581352234,-0.1424141377210617,1.0130770206451416,-0.012562885880470276,-0.08850231021642685,0.3420257270336151,-1.2742232084274292,-0.7459906339645386,0.3935557007789612,-0.04098998382687569,-0.01810433901846409,-0.09960800409317017,-0.45800504088401794
0.09066465497016907,-0.3855372667312622,0.7468433380126953,-0.01816551946103573,0.013586524873971939,-0.6397832632064819,0.7682205438613892,-0.06454023718833923,0.20174774527549744,-0.07123066484928131,0.5248851180076599,-0.3955298364162445,0.06203342601656914,-0.11588001251220703,-0.2909820079803467,0.1171567365527153,0.5434046387672424,-0.29900941252708435,0.15129287540912628,0.11026035249233246,0.008966509252786636,-0.03405139967799187,0.2175084948539734,0.29870641231536865,-0.1455119103193283,1.067497730255127,0.029417896643280983,-0.08511605113744736,0.30631929636001587,-1.463119626045227,-0.9034891128540039,0.5967913866043091,-0.09393419325351715,-0.03615792095661163,-0.11828981339931488,-0.3825492560863495
0.0939832478761673,-0.388997346162796,0.7450300455093384,-0.01572234183549881,0.009498159401118755,-0.6312718987464905,0.7753440141677856,-0.05832426995038986,0.19233430922031403,-0.06686793267726898,0.5300110578536987,-0.4029468297958374,0.06624911725521088,-0.11899511516094208,-0.3076740503311157,0.12405188381671906,0.5764732360839844,-0.32272249460220337,0.1495114415884018,0.10266440361738205,-0.00727468729019165,-0.06499361246824265,0.24132682383060455,0.28628501296043396,-0.14144831895828247,1.1112195253372192,0.06244732066988945,-0.08260159939527512,0.2811335623264313,-1.6736818552017212,-1.020702838897705,0.8151097297668457,-0.152432382106781,-0.04858429357409477,-0.13932032883167267,-0.32241857051849365
0.09670214354991913,-0.3922123908996582,0.7419658899307251,-0.01542891189455986,0.003146048169583082,-0.6216375827789307,0.7831467390060425,-0.05595700442790985,0.18821579217910767,-0.0684114396572113,0.5458797216415405,-0.41426539421081543,0.06779401004314423,-0.11884869635105133,-0.3186512291431427,0.13493329286575317,0.6102714538574219,-0.34604692459106445,0.14448899030685425,0.09157182276248932,-0.02176673337817192,-0.08910240232944489,0.24822485446929932,0.27650704979896545,-0.13639754056930542,1.139607548713684,0.07856804877519608,-0.08199508488178253,0.26867640018463135,-1.8288453817367554,-1.096016764640808,0.9653871059417725,-0.2009408175945282,-0.05657178908586502,-0.1558239758014679,-0.29217857122421265
0.09852781891822815,-0.3945755958557129,0.7389158010482788,-0.016325896605849266,-0.0036685713566839695,-0.6150943636894226,0.7882758975028992,-0.05562644824385643,0.18922296166419983,-0.07340681552886963,0.5611764192581177,-0.42219454050064087,0.06460754573345184,-0.1169804111123085,-0.3263968825340271,0.14573808014392853,0.6357714533805847,-0.36260294914245605,0.13863235712051392,0.08433893322944641,-0.02615000680088997,-0.09251759946346283,0.24332080781459808,0.2633286118507385,-0.13456884026527405,1.1619586944580078,0.07689390331506729,-0.08209885656833649,0.2642476558685303,-1.901735782623291,-1.1401286125183105,1.0256567001342773,-0.21812300384044647,-0.05795455724000931,-0.16276955604553223,-0.29112544655799866
0.09974369406700134,-0.39589571952819824,0.7368143200874329,-0.019046664237976074,-0.009680470451712608,-0.6135133504867554,0.789395272731781,-0.05248994380235672,0.19606348872184753,-0.08087747544050217,0.5665816068649292,-0.4244281053543091,0.06017022579908371,-0.11272895336151123,-0.3287208676338196,0.15352101624011993,0.6434503793716431,-0.36590129137039185,0.13591985404491425,0.06997056305408478,-0.02320743352174759,-0.07718391716480255,0.22924721240997314,0.24991673231124878,-0.1445239633321762,1.1826961040496826,0.06628192216157913,-0.08349937945604324,0.25687432289123535,-1.8401648998260498,-1.1338260173797607,0.949374258518219,-0.22795960307121277,-0.062063150107860565,-0.16378328204154968,-0.3082675635814667
0.10105007886886597,-0.3962125778198242,0.7354260683059692,-0.022099794819951057,-0.014537839218974113,-0.6161506175994873,0.7871840596199036,-0.0479825958609581,0.20315542817115784,-0.08600657433271408,0.5643492937088013,-0.42567238211631775,0.05934157222509384,-0.11202989518642426,-0.3294874429702759,0.15713948011398315,0.6418737769126892,-0.3607311248779297,0.14050260186195374,0.04942847415804863,-0.016899792477488518,-0.05718643218278885,0.22017022967338562,0.23749777674674988,-0.16414108872413635,1.1938235759735107,0.05270175635814667,-0.0844879299402237,0.24146363139152527,-1.6694555282592773,-1.055323839187622,0.7804486751556396,-0.2550257444381714,-0.07240870594978333,-0.1604536920785904,-0.33538782596588135
0.1032000482082367,-0.39553380012512207,0.7351703643798828,-0.025190386921167374,-0.01632864587008953,-0.6222841143608093,0.7822156548500061,-0.04488986358046532,0.21179471909999847,-0.08770325779914856,0.5549644231796265,-0.4252833127975464,0.06064782664179802,-0.11415763199329376,-0.3260652422904968,0.1541302502155304,0.6294599771499634,-0.3482956886291504,0.14554786682128906,0.03463468328118324,-0.00972080510109663,-0.03617177531123161,0.2060963660478592,0.2334158569574356,-0.20264840126037598,1.1877663135528564,0.044933952391147614,-0.08360840380191803,0.21794044971466064,-1.5041296482086182,-0.9331826567649841,0.6327241659164429,-0.28341609239578247,-0.08194051682949066,-0.15385834872722626,-0.35329920053482056
0.10625156760215759,-0.3941808342933655,0.7358930110931396,-0.028208618983626366,-0.01564388908445835,-0.630429744720459,0.7755758762359619,-0.04203333333134651,0.220891535282135,-0.08975624293088913,0.5411194562911987,-0.4221233129501343,0.05963332951068878,-0.11819856613874435,-0.3175759017467499,0.15066209435462952,0.6102887988090515,-0.3316558599472046,0.14944961667060852,0.03254591301083565,-0.0067300014197826385,-0.017889544367790222,0.18950985372066498,0.23820248246192932,-0.2393072545528412,1.1732065677642822,0.033989958465099335,-0.08154420554637909,0.19637861847877502,-1.3741270303726196,-0.8133482933044434,0.52103590965271,-0.2746546268463135,-0.08397507667541504,-0.1412542462348938,-0.36962443590164185
0.10960549116134644,-0.39264726638793945,0.7368757128715515,-0.031216202303767204,-0.013200709596276283,-0.6387900710105896,0.7686341404914856,-0.041289232671260834,0.23037509620189667,-0.09373524785041809,0.5301772356033325,-0.41917628049850464,0.05776461958885193,-0.12515239417552948,-0.3046843409538269,0.14886778593063354,0.591245710849762,-0.31441986560821533,0.15132245421409607,0.03523803874850273,-0.004878039471805096,-0.0029592365026474,0.17273496091365814,0.24019485712051392,-0.27596423029899597,1.1588720083236694,0.019522009417414665,-0.0784960687160492,0.1776185780763626,-1.2858517169952393,-0.7006245851516724,0.4405421018600464,-0.24651554226875305,-0.07571126520633698,-0.13096702098846436,-0.38609933853149414
0.11260360479354858,-0.3913469910621643,0.7382463216781616,-0.03336562216281891,-0.009483125060796738,-0.6458296775817871,0.7626931667327881,-0.040380217134952545,0.23910705745220184,-0.09812745451927185,0.5179153680801392,-0.41460123658180237,0.0550682470202446,-0.1318388432264328,-0.28985193371772766,0.14918158948421478,0.5681360960006714,-0.2957766056060791,0.15295110642910004,0.04074769467115402,-0.0018623385112732649,0.006369733717292547,0.16238607466220856,0.24351203441619873,-0.3037964701652527,1.1415934562683105,0.005587131250649691,-0.07701937109231949,0.16335906088352203,-1.2372910976409912,-0.6287864446640015,0.3855145573616028,-0.2184753268957138,-0.06370271742343903,-0.12394747138023376,-0.3997567892074585
0.11484269797801971,-0.39060384035110474,0.7390166521072388,-0.03425204008817673,-0.005858434829860926,-0.6505247950553894,0.7586896419525146,-0.043413810431957245,0.24343940615653992,-0.10304020345211029,0.5154319405555725,-0.4143887162208557,0.053702518343925476,-0.1413811594247818,-0.27661803364753723,0.1525840163230896,0.5567443370819092,-0.28653043508529663,0.1519603580236435,0.051393866539001465,0.0007406895747408271,0.012988625094294548,0.16004860401153564,0.24630045890808105,-0.3277445435523987,1.125243067741394,0.00022656377404928207,-0.07557376474142075,0.15516771376132965,-1.2304798364639282,-0.6188701391220093,0.3634231388568878,-0.16970983147621155,-0.054880913347005844,-0.11176682263612747,-0.4050567150115967
0.11640552431344986,-0.39040839672088623,0.7395144701004028,-0.03349340334534645,-0.0019954703748226166,-0.6536892652511597,0.756018877029419,-0.04942665994167328,0.24264772236347198,-0.10574497282505035,0.5184453725814819,-0.41810035705566406,0.05515201389789581,-0.15432964265346527,-0.2679702341556549,0.15551233291625977,0.5583957433700562,-0.28807637095451355,0.14809590578079224,0.06787414848804474,0.0023330789990723133,0.013551446609199047,0.1618885099887848,0.2502482533454895,-0.3495871424674988,1.1097798347473145,0.007259156554937363,-0.0728849321603775,0.14893797039985657,-1.2789318561553955,-0.6725444793701172,0.3924974799156189,-0.10058429837226868,-0.04878228157758713,-0.10222723335027695,-0.3901974856853485
0.11749996244907379,-0.39075249433517456,0.7405303120613098,-0.031312525272369385,0.0016263328725472093,-0.6558220982551575,0.7542640566825867,-0.050751201808452606,0.2371077835559845,-0.10503438115119934,0.5157468318939209,-0.41990500688552856,0.057363249361515045,-0.16252698004245758,-0.26700907945632935,0.15628543496131897,0.5568974614143372,-0.2922590672969818,0.14490394294261932,0.08034230768680573,0.002212265506386757,0.004228466190397739,0.17061012983322144,0.25138458609580994,-0.35901862382888794,1.1052485704421997,0.028674881905317307,-0.06964092701673508,0.1445440798997879,-1.381093144416809,-0.7697556614875793,0.489132821559906,-0.0653717964887619,-0.05113445967435837,-0.1030140370130539,-0.34841209650039673
0.11828838288784027,-0.39174455404281616,0.7411465644836426,-0.02796969562768936,0.0035228407941758633,-0.6564390063285828,0.7538521885871887,-0.047365304082632065,0.22575747966766357,-0.10265353322029114,0.5146833658218384,-0.4229198098182678,0.062195561826229095,-0.168813556432724,-0.2732664942741394,0.1567479372024536,0.5671466588973999,-0.3043111562728882,0.14235076308250427,0.08930253982543945,-0.004619922488927841,-0.016753191128373146,0.18460169434547424,0.25333380699157715,-0.34868112206459045,1.1112061738967896,0.05499063432216644,-0.06781038641929626,0.144902303814888,-1.5442595481872559,-0.881054162979126,0.6465481519699097,-0.07574085891246796,-0.06026257574558258,-0.11231920123100281,-0.3038279116153717
0.11922378838062286,-0.39343637228012085,0.7397005558013916,-0.024824652820825577,0.0035572550259530544,-0.6543363332748413,0.75578773021698,-0.047972556203603745,0.2132927030324936,-0.09866008907556534,0.5326821208000183,-0.4365772008895874,0.07244361191987991,-0.17824143171310425,-0.28117406368255615,0.15819604694843292,0.6026574373245239,-0.32515937089920044,0.13543854653835297,0.0879133939743042,-0.016307130455970764,-0.03695257753133774,0.18847674131393433,0.2541019916534424,-0.3228049874305725,1.1110279560089111,0.06981657445430756,-0.06698083877563477,0.16034939885139465,-1.6744036674499512,-0.9821810722351074,0.7804168462753296,-0.11415743827819824,-0.07216762751340866,-0.12557604908943176,-0.27776721119880676
0.1207055076956749,-0.3958689570426941,0.7364360094070435,-0.02189338207244873,0.0014736365992575884,-0.6486676931381226,0.7607553601264954,-0.05427662283182144,0.20041587948799133,-0.09646840393543243,0.5638936758041382,-0.45709627866744995,0.08406795561313629,-0.19068393111228943,-0.28861331939697266,0.16436928510665894,0.661833643913269,-0.3511282205581665,0.12400558590888977,0.08314546197652817,-0.01738247461616993,-0.043694425374269485,0.17083881795406342,0.2493869960308075,-0.2789838910102844,1.0835679769515991,0.05443009361624718,-0.07226436585187912,0.1978107988834381,-1.723024845123291,-1.0655568838119507,0.8329440355300903,-0.15071430802345276,-0.08651518076658249,-0.13226120173931122,-0.2987405061721802
0.12290441989898682,-0.39853936433792114,0.73258376121521,-0.020855102688074112,-0.0024293814785778522,-0.641151487827301,0.7671270966529846,-0.06295566260814667,0.18899208307266235,-0.10058511793613434,0.6002955436706543,-0.47765734791755676,0.09441837668418884,-0.19438953697681427,-0.29063114523887634,0.17571020126342773,0.7170730829238892,-0.3734809160232544,0.11392530798912048,0.06686036288738251,-0.005478218663483858,-0.04353729635477066,0.13522650301456451,0.2526770532131195,-0.18729016184806824,0.966446578502655,0.003346610814332962,-0.09234049916267395,0.2799670696258545,-1.5600066184997559,-1.0900623798370361,0.6905888915061951,-0.1972889006137848,-0.11345990747213364,-0.12904539704322815,-0.37110650539398193
0.126173198223114,-0.4003109335899353,0.730071485042572,-0.020964687690138817,-0.00692842248827219,-0.6340806484222412,0.7729516625404358,-0.0738333910703659,0.17772628366947174,-0.10979799926280975,0.6296318769454956,-0.4872432053089142,0.10165408253669739,-0.18858931958675385,-0.28916528820991516,0.1893952190876007,0.7459182143211365,-0.3849796652793884,0.11027805507183075,0.053010664880275726,0.00571648683398962,-0.03933878242969513,0.08285142481327057,0.2890201210975647,-0.05061338096857071,0.7591007947921753,-0.04826919734477997,-0.12865594029426575,0.40631890296936035,-1.2677196264266968,-1.0039482116699219,0.46209388971328735,-0.25259894132614136,-0.13652795553207397,-0.12484420835971832,-0.4480842351913452
0.1306595504283905,-0.4004347324371338,0.7309609055519104,-0.02176402136683464,-0.010554767213761806,-0.6293061375617981,0.7767809629440308,-0.08027054369449615,0.16883841156959534,-0.11429347097873688,0.6325098872184753,-0.47857844829559326,0.10336394608020782,-0.17517559230327606,-0.28529971837997437,0.19951221346855164,0.7357242703437805,-0.38310670852661133,0.11458216607570648,0.04657568037509918,0.0068519385531544685,-0.03271184116601944,0.01917295530438423,0.32999759912490845,0.08911381661891937,0.5427394509315491,-0.09323075413703918,-0.1648314744234085,0.5414131879806519,-0.9792064428329468,-0.8711144924163818,0.25907057523727417,-0.3067997395992279,-0.13232439756393433,-0.12192455679178238,-0.5013465285301208
0.13601411879062653,-0.39884454011917114,0.7355369329452515,-0.023636912927031517,-0.012094521895051003,-0.6280826926231384,0.777693510055542,-0.07647241652011871,0.16536855697631836,-0.10922320932149887,0.6050058007240295,-0.45307376980781555,0.094887875020504,-0.15822289884090424,-0.2744652032852173,0.20039208233356476,0.6926727294921875,-0.3633895516395569,0.12414970248937607,0.036449167877435684,0.007550589274615049,-0.02936972863972187,-0.0695013776421547,0.3701675832271576,0.18510475754737854,0.3494735658168793,-0.12182021141052246,-0.18869327008724213,0.6496191024780273,-0.7252975702285767,-0.7366520762443542,0.12470276653766632,-0.30456894636154175,-0.09766925871372223,-0.11842146515846252,-0.523983895778656
0.14189299941062927,-0.396025687456131,0.7416712045669556,-0.02577795274555683,-0.011402258649468422,-0.630538821220398,0.7756457328796387,-0.06917044520378113,0.1641758233308792,-0.09573283791542053,0.5663435459136963,-0.42114388942718506,0.08052307367324829,-0.14809520542621613,-0.2534988522529602,0.1953107714653015,0.6408277750015259,-0.33131998777389526,0.13316293060779572,0.023028478026390076,0.010900720953941345,-0.01857782155275345,-0.1789301484823227,0.42926937341690063,0.24002119898796082,0.18662592768669128,-0.13237904012203217,-0.1984524428844452,0.7274870872497559,-0.5086852312088013,-0.6184248924255371,0.04373593628406525,-0.2407676875591278,-0.04480339586734772,-0.11512282490730286,-0.5305194854736328
0.14843107759952545,-0.3928450345993042,0.7481119632720947,-0.02842244878411293,-0.008532046340405941,-0.6368288993835449,0.7704339027404785,-0.06039145961403847,0.1639108806848526,-0.07771007716655731,0.5268915295600891,-0.39030009508132935,0.06605583429336548,-0.14142481982707977,-0.21976014971733093,0.1823102980852127,0.5866585373878479,-0.2915906012058258,0.13452096283435822,0.0062901899218559265,0.01834460161626339,-0.010710833594202995,-0.3101544976234436,0.5202955007553101,0.2542833089828491,0.06443239003419876,-0.12557266652584076,-0.19268304109573364,0.7816687822341919,-0.3254770338535309,-0.5218546986579895,0.00867593102157116,-0.14531129598617554,0.00968884490430355,-0.11480417847633362,-0.5171442031860352
0.15674693882465363,-0.3898645043373108,0.7547053694725037,-0.0300066526979208,-0.0038789582904428244,-0.6442023515701294,0.7642564177513123,-0.05327818915247917,0.15858933329582214,-0.055775780230760574,0.48740607500076294,-0.36030715703964233,0.05449659749865532,-0.13798017799854279,-0.174724280834198,0.16479194164276123,0.5341828465461731,-0.24638113379478455,0.12779636681079865,-0.006206993013620377,0.03185127303004265,0.0010832566767930984,-0.44534459710121155,0.6389414072036743,0.22764287889003754,-0.029488373547792435,-0.10524153709411621,-0.17829377949237823,0.8094635009765625,-0.15516415238380432,-0.44986405968666077,-0.0037400447763502598,-0.0002819448709487915,0.055591754615306854,-0.11030109226703644,-0.4896569848060608
0.16688844561576843,-0.3878497779369354,0.7611769437789917,-0.029385482892394066,0.0021009359043091536,-0.6494525671005249,0.7598311901092529,-0.03801866993308067,0.1430736482143402,-0.031578242778778076,0.44089192152023315,-0.33350104093551636,0.04848816245794296,-0.1361437290906906,-0.12267148494720459,0.14479118585586548,0.47783297300338745,-0.1950814425945282,0.11523385345935822,-0.016362469643354416,0.04665934294462204,0.011123450472950935,-0.5791939496994019,0.7757718563079834,0.17531989514827728,-0.08696374297142029,-0.08055649697780609,-0.15946875512599945,0.8185983300209045,-0.005740746855735779,-0.3978756368160248,-0.006367863155901432,0.16953937709331512,0.08352068811655045,-0.10317063331604004,-0.45088261365890503
0.1760897934436798,-0.38708776235580444,0.7667604684829712,-0.027446897700428963,0.009837714023888111,-0.6524987816810608,0.7572286128997803,-0.024869544431567192,0.11921167373657227,-0.009072198532521725,0.39640504121780396,-0.3113194704055786,0.05078202113509178,-0.1329398900270462,-0.06796357780694962,0.12269498407840729,0.423218697309494,-0.1462414413690567,0.09326903522014618,-0.022642668336629868,0.06528976559638977,0.020981265231966972,-0.717084527015686,0.923649787902832,0.10012949258089066,-0.12090631574392319,-0.054140690714120865,-0.1426989585161209,0.8151963949203491,0.11459577083587646,-0.3658997714519501,0.0007845773361623287,0.3478632867336273,0.09159469604492188,-0.09372358024120331,-0.41017383337020874
0.18197576701641083,-0.3868689239025116,0.770580530166626,-0.024761568754911423,0.01804337278008461,-0.6539191007614136,0.7559438347816467,-0.013853142969310284,0.09077243506908417,0.010556300170719624,0.3507411479949951,-0.2954375743865967,0.061513982713222504,-0.13103091716766357,-0.017262453213334084,0.0989302545785904,0.37646785378456116,-0.10525021702051163,0.06827666610479355,-0.02669357880949974,0.08421409875154495,0.029213834553956985,-0.894980788230896,1.0503296852111816,-0.02014946937561035,-0.1363726705312729,-0.029308170080184937,-0.12736660242080688,0.8038688898086548,0.18532758951187134,-0.3519051671028137,0.024623507633805275,0.5250005125999451,0.08557749539613724,-0.08476884663105011,-0.3709072470664978
0.1844031661748886,-0.38725805282592773,0.7710886001586914,-0.021751735359430313,0.025259049609303474,-0.6539701223373413,0.7557856440544128,-0.006777946837246418,0.06271293759346008,0.024904966354370117,0.32287508249282837,-0.29876792430877686,0.08348995447158813,-0.13929951190948486,0.026685725897550583,0.07333996891975403,0.36470654606819153,-0.08761164546012878,0.03712751716375351,-0.027606036514043808,0.10045316815376282,0.033698324114084244,-1.1210572719573975,1.1325085163116455,-0.18451185524463654,-0.1255289614200592,-0.011646806262433529,-0.11169882863759995,0.7922195196151733,0.2227877676486969,-0.34488844871520996,0.05390429496765137,0.6860063672065735,0.07557305693626404,-0.07678905129432678,-0.3328900933265686
0.18439969420433044,-0.3888758420944214,0.771590530872345,-0.019097397103905678,0.030744608491659164,-0.6530994772911072,0.7564067840576172,0.0005872542969882488,0.04046144708991051,0.033855512738227844,0.31033799052238464,-0.3183239698410034,0.11001260578632355,-0.1468435823917389,0.06148931384086609,0.04781968146562576,0.37667274475097656,-0.09252133965492249,0.011433086358010769,-0.025498880073428154,0.11492711305618286,0.03054123744368553,-1.3138556480407715,1.1930270195007324,-0.324372261762619,-0.11532574892044067,-0.0003120950423181057,-0.09751580655574799,0.7832374572753906,0.2502169907093048,-0.342449814081192,0.075212761759758,0.7977031469345093,0.06690752506256104,-0.07027765363454819,-0.30371516942977905
0.183174267411232,-0.3915899395942688,0.7694226503372192,-0.014829941093921661,0.0342332161962986,-0.6494439840316772,0.7594937682151794,-0.0011515339137986302,0.01891065388917923,0.03439971059560776,0.3160233497619629,-0.3478742241859436,0.13795062899589539,-0.16761529445648193,0.08253228664398193,0.027560822665691376,0.43018966913223267,-0.12157484889030457,-0.0076319086365401745,-0.027236584573984146,0.11956766247749329,0.030490558594465256,-1.5398998260498047,1.2138997316360474,-0.49191564321517944,-0.06734373420476913,-0.002708129119127989,-0.0840187668800354,0.7771739959716797,0.25680649280548096,-0.3412891924381256,0.09435446560382843,0.8883575201034546,0.0580909438431263,-0.06257358938455582,-0.2781076729297638
0.18179813027381897,-0.39503708481788635,0.767130970954895,-0.011815128847956657,0.036317817866802216,-0.6433607339859009,0.7646099328994751,-0.0026892211753875017,0.0047241440042853355,0.03126026317477226,0.3182588219642639,-0.37187445163726807,0.15849195420742035,-0.18121014535427094,0.09643526375293732,0.014352593570947647,0.4664759039878845,-0.14490599930286407,-0.021926242858171463,-0.03233294188976288,0.12360986322164536,0.028032299131155014,-1.7284514904022217,1.2064015865325928,-0.6256887912750244,-0.019339190796017647,-0.0080642094835639,-0.07070311158895493,0.7722032070159912,0.2569292485713959,-0.34140726923942566,0.11496496200561523,0.9511375427246094,0.047122810035943985,-0.05524773895740509,-0.26290977001190186
0.1808672547340393,-0.3983513414859772,0.7654095888137817,-0.010080575942993164,0.03674868121743202,-0.6349274516105652,0.7716314792633057,-0.007550499867647886,-0.004133052192628384,0.026060421019792557,0.3222971558570862,-0.3891836702823639,0.1740942895412445,-0.18792656064033508,0.1034809798002243,0.006013177335262299,0.48687517642974854,-0.16208603978157043,-0.029527172446250916,-0.03921067342162132,0.12514355778694153,0.027430351823568344,-1.8956875801086426,1.183260202407837,-0.7449592351913452,0.0520947091281414,-0.020877797156572342,-0.058149270713329315,0.7656943798065186,0.24855738878250122,-0.3432224988937378,0.12905175983905792,0.9984931945800781,0.036776937544345856,-0.047617681324481964,-0.25262078642845154
0.18057076632976532,-0.4010400176048279,0.7650005221366882,-0.009355800226330757,0.03562355041503906,-0.6272062659263611,0.7779818773269653,-0.008540871553122997,-0.00979114044457674,0.021302370354533195,0.31816309690475464,-0.3968192934989929,0.18627604842185974,-0.1874273419380188,0.10545036196708679,0.0021957294084131718,0.4903932809829712,-0.16891281306743622,-0.03050127997994423,-0.04697708040475845,0.12715087831020355,0.02339928410947323,-2.0427513122558594,1.1509954929351807,-0.8537552356719971,0.1481155902147293,-0.04104071855545044,-0.04713299497961998,0.7514123916625977,0.23669791221618652,-0.3481391966342926,0.1357584297657013,1.0371105670928955,0.028276702389121056,-0.03975144028663635,-0.2465757131576538
0.1808808445930481,-0.4029000997543335,0.7652499079704285,-0.008792217820882797,0.03347998484969139,-0.6234469413757324,0.7810990214347839,-0.006992614362388849,-0.014635765925049782,0.016903549432754517,0.3070085346698761,-0.3988149166107178,0.19672973453998566,-0.18601003289222717,0.10348229855298996,0.00191505067050457,0.4889037609100342,-0.17060837149620056,-0.028833776712417603,-0.06246641278266907,0.12809236347675323,0.024196840822696686,-2.169790744781494,1.0997252464294434,-0.9457037448883057,0.25538280606269836,-0.06278201192617416,-0.03990806266665459,0.7295560240745544,0.21760384738445282,-0.3537665009498596,0.14479076862335205,1.0661158561706543,0.020044885575771332,-0.03356940299272537,-0.2459990382194519
0.18151351809501648,-0.4039371609687805,0.765950083732605,-0.008403009735047817,0.030976437032222748,-0.6234889626502991,0.7811731100082397,-0.006058467086404562,-0.018337368965148926,0.013986585661768913,0.2915334403514862,-0.3960784077644348,0.20398570597171783,-0.1830412894487381,0.09950243681669235,0.003392109414562583,0.48083996772766113,-0.16874881088733673,-0.027538206428289413,-0.08076360821723938,0.12660345435142517,0.029813693836331367,-2.2693569660186768,1.0428282022476196,-1.012650728225708,0.35970306396484375,-0.08428414165973663,-0.03508969768881798,0.7053985595703125,0.19313597679138184,-0.3594744801521301,0.16033241152763367,1.0809860229492188,0.010960020124912262,-0.030546946451067924,-0.2490529716014862
0.18226392567157745,-0.4043469727039337,0.7667185068130493,-0.008301619440317154,0.028462525457143784,-0.625589907169342,0.7795884609222412,-0.0077375490218400955,-0.02096182480454445,0.011554230935871601,0.2775246500968933,-0.3901432156562805,0.20880091190338135,-0.1811760663986206,0.09448104351758957,0.006256145425140858,0.47061872482299805,-0.16496628522872925,-0.02786228619515896,-0.1043250560760498,0.12478470057249069,0.04628179967403412,-2.352320671081543,0.9778298139572144,-1.0590120553970337,0.4795107841491699,-0.11046150326728821,-0.03370850905776024,0.6741787791252136,0.15533438324928284,-0.3680633008480072,0.18765127658843994,1.087010383605957,0.001669362187385559,-0.028628768399357796,-0.25064873695373535
0.18298101425170898,-0.4043738543987274,0.7675151824951172,-0.008394341915845871,0.025510381907224655,-0.6291041970252991,0.7768568992614746,-0.008296693675220013,-0.02267572097480297,0.010968311689794064,0.26396602392196655,-0.3811454176902771,0.21006502211093903,-0.1822129189968109,0.08794206380844116,0.012660687789320946,0.46175551414489746,-0.15893840789794922,-0.02365708164870739,-0.12702576816082,0.12038129568099976,0.06414970755577087,-2.4054512977600098,0.9225149750709534,-1.0845098495483398,0.5841954350471497,-0.14165475964546204,-0.037136729806661606,0.6415884494781494,0.12281093001365662,-0.37865421175956726,0.21093395352363586,1.0882502794265747,-0.004653648007661104,-0.02804628200829029,-0.24752214550971985
0.18360887467861176,-0.40416330099105835,0.7683145999908447,-0.008852828294038773,0.02335204929113388,-0.6350210309028625,0.7720910310745239,-0.01137461606413126,-0.019897188991308212,0.009011883288621902,0.25202518701553345,-0.369706392288208,0.20583786070346832,-0.18462347984313965,0.08114916831254959,0.018926328048110008,0.45014655590057373,-0.1493818163871765,-0.01914597861468792,-0.1458262801170349,0.11543289572000504,0.08636631071567535,-2.42525577545166,0.8721522688865662,-1.0818361043930054,0.6677314043045044,-0.17658497393131256,-0.046217065304517746,0.6081153154373169,0.08684691786766052,-0.3862651586532593,0.24242329597473145,1.0824296474456787,-0.0098484568297863,-0.02771667391061783,-0.2399068921804428
0.18408682942390442,-0.403872013092041,0.7686852812767029,-0.008691681548953056,0.02164618857204914,-0.6426216959953308,0.7658284902572632,-0.018019109964370728,-0.01563117653131485,0.006852553691715002,0.24423561990261078,-0.35563427209854126,0.19831271469593048,-0.191752627491951,0.0723431259393692,0.02624838799238205,0.44642800092697144,-0.1421893686056137,-0.01317301020026207,-0.1604624092578888,0.10815852880477905,0.11499297618865967,-2.418043851852417,0.8272968530654907,-1.0564743280410767,0.7360669374465942,-0.21461737155914307,-0.05684208869934082,0.5759244561195374,0.045389555394649506,-0.3967762589454651,0.2715831696987152,1.0739667415618896,-0.008023484610021114,-0.027688391506671906,-0.23123645782470703
0.18443450331687927,-0.4034635126590729,0.7684656381607056,-0.008160140365362167,0.02116669900715351,-0.6512588262557983,0.7585165500640869,-0.031667351722717285,-0.008672403171658516,0.005437964107841253,0.24412477016448975,-0.34056374430656433,0.18847233057022095,-0.2034386396408081,0.06321324408054352,0.03358353674411774,0.45060473680496216,-0.13805031776428223,-0.008485390804708004,-0.169752299785614,0.10168102383613586,0.14906606078147888,-2.37475323677063,0.7836214303970337,-1.0019097328186035,0.7727093696594238,-0.24979645013809204,-0.07169969379901886,0.5510789752006531,-0.008576476946473122,-0.4041806161403656,0.30028825998306274,1.0581215620040894,0.0036018816754221916,-0.02941581979393959,-0.22713255882263184
0.18466100096702576,-0.40294957160949707,0.7677431106567383,-0.007253472693264484,0.022193845361471176,-0.6607884764671326,0.7502089142799377,-0.053704872727394104,0.0003131357952952385,0.006352744065225124,0.25038158893585205,-0.32487040758132935,0.17653273046016693,-0.22004950046539307,0.05539057031273842,0.04116355627775192,0.4574674963951111,-0.13448922336101532,-0.0049924179911613464,-0.17547409236431122,0.09687163680791855,0.19184966385364532,-2.3061749935150146,0.7364431023597717,-0.9296934604644775,0.7806175947189331,-0.27978330850601196,-0.0879329964518547,0.5369607210159302,-0.07306265085935593,-0.4070543348789215,0.3261798620223999,1.0375515222549438,0.02373945340514183,-0.03436838090419769,-0.23316532373428345
0.18479576706886292,-0.402277410030365,0.7667959332466125,-0.006397828925400972,0.024514909833669662,-0.6704686880111694,0.7415050864219666,-0.08069849759340286,0.010614353232085705,0.011374805122613907,0.258131742477417,-0.30874112248420715,0.16405415534973145,-0.2401358187198639,0.049698226153850555,0.048016637563705444,0.459757000207901,-0.12669801712036133,-0.002681262092664838,-0.18178987503051758,0.09637376666069031,0.23834341764450073,-2.2273478507995605,0.6931044459342957,-0.8579699993133545,0.7841888666152954,-0.302990585565567,-0.09997466206550598,0.5283355712890625,-0.14056356251239777,-0.4097517430782318,0.3393220603466034,1.0233180522918701,0.05122565105557442,-0.040786534547805786,-0.24974007904529572
0.18484166264533997,-0.40130147337913513,0.7656668424606323,-0.005453933961689472,0.02737347222864628,-0.6790552735328674,0.73355633020401,-0.10816222429275513,0.020704252645373344,0.020549587905406952,0.26059383153915405,-0.29147982597351074,0.15146483480930328,-0.2629719078540802,0.04489719867706299,0.052071988582611084,0.4548529386520386,-0.11394277215003967,0.0003102316986769438,-0.18788979947566986,0.09660497307777405,0.28629201650619507,-2.1484572887420654,0.6613786220550537,-0.7943113446235657,0.795123815536499,-0.32189008593559265,-0.10806339234113693,0.5232915878295898,-0.20362113416194916,-0.41076013445854187,0.3398004472255707,1.0124043226242065,0.08229918777942657,-0.04933051019906998,-0.27328038215637207
0.18476644158363342,-0.39993715286254883,0.765024721622467,-0.004744581878185272,0.0298787709325552,-0.6855654120445251,0.7273821830749512,-0.13339805603027344,0.029232772067189217,0.031379155814647675,0.26047012209892273,-0.2755354344844818,0.1413859724998474,-0.2886093258857727,0.04111407697200775,0.0553617924451828,0.45205074548721313,-0.10042904317378998,0.0021376984659582376,-0.1908632516860962,0.09880697727203369,0.3320915699005127,-2.0702919960021973,0.6427116990089417,-0.745132565498352,0.8082257509231567,-0.3344835638999939,-0.1144922748208046,0.5196336507797241,-0.24837663769721985,-0.4113036096096039,0.33022141456604004,1.0104495286941528,0.11309857666492462,-0.05862194672226906,-0.2978041470050812
0.18457604944705963,-0.39810097217559814,0.7647806406021118,-0.0035653794184327126,0.03296944126486778,-0.6907077431678772,0.7223733067512512,-0.16002130508422852,0.03710919991135597,0.041721317917108536,0.2601885497570038,-0.2622462809085846,0.13215181231498718,-0.31584370136260986,0.03896065056324005,0.055985547602176666,0.44934481382369995,-0.08959269523620605,-0.0013999463990330696,-0.19205021858215332,0.10206456482410431,0.37507468461990356,-2.0181801319122314,0.6228337287902832,-0.717624843120575,0.8358986377716064,-0.3423069417476654,-0.11495555192232132,0.5085765719413757,-0.296103298664093,-0.40692010521888733,0.3332415819168091,1.0173734426498413,0.14217203855514526,-0.065915547311306,-0.31683602929115295
0.18425723910331726,-0.3955245316028595,0.7640424966812134,-0.0008117731777019799,0.037247586995363235,-0.6944548487663269,0.718571126461029,-0.19150978326797485,0.04305832087993622,0.04913777858018875,0.2587880492210388,-0.24828104674816132,0.12403325736522675,-0.3474811017513275,0.037399593740701675,0.0558987595140934,0.4467935860157013,-0.07684838771820068,-0.006257113069295883,-0.1978667825460434,0.10600781440734863,0.42082834243774414,-1.996666431427002,0.6214484572410583,-0.7211478352546692,0.9095454216003418,-0.34305331110954285,-0.10578775405883789,0.4813678562641144,-0.34260785579681396,-0.40479832887649536,0.3427468538284302,1.0346684455871582,0.1670341044664383,-0.0725317895412445,-0.3273770213127136
0.18380726873874664,-0.39214643836021423,0.7627149820327759,0.004814322106540203,0.04360964521765709,-0.6965545415878296,0.7161611318588257,-0.2308712899684906,0.045974113047122955,0.056494489312171936,0.25737646222114563,-0.23384523391723633,0.11776883900165558,-0.3883574306964874,0.03570302948355675,0.055740393698215485,0.4473097622394562,-0.06572744250297546,-0.011173306033015251,-0.203061044216156,0.11261302977800369,0.45553839206695557,-1.978717565536499,0.6231440305709839,-0.7355929017066956,0.9902523756027222,-0.3347683548927307,-0.09763506799936295,0.44888991117477417,-0.3842758536338806,-0.39876216650009155,0.35245102643966675,1.0516327619552612,0.18948516249656677,-0.07982437312602997,-0.33631306886672974
0.18321385979652405,-0.38818565011024475,0.7610849142074585,0.013114056549966335,0.05206191539764404,-0.6966095566749573,0.715438723564148,-0.27445340156555176,0.04650537669658661,0.06361009180545807,0.25451672077178955,-0.2193985879421234,0.11349141597747803,-0.43372923135757446,0.034339409321546555,0.05581855773925781,0.443813681602478,-0.054390616714954376,-0.017021866515278816,-0.20613965392112732,0.1217440813779831,0.4780999422073364,-1.9603415727615356,0.6186761856079102,-0.7576680183410645,1.0565357208251953,-0.31788647174835205,-0.09173045307397842,0.4176288843154907,-0.4237710237503052,-0.38899728655815125,0.3657347559928894,1.0623174905776978,0.20982122421264648,-0.08751603960990906,-0.34497636556625366
0.18255501985549927,-0.3840489387512207,0.7592362761497498,0.021036870777606964,0.060731757432222366,-0.6948785185813904,0.7162492275238037,-0.3159705698490143,0.04661513864994049,0.0674314945936203,0.2518150806427002,-0.2074155956506729,0.11152975261211395,-0.4744206666946411,0.03519999980926514,0.05587600916624069,0.4370099604129791,-0.043016184121370316,-0.021998979151248932,-0.2055269479751587,0.1359614133834839,0.492764949798584,-1.9499213695526123,0.6305564641952515,-0.7961217164993286,1.1095075607299805,-0.2912011742591858,-0.08663339167833328,0.3860034644603729,-0.452394962310791,-0.39006030559539795,0.37186259031295776,1.0720155239105225,0.22720181941986084,-0.09491360187530518,-0.3509077727794647
0.18185019493103027,-0.3801291584968567,0.7572638988494873,0.029344633221626282,0.06940020620822906,-0.6915742754936218,0.7183644771575928,-0.3580019474029541,0.04522682726383209,0.06987179815769196,0.2534005641937256,-0.19675418734550476,0.11174686253070831,-0.5147151947021484,0.036701567471027374,0.05762804299592972,0.43497538566589355,-0.03649546951055527,-0.02731524407863617,-0.20707324147224426,0.14703893661499023,0.5022972226142883,-1.9387619495391846,0.6293185949325562,-0.834143877029419,1.1568454504013062,-0.25882309675216675,-0.08137280493974686,0.3545243740081787,-0.4856705069541931,-0.38820165395736694,0.37780052423477173,1.0785249471664429,0.24395114183425903,-0.10169263184070587,-0.3593800961971283
0.1810634732246399,-0.3767053782939911,0.7555239796638489,0.037638988345861435,0.07791387289762497,-0.6871895790100098,0.721306562423706,-0.39650917053222656,0.043869078159332275,0.07256750017404556,0.25427883863449097,-0.18598735332489014,0.10986237972974777,-0.5531973838806152,0.03877389058470726,0.05812052637338638,0.4348409175872803,-0.031594980508089066,-0.03292012959718704,-0.21100926399230957,0.1516101062297821,0.508493185043335,-1.9249308109283447,0.6137930154800415,-0.8606060743331909,1.2004239559173584,-0.2277607023715973,-0.07534748315811157,0.3270568549633026,-0.5258820056915283,-0.3801370859146118,0.38391727209091187,1.0817419290542603,0.2607871890068054,-0.10763251781463623,-0.37052837014198303
0.1802583485841751,-0.3739587068557739,0.7540570497512817,0.04505297169089317,0.08596180379390717,-0.6823627352714539,0.7245426177978516,-0.4272911548614502,0.04325060173869133,0.07482602447271347,0.25036031007766724,-0.17720331251621246,0.10686548054218292,-0.5864169001579285,0.042103320360183716,0.05909385904669762,0.43154430389404297,-0.025934187695384026,-0.03800920769572258,-0.2172897756099701,0.15462982654571533,0.5125205516815186,-1.915440320968628,0.5882620215415955,-0.8949165344238281,1.2299185991287231,-0.18916115164756775,-0.07012053579092026,0.3001946210861206,-0.5621165633201599,-0.3733677268028259,0.3994976878166199,1.0821064710617065,0.2708147168159485,-0.11206810176372528,-0.3744361102581024
0.17953377962112427,-0.37189048528671265,0.7528842687606812,0.049605902284383774,0.09212961047887802,-0.6778557896614075,0.7277107238769531,-0.44811907410621643,0.044588252902030945,0.07545264065265656,0.2476954460144043,-0.1745065450668335,0.10550903528928757,-0.6097444295883179,0.0475056916475296,0.06015043333172798,0.42918717861175537,-0.021463416516780853,-0.0419338122010231,-0.22261647880077362,0.1600184440612793,0.5151383280754089,-1.9135863780975342,0.5649714469909668,-0.9454758763313293,1.237126350402832,-0.1429254710674286,-0.06644522398710251,0.2717415690422058,-0.591934859752655,-0.37186557054519653,0.42084237933158875,1.078092336654663,0.27149176597595215,-0.11468002945184708,-0.3716750144958496
0.17892023921012878,-0.3704546391963959,0.7521182894706726,0.05183747038245201,0.09663303941488266,-0.673345148563385,0.7311506271362305,-0.4600670337677002,0.04731566458940506,0.07615724951028824,0.24570493400096893,-0.17624324560165405,0.10566079616546631,-0.6226427555084229,0.05360440909862518,0.06280595064163208,0.42441919445991516,-0.01808147132396698,-0.042069848626852036,-0.22545063495635986,0.16877290606498718,0.5168399214744568,-1.9240962266921997,0.5436787605285645,-1.0071582794189453,1.2173789739608765,-0.09881201386451721,-0.0658324658870697,0.24139617383480072,-0.619173526763916,-0.3726727068424225,0.443527489900589,1.075533151626587,0.26752883195877075,-0.11419890075922012,-0.36479252576828003
0.17844074964523315,-0.36957240104675293,0.7517070770263672,0.05253463611006737,0.09991723299026489,-0.6689046621322632,0.7347266674041748,-0.4656408429145813,0.05084357410669327,0.07660126686096191,0.24474084377288818,-0.18138091266155243,0.10715672373771667,-0.6292661428451538,0.06029856950044632,0.06604044884443283,0.4203628897666931,-0.015259462408721447,-0.04062064737081528,-0.22732064127922058,0.17745506763458252,0.5179459452629089,-1.9367902278900146,0.5315595865249634,-1.071321964263916,1.16935396194458,-0.060614947229623795,-0.06811470538377762,0.21251915395259857,-0.6343557238578796,-0.3797740340232849,0.46173495054244995,1.0676538944244385,0.25753238797187805,-0.11276096105575562,-0.3549208343029022
0.17806676030158997,-0.3691590130329132,0.751358151435852,0.05273302271962166,0.10260019451379776,-0.6647732257843018,0.738084614276886,-0.4703536331653595,0.054459355771541595,0.07513945549726486,0.2487526684999466,-0.18991176784038544,0.10904214531183243,-0.6352635622024536,0.06713569164276123,0.06906664371490479,0.42181265354156494,-0.014292752370238304,-0.03996850550174713,-0.22633454203605652,0.1834021508693695,0.5186648368835449,-1.9530510902404785,0.5339527726173401,-1.1300489902496338,1.1014834642410278,-0.03216300159692764,-0.07137368619441986,0.19011415541172028,-0.6378999352455139,-0.3945876955986023,0.47479474544525146,1.0544761419296265,0.241263747215271,-0.11078757047653198,-0.34395831823349
0.17776313424110413,-0.3691004812717438,0.7513710856437683,0.05108939856290817,0.10372982174158096,-0.6611884832382202,0.7412555813789368,-0.46924683451652527,0.058838143944740295,0.07233462482690811,0.2538091838359833,-0.1996246576309204,0.11113540083169937,-0.6345605850219727,0.0738149881362915,0.07023534923791885,0.4233604073524475,-0.012778125703334808,-0.03818146511912346,-0.21828287839889526,0.18913564085960388,0.519132137298584,-1.9536306858062744,0.5514369606971741,-1.1725199222564697,0.9960898160934448,-0.013721058145165443,-0.07539039850234985,0.17850971221923828,-0.6292756199836731,-0.4124472141265869,0.4788426160812378,1.0411125421524048,0.22117167711257935,-0.10740622878074646,-0.33490410447120667
0.17747937142848969,-0.3691841959953308,0.7515097856521606,0.048231091350317,0.1031416803598404,-0.6584146618843079,0.7439931035041809,-0.46535563468933105,0.06288571655750275,0.06918810307979584,0.2648909091949463,-0.21184518933296204,0.11388491839170456,-0.6295026540756226,0.07957487553358078,0.07051918655633926,0.42938128113746643,-0.014955693855881691,-0.036578498780727386,-0.20254704356193542,0.19181546568870544,0.5194358825683594,-1.927471399307251,0.5807305574417114,-1.1774067878723145,0.85435551404953,-0.008693209849298,-0.08068831264972687,0.18988698720932007,-0.6040642261505127,-0.42651015520095825,0.4736509323120117,1.026916742324829,0.1990467756986618,-0.10412126779556274,-0.3298189043998718
0.177161306142807,-0.3694029748439789,0.7514858245849609,0.04569027200341225,0.10149163752794266,-0.6563980579376221,0.7461591362953186,-0.46177101135253906,0.06533896178007126,0.06670105457305908,0.27890652418136597,-0.22384566068649292,0.11473777890205383,-0.6234102249145508,0.08261460065841675,0.07184427976608276,0.437916100025177,-0.021840453147888184,-0.03517408296465874,-0.183790385723114,0.18738575279712677,0.5196332931518555,-1.865421175956726,0.6134762167930603,-1.1218982934951782,0.7040814161300659,-0.012799306772649288,-0.08543090522289276,0.23526249825954437,-0.5603036880493164,-0.4335825443267822,0.4568338096141815,1.0206714868545532,0.1777585744857788,-0.10064776241779327,-0.3277105689048767
0.17680653929710388,-0.3697195053100586,0.7511860132217407,0.04225433990359306,0.09760916978120804,-0.6556646823883057,0.7475231885910034,-0.4563879072666168,0.06581400334835052,0.06329762190580368,0.2998660206794739,-0.23881396651268005,0.11753666400909424,-0.613013505935669,0.08297276496887207,0.07341977208852768,0.4503471851348877,-0.034071311354637146,-0.031448155641555786,-0.16348041594028473,0.17974291741847992,0.5197616219520569,-1.7516347169876099,0.6392629146575928,-1.010604739189148,0.5359624624252319,-0.010907499119639397,-0.08930443227291107,0.3057863116264343,-0.5114532113075256,-0.4343990683555603,0.43362271785736084,1.0153836011886597,0.1575288623571396,-0.0969972163438797,-0.3308751583099365
0.17644347250461578,-0.37018483877182007,0.7508094310760498,0.03916586562991142,0.09223566949367523,-0.6563854217529297,0.747741162776947,-0.4495141804218292,0.06313695758581161,0.05965781211853027,0.3255968391895294,-0.25482091307640076,0.12062050402164459,-0.6008281707763672,0.08016259223222733,0.07410942018032074,0.4688405394554138,-0.052389807999134064,-0.02374708093702793,-0.13954250514507294,0.16830317676067352,0.516366720199585,-1.5730595588684082,0.632369875907898,-0.8466763496398926,0.34534311294555664,0.005302468780428171,-0.09150350093841553,0.38960933685302734,-0.45660600066185,-0.42517954111099243,0.40078526735305786,1.0178743600845337,0.1420343816280365,-0.09188307821750641,-0.33912330865859985
0.176182359457016,-0.37093472480773926,0.7502977848052979,0.036813873797655106,0.08693515509366989,-0.6586886644363403,0.7464691996574402,-0.44433340430259705,0.05988231673836708,0.05649542063474655,0.3531404137611389,-0.2700918912887573,0.12161162495613098,-0.5894468426704407,0.07662451267242432,0.07247991859912872,0.4867967963218689,-0.06996962428092957,-0.022678690031170845,-0.1259859800338745,0.15261727571487427,0.5111112594604492,-1.4069222211837769,0.6199966669082642,-0.6962354779243469,0.2862914204597473,-0.0023467927239835262,-0.08388735353946686,0.4643155336380005,-0.40111690759658813,-0.41401684284210205,0.36336326599121094,1.0267748832702637,0.13774076104164124,-0.08761989325284958,-0.3455238938331604
0.17592421174049377,-0.3719218969345093,0.7499570846557617,0.034397706389427185,0.08074606209993362,-0.6623647809028625,0.7440227270126343,-0.43957045674324036,0.055943772196769714,0.054717399179935455,0.38378554582595825,-0.280682772397995,0.12148243188858032,-0.5747488737106323,0.07049688696861267,0.06797613203525543,0.5083602666854858,-0.09040862321853638,-0.02239423617720604,-0.11489509791135788,0.13511891663074493,0.5022354125976562,-1.225687026977539,0.5730844140052795,-0.5631311535835266,0.35311371088027954,-0.032349638640880585,-0.07068464905023575,0.5180061459541321,-0.37125444412231445,-0.3875613808631897,0.3276107609272003,1.0405114889144897,0.14498676359653473,-0.07996408641338348,-0.3560645580291748
0.17564895749092102,-0.37347298860549927,0.7489137053489685,0.034154295921325684,0.074337899684906,-0.6656808853149414,0.7417386174201965,-0.44303613901138306,0.047938041388988495,0.0540718212723732,0.4274364113807678,-0.29109007120132446,0.12400306016206741,-0.5623877048492432,0.06052224710583687,0.06798874586820602,0.5333254337310791,-0.11527111381292343,-0.017173845320940018,-0.11887232959270477,0.1143227070569992,0.4910288453102112,-1.0784252882003784,0.51157146692276,-0.4802193343639374,0.5647099018096924,-0.0777779221534729,-0.050498463213443756,0.5292773246765137,-0.36531004309654236,-0.35605812072753906,0.300311803817749,1.0704710483551025,0.16670876741409302,-0.07104681432247162,-0.3614698648452759
0.1753697544336319,-0.37604624032974243,0.7477290630340576,0.03447174280881882,0.06819357722997665,-0.6693674921989441,0.7389915585517883,-0.4461263418197632,0.04128912836313248,0.05606824904680252,0.4766470789909363,-0.3039000928401947,0.12644435465335846,-0.5471709966659546,0.05083896592259407,0.07032303512096405,0.5563717484474182,-0.14263415336608887,-0.011157510802149773,-0.1325700730085373,0.09275573492050171,0.46506255865097046,-0.9620300531387329,0.43010255694389343,-0.4371339976787567,0.7969496250152588,-0.11544761806726456,-0.029230467975139618,0.5088596940040588,-0.34997960925102234,-0.33064723014831543,0.27602750062942505,1.1116797924041748,0.19487959146499634,-0.06103261187672615,-0.3545355796813965
0.1750919222831726,-0.3797414004802704,0.7464125156402588,0.03367030248045921,0.06372670084238052,-0.674534797668457,0.7347162961959839,-0.4477616846561432,0.042564332485198975,0.05812741443514824,0.5332841873168945,-0.324008047580719,0.12680484354496002,-0.5289314389228821,0.045323386788368225,0.06098141148686409,0.5824063420295715,-0.17242971062660217,-0.01314510777592659,-0.1464954912662506,0.07442063838243484,0.42363667488098145,-0.8637005686759949,0.3383747935295105,-0.4448174834251404,0.9703110456466675,-0.127782940864563,-0.01270267367362976,0.4718081057071686,-0.32707059383392334,-0.309505432844162,0.26724356412887573,1.126993179321289,0.21951207518577576,-0.05446802079677582,-0.3392300605773926
0.17492623627185822,-0.38416004180908203,0.7455083131790161,0.03200260177254677,0.06056269630789757,-0.6799966096878052,0.7300086617469788,-0.44185617566108704,0.05008765310049057,0.06429587304592133,0.5816711187362671,-0.3449087142944336,0.12521915137767792,-0.5071239471435547,0.043122466653585434,0.04946916550397873,0.6038780808448792,-0.20091433823108673,-0.014520689845085144,-0.1599891483783722,0.05828029662370682,0.38448137044906616,-0.8244768381118774,0.23261791467666626,-0.5090275406837463,1.0859373807907104,-0.12254650890827179,0.0031205052509903908,0.42426174879074097,-0.3158201575279236,-0.27952754497528076,0.2858787775039673,1.1367110013961792,0.24200111627578735,-0.043974462896585464,-0.31522780656814575
0.17489737272262573,-0.3886350095272064,0.7452224493026733,0.028999632224440575,0.05814787372946739,-0.6847084760665894,0.725914716720581,-0.42249298095703125,0.05967997759580612,0.07398070394992828,0.6126222014427185,-0.36836302280426025,0.12736520171165466,-0.4843292832374573,0.04495818167924881,0.04113214462995529,0.6238312125205994,-0.2227405309677124,-0.009359546937048435,-0.17022550106048584,0.051894091069698334,0.3479655385017395,-0.8151276111602783,0.13244371116161346,-0.6270259618759155,1.1080704927444458,-0.08924968540668488,0.011595776304602623,0.362783819437027,-0.3003405034542084,-0.25912630558013916,0.30041128396987915,1.145912528038025,0.2643044590950012,-0.03127165138721466,-0.2867788076400757
0.1750023365020752,-0.39316579699516296,0.7457313537597656,0.02348506636917591,0.05670769140124321,-0.6882971525192261,0.7228276133537292,-0.3909665644168854,0.07245952636003494,0.08171673119068146,0.627708911895752,-0.3931582570075989,0.13566206395626068,-0.45560628175735474,0.053069986402988434,0.03220402076840401,0.6318649053573608,-0.23203089833259583,0.0008276160806417465,-0.1668027937412262,0.05257198214530945,0.3102712035179138,-0.8552521467208862,0.06746675074100494,-0.7798268795013428,0.988552451133728,-0.045467033982276917,0.006209737621247768,0.27933022379875183,-0.28189361095428467,-0.24858403205871582,0.3154076933860779,1.1429469585418701,0.2801749110221863,-0.01941128633916378,-0.25986534357070923
0.1753409504890442,-0.39803120493888855,0.7474674582481384,0.017568370327353477,0.05450187996029854,-0.6882970333099365,0.7231653928756714,-0.34619244933128357,0.08017875999212265,0.08987640589475632,0.6215828061103821,-0.40996628999710083,0.1453074812889099,-0.4247399568557739,0.06022748351097107,0.026747727766633034,0.6340353488922119,-0.2344181090593338,0.015388788655400276,-0.1569916307926178,0.05453687161207199,0.26471710205078125,-0.9517735838890076,0.05151856318116188,-0.8551899194717407,0.8216921091079712,-0.03169412910938263,-0.0022346265614032745,0.24309778213500977,-0.24564960598945618,-0.24752864241600037,0.3010455369949341,1.1528035402297974,0.2884291112422943,-0.010303022339940071,-0.24417811632156372
0.176038920879364,-0.40328067541122437,0.7488812208175659,0.011406642384827137,0.05110376328229904,-0.6832033395767212,0.7283485531806946,-0.29707691073417664,0.08179949969053268,0.0955403745174408,0.6059259176254272,-0.4252040386199951,0.15226930379867554,-0.4006720781326294,0.06458692997694016,0.02349434606730938,0.643081545829773,-0.23615053296089172,0.03033653274178505,-0.1466105431318283,0.05635452643036842,0.22390225529670715,-1.0635348558425903,0.0665760263800621,-0.8598129749298096,0.6352548003196716,-0.0319482646882534,-0.01103779673576355,0.26000410318374634,-0.19039316475391388,-0.25743013620376587,0.27748894691467285,1.1661931276321411,0.2782987654209137,-0.002817923901602626,-0.23350019752979279
0.17714527249336243,-0.4086171090602875,0.7493781447410583,0.005553530994802713,0.04692786559462547,-0.6742022633552551,0.7370333671569824,-0.2534530460834503,0.07826612889766693,0.09609629213809967,0.5895625352859497,-0.43997514247894287,0.16000856459140778,-0.3874101936817169,0.06690391898155212,0.02324533462524414,0.6646596193313599,-0.2394767701625824,0.042802609503269196,-0.1401771903038025,0.059265900403261185,0.18950235843658447,-1.1623539924621582,0.08711237460374832,-0.8542680740356445,0.44394224882125854,-0.02503276616334915,-0.022139254957437515,0.28508543968200684,-0.12787042558193207,-0.27301687002182007,0.2637830078601837,1.174778699874878,0.251624196767807,0.0035702281165868044,-0.22292262315750122
0.1787979006767273,-0.4136047661304474,0.7497792840003967,0.0008739762706682086,0.04130847007036209,-0.6611545085906982,0.7491111755371094,-0.21371442079544067,0.06716634333133698,0.09364999830722809,0.5658329725265503,-0.4482000470161438,0.16838356852531433,-0.3858833312988281,0.06459474563598633,0.0291197057813406,0.7060490846633911,-0.24340376257896423,0.055617332458496094,-0.13624140620231628,0.06171092763543129,0.16155898571014404,-1.2408435344696045,0.09926899522542953,-0.8367315530776978,0.28155601024627686,-0.013239926658570766,-0.027271218597888947,0.3135329484939575,-0.07613594084978104,-0.28263309597969055,0.2583663761615753,1.1876804828643799,0.21717138588428497,0.010342574678361416,-0.21265627443790436
0.18126575648784637,-0.4178052842617035,0.7502738237380981,-0.0031528521794825792,0.03402609005570412,-0.6425029635429382,0.7655208110809326,-0.1753963679075241,0.047707512974739075,0.08627363294363022,0.5336490869522095,-0.45003968477249146,0.1807003766298294,-0.3983609676361084,0.06143420189619064,0.04572991281747818,0.7833969593048096,-0.2474798858165741,0.07152923196554184,-0.137279212474823,0.06307745724916458,0.13094787299633026,-1.294582724571228,0.11153625696897507,-0.8153831958770752,0.15853063762187958,-0.002859798725694418,-0.029387369751930237,0.3361194431781769,-0.021541036665439606,-0.2955579161643982,0.2462475746870041,1.2021578550338745,0.18224233388900757,0.013832628726959229,-0.201238214969635
0.1844346970319748,-0.4204787313938141,0.7517857551574707,-0.00835736095905304,0.02699630707502365,-0.6160445213317871,0.7872042655944824,-0.14281359314918518,0.025738628581166267,0.06646163016557693,0.492212176322937,-0.44109678268432617,0.19536690413951874,-0.4295685291290283,0.07529902458190918,0.0821085125207901,0.9092097878456116,-0.24894630908966064,0.09033889323472977,-0.14567168056964874,0.07002526521682739,0.10597986727952957,-1.3415961265563965,0.14049328863620758,-0.7938962578773499,0.0682765394449234,0.0013567248824983835,-0.032456446439027786,0.35266491770744324,0.044941745698451996,-0.30926284193992615,0.23588809370994568,1.215605616569519,0.14244475960731506,0.013787290081381798,-0.18512895703315735
0.1867542713880539,-0.4212161898612976,0.7554986476898193,-0.01930839754641056,0.02266441471874714,-0.5819345712661743,0.8126903772354126,-0.11551925539970398,0.0181867815554142,0.03145221993327141,0.44177675247192383,-0.4202146530151367,0.20422488451004028,-0.4823150634765625,0.12364421784877777,0.129019096493721,1.0759470462799072,-0.24652375280857086,0.11460213363170624,-0.16734808683395386,0.0918010026216507,0.09340573847293854,-1.3693106174468994,0.17403490841388702,-0.7722842693328857,-0.0008008778095245361,0.0020912112668156624,-0.03800388425588608,0.3649100065231323,0.11359404027462006,-0.32112711668014526,0.22185832262039185,1.2317596673965454,0.10498917102813721,0.009625776670873165,-0.1677316576242447
0.18659481406211853,-0.4204937815666199,0.7607152462005615,-0.0361870639026165,0.020286859944462776,-0.5451712012290955,0.8372976779937744,-0.09016594290733337,0.030332103371620178,-0.010833479464054108,0.381050705909729,-0.3911299407482147,0.20514102280139923,-0.5337982177734375,0.1965625286102295,0.1622874140739441,1.2516677379608154,-0.24855032563209534,0.13759395480155945,-0.1952158808708191,0.12016134709119797,0.09459048509597778,-1.381615161895752,0.20937812328338623,-0.7462919354438782,-0.06296360492706299,0.009432313963770866,-0.04434734582901001,0.37789058685302734,0.17239171266555786,-0.3297763466835022,0.20960286259651184,1.2362877130508423,0.0774589404463768,-0.0003721071407198906,-0.15323904156684875
0.18388792872428894,-0.4191443920135498,0.7652745246887207,-0.054282721132040024,0.01741768978536129,-0.5123007893562317,0.856911838054657,-0.06540564447641373,0.051238253712654114,-0.04686697944998741,0.3255161941051483,-0.36316296458244324,0.20299994945526123,-0.5908972024917603,0.27517569065093994,0.16425952315330505,1.4331016540527344,-0.25655388832092285,0.15316861867904663,-0.21815519034862518,0.14983557164669037,0.098709836602211,-1.3761168718338013,0.2523552477359772,-0.7160980105400085,-0.11140148341655731,0.01508386991918087,-0.049780577421188354,0.39756807684898376,0.22103416919708252,-0.3382279574871063,0.19817188382148743,1.2277992963790894,0.059472814202308655,-0.016077565029263496,-0.14625351130962372
0.1801314353942871,-0.41760289669036865,0.768857479095459,-0.07049134373664856,0.013932856731116772,-0.4859863519668579,0.8710075616836548,-0.04280835762619972,0.07323924452066422,-0.07086397707462311,0.27907246351242065,-0.3372616767883301,0.1974889636039734,-0.6424976587295532,0.3437405228614807,0.14070861041545868,1.5951999425888062,-0.2662966847419739,0.16385570168495178,-0.23167675733566284,0.1735144406557083,0.10041314363479614,-1.359319806098938,0.2929685115814209,-0.6735467910766602,-0.1506918966770172,0.0182495154440403,-0.05396101623773575,0.4263126254081726,0.2538427710533142,-0.34097063541412354,0.19167795777320862,1.2136965990066528,0.05224202573299408,-0.030590582638978958,-0.14602483808994293
0.1766606569290161,-0.41596519947052,0.7715548276901245,-0.08454343676567078,0.010117609053850174,-0.466548889875412,0.880387544631958,-0.021851811558008194,0.09262669086456299,-0.08417956531047821,0.24158620834350586,-0.31508785486221313,0.19043032824993134,-0.6947920918464661,0.3974906802177429,0.1012062281370163,1.73188316822052,-0.274514377117157,0.1679268479347229,-0.23672965168952942,0.19070862233638763,0.10136821120977402,-1.3377512693405151,0.328062504529953,-0.6247563362121582,-0.18230040371418,0.016860220581293106,-0.05581352114677429,0.45861002802848816,0.2755327820777893,-0.3431150019168854,0.1885642409324646,1.2004793882369995,0.05403374880552292,-0.04222874715924263,-0.14767542481422424
0.17389340698719025,-0.41425418853759766,0.7732728719711304,-0.09620426595211029,0.005633163265883923,-0.45371195673942566,0.885922372341156,-0.0014239642769098282,0.10663317888975143,-0.09058568626642227,0.21474473178386688,-0.3001152575016022,0.18468722701072693,-0.7468489408493042,0.4365977644920349,0.05404103174805641,1.848809003829956,-0.28067806363105774,0.16643130779266357,-0.2356041967868805,0.201870858669281,0.09852585941553116,-1.3126351833343506,0.36464589834213257,-0.5741282105445862,-0.21083518862724304,0.011493252590298653,-0.05663546174764633,0.4891021251678467,0.2987227439880371,-0.3488989472389221,0.1859738826751709,1.1817647218704224,0.05653475224971771,-0.053433045744895935,-0.1472492218017578
0.17216086387634277,-0.412514865398407,0.7737464904785156,-0.10471408069133759,0.00048880121903494,-0.4458785653114319,0.8889471888542175,0.01503535732626915,0.11235370486974716,-0.09222322702407837,0.19933833181858063,-0.2934795022010803,0.18050217628479004,-0.7977892160415649,0.4639698266983032,0.01007353886961937,1.9399480819702148,-0.2846570312976837,0.16188134253025055,-0.2317621111869812,0.20489110052585602,0.09978663176298141,-1.287429690361023,0.39403632283210754,-0.524376630783081,-0.2389782965183258,0.00716808345168829,-0.054587505757808685,0.5160293579101562,0.31723639369010925,-0.35481688380241394,0.18393170833587646,1.1581873893737793,0.0631292387843132,-0.06157877296209335,-0.14613261818885803
0.1714116930961609,-0.4106900691986084,0.7732303142547607,-0.11068911850452423,-0.004621364176273346,-0.44211092591285706,0.8900924324989319,0.02677129954099655,0.11064844578504562,-0.09017181396484375,0.19456540048122406,-0.2943823039531708,0.17925229668617249,-0.8493916392326355,0.48135560750961304,-0.031950872391462326,2.0126633644104004,-0.2857687175273895,0.15505346655845642,-0.22388091683387756,0.20399001240730286,0.10306441783905029,-1.2619578838348389,0.4197206497192383,-0.48163288831710815,-0.2693210244178772,0.005730260629206896,-0.05172817409038544,0.5363736152648926,0.33135363459587097,-0.36242085695266724,0.1821194291114807,1.1324337720870972,0.07061482965946198,-0.06851360946893692,-0.14420990645885468
0.17150436341762543,-0.40907686948776245,0.7726750373840332,-0.11578430235385895,-0.007932867854833603,-0.440250426530838,0.8903430104255676,0.03638795018196106,0.10786862671375275,-0.08696445822715759,0.190303772687912,-0.29647815227508545,0.17702414095401764,-0.8955380916595459,0.49279990792274475,-0.06934643536806107,2.064577579498291,-0.28043919801712036,0.14910733699798584,-0.21590986847877502,0.20341935753822327,0.10587802529335022,-1.237551212310791,0.44055265188217163,-0.45001620054244995,-0.3084338307380676,0.006299184635281563,-0.051144056022167206,0.5456881523132324,0.34427064657211304,-0.3705463409423828,0.1783766746520996,1.1070928573608398,0.07859441637992859,-0.07576596736907959,-0.14088305830955505
0.17227992415428162,-0.407726526260376,0.7723121643066406,-0.11967726051807404,-0.009696049615740776,-0.440332293510437,0.8897700905799866,0.04571334272623062,0.10347523540258408,-0.08362755924463272,0.1882392019033432,-0.29973918199539185,0.17509037256240845,-0.9324918985366821,0.49908071756362915,-0.09944820404052734,2.098130702972412,-0.2736775875091553,0.1445247381925583,-0.20743133127689362,0.20350077748298645,0.1061624139547348,-1.2102235555648804,0.4547712206840515,-0.4255981743335724,-0.3448846936225891,0.0060413978062570095,-0.050632357597351074,0.5490832328796387,0.35460585355758667,-0.3766888380050659,0.17322564125061035,1.0847957134246826,0.08681097626686096,-0.08312056958675385,-0.13827720284461975
0.17345227301120758,-0.4067915678024292,0.7721570730209351,-0.12245728075504303,-0.010071680881083012,-0.4423298239707947,0.8883957862854004,0.05467930808663368,0.09807068109512329,-0.08195902407169342,0.1890060305595398,-0.3043680191040039,0.17285886406898499,-0.9591101408004761,0.5040364265441895,-0.12154323607683182,2.118563652038574,-0.26762259006500244,0.14153066277503967,-0.19849760830402374,0.2032177746295929,0.10472548007965088,-1.1805261373519897,0.4635881781578064,-0.40463119745254517,-0.37960073351860046,0.004242315888404846,-0.05030558630824089,0.5488814115524292,0.36449456214904785,-0.3796227276325226,0.165202334523201,1.0670435428619385,0.09540058672428131,-0.08924707770347595,-0.1362624317407608
0.1748616099357605,-0.40617504715919495,0.7721899747848511,-0.12397564202547073,-0.009442813694477081,-0.44601866602897644,0.8863454461097717,0.06355518102645874,0.09187839180231094,-0.08113851398229599,0.19219663739204407,-0.30968600511550903,0.1706060767173767,-0.9768396615982056,0.5079264640808105,-0.13720190525054932,2.1303510665893555,-0.2633711099624634,0.13953639566898346,-0.18948504328727722,0.20200204849243164,0.100972481071949,-1.1472711563110352,0.46804124116897583,-0.3841724097728729,-0.4084179699420929,0.0005350110586732626,-0.05011292174458504,0.5485432147979736,0.3752458691596985,-0.38166260719299316,0.15535134077072144,1.0520074367523193,0.10150739550590515,-0.09462608397006989,-0.13443544507026672
0.17639784514904022,-0.40579456090927124,0.7721954584121704,-0.12390172481536865,-0.008110751397907734,-0.45155003666877747,0.8835638761520386,0.07182472944259644,0.08407507091760635,-0.08027064800262451,0.1980162411928177,-0.3160629868507385,0.1680692732334137,-0.987053394317627,0.5108965635299683,-0.14578035473823547,2.135484218597412,-0.2606777846813202,0.1374521255493164,-0.1821432113647461,0.19824185967445374,0.09676222503185272,-1.1117609739303589,0.4645729959011078,-0.3604653477668762,-0.42960548400878906,-0.003823051229119301,-0.04944658279418945,0.5502859950065613,0.3844987750053406,-0.3828808665275574,0.1426324099302292,1.0386030673980713,0.10529283434152603,-0.09883391857147217,-0.13312456011772156
0.1780659258365631,-0.40547633171081543,0.7722076773643494,-0.1224384531378746,-0.006497091613709927,-0.4585268199443817,0.8801817297935486,0.08004779368638992,0.07453670352697372,-0.07878589630126953,0.2044367790222168,-0.3210468888282776,0.16523748636245728,-0.9906141757965088,0.5126158595085144,-0.1489095240831375,2.134300708770752,-0.25980961322784424,0.13549372553825378,-0.17594867944717407,0.1922885924577713,0.09212598204612732,-1.0706043243408203,0.4510241448879242,-0.3324759006500244,-0.4395163059234619,-0.011674171313643456,-0.04910151660442352,0.5560458898544312,0.39188843965530396,-0.3822054862976074,0.1287854015827179,1.0286645889282227,0.10797850787639618,-0.10193265974521637,-0.13291381299495697
0.17955729365348816,-0.40518301725387573,0.7721827030181885,-0.11998005211353302,-0.004937401972711086,-0.4668178856372833,0.8761629462242126,0.08757932484149933,0.06430075317621231,-0.07630981504917145,0.21279877424240112,-0.3250623345375061,0.1623070240020752,-0.9878675937652588,0.5126843452453613,-0.1496661901473999,2.13252592086792,-0.2599872648715973,0.13504084944725037,-0.16693051159381866,0.18536865711212158,0.08354569971561432,-1.024342656135559,0.4256334602832794,-0.30029988288879395,-0.44636672735214233,-0.02127624675631523,-0.049707189202308655,0.5636383891105652,0.3947112560272217,-0.37926942110061646,0.11304695904254913,1.0236542224884033,0.11164066195487976,-0.1030120849609375,-0.1345229595899582
0.18071627616882324,-0.40503227710723877,0.771944522857666,-0.11717958003282547,-0.0038504984695464373,-0.4750598669052124,0.872107982635498,0.09417864680290222,0.05458168685436249,-0.07354138046503067,0.22260701656341553,-0.3296787738800049,0.16041713953018188,-0.9801003932952881,0.5130892395973206,-0.1450245976448059,2.130305051803589,-0.2604702115058899,0.13639004528522491,-0.1599774956703186,0.17880144715309143,0.0727175623178482,-0.9786091446876526,0.38463661074638367,-0.26904475688934326,-0.45064517855644226,-0.03292834013700485,-0.0500481054186821,0.5731181502342224,0.39710837602615356,-0.37337979674339294,0.09571525454521179,1.0253417491912842,0.11690383404493332,-0.10157112777233124,-0.13802963495254517
0.18200960755348206,-0.4049447774887085,0.771218478679657,-0.11409547924995422,-0.003239641897380352,-0.4823404550552368,0.86851567029953,0.10016956925392151,0.044665008783340454,-0.07305988669395447,0.2293192744255066,-0.33588671684265137,0.15874403715133667,-0.9710003137588501,0.5145021677017212,-0.1322208195924759,2.1261889934539795,-0.2637217938899994,0.134601891040802,-0.16367954015731812,0.17184460163116455,0.06636259704828262,-0.9435827136039734,0.32782530784606934,-0.24605122208595276,-0.446658730506897,-0.045401401817798615,-0.04905318468809128,0.5841071009635925,0.3989100456237793,-0.3678923547267914,0.0796072706580162,1.0290242433547974,0.12218774855136871,-0.0993327796459198,-0.14362981915473938
0.18316830694675446,-0.4050765931606293,0.7701165080070496,-0.11023435741662979,-0.0030629236716777086,-0.48833325505256653,0.8656613826751709,0.10485875606536865,0.03370148688554764,-0.07351729273796082,0.22975604236125946,-0.34116992354393005,0.15649336576461792,-0.9635555148124695,0.5155166983604431,-0.11194838583469391,2.1167240142822266,-0.2699570059776306,0.12842783331871033,-0.1808633953332901,0.16516931354999542,0.07021771371364594,-0.9337336421012878,0.2639824151992798,-0.22930335998535156,-0.43580037355422974,-0.05464639887213707,-0.04785715416073799,0.6006141304969788,0.3954957127571106,-0.36763033270835876,0.0640745609998703,1.0280652046203613,0.12808451056480408,-0.09815899282693863,-0.15453416109085083
0.1844695806503296,-0.4056505560874939,0.7695052623748779,-0.10637699067592621,-0.002214062726125121,-0.4946497976779938,0.862554669380188,0.11115556210279465,0.024896753951907158,-0.07629300653934479,0.22249585390090942,-0.34146758913993835,0.15351645648479462,-0.9577083587646484,0.5162651538848877,-0.0859745517373085,2.1049978733062744,-0.2777059078216553,0.11784656345844269,-0.21165764331817627,0.16461390256881714,0.08021104335784912,-0.9607844352722168,0.2073907107114792,-0.229323610663414,-0.4053451716899872,-0.06789833307266235,-0.046801477670669556,0.6236798167228699,0.39126908779144287,-0.3755095601081848,0.05446263775229454,1.022103190422058,0.13098162412643433,-0.09859038144350052,-0.16803684830665588
0.1859305202960968,-0.40630751848220825,0.7690589427947998,-0.10367520153522491,-0.001385072129778564,-0.5000821352005005,0.8597484827041626,0.11750984191894531,0.01951485127210617,-0.07689273357391357,0.2131040394306183,-0.3411301076412201,0.1494295746088028,-0.9514583349227905,0.5167455673217773,-0.05461058020591736,2.0859737396240234,-0.28212976455688477,0.10848292708396912,-0.2500789761543274,0.1572319120168686,0.09107454121112823,-1.0051792860031128,0.1355346441268921,-0.2333316206932068,-0.36837464570999146,-0.07982391864061356,-0.04917026311159134,0.6466784477233887,0.3793470859527588,-0.3768722116947174,0.058046191930770874,1.0221587419509888,0.12797674536705017,-0.09418751299381256,-0.17856167256832123
0.18721386790275574,-0.4069857597351074,0.7688556909561157,-0.10187147557735443,2.992447480210103e-05,-0.5056248307228088,0.8567180037498474,0.12166450917720795,0.018655924126505852,-0.08100298047065735,0.20448505878448486,-0.3420664966106415,0.14641273021697998,-0.9415347576141357,0.5171035528182983,-0.02027769386768341,2.0695130825042725,-0.2849847078323364,0.09974486380815506,-0.28750374913215637,0.14806225895881653,0.10327552258968353,-1.0510811805725098,0.054061952978372574,-0.2523384392261505,-0.3333193063735962,-0.09349003434181213,-0.0548161156475544,0.6588711738586426,0.3671848475933075,-0.3720359802246094,0.07523290067911148,1.028451681137085,0.12226581573486328,-0.08832662552595139,-0.182368665933609
0.18813692033290863,-0.40800386667251587,0.7698425054550171,-0.1006798967719078,0.003235854674130678,-0.51238614320755,0.8528268933296204,0.12256874144077301,0.02421833574771881,-0.09103943407535553,0.19676564633846283,-0.3375377357006073,0.14439871907234192,-0.9199792742729187,0.5172649025917053,0.01747506856918335,2.048337459564209,-0.285244882106781,0.09713879227638245,-0.3154926896095276,0.1464644968509674,0.11242155730724335,-1.0943875312805176,0.0008368082344532013,-0.27992182970046997,-0.2970261573791504,-0.10244821012020111,-0.057765550911426544,0.6629124879837036,0.35219717025756836,-0.3660884499549866,0.10096903145313263,1.0288010835647583,0.11257784068584442,-0.08406732976436615,-0.1850435733795166
0.18951818346977234,-0.4093061089515686,0.7714386582374573,-0.09886085987091064,0.007347698789089918,-0.5197861790657043,0.8485251069068909,0.11979003250598907,0.029806513339281082,-0.10373245179653168,0.19179320335388184,-0.32778477668762207,0.1459246724843979,-0.8727529644966125,0.5171113610267639,0.06901024281978607,1.9975401163101196,-0.282357782125473,0.10553456842899323,-0.3238449990749359,0.15632861852645874,0.11288829892873764,-1.1367697715759277,0.0021028146147727966,-0.3178780972957611,-0.2648807764053345,-0.10254602879285812,-0.05860975384712219,0.6578706502914429,0.3333294987678528,-0.36692148447036743,0.13383522629737854,1.0233436822891235,0.09365928918123245,-0.08094820380210876,-0.18990471959114075
0.19100366532802582,-0.41076189279556274,0.7737880349159241,-0.0956854596734047,0.012150807306170464,-0.5264303088188171,0.8447294235229492,0.1183946281671524,0.034110765904188156,-0.11786670982837677,0.1814795434474945,-0.3083387017250061,0.15164363384246826,-0.8166731595993042,0.5099952816963196,0.11322954297065735,1.9419105052947998,-0.27853429317474365,0.12062852084636688,-0.3090134263038635,0.17641699314117432,0.10328936576843262,-1.195164680480957,0.0897684395313263,-0.3680918216705322,-0.24457451701164246,-0.09886859357357025,-0.06449955701828003,0.6473917961120605,0.31507694721221924,-0.37443360686302185,0.17769855260849,1.0104122161865234,0.05971444398164749,-0.07904865592718124,-0.197561115026474
0.19291694462299347,-0.41230303049087524,0.7764567732810974,-0.08901609480381012,0.017838967964053154,-0.5289657115936279,0.8437731862068176,0.11347522586584091,0.03294660523533821,-0.13412804901599884,0.16473691165447235,-0.2787729799747467,0.15507952868938446,-0.7331655025482178,0.4934472441673279,0.1591891050338745,1.8528175354003906,-0.2768723666667938,0.1431039273738861,-0.28340160846710205,0.19671598076820374,0.08920856565237045,-1.2924588918685913,0.2463061511516571,-0.4656023681163788,-0.25443336367607117,-0.09632959961891174,-0.07986895740032196,0.6160680055618286,0.2902110517024994,-0.3782878518104553,0.2341209053993225,0.9993399381637573,0.018056387081742287,-0.07653377950191498,-0.2000366449356079
0.1954827606678009,-0.4133329689502716,0.7783868908882141,-0.0775156170129776,0.021158801391720772,-0.526915431022644,0.8461109399795532,0.10975170880556107,0.018785463646054268,-0.1478259265422821,0.14647556841373444,-0.24367403984069824,0.15767323970794678,-0.6272540092468262,0.4478701055049896,0.21554915606975555,1.6919649839401245,-0.2790120542049408,0.16237279772758484,-0.25705575942993164,0.2070896327495575,0.07545752078294754,-1.4201256036758423,0.42499715089797974,-0.6091387271881104,-0.2806776762008667,-0.09332514554262161,-0.09762366116046906,0.5711785554885864,0.26735928654670715,-0.37399017810821533,0.28170526027679443,1.008164405822754,-0.020900610834360123,-0.07204572856426239,-0.19888576865196228
0.19679874181747437,-0.41390371322631836,0.7790755033493042,-0.06294343620538712,0.02355385757982731,-0.5231955647468567,0.8495585322380066,0.10051944106817245,-0.0015650559216737747,-0.1577986776828766,0.14157189428806305,-0.21802125871181488,0.16353237628936768,-0.5241131782531738,0.3856467604637146,0.25841063261032104,1.524324655532837,-0.2852770984172821,0.17345920205116272,-0.21929046511650085,0.2082022726535797,0.06349840015172958,-1.5522332191467285,0.6063177585601807,-0.7685271501541138,-0.31352460384368896,-0.08652395009994507,-0.1147836223244667,0.531036376953125,0.24673759937286377,-0.3603838384151459,0.31950658559799194,1.023899793624878,-0.05096764117479324,-0.06815975904464722,-0.19711247086524963
0.19675235450267792,-0.41439005732536316,0.7782856225967407,-0.046912189573049545,0.024812519550323486,-0.5182211995124817,0.8535984754562378,0.09060394763946533,-0.02509959600865841,-0.16195940971374512,0.15022467076778412,-0.20632483065128326,0.16937638819217682,-0.4213818311691284,0.3119553029537201,0.2863024175167084,1.3415769338607788,-0.29262107610702515,0.17540404200553894,-0.17446096241474152,0.19551406800746918,0.04500918090343475,-1.6812903881072998,0.7572172284126282,-0.9153420925140381,-0.35278618335723877,-0.07258619368076324,-0.1268649697303772,0.50519198179245,0.23181693255901337,-0.34154245257377625,0.3510000705718994,1.040184497833252,-0.07154984772205353,-0.0652136281132698,-0.19024738669395447
0.19586816430091858,-0.41580671072006226,0.7762434482574463,-0.032228320837020874,0.024672187864780426,-0.5111589431762695,0.8585273027420044,0.08253613859415054,-0.0476098395884037,-0.1678778976202011,0.170847550034523,-0.20904050767421722,0.17209795117378235,-0.3409402370452881,0.23940278589725494,0.3080763816833496,1.1763885021209717,-0.29991614818573,0.17555420100688934,-0.13267280161380768,0.17084120213985443,0.0316125825047493,-1.7732442617416382,0.866346001625061,-1.010701298713684,-0.36995458602905273,-0.05523773282766342,-0.1277586817741394,0.5032856464385986,0.2167661041021347,-0.3168926239013672,0.3792347311973572,1.053213119506836,-0.08358906209468842,-0.062189824879169464,-0.18166378140449524
0.19405129551887512,-0.41908860206604004,0.773446798324585,-0.02065148577094078,0.02330448478460312,-0.5007613301277161,0.8650252223014832,0.07594510912895203,-0.06778071075677872,-0.18376502394676208,0.20033977925777435,-0.2224069982767105,0.17055825889110565,-0.28037500381469727,0.177071675658226,0.33246392011642456,1.036454439163208,-0.30486753582954407,0.1809486746788025,-0.09049008786678314,0.14186957478523254,0.023025020956993103,-1.8174049854278564,0.9401983022689819,-1.0563478469848633,-0.3862704634666443,-0.03870740532875061,-0.1262553334236145,0.51358562707901,0.19437280297279358,-0.290412962436676,0.4116644859313965,1.061326265335083,-0.09150906652212143,-0.05970485508441925,-0.16792264580726624
0.1905204802751541,-0.4247020483016968,0.770984947681427,-0.013774980790913105,0.019988689571619034,-0.4867232143878937,0.8732188940048218,0.06777120381593704,-0.08556680381298065,-0.21606361865997314,0.23783999681472778,-0.23889973759651184,0.1605081856250763,-0.22584925591945648,0.1310998499393463,0.3617333173751831,0.9151821136474609,-0.30961230397224426,0.18584594130516052,-0.03829290717840195,0.11008310317993164,0.013387231156229973,-1.816246509552002,0.9905371069908142,-1.0517809391021729,-0.43424123525619507,-0.015834804624319077,-0.1252937614917755,0.5303308963775635,0.16838626563549042,-0.274447500705719,0.44904500246047974,1.0591799020767212,-0.09673381596803665,-0.05938682705163956,-0.14265818893909454
0.18516987562179565,-0.4327641725540161,0.7686777114868164,-0.0090998075902462,0.015456169843673706,-0.47207385301589966,0.8813765645027161,0.057283736765384674,-0.10288965702056885,-0.25752726197242737,0.2831275761127472,-0.25666701793670654,0.14875316619873047,-0.17572645843029022,0.09738478809595108,0.39005905389785767,0.8234113454818726,-0.3210766315460205,0.19142496585845947,0.017141859978437424,0.07271130383014679,0.00029517244547605515,-1.7413561344146729,1.0164101123809814,-0.9831651449203491,-0.5117101669311523,0.009115849621593952,-0.12348941713571548,0.5461284518241882,0.1585451364517212,-0.2804086208343506,0.4900605082511902,0.9987543821334839,-0.0947914719581604,-0.06728950142860413,-0.10440319031476974
0.17802850902080536,-0.44269078969955444,0.7662217617034912,-0.004148617386817932,0.010853336192667484,-0.4585611820220947,0.8885868787765503,0.04078083112835884,-0.12147274613380432,-0.29496437311172485,0.336514413356781,-0.2731199562549591,0.14191919565200806,-0.13290846347808838,0.06835880875587463,0.4063364863395691,0.7641375064849854,-0.33991003036499023,0.1983870416879654,0.07135477662086487,0.024790531024336815,-0.009045582264661789,-1.5524380207061768,1.0312570333480835,-0.835343062877655,-0.5777910351753235,0.017731068655848503,-0.12722614407539368,0.5599571466445923,0.18182362616062164,-0.31583327054977417,0.5249925851821899,0.8714691400527954,-0.08223337680101395,-0.08388125896453857,-0.05050579458475113
0.1698557734489441,-0.4536237120628357,0.7637064456939697,0.00029095992795191705,0.006413361988961697,-0.44172701239585876,0.8971266150474548,0.0256849005818367,-0.13505031168460846,-0.3215837776660919,0.38121524453163147,-0.2883685529232025,0.14502006769180298,-0.09248186647891998,0.0442078672349453,0.41000306606292725,0.717099666595459,-0.36440718173980713,0.20914201438426971,0.12136627733707428,-0.03788011521100998,-0.02132282592356205,-1.3039318323135376,0.984984278678894,-0.6783498525619507,-0.6430128216743469,0.007977684959769249,-0.13817410171031952,0.547692060470581,0.2254122644662857,-0.40262293815612793,0.5664787292480469,0.677567183971405,-0.05479980260133743,-0.10511048138141632,0.036359671503305435
0.16119709610939026,-0.46497926115989685,0.7617390155792236,0.0042257122695446014,0.0011019555386155844,-0.42025235295295715,0.9073967933654785,0.013357964344322681,-0.1438530534505844,-0.3383091986179352,0.4163951873779297,-0.2965888977050781,0.15402713418006897,-0.05169883370399475,0.025398310273885727,0.40373384952545166,0.6718444228172302,-0.38684970140457153,0.22324597835540771,0.16793644428253174,-0.10700754821300507,-0.03523720055818558,-1.0087581872940063,0.8886315226554871,-0.5221602320671082,-0.685226321220398,-0.024369385093450546,-0.15487483143806458,0.5171273946762085,0.26110410690307617,-0.533392071723938,0.5853515863418579,0.439308762550354,-0.007278895005583763,-0.12334614992141724,0.12659791111946106
0.15232175588607788,-0.47636428475379944,0.7605564594268799,0.006919416133314371,-0.004608211573213339,-0.3969365954399109,0.9178084135055542,0.002748249564319849,-0.14780287444591522,-0.34374794363975525,0.4447767734527588,-0.2972479462623596,0.1675744354724884,-0.013207973912358284,0.010122532956302166,0.38535165786743164,0.6296221017837524,-0.4001426100730896,0.2367398738861084,0.21574483811855316,-0.16193529963493347,-0.04672352224588394,-0.7180079221725464,0.7747219204902649,-0.37829160690307617,-0.6677144169807434,-0.06273097544908524,-0.1754370629787445,0.4861244559288025,0.25006285309791565,-0.6780012845993042,0.5915114879608154,0.22582972049713135,0.033947668969631195,-0.13670064508914948,0.19370929896831512
0.14363233745098114,-0.4868878126144409,0.7596074342727661,0.009272424504160881,-0.009807166643440723,-0.38012832403182983,0.9248352646827698,-0.008379467763006687,-0.14920589327812195,-0.33513548970222473,0.4710969626903534,-0.29376524686813354,0.18409034609794617,0.016215380281209946,-0.003030791413038969,0.36035463213920593,0.5989890098571777,-0.40698379278182983,0.24098317325115204,0.2620543837547302,-0.1925336718559265,-0.052572302520275116,-0.4871132969856262,0.673876166343689,-0.274214506149292,-0.5436099171638489,-0.0901837944984436,-0.18395492434501648,0.4699729084968567,0.13159506022930145,-0.7911300659179688,0.604875385761261,0.149429589509964,0.015172280371189117,-0.1350395530462265,0.21046683192253113
0.1352621614933014,-0.4958987832069397,0.7578045129776001,0.01155987661331892,-0.015511996112763882,-0.3711282014846802,0.9283800721168518,-0.019980890676379204,-0.1508926898241043,-0.3260803520679474,0.49916863441467285,-0.2964721918106079,0.19591744244098663,0.030481014400720596,-0.012439422309398651,0.340389221906662,0.5884506106376648,-0.41163671016693115,0.24658042192459106,0.29217860102653503,-0.2033829391002655,-0.05166257172822952,-0.3442009389400482,0.5893281698226929,-0.22003653645515442,-0.29631227254867554,-0.11139899492263794,-0.1763998568058014,0.4701383113861084,-0.0775846615433693,-0.8266667127609253,0.6823258399963379,0.14266180992126465,-0.03309386968612671,-0.1309974193572998,0.21420225501060486
0.1271507889032364,-0.5032871961593628,0.7551398277282715,0.013449777849018574,-0.02094157598912716,-0.36989137530326843,0.9287415742874146,-0.03666938096284866,-0.15453630685806274,-0.3168955147266388,0.5431479215621948,-0.30129164457321167,0.20562152564525604,0.035883158445358276,-0.01881231926381588,0.3229078948497772,0.5864995718002319,-0.4121892750263214,0.25185367465019226,0.31394684314727783,-0.19941289722919464,-0.04761934652924538,-0.2557758390903473,0.5172814726829529,-0.2125629484653473,-0.02580489218235016,-0.11962881684303284,-0.1614161878824234,0.4604198932647705,-0.34195175766944885,-0.7774861454963684,0.7843839526176453,0.20449525117874146,-0.09665769338607788,-0.12216462939977646,0.19679665565490723
0.11934059858322144,-0.5095346570014954,0.7520967721939087,0.012735730968415737,-0.02529999241232872,-0.378754585981369,0.9250636100769043,-0.05161415785551071,-0.1489751636981964,-0.30969464778900146,0.5895304083824158,-0.3115471303462982,0.20869547128677368,0.03657548874616623,-0.015453238971531391,0.30499112606048584,0.585134744644165,-0.4072127938270569,0.25533488392829895,0.3257785439491272,-0.17888547480106354,-0.03636389598250389,-0.18611760437488556,0.4619549810886383,-0.22487543523311615,0.1844661682844162,-0.11453232169151306,-0.15105867385864258,0.4506221413612366,-0.5661973357200623,-0.6565383672714233,0.8409132957458496,0.25019165873527527,-0.13588592410087585,-0.11402896046638489,0.145840585231781
0.11282587051391602,-0.5139098763465881,0.7501221895217896,0.012567133642733097,-0.028851429000496864,-0.3972663879394531,0.917163610458374,-0.06850466877222061,-0.14360293745994568,-0.29935169219970703,0.6408395171165466,-0.3258591592311859,0.20931202173233032,0.02847527153789997,-0.01500500924885273,0.2866309881210327,0.5866283178329468,-0.39976561069488525,0.25699782371520996,0.3251001536846161,-0.15488915145397186,-0.016096511855721474,-0.11187659949064255,0.41881701350212097,-0.24279221892356873,0.3451782166957855,-0.09777697920799255,-0.1443881392478943,0.4385932683944702,-0.7300413250923157,-0.5142190456390381,0.8385006785392761,0.25793737173080444,-0.14026214182376862,-0.10942934453487396,0.06137434393167496
0.10728645324707031,-0.5172966122627258,0.7515926361083984,0.010935107246041298,-0.03077801875770092,-0.42327067255973816,0.9054142832756042,-0.0815097838640213,-0.1327124685049057,-0.28520387411117554,0.6912951469421387,-0.34933412075042725,0.2129448503255844,0.011175580322742462,-0.01091662235558033,0.26545950770378113,0.5944445729255676,-0.3924112319946289,0.2509433329105377,0.30464011430740356,-0.130549356341362,0.006497983820736408,-0.03141792118549347,0.3835296332836151,-0.26264679431915283,0.5039612054824829,-0.07277482748031616,-0.13637615740299225,0.415367990732193,-0.843459963798523,-0.38885754346847534,0.7948325872421265,0.20356304943561554,-0.112386055290699,-0.11660809814929962,-0.03552398830652237
0.10289499163627625,-0.5192990303039551,0.752625584602356,0.00799277052283287,-0.030370986089110374,-0.4563104510307312,0.8892662525177002,-0.08780235052108765,-0.11756820976734161,-0.2664312422275543,0.7352514266967773,-0.3780290484428406,0.22000107169151306,-0.01460754033178091,-0.0031931395642459393,0.24348077178001404,0.605053186416626,-0.383696973323822,0.23829177021980286,0.26719900965690613,-0.11674448102712631,0.02239501290023327,0.05590800195932388,0.3502437174320221,-0.27249908447265625,0.6838157176971436,-0.042345620691776276,-0.1259930580854416,0.3792753517627716,-0.9152419567108154,-0.30675914883613586,0.7404929399490356,0.08760149776935577,-0.06793046742677689,-0.13565203547477722,-0.11479232460260391
0.0998307466506958,-0.519001841545105,0.7515324354171753,0.00424257991835475,-0.027516856789588928,-0.4922638237476349,0.8700006604194641,-0.09187620878219604,-0.10365689545869827,-0.23531365394592285,0.7866096496582031,-0.4132905602455139,0.23059308528900146,-0.05734475329518318,0.008619739674031734,0.22211578488349915,0.6364907026290894,-0.38135433197021484,0.21386677026748657,0.20546402037143707,-0.1081472635269165,0.03559604287147522,0.12900176644325256,0.31450316309928894,-0.2907964587211609,0.8271566033363342,-0.009026782587170601,-0.11427365243434906,0.34105026721954346,-0.950456976890564,-0.32870927453041077,0.6471039056777954,-0.0477701872587204,-0.0245205108076334,-0.15828529000282288,-0.18940681219100952
0.09845422953367233,-0.5161855816841125,0.7499964237213135,-0.0006262602983042598,-0.02143212966620922,-0.5266324281692505,0.8498226404190063,-0.08906108886003494,-0.09178493171930313,-0.1923040747642517,0.8077331781387329,-0.4425438344478607,0.238248810172081,-0.1015138030052185,0.023333344608545303,0.20048457384109497,0.6589135527610779,-0.3760828375816345,0.18717120587825775,0.12372524291276932,-0.09760334342718124,0.053695544600486755,0.1861990988254547,0.286059707403183,-0.3217579424381256,0.9489589929580688,0.03859934210777283,-0.1018604040145874,0.3007006347179413,-0.9460592269897461,-0.4867115020751953,0.49788761138916016,-0.1465015709400177,0.008671501651406288,-0.17555484175682068,-0.2743638753890991
0.09861652553081512,-0.5121029615402222,0.7494449019432068,-0.006304676178842783,-0.013601994141936302,-0.5587745308876038,0.8291841149330139,-0.06800150871276855,-0.07813215255737305,-0.14633485674858093,0.786641538143158,-0.46087294816970825,0.24122139811515808,-0.13703112304210663,0.040035441517829895,0.17542633414268494,0.6642612814903259,-0.3594871759414673,0.16765066981315613,0.03411833569407463,-0.0876450389623642,0.06093110144138336,0.24615824222564697,0.27205008268356323,-0.3649066090583801,1.0229418277740479,0.09488797187805176,-0.09411488473415375,0.25102025270462036,-0.869985818862915,-0.7157730460166931,0.3079250454902649,-0.20934462547302246,0.03925330936908722,-0.190005362033844,-0.34367215633392334
0.09971914440393448,-0.5078284740447998,0.7494609355926514,-0.012361959554255009,-0.004277966916561127,-0.5886757373809814,0.8082634210586548,-0.04678243771195412,-0.06450743973255157,-0.10150270164012909,0.7453896999359131,-0.4705359935760498,0.24402019381523132,-0.16002456843852997,0.058648429811000824,0.13938210904598236,0.6556829214096069,-0.33810368180274963,0.14993207156658173,-0.03953048586845398,-0.08072921633720398,0.05733528360724449,0.3026996850967407,0.273197740316391,-0.41710561513900757,1.048743724822998,0.1511717140674591,-0.0947403684258461,0.18554966151714325,-0.7907912731170654,-0.907240092754364,0.14321085810661316,-0.27373868227005005,0.05040932819247246,-0.20114463567733765,-0.3841358721256256
0.10100463777780533,-0.5037265419960022,0.7493033409118652,-0.018296489492058754,0.005084776785224676,-0.6138706207275391,0.789178192615509,-0.031067481264472008,-0.05342227965593338,-0.060476724058389664,0.7053260803222656,-0.4746611714363098,0.2473546415567398,-0.17668417096138,0.07770384103059769,0.10041099786758423,0.6468050479888916,-0.3161781430244446,0.13760237395763397,-0.09031365066766739,-0.07640320807695389,0.049550801515579224,0.33488428592681885,0.2911466360092163,-0.47070860862731934,1.0409634113311768,0.1972256898880005,-0.09770061075687408,0.11693161725997925,-0.7209838032722473,-1.0323768854141235,0.012203037738800049,-0.3485215902328491,0.04660595953464508,-0.20853370428085327,-0.39939460158348083
0.1019238829612732,-0.5002351403236389,0.7483102083206177,-0.023772746324539185,0.01315862126648426,-0.634296178817749,0.7726125121116638,-0.02680748514831066,-0.045406997203826904,-0.03218769282102585,0.6851620078086853,-0.47840943932533264,0.24640753865242004,-0.18952247500419617,0.09553906321525574,0.06472243368625641,0.6453313827514648,-0.3008021414279938,0.12769292294979095,-0.11670471727848053,-0.073163703083992,0.04721444100141525,0.3509558439254761,0.31355416774749756,-0.5105376839637756,1.0290331840515137,0.23487187922000885,-0.09922701120376587,0.06324055045843124,-0.6669489145278931,-1.1055479049682617,-0.0819888561964035,-0.42156845331192017,0.03223065659403801,-0.2127131074666977,-0.40284913778305054
0.10199373960494995,-0.4974935054779053,0.7474145889282227,-0.02787364460527897,0.019973425194621086,-0.6500699520111084,0.7591002583503723,-0.03212708234786987,-0.03775566816329956,-0.01608787104487419,0.6794389486312866,-0.4792424142360687,0.23998376727104187,-0.19633442163467407,0.11177840828895569,0.03673664852976799,0.6437147855758667,-0.28938591480255127,0.11850500851869583,-0.12483332306146622,-0.06925889104604721,0.047459281980991364,0.3600282669067383,0.3314182758331299,-0.5281005501747131,1.021651268005371,0.26052314043045044,-0.09846629202365875,0.027814224362373352,-0.6221393346786499,-1.1413285732269287,-0.14817792177200317,-0.4890579283237457,0.017590269446372986,-0.21540462970733643,-0.3981761634349823
0.10104724764823914,-0.4953603148460388,0.746936023235321,-0.029936112463474274,0.025168176740407944,-0.662320613861084,0.7481990456581116,-0.044515855610370636,-0.029516972601413727,-0.011349964886903763,0.679774284362793,-0.4768412709236145,0.22957903146743774,-0.198675274848938,0.12570050358772278,0.01964946836233139,0.6412661075592041,-0.2811797261238098,0.11220143735408783,-0.12045541405677795,-0.06583493947982788,0.05058864504098892,0.3613036274909973,0.3455420136451721,-0.5374747514724731,1.0112425088882446,0.27709951996803284,-0.09661711752414703,0.0060995714738965034,-0.589081883430481,-1.1570615768432617,-0.1912437379360199,-0.5504699945449829,0.009242839179933071,-0.21565917134284973,-0.3857327699661255
0.09923827648162842,-0.4935833513736725,0.746036171913147,-0.03104262985289097,0.02834627591073513,-0.6717488765716553,0.7395852208137512,-0.062272798269987106,-0.020620539784431458,-0.015080532990396023,0.6924867630004883,-0.4762641191482544,0.2175024151802063,-0.20128870010375977,0.13760174810886383,0.013304885476827621,0.6447139978408813,-0.2797372341156006,0.10792258381843567,-0.11073067784309387,-0.06326461583375931,0.05746952444314957,0.3578743636608124,0.3531618118286133,-0.5399886965751648,1.007280945777893,0.2869613766670227,-0.08965671062469482,-0.0037631927989423275,-0.5641652941703796,-1.164001703262329,-0.21784758567810059,-0.6001229286193848,0.006082944106310606,-0.21186666190624237,-0.36662349104881287
0.09665153175592422,-0.4921529293060303,0.7457171678543091,-0.030652683228254318,0.03043530322611332,-0.6796819567680359,0.7322339415550232,-0.08181001245975494,-0.010585981421172619,-0.02194969728589058,0.7101983428001404,-0.47477757930755615,0.20549122989177704,-0.2035929560661316,0.14488908648490906,0.014268437400460243,0.6445457935333252,-0.2791889011859894,0.10455243289470673,-0.1004495918750763,-0.059507887810468674,0.06509457528591156,0.35401225090026855,0.35339391231536865,-0.5364548563957214,1.0124773979187012,0.2916797995567322,-0.07913346588611603,-0.005202636122703552,-0.5461353063583374,-1.1672837734222412,-0.23373520374298096,-0.6350477933883667,0.008292094804346561,-0.2055102288722992,-0.3479384183883667
0.09344016015529633,-0.49121159315109253,0.7453311681747437,-0.029708629474043846,0.03166835755109787,-0.6864721775054932,0.7258584499359131,-0.1036013811826706,0.0022578444331884384,-0.02925022318959236,0.7374379634857178,-0.47572973370552063,0.1932947188615799,-0.2059987485408783,0.14973188936710358,0.01957876607775688,0.6454229950904846,-0.28195783495903015,0.10027077049016953,-0.09040891379117966,-0.054387226700782776,0.07267220318317413,0.34995415806770325,0.34745675325393677,-0.5286597609519958,1.0268089771270752,0.2934999465942383,-0.06703858077526093,0.0010018483735620975,-0.5364556908607483,-1.172114610671997,-0.2420615255832672,-0.6531586647033691,0.007442914880812168,-0.19668346643447876,-0.33455878496170044
0.08981605619192123,-0.4907282590866089,0.745998740196228,-0.027213165536522865,0.032405417412519455,-0.6912365555763245,0.7213885188102722,-0.12080857157707214,0.015043354593217373,-0.03840072453022003,0.7553623914718628,-0.47324591875076294,0.17950499057769775,-0.2066558301448822,0.15135407447814941,0.0321616604924202,0.638740062713623,-0.28200042247772217,0.09886249899864197,-0.08256527781486511,-0.04860590398311615,0.07653103768825531,0.348783016204834,0.33701077103614807,-0.5170091390609741,1.041578769683838,0.2917455732822418,-0.05550706386566162,0.014228600077331066,-0.5313107967376709,-1.1919474601745605,-0.24660691618919373,-0.6476893424987793,0.003369782119989395,-0.18283432722091675,-0.3278622627258301
0.08615957200527191,-0.4903910160064697,0.7472174167633057,-0.023869097232818604,0.032831620424985886,-0.6941341757774353,0.7187003493309021,-0.13382157683372498,0.028010357171297073,-0.047800712287425995,0.7625113129615784,-0.4706745743751526,0.1655825972557068,-0.20617733895778656,0.15105955302715302,0.04845816269516945,0.627519965171814,-0.2808866500854492,0.09848792850971222,-0.07070494443178177,-0.045395419001579285,0.080174520611763,0.34937354922294617,0.33008873462677,-0.5075812935829163,1.0502839088439941,0.2888675928115845,-0.04670974984765053,0.03048727661371231,-0.5385925769805908,-1.237067699432373,-0.24139004945755005,-0.6191561818122864,-0.0002680534962564707,-0.16755124926567078,-0.32335996627807617
0.08267876505851746,-0.4899604320526123,0.7493769526481628,-0.019909897819161415,0.03253738582134247,-0.6955711841583252,0.7174438834190369,-0.1372976303100586,0.04052591323852539,-0.05658496543765068,0.7484471797943115,-0.46596619486808777,0.15042957663536072,-0.20325767993927002,0.14776435494422913,0.06879822909832001,0.6090949177742004,-0.2755834460258484,0.10033434629440308,-0.059156935662031174,-0.04510849714279175,0.08089257776737213,0.3469921350479126,0.32569998502731323,-0.4970126152038574,1.0549675226211548,0.2815444767475128,-0.03881997615098953,0.04807709529995918,-0.564534068107605,-1.3061108589172363,-0.22666415572166443,-0.5619783401489258,0.0005893965717405081,-0.15441983938217163,-0.3220662474632263
0.07952262461185455,-0.48942816257476807,0.7524192929267883,-0.015550022944808006,0.03131534159183502,-0.6950555443763733,0.7181053757667542,-0.12986131012439728,0.0512099452316761,-0.058951281011104584,0.7126192450523376,-0.4591275453567505,0.1367153525352478,-0.19648969173431396,0.13990868628025055,0.09097924828529358,0.5829523205757141,-0.2665378451347351,0.10192757099866867,-0.044796962291002274,-0.04895738512277603,0.07552927732467651,0.351254940032959,0.3234388828277588,-0.4833904504776001,1.0627856254577637,0.27151602506637573,-0.03220800310373306,0.06528587639331818,-0.612862765789032,-1.3998379707336426,-0.19955649971961975,-0.4789382219314575,0.008148426190018654,-0.14229074120521545,-0.3207118511199951
0.07701466977596283,-0.48869556188583374,0.7551178932189941,-0.011891689151525497,0.029090434312820435,-0.6927435398101807,0.7204989194869995,-0.11811108887195587,0.05756877735257149,-0.058937884867191315,0.6695784330368042,-0.4529742896556854,0.12595249712467194,-0.1872047781944275,0.12808403372764587,0.11578993499279022,0.5570194721221924,-0.2611091732978821,0.10333910584449768,-0.021657614037394524,-0.05827227979898453,0.06515513360500336,0.34765908122062683,0.3285708427429199,-0.4714725911617279,1.068393349647522,0.2569759786128998,-0.027181772515177727,0.08012129366397858,-0.6847325563430786,-1.5007370710372925,-0.15483704209327698,-0.39024031162261963,0.023599773645401,-0.13484300673007965,-0.31097835302352905
0.0753343403339386,-0.4877299964427948,0.7583242058753967,-0.007868407294154167,0.026114527136087418,-0.6884258985519409,0.7247936725616455,-0.09905644506216049,0.05680737644433975,-0.05782104656100273,0.6098228096961975,-0.4378483295440674,0.11808060854673386,-0.1731157898902893,0.10944197326898575,0.1428854912519455,0.5244687795639038,-0.25381335616111755,0.104307159781456,0.006218285299837589,-0.07504960149526596,0.05150027573108673,0.33928292989730835,0.33686766028404236,-0.4541228413581848,1.0775859355926514,0.23328453302383423,-0.023655585944652557,0.0925845354795456,-0.7719219923019409,-1.59055757522583,-0.09846016764640808,-0.30244672298431396,0.04851976037025452,-0.13116079568862915,-0.2929965853691101
0.07446403801441193,-0.4868291914463043,0.7602345943450928,-0.004523637238889933,0.022698557004332542,-0.6827936172485352,0.7302446365356445,-0.0804041251540184,0.051356807351112366,-0.05529920011758804,0.5552147626876831,-0.4262838363647461,0.1125701367855072,-0.16162143647670746,0.08740926533937454,0.166716530919075,0.5034071803092957,-0.25377145409584045,0.10550393909215927,0.03518107160925865,-0.09369120001792908,0.038294848054647446,0.33474040031433105,0.347304105758667,-0.43077707290649414,1.090368390083313,0.20890122652053833,-0.02304437756538391,0.10162855684757233,-0.8506444692611694,-1.66447114944458,-0.045451290905475616,-0.24544306099414825,0.06940142810344696,-0.13298729062080383,-0.2686472535133362
0.07428139448165894,-0.4861034154891968,0.7615909576416016,-0.0019308511400595307,0.01931430771946907,-0.6766977310180664,0.7360050678253174,-0.06234735995531082,0.04364379867911339,-0.05108922719955444,0.5057366490364075,-0.4142366647720337,0.1097937822341919,-0.14998432993888855,0.06425060331821442,0.18492597341537476,0.48719358444213867,-0.25460803508758545,0.10396475344896317,0.0580475777387619,-0.11472735553979874,0.023483773693442345,0.3231513798236847,0.3604843020439148,-0.40561315417289734,1.1052241325378418,0.182204008102417,-0.02421002835035324,0.1093243956565857,-0.9205265045166016,-1.7150468826293945,0.0017158035188913345,-0.2165316492319107,0.08550916612148285,-0.13834913074970245,-0.24444587528705597
0.0746832937002182,-0.48565059900283813,0.7620642185211182,-4.881726636085659e-05,0.015686940401792526,-0.6701880097389221,0.7420255541801453,-0.047073423862457275,0.034127939492464066,-0.04433978721499443,0.467933714389801,-0.40557676553726196,0.11132534593343735,-0.1404111236333847,0.041376300156116486,0.19713559746742249,0.4821038544178009,-0.2591528296470642,0.10215622186660767,0.07188950479030609,-0.13339707255363464,0.008720941841602325,0.2994047999382019,0.37598717212677,-0.3840447664260864,1.1157749891281128,0.15485206246376038,-0.02764982357621193,0.11790484189987183,-0.9845999479293823,-1.7446215152740479,0.04815789312124252,-0.21501973271369934,0.09173072874546051,-0.14638397097587585,-0.22295287251472473
0.07575862109661102,-0.48540133237838745,0.7615941762924194,0.0008948995382525027,0.011494303122162819,-0.6623775959014893,0.7490814328193665,-0.035505589097738266,0.024294840171933174,-0.03413700312376022,0.4447630047798157,-0.40214407444000244,0.11613624542951584,-0.13445869088172913,0.01908300258219242,0.20463493466377258,0.49049806594848633,-0.26725685596466064,0.10083356499671936,0.07145510613918304,-0.14613878726959229,-0.006118821911513805,0.27011364698410034,0.3869085907936096,-0.36341485381126404,1.1275172233581543,0.12928825616836548,-0.031651780009269714,0.12990227341651917,-1.0458409786224365,-1.757454514503479,0.1006607860326767,-0.22141322493553162,0.08670558780431747,-0.15284377336502075,-0.20799364149570465
0.07767749577760696,-0.48538029193878174,0.7604202032089233,0.0007645405130460858,0.007123298943042755,-0.6534053683280945,0.7569743394851685,-0.024999797344207764,0.015599003992974758,-0.02073240652680397,0.4287722706794739,-0.4011903405189514,0.12067383527755737,-0.12978246808052063,-0.003177998587489128,0.20858286321163177,0.5034893155097961,-0.2766672372817993,0.10175615549087524,0.05454278737306595,-0.14975500106811523,-0.021956374868750572,0.2379458248615265,0.39100515842437744,-0.34411197900772095,1.1380887031555176,0.1042337417602539,-0.03670371323823929,0.1444682478904724,-1.1103265285491943,-1.7583489418029785,0.16024789214134216,-0.22983884811401367,0.07381720095872879,-0.15717549622058868,-0.2024785280227661
0.08045756071805954,-0.485481858253479,0.7587406635284424,-0.00016226513253059238,0.002814010949805379,-0.6441580057144165,0.764887273311615,-0.014660732820630074,0.007954384200274944,-0.0029844511300325394,0.4182303249835968,-0.402518630027771,0.12717434763908386,-0.1279563009738922,-0.026021059602499008,0.2119019627571106,0.5186848044395447,-0.2843416631221771,0.10661517083644867,0.02063100039958954,-0.1430622637271881,-0.035610564053058624,0.2055056095123291,0.3874736726284027,-0.32703733444213867,1.1492664813995361,0.08225402235984802,-0.04188155382871628,0.15919578075408936,-1.1811453104019165,-1.7457292079925537,0.2302340567111969,-0.2385307103395462,0.056703828275203705,-0.15992246568202972,-0.20530281960964203
0.0840151458978653,-0.4854040741920471,0.7567520141601562,-0.0016609197482466698,-0.0006950302049517632,-0.6366275548934937,0.7711693644523621,-0.005050052423030138,0.0017710176762193441,0.017578614875674248,0.41096872091293335,-0.40590864419937134,0.13433189690113068,-0.1305900514125824,-0.04858102649450302,0.21705789864063263,0.5318098664283752,-0.28735750913619995,0.11543580144643784,-0.029927518218755722,-0.1240491271018982,-0.043442659080028534,0.18170273303985596,0.3702034056186676,-0.31069737672805786,1.168743371963501,0.06639793515205383,-0.04647514224052429,0.17183499038219452,-1.2592222690582275,-1.7170536518096924,0.31098341941833496,-0.24813222885131836,0.03867335617542267,-0.16250313818454742,-0.21805937588214874
0.08787386119365692,-0.4848592281341553,0.7546325325965881,-0.0044285934418439865,-0.0013128751888871193,-0.6318932771682739,0.7750416994094849,-0.0004177528899163008,0.0030491079669445753,0.03861791267991066,0.4083155393600464,-0.4119991064071655,0.13956277072429657,-0.13874451816082,-0.06456229835748672,0.22041988372802734,0.5387480854988098,-0.2829148769378662,0.11989657580852509,-0.10094109922647476,-0.08773597329854965,-0.04308333247900009,0.15491053462028503,0.3319877088069916,-0.2908618748188019,1.1923365592956543,0.05114970728754997,-0.05364800989627838,0.184743732213974,-1.382187008857727,-1.6563491821289062,0.4372671842575073,-0.25527989864349365,0.021500911563634872,-0.1635051816701889,-0.24860185384750366
0.09153440594673157,-0.4841417074203491,0.752590000629425,-0.007336133159697056,6.536057480843738e-05,-0.6310118436813354,0.7757384777069092,0.0017222454771399498,0.010432202368974686,0.06586334109306335,0.4054505228996277,-0.4171767830848694,0.1437191516160965,-0.15080514550209045,-0.0759260505437851,0.2168002426624298,0.5414843559265137,-0.2758360505104065,0.11844651401042938,-0.17279699444770813,-0.046409107744693756,-0.03265852853655815,0.11552931368350983,0.2777012884616852,-0.2843617796897888,1.2166210412979126,0.032218437641859055,-0.05780123174190521,0.1977517455816269,-1.425463318824768,-1.5554285049438477,0.4847675561904907,-0.2745058536529541,0.008002474904060364,-0.16532114148139954,-0.290638267993927
0.09444701671600342,-0.4834519028663635,0.7520010471343994,-0.00822219904512167,0.0019772176165133715,-0.6351662278175354,0.7723292112350464,-0.005394897423684597,0.019375111907720566,0.09974586963653564,0.41710716485977173,-0.4257762134075165,0.15269988775253296,-0.17216697335243225,-0.08746747672557831,0.19805291295051575,0.5689166784286499,-0.27960342168807983,0.11086249351501465,-0.23784755170345306,-0.024090761318802834,-0.020385921001434326,0.059289462864398956,0.2349294275045395,-0.28167128562927246,1.2533950805664062,0.010980715975165367,-0.05526705086231232,0.20834439992904663,-1.3213202953338623,-1.369844913482666,0.4091598391532898,-0.33638787269592285,-0.0169498473405838,-0.16263440251350403,-0.3151776194572449
0.09694123268127441,-0.48253515362739563,0.7508252859115601,-0.007198890205472708,0.003393433289602399,-0.6472872495651245,0.7622045874595642,-0.016968924552202225,0.02789696678519249,0.13944101333618164,0.43448883295059204,-0.4353736639022827,0.16115224361419678,-0.1965944766998291,-0.10226026922464371,0.1635563224554062,0.6202031373977661,-0.29549574851989746,0.09915919601917267,-0.2883894443511963,-0.013721337541937828,-0.011654659174382687,-0.006686083972454071,0.19898533821105957,-0.28312110900878906,1.2718747854232788,-0.01562579721212387,-0.04837579280138016,0.22541022300720215,-1.1324455738067627,-1.1435474157333374,0.2945120334625244,-0.3956507444381714,-0.03413651883602142,-0.15476317703723907,-0.3292960524559021
0.09911029785871506,-0.4810502827167511,0.7498409748077393,-0.005983337759971619,0.0048863268457353115,-0.6681787967681885,0.7439606189727783,-0.027696263045072556,0.0372065044939518,0.17870250344276428,0.447627991437912,-0.4434700310230255,0.16922606527805328,-0.21612465381622314,-0.11398062109947205,0.11240027844905853,0.6744825839996338,-0.3136555254459381,0.0794297531247139,-0.3128344416618347,-0.007519122213125229,-0.014537270180881023,-0.09775970876216888,0.18506941199302673,-0.2832995057106018,1.2390040159225464,-0.045056186616420746,-0.04258698225021362,0.2635648250579834,-0.8939917683601379,-0.9158915877342224,0.20149463415145874,-0.41204291582107544,-0.04218251258134842,-0.1415853202342987,-0.33146968483924866
0.10080155730247498,-0.479384183883667,0.7491441369056702,-0.005906624253839254,0.0066894656047225,-0.6950146555900574,0.7189401388168335,-0.03708652779459953,0.04938201978802681,0.20993909239768982,0.45924556255340576,-0.45170098543167114,0.17288783192634583,-0.22759392857551575,-0.11711888015270233,0.05193176493048668,0.7203048467636108,-0.330274760723114,0.053289297968149185,-0.3041897714138031,-0.00743409339338541,-0.024453897029161453,-0.20672717690467834,0.1680423766374588,-0.322278767824173,1.13669753074646,-0.05217219889163971,-0.040213268250226974,0.305446982383728,-0.6567088961601257,-0.7331002950668335,0.18910342454910278,-0.3471425175666809,-0.047573819756507874,-0.12191090732812881,-0.3034053444862366
0.10159381479024887,-0.4780154526233673,0.7493621110916138,-0.009266812354326248,0.010185707360506058,-0.7231854796409607,0.6905165314674377,-0.03831808269023895,0.06825773417949677,0.227687805891037,0.4702540636062622,-0.4589498043060303,0.16913095116615295,-0.22350358963012695,-0.10115853697061539,-0.003136567771434784,0.7333203554153442,-0.33300501108169556,0.02942783012986183,-0.27122849225997925,-0.012144695967435837,-0.03638731315732002,-0.3224829435348511,0.15808606147766113,-0.3903796970844269,0.9318751096725464,-0.031497690826654434,-0.04594907909631729,0.33794519305229187,-0.4241337776184082,-0.6043431758880615,0.2182978391647339,-0.21528659760951996,-0.05562601983547211,-0.10215339064598083,-0.2575376033782959
0.1010623648762703,-0.47721973061561584,0.7504442930221558,-0.01389758475124836,0.013357723131775856,-0.7496228218078613,0.6615844964981079,-0.04259282350540161,0.08658033609390259,0.22642913460731506,0.4886074662208557,-0.45722198486328125,0.16026462614536285,-0.20659124851226807,-0.07266782969236374,-0.03946491330862045,0.7210040092468262,-0.33077406883239746,0.017511935904622078,-0.2378157526254654,-0.02472776733338833,-0.03487838804721832,-0.4579991102218628,0.18613606691360474,-0.41474878787994385,0.6743801832199097,-0.013473289087414742,-0.05773539841175079,0.3931678533554077,-0.21939463913440704,-0.5177059173583984,0.22291158139705658,-0.12756431102752686,-0.04965333268046379,-0.09366220235824585,-0.235815167427063
0.09914885461330414,-0.47712892293930054,0.7521743774414062,-0.019692903384566307,0.016172349452972412,-0.7727979421615601,0.6341403126716614,-0.04931241273880005,0.10170580446720123,0.21031025052070618,0.5104076862335205,-0.4480661451816559,0.15010268986225128,-0.17770372331142426,-0.036127302795648575,-0.05814897641539574,0.6865108013153076,-0.32405656576156616,0.018021628260612488,-0.19676926732063293,-0.03956380859017372,-0.0315764918923378,-0.5731042623519897,0.18849900364875793,-0.423592209815979,0.4078061282634735,-2.0362436771392822e-05,-0.07224968075752258,0.44706854224205017,-0.07861478626728058,-0.445157527923584,0.23557829856872559,-0.05196031928062439,-0.0423969030380249,-0.087791308760643,-0.22867879271507263
0.09649660438299179,-0.4773550033569336,0.7542986869812012,-0.025729186832904816,0.01801322214305401,-0.7924506068229675,0.6091268658638,-0.05152404308319092,0.11189672350883484,0.18625891208648682,0.5228292346000671,-0.43444371223449707,0.14217203855514526,-0.1387486755847931,0.0005195923149585724,-0.06168051436543465,0.6288051605224609,-0.3095546364784241,0.03110259212553501,-0.16675424575805664,-0.0474739708006382,-0.032561756670475006,-0.6461489200592041,0.18399456143379211,-0.44100332260131836,0.1795017123222351,0.008405030705034733,-0.08607588708400726,0.4776761829853058,0.021491404622793198,-0.39379000663757324,0.2455570548772812,2.092123031616211e-05,-0.029518207535147667,-0.08770715445280075,-0.225885272026062
0.09373790770769119,-0.4775269627571106,0.7561015486717224,-0.031080277636647224,0.017970170825719833,-0.8091935515403748,0.5864442586898804,-0.05109917372465134,0.11797362565994263,0.15898141264915466,0.5285597443580627,-0.42045164108276367,0.13529717922210693,-0.10233856737613678,0.03131844475865364,-0.05471377819776535,0.5757929086685181,-0.2953355312347412,0.04516689479351044,-0.14572209119796753,-0.053371600806713104,-0.03470858186483383,-0.6803663969039917,0.17963258922100067,-0.4508240222930908,0.024751439690589905,0.012107999995350838,-0.09530230611562729,0.49942225217819214,0.09117929637432098,-0.352825403213501,0.24668052792549133,0.030770890414714813,-0.01351513434201479,-0.09072542935609818,-0.2309405356645584
0.09128575026988983,-0.4775317907333374,0.7575646638870239,-0.035179439932107925,0.01604149118065834,-0.8223974704742432,0.5675979852676392,-0.043805044144392014,0.11977635324001312,0.13509589433670044,0.5204256176948547,-0.407772034406662,0.13093301653862,-0.07336235046386719,0.053345754742622375,-0.04429022967815399,0.5370914340019226,-0.2850310206413269,0.05744520574808121,-0.13013365864753723,-0.0584111213684082,-0.04030440002679825,-0.684148907661438,0.16918441653251648,-0.4652005434036255,-0.06731297075748444,0.009679360315203667,-0.101218581199646,0.5072501301765442,0.13334475457668304,-0.32317811250686646,0.25153180956840515,0.037519946694374084,0.0032233651727437973,-0.09576272964477539,-0.23505577445030212
0.08938157558441162,-0.4773979187011719,0.7587792873382568,-0.038098473101854324,0.01319158636033535,-0.8312779068946838,0.5543929934501648,-0.0296732597053051,0.11763018369674683,0.11738938093185425,0.5004386305809021,-0.3970268666744232,0.13186699151992798,-0.04926348850131035,0.06744340807199478,-0.034937698394060135,0.5049018859863281,-0.2767098844051361,0.06862323731184006,-0.1211344301700592,-0.06231590360403061,-0.0470103994011879,-0.6809060573577881,0.15840193629264832,-0.487065851688385,-0.11495935916900635,0.0038248575292527676,-0.10486217588186264,0.5040132999420166,0.1449260413646698,-0.3042551875114441,0.26653406023979187,0.008603891357779503,0.020363042131066322,-0.10430930554866791,-0.23617178201675415
0.08808457851409912,-0.4771193563938141,0.7595480680465698,-0.04082540050148964,0.010695003904402256,-0.8365404009819031,0.5462774038314819,-0.019142555072903633,0.11699244379997253,0.10348916798830032,0.4870312213897705,-0.3890067934989929,0.13376766443252563,-0.029941964894533157,0.0779048502445221,-0.028693612664937973,0.47992318868637085,-0.2704976797103882,0.07462836802005768,-0.11428917944431305,-0.06256052106618881,-0.04878000169992447,-0.686464250087738,0.1500975787639618,-0.5032399892807007,-0.1310674399137497,-0.0030379719100892544,-0.10622051358222961,0.5039533376693726,0.12606438994407654,-0.28697502613067627,0.28689584136009216,-0.027975432574748993,0.03391636162996292,-0.10965710878372192,-0.2441805899143219
0.08730896562337875,-0.4767330288887024,0.7598974704742432,-0.04347363859415054,0.008678310550749302,-0.8380430340766907,0.5438002943992615,-0.011022726073861122,0.11776571720838547,0.09451861679553986,0.4813149571418762,-0.3845522999763489,0.13758428394794464,-0.012896853499114513,0.08549733459949493,-0.023089829832315445,0.45700693130493164,-0.26531466841697693,0.07996933162212372,-0.11408338695764542,-0.058824241161346436,-0.04973948001861572,-0.6920462250709534,0.13886137306690216,-0.5113999247550964,-0.13354195654392242,-0.014237038791179657,-0.107492595911026,0.5074660181999207,0.09773661196231842,-0.2711871266365051,0.2913646101951599,-0.07662924379110336,0.04959900677204132,-0.11624203622341156,-0.2598945200443268
0.08690400421619415,-0.4763961732387543,0.7590929269790649,-0.04640970006585121,0.007859203964471817,-0.8362680077552795,0.5462968349456787,-0.012578051537275314,0.121440589427948,0.0861874595284462,0.49697262048721313,-0.3899461030960083,0.14291535317897797,-0.0035248538479208946,0.09401168674230576,-0.017832724377512932,0.44645971059799194,-0.26627078652381897,0.08073218911886215,-0.12096993625164032,-0.05138370022177696,-0.042011041194200516,-0.7059783935546875,0.11733698844909668,-0.521902859210968,-0.12044728547334671,-0.027275457978248596,-0.10640016198158264,0.5151933431625366,0.053817540407180786,-0.2532953917980194,0.2879815101623535,-0.12517927587032318,0.0612863227725029,-0.12031808495521545,-0.28767213225364685
0.08688698709011078,-0.4761616587638855,0.7571976184844971,-0.04750295355916023,0.008016500622034073,-0.8315035700798035,0.5534266829490662,-0.02979855239391327,0.12379294633865356,0.07716891914606094,0.536043643951416,-0.39987343549728394,0.1513642519712448,-0.006707707419991493,0.10136264562606812,-0.007961840368807316,0.4520757794380188,-0.27194100618362427,0.07862657308578491,-0.13525140285491943,-0.039053793996572495,-0.026172343641519547,-0.7244055271148682,0.09818895161151886,-0.5165227651596069,-0.06508105993270874,-0.046148620545864105,-0.1025482788681984,0.5385498404502869,-0.02428567036986351,-0.2325899302959442,0.25969821214675903,-0.18810689449310303,0.06522388756275177,-0.12322010099887848,-0.34003835916519165
0.08738569170236588,-0.4762231111526489,0.7543157935142517,-0.0478944405913353,0.007731155026704073,-0.8281694054603577,0.5583742260932922,-0.05769893527030945,0.12252865731716156,0.06942657381296158,0.5971952080726624,-0.4183942675590515,0.16641482710838318,-0.022041603922843933,0.10670256614685059,0.007397111039608717,0.4814295470714569,-0.2869812548160553,0.07711926102638245,-0.1454700529575348,-0.02541239559650421,-0.004466403275728226,-0.7468805909156799,0.0688612088561058,-0.5119728446006775,-0.016178356483578682,-0.06028521806001663,-0.09887261688709259,0.5703333616256714,-0.11627838760614395,-0.2063569873571396,0.24461781978607178,-0.24152803421020508,0.05599066615104675,-0.12102866172790527,-0.39502590894699097
0.08869630098342896,-0.47649890184402466,0.7505594491958618,-0.046691153198480606,0.007581853773444891,-0.8290671706199646,0.5571445822715759,-0.09946303069591522,0.11575430631637573,0.05825505033135414,0.6810524463653564,-0.44633764028549194,0.18435093760490417,-0.05266891419887543,0.1098281592130661,0.02870669774711132,0.5357602834701538,-0.31271374225616455,0.07520744949579239,-0.15169657766819,-0.01581060141324997,0.025622813031077385,-0.7911014556884766,0.04855090379714966,-0.5187196731567383,0.027301069349050522,-0.05964849516749382,-0.09109875559806824,0.6016625761985779,-0.21950078010559082,-0.19275477528572083,0.24804523587226868,-0.2748141288757324,0.036055292934179306,-0.11274892091751099,-0.4451800286769867
0.09107433259487152,-0.47680193185806274,0.7449545860290527,-0.04235999286174774,0.0075552091002464294,-0.8360214829444885,0.5470069646835327,-0.1552673578262329,0.10080087929964066,0.04436374828219414,0.7735265493392944,-0.478903591632843,0.2041863650083542,-0.10488782078027725,0.10866624861955643,0.05546094849705696,0.6173889636993408,-0.3460499048233032,0.07458394020795822,-0.15374904870986938,-0.012977506034076214,0.06345786154270172,-0.8537123203277588,0.03478379547595978,-0.5238384008407593,0.06586571782827377,-0.04642729461193085,-0.0796540379524231,0.636690616607666,-0.3369646668434143,-0.18719258904457092,0.26435425877571106,-0.2868924140930176,0.006773984059691429,-0.1001407727599144,-0.49168410897254944
0.09423194080591202,-0.47708597779273987,0.7377654314041138,-0.03858698159456253,0.0076406956650316715,-0.8469710350036621,0.5301817059516907,-0.2097187340259552,0.08301198482513428,0.02911010943353176,0.8575190305709839,-0.5145435333251953,0.2241334617137909,-0.16151422262191772,0.10653874278068542,0.08080088347196579,0.7047058343887329,-0.3798508644104004,0.07445631921291351,-0.15095701813697815,-0.013421682640910149,0.09981293976306915,-0.9119917750358582,0.026991456747055054,-0.525333821773529,0.08133192360401154,-0.021802054718136787,-0.06877323240041733,0.6722002625465393,-0.44289320707321167,-0.18379876017570496,0.28528207540512085,-0.2964639663696289,-0.026071220636367798,-0.0889120101928711,-0.5299755930900574
0.09748013317584991,-0.47695887088775635,0.7296040654182434,-0.035315193235874176,0.009127556346356869,-0.8595858216285706,0.5096878409385681,-0.26176291704177856,0.06836718320846558,0.012086249887943268,0.9306774139404297,-0.5479772090911865,0.23731672763824463,-0.2186754047870636,0.10789790749549866,0.10435816645622253,0.786217451095581,-0.4097396731376648,0.07046378403902054,-0.14570778608322144,-0.01428915560245514,0.13164836168289185,-0.969495415687561,0.02876858413219452,-0.5224522948265076,0.09038235992193222,0.005477988161146641,-0.0565388984978199,0.7070773839950562,-0.5385830402374268,-0.18573465943336487,0.3036750257015228,-0.30846112966537476,-0.057682689279317856,-0.08047381043434143,-0.5620792508125305
0.10040991008281708,-0.47641950845718384,0.7214099168777466,-0.032270606607198715,0.012180494144558907,-0.8703930377960205,0.4911477863788605,-0.3084501624107361,0.05832730978727341,-0.003729775547981262,0.9889788627624512,-0.5784600973129272,0.24588586390018463,-0.27271026372909546,0.11353602260351181,0.12173281610012054,0.8554290533065796,-0.4331313967704773,0.06424169987440109,-0.13870351016521454,-0.01477136556059122,0.15689952671527863,-1.0270204544067383,0.03544868528842926,-0.5219799876213074,0.09811761230230331,0.03211752697825432,-0.04376745969057083,0.7344228029251099,-0.6252889633178711,-0.19305600225925446,0.3163025975227356,-0.32334184646606445,-0.08770772814750671,-0.07310019433498383,-0.5891813635826111
0.10296878218650818,-0.47573035955429077,0.7140144109725952,-0.02907906472682953,0.015483503229916096,-0.8786975145339966,0.476240873336792,-0.3481411933898926,0.048530951142311096,-0.017159901559352875,1.0314409732818604,-0.6034994721412659,0.25145578384399414,-0.3200373649597168,0.11990956962108612,0.1337781846523285,0.9097737073898315,-0.4521016478538513,0.055128540843725204,-0.1293935328722,-0.015595091506838799,0.17360568046569824,-1.0801421403884888,0.040926218032836914,-0.5228517055511475,0.11538878083229065,0.0520203672349453,-0.030822813510894775,0.7555627822875977,-0.7041293382644653,-0.20339271426200867,0.32617437839508057,-0.3351535201072693,-0.11431238800287247,-0.06569141149520874,-0.6095699071884155
0.10498130321502686,-0.47494056820869446,0.7083667516708374,-0.024869225919246674,0.018484588712453842,-0.8845784664154053,0.4653608798980713,-0.3800395131111145,0.037601277232170105,-0.027453362941741943,1.0561497211456299,-0.6204334497451782,0.25507622957229614,-0.360387921333313,0.12433397769927979,0.1419859230518341,0.9482739567756653,-0.46480637788772583,0.046216413378715515,-0.11860036849975586,-0.0176670141518116,0.18505892157554626,-1.1341148614883423,0.04298055171966553,-0.5259032845497131,0.13238351047039032,0.06968327611684799,-0.020866507664322853,0.7701976299285889,-0.7829421162605286,-0.2178814560174942,0.3372507691383362,-0.33818936347961426,-0.13900154829025269,-0.057662468403577805,-0.6233765482902527
0.10652043670415878,-0.474129855632782,0.7036044001579285,-0.020974870771169662,0.020933108404278755,-0.8886645436286926,0.4575995206832886,-0.40609556436538696,0.025903567671775818,-0.035910714417696,1.0727415084838867,-0.6337502598762512,0.2574295401573181,-0.3948432207107544,0.1285741627216339,0.14974017441272736,0.9785017967224121,-0.4746086597442627,0.03671853989362717,-0.1113174706697464,-0.020738396793603897,0.19164082407951355,-1.187752366065979,0.047476626932621,-0.5315470099449158,0.1554909348487854,0.084554024040699,-0.010269368067383766,0.7773153185844421,-0.8577336072921753,-0.24418243765830994,0.34664368629455566,-0.33206984400749207,-0.1579200178384781,-0.04960203915834427,-0.6295936107635498
0.1077977865934372,-0.47334080934524536,0.7002777457237244,-0.017106130719184875,0.022547518834471703,-0.8914258480072021,0.4522819221019745,-0.4250624179840088,0.013216571882367134,-0.042206913232803345,1.0767508745193481,-0.6410714387893677,0.25895917415618896,-0.4229801893234253,0.13001666963100433,0.156026229262352,0.9983875751495361,-0.4802846908569336,0.0297347791492939,-0.10158488154411316,-0.02547357603907585,0.1955091804265976,-1.239665150642395,0.05503939092159271,-0.5382441282272339,0.17373879253864288,0.0978495180606842,-0.001494367141276598,0.7785148620605469,-0.932295560836792,-0.2748831510543823,0.35846686363220215,-0.3187295198440552,-0.17185628414154053,-0.041449107229709625,-0.6286078691482544
0.10884170234203339,-0.472526878118515,0.6982311010360718,-0.013721351511776447,0.02320411615073681,-0.8932977914810181,0.4486561417579651,-0.43848544359207153,0.0003125099465250969,-0.047118447721004486,1.0732064247131348,-0.6430358290672302,0.25995343923568726,-0.4441641569137573,0.12991279363632202,0.1623353511095047,1.0099841356277466,-0.4828563332557678,0.022594787180423737,-0.09578825533390045,-0.03306761011481285,0.19595734775066376,-1.2841928005218506,0.06182391569018364,-0.5394800305366516,0.19173811376094818,0.10552700608968735,0.00661618122830987,0.7790108919143677,-1.0038442611694336,-0.30696791410446167,0.36689239740371704,-0.30448052287101746,-0.18185289204120636,-0.03422987461090088,-0.624294102191925
0.10956282913684845,-0.47170764207839966,0.696385383605957,-0.010821553878486156,0.0234004445374012,-0.8942440748214722,0.4468365013599396,-0.4505079388618469,-0.01064655277878046,-0.050577398389577866,1.0720012187957764,-0.6443042159080505,0.2605997323989868,-0.46313339471817017,0.1312558650970459,0.17006972432136536,1.021267294883728,-0.48410937190055847,0.01483968086540699,-0.10126391053199768,-0.04076839238405228,0.1955808401107788,-1.328073501586914,0.0663614571094513,-0.5482430458068848,0.21957935392856598,0.10818567872047424,0.015367629006505013,0.7707806825637817,-1.06975257396698,-0.3510621190071106,0.3722478151321411,-0.28306978940963745,-0.18382471799850464,-0.026855165138840675,-0.6167598962783813
0.10988245904445648,-0.47080880403518677,0.6955580711364746,-0.008254614658653736,0.02365759015083313,-0.8942646384239197,0.44683656096458435,-0.45817238092422485,-0.017135635018348694,-0.05071957781910896,1.0666399002075195,-0.6440219283103943,0.26101982593536377,-0.4770810008049011,0.13224394619464874,0.17369191348552704,1.025962471961975,-0.48286521434783936,0.007961515337228775,-0.10672232508659363,-0.045671749860048294,0.19144444167613983,-1.3643760681152344,0.06707186251878738,-0.561061441898346,0.24864673614501953,0.10858704894781113,0.021836332976818085,0.756028413772583,-1.1378426551818848,-0.3978610634803772,0.3812747001647949,-0.2619026005268097,-0.18217018246650696,-0.020759135484695435,-0.6040576696395874
0.10988274216651917,-0.46987617015838623,0.6955816745758057,-0.006218706723302603,0.023873651400208473,-0.8930984735488892,0.44918426871299744,-0.4612528681755066,-0.020080771297216415,-0.04786795377731323,1.0577893257141113,-0.6427562236785889,0.26129287481307983,-0.48602259159088135,0.1339436024427414,0.1760159134864807,1.024890661239624,-0.48010656237602234,0.0016956788022071123,-0.11205534636974335,-0.04780878499150276,0.18449534475803375,-1.3926422595977783,0.06406360864639282,-0.5725359320640564,0.27615365386009216,0.10472650825977325,0.026247737929224968,0.7383508086204529,-1.201319932937622,-0.44514328241348267,0.3918566107749939,-0.23343902826309204,-0.17547650635242462,-0.014652076177299023,-0.5887837409973145
0.10976304113864899,-0.46904581785202026,0.6965444684028625,-0.00452974159270525,0.023661945015192032,-0.8914749622344971,0.4524290859699249,-0.4593304991722107,-0.020789533853530884,-0.04104100540280342,1.0430381298065186,-0.6399019360542297,0.26147037744522095,-0.4894345998764038,0.13261452317237854,0.17483530938625336,1.0173544883728027,-0.476908802986145,-0.0033881973940879107,-0.11319305002689362,-0.05039011687040329,0.17550671100616455,-1.4124813079833984,0.06174895912408829,-0.5815639495849609,0.29929959774017334,0.09847961366176605,0.02848142385482788,0.7202835083007812,-1.259028673171997,-0.4866490960121155,0.40688371658325195,-0.20150750875473022,-0.16549371182918549,-0.010094315744936466,-0.5713538527488708
0.10952402651309967,-0.46827876567840576,0.698226273059845,-0.003445380600169301,0.02298012003302574,-0.8899533748626709,0.4554591476917267,-0.4539106786251068,-0.020339688286185265,-0.0332588255405426,1.0253629684448242,-0.634366512298584,0.2615857422351837,-0.4881332516670227,0.13025692105293274,0.17469501495361328,1.0049798488616943,-0.4724072217941284,-0.006379981525242329,-0.11418658494949341,-0.05308695137500763,0.16527701914310455,-1.4236998558044434,0.0604347363114357,-0.5903143286705017,0.3172603249549866,0.09173562377691269,0.02830667793750763,0.7022919654846191,-1.3151333332061768,-0.5248484015464783,0.42418527603149414,-0.17305277287960052,-0.1569649577140808,-0.006672811694443226,-0.5543215274810791
0.10912308096885681,-0.46751299500465393,0.700298547744751,-0.0028754756785929203,0.022083664312958717,-0.8887617588043213,0.45782819390296936,-0.446491539478302,-0.01860365830361843,-0.025740835815668106,1.0074374675750732,-0.6283178329467773,0.26166072487831116,-0.4835473895072937,0.12791705131530762,0.17511112987995148,0.9900039434432983,-0.46711018681526184,-0.007211316376924515,-0.11243310570716858,-0.05530751496553421,0.15461236238479614,-1.429722547531128,0.05990641936659813,-0.6008607149124146,0.32748398184776306,0.08653924614191055,0.026129133999347687,0.6835094690322876,-1.3725324869155884,-0.5574353337287903,0.44551026821136475,-0.1477935016155243,-0.15157875418663025,-0.0035919544752687216,-0.5372923612594604
0.10859017074108124,-0.46673694252967834,0.7023741602897644,-0.002681340090930462,0.020967558026313782,-0.8877325654029846,0.45987409353256226,-0.43836140632629395,-0.016452070325613022,-0.018849661573767662,0.9913089275360107,-0.6231828331947327,0.26170945167541504,-0.47698572278022766,0.125716432929039,0.17587512731552124,0.9751311540603638,-0.46257296204566956,-0.007940398529171944,-0.10626915842294693,-0.05768437311053276,0.1438378244638443,-1.4303414821624756,0.05911802500486374,-0.6106061935424805,0.33498674631118774,0.0810161679983139,0.023451220244169235,0.6659232378005981,-1.432875633239746,-0.5817248225212097,0.47071510553359985,-0.11882296949625015,-0.1479877382516861,0.00014499807730317116,-0.5208901762962341
0.10798049718141556,-0.4660078287124634,0.7046240568161011,-0.002560210647061467,0.019624317064881325,-0.886587917804718,0.46213653683662415,-0.4289816617965698,-0.01522793434560299,-0.011888131499290466,0.9750441312789917,-0.6177178621292114,0.26174113154411316,-0.468217134475708,0.12224924564361572,0.1775488257408142,0.9593744277954102,-0.4585433602333069,-0.009008263237774372,-0.09851483255624771,-0.05912318080663681,0.13252173364162445,-1.4257572889328003,0.05776018649339676,-0.6189559102058411,0.344596803188324,0.07422246783971786,0.02008345164358616,0.6485186219215393,-1.4960579872131348,-0.6028722524642944,0.5008111000061035,-0.07980147749185562,-0.14181485772132874,0.0037761544808745384,-0.5026457905769348
0.1072101816534996,-0.4652775228023529,0.7068829536437988,-0.002788357902318239,0.018259748816490173,-0.8853851556777954,0.4644911289215088,-0.4186056852340698,-0.014460738748311996,-0.0056610191240906715,0.9599549174308777,-0.6131521463394165,0.26176172494888306,-0.4575690031051636,0.11870414018630981,0.18039348721504211,0.943813681602478,-0.4547286629676819,-0.010210315696895123,-0.09272193908691406,-0.05967617407441139,0.12038885056972504,-1.414841651916504,0.0574563592672348,-0.6259029507637024,0.3552728295326233,0.06835797429084778,0.01609206758439541,0.6305956840515137,-1.5586376190185547,-0.6281175017356873,0.5337047576904297,-0.03658236563205719,-0.13200992345809937,0.005873492918908596,-0.4824599623680115
0.10634797811508179,-0.4645753502845764,0.7089983224868774,-0.0033149418886750937,0.016872767359018326,-0.8842402696609497,0.4667157530784607,-0.40678083896636963,-0.014154519885778427,0.00021427543833851814,0.945045530796051,-0.6091752052307129,0.26177510619163513,-0.44564828276634216,0.11450545489788055,0.18284136056900024,0.9297522306442261,-0.4517490267753601,-0.011227604001760483,-0.08699274808168411,-0.060146648436784744,0.10759574919939041,-1.40036940574646,0.054357148706912994,-0.6314254403114319,0.362240195274353,0.062223248183727264,0.010907127521932125,0.614209771156311,-1.6158069372177124,-0.6507675051689148,0.5672577023506165,0.009445762261748314,-0.12023978680372238,0.006921696476638317,-0.4621295928955078
0.10538123548030853,-0.4639124870300293,0.7107908129692078,-0.003915413282811642,0.015422391705214977,-0.8829728364944458,0.4691545069217682,-0.39486148953437805,-0.01532838586717844,0.005160377826541662,0.9318535327911377,-0.6049394607543945,0.26178380846977234,-0.43371152877807617,0.10975310206413269,0.1850961446762085,0.9193049669265747,-0.4499514102935791,-0.012344439513981342,-0.07905324548482895,-0.05989842861890793,0.09505078196525574,-1.3848716020584106,0.04755186662077904,-0.63505619764328,0.3661884665489197,0.055255066603422165,0.005757366772741079,0.600221574306488,-1.6698713302612305,-0.6674759387969971,0.5998116135597229,0.060970488935709,-0.10710906982421875,0.008458944968879223,-0.44362762570381165
0.10431317985057831,-0.4633151888847351,0.7127454876899719,-0.004531000275164843,0.014152754098176956,-0.8812465667724609,0.4724231958389282,-0.3807370662689209,-0.017535623162984848,0.00884001050144434,0.9153355360031128,-0.5992723703384399,0.2604059875011444,-0.4198710024356842,0.1043693870306015,0.18764080107212067,0.9077355861663818,-0.44815653562545776,-0.01093715988099575,-0.07084193825721741,-0.05899234861135483,0.08241357654333115,-1.3700612783432007,0.04156070947647095,-0.6350210905075073,0.3561941087245941,0.049904197454452515,-0.0014805449172854424,0.5893399119377136,-1.7134335041046143,-0.6795140504837036,0.6255546808242798,0.10542849451303482,-0.09689708054065704,0.009075671434402466,-0.430469810962677
0.10307721793651581,-0.46279963850975037,0.7149631977081299,-0.0051141283474862576,0.013156765140593052,-0.878748893737793,0.4770756661891937,-0.36355265974998474,-0.020246434956789017,0.010955505073070526,0.8939468860626221,-0.5917179584503174,0.25682827830314636,-0.4041360020637512,0.09928068518638611,0.19086825847625732,0.8943440914154053,-0.44545185565948486,-0.009377911686897278,-0.06315231323242188,-0.05779999494552612,0.07048742473125458,-1.3584840297698975,0.035996515303850174,-0.6323549747467041,0.3473057150840759,0.042720597237348557,-0.00818470399826765,0.5805246233940125,-1.7494449615478516,-0.6880748271942139,0.6481541991233826,0.14844009280204773,-0.08935582637786865,0.010428186506032944,-0.4185928702354431
0.10170609503984451,-0.4623384475708008,0.716627836227417,-0.0059743961319327354,0.012257412075996399,-0.8753539323806763,0.4832904636859894,-0.3462432622909546,-0.02434767223894596,0.009191806428134441,0.8743255138397217,-0.5853455066680908,0.2528836131095886,-0.3896034359931946,0.0950208529829979,0.19361969828605652,0.8857996463775635,-0.4437325596809387,-0.004870446398854256,-0.05294257402420044,-0.05709265172481537,0.06181468069553375,-1.3477134704589844,0.03468148037791252,-0.6218785047531128,0.30982619524002075,0.04204815626144409,-0.01828373223543167,0.5780956745147705,-1.7639861106872559,-0.6884887218475342,0.6579400300979614,0.17461265623569489,-0.08827553689479828,0.010344833135604858,-0.4142872989177704
0.10018490999937057,-0.4619934856891632,0.7180298566818237,-0.0067598470486700535,0.01141201239079237,-0.8706474900245667,0.4917284846305847,-0.32849574089050293,-0.02842167764902115,0.007029879838228226,0.8549389839172363,-0.5803336501121521,0.2502085566520691,-0.3757302463054657,0.09076385200023651,0.1954657882452011,0.8791443705558777,-0.4429391026496887,0.0019785405602306128,-0.0416681244969368,-0.05772458016872406,0.05373573675751686,-1.3351824283599854,0.034447330981492996,-0.6072542667388916,0.25031036138534546,0.046528562903404236,-0.02904578670859337,0.5788669586181641,-1.764272928237915,-0.6813943386077881,0.6547826528549194,0.18457387387752533,-0.09355680644512177,0.009850745089352131,-0.41769567131996155
0.09851127862930298,-0.46183425188064575,0.7193461656570435,-0.007498288527131081,0.010240490548312664,-0.8646205067634583,0.5022650957107544,-0.3078871965408325,-0.033433206379413605,0.004410340450704098,0.8335151672363281,-0.5759742259979248,0.24650219082832336,-0.3606116771697998,0.08523330092430115,0.19678156077861786,0.8726598620414734,-0.4438053071498871,0.00918947346508503,-0.03044494241476059,-0.055674903094768524,0.04017961397767067,-1.313240885734558,0.044047072529792786,-0.5906959772109985,0.19202280044555664,0.052944786846637726,-0.03716852888464928,0.5766454339027405,-1.7529690265655518,-0.683626651763916,0.651250958442688,0.18759042024612427,-0.0997982993721962,0.008509409613907337,-0.41643765568733215
0.09658963978290558,-0.46195119619369507,0.7212905883789062,-0.0078086163848638535,0.00940370187163353,-0.8570924997329712,0.515017569065094,-0.2820473611354828,-0.03673755005002022,0.0025551149155944586,0.802648663520813,-0.5680643320083618,0.2411692589521408,-0.3436393737792969,0.07841286063194275,0.19562001526355743,0.8617823719978333,-0.44167810678482056,0.016170348972082138,-0.01933027245104313,-0.05635453015565872,0.022814709693193436,-1.298464059829712,0.06272181868553162,-0.5796133875846863,0.13234560191631317,0.060504160821437836,-0.04449302703142166,0.5686162710189819,-1.7372324466705322,-0.6994670629501343,0.6643105745315552,0.18575403094291687,-0.106355220079422,0.00549157802015543,-0.3988150656223297
0.09435379505157471,-0.4623252749443054,0.7253721952438354,-0.008029966615140438,0.008666899986565113,-0.8481706380844116,0.52959144115448,-0.24694271385669708,-0.03900774568319321,0.0007834903663024306,0.7557350397109985,-0.5540993213653564,0.23518270254135132,-0.3229518532752991,0.07021279633045197,0.19002702832221985,0.8440970182418823,-0.4358932375907898,0.021344728767871857,-0.006594941020011902,-0.059709616005420685,0.0006184978410601616,-1.2857979536056519,0.08563938736915588,-0.574724555015564,0.08724864572286606,0.06372441351413727,-0.05037771910429001,0.5545467734336853,-1.7266558408737183,-0.7127023339271545,0.6919857859611511,0.17659038305282593,-0.11471238732337952,-0.0012102876789867878,-0.36801260709762573
0.09182657301425934,-0.4627744257450104,0.7316281795501709,-0.008844914846122265,0.007779150269925594,-0.838137149810791,0.5453323721885681,-0.20157590508460999,-0.03988378494977951,-0.0028004352934658527,0.6930148601531982,-0.5327601432800293,0.22836318612098694,-0.2925686538219452,0.061799198389053345,0.18427658081054688,0.812012791633606,-0.4241940975189209,0.02802211046218872,-0.001340361312031746,-0.06198510527610779,-0.026639094576239586,-1.2701970338821411,0.13053451478481293,-0.5807934999465942,0.05459233745932579,0.06581014394760132,-0.0579320527613163,0.5272073149681091,-1.7251768112182617,-0.7455488443374634,0.7477980852127075,0.13909845054149628,-0.12229718267917633,-0.01590517908334732,-0.314615935087204
0.08901141583919525,-0.46306484937667847,0.7384097576141357,-0.009756783954799175,0.007407878991216421,-0.8271532654762268,0.5618427991867065,-0.15313531458377838,-0.03771789371967316,-0.006674105767160654,0.6224386096000671,-0.5041230916976929,0.2196548879146576,-0.25799641013145447,0.05516808107495308,0.17755994200706482,0.7711374759674072,-0.40553298592567444,0.03466426581144333,0.0004426544765010476,-0.06728698313236237,-0.05409148335456848,-1.2587556838989258,0.1887119859457016,-0.5888529419898987,0.028736315667629242,0.06440526247024536,-0.06544891744852066,0.4995444416999817,-1.7176246643066406,-0.7858574390411377,0.8158864974975586,0.08952348679304123,-0.12454438209533691,-0.0340055376291275,-0.2518237233161926
0.0859970822930336,-0.4630184769630432,0.7447892427444458,-0.010896725580096245,0.006885144859552383,-0.8148565292358398,0.5795193910598755,-0.10396980494260788,-0.03531713783740997,-0.008113567717373371,0.5516800880432129,-0.4705735146999359,0.21450352668762207,-0.22025331854820251,0.049270544201135635,0.16814537346363068,0.7265447974205017,-0.3821663558483124,0.041214533150196075,0.009593538008630276,-0.0746050775051117,-0.07838656008243561,-1.2349176406860352,0.24550531804561615,-0.6031005382537842,0.020305655896663666,0.05429878830909729,-0.07094541937112808,0.4697197675704956,-1.68923020362854,-0.8062676191329956,0.883743941783905,0.07875893265008926,-0.11965709924697876,-0.04720040410757065,-0.18177853524684906
0.08263268321752548,-0.4626254439353943,0.7499160766601562,-0.012035026215016842,0.006444457918405533,-0.800567626953125,0.5990869402885437,-0.05870429798960686,-0.03364698216319084,-0.014136702753603458,0.4865168333053589,-0.439577579498291,0.21387426555156708,-0.18041019141674042,0.04484657943248749,0.1591157615184784,0.677863359451294,-0.3588669002056122,0.054348982870578766,0.022065479308366776,-0.08328782767057419,-0.10037189722061157,-1.1988528966903687,0.31264862418174744,-0.6393705010414124,-0.043311528861522675,0.048664163798093796,-0.08765886723995209,0.42136332392692566,-1.6780331134796143,-0.8385945558547974,0.967993974685669,-0.001119077205657959,-0.10982349514961243,-0.07241569459438324,-0.11445226520299911
0.07897303998470306,-0.46187108755111694,0.7540513277053833,-0.012831704691052437,0.007273255847394466,-0.7833914160728455,0.6213536858558655,-0.02206990495324135,-0.02964051067829132,-0.025000091642141342,0.426750510931015,-0.41254425048828125,0.21767187118530273,-0.14086975157260895,0.04438617825508118,0.1523537039756775,0.621136486530304,-0.3340831995010376,0.07525449991226196,0.03168478608131409,-0.08860968053340912,-0.11198978126049042,-1.1730847358703613,0.401156485080719,-0.7147529125213623,-0.14873355627059937,0.043459028005599976,-0.11361046880483627,0.3478018045425415,-1.6868627071380615,-0.8924974203109741,1.0731751918792725,-0.12913374602794647,-0.09412147849798203,-0.10296572744846344,-0.05031326040625572
0.07530446350574493,-0.460947185754776,0.7570942640304565,-0.013765770010650158,0.008430259302258492,-0.7629466652870178,0.6462598443031311,0.0028413105756044388,-0.024750523269176483,-0.03942228481173515,0.38297122716903687,-0.39073121547698975,0.22339972853660583,-0.10625046491622925,0.04719134047627449,0.14696171879768372,0.5682557821273804,-0.3107260763645172,0.09996642172336578,0.04828348755836487,-0.0923025906085968,-0.11800119280815125,-1.1453182697296143,0.49189719557762146,-0.7947574853897095,-0.2662447690963745,0.029521938413381577,-0.140823096036911,0.2759038209915161,-1.6785662174224854,-0.938719630241394,1.1632461547851562,-0.24718740582466125,-0.07558305561542511,-0.12955209612846375,0.001780882477760315
0.07206692546606064,-0.46004003286361694,0.7593467235565186,-0.014700355008244514,0.009018275886774063,-0.7388259768486023,0.6736755967140198,0.017133451998233795,-0.020785823464393616,-0.053787365555763245,0.3557122051715851,-0.37280064821243286,0.2279054969549179,-0.07827690243721008,0.05056191608309746,0.1433989703655243,0.526616632938385,-0.29182368516921997,0.1234283596277237,0.061283547431230545,-0.0942247211933136,-0.12076309323310852,-1.1138293743133545,0.5790573358535767,-0.8472385406494141,-0.36783140897750854,0.015009691938757896,-0.16425079107284546,0.226803719997406,-1.6379022598266602,-0.980816662311554,1.20510995388031,-0.3527125120162964,-0.05536004155874252,-0.15189190208911896,0.02986007370054722
0.0695919468998909,-0.4593311548233032,0.7607747912406921,-0.016005469486117363,0.008555527776479721,-0.7114888429641724,0.7024630308151245,0.027976635843515396,-0.018037807196378708,-0.06478516757488251,0.33519843220710754,-0.36090171337127686,0.23008358478546143,-0.05834052339196205,0.053549546748399734,0.14053304493427277,0.5009375810623169,-0.281015008687973,0.14004704356193542,0.06651906669139862,-0.09387596696615219,-0.12049169838428497,-1.0912384986877441,0.657106339931488,-0.8730238676071167,-0.4547734260559082,0.002820090390741825,-0.18401867151260376,0.20064879953861237,-1.59035062789917,-1.0251209735870361,1.2073733806610107,-0.44757455587387085,-0.03901815786957741,-0.17072691023349762,0.03240864351391792
0.0682012289762497,-0.4588942527770996,0.7620984315872192,-0.018184352666139603,0.008474289439618587,-0.6828224658966064,0.7303088307380676,0.03706420212984085,-0.013097260147333145,-0.07356385141611099,0.3180522620677948,-0.3517807424068451,0.22790873050689697,-0.0407978855073452,0.057725660502910614,0.1354123055934906,0.4776510000228882,-0.2699374258518219,0.14576494693756104,0.06577044725418091,-0.08889070153236389,-0.12183864414691925,-1.0812137126922607,0.7320816516876221,-0.8811916708946228,-0.5139802694320679,-0.0009072618559002876,-0.19754177331924438,0.19004696607589722,-1.5347223281860352,-1.0639041662216187,1.1734590530395508,-0.5067160129547119,-0.03609093651175499,-0.18156161904335022,0.017361288890242577
0.06783099472522736,-0.4585736393928528,0.7633298635482788,-0.020737161859869957,0.008385865949094296,-0.6549149751663208,0.7553713917732239,0.04629039019346237,-0.0066159493289887905,-0.07794001698493958,0.30066627264022827,-0.34387803077697754,0.22322064638137817,-0.026630522683262825,0.062113747000694275,0.1284271776676178,0.4565679430961609,-0.25870585441589355,0.14463402330875397,0.05686163157224655,-0.08139046281576157,-0.1193390041589737,-1.0828278064727783,0.8005799055099487,-0.8783689141273499,-0.5422606468200684,0.004423939622938633,-0.2038920521736145,0.19080255925655365,-1.468306064605713,-1.0925204753875732,1.1112866401672363,-0.5376347303390503,-0.03976236656308174,-0.18606844544410706,-0.006534934043884277
0.06825610995292664,-0.45817625522613525,0.7645338177680969,-0.023813623934984207,0.008316840045154095,-0.6293511986732483,0.7767115831375122,0.0555342361330986,0.001459258608520031,-0.07894904166460037,0.28204262256622314,-0.3367827236652374,0.21600881218910217,-0.015881961211562157,0.06686367839574814,0.11924175173044205,0.43719688057899475,-0.24605825543403625,0.13892273604869843,0.048084989190101624,-0.07309363782405853,-0.1112404465675354,-1.0883926153182983,0.8534085750579834,-0.864656388759613,-0.5540869832038879,0.013460231944918633,-0.20462346076965332,0.200830340385437,-1.3777260780334473,-1.093331217765808,1.0138651132583618,-0.5451709032058716,-0.0482504665851593,-0.18392106890678406,-0.03659084439277649
0.06929025799036026,-0.45760732889175415,0.7652897238731384,-0.026952670887112617,0.007423537317663431,-0.6073691844940186,0.7939276695251465,0.06162109971046448,0.008902469649910927,-0.07634642720222473,0.27030110359191895,-0.3334306478500366,0.2081897109746933,-0.011327318847179413,0.07089697569608688,0.10890622437000275,0.42780277132987976,-0.2362348735332489,0.1307370811700821,0.03702897951006889,-0.0659632757306099,-0.09788093715906143,-1.0771918296813965,0.8880902528762817,-0.8298221826553345,-0.5554213523864746,0.025455933064222336,-0.2015533149242401,0.2202269285917282,-1.2541687488555908,-1.0671268701553345,0.8849456906318665,-0.543175458908081,-0.05811615660786629,-0.17892760038375854,-0.07365771383047104
0.07077138125896454,-0.4568028450012207,0.7659777402877808,-0.029649976640939713,0.0070283603854477406,-0.5893811583518982,0.8072802424430847,0.06120552122592926,0.01671959087252617,-0.07046119123697281,0.26436057686805725,-0.3311876654624939,0.19950315356254578,-0.010123894549906254,0.07392346858978271,0.0971444770693779,0.417991578578949,-0.22643199563026428,0.1228150799870491,0.027987539768218994,-0.05970340222120285,-0.07942168414592743,-1.039482593536377,0.8820558786392212,-0.7770299315452576,-0.5453466176986694,0.037608664482831955,-0.19425638020038605,0.24476878345012665,-1.1061147451400757,-0.9906584620475769,0.7490430474281311,-0.5311222672462463,-0.06309904903173447,-0.16990981996059418,-0.10853028297424316
0.07249219715595245,-0.45569348335266113,0.766061544418335,-0.03083227388560772,0.005783615168184042,-0.575296938419342,0.8173429369926453,0.05047802999615669,0.020648758858442307,-0.0625201016664505,0.2746809124946594,-0.3326309323310852,0.19244274497032166,-0.018842212855815887,0.07401203364133835,0.08771733939647675,0.4234699010848999,-0.22441792488098145,0.1169905811548233,0.025487035512924194,-0.055288881063461304,-0.04665670171380043,-0.976315438747406,0.8238492012023926,-0.7038043737411499,-0.5277400612831116,0.04747923091053963,-0.18261197209358215,0.27632880210876465,-0.9677332639694214,-0.8613643646240234,0.6282339692115784,-0.502903401851654,-0.062441710382699966,-0.15652059018611908,-0.14845287799835205
0.07429543882608414,-0.4542735815048218,0.7656769752502441,-0.030886847525835037,0.0042871637269854546,-0.5649897456169128,0.8245084881782532,0.0327625572681427,0.022424016147851944,-0.05295319855213165,0.2942681610584259,-0.33624956011772156,0.1865883767604828,-0.036704473197460175,0.07153938710689545,0.07730557769536972,0.44129157066345215,-0.22723989188671112,0.11274033784866333,0.02324690669775009,-0.052730634808540344,-0.004461633041501045,-0.9067275524139404,0.7281389236450195,-0.6183131337165833,-0.5171113014221191,0.056159768253564835,-0.1701313704252243,0.3186846375465393,-0.8464427590370178,-0.7135530114173889,0.5182642936706543,-0.47748002409935,-0.05408281087875366,-0.14488530158996582,-0.198257714509964
0.07604026049375534,-0.45272526144981384,0.7648715376853943,-0.030351420864462852,0.0032551358453929424,-0.5599971413612366,0.8279320001602173,0.012125908397138119,0.023571185767650604,-0.04347480088472366,0.31500041484832764,-0.3419470191001892,0.18007595837116241,-0.059811241924762726,0.06777854263782501,0.06417065858840942,0.4663686752319336,-0.23476965725421906,0.10925998538732529,0.02402244135737419,-0.05165115371346474,0.039323028177022934,-0.8447191715240479,0.614209771156311,-0.5295462608337402,-0.5274651050567627,0.06914535164833069,-0.15904171764850616,0.3707831799983978,-0.7387763261795044,-0.5695412755012512,0.42846205830574036,-0.45717090368270874,-0.03992205485701561,-0.1362953633069992,-0.25001710653305054
0.0776386559009552,-0.4510013461112976,0.7642759084701538,-0.02854563295841217,0.003894297406077385,-0.5613887310028076,0.8270506262779236,-0.01201570127159357,0.024734297767281532,-0.03536142408847809,0.331369549036026,-0.3431957960128784,0.17254489660263062,-0.08613520115613937,0.06380289047956467,0.05299516022205353,0.48726916313171387,-0.24010032415390015,0.10329519212245941,0.02368861809372902,-0.05008017271757126,0.08563511073589325,-0.801781177520752,0.5027893781661987,-0.4483761787414551,-0.535285472869873,0.08648667484521866,-0.1445123851299286,0.42970603704452515,-0.6505202054977417,-0.441356360912323,0.36141806840896606,-0.44272375106811523,-0.027522368356585503,-0.1289391815662384,-0.30367928743362427
0.07894710451364517,-0.4490639269351959,0.7629805207252502,-0.025622757151722908,0.004667997360229492,-0.5677393674850464,0.8227962851524353,-0.04541356489062309,0.023488227277994156,-0.030421843752264977,0.35784536600112915,-0.346458375453949,0.16516287624835968,-0.12039150297641754,0.06015506386756897,0.04863600432872772,0.5173969268798828,-0.24913179874420166,0.09618666768074036,0.02632022649049759,-0.04926188662648201,0.14580035209655762,-0.7679688334465027,0.40668827295303345,-0.3810289800167084,-0.5278753042221069,0.09938454627990723,-0.12843021750450134,0.48817479610443115,-0.5833646059036255,-0.34034568071365356,0.31393325328826904,-0.41486114263534546,-0.015201717615127563,-0.11984986066818237,-0.35709118843078613
0.07994867861270905,-0.4465782344341278,0.7613751888275146,-0.021816276013851166,0.006994287483394146,-0.5774380564689636,0.8161129355430603,-0.08732928335666656,0.021967411041259766,-0.02729428932070732,0.3870217204093933,-0.3482767939567566,0.15566736459732056,-0.16111108660697937,0.05738712102174759,0.04737135395407677,0.5466505885124207,-0.25611206889152527,0.08789633959531784,0.03016188181936741,-0.04759916663169861,0.20920825004577637,-0.7473545074462891,0.3332458734512329,-0.3231220245361328,-0.4869159162044525,0.1014559417963028,-0.11142893880605698,0.5470827221870422,-0.5383446216583252,-0.2667440176010132,0.27874457836151123,-0.35688841342926025,0.0033288002014160156,-0.11111831665039062,-0.40996676683425903
0.08071810752153397,-0.44358837604522705,0.7594777941703796,-0.01728149689733982,0.010280353017151356,-0.5896336436271667,0.8074204921722412,-0.13676416873931885,0.01957804709672928,-0.026171158999204636,0.4173661172389984,-0.34596431255340576,0.14485570788383484,-0.20851559937000275,0.0548492930829525,0.04899636283516884,0.575171947479248,-0.259052574634552,0.07865412533283234,0.03798866271972656,-0.04114634543657303,0.2792370319366455,-0.7259217500686646,0.2765944004058838,-0.27108320593833923,-0.4226348400115967,0.09350220113992691,-0.09683453291654587,0.6042993664741516,-0.5148857235908508,-0.21767589449882507,0.24685920774936676,-0.2750922441482544,0.025658970698714256,-0.10356773436069489,-0.4670768678188324
0.08140446990728378,-0.4401121735572815,0.7579294443130493,-0.012086988426744938,0.01520457211881876,-0.6037973761558533,0.7969011664390564,-0.18958209455013275,0.017735257744789124,-0.0243584793061018,0.4385730028152466,-0.3339967727661133,0.13225328922271729,-0.2579713463783264,0.05351019650697708,0.05189650505781174,0.5904313325881958,-0.25320330262184143,0.06469272822141647,0.0471181645989418,-0.029265230521559715,0.3427662253379822,-0.7245818376541138,0.23641487956047058,-0.23152974247932434,-0.306871622800827,0.0651586726307869,-0.0823301374912262,0.6605600714683533,-0.5305692553520203,-0.19239500164985657,0.21096988022327423,-0.13287454843521118,0.06805144250392914,-0.09634678810834885,-0.536948025226593
0.08204616606235504,-0.43597739934921265,0.7555317282676697,-0.007020149379968643,0.02074241079390049,-0.6183127164840698,0.7856270670890808,-0.24728849530220032,0.015609619207680225,-0.022505825385451317,0.4636183977127075,-0.32258516550064087,0.1239243745803833,-0.31046250462532043,0.0517008975148201,0.05300603061914444,0.606859564781189,-0.24752438068389893,0.051597125828266144,0.05482278764247894,-0.015357838943600655,0.40048009157180786,-0.7259988784790039,0.19654934108257294,-0.20082297921180725,-0.1792673021554947,0.02348778210580349,-0.07595102488994598,0.7088673114776611,-0.5648366212844849,-0.1763114482164383,0.1709110140800476,0.027827642858028412,0.12441183626651764,-0.09626244008541107,-0.6045129299163818
0.08271191269159317,-0.43140697479248047,0.7522586584091187,-0.0009345365688204765,0.0283183790743351,-0.6312185525894165,0.775087296962738,-0.31194084882736206,0.013823983259499073,-0.02246929705142975,0.4925076365470886,-0.3121764063835144,0.11995285004377365,-0.3692473769187927,0.05012932047247887,0.05296099931001663,0.627630352973938,-0.24172069132328033,0.038554977625608444,0.061694614589214325,-0.0031867963261902332,0.44231200218200684,-0.7271693348884583,0.1654471606016159,-0.1741372048854828,-0.06804490089416504,-0.02015753649175167,-0.07534209638834,0.7498487234115601,-0.5985937714576721,-0.16387495398521423,0.13280701637268066,0.16534991562366486,0.18506431579589844,-0.10362663120031357,-0.6592012047767639
0.0833367183804512,-0.4264659285545349,0.7478078603744507,0.00702376663684845,0.038042500615119934,-0.6421364545822144,0.7656136155128479,-0.3837096691131592,0.011893906630575657,-0.02394435927271843,0.5249100923538208,-0.30489835143089294,0.11715641617774963,-0.43559396266937256,0.048553064465522766,0.051688771694898605,0.6528769731521606,-0.23800724744796753,0.028923815116286278,0.06637352705001831,0.005803411826491356,0.4695028066635132,-0.727249026298523,0.1422879695892334,-0.1569683849811554,0.029243413358926773,-0.06431563943624496,-0.0787062868475914,0.7775173187255859,-0.623126208782196,-0.1531628668308258,0.10751636326313019,0.2761682868003845,0.24034792184829712,-0.1148863360285759,-0.6933387517929077
0.08390231430530548,-0.4214977025985718,0.7436202168464661,0.015092640183866024,0.04810413345694542,-0.6508597731590271,0.7575221657752991,-0.4486260712146759,0.011125564575195312,-0.025655480101704597,0.5453366637229919,-0.2944759726524353,0.11383232474327087,-0.4968661665916443,0.04676027223467827,0.0485115572810173,0.6711962819099426,-0.23005861043930054,0.02090526930987835,0.07053352892398834,0.014673621393740177,0.4871768355369568,-0.7193041443824768,0.13195036351680756,-0.14424888789653778,0.11925550550222397,-0.10347829759120941,-0.08099033683538437,0.7936813235282898,-0.6430070400238037,-0.1474001109600067,0.08683568239212036,0.36501216888427734,0.289352148771286,-0.12520435452461243,-0.7139102220535278
0.08438713848590851,-0.41680872440338135,0.739861786365509,0.02226852811872959,0.057286106050014496,-0.6575929522514343,0.7508621215820312,-0.5032274723052979,0.011427601799368858,-0.02702314779162407,0.557051420211792,-0.28366824984550476,0.11086058616638184,-0.5481536388397217,0.044954609125852585,0.04524128511548042,0.6848077774047852,-0.2238665521144867,0.012950783595442772,0.07373584806919098,0.022824563086032867,0.498664915561676,-0.7151480913162231,0.13076195120811462,-0.13170352578163147,0.19684843719005585,-0.13899023830890656,-0.08362574130296707,0.8054001331329346,-0.6620901823043823,-0.14646241068840027,0.06672889739274979,0.435332715511322,0.33406388759613037,-0.13451309502124786,-0.7274153232574463
0.08477716892957687,-0.41274434328079224,0.7363867163658142,0.028225315734744072,0.06469020992517471,-0.6625037789344788,0.7457259297370911,-0.5470595359802246,0.011611312627792358,-0.028797656297683716,0.5670263171195984,-0.27687567472457886,0.10856358706951141,-0.589430034160614,0.042608264833688736,0.04314478486776352,0.6992769241333008,-0.2230147272348404,0.00613951962441206,0.07528646290302277,0.03024619072675705,0.506132185459137,-0.7137141823768616,0.1348247230052948,-0.11960036307573318,0.2534262537956238,-0.16826248168945312,-0.0874207466840744,0.8141534328460693,-0.6763794422149658,-0.14886005222797394,0.048155736178159714,0.48166516423225403,0.37004581093788147,-0.14444421231746674,-0.7359564304351807
0.08504281938076019,-0.40952780842781067,0.7340466976165771,0.03216354176402092,0.06955621391534805,-0.6661401987075806,0.7418791055679321,-0.5737752914428711,0.012248050421476364,-0.03008192963898182,0.5693308115005493,-0.2731863260269165,0.10650964826345444,-0.6144192218780518,0.03954369202256203,0.04078266769647598,0.7097530364990234,-0.22624459862709045,0.0019424466881901026,0.07685580104589462,0.03737165778875351,0.5109823346138,-0.7128331661224365,0.1447301208972931,-0.10479902476072311,0.28561463952064514,-0.186635360121727,-0.0918281078338623,0.8210471868515015,-0.6879450082778931,-0.1576482355594635,0.027148621156811714,0.5039752125740051,0.39581453800201416,-0.15434464812278748,-0.7418138384819031
0.08516836911439896,-0.4073358178138733,0.7327579855918884,0.035321373492479324,0.07294362783432007,-0.6689793467521667,0.7388492822647095,-0.5877662301063538,0.012670343741774559,-0.031803250312805176,0.5674169063568115,-0.2740497589111328,0.1076601892709732,-0.6275050044059753,0.03599001467227936,0.039272066205739975,0.7191779613494873,-0.23489916324615479,0.0004844915820285678,0.07822223007678986,0.0430171974003315,0.505055844783783,-0.7085835337638855,0.1648073047399521,-0.0859278067946434,0.28688913583755493,-0.1880732774734497,-0.09569159150123596,0.8272669315338135,-0.6889867186546326,-0.17659255862236023,0.004396377131342888,0.4956669509410858,0.40275925397872925,-0.1639992594718933,-0.7460793256759644
0.085216224193573,-0.4063168466091156,0.7333282232284546,0.03849859908223152,0.0760648250579834,-0.6709452867507935,0.7365897297859192,-0.5875169634819031,0.014438756741583347,-0.03201648220419884,0.5521085858345032,-0.2754713296890259,0.11147847771644592,-0.6275410056114197,0.0320417582988739,0.03789720684289932,0.7159056067466736,-0.2434712052345276,0.0025216462090611458,0.07473567128181458,0.045583561062812805,0.48600274324417114,-0.730431079864502,0.18426600098609924,-0.0809234231710434,0.25316616892814636,-0.1644347608089447,-0.09112803637981415,0.8305227756500244,-0.6955077648162842,-0.194048210978508,-0.004690873436629772,0.4566417336463928,0.3873794674873352,-0.16782301664352417,-0.7462213635444641
0.08518826216459274,-0.4062657952308655,0.736830472946167,0.040106065571308136,0.07774120569229126,-0.6726186275482178,0.7348006367683411,-0.5624406337738037,0.019098442047834396,-0.028139811009168625,0.513404130935669,-0.27383995056152344,0.1153610423207283,-0.6052729487419128,0.026441317051649094,0.03205159679055214,0.6895696520805359,-0.2471744567155838,0.010348672978579998,0.0694982260465622,0.04511132091283798,0.4477549195289612,-0.755435585975647,0.19695842266082764,-0.08294425159692764,0.1877267211675644,-0.11310780048370361,-0.07037846744060516,0.8263051509857178,-0.6896816492080688,-0.20026475191116333,0.0014729853719472885,0.3820391297340393,0.3423880338668823,-0.1580117791891098,-0.7347718477249146
0.08506377786397934,-0.4074179530143738,0.7407121658325195,0.040371138602495193,0.07722941040992737,-0.673992931842804,0.7335798144340515,-0.5252151489257812,0.02242058329284191,-0.024182738736271858,0.4785917401313782,-0.28059372305870056,0.12443161755800247,-0.5719695687294006,0.019671443849802017,0.026237213984131813,0.6631278991699219,-0.2524743378162384,0.022275935858488083,0.06883658468723297,0.04498922824859619,0.39561566710472107,-0.7620407342910767,0.20579864084720612,-0.1178327351808548,0.09281917661428452,-0.04026451334357262,-0.047814950346946716,0.7976694107055664,-0.6807769536972046,-0.21117949485778809,0.03078412264585495,0.2811086177825928,0.27078768610954285,-0.13962116837501526,-0.7086808681488037
0.08494645357131958,-0.41021478176116943,0.7445275187492371,0.040059711784124374,0.07615000754594803,-0.6751624941825867,0.732633650302887,-0.4806325137615204,0.026594432070851326,-0.017523106187582016,0.4439391493797302,-0.2936382591724396,0.1354370415210724,-0.5343744158744812,0.013567721471190453,0.01812736876308918,0.6377143263816833,-0.26078325510025024,0.030357420444488525,0.06333180516958237,0.04496105760335922,0.3352765440940857,-0.8188292980194092,0.21985727548599243,-0.20665624737739563,0.010014906525611877,0.055159084498882294,-0.02264850214123726,0.7530295252799988,-0.7007347941398621,-0.2365390807390213,0.111679807305336,0.18435603380203247,0.16633060574531555,-0.1165659949183464,-0.6692745685577393
0.08488903939723969,-0.41447699069976807,0.7479835748672485,0.03772338107228279,0.07243236899375916,-0.6754394769668579,0.7328792810440063,-0.4285234808921814,0.029633857309818268,-0.009347407147288322,0.4133085608482361,-0.30811065435409546,0.15037333965301514,-0.4922415316104889,0.007619940675795078,0.011475946754217148,0.6176997423171997,-0.2672428488731384,0.04436154663562775,0.061104051768779755,0.04766494035720825,0.27847808599472046,-0.8840858936309814,0.2281080037355423,-0.3231709599494934,-0.08860088884830475,0.15959303081035614,-0.011347846128046513,0.6960365772247314,-0.7318297624588013,-0.2671740651130676,0.21425025165081024,0.07211832702159882,0.040448397397994995,-0.09770818799734116,-0.624424159526825
0.08484600484371185,-0.42019402980804443,0.7505534887313843,0.03444350138306618,0.06640005856752396,-0.6734118461608887,0.7354733943939209,-0.3746379613876343,0.02881706692278385,-0.0003694356419146061,0.3896750509738922,-0.32303062081336975,0.16630004346370697,-0.4507376551628113,0.0008640452288091183,0.008201159536838531,0.6053006649017334,-0.2746990919113159,0.06024906784296036,0.06527961790561676,0.0464007742702961,0.2165021002292633,-0.936690092086792,0.2129068672657013,-0.43645375967025757,-0.17849227786064148,0.24198010563850403,-0.011685054749250412,0.6435864567756653,-0.7684391736984253,-0.28244298696517944,0.3191552460193634,-0.03863178566098213,-0.06968652456998825,-0.08995455503463745,-0.5774017572402954
0.0847262293100357,-0.4268551170825958,0.7522494792938232,0.030355723574757576,0.05836135149002075,-0.6682429909706116,0.741028904914856,-0.3222198486328125,0.025414293631911278,0.009797642938792706,0.37159493565559387,-0.3352930545806885,0.17912441492080688,-0.4127162992954254,-0.005373265594244003,0.00834397878497839,0.6010158658027649,-0.2822606563568115,0.07053527235984802,0.07087881118059158,0.04177918657660484,0.159755676984787,-0.9812101125717163,0.16294856369495392,-0.5254558324813843,-0.24319852888584137,0.2982853651046753,-0.012007745914161205,0.6098827719688416,-0.8015960454940796,-0.2698322832584381,0.41019153594970703,-0.13036149740219116,-0.14891737699508667,-0.08819146454334259,-0.5385837554931641
0.08455798774957657,-0.43381619453430176,0.7528917789459229,0.02543150633573532,0.04915396124124527,-0.6601874232292175,0.7490592002868652,-0.27578622102737427,0.021723711863160133,0.019883815199136734,0.36345285177230835,-0.3482896089553833,0.19023385643959045,-0.3795117139816284,-0.010040028020739555,0.009982151910662651,0.6055901646614075,-0.2921469807624817,0.07334627211093903,0.0737496167421341,0.03560483455657959,0.11247846484184265,-1.0199487209320068,0.09132463485002518,-0.6036741733551025,-0.27548351883888245,0.33332252502441406,-0.011916399002075195,0.5844923257827759,-0.8269538283348083,-0.23695096373558044,0.49253588914871216,-0.1999710649251938,-0.20135213434696198,-0.09125439822673798,-0.5025999546051025
0.08454927802085876,-0.44081276655197144,0.7521427869796753,0.021453380584716797,0.03864249214529991,-0.6493046879768372,0.7592430710792542,-0.2360779494047165,0.012903451919555664,0.030377747491002083,0.36615896224975586,-0.36542636156082153,0.2045171856880188,-0.3609328866004944,-0.016131756827235222,0.016729380935430527,0.6352250576019287,-0.3038850426673889,0.07213899493217468,0.0726153627038002,0.025527141988277435,0.07532276213169098,-1.0517770051956177,0.015588589012622833,-0.6706478595733643,-0.2842479944229126,0.3547316789627075,-0.010282476432621479,0.5648742914199829,-0.8514162302017212,-0.19870853424072266,0.5610148906707764,-0.2479495406150818,-0.2371232807636261,-0.09702145308256149,-0.47236502170562744
0.08492671698331833,-0.4476737380027771,0.7503845691680908,0.01747307926416397,0.027648990973830223,-0.6367952227592468,0.7703389525413513,-0.20100951194763184,0.00155541580170393,0.0382818728685379,0.37547019124031067,-0.386932909488678,0.22154965996742249,-0.34861481189727783,-0.021163932979106903,0.024561002850532532,0.6751530766487122,-0.3184776306152344,0.07184171676635742,0.06407111138105392,0.01418064534664154,0.04484468325972557,-1.076085090637207,-0.05377388000488281,-0.733832836151123,-0.29039618372917175,0.3670178949832916,-0.014726350083947182,0.5436928272247314,-0.8680299520492554,-0.16430193185806274,0.6253105401992798,-0.29805636405944824,-0.25632697343826294,-0.1119082123041153,-0.44029200077056885
0.08549389243125916,-0.45415976643562317,0.74820476770401,0.012638892978429794,0.016409123316407204,-0.6225593090057373,0.7822984457015991,-0.16898785531520844,-0.009305030107498169,0.0423026978969574,0.39048707485198975,-0.4101790189743042,0.2356368899345398,-0.3370884954929352,-0.022880738601088524,0.03404068574309349,0.716309130191803,-0.33345043659210205,0.06932496279478073,0.05336233973503113,0.0011242767795920372,0.018282078206539154,-1.078331708908081,-0.11169825494289398,-0.7792536020278931,-0.28871363401412964,0.3625563681125641,-0.019607815891504288,0.5242043733596802,-0.8670433163642883,-0.14209571480751038,0.669971227645874,-0.33997100591659546,-0.2566218376159668,-0.1278250813484192,-0.4108927249908447
0.08581821620464325,-0.46030160784721375,0.746307373046875,0.006637152284383774,0.0056032827123999596,-0.6072278022766113,0.7944802641868591,-0.13575461506843567,-0.016743145883083344,0.042953573167324066,0.4030682146549225,-0.4318159222602844,0.24479396641254425,-0.32216402888298035,-0.020338209345936775,0.043433770537376404,0.7552440166473389,-0.34595975279808044,0.06892656534910202,0.050296351313591,-0.01444040797650814,-0.008806625381112099,-1.0517992973327637,-0.14955025911331177,-0.8053332567214966,-0.2880733907222748,0.3366851806640625,-0.02658405713737011,0.503349781036377,-0.8505123257637024,-0.13252371549606323,0.695412278175354,-0.3759722113609314,-0.23711442947387695,-0.14286784827709198,-0.38215476274490356
0.08607519418001175,-0.4659305214881897,0.7445622682571411,0.0005038266535848379,-0.0036815234925597906,-0.5928038358688354,0.8053383231163025,-0.10670925676822662,-0.02121344581246376,0.03981487825512886,0.4171912670135498,-0.4525665044784546,0.25074607133865356,-0.3016383647918701,-0.014791921712458134,0.05003638565540314,0.7855969667434692,-0.36041784286499023,0.0683857649564743,0.04576157033443451,-0.029476866126060486,-0.0362517349421978,-1.0152418613433838,-0.17604613304138184,-0.8269394636154175,-0.2884983718395233,0.3032696545124054,-0.03466863930225372,0.47998714447021484,-0.8256895542144775,-0.12987643480300903,0.7102731466293335,-0.40382272005081177,-0.21013954281806946,-0.15569835901260376,-0.35446304082870483
0.08651161193847656,-0.4708545207977295,0.7435538172721863,-0.0047154780477285385,-0.01126961037516594,-0.5806901454925537,0.814033031463623,-0.08000796288251877,-0.0253048837184906,0.03437798097729683,0.42573463916778564,-0.466048002243042,0.2546149492263794,-0.2774626612663269,-0.009797281585633755,0.05352003872394562,0.8063603639602661,-0.3718774914741516,0.06767816096544266,0.03714378923177719,-0.04185646027326584,-0.05931800231337547,-0.9787570238113403,-0.1960447132587433,-0.8486775755882263,-0.2811170220375061,0.26449882984161377,-0.04080726206302643,0.4558679163455963,-0.7970551252365112,-0.12826566398143768,0.7168616652488708,-0.4179955720901489,-0.17888864874839783,-0.16424816846847534,-0.3290417194366455
0.08710737526416779,-0.47482946515083313,0.7429654598236084,-0.008364401757717133,-0.01733320765197277,-0.5713908672332764,0.8204523921012878,-0.056503698229789734,-0.031245067715644836,0.02522103674709797,0.4299798607826233,-0.47402364015579224,0.2571297287940979,-0.25869011878967285,-0.00629999116063118,0.05653948336839676,0.8272700905799866,-0.37870097160339355,0.0678769201040268,0.02547350525856018,-0.05568574368953705,-0.07217103242874146,-0.9573384523391724,-0.20874622464179993,-0.8670841455459595,-0.2747027277946472,0.22832053899765015,-0.04818376898765564,0.436630517244339,-0.7758314609527588,-0.12416474521160126,0.7159472703933716,-0.4351210594177246,-0.15026597678661346,-0.17283308506011963,-0.3125481903553009
0.08836017549037933,-0.4775409996509552,0.7435485124588013,-0.009758098050951958,-0.022791244089603424,-0.5659399628639221,0.8240736126899719,-0.02920924685895443,-0.04479474946856499,0.009983988478779793,0.4164426326751709,-0.46783125400543213,0.2587643265724182,-0.2325584888458252,-0.008253153413534164,0.05853699520230293,0.8272455334663391,-0.38276246190071106,0.07168641686439514,0.014019975438714027,-0.07201553881168365,-0.08758869022130966,-0.9436619877815247,-0.20751512050628662,-0.8757824897766113,-0.26246488094329834,0.1920253038406372,-0.05581078678369522,0.41682887077331543,-0.7660219073295593,-0.1264583170413971,0.694273829460144,-0.45607489347457886,-0.12276478856801987,-0.17737245559692383,-0.303936243057251
0.08952690660953522,-0.4792751669883728,0.7441774606704712,-0.009696108289062977,-0.026879092678427696,-0.5657640695571899,0.8240718841552734,-0.008108220063149929,-0.05996745452284813,-0.0054948232136666775,0.40539854764938354,-0.4583688974380493,0.25982680916786194,-0.21009130775928497,-0.012063983827829361,0.06377774477005005,0.8201019763946533,-0.38681912422180176,0.07886038720607758,-0.0005924822762608528,-0.08616088330745697,-0.09792302548885345,-0.9340968132019043,-0.19333530962467194,-0.8724938631057739,-0.24961543083190918,0.15867993235588074,-0.06160173565149307,0.4018171429634094,-0.765159010887146,-0.14080369472503662,0.6572170257568359,-0.47329962253570557,-0.10177997499704361,-0.1760610044002533,-0.3012862801551819
0.09054486453533173,-0.48030149936676025,0.7454544901847839,-0.00901667308062315,-0.02809247374534607,-0.5712133646011353,0.8202711939811707,0.005560422781854868,-0.07106365263462067,-0.01850755698978901,0.39364171028137207,-0.4442242383956909,0.2546699643135071,-0.19463929533958435,-0.014872667379677296,0.07272972166538239,0.8093183040618896,-0.3854205310344696,0.08694399893283844,-0.011419476009905338,-0.09680233895778656,-0.09444968402385712,-0.9375540018081665,-0.16270099580287933,-0.8561967611312866,-0.22799667716026306,0.12558890879154205,-0.06438518315553665,0.3892509937286377,-0.7854639291763306,-0.17500634491443634,0.60734623670578,-0.4550230801105499,-0.08774188905954361,-0.1621266007423401,-0.3062029778957367
0.09149643778800964,-0.4809114336967468,0.7475184202194214,-0.00855227094143629,-0.027002062648534775,-0.5815738439559937,0.8130003213882446,0.01674109697341919,-0.07639304548501968,-0.028567470610141754,0.37686002254486084,-0.4256729483604431,0.24506694078445435,-0.1838495135307312,-0.016951199620962143,0.0884261503815651,0.7921088933944702,-0.376067578792572,0.09948034584522247,-0.02644558995962143,-0.10604079067707062,-0.08974337577819824,-0.939917802810669,-0.10456859320402145,-0.8361372947692871,-0.2011018693447113,0.09593595564365387,-0.06465732306241989,0.3692244291305542,-0.8150216341018677,-0.2657986581325531,0.5452290773391724,-0.4066128730773926,-0.0686163455247879,-0.14370524883270264,-0.3093762993812561
0.09241926670074463,-0.48129355907440186,0.7495381236076355,-0.00799262523651123,-0.02477707900106907,-0.5939379930496216,0.8040894269943237,0.025389639660716057,-0.07909174263477325,-0.03750574588775635,0.3582867383956909,-0.40842360258102417,0.23171034455299377,-0.1836661994457245,-0.021723877638578415,0.11457604169845581,0.7774671316146851,-0.3626860976219177,0.12077013403177261,-0.04090713709592819,-0.11531710624694824,-0.07811446487903595,-0.9429277181625366,-0.028870873153209686,-0.8258439302444458,-0.1721678376197815,0.07052545994520187,-0.062346477061510086,0.33616018295288086,-0.8519971370697021,-0.4252253770828247,0.4881390333175659,-0.32699820399284363,-0.04377279803156853,-0.12153342366218567,-0.3008955121040344
0.09293010830879211,-0.4817093014717102,0.7514619827270508,-0.008405446074903011,-0.021413031965494156,-0.607408881187439,0.794056236743927,0.03283867985010147,-0.07650502771139145,-0.05059376358985901,0.3397604823112488,-0.395633339881897,0.2159026563167572,-0.19300872087478638,-0.031905073672533035,0.150031179189682,0.760719895362854,-0.3431887626647949,0.1517934501171112,-0.05810520052909851,-0.11790797114372253,-0.060207169502973557,-0.9380857944488525,0.04143426567316055,-0.8273565769195557,-0.1636449694633484,0.04446990415453911,-0.06221428140997887,0.2888379395008087,-0.8831570148468018,-0.6096636056900024,0.43691331148147583,-0.26479673385620117,-0.019567806273698807,-0.10377471894025803,-0.28860193490982056
0.0926341712474823,-0.48260390758514404,0.7531102895736694,-0.011130438186228275,-0.016988461837172508,-0.6217287182807922,0.7829692959785461,0.03835447132587433,-0.0665145218372345,-0.06854679435491562,0.3283117711544037,-0.3916384279727936,0.1999085247516632,-0.20160263776779175,-0.0485939122736454,0.18874411284923553,0.7271844148635864,-0.32108163833618164,0.18026556074619293,-0.08006910979747772,-0.11134245991706848,-0.0467105433344841,-0.9314706921577454,0.10535981506109238,-0.8284953832626343,-0.1572723686695099,0.025576533749699593,-0.059892699122428894,0.24493537843227386,-0.890683650970459,-0.781593918800354,0.38539740443229675,-0.22239862382411957,-0.005094973836094141,-0.08785375207662582,-0.28390926122665405
0.09134097397327423,-0.48416316509246826,0.7539029121398926,-0.014984164386987686,-0.012562697753310204,-0.6364185214042664,0.7710961103439331,0.040273286402225494,-0.0527653768658638,-0.08461640030145645,0.3291827142238617,-0.3982604146003723,0.18801046907901764,-0.21543467044830322,-0.06944756209850311,0.2205985188484192,0.6942190527915955,-0.30027711391448975,0.20310024917125702,-0.0950126051902771,-0.10664576292037964,-0.03361007198691368,-0.9408375024795532,0.15927612781524658,-0.831366777420044,-0.16840599477291107,0.01149795763194561,-0.06049104034900665,0.21736933290958405,-0.889872670173645,-0.9256250858306885,0.35573336482048035,-0.2064734399318695,-0.006317359395325184,-0.07356579601764679,-0.2776690125465393
0.08918185532093048,-0.48628658056259155,0.7548362016677856,-0.020241674035787582,-0.005798869300633669,-0.6522696018218994,0.7576944828033447,0.041541509330272675,-0.029789581894874573,-0.09504678845405579,0.3319138288497925,-0.4092862904071808,0.17705807089805603,-0.2346908450126648,-0.08278938382863998,0.23714368045330048,0.6585770845413208,-0.2750193774700165,0.21400360763072968,-0.1031094491481781,-0.10046130418777466,-0.021338842809200287,-0.9585961699485779,0.21598637104034424,-0.8239277601242065,-0.18184936046600342,0.0036520124413073063,-0.060555655509233475,0.2082892209291458,-0.8933311700820923,-1.0444492101669312,0.3448048233985901,-0.2174016535282135,-0.022469403222203255,-0.06329213827848434,-0.26968103647232056
0.08634352684020996,-0.4889678657054901,0.7555707693099976,-0.025965621694922447,0.001710497192107141,-0.668467104434967,0.7432863116264343,0.040513452142477036,-0.0015586800873279572,-0.10162478685379028,0.33807167410850525,-0.4234650433063507,0.16603754460811615,-0.24726155400276184,-0.08442312479019165,0.23661473393440247,0.623036801815033,-0.25421181321144104,0.2102612555027008,-0.10162203013896942,-0.09929881989955902,-0.01576208509504795,-0.9811206459999084,0.27087417244911194,-0.8153296709060669,-0.2005830556154251,0.004802412819117308,-0.06243111938238144,0.21208158135414124,-0.9015156030654907,-1.13621985912323,0.3494319021701813,-0.23477725684642792,-0.0453161858022213,-0.055170364677906036,-0.26111093163490295
0.0831025093793869,-0.49208253622055054,0.7562024593353271,-0.030868299305438995,0.009212269447743893,-0.6839003562927246,0.7288638949394226,0.0389278307557106,0.027894839644432068,-0.10048892349004745,0.3438023626804352,-0.4359748363494873,0.15793542563915253,-0.2538703978061676,-0.07703091204166412,0.22507190704345703,0.5894166231155396,-0.23584412038326263,0.20121240615844727,-0.0985613614320755,-0.09787426888942719,-0.012969309464097023,-1.0065109729766846,0.3271220326423645,-0.8091966509819031,-0.2211204171180725,0.012249979190528393,-0.06434111297130585,0.2200668901205063,-0.9235653877258301,-1.214457631111145,0.36572182178497314,-0.2548193037509918,-0.07073639333248138,-0.050004638731479645,-0.25171932578086853
0.07976500689983368,-0.49542713165283203,0.7567425966262817,-0.03525872901082039,0.01608940400183201,-0.6973877549171448,0.7156453728675842,0.03985949605703354,0.05788978189229965,-0.09242723137140274,0.3470127284526825,-0.4463135898113251,0.1501876562833786,-0.2555783987045288,-0.06287706643342972,0.20687253773212433,0.5585085153579712,-0.2175220400094986,0.18914692103862762,-0.09503217041492462,-0.09506261348724365,-0.014453367330133915,-1.023424506187439,0.37699180841445923,-0.800690770149231,-0.2393929362297058,0.020132653415203094,-0.06610175222158432,0.22904013097286224,-0.9505974650382996,-1.267048716545105,0.3907266855239868,-0.2575669586658478,-0.08982240408658981,-0.04548383504152298,-0.24103394150733948
0.07640159130096436,-0.49872156977653503,0.7572667598724365,-0.03907831013202667,0.022091928869485855,-0.707988440990448,0.7047958970069885,0.04152493551373482,0.08689746260643005,-0.08124443888664246,0.34771597385406494,-0.4535265266895294,0.14224988222122192,-0.25184857845306396,-0.045776352286338806,0.18715524673461914,0.5286878943443298,-0.20092593133449554,0.17529185116291046,-0.0934327244758606,-0.09082117676734924,-0.015612145885825157,-1.0374804735183716,0.417591392993927,-0.7927815318107605,-0.2546612322330475,0.028788553550839424,-0.06664538383483887,0.23688364028930664,-0.9835368394851685,-1.3005337715148926,0.42404910922050476,-0.252486914396286,-0.103678397834301,-0.04277645796537399,-0.22851727902889252
0.07309278845787048,-0.5017188191413879,0.7578353881835938,-0.042522940784692764,0.026697788387537003,-0.7153386473655701,0.6969717741012573,0.04512741416692734,0.11418339610099792,-0.06744351983070374,0.3448869287967682,-0.45670610666275024,0.1338082253932953,-0.24278493225574493,-0.028273748233914375,0.16758280992507935,0.501309871673584,-0.18614540994167328,0.16151809692382812,-0.09686373174190521,-0.08488335460424423,-0.01963437721133232,-1.0422523021697998,0.4424734115600586,-0.7804000377655029,-0.26692306995391846,0.036828331649303436,-0.06682310998439789,0.24491198360919952,-1.022462010383606,-1.314340591430664,0.4524184763431549,-0.255232036113739,-0.11528357863426208,-0.04273894056677818,-0.2249550223350525
0.0699528232216835,-0.5043257474899292,0.7583441734313965,-0.045770786702632904,0.030486738309264183,-0.7199638485908508,0.691829264163971,0.04811764135956764,0.13981106877326965,-0.05423758924007416,0.34235644340515137,-0.45816418528556824,0.12468200922012329,-0.22967353463172913,-0.010323889553546906,0.1493900716304779,0.47653406858444214,-0.17372962832450867,0.14710906147956848,-0.10079526901245117,-0.07697530090808868,-0.024689074605703354,-1.0416196584701538,0.4514167308807373,-0.7633506655693054,-0.27457085251808167,0.04548855125904083,-0.06612753123044968,0.25470829010009766,-1.0530400276184082,-1.3049750328063965,0.47035419940948486,-0.24468566477298737,-0.1260036826133728,-0.03969695791602135,-0.2292807251214981
0.06698597967624664,-0.5066072344779968,0.7586261034011841,-0.048531077802181244,0.03337639570236206,-0.7228637933731079,0.6884756684303284,0.04824521392583847,0.16234412789344788,-0.04337945580482483,0.3455549478530884,-0.4592174291610718,0.11620047688484192,-0.21608370542526245,0.007449293974786997,0.13468267023563385,0.4580884873867035,-0.16553829610347748,0.13239330053329468,-0.10559233278036118,-0.06877093762159348,-0.02742607891559601,-1.0436506271362305,0.4560154676437378,-0.7445628643035889,-0.27571287751197815,0.05580040067434311,-0.06443728506565094,0.2671492397785187,-1.0660600662231445,-1.2784286737442017,0.473432719707489,-0.22094956040382385,-0.13445036113262177,-0.03591839224100113,-0.24122461676597595
0.06404640525579453,-0.5086743831634521,0.7589271068572998,-0.05088711902499199,0.03568454831838608,-0.7260377407073975,0.6848402619361877,0.04746897518634796,0.1825442910194397,-0.03445590287446976,0.35195720195770264,-0.4579387307167053,0.10772047191858292,-0.2017955183982849,0.02473718859255314,0.12278947979211807,0.44010791182518005,-0.15541577339172363,0.11974282562732697,-0.11356557905673981,-0.06010488048195839,-0.031248848885297775,-1.040633201599121,0.4618147611618042,-0.7252808809280396,-0.27405938506126404,0.06692007929086685,-0.06384870409965515,0.2817354202270508,-1.0587146282196045,-1.2363464832305908,0.4533839225769043,-0.19930705428123474,-0.1414744257926941,-0.034383054822683334,-0.26698821783065796
0.06087762862443924,-0.5108844041824341,0.7588428258895874,-0.053039588034152985,0.03787734732031822,-0.7304050922393799,0.6798974275588989,0.04478824511170387,0.20203682780265808,-0.027015937492251396,0.3670879602432251,-0.45845335721969604,0.10015855729579926,-0.18913456797599792,0.042244717478752136,0.11058072745800018,0.4256255328655243,-0.14553982019424438,0.10885979235172272,-0.11971922963857651,-0.05062035098671913,-0.03582294285297394,-1.0415148735046387,0.4726399779319763,-0.7123028039932251,-0.27411895990371704,0.07970557361841202,-0.06473766267299652,0.29736757278442383,-1.0373497009277344,-1.180265188217163,0.41644564270973206,-0.1890581250190735,-0.1515876054763794,-0.03515101969242096,-0.3044278025627136
0.057259075343608856,-0.5134395360946655,0.7582950592041016,-0.05469245836138725,0.0399533249437809,-0.7372229099273682,0.6722461581230164,0.03994676470756531,0.22081336379051208,-0.022984769195318222,0.39233148097991943,-0.45965391397476196,0.0940505862236023,-0.17894601821899414,0.05932111293077469,0.09942205995321274,0.4149194359779358,-0.13568679988384247,0.1008356362581253,-0.12293779850006104,-0.04142346978187561,-0.0412144660949707,-1.0428955554962158,0.49828141927719116,-0.7049762010574341,-0.27475759387016296,0.09614721685647964,-0.0664830207824707,0.31343746185302734,-1.006719946861267,-1.1179875135421753,0.37107041478157043,-0.19070228934288025,-0.1640692949295044,-0.03717372566461563,-0.34701380133628845
0.05308490991592407,-0.5165891051292419,0.7572466135025024,-0.05609782785177231,0.04209638759493828,-0.7459664940834045,0.6622800827026367,0.033396393060684204,0.2402874082326889,-0.021641181781888008,0.4265342652797699,-0.46062466502189636,0.08798812329769135,-0.1714388132095337,0.07655739784240723,0.08802676945924759,0.40839794278144836,-0.12693841755390167,0.09319010376930237,-0.12047354876995087,-0.03498086333274841,-0.04778105020523071,-1.051628828048706,0.5251535177230835,-0.7075269818305969,-0.2704887390136719,0.11288215219974518,-0.064948171377182,0.32726889848709106,-0.9784631133079529,-1.044386625289917,0.3272816836833954,-0.18210457265377045,-0.17340868711471558,-0.0344700813293457,-0.3909853398799896
0.04835115745663643,-0.5203618407249451,0.7550902366638184,-0.05796125903725624,0.044083137065172195,-0.7563866376876831,0.6500588655471802,0.02195325493812561,0.26042312383651733,-0.02554706111550331,0.478274941444397,-0.4641684293746948,0.08352858573198318,-0.16615194082260132,0.0949903279542923,0.07638528943061829,0.40903201699256897,-0.12369123101234436,0.08527355641126633,-0.11352519690990448,-0.029198141768574715,-0.052631642669439316,-1.0633692741394043,0.5533034801483154,-0.7208168506622314,-0.26052212715148926,0.12880420684814453,-0.06149537116289139,0.33703094720840454,-0.9581109881401062,-0.9658628702163696,0.29122376441955566,-0.16088296473026276,-0.17600390315055847,-0.030313756316900253,-0.4344073534011841
0.04319491237401962,-0.5245120525360107,0.7533019185066223,-0.05967400223016739,0.045850738883018494,-0.7677950859069824,0.6362605690956116,0.004433480091392994,0.27764877676963806,-0.039471887052059174,0.5441074967384338,-0.4665255546569824,0.07944146543741226,-0.16180011630058289,0.11337049305438995,0.06631524115800858,0.41155561804771423,-0.12189079821109772,0.07905008643865585,-0.10597153007984161,-0.02713024988770485,-0.05618938431143761,-1.0673785209655762,0.5836377739906311,-0.7347598075866699,-0.2527507543563843,0.14194513857364655,-0.05867381393909454,0.34690797328948975,-0.9333964586257935,-0.8869228363037109,0.25766807794570923,-0.13648688793182373,-0.1699921190738678,-0.029810190200805664,-0.4745483994483948
0.03790111839771271,-0.528994619846344,0.753516435623169,-0.06111467257142067,0.046775102615356445,-0.7785753011703491,0.6228141784667969,-0.008178424090147018,0.2903848886489868,-0.05696273595094681,0.6007164716720581,-0.4688394069671631,0.07827696204185486,-0.15833920240402222,0.13061919808387756,0.06276910752058029,0.4161372184753418,-0.12235058844089508,0.07831619679927826,-0.09758387506008148,-0.026980895549058914,-0.058754000812768936,-1.0680418014526367,0.6105545163154602,-0.753203272819519,-0.24532407522201538,0.1561271846294403,-0.055426549166440964,0.3509538769721985,-0.9163844585418701,-0.8191022276878357,0.22828346490859985,-0.11526024341583252,-0.16427479684352875,-0.029313575476408005,-0.5126438140869141
0.032807089388370514,-0.5334843397140503,0.7536925673484802,-0.0627700686454773,0.04711468145251274,-0.7876074910163879,0.6111583709716797,-0.018340276554226875,0.2989884912967682,-0.0771794319152832,0.6500327587127686,-0.47034335136413574,0.0779789611697197,-0.1537887156009674,0.1464497596025467,0.06274291127920151,0.42003095149993896,-0.12225008010864258,0.07877582311630249,-0.0875978097319603,-0.027372341603040695,-0.06118115782737732,-1.0646641254425049,0.639956533908844,-0.767261266708374,-0.2402021586894989,0.16950663924217224,-0.05310749262571335,0.3554310202598572,-0.9021235704421997,-0.76310795545578,0.2006196528673172,-0.101711705327034,-0.15821069478988647,-0.03069407306611538,-0.5474052429199219
0.027996182441711426,-0.537912130355835,0.7542586922645569,-0.06376069039106369,0.0471845306456089,-0.7940314412117004,0.6026792526245117,-0.026989171281456947,0.3031230568885803,-0.09555807709693909,0.6869274973869324,-0.46888479590415955,0.07818496227264404,-0.1461118757724762,0.15891212224960327,0.06496354192495346,0.4164963960647583,-0.12019824981689453,0.07956470549106598,-0.0699070543050766,-0.029776426032185555,-0.06235204264521599,-1.0576103925704956,0.6585047841072083,-0.7661813497543335,-0.24537073075771332,0.17821457982063293,-0.050914227962493896,0.36788153648376465,-0.902294397354126,-0.7162011861801147,0.17374467849731445,-0.08140832185745239,-0.1498679220676422,-0.029716068878769875,-0.5833629369735718
0.023695245385169983,-0.5421547293663025,0.7547057867050171,-0.06439928710460663,0.04761857911944389,-0.7987992167472839,0.5962424278259277,-0.03502820432186127,0.3059208393096924,-0.10873471200466156,0.7119026780128479,-0.46806395053863525,0.07828924059867859,-0.13756892085075378,0.1694708913564682,0.06788544356822968,0.4104328155517578,-0.11945200711488724,0.078642338514328,-0.05424923449754715,-0.031027689576148987,-0.06091818958520889,-1.0679092407226562,0.6823991537094116,-0.7571868896484375,-0.2597312331199646,0.19059661030769348,-0.048121675848960876,0.3856743574142456,-0.9012811183929443,-0.693406343460083,0.1491822749376297,-0.06880544871091843,-0.1438945233821869,-0.029442332684993744,-0.613682210445404
0.020095696672797203,-0.5458829402923584,0.7555163502693176,-0.06426811963319778,0.04772161319851875,-0.8012691736221313,0.5929250121116638,-0.03729004040360451,0.30558109283447266,-0.11763592064380646,0.7179940938949585,-0.466163694858551,0.07661011815071106,-0.12736423313617706,0.17624050378799438,0.0712977796792984,0.40072667598724365,-0.11763525009155273,0.07958891987800598,-0.04394173249602318,-0.030230235308408737,-0.061971038579940796,-1.1044312715530396,0.7184457778930664,-0.7490609288215637,-0.2774580121040344,0.20581525564193726,-0.04422779008746147,0.4073202908039093,-0.8982423543930054,-0.699978232383728,0.13115152716636658,-0.07087883353233337,-0.14436212182044983,-0.031186267733573914,-0.630666971206665
0.01720414124429226,-0.5489271879196167,0.7569452524185181,-0.06316349655389786,0.04763740673661232,-0.8012983202934265,0.5930110216140747,-0.03655320405960083,0.3031763434410095,-0.12113218009471893,0.705783486366272,-0.4605671763420105,0.07394956797361374,-0.11294300854206085,0.17872263491153717,0.07503478229045868,0.38097378611564636,-0.11284196376800537,0.07941129803657532,-0.02987438440322876,-0.024003736674785614,-0.06215229630470276,-1.1527187824249268,0.773248553276062,-0.7454092502593994,-0.2752585709095001,0.21832630038261414,-0.03785870596766472,0.42994236946105957,-0.8976737856864929,-0.7297369241714478,0.1248742863535881,-0.07762423157691956,-0.14894287288188934,-0.03129883483052254,-0.6354037523269653
0.014889204874634743,-0.5512595176696777,0.7588787078857422,-0.06127993017435074,0.046759724617004395,-0.7986990809440613,0.596773087978363,-0.03435652703046799,0.29743167757987976,-0.12165150046348572,0.6810734272003174,-0.450225293636322,0.07164489477872849,-0.09473825991153717,0.1769724041223526,0.08137497305870056,0.35421639680862427,-0.10607223212718964,0.08122127503156662,-0.010142050683498383,-0.013120833784341812,-0.06061906740069389,-1.1979584693908691,0.8522754907608032,-0.7402209043502808,-0.2558664083480835,0.223549947142601,-0.03287535905838013,0.45569175481796265,-0.8987283706665039,-0.7816169261932373,0.125657320022583,-0.08608045428991318,-0.15418073534965515,-0.031637318432331085,-0.6309314966201782
0.012881102040410042,-0.553054928779602,0.7611284255981445,-0.058331046253442764,0.04479067400097847,-0.793279767036438,0.6043992638587952,-0.028382867574691772,0.28781741857528687,-0.12064820528030396,0.6417127847671509,-0.43528464436531067,0.07081978023052216,-0.0759429782629013,0.17022931575775146,0.08957645297050476,0.32823315262794495,-0.09973255544900894,0.08719895780086517,0.012157443910837173,0.002512124367058277,-0.0569898784160614,-1.2532627582550049,0.9532178640365601,-0.7513878345489502,-0.23174646496772766,0.222756028175354,-0.03244929760694504,0.47392529249191284,-0.9040716886520386,-0.8539416193962097,0.1368134617805481,-0.09612539410591125,-0.16103991866111755,-0.03232940286397934,-0.618777334690094
0.01091038342565298,-0.5544559955596924,0.7634814977645874,-0.05446677654981613,0.041780661791563034,-0.7848966121673584,0.6158124804496765,-0.023722421377897263,0.2758790850639343,-0.12111054360866547,0.5995743870735168,-0.4168921411037445,0.06898757815361023,-0.05782154202461243,0.15913832187652588,0.0993993952870369,0.305483877658844,-0.09524887800216675,0.0959620475769043,0.035055749118328094,0.020992817357182503,-0.051652099937200546,-1.3234314918518066,1.0523345470428467,-0.7856296896934509,-0.2295469343662262,0.22025564312934875,-0.03850345313549042,0.4799620509147644,-0.9253286123275757,-0.9360215663909912,0.15806645154953003,-0.11119810491800308,-0.16873908042907715,-0.033034536987543106,-0.6036837697029114
0.008618227206170559,-0.5555697679519653,0.7658266425132751,-0.049931060522794724,0.0377381332218647,-0.7728707790374756,0.6314692497253418,-0.022603876888751984,0.26354777812957764,-0.12291395664215088,0.5628769397735596,-0.39700955152511597,0.06515339761972427,-0.04061922803521156,0.14429983496665955,0.10992412269115448,0.2857404053211212,-0.09278955310583115,0.10662825405597687,0.05685803294181824,0.03866846486926079,-0.04763137176632881,-1.397803783416748,1.133971929550171,-0.8348920941352844,-0.23979854583740234,0.21799615025520325,-0.047540824860334396,0.4756634831428528,-0.9559714794158936,-1.0176112651824951,0.18705078959465027,-0.12307357788085938,-0.17520374059677124,-0.03428765386343002,-0.5854870676994324
0.0057952492497861385,-0.556484580039978,0.7679082155227661,-0.045534975826740265,0.03274732455611229,-0.7568703293800354,0.6511538624763489,-0.02355801872909069,0.25386670231819153,-0.12539705634117126,0.5382995009422302,-0.3801937401294708,0.05896497517824173,-0.02524871565401554,0.1282723844051361,0.12104529142379761,0.2703016400337219,-0.09273874759674072,0.117306649684906,0.06866799294948578,0.05519571155309677,-0.049122244119644165,-1.4558143615722656,1.1990101337432861,-0.878205418586731,-0.2529844343662262,0.2171219140291214,-0.05582844465970993,0.4684981107711792,-0.9802757501602173,-1.0988320112228394,0.20834344625473022,-0.13719666004180908,-0.1818612813949585,-0.03746357560157776,-0.568816065788269
0.002488161902874708,-0.557204008102417,0.7699377536773682,-0.04148741811513901,0.0267370343208313,-0.7365061640739441,0.6746277809143066,-0.025677448138594627,0.24682310223579407,-0.12719036638736725,0.5206508636474609,-0.365975022315979,0.05371658504009247,-0.009530467912554741,0.1113773062825203,0.13107363879680634,0.2543312609195709,-0.09216368943452835,0.12938204407691956,0.07519253343343735,0.07039205729961395,-0.05505425110459328,-1.4901834726333618,1.2574384212493896,-0.9098358154296875,-0.26555636525154114,0.21647705137729645,-0.06446173787117004,0.46322953701019287,-0.9900473356246948,-1.1735193729400635,0.2191890925168991,-0.14998535811901093,-0.1867658495903015,-0.041779980063438416,-0.5563029050827026
-0.0010122442618012428,-0.5578696727752686,0.771430253982544,-0.03858419507741928,0.019722219556570053,-0.7133756875991821,0.6994408369064331,-0.02957887016236782,0.2428298443555832,-0.1288566291332245,0.5071334838867188,-0.35556289553642273,0.050264958292245865,0.0051404451951384544,0.09535909444093704,0.1404673308134079,0.24365711212158203,-0.0954117476940155,0.1398094892501831,0.07163548469543457,0.0830581933259964,-0.06144246831536293,-1.5007362365722656,1.298384189605713,-0.9203909039497375,-0.27306100726127625,0.21700021624565125,-0.07174036651849747,0.4622436761856079,-0.9859783053398132,-1.2355884313583374,0.21617701649665833,-0.16819505393505096,-0.19290414452552795,-0.04716263338923454,-0.5489317774772644
-0.004364334512501955,-0.5586656332015991,0.7722866535186768,-0.03649395331740379,0.012195388786494732,-0.6893706917762756,0.7233861684799194,-0.031119175255298615,0.24095332622528076,-0.12868258357048035,0.4877149760723114,-0.3473933935165405,0.04874925687909126,0.018779199570417404,0.07915083318948746,0.14901143312454224,0.23862846195697784,-0.1037285104393959,0.1497003734111786,0.06206768378615379,0.09256185591220856,-0.06979330629110336,-1.4981026649475098,1.3209768533706665,-0.9111417531967163,-0.2946583032608032,0.2222478985786438,-0.08012740314006805,0.46593379974365234,-0.9702363014221191,-1.290055513381958,0.20805448293685913,-0.1936728060245514,-0.20129013061523438,-0.05233754217624664,-0.5400712490081787
-0.007300445344299078,-0.5596269369125366,0.7726230621337891,-0.034906141459941864,0.004293749574571848,-0.6662872433662415,0.744865357875824,-0.029117843136191368,0.23882463574409485,-0.12623676657676697,0.4645979702472687,-0.3405470848083496,0.0485619455575943,0.031295277178287506,0.06163399666547775,0.1566920429468155,0.24066641926765442,-0.11664710938930511,0.1575760543346405,0.05239566043019295,0.09838753938674927,-0.08149390667676926,-1.4842928647994995,1.3388011455535889,-0.8808412551879883,-0.32238155603408813,0.23373600840568542,-0.08594119548797607,0.47819000482559204,-0.9445483684539795,-1.3394107818603516,0.19371309876441956,-0.2164440155029297,-0.21298375725746155,-0.05540666729211807,-0.5333142876625061
-0.009668068960309029,-0.5606552958488464,0.7726192474365234,-0.032747749239206314,-0.00366029841825366,-0.6450896859169006,0.7633959650993347,-0.02227919176220894,0.2322598099708557,-0.11873900890350342,0.43569791316986084,-0.3339264988899231,0.05232889950275421,0.04016881436109543,0.04073018953204155,0.16331079602241516,0.25042465329170227,-0.13329526782035828,0.16358943283557892,0.047363027930259705,0.10096118599176407,-0.09316442906856537,-1.4597525596618652,1.3500920534133911,-0.8328609466552734,-0.3495313227176666,0.24906370043754578,-0.0883740782737732,0.4960921108722687,-0.9166708588600159,-1.378269076347351,0.174843430519104,-0.2284291684627533,-0.2257278859615326,-0.05546066164970398,-0.5285568237304688
-0.011315759271383286,-0.5617011189460754,0.7722710371017456,-0.030559802427887917,-0.011836236342787743,-0.625370979309082,0.7796391248703003,-0.012308946810662746,0.22066450119018555,-0.11032634973526001,0.40653544664382935,-0.32681578397750854,0.057173795998096466,0.045653097331523895,0.01762634515762329,0.16794100403785706,0.268855482339859,-0.15218698978424072,0.16714639961719513,0.04733145236968994,0.09895861148834229,-0.1059066653251648,-1.408671259880066,1.3524284362792969,-0.7571328282356262,-0.36893242597579956,0.26285871863365173,-0.08892777562141418,0.5196295976638794,-0.881500244140625,-1.4022072553634644,0.14762800931930542,-0.22749096155166626,-0.23400059342384338,-0.05472791939973831,-0.5257835984230042
-0.012148119509220123,-0.5628135204315186,0.7714201211929321,-0.028705142438411713,-0.019262975081801414,-0.6075147390365601,0.793555736541748,-0.004629905801266432,0.20677495002746582,-0.10252354294061661,0.385673463344574,-0.3215789794921875,0.06189823895692825,0.04863037168979645,-0.005389426834881306,0.1716979444026947,0.2923496961593628,-0.1716788113117218,0.16918334364891052,0.04955491051077843,0.09677530825138092,-0.11769363284111023,-1.3359665870666504,1.3481477499008179,-0.662042498588562,-0.3834349513053894,0.27456027269363403,-0.08908312022686005,0.5455657839775085,-0.8407231569290161,-1.4203426837921143,0.11261589080095291,-0.21882936358451843,-0.23736241459846497,-0.05348387360572815,-0.5271561741828918
-0.012031491845846176,-0.5639927983283997,0.7700310349464417,-0.02720753662288189,-0.025322329252958298,-0.5923643708229065,0.8048124313354492,0.0014168007764965296,0.19308918714523315,-0.09329419583082199,0.3710532486438751,-0.3188737630844116,0.06695126742124557,0.04942205548286438,-0.02863672375679016,0.17483651638031006,0.3166666030883789,-0.18997007608413696,0.1712835282087326,0.04990056902170181,0.09629027545452118,-0.12631003558635712,-1.2579529285430908,1.334141731262207,-0.5650929808616638,-0.39144447445869446,0.28285619616508484,-0.08910268545150757,0.5711661577224731,-0.801620602607727,-1.435301661491394,0.07662167400121689,-0.20586323738098145,-0.23656721413135529,-0.05215828865766525,-0.5306379795074463
-0.01075645349919796,-0.5652397871017456,0.7681668996810913,-0.024931650608778,-0.030026696622371674,-0.5792447328567505,0.8142188787460327,0.00820446852594614,0.1771553009748459,-0.08148471266031265,0.3565495014190674,-0.31506821513175964,0.07354998588562012,0.04633744806051254,-0.05585075914859772,0.1762097328901291,0.3436880111694336,-0.20721124112606049,0.17369702458381653,0.050157830119132996,0.09576936066150665,-0.1378260850906372,-1.158921480178833,1.3133571147918701,-0.4500827193260193,-0.3931269347667694,0.28861820697784424,-0.0910937488079071,0.5981286764144897,-0.7593742609024048,-1.4541552066802979,0.03261701762676239,-0.18437322974205017,-0.22970496118068695,-0.052051156759262085,-0.5388696193695068
-0.00815507210791111,-0.5667070746421814,0.7655029296875,-0.02349153533577919,-0.03341594710946083,-0.567969560623169,0.8220353126525879,0.01604744978249073,0.16153404116630554,-0.06647029519081116,0.34782466292381287,-0.314899206161499,0.08252791315317154,0.04194578900933266,-0.08329129219055176,0.17532216012477875,0.37313318252563477,-0.22294580936431885,0.1748885214328766,0.05007750540971756,0.09503528475761414,-0.14926095306873322,-1.0642105340957642,1.2888147830963135,-0.3384113311767578,-0.39170312881469727,0.29055678844451904,-0.09182246029376984,0.6284112930297852,-0.7187690734863281,-1.4694361686706543,-0.009625982493162155,-0.16364246606826782,-0.22039544582366943,-0.05226308852434158,-0.5498674511909485
-0.003939663525670767,-0.5684326887130737,0.7619459629058838,-0.02080746926367283,-0.035242751240730286,-0.5577175617218018,0.829021155834198,0.02003462240099907,0.14169055223464966,-0.05120578408241272,0.3463529050350189,-0.31706875562667847,0.09381213784217834,0.031181612983345985,-0.1140473335981369,0.1734587848186493,0.4102938175201416,-0.23956383764743805,0.17652708292007446,0.05088485777378082,0.09517887234687805,-0.15961208939552307,-0.9367873072624207,1.243682622909546,-0.1971409022808075,-0.3872581124305725,0.28560787439346313,-0.0965828150510788,0.6645231246948242,-0.6674845218658447,-1.475839376449585,-0.06693953275680542,-0.14365515112876892,-0.20562490820884705,-0.05468849092721939,-0.5669996738433838
0.0018038421403616667,-0.5704705715179443,0.7577548027038574,-0.018782667815685272,-0.03607673943042755,-0.548930823802948,0.834877610206604,0.023280808702111244,0.12190893292427063,-0.035864535719156265,0.3517947196960449,-0.3220542371273041,0.10621029883623123,0.021445779129862785,-0.14310261607170105,0.17138034105300903,0.4467041790485382,-0.2534061074256897,0.17774012684822083,0.05281071364879608,0.09712672233581543,-0.16759511828422546,-0.8104081153869629,1.1812692880630493,-0.06795567274093628,-0.3645647168159485,0.2702440917491913,-0.09970028698444366,0.702034056186676,-0.6193938851356506,-1.4688388109207153,-0.12271364033222198,-0.12114319950342178,-0.18690980970859528,-0.056488700211048126,-0.586307942867279
0.008778490126132965,-0.5728113651275635,0.7534422874450684,-0.017151789739727974,-0.0370771624147892,-0.5407397747039795,0.8401973843574524,0.024942049756646156,0.10038876533508301,-0.021663159132003784,0.3681362271308899,-0.3319553732872009,0.1205451712012291,0.01214301772415638,-0.17040416598320007,0.1693217009305954,0.4902515411376953,-0.2688351273536682,0.17758947610855103,0.060077372938394547,0.0970972552895546,-0.1767793893814087,-0.6932967901229858,1.103341817855835,0.03875353932380676,-0.3241458535194397,0.24352574348449707,-0.10366342961788177,0.7364704608917236,-0.5800226926803589,-1.4484974145889282,-0.1680726259946823,-0.08957540988922119,-0.16191768646240234,-0.05726455897092819,-0.6022211909294128
0.016324510797858238,-0.5752245783805847,0.7537878751754761,-0.015864500775933266,-0.03797026723623276,-0.5329384207725525,0.845152735710144,0.02680145762860775,0.07894498109817505,-0.009858719073235989,0.3865085542201996,-0.3412743806838989,0.1329064518213272,0.005617891903966665,-0.19486814737319946,0.16706982254981995,0.532539963722229,-0.28319403529167175,0.1770256757736206,0.0661630779504776,0.0952606052160263,-0.18868231773376465,-0.578356146812439,1.0122753381729126,0.13030791282653809,-0.2741585373878479,0.20959064364433289,-0.11126847565174103,0.7682169675827026,-0.543265700340271,-1.4178996086120605,-0.2074425220489502,-0.06147318333387375,-0.13474521040916443,-0.059959426522254944,-0.617164134979248
0.023892153054475784,-0.5775994062423706,0.7536121606826782,-0.014909030869603157,-0.03878374770283699,-0.5262755155563354,0.8492982983589172,0.029011208564043045,0.05964667722582817,8.959835395216942e-05,0.4060688316822052,-0.3516043424606323,0.14302438497543335,0.0009479536674916744,-0.21552614867687225,0.16525499522686005,0.570895254611969,-0.29634055495262146,0.1753157526254654,0.06126108393073082,0.09424051642417908,-0.19815471768379211,-0.48339542746543884,0.912696361541748,0.2004348635673523,-0.22887542843818665,0.17269393801689148,-0.12140762805938721,0.7953317165374756,-0.5054938793182373,-1.3790912628173828,-0.2400853931903839,-0.05044577643275261,-0.11184111982584,-0.06532743573188782,-0.6286560893058777
0.030999887734651566,-0.5799306035041809,0.7532346248626709,-0.014014159329235554,-0.038592614233493805,-0.5213431715965271,0.8523587584495544,0.031091468408703804,0.04360403120517731,0.007639599964022636,0.422177791595459,-0.3611530065536499,0.1490059494972229,-0.002709942404180765,-0.2323664426803589,0.16441981494426727,0.6003660559654236,-0.30785703659057617,0.17360754311084747,0.05022082105278969,0.09482315927743912,-0.20363903045654297,-0.41596466302871704,0.8252477049827576,0.25128409266471863,-0.2029871940612793,0.14117035269737244,-0.13476461172103882,0.8171404600143433,-0.4680396318435669,-1.3454997539520264,-0.2678177058696747,-0.052883438766002655,-0.09588484466075897,-0.06973552703857422,-0.6352803707122803
0.03742508590221405,-0.5822025537490845,0.7530262470245361,-0.013206418603658676,-0.03635956346988678,-0.519041895866394,0.853873074054718,0.03176138550043106,0.03235327824950218,0.012616168707609177,0.4330567717552185,-0.3687204122543335,0.15081806480884552,-0.006769939325749874,-0.24434496462345123,0.16560369729995728,0.6185479164123535,-0.3161458969116211,0.16985772550106049,0.038755111396312714,0.09683060646057129,-0.20375367999076843,-0.3931601047515869,0.7822399735450745,0.2698562741279602,-0.18741291761398315,0.11917610466480255,-0.1435258984565735,0.8273632526397705,-0.4387317895889282,-1.3352351188659668,-0.27472102642059326,-0.052754320204257965,-0.08465887606143951,-0.06955403089523315,-0.6251457929611206
0.043198585510253906,-0.5842149257659912,0.7540186643600464,-0.012769432738423347,-0.03178587928414345,-0.5198079943656921,0.853596031665802,0.035389143973588943,0.026581641286611557,0.015670018270611763,0.4273778200149536,-0.36776772141456604,0.14606161415576935,-0.012075544334948063,-0.2512604892253876,0.1702926754951477,0.6195745468139648,-0.31601783633232117,0.16693727672100067,0.026359861716628075,0.10173504054546356,-0.2007531374692917,-0.4150388836860657,0.8041394948959351,0.2707406282424927,-0.17462901771068573,0.10561656206846237,-0.14955446124076843,0.8290201425552368,-0.4249999523162842,-1.3658514022827148,-0.26864781975746155,-0.044559087604284286,-0.07571491599082947,-0.06892810016870499,-0.6016844511032104
0.04838036000728607,-0.5859678387641907,0.75645512342453,-0.013633325695991516,-0.026084743440151215,-0.5237964987754822,0.851334810256958,0.046996109187603,0.02711617201566696,0.01711127907037735,0.400930255651474,-0.35659950971603394,0.13524702191352844,-0.01532982848584652,-0.2528175115585327,0.17574936151504517,0.6031098365783691,-0.3056338429450989,0.1620197892189026,0.019066983833909035,0.10232390463352203,-0.19889533519744873,-0.5176253318786621,0.8727436065673828,0.21671360731124878,-0.14214791357517242,0.09191294759511948,-0.15335357189178467,0.8174142837524414,-0.458707332611084,-1.4230072498321533,-0.22888045012950897,-0.029156740754842758,-0.06646488606929779,-0.0719343051314354,-0.5651431083679199
0.05291184037923813,-0.5874162912368774,0.7594481706619263,-0.01564711518585682,-0.02046927437186241,-0.5308676958084106,0.8470629453659058,0.06134462356567383,0.03258304297924042,0.016144005581736565,0.3659546971321106,-0.3400821089744568,0.12007851898670197,-0.018453285098075867,-0.24936455488204956,0.18101760745048523,0.5779391527175903,-0.2878912687301636,0.15415219962596893,0.013703634962439537,0.09262438118457794,-0.19504210352897644,-0.7062749862670898,0.9317346811294556,0.10272920876741409,-0.09824231266975403,0.07879236340522766,-0.1524168848991394,0.8042485117912292,-0.55292809009552,-1.4732635021209717,-0.1500588357448578,-0.012596938759088516,-0.062281906604766846,-0.07458614557981491,-0.5302802324295044
0.05663914233446121,-0.5887026786804199,0.7615241408348083,-0.017612632364034653,-0.014981169253587723,-0.5407698154449463,0.8408527374267578,0.06716214865446091,0.04078679531812668,0.013697808608412743,0.3430889844894409,-0.3300558030605316,0.10869544744491577,-0.02531399019062519,-0.24328115582466125,0.1835116744041443,0.5543128848075867,-0.26945823431015015,0.14160765707492828,0.009782582521438599,0.07160722464323044,-0.18523328006267548,-0.9669979214668274,0.925487756729126,-0.07014589011669159,-0.029138460755348206,0.06055889651179314,-0.14405982196331024,0.7900551557540894,-0.7413269281387329,-1.4667062759399414,-0.0039929598569869995,0.004582998342812061,-0.06262629479169846,-0.07384484261274338,-0.49646514654159546
0.05962468683719635,-0.5897924900054932,0.7625976800918579,-0.019050471484661102,-0.01102497335523367,-0.5523670315742493,0.8333103656768799,0.06423386186361313,0.048458099365234375,0.007214682642370462,0.33668091893196106,-0.3264242708683014,0.09835949540138245,-0.036179352551698685,-0.23758375644683838,0.1834402084350586,0.5386733412742615,-0.2556409537792206,0.12929195165634155,-0.0005490342155098915,0.060620248317718506,-0.16853848099708557,-1.181931734085083,0.8408681154251099,-0.19511465728282928,0.04929949715733528,0.03047870099544525,-0.13822166621685028,0.7815639972686768,-1.0081233978271484,-1.3299436569213867,0.1953228861093521,0.06564677506685257,-0.05324363708496094,-0.06862442195415497,-0.47244131565093994
0.06182286888360977,-0.5905753374099731,0.7628953456878662,-0.02016952633857727,-0.00836215354502201,-0.5650206208229065,0.8247878551483154,0.05194111913442612,0.05639711022377014,2.389727160334587e-05,0.3466845750808716,-0.32813334465026855,0.08866345882415771,-0.051951535046100616,-0.23120759427547455,0.1808815747499466,0.5340607166290283,-0.25023511052131653,0.11628979444503784,-0.007832388393580914,0.05980265885591507,-0.1328311264514923,-1.3116062879562378,0.6636466979980469,-0.2552238702774048,0.133405864238739,-0.010595396161079407,-0.13234062492847443,0.7643555402755737,-1.2063125371932983,-1.0819193124771118,0.33994215726852417,0.16071391105651855,-0.02899254485964775,-0.06390596181154251,-0.45128345489501953
0.06330757588148117,-0.590981662273407,0.7623330354690552,-0.02097117155790329,-0.006397224962711334,-0.5789815783500671,0.8150458335876465,0.03180812671780586,0.06467009335756302,-0.005261561367660761,0.3743175268173218,-0.3353827893733978,0.08215668797492981,-0.07234956324100494,-0.22279272973537445,0.17614130675792694,0.5422849655151367,-0.25287315249443054,0.09976686537265778,-0.018261102959513664,0.05847448110580444,-0.09156055748462677,-1.3666563034057617,0.44304126501083374,-0.29818785190582275,0.2661915421485901,-0.0714557021856308,-0.12143653631210327,0.7337499856948853,-1.2968754768371582,-0.7879889011383057,0.4173848330974579,0.26752233505249023,0.007799319922924042,-0.06037032604217529,-0.4356966018676758
0.06423135101795197,-0.5911784768104553,0.7610288858413696,-0.0223830658942461,-0.004255250561982393,-0.5911137461662292,0.8062663078308105,0.009230315685272217,0.07400891929864883,-0.015859659761190414,0.4094269275665283,-0.34878450632095337,0.0777367353439331,-0.09484963119029999,-0.20770421624183655,0.17091448605060577,0.5596187114715576,-0.25988566875457764,0.08776335418224335,-0.02414194494485855,0.05158583074808121,-0.052590787410736084,-1.337273359298706,0.22434687614440918,-0.3452313542366028,0.3625922203063965,-0.11305248737335205,-0.11274796724319458,0.6985071897506714,-1.2775535583496094,-0.5081642270088196,0.45385637879371643,0.3217344880104065,0.04212614521384239,-0.061442580074071884,-0.42930033802986145
0.06450843811035156,-0.5913543701171875,0.7586716413497925,-0.022077908739447594,-0.0025890313554555178,-0.6004685759544373,0.7993392944335938,-0.020991262048482895,0.08057035505771637,-0.027215998619794846,0.4562714099884033,-0.3644428253173828,0.07488114386796951,-0.12806779146194458,-0.1915878802537918,0.16819052398204803,0.597711443901062,-0.2709231972694397,0.06481165438890457,-0.029330670833587646,0.039850279688835144,-0.005561517551541328,-1.312620997428894,0.07294974476099014,-0.39536577463150024,0.5276317596435547,-0.17794013023376465,-0.09113852679729462,0.6595089435577393,-1.2384846210479736,-0.30653753876686096,0.48266875743865967,0.45000460743904114,0.09833908081054688,-0.04686739668250084,-0.41857463121414185
0.06409158557653427,-0.5915490388870239,0.7532085180282593,-0.021313218399882317,-0.002145035658031702,-0.6092278957366943,0.7927058339118958,-0.059970270842313766,0.08312691748142242,-0.041450135409832,0.5312561988830566,-0.3970571458339691,0.08340691775083542,-0.17101186513900757,-0.17336048185825348,0.16739286482334137,0.6623489260673523,-0.2946670353412628,0.05263850837945938,-0.03197219967842102,0.028924444690346718,0.04046238958835602,-1.2166105508804321,-0.04963092878460884,-0.4616618752479553,0.6666967868804932,-0.20612366497516632,-0.06504795700311661,0.5959641933441162,-1.1524498462677002,-0.1500241458415985,0.5263344049453735,0.5794409513473511,0.1450747698545456,-0.03333042562007904,-0.37609076499938965
0.0631224513053894,-0.5919337868690491,0.7449476718902588,-0.018825601786375046,-0.0009458012063987553,-0.617685079574585,0.7861995697021484,-0.1109040230512619,0.08449185639619827,-0.044988565146923065,0.6323397159576416,-0.436268150806427,0.1026558130979538,-0.22233252227306366,-0.15266212821006775,0.16601930558681488,0.746354341506958,-0.3339644968509674,0.028824612498283386,-0.04780513793230057,0.008802127093076706,0.08450204879045486,-1.1005146503448486,-0.14373062551021576,-0.5079373121261597,0.8971859216690063,-0.23511448502540588,-0.012911729514598846,0.5174322724342346,-1.0512136220932007,-0.016715124249458313,0.5845869779586792,0.7914954423904419,0.172201007604599,0.0013969521969556808,-0.31548404693603516
0.062144748866558075,-0.5927344560623169,0.7318205237388611,-0.015352817252278328,3.106414806097746e-05,-0.6235610246658325,0.7816239595413208,-0.17684197425842285,0.08027293533086777,-0.0477290078997612,0.7720235586166382,-0.48394492268562317,0.132413849234581,-0.28106755018234253,-0.1313454806804657,0.166181743144989,0.8592700958251953,-0.3854265809059143,0.008952176198363304,-0.054272595793008804,-0.004155211616307497,0.13889533281326294,-0.9678357839584351,-0.19147926568984985,-0.5014260411262512,1.1139745712280273,-0.2683066725730896,0.04173118993639946,0.457203209400177,-0.9481778740882874,0.07626868784427643,0.6192466020584106,0.9998129606246948,0.19750672578811646,0.03877178579568863,-0.26147350668907166
0.0611700713634491,-0.5946130156517029,0.7183431386947632,-0.010476444847881794,0.003186299465596676,-0.6277323365211487,0.7783522605895996,-0.23265956342220306,0.07219142466783524,-0.05697224289178848,0.8941930532455444,-0.5223246812820435,0.15594050288200378,-0.32699817419052124,-0.11265254020690918,0.16616153717041016,0.9555798172950745,-0.4248746335506439,0.01065392978489399,-0.04864785820245743,-0.0071920370683074,0.16478459537029266,-0.8055383563041687,-0.14772112667560577,-0.4127218425273895,1.2587387561798096,-0.3130524754524231,0.06952279806137085,0.4272940754890442,-0.8063324689865112,0.0725991502404213,0.5542894005775452,1.162570595741272,0.24287647008895874,0.06211141124367714,-0.23176684975624084
0.05971812829375267,-0.5972170233726501,0.7130336761474609,-0.005124394781887531,0.008463996462523937,-0.6308314800262451,0.7758567929267883,-0.26163971424102783,0.06370831280946732,-0.07935294508934021,0.9467666149139404,-0.5239636898040771,0.1505584865808487,-0.33756232261657715,-0.09473681449890137,0.17349857091903687,0.9790486097335815,-0.43245020508766174,0.03243942931294441,-0.028892716392874718,-0.009409460239112377,0.1641889363527298,-0.6488351225852966,0.025585338473320007,-0.2395552694797516,1.2817697525024414,-0.38675352931022644,0.04681064561009407,0.46394461393356323,-0.6522515416145325,-0.0526554211974144,0.3484973609447479,1.2415788173675537,0.3601142168045044,0.06001901999115944,-0.2563440203666687
0.05919116735458374,-0.5994536876678467,0.7209872007369995,-0.0006109944079071283,0.014326832257211208,-0.6304706931114197,0.7760806083679199,-0.25761890411376953,0.06251538544893265,-0.09958342462778091,0.9063194990158081,-0.47433245182037354,0.12266596406698227,-0.3211255371570587,-0.08118776977062225,0.18614712357521057,0.9281185865402222,-0.39590197801589966,0.06475115567445755,-0.003924639895558357,-0.012793474830687046,0.14941638708114624,-0.544464647769928,0.24067164957523346,-0.09058189392089844,1.2697649002075195,-0.4461284875869751,0.025939475744962692,0.5058645009994507,-0.5355318784713745,-0.2206449806690216,0.14185136556625366,1.2996773719787598,0.4724521040916443,0.06489791721105576,-0.2880578637123108
0.05975738540291786,-0.6006368398666382,0.7382214665412903,0.0020516582299023867,0.019420146942138672,-0.6267144680023193,0.7790042161941528,-0.228250652551651,0.0733054131269455,-0.11259976029396057,0.793258786201477,-0.3830808401107788,0.07441818714141846,-0.2811254560947418,-0.078252412378788,0.19709911942481995,0.8157491683959961,-0.31677332520484924,0.10735960304737091,0.016691915690898895,-0.02033139020204544,0.13115178048610687,-0.438860148191452,0.4762711822986603,0.03360311686992645,1.2655248641967773,-0.4544351100921631,0.014111394993960857,0.5191159844398499,-0.40501669049263,-0.4105645716190338,-0.04699999839067459,1.3496079444885254,0.5210349559783936,0.07193025946617126,-0.30179473757743835
0.06058740243315697,-0.6009175777435303,0.7557384967803955,0.003580595599487424,0.02345498465001583,-0.6211830973625183,0.7833061814308167,-0.19158659875392914,0.0887354165315628,-0.11720595508813858,0.6654588580131531,-0.2763013243675232,0.030898522585630417,-0.22789940237998962,-0.08101936429738998,0.20168781280517578,0.6808556318283081,-0.21661673486232758,0.14259646832942963,0.037171438336372375,-0.029127750545740128,0.10471098124980927,-0.325026273727417,0.7219895124435425,0.15550699830055237,1.2791311740875244,-0.41826051473617554,0.016181830316781998,0.5119506120681763,-0.2666446268558502,-0.6184594035148621,-0.2261684387922287,1.3916542530059814,0.5153992176055908,0.08078699558973312,-0.3001239597797394
0.061291009187698364,-0.6006444692611694,0.7695598602294922,0.005407966673374176,0.027346041053533554,-0.6145198345184326,0.7884087562561035,-0.1562020629644394,0.09950204193592072,-0.11330898106098175,0.5543845295906067,-0.1779160499572754,0.004396673291921616,-0.18081365525722504,-0.08546841144561768,0.19940784573554993,0.5588147640228271,-0.11780759692192078,0.16376158595085144,0.05397283658385277,-0.038197871297597885,0.07565907388925552,-0.23381131887435913,0.9676197171211243,0.2661978304386139,1.3105642795562744,-0.36006608605384827,0.02953473851084709,0.4907826781272888,-0.15289930999279022,-0.8494522571563721,-0.37746044993400574,1.4378676414489746,0.4653596580028534,0.09429892152547836,-0.28413015604019165
0.06138395890593529,-0.6000438928604126,0.7782800197601318,0.006798871327191591,0.03113262727856636,-0.6085574626922607,0.7928696870803833,-0.12450073659420013,0.1002083420753479,-0.1055370569229126,0.48112761974334717,-0.11185843497514725,-0.0043526459485292435,-0.1467418074607849,-0.08718982338905334,0.19184178113937378,0.46030193567276,-0.04034148156642914,0.16699470579624176,0.05821095407009125,-0.04327016323804855,0.042864035815000534,-0.16887767612934113,1.206709623336792,0.36010682582855225,1.3361232280731201,-0.29512378573417664,0.04275211691856384,0.4721375107765198,-0.05413161963224411,-1.0849478244781494,-0.5028353929519653,1.4697983264923096,0.3933010697364807,0.10264553874731064,-0.27186909317970276
0.05950391665101051,-0.5991625785827637,0.7822713255882263,0.007501589599996805,0.03497238829731941,-0.6022635698318481,0.7974955439567566,-0.09561866521835327,0.09005630016326904,-0.09432996809482574,0.4524134397506714,-0.0834861621260643,0.0016246940940618515,-0.13056208193302155,-0.08298491686582565,0.1778860092163086,0.38676342368125916,0.010207431390881538,0.15074384212493896,0.05152883380651474,-0.04287654161453247,0.017562225461006165,-0.139924094080925,1.4221839904785156,0.43269771337509155,1.345923900604248,-0.2271861732006073,0.05274299904704094,0.44864216446876526,0.009617466479539871,-1.3129373788833618,-0.596799373626709,1.4892953634262085,0.3065462112426758,0.10626585781574249,-0.25542154908180237
0.05451302230358124,-0.5977453589439392,0.78334641456604,0.0073586455546319485,0.0385965071618557,-0.597064733505249,0.801230251789093,-0.06369736790657043,0.07248686999082565,-0.07687358558177948,0.43996715545654297,-0.07962999492883682,0.017435790970921516,-0.12530171871185303,-0.07104618847370148,0.15724313259124756,0.32770511507987976,0.04087052494287491,0.12297265976667404,0.03981713205575943,-0.03659030795097351,-0.004994068294763565,-0.13066154718399048,1.6122499704360962,0.49551063776016235,1.327797532081604,-0.17037391662597656,0.05516551434993744,0.4345822334289551,0.038994062691926956,-1.524479866027832,-0.6690770387649536,1.4835000038146973,0.23132304847240448,0.10181566327810287,-0.24830177426338196
0.0467088520526886,-0.5958942770957947,0.7851623296737671,0.006881894078105688,0.041514720767736435,-0.5945102572441101,0.8029860854148865,-0.032378703355789185,0.04845179244875908,-0.0606507733464241,0.437160462141037,-0.09876254200935364,0.04576728865504265,-0.13218073546886444,-0.05096463859081268,0.13551808893680573,0.2862411141395569,0.05150747299194336,0.08545710891485214,0.0232896339148283,-0.02781505510210991,-0.011670052073895931,-0.1230798214673996,1.7833857536315918,0.5787332057952881,1.290245771408081,-0.12448383867740631,0.05448032170534134,0.42439544200897217,0.045970093458890915,-1.711700677871704,-0.7343911528587341,1.4605026245117188,0.17146798968315125,0.09255945682525635,-0.24357938766479492
0.03759026899933815,-0.5944312810897827,0.7846834659576416,0.004026021342724562,0.042395465075969696,-0.5927277207374573,0.8042762279510498,-0.00697079673409462,0.025531649589538574,-0.05021636560559273,0.44085004925727844,-0.13613131642341614,0.07952599972486496,-0.14499662816524506,-0.023097610101103783,0.11895157396793365,0.27423763275146484,0.04365341737866402,0.044829677790403366,0.01077114325016737,-0.01947670243680477,-0.01586088538169861,-0.049340058118104935,1.947225570678711,0.7415180206298828,1.2266327142715454,-0.09095791727304459,0.05211430415511131,0.4355514645576477,0.05869745463132858,-1.8775529861450195,-0.8048431873321533,1.420822024345398,0.12396656721830368,0.08024857938289642,-0.24786943197250366
0.028204400092363358,-0.593463659286499,0.7824076414108276,0.0004482570802792907,0.04175799340009689,-0.5922365784645081,0.8046813011169434,0.005658910609781742,0.006118587218225002,-0.039114389568567276,0.45875251293182373,-0.1918196827173233,0.11687924712896347,-0.16276854276657104,0.005473433993756771,0.1046266257762909,0.2802334427833557,0.02270922064781189,0.01060539297759533,0.004609177820384502,-0.007335033733397722,-0.016314633190631866,0.0255352184176445,2.0537214279174805,0.9054409861564636,1.1019803285598755,-0.06249615550041199,0.05194530636072159,0.4714815616607666,0.06467580050230026,-2.008434295654297,-0.8777183890342712,1.3293137550354004,0.09207340329885483,0.0701008215546608,-0.27199384570121765
0.01931176520884037,-0.5930503606796265,0.7787085771560669,-0.0012306843418627977,0.039649058133363724,-0.5906817317008972,0.8059289455413818,0.008383187465369701,-0.012821183539927006,-0.029948433861136436,0.49291759729385376,-0.2645092010498047,0.15353325009346008,-0.18829253315925598,0.025749247521162033,0.09176070988178253,0.31172680854797363,-0.01442000176757574,-0.015847571194171906,-0.005785000044852495,-0.0006964989006519318,-0.0023281779140233994,0.10445744544267654,2.122943878173828,1.0768685340881348,0.9657542705535889,-0.03767628222703934,0.058608733117580414,0.500748336315155,0.07651641964912415,-2.0935072898864746,-0.983805775642395,1.2195570468902588,0.070212721824646,0.06560167670249939,-0.29626044631004333
0.0110695231705904,-0.5932652354240417,0.7729554176330566,-0.0044743772596120834,0.03680775314569473,-0.5820303559303284,0.8123213052749634,0.005622548051178455,-0.024671096354722977,-0.026244599372148514,0.5623351335525513,-0.34627050161361694,0.17427757382392883,-0.2207450419664383,0.044088609516620636,0.07621224969625473,0.372264564037323,-0.06619047373533249,-0.03342574089765549,-0.029820652678608894,0.0007218067767098546,0.014148116111755371,0.2016577124595642,2.167938470840454,1.241184949874878,0.8166708946228027,-0.01561289094388485,0.06290057301521301,0.5105937123298645,0.10947661101818085,-2.1488046646118164,-1.1150157451629639,1.0845956802368164,0.05239253491163254,0.06002335622906685,-0.30440396070480347
0.0037602169904857874,-0.5947935581207275,0.7653418183326721,-0.0071402061730623245,0.03289451822638512,-0.5656540989875793,0.8239553570747375,-0.01088570524007082,-0.03316817432641983,-0.02773648127913475,0.6688910126686096,-0.4230538010597229,0.18365484476089478,-0.2613345682621002,0.05500616133213043,0.06420611590147018,0.4596281945705414,-0.12867577373981476,-0.04929521307349205,-0.06531290709972382,-0.005158404819667339,0.04605025053024292,0.3297778367996216,2.1971848011016846,1.4091072082519531,0.6041586399078369,-0.003680202644318342,0.05577324330806732,0.5110334753990173,0.17311102151870728,-2.1847479343414307,-1.286428451538086,0.8879090547561646,0.04600757360458374,0.04630078002810478,-0.3071061968803406
-0.0024974506814032793,-0.596868634223938,0.7543476819992065,-0.010246999561786652,0.027304580435156822,-0.5446267127990723,0.8381713628768921,-0.04558256268501282,-0.03656946122646332,-0.032719843089580536,0.8177285194396973,-0.4885968863964081,0.18802481889724731,-0.31186097860336304,0.062383681535720825,0.056590937077999115,0.5803512930870056,-0.20320303738117218,-0.061227113008499146,-0.10037997364997864,-0.01562945730984211,0.09735338389873505,0.4658297002315521,2.2161951065063477,1.5702905654907227,0.35991939902305603,-0.005023984704166651,0.03889535367488861,0.5177834630012512,0.25772881507873535,-2.208111047744751,-1.4833950996398926,0.6621599793434143,0.06275226175785065,0.02448955923318863,-0.3235064744949341
-0.00835095439106226,-0.5982047319412231,0.739678144454956,-0.012816068716347218,0.02127443440258503,-0.5213915109634399,0.8529560565948486,-0.08845631778240204,-0.039005715399980545,-0.0460042767226696,0.9774743318557739,-0.5391980409622192,0.18616391718387604,-0.3737391233444214,0.06843600422143936,0.05847978591918945,0.7182680368423462,-0.27868226170539856,-0.0579405277967453,-0.12371508777141571,-0.023566342890262604,0.17222033441066742,0.5892561078071594,2.2285516262054443,1.717614769935608,0.0902290940284729,-0.008165793493390083,0.01551114022731781,0.5513268113136292,0.3397793471813202,-2.223297119140625,-1.6558923721313477,0.4417450428009033,0.09301981329917908,-0.0002817511558532715,-0.36435163021087646
-0.014822596684098244,-0.5979071855545044,0.7196063995361328,-0.013186805881559849,0.018439246341586113,-0.4987739026546478,0.8664356470108032,-0.14105013012886047,-0.04431607574224472,-0.06930036842823029,1.1416736841201782,-0.5834116339683533,0.17222021520137787,-0.4649081826210022,0.07560740411281586,0.07063762098550797,0.8815957307815552,-0.3461880683898926,-0.038850147277116776,-0.13026826083660126,-0.02750823274254799,0.25568777322769165,0.6646323204040527,2.2365834712982178,1.8164496421813965,-0.1675543189048767,-0.002293818164616823,-0.002110779285430908,0.6154462099075317,0.4051301181316376,-2.233168125152588,-1.7747706174850464,0.2358383685350418,0.12069544196128845,-0.024434266611933708,-0.42127740383148193
-0.02214987203478813,-0.5960640907287598,0.6925739049911499,-0.009797926992177963,0.023441335186362267,-0.47987380623817444,0.8769695162773132,-0.21607038378715515,-0.05627810209989548,-0.10364233702421188,1.3124092817306519,-0.622002363204956,0.1470501720905304,-0.5985097885131836,0.08383706957101822,0.08938401192426682,1.0636674165725708,-0.3969852924346924,-0.002562994137406349,-0.12069080024957657,-0.02434123307466507,0.31797313690185547,0.7328751087188721,2.2418041229248047,1.8806922435760498,-0.3834155201911926,0.010577315464615822,-0.006204304285347462,0.6688351631164551,0.4847024977207184,-2.23958420753479,-1.8536007404327393,0.0599970668554306,0.13510635495185852,-0.03555510565638542,-0.44921478629112244
-0.029548123478889465,-0.5930778980255127,0.6567662954330444,-0.00625596521422267,0.031017357483506203,-0.46791601181030273,0.883206307888031,-0.29944080114364624,-0.0759178102016449,-0.14421208202838898,1.4891011714935303,-0.6661127209663391,0.11448092013597488,-0.7558697462081909,0.09486061334609985,0.10435481369495392,1.2613189220428467,-0.43949106335639954,0.043387122452259064,-0.10229422897100449,-0.010702494531869888,0.3595935106277466,0.8000302910804749,2.2451975345611572,1.9224498271942139,-0.5614540576934814,0.03470956161618233,0.0012278975918889046,0.7028720378875732,0.602341890335083,-2.2437546253204346,-1.9043452739715576,-0.07885795831680298,0.1324511617422104,-0.031941968947649,-0.4360673427581787
-0.035574086010456085,-0.5906596183776855,0.6132514476776123,-0.002442245837301016,0.041024673730134964,-0.46301135420799255,0.8853990435600281,-0.37935686111450195,-0.09722987562417984,-0.18059803545475006,1.6605900526046753,-0.7173701524734497,0.08114844560623169,-0.9295204281806946,0.10515616834163666,0.11066111922264099,1.4540314674377441,-0.47857123613357544,0.08290432393550873,-0.08437623083591461,0.005138984881341457,0.38952282071113586,0.858683168888092,2.247403383255005,1.9495923519134521,-0.6852211356163025,0.04417639970779419,0.022189028561115265,0.7530387043952942,0.7314536571502686,-2.2464654445648193,-1.9378244876861572,-0.1513577401638031,0.13586552441120148,-0.009523117914795876,-0.40774890780448914
-0.03941529244184494,-0.5893850326538086,0.5684958100318909,0.0024603658821433783,0.052275221794843674,-0.4632432460784912,0.8846846222877502,-0.4423527717590332,-0.11720427870750427,-0.21189290285110474,1.8032352924346924,-0.76837158203125,0.05027751624584198,-1.0976277589797974,0.11115218698978424,0.11070563644170761,1.6233386993408203,-0.5116419196128845,0.11026120185852051,-0.06657026708126068,0.027591094374656677,0.41010624170303345,0.8982011079788208,2.2488369941711426,1.9672350883483887,-0.7574954032897949,0.04128613695502281,0.0513792484998703,0.8133281469345093,0.8775947093963623,-2.24822735786438,-1.9564905166625977,-0.16866233944892883,0.1363222748041153,0.024824107065796852,-0.3527519404888153
-0.04105560854077339,-0.5893095135688782,0.5289676189422607,0.010835167020559311,0.06909724324941635,-0.4662512540817261,0.8818832039833069,-0.5138890147209167,-0.13734176754951477,-0.23927125334739685,1.915800929069519,-0.8043359518051147,0.021858537569642067,-1.2568424940109253,0.11463646590709686,0.1099783331155777,1.7528854608535767,-0.5396983623504639,0.13183341920375824,-0.04850275442004204,0.06000574305653572,0.4285876154899597,0.9070331454277039,2.2497689723968506,1.9787027835845947,-0.7980543375015259,0.03381812199950218,0.08000804483890533,0.8917056322097778,0.9725865125656128,-2.249372720718384,-1.9378371238708496,-0.15066055953502655,0.14599689841270447,0.06203865259885788,-0.2727370858192444
-0.03988729044795036,-0.5893878936767578,0.5088555812835693,0.013334030285477638,0.07971280068159103,-0.4696250557899475,0.8791589736938477,-0.5665185451507568,-0.15801706910133362,-0.2639617919921875,2.011002540588379,-0.8275434374809265,-0.0031160619109869003,-1.3664475679397583,0.11069995909929276,0.10969051718711853,1.8451788425445557,-0.5753551721572876,0.14520922303199768,-0.039695464074611664,0.10096104443073273,0.4501873850822449,0.9092069864273071,2.2503747940063477,1.986156702041626,-0.8127434849739075,0.01835901476442814,0.10755704343318939,0.9859884977340698,1.034331202507019,-2.250117063522339,-1.879098892211914,-0.12901392579078674,0.15888607501983643,0.09006522595882416,-0.18918907642364502
-0.037302229553461075,-0.5890568494796753,0.49310341477394104,0.0124565614387393,0.08406367152929306,-0.4731805920600891,0.8768571019172668,-0.6034948229789734,-0.18068501353263855,-0.28504711389541626,2.0890402793884277,-0.842572808265686,-0.026676613837480545,-1.4376908540725708,0.10524594783782959,0.11150956153869629,1.9151480197906494,-0.6112194061279297,0.15033909678459167,-0.046214789152145386,0.14707402884960175,0.4707691967487335,0.9007284045219421,2.2507684230804443,1.991001844406128,-0.8060206174850464,0.0011121882125735283,0.13497331738471985,1.0822458267211914,1.074465274810791,-2.250601053237915,-1.7882215976715088,-0.12280285358428955,0.16352976858615875,0.10410360991954803,-0.11602117866277695
-0.0345296636223793,-0.5882064700126648,0.47890082001686096,0.010823187418282032,0.08196714520454407,-0.4773308336734772,0.8748254776000977,-0.6368334293365479,-0.2079780548810959,-0.30031582713127136,2.161530017852783,-0.8523932099342346,-0.04881742596626282,-1.4839990139007568,0.10167150944471359,0.11807268112897873,1.9794206619262695,-0.6444388628005981,0.1468624621629715,-0.06401017308235168,0.18707947432994843,0.48779240250587463,0.8814660310745239,2.2510244846343994,1.9941511154174805,-0.7829647064208984,-0.01664297841489315,0.16045156121253967,1.1692302227020264,1.1005524396896362,-2.25091552734375,-1.6822898387908936,-0.1316201239824295,0.1537373661994934,0.10826895385980606,-0.06314783543348312
-0.03204356133937836,-0.5873496532440186,0.4650365114212036,0.010718286037445068,0.07622870057821274,-0.4807168245315552,0.8734905123710632,-0.6683508157730103,-0.238702192902565,-0.3080870509147644,2.2286393642425537,-0.8587417602539062,-0.06790655851364136,-1.514099359512329,0.10003944486379623,0.1318376064300537,2.042072057723999,-0.679741382598877,0.14099302887916565,-0.09053213149309158,0.21506395936012268,0.4990650415420532,0.8616985082626343,2.2511909008026123,1.9961981773376465,-0.748291552066803,-0.03872194513678551,0.18072625994682312,1.242417573928833,1.1175090074539185,-2.251120090484619,-1.5780022144317627,-0.15137732028961182,0.13346098363399506,0.10705700516700745,-0.03151930496096611
-0.029786933213472366,-0.5868653059005737,0.45171862840652466,0.012438792735338211,0.06816338747739792,-0.48230263590812683,0.8732601404190063,-0.6926169991493225,-0.27081722021102905,-0.30452483892440796,2.287018299102783,-0.8626885414123535,-0.08181284368038177,-1.5336644649505615,0.0990605354309082,0.15449301898479462,2.0998525619506836,-0.715363621711731,0.13534057140350342,-0.1286609023809433,0.23251435160636902,0.506392240524292,0.8457997441291809,2.2512989044189453,1.9975287914276123,-0.7067657709121704,-0.06765850633382797,0.19302278757095337,1.3009064197540283,1.1285308599472046,-2.2512528896331787,-1.4845309257507324,-0.17576396465301514,0.11422906816005707,0.1048409640789032,-0.016830051317811012
-0.028067156672477722,-0.5864607095718384,0.4387131929397583,0.016428381204605103,0.059333644807338715,-0.4808485805988312,0.8746395111083984,-0.712874174118042,-0.30306506156921387,-0.2898685932159424,2.338240623474121,-0.8651182651519775,-0.09158973395824432,-1.5463818311691284,0.09647390991449356,0.18432873487472534,2.15244197845459,-0.7450793981552124,0.1335294544696808,-0.17100906372070312,0.23984366655349731,0.5111549496650696,0.8325487375259399,2.2513692378997803,1.9983937740325928,-0.6632310152053833,-0.09981680661439896,0.1960577368736267,1.3428577184677124,1.135694980621338,-2.2513391971588135,-1.4000563621520996,-0.1994144171476364,0.09736654162406921,0.10376384854316711,-0.010934834368526936
-0.027122318744659424,-0.5857980847358704,0.4265715479850769,0.022009944543242455,0.05007469281554222,-0.47685006260871887,0.8772810697555542,-0.7316436171531677,-0.3329482078552246,-0.2669134736061096,2.381943941116333,-0.8665964603424072,-0.09716923534870148,-1.5546481609344482,0.0907406359910965,0.2166283279657364,2.198134422302246,-0.7677973508834839,0.13692748546600342,-0.21497558057308197,0.23845705389976501,0.5142506957054138,0.8192461729049683,2.2514150142669678,1.9989559650421143,-0.6203169226646423,-0.13333985209465027,0.1908763349056244,1.370316982269287,1.1403517723083496,-2.2513954639434814,-1.3284655809402466,-0.22023996710777283,0.08321414887905121,0.10411590337753296,-0.010044519789516926
-0.02682899683713913,-0.5847281217575073,0.41593873500823975,0.028083287179470062,0.040884245187044144,-0.470905065536499,0.8807883858680725,-0.7482855916023254,-0.3591137230396271,-0.23893597722053528,2.417315721511841,-0.8674627542495728,-0.09841112047433853,-1.5600212812423706,0.08123364299535751,0.24773670732975006,2.2364044189453125,-0.7836140990257263,0.1432287096977234,-0.258516401052475,0.23204633593559265,0.516262948513031,0.8051969408988953,2.2514445781707764,1.9993212223052979,-0.583135724067688,-0.1649763584136963,0.17802274227142334,1.3848739862442017,1.1433786153793335,-2.251431941986084,-1.2702195644378662,-0.23556530475616455,0.06990742683410645,0.10594615340232849,-0.01113770343363285
-0.027435528114438057,-0.5834184885025024,0.4072142243385315,0.033945173025131226,0.032180678099393845,-0.46388521790504456,0.8846596479415894,-0.7652833461761475,-0.3810797333717346,-0.21194306015968323,2.444671630859375,-0.8682065010070801,-0.098250612616539,-1.5635137557983398,0.06968323141336441,0.27475273609161377,2.269716739654541,-0.793530285358429,0.14985007047653198,-0.2963513731956482,0.2207857072353363,0.5175709128379822,0.7935420274734497,2.2514638900756836,1.999558687210083,-0.5524986982345581,-0.19493108987808228,0.16118796169757843,1.3900566101074219,1.1453460454940796,-2.251455783843994,-1.2305855751037598,-0.24123305082321167,0.06084208935499191,0.11031217873096466,-0.01265057921409607
-0.028551146388053894,-0.5820547342300415,0.40079668164253235,0.03967580944299698,0.025399062782526016,-0.45715782046318054,0.8881370425224304,-0.7834895253181458,-0.39786916971206665,-0.1873009204864502,2.4631752967834473,-0.868751049041748,-0.09514297544956207,-1.5657838582992554,0.0580616369843483,0.2964717745780945,2.299333095550537,-0.8008304834365845,0.15582305192947388,-0.33050596714019775,0.20938505232334137,0.5184210538864136,0.782150387763977,2.251476526260376,1.9997131824493408,-0.5282984972000122,-0.2223149985074997,0.1421205699443817,1.3898576498031616,1.1466249227523804,-2.2514712810516357,-1.2081577777862549,-0.24097350239753723,0.057924628257751465,0.1148815006017685,-0.014290491119027138
-0.030040821060538292,-0.5807327628135681,0.39637792110443115,0.04524834826588631,0.020968999713659286,-0.45109081268310547,0.8910835981369019,-0.8048098087310791,-0.40994542837142944,-0.16666501760482788,2.4747061729431152,-0.8692178726196289,-0.08869454264640808,-1.5668902397155762,0.049998100847005844,0.3135976493358612,2.3252501487731934,-0.8073914051055908,0.16151568293571472,-0.3610973358154297,0.20062625408172607,0.5186452865600586,0.7715412974357605,2.2514846324920654,1.9998135566711426,-0.5086292028427124,-0.2496873140335083,0.12231452763080597,1.386189579963684,1.147456169128418,-2.251481294631958,-1.2005887031555176,-0.23817598819732666,0.06322510540485382,0.11873634159564972,-0.017215454950928688
-0.03127478435635567,-0.5794159770011902,0.39370983839035034,0.05023835971951485,0.01833750493824482,-0.4460493326187134,0.8934091329574585,-0.8274463415145874,-0.41600289940834045,-0.1470523327589035,2.48028826713562,-0.8694871664047241,-0.07891546189785004,-1.5662935972213745,0.04212300106883049,0.32398486137390137,2.344275712966919,-0.8121174573898315,0.16607075929641724,-0.38883960247039795,0.1948276311159134,0.5173373222351074,0.7622330188751221,2.2514898777008057,1.9998786449432373,-0.49032917618751526,-0.28155672550201416,0.10072553157806396,1.3788371086120605,1.1479965448379517,-2.2514877319335938,-1.205390453338623,-0.23802423477172852,0.07754810154438019,0.11971671879291534,-0.023445898666977882
-0.032572854310274124,-0.5781689286231995,0.39209771156311035,0.0539969727396965,0.016480229794979095,-0.4416082203388214,0.8954300284385681,-0.8500028848648071,-0.42041245102882385,-0.13275665044784546,2.483140707015991,-0.8698310256004333,-0.0709676444530487,-1.5645666122436523,0.0380588136613369,0.3311856687068939,2.3586442470550537,-0.8127216696739197,0.17100849747657776,-0.4109184145927429,0.1921868920326233,0.5149096250534058,0.7537775039672852,2.251493215560913,1.9999210834503174,-0.475269615650177,-0.31468164920806885,0.07929465174674988,1.369987964630127,1.1483477354049683,-2.2514920234680176,-1.2184674739837646,-0.24066656827926636,0.09579668939113617,0.11921347677707672,-0.033434491604566574
-0.03342626988887787,-0.5768131017684937,0.39051172137260437,0.055196426808834076,0.015311280265450478,-0.43747052550315857,0.8974065184593201,-0.8695569634437561,-0.42116522789001465,-0.11970880627632141,2.4882140159606934,-0.869879424571991,-0.06376948952674866,-1.562319040298462,0.03719975799322128,0.33335450291633606,2.3682897090911865,-0.8094894886016846,0.17557038366794586,-0.42824506759643555,0.19037768244743347,0.5123254060745239,0.7445458173751831,2.251495599746704,1.9999487400054932,-0.46033090353012085,-0.34852874279022217,0.05906323716044426,1.3599456548690796,1.148576021194458,-2.2514946460723877,-1.2398581504821777,-0.2474205195903778,0.113596111536026,0.11719769239425659,-0.046807460486888885
-0.03424641489982605,-0.5753039121627808,0.38860416412353516,0.05458831414580345,0.013982996344566345,-0.43268081545829773,0.8997843861579895,-0.8840507864952087,-0.42222899198532104,-0.11080430448055267,2.4959092140197754,-0.8699216246604919,-0.059980373829603195,-1.560335397720337,0.03981689736247063,0.3345490097999573,2.3755064010620117,-0.8042685985565186,0.18068552017211914,-0.43854737281799316,0.18747881054878235,0.5096469521522522,0.736458420753479,2.2514970302581787,1.9999666213989258,-0.4475145936012268,-0.3787965774536133,0.041991204023361206,1.3494837284088135,1.1487244367599487,-2.2514963150024414,-1.2649085521697998,-0.2532753050327301,0.12589038908481598,0.11646316945552826,-0.06001875549554825
-0.03511272370815277,-0.5734381079673767,0.38660871982574463,0.05307237431406975,0.012281430885195732,-0.4267902076244354,0.9027085304260254,-0.8940000534057617,-0.42285627126693726,-0.10391560196876526,2.5044045448303223,-0.8699269890785217,-0.05698206275701523,-1.5589263439178467,0.044545918703079224,0.3353685736656189,2.382157802581787,-0.8008854389190674,0.18509751558303833,-0.44370409846305847,0.1846453845500946,0.5075101256370544,0.7313486337661743,2.251497983932495,1.9999783039093018,-0.43818825483322144,-0.4048674702644348,0.027610989287495613,1.3372094631195068,1.1488208770751953,-2.251497507095337,-1.2892471551895142,-0.25858426094055176,0.13373643159866333,0.11670096963644028,-0.07105422019958496
-0.03597167879343033,-0.5714989900588989,0.384715735912323,0.05105959624052048,0.011980448849499226,-0.4208649694919586,0.9056059122085571,-0.9052169322967529,-0.4222082197666168,-0.09698280692100525,2.5132946968078613,-0.8699585199356079,-0.05405725538730621,-1.5571646690368652,0.04950914531946182,0.33618348836898804,2.3884105682373047,-0.7974638938903809,0.1894054412841797,-0.4458134174346924,0.18507301807403564,0.5056393146514893,0.7241896986961365,2.2514986991882324,1.999985933303833,-0.43427592515945435,-0.42216819524765015,0.016438154503703117,1.3250794410705566,1.148883581161499,-2.251498222351074,-1.3090381622314453,-0.2631565034389496,0.13689221441745758,0.11812855303287506,-0.07890112698078156
-0.03597401827573776,-0.5697102546691895,0.3833151161670685,0.04969985410571098,0.011494984850287437,-0.41768768429756165,0.9071575403213501,-0.9134087562561035,-0.4199342727661133,-0.08711375296115875,2.5193862915039062,-0.8697528839111328,-0.049463700503110886,-1.5574254989624023,0.04872196167707443,0.33424973487854004,2.390277862548828,-0.7947651147842407,0.19111625850200653,-0.44972020387649536,0.18724334239959717,0.5052244663238525,0.7230448722839355,2.2514991760253906,1.999990701675415,-0.42798730731010437,-0.43945103883743286,0.0075592766515910625,1.313414454460144,1.1489243507385254,-2.2514986991882324,-1.3252363204956055,-0.26975923776626587,0.14337074756622314,0.11897675693035126,-0.08478285372257233
-0.03598552197217941,-0.5679378509521484,0.3826066851615906,0.04894014447927475,0.00965108908712864,-0.4149978756904602,0.9084539413452148,-0.9171317219734192,-0.4220450520515442,-0.08430097997188568,2.521932601928711,-0.8698617815971375,-0.04920199513435364,-1.5581181049346924,0.047693729400634766,0.3361596465110779,2.389719009399414,-0.7928363084793091,0.19377672672271729,-0.45114201307296753,0.1875341832637787,0.504875898361206,0.7220192551612854,2.2514994144439697,1.9999938011169434,-0.4222324788570404,-0.4536478519439697,0.0009446674957871437,1.305060625076294,1.1489508152008057,-2.2514991760253906,-1.3375356197357178,-0.2736372947692871,0.14996874332427979,0.12134581804275513,-0.08981558680534363
-0.035783663392066956,-0.5661827921867371,0.38223814964294434,0.04807526245713234,0.0080493139103055,-0.4132069945335388,0.9093316793441772,-0.9195957183837891,-0.42321473360061646,-0.0809757336974144,2.523314952850342,-0.8698267340660095,-0.04824947565793991,-1.558384656906128,0.04580177366733551,0.33623647689819336,2.3877387046813965,-0.7920200824737549,0.19545763731002808,-0.4531150460243225,0.1878589391708374,0.5050428509712219,0.7204846739768982,2.2514994144439697,1.9999959468841553,-0.41546177864074707,-0.46451401710510254,-0.0033118959981948137,1.2986209392547607,1.148967981338501,-2.2514994144439697,-1.3460156917572021,-0.27812373638153076,0.15549948811531067,0.12330561131238937,-0.09378748387098312
-0.0353572815656662,-0.5644516348838806,0.3818644881248474,0.047313518822193146,0.00689439894631505,-0.41226431727409363,0.9098088145256042,-0.9206703901290894,-0.4243518114089966,-0.07767200469970703,2.5247926712036133,-0.8697639107704163,-0.047379836440086365,-1.5586433410644531,0.04305192828178406,0.33510828018188477,2.385136842727661,-0.7911774516105652,0.19680538773536682,-0.45436036586761475,0.1887393295764923,0.5051546096801758,0.7178103923797607,2.2514994144439697,1.9999973773956299,-0.4097478985786438,-0.47160035371780396,-0.006671602837741375,1.2933999300003052,1.1489791870117188,-2.2514994144439697,-1.3514692783355713,-0.28266653418540955,0.15905267000198364,0.1251133680343628,-0.09673124551773071
-0.03475004434585571,-0.5628348588943481,0.38177186250686646,0.04684599116444588,0.0064987484365701675,-0.41193655133247375,0.9099843502044678,-0.9206223487854004,-0.4250185787677765,-0.07453161478042603,2.5252065658569336,-0.8696732521057129,-0.046896569430828094,-1.5590503215789795,0.04015552997589111,0.33342766761779785,2.382046937942505,-0.79022216796875,0.19765730202198029,-0.455820769071579,0.19034433364868164,0.5054236650466919,0.715874433517456,2.2514994144439697,1.9999983310699463,-0.40435612201690674,-0.477016806602478,-0.00963493250310421,1.2887383699417114,1.1489864587783813,-2.2514994144439697,-1.3545571565628052,-0.2858102321624756,0.16164642572402954,0.12732695043087006,-0.09876279532909393
-0.034030038863420486,-0.561240017414093,0.3818749785423279,0.046328477561473846,0.0062844711355865,-0.4119904935359955,0.9099879264831543,-0.9196755290031433,-0.42531102895736694,-0.07201430201530457,2.525007724761963,-0.8695780038833618,-0.04653744399547577,-1.5596249103546143,0.03688313812017441,0.33143335580825806,2.3790159225463867,-0.7889163494110107,0.19814848899841309,-0.45675647258758545,0.19259671866893768,0.5057490468025208,0.7137491703033447,2.2514994144439697,1.9999988079071045,-0.39998045563697815,-0.48061132431030273,-0.012854344211518764,1.2846715450286865,1.1489912271499634,-2.2514994144439697,-1.3562288284301758,-0.28833916783332825,0.16362789273262024,0.12928128242492676,-0.10009042173624039
-0.03318355977535248,-0.5596196055412292,0.38204121589660645,0.04568750783801079,0.0061015961691737175,-0.4123764634132385,0.9098467230796814,-0.9174507260322571,-0.4253154993057251,-0.07012224197387695,2.5247297286987305,-0.869476318359375,-0.0464097261428833,-1.5603153705596924,0.0332760289311409,0.3291766941547394,2.376558303833008,-0.7872095108032227,0.19803306460380554,-0.4571782648563385,0.19501642882823944,0.5059572458267212,0.7121042609214783,2.2514994144439697,1.9999992847442627,-0.3975335359573364,-0.48258161544799805,-0.016884295269846916,1.2806496620178223,1.1489943265914917,-2.2514994144439697,-1.356823444366455,-0.29002058506011963,0.16507816314697266,0.130956768989563,-0.10055229067802429
-0.0322696827352047,-0.5579497814178467,0.38230451941490173,0.04505075514316559,0.005889627151191235,-0.41309162974357605,0.9095554351806641,-0.9141826033592224,-0.4251769781112671,-0.06927412748336792,2.5241317749023438,-0.8693926334381104,-0.04613784700632095,-1.5610771179199219,0.02969254180788994,0.3269006013870239,2.3748626708984375,-0.7855504751205444,0.1969851851463318,-0.45725271105766296,0.19729042053222656,0.5060162544250488,0.7113569974899292,2.2514994144439697,1.9999995231628418,-0.39610469341278076,-0.4837173521518707,-0.021012721583247185,1.27668035030365,1.1489962339401245,-2.2514994144439697,-1.356667160987854,-0.2915663719177246,0.1665324717760086,0.13208462297916412,-0.10055862367153168
-0.03132257238030434,-0.5562870502471924,0.3826996386051178,0.04473644495010376,0.005895563401281834,-0.41409650444984436,0.9091138243675232,-0.9100270867347717,-0.42493951320648193,-0.06931450217962265,2.52287220954895,-0.8693330883979797,-0.045843757688999176,-1.5617635250091553,0.02635321393609047,0.32454925775527954,2.3736894130706787,-0.7839009761810303,0.1954149752855301,-0.45686209201812744,0.19942477345466614,0.5059279203414917,0.711349368095398,2.2514994144439697,1.9999995231628418,-0.3954296112060547,-0.4842042028903961,-0.02508286014199257,1.2729928493499756,1.1489975452423096,-2.2514994144439697,-1.3559601306915283,-0.2930387258529663,0.16841983795166016,0.13273702561855316,-0.10038217902183533
-0.030369695276021957,-0.5546565055847168,0.3833328187465668,0.04474489390850067,0.006186110898852348,-0.4153692424297333,0.9085307121276855,-0.9051275849342346,-0.4245970845222473,-0.07007835805416107,2.520534038543701,-0.869309663772583,-0.04521915316581726,-1.562445878982544,0.023362532258033752,0.3223157525062561,2.372898817062378,-0.7825301885604858,0.19301122426986694,-0.45631054043769836,0.20141518115997314,0.5057372450828552,0.7118067741394043,2.2514994144439697,1.9999995231628418,-0.39425206184387207,-0.4849868714809418,-0.028562024235725403,1.2701371908187866,1.1489983797073364,-2.2514994144439697,-1.3547484874725342,-0.29534292221069336,0.17109176516532898,0.13265971839427948,-0.10041983425617218
