-0.0168232117,-0.365365416,0.965640903,0.000867496477,-0.0237391721,-0.64138478,0.766851544,-0.204503909,-0.0123303058,-0.0199666303,0.237994939,-0.0214788131,-0.191202447,0.130955711,0.122823045,0.19465971,0.0474427268,-0.10673441,0.190052196,0.285934865,-0.454106659,0.711851239,0.123614661,-0.181846797,0.438867986,0.95117116
-0.0168964528,-0.365571469,0.965096235,-2.28527406E-05,-0.0234130789,-0.643829286,0.764811039,-0.201670751,-0.011150714,-0.0246185735,0.246037439,-0.0260364413,-0.186561346,0.133830264,0.122899041,0.198857188,0.043122638,-0.0999963433,0.192855984,0.286172062,-0.456179708,0.718490601,0.123280302,-0.180502802,0.443248153,0.96028775
-0.016969692,-0.365777552,0.964551628,-0.00091323565,-0.0230867118,-0.646266699,0.762761891,-0.198837593,-0.00997112226,-0.0292705167,0.254079938,-0.0305940676,-0.18192026,0.136704803,0.122975029,0.203054681,0.0388025455,-0.0932582766,0.195659757,0.286409229,-0.458252788,0.725129902,0.122945935,-0.179158807,0.447628319,0.96940434
-0.017042933,-0.365983605,0.96400696,-0.00180362293,-0.0227600858,-0.648696959,0.760704339,-0.196004435,-0.0087915305,-0.0339224599,0.262122422,-0.0351516977,-0.177279159,0.139579356,0.123051025,0.20725216,0.0344824567,-0.0865202099,0.198463544,0.286646426,-0.460325837,0.731769264,0.122611575,-0.177814811,0.452008486,0.97852093
-0.0171161741,-0.366189659,0.963462353,-0.00269398442,-0.0224332102,-0.651120067,0.758638322,-0.193171263,-0.00761193829,-0.038574405,0.270164937,-0.0397093222,-0.172638059,0.142453909,0.123127021,0.211449638,0.0301623661,-0.0797821432,0.201267317,0.286883593,-0.462398916,0.738408625,0.122277215,-0.176470816,0.456388652,0.98763752
-0.0171894133,-0.366395712,0.962917686,-0.00358429155,-0.022106098,-0.653536022,0.756564081,-0.190338105,-0.00643234653,-0.0432263464,0.278207421,-0.0442669503,-0.167996973,0.145328447,0.123203009,0.215647131,0.0258422773,-0.0730440766,0.204071105,0.287120789,-0.464471966,0.745047927,0.121942855,-0.175126821,0.460768819,0.99675411
-0.0172876064,-0.366591454,0.962417901,-0.00430685561,-0.0216585733,-0.65591979,0.754507542,-0.187845543,-0.00488979975,-0.0482184663,0.284635961,-0.0482665822,-0.163727,0.148281142,0.123523898,0.218674496,0.0213928744,-0.0665207282,0.206078082,0.286581665,-0.465927988,0.751225471,0.120845966,-0.173356235,0.464155763,1.00468993
-0.0174064338,-0.366778642,0.96195513,-0.00489072967,-0.0211114213,-0.658276379,0.752464414,-0.185634643,-0.00304709561,-0.0534919016,0.289729774,-0.0518047549,-0.159763932,0.151298434,0.124047317,0.220734209,0.0168365333,-0.0601749383,0.207426116,0.28540054,-0.466873676,0.75702107,0.119118482,-0.171232849,0.466721326,1.01164937
-0.0175252594,-0.36696583,0.96149236,-0.00547456741,-0.0205640383,-0.660626113,0.750413477,-0.183423758,-0.00120439159,-0.0587653406,0.294823587,-0.0553429313,-0.155800879,0.15431574,0.124570727,0.222793907,0.0122801932,-0.0538291559,0.208774149,0.284219414,-0.467819363,0.762816668,0.117390998,-0.169109464,0.469286889,1.01860869
-0.0176440869,-0.367153019,0.961029649,-0.00605835114,-0.0200164393,-0.662969053,0.748354733,-0.181212857,0.000638312427,-0.0640387759,0.2999174,-0.058881104,-0.151837811,0.157333031,0.125094146,0.22485362,0.00772385299,-0.0474833697,0.210122183,0.283038288,-0.46876505,0.768612266,0.115663521,-0.166986093,0.471852452,1.02556813
-0.0177629143,-0.367340207,0.960566878,-0.00664206129,-0.0194686409,-0.665305018,0.74628824,-0.179001957,0.00248101703,-0.0693122149,0.305011213,-0.0624192804,-0.147874743,0.160350338,0.125617564,0.226913318,0.0031675112,-0.0411375836,0.211470217,0.281857193,-0.469710767,0.774407864,0.113936037,-0.164862707,0.474418014,1.03252745
-0.0178814214,-0.36753431,0.960092366,-0.00723511865,-0.0189246107,-0.667594492,0.744249344,-0.17681855,0.00431628013,-0.0744232833,0.310182244,-0.0660587102,-0.144003361,0.163362503,0.126147732,0.22905232,-0.00132009771,-0.0349418186,0.212679267,0.280694693,-0.470564395,0.77991724,0.112237178,-0.16279535,0.476846159,1.03926373
-0.01799687,-0.367794693,0.959504843,-0.00791833457,-0.0184181686,-0.669500411,0.742541134,-0.174897954,0.00608041091,-0.0779821426,0.316091388,-0.0706661046,-0.141008407,0.166325644,0.126742572,0.231949225,-0.00515065994,-0.0301801935,0.212559745,0.279710144,-0.470537812,0.782690585,0.110811986,-0.16126357,0.477960885,1.04386747
-0.0181123205,-0.368055046,0.958917379,-0.00860150903,-0.0179115795,-0.67140156,0.740827441,-0.172977358,0.00784454122,-0.0815410018,0.322000533,-0.0752734914,-0.138013437,0.169288769,0.127337426,0.234846145,-0.00898122229,-0.0254185684,0.212440208,0.278725624,-0.470511228,0.785463929,0.109386787,-0.15973179,0.47907564,1.04847121
-0.0182277709,-0.368315399,0.958329856,-0.00928462669,-0.0174048543,-0.673297703,0.739108324,-0.171056762,0.009608672,-0.0850998685,0.327909678,-0.0798808858,-0.135018483,0.17225191,0.127932265,0.23774305,-0.0128117856,-0.0206569415,0.21232067,0.277741104,-0.470484644,0.788237274,0.107961595,-0.158200026,0.480190367,1.05307496
-0.0183432214,-0.368575782,0.957742393,-0.00996767264,-0.0168980062,-0.675189078,0.737383783,-0.169136181,0.0113728028,-0.0886587277,0.333818823,-0.0844882727,-0.132023513,0.175215036,0.128527105,0.24063997,-0.016642347,-0.0158953164,0.212201133,0.276756555,-0.470458061,0.791010559,0.106536396,-0.156668246,0.481305093,1.0576787
-0.0184586719,-0.368836135,0.95715487,-0.0106506329,-0.0163910445,-0.677075446,0.735653937,-0.167215586,0.0131369336,-0.0922175869,0.339727968,-0.0890956596,-0.129028559,0.178178176,0.129121944,0.24353689,-0.0204729103,-0.0111336922,0.212081596,0.275772035,-0.470431477,0.793783903,0.105111204,-0.155136466,0.482419819,1.06228244
-0.0185188465,-0.369157255,0.956670463,-0.0113213612,-0.0159466527,-0.678639054,0.734211683,-0.165320143,0.0145884994,-0.0951676294,0.346086472,-0.0943362936,-0.126693413,0.180881873,0.129531592,0.247059315,-0.023947956,-0.0072018709,0.211713076,0.274905503,-0.47023499,0.795179367,0.103946455,-0.153902367,0.48308906,1.06593883
-0.0185482036,-0.36951226,0.956243515,-0.011985274,-0.0155371232,-0.68002218,0.732928932,-0.163438737,0.0158658065,-0.0977782533,0.352695465,-0.0999299511,-0.124726117,0.183440953,0.12983799,0.250930488,-0.0272247996,-0.00373267429,0.211205721,0.274104744,-0.469943762,0.795806587,0.102926917,-0.152834222,0.483509898,1.06906712
-0.0185775608,-0.369867235,0.955816627,-0.0126491431,-0.0151275257,-0.681402564,0.731643319,-0.161557332,0.0171431135,-0.100388877,0.359304488,-0.105523616,-0.122758828,0.186000019,0.130144387,0.254801661,-0.0305016432,-0.000263478258,0.210698366,0.273303986,-0.469652534,0.796433866,0.101907372,-0.151766077,0.483930767,1.07219529
-0.0186069198,-0.370222241,0.955389678,-0.01331296,-0.0147178629,-0.682779968,0.730354488,-0.159675926,0.0184204224,-0.102999501,0.365913481,-0.111117281,-0.12079154,0.188559085,0.130450785,0.258672833,-0.0337784849,0.00320571777,0.210191011,0.272503257,-0.469361275,0.797061086,0.100887835,-0.150697947,0.484351605,1.07532346
-0.0186362769,-0.370577216,0.95496273,-0.0139767155,-0.0143081415,-0.68415463,0.729062676,-0.15779452,0.0196977295,-0.105610132,0.372522473,-0.116710946,-0.118824251,0.191118166,0.130757183,0.262544006,-0.0370553285,0.00667491509,0.209683657,0.271702498,-0.469070047,0.797688365,0.0998682901,-0.149629802,0.484772474,1.07845175
-0.0186560359,-0.370963901,0.954473794,-0.0146707483,-0.0139304241,-0.685450077,0.727838576,-0.155878484,0.0209244452,-0.108262785,0.379859418,-0.12273556,-0.116943531,0.193618581,0.130836308,0.267064959,-0.0404690877,0.00977336895,0.209027514,0.271017998,-0.468887955,0.797521651,0.0991120562,-0.148625925,0.485225976,1.08135355
-0.0186347123,-0.371486157,0.953719497,-0.0154946027,-0.0136898486,-0.686416447,0.726914704,-0.153814301,0.0219346341,-0.111095309,0.390311688,-0.130604595,-0.115433306,0.195867985,0.1299427,0.274366826,-0.0444688275,0.0112851178,0.207734585,0.270831078,-0.469172835,0.793957055,0.0994827151,-0.147897094,0.48581925,1.0832864
-0.0186133869,-0.372008413,0.9529652,-0.0163184255,-0.0134492377,-0.687381148,0.725988984,-0.151750103,0.0229448248,-0.113927841,0.400763959,-0.13847363,-0.11392308,0.19811739,0.129049078,0.281668693,-0.0484685674,0.0127968676,0.206441671,0.270644158,-0.469457716,0.790392399,0.0998533815,-0.147168264,0.486412495,1.08521926
-0.0185920633,-0.372530669,0.952210903,-0.0171422083,-0.0132085923,-0.688344181,0.725061476,-0.149685919,0.0239550136,-0.116760373,0.411216199,-0.146342665,-0.112412855,0.200366795,0.12815547,0.28897056,-0.0524683073,0.0143086165,0.205148742,0.270457238,-0.469742626,0.786827803,0.100224048,-0.146439448,0.48700574,1.08715212
-0.0185707398,-0.373052925,0.951456606,-0.0179659463,-0.0129679125,-0.689305365,0.724132001,-0.147621721,0.0249652043,-0.119592898,0.42166847,-0.1542117,-0.11090263,0.202616185,0.127261862,0.296272427,-0.0564680435,0.0158203654,0.203855813,0.270270318,-0.470027506,0.783263206,0.100594714,-0.145710617,0.487598985,1.08908498
-0.0185494162,-0.373575181,0.95070231,-0.0187896341,-0.0127272038,-0.690264881,0.723200858,-0.145557538,0.0259753931,-0.12242543,0.43212074,-0.162080735,-0.109392405,0.20486559,0.126368254,0.303574264,-0.0604677834,0.0173321143,0.202562883,0.270083398,-0.470312387,0.779698551,0.100965373,-0.144981787,0.48819226,1.09101784
-0.0189676769,-0.373167723,0.951729417,-0.0194447618,-0.0104681533,-0.691110551,0.722411692,-0.13949661,0.0286027305,-0.116240561,0.424779564,-0.163424566,-0.102820694,0.204854697,0.117460176,0.30379954,-0.0564832129,0.00551261473,0.204112858,0.270520151,-0.471849352,0.787245452,0.0420018882,-0.129120618,0.464171886,1.01184154
-0.0195430052,-0.372428089,0.953393042,-0.0200395174,-0.00748773757,-0.69190979,0.721667051,-0.132007599,0.031807892,-0.106833681,0.411080569,-0.162436873,-0.0944404528,0.204036176,0.105688453,0.301496297,-0.0496457629,-0.0110702813,0.206678629,0.271179765,-0.47383368,0.79876256,-0.0381623209,-0.107852526,0.431356788,0.90368402
-0.0201183353,-0.371688426,0.955056667,-0.0206340756,-0.0045071831,-0.692701757,0.72091496,-0.124518603,0.0350130536,-0.0974267945,0.397381574,-0.161449179,-0.0860602111,0.203217655,0.0939167291,0.299193025,-0.0428083129,-0.0276531801,0.2092444,0.27183938,-0.475817978,0.810279667,-0.118326537,-0.086584419,0.398541689,0.795526505
-0.0206936635,-0.370948792,0.956720293,-0.0212284196,-0.00152658217,-0.693486452,0.720155299,-0.1170296,0.0382182151,-0.0880199149,0.383682579,-0.160461485,-0.0776799768,0.202399135,0.082144998,0.296889752,-0.0359708667,-0.0442360751,0.211810172,0.272498965,-0.477802306,0.821796775,-0.198490739,-0.0653163195,0.36572662,0.687369049
-0.0212689936,-0.370209128,0.958383918,-0.0218225271,0.00145397242,-0.694263875,0.719388127,-0.109540597,0.0414233766,-0.0786130279,0.369983554,-0.159473792,-0.0692997351,0.201580599,0.0703732744,0.29458648,-0.0291334148,-0.0608189777,0.214375928,0.27315858,-0.479786634,0.833313882,-0.278654993,-0.0440482125,0.332911521,0.579211533
-0.0218136571,-0.369537234,0.959841609,-0.0223565996,0.00418039644,-0.694973588,0.718675494,-0.103171676,0.0444484279,-0.0699851513,0.357209802,-0.158669755,-0.0611807667,0.201160803,0.059629079,0.292199761,-0.022462504,-0.0760612115,0.216682181,0.273784965,-0.481162518,0.844392419,-0.35006699,-0.0247603599,0.302916735,0.481502533
-0.0222810451,-0.369036049,0.960780442,-0.0227398537,0.00626674481,-0.695525765,0.718113899,-0.0996252224,0.0470196269,-0.0633202642,0.346767485,-0.158328548,-0.0537201613,0.201745734,0.0514741354,0.289602697,-0.0162112452,-0.0879251584,0.218334466,0.274327576,-0.481005281,0.854365945,-0.399424613,-0.0104624713,0.280028731,0.410122454
-0.0227484331,-0.368534833,0.961719275,-0.0231230035,0.00835309364,-0.696074426,0.717548668,-0.0960787684,0.0495908223,-0.0566553771,0.336325169,-0.157987326,-0.046259556,0.202330664,0.0433191955,0.287005663,-0.00995998643,-0.0997890979,0.219986767,0.274870157,-0.480848044,0.86433953,-0.448782265,0.00383541919,0.257140756,0.338742346
-0.023215821,-0.368033648,0.962658107,-0.0235060342,0.010439408,-0.696619511,0.716979742,-0.0925323218,0.0521620214,-0.0499904864,0.325882882,-0.157646105,-0.0387989506,0.202915609,0.0351642519,0.284408599,-0.00370872789,-0.111653045,0.221639052,0.275412768,-0.480690807,0.874313056,-0.498139888,0.0181333087,0.234252751,0.267362267
-0.023683209,-0.367532432,0.96359694,-0.02388894,0.0125256563,-0.697160959,0.71640712,-0.0889858678,0.0547332205,-0.0433255956,0.315440565,-0.157304883,-0.0313383453,0.203500539,0.0270093102,0.281811535,0.00254252995,-0.123516992,0.223291337,0.275955379,-0.48053357,0.884286582,-0.547497511,0.0324311964,0.211364761,0.195982173
-0.0241505969,-0.367031246,0.964535773,-0.0242717192,0.0146118077,-0.697698891,0.715830863,-0.0854394212,0.0573044196,-0.0366607085,0.304998249,-0.156963676,-0.0238777418,0.204085469,0.0188543685,0.279214501,0.00879378803,-0.135380939,0.224943638,0.27649799,-0.480376333,0.894260108,-0.596855164,0.0467290841,0.188476771,0.124602094
-0.0244590174,-0.366716743,0.965134859,-0.0246091336,0.0160955265,-0.698230505,0.71526897,-0.0830365494,0.0596083701,-0.0318801589,0.296917796,-0.157354444,-0.0186214466,0.204760209,0.0137142576,0.276064962,0.0134940073,-0.143486649,0.226137698,0.276428014,-0.480688632,0.901700854,-0.6324476,0.0564574637,0.171834037,0.0732067153
-0.0247352142,-0.366440117,0.965665102,-0.0249373075,0.0174571071,-0.698759556,0.714708626,-0.0808655098,0.0618581437,-0.0274815951,0.289316088,-0.157893613,-0.0138120009,0.205453157,0.00918530114,0.272803456,0.0178798065,-0.150830522,0.227238864,0.276233822,-0.481096059,0.908628166,-0.665249586,0.0652595311,0.15645732,0.0258625634
-0.0250114109,-0.366163492,0.966195345,-0.0252654254,0.0188186541,-0.699286938,0.714146614,-0.0786944702,0.0641079172,-0.0230830312,0.28171441,-0.158432782,-0.00900255423,0.206146121,0.00465634465,0.269541949,0.0222656056,-0.158174396,0.22834003,0.27603966,-0.481503516,0.915555477,-0.698051631,0.0740615949,0.141080603,-0.0214815922
-0.0252876077,-0.365886867,0.966725588,-0.0255934782,0.0201801509,-0.699812531,0.713582754,-0.0765234306,0.0663576946,-0.0186844692,0.274112731,-0.15897195,-0.00419310946,0.20683907,0.000127388659,0.266280442,0.0266514029,-0.165518269,0.229441196,0.275845498,-0.481910974,0.922482789,-0.730853617,0.0828636587,0.125703886,-0.0688257441
-0.0255638044,-0.365610242,0.967255831,-0.025921464,0.0215415861,-0.700336277,0.713017046,-0.0743523836,0.0686074719,-0.0142859053,0.266511053,-0.159511104,0.000616336009,0.207532018,-0.00440156739,0.263018936,0.0310372021,-0.172862127,0.230542377,0.275651306,-0.482318431,0.9294101,-0.763655663,0.0916657224,0.110327177,-0.116169892
-0.0258210078,-0.36537832,0.967708647,-0.0261960272,0.0226978064,-0.700847208,0.712468863,-0.0723771304,0.0705611631,-0.0104505606,0.259677976,-0.160142392,0.00486518256,0.208192632,-0.00811761059,0.259771824,0.0350160673,-0.179286346,0.231504485,0.275492549,-0.482958585,0.935481608,-0.792109072,0.0991728678,0.0968583524,-0.157117829
-0.026047064,-0.365219712,0.968034565,-0.026383061,0.0235175621,-0.701338887,0.711951375,-0.0707229525,0.0720293075,-0.0075388425,0.2541053,-0.160924733,0.00819469802,0.208800212,-0.0105005512,0.256548315,0.0383275934,-0.184202433,0.232238546,0.275391847,-0.483980328,0.940149844,-0.813431263,0.104556449,0.0865182951,-0.187576562
-0.0262731183,-0.365061074,0.968360424,-0.0265700668,0.0243372917,-0.701829672,0.711433053,-0.0690687746,0.0734974518,-0.00462712394,0.248532638,-0.161707073,0.0115242144,0.209407791,-0.0128834927,0.253324807,0.0416391194,-0.189118505,0.232972607,0.275291115,-0.485002071,0.94481802,-0.834753454,0.10994003,0.0761782378,-0.218035296
-0.0264991727,-0.364902467,0.968686283,-0.0267570373,0.0251569916,-0.702319622,0.710913777,-0.0674145967,0.0749655962,-0.00171540584,0.242959976,-0.162489414,0.0148537308,0.210015371,-0.0152664343,0.250101298,0.0449506491,-0.194034576,0.233706668,0.275190413,-0.486023843,0.949486196,-0.856075585,0.115323611,0.0658381879,-0.248494044
-0.026725227,-0.364743829,0.969012201,-0.0269439723,0.0259766597,-0.702808738,0.710393667,-0.0657604188,0.0764337331,0.00119631202,0.237387314,-0.16327177,0.0181832463,0.210622951,-0.0176493749,0.246877804,0.0482621752,-0.198950648,0.234440729,0.275089711,-0.487045586,0.954154372,-0.877397776,0.120707192,0.0554981306,-0.278952777
-0.0269512832,-0.364585221,0.969338059,-0.0271308776,0.0267962925,-0.703296959,0.709872723,-0.0641062409,0.0779018775,0.00410802988,0.231814638,-0.164054111,0.0215127617,0.211230531,-0.0200323164,0.243654296,0.0515737012,-0.203866735,0.23517479,0.274989009,-0.488067329,0.958822548,-0.898719966,0.12609078,0.045158077,-0.309411496
-0.0271203611,-0.364510894,0.969562054,-0.027177589,0.027294239,-0.703761458,0.709391475,-0.0626054108,0.0787578896,0.00609874539,0.227481797,-0.164886057,0.0239178687,0.211613297,-0.0213313885,0.240770802,0.0542024113,-0.207432792,0.235725656,0.274696887,-0.489497989,0.961987197,-0.913135767,0.129951477,0.0376317874,-0.329816759
-0.0272848979,-0.364443272,0.969777942,-0.0272131059,0.0277665202,-0.704223692,0.708912969,-0.0611168183,0.0795650929,0.00801602285,0.223247811,-0.165721953,0.0262492672,0.211978137,-0.0225440376,0.237914428,0.0567766726,-0.210891202,0.236261919,0.274389535,-0.490961224,0.965031922,-0.92700088,0.133690745,0.0303298552,-0.349420398
-0.0274494328,-0.364375651,0.96999383,-0.0272485986,0.0282387771,-0.70468539,0.708433986,-0.0596282184,0.0803722963,0.00993330125,0.219013825,-0.166557863,0.0285806656,0.212342992,-0.0237566847,0.235058039,0.0593509376,-0.214349613,0.236798182,0.274082184,-0.492424458,0.968076646,-0.940865993,0.137430012,0.0230279248,-0.369024038
-0.0276139695,-0.364308029,0.970209718,-0.0272840764,0.0287110191,-0.70514667,0.707954466,-0.0581396222,0.0811795071,0.0118505787,0.214779824,-0.167393759,0.030912064,0.212707832,-0.0249693338,0.232201666,0.0619252026,-0.217808023,0.237334445,0.273774832,-0.493887693,0.971121371,-0.954731166,0.14116928,0.0157259945,-0.388627678
-0.0277785044,-0.364240438,0.970425606,-0.0273195375,0.0291832425,-0.705607474,0.70747453,-0.056651026,0.0819867104,0.0137678571,0.210545838,-0.168229654,0.0332434624,0.213072672,-0.0261819828,0.229345292,0.0644994676,-0.221266434,0.237870693,0.273467481,-0.495350957,0.974166095,-0.96859628,0.144908547,0.00842406414,-0.408231288
-0.0279170647,-0.364184171,0.970614254,-0.0273322184,0.0295589212,-0.706055522,0.707011282,-0.0552588664,0.0826197565,0.0153784892,0.20677714,-0.16894953,0.0352830775,0.213402256,-0.0270679835,0.226700455,0.0668175071,-0.224289075,0.238345712,0.273098052,-0.496865541,0.976788402,-0.980189323,0.148095831,0.00215285341,-0.424586773
-0.028026741,-0.364140511,0.970772564,-0.0273195803,0.0298272688,-0.706489623,0.706566751,-0.053973943,0.0830591545,0.0166481528,0.203525811,-0.169540375,0.0369982496,0.213692635,-0.0275907777,0.224290833,0.0688506514,-0.22682716,0.238752633,0.27265963,-0.498437166,0.978940964,-0.989256084,0.150669366,-0.00297227385,-0.437330544
-0.0281364173,-0.36409688,0.970930934,-0.0273069255,0.0300955959,-0.706923366,0.706121862,-0.0526890196,0.0834985524,0.0179178175,0.200274497,-0.170131236,0.0387134254,0.213983014,-0.0281135701,0.221881211,0.0708837882,-0.229365259,0.239159539,0.272221208,-0.500008821,0.981093585,-0.998322785,0.153242916,-0.00809739996,-0.450074285
-0.0282460935,-0.364053249,0.971089244,-0.0272942614,0.0303639118,-0.707356751,0.705676615,-0.0514040999,0.0839379504,0.0191874839,0.197023168,-0.170722082,0.0404285975,0.214273393,-0.0286363643,0.219471589,0.0729169324,-0.231903359,0.23956646,0.271782786,-0.501580477,0.983246148,-1.00738955,0.155816451,-0.0132225268,-0.462818056
-0.0283557698,-0.364009619,0.971247613,-0.0272815842,0.0306322146,-0.707789838,0.705231071,-0.0501191765,0.0843773484,0.0204571486,0.193771839,-0.171312928,0.0421437733,0.214563772,-0.0291591585,0.217061982,0.0749500766,-0.234441444,0.239973366,0.271344334,-0.503152132,0.98539871,-1.01645625,0.158389986,-0.0183476545,-0.475561827
-0.0284642018,-0.363964081,0.971405327,-0.0272663161,0.0309018698,-0.708222449,0.704785526,-0.0488428585,0.0848166645,0.0217022803,0.19054614,-0.17189315,0.0438515134,0.214856371,-0.0296860598,0.214659259,0.0769781023,-0.236963525,0.240373477,0.270913363,-0.504721045,0.98753351,-1.02533495,0.160932273,-0.0233766939,-0.488148123
-0.0285142045,-0.363829404,0.97153461,-0.0271299072,0.0312357284,-0.708644509,0.704351723,-0.0479706265,0.0852523744,0.0217954125,0.188523442,-0.171973974,0.0452101342,0.215252802,-0.030405866,0.212580472,0.0787660331,-0.238733515,0.240454003,0.270831853,-0.506160796,0.988833249,-1.02538466,0.1620069,-0.0238938425,-0.493341088
-0.0285642073,-0.363694727,0.971663952,-0.0269934852,0.0315695703,-0.709066153,0.703917563,-0.0470983982,0.0856880844,0.0218885448,0.186500743,-0.172054797,0.0465687551,0.215649217,-0.0311256722,0.210501701,0.0805539563,-0.240503505,0.240534529,0.270750344,-0.507600546,0.990132987,-1.02543437,0.163081527,-0.024410991,-0.498534024
-0.02861421,-0.363560051,0.971793234,-0.026857052,0.0319033973,-0.709487498,0.703483045,-0.0462261699,0.0861237869,0.021981677,0.184478045,-0.172135621,0.0479273796,0.216045648,-0.0318454802,0.208422914,0.0823418871,-0.24227351,0.240615055,0.270668805,-0.509040296,0.991432786,-1.02548409,0.164156139,-0.0249281395,-0.503726959
-0.0286642108,-0.363425374,0.971922517,-0.0267206039,0.0322372094,-0.709908485,0.70304817,-0.0453539379,0.0865594968,0.0220748112,0.182455346,-0.172216445,0.0492860004,0.216442078,-0.0325652845,0.206344128,0.0841298178,-0.244043499,0.240695581,0.270587295,-0.510480106,0.992732525,-1.02553391,0.165230766,-0.025445288,-0.508919895
-0.0287142135,-0.363290697,0.972051799,-0.0265841447,0.0325710103,-0.710329115,0.702612996,-0.0444817096,0.0869952068,0.0221679434,0.180432662,-0.172297269,0.0506446213,0.216838509,-0.0332850888,0.204265356,0.0859177485,-0.245813489,0.240776107,0.270505786,-0.511919856,0.994032264,-1.02558362,0.166305393,-0.0259624366,-0.51411283
-0.028677512,-0.363094509,0.972058833,-0.0263880268,0.0329085477,-0.710624278,0.702306092,-0.043618191,0.0872643888,0.0202378426,0.182080701,-0.173794419,0.0519305542,0.217098594,-0.0346521437,0.203419879,0.086589396,-0.244707793,0.240357906,0.271578699,-0.514214993,0.993782878,-1.01382995,0.160752296,-0.0202505793,-0.510912538
-0.0285749175,-0.36285156,0.971972823,-0.0261465795,0.0332489386,-0.710824251,0.70209682,-0.0427612923,0.0874070153,0.0167702157,0.186518282,-0.176367894,0.0531612448,0.217255086,-0.0365110673,0.20351164,0.0864127353,-0.241416737,0.239560708,0.273528934,-0.517160177,0.992356241,-0.993106306,0.150162563,-0.00980507582,-0.501333773
-0.0284723248,-0.362608612,0.971886873,-0.025905123,0.0335893221,-0.711023867,0.70188725,-0.0419043936,0.0875496492,0.0133025879,0.190955862,-0.178941369,0.0543919355,0.217411578,-0.0383699872,0.203603402,0.086236082,-0.238125697,0.238763496,0.275479168,-0.520105302,0.990929604,-0.972382724,0.139572829,0.000640426239,-0.491755098
-0.0283697303,-0.362365663,0.971800923,-0.0256636608,0.0339296944,-0.711223423,0.701677561,-0.0410474949,0.0876922831,0.00983496103,0.195393443,-0.181514844,0.0556226224,0.21756807,-0.040228907,0.203695163,0.0860594288,-0.234834641,0.237966299,0.277429372,-0.523050487,0.989502966,-0.951659143,0.12898308,0.0110859284,-0.482176393
-0.0282671377,-0.362122715,0.971714973,-0.025422195,0.0342700556,-0.711422801,0.701467693,-0.0401905924,0.0878349096,0.0063673323,0.199831024,-0.184088305,0.056853313,0.217724562,-0.0420878306,0.203786924,0.0858827755,-0.231543601,0.237169102,0.279379606,-0.525995672,0.98807627,-0.930935502,0.118393347,0.0215314347,-0.472597688
-0.0281269141,-0.361905307,0.971619844,-0.0250823572,0.0345879756,-0.711589873,0.70129478,-0.039284315,0.0876975432,0.00268210983,0.204487085,-0.18669945,0.0581106916,0.217599094,-0.0440679342,0.204007879,0.0854537934,-0.227733955,0.23592183,0.281143367,-0.528865397,0.98706007,-0.908122659,0.106901027,0.0342446789,-0.458076
-0.027698664,-0.361883491,0.97145468,-0.0239896085,0.0347341262,-0.711511016,0.701405883,-0.038000077,0.0854170322,-0.00266860146,0.210815459,-0.189598918,0.0595723577,0.21531561,-0.0469756052,0.205217555,0.0830935016,-0.219954982,0.231229678,0.281479955,-0.531157494,0.989185393,-0.869318604,0.0885002837,0.0643153936,-0.405720592
-0.0272704121,-0.361861646,0.971289515,-0.02289683,0.0348802358,-0.711431205,0.701516151,-0.0367158391,0.0831365213,-0.00801931322,0.217143819,-0.192498371,0.06103402,0.213032112,-0.0498832725,0.206427231,0.0807332024,-0.212176025,0.226537526,0.281816572,-0.53344959,0.991310775,-0.830514491,0.0700995401,0.0943861008,-0.353365183
-0.026842162,-0.361839801,0.971124291,-0.0218040198,0.0350263044,-0.711350441,0.701625526,-0.0354316011,0.0808560103,-0.013370025,0.223472193,-0.195397839,0.0624956824,0.210748628,-0.0527909398,0.207636923,0.0783729106,-0.204397053,0.221845374,0.282153159,-0.535741687,0.993436098,-0.791710377,0.0516987965,0.124456815,-0.301009774
-0.026413912,-0.361817986,0.970959127,-0.0207111817,0.0351723246,-0.711268902,0.701734066,-0.0341473632,0.0785754994,-0.0187207349,0.229800567,-0.198297292,0.0639573485,0.208465129,-0.0556986071,0.208846599,0.0760126188,-0.19661808,0.217153221,0.282489747,-0.538033843,0.995561421,-0.752906263,0.0332980528,0.15452753,-0.24865438
-0.0259856619,-0.361796141,0.970793962,-0.0196183231,0.0353183001,-0.711186409,0.701841652,-0.0328631252,0.0762949809,-0.0240714457,0.236128926,-0.20119676,0.0654190108,0.206181645,-0.0586062744,0.210056275,0.0736523271,-0.188839123,0.212461069,0.282826364,-0.54032594,0.997686744,-0.714102209,0.0148973102,0.184598237,-0.196298972
-0.025501702,-0.361841053,0.970797598,-0.0182505101,0.0351610705,-0.711040676,0.702034056,-0.0317407511,0.0726665258,-0.0272360556,0.238733113,-0.201397344,0.0666788891,0.202648044,-0.0605125278,0.210339487,0.0719992369,-0.179763079,0.204983041,0.281728834,-0.538200319,1.00260913,-0.676619232,-0.00156044087,0.209083989,-0.128819272
-0.0249894131,-0.36191991,0.970887065,-0.016742833,0.0348495916,-0.710861504,0.702268481,-0.0307006817,0.0683526173,-0.0292889941,0.239443496,-0.200225517,0.067836158,0.198478743,-0.0619095415,0.210151568,0.070705764,-0.17002745,0.196088344,0.279902041,-0.533828318,1.00895381,-0.639808118,-0.0170301478,0.230729699,-0.0536486171
-0.0244771261,-0.361998796,0.970976591,-0.0152351065,0.0345380343,-0.710680723,0.702501237,-0.0296606161,0.0640387163,-0.0313419327,0.240153879,-0.19905369,0.0689934269,0.194309443,-0.0633065552,0.209963635,0.069412291,-0.160291821,0.187193662,0.278075278,-0.529456258,1.0152986,-0.602997005,-0.0324998498,0.252375394,0.0215220265
-0.0239648372,-0.362077653,0.971066058,-0.0137273427,0.034226384,-0.710498214,0.702732265,-0.0286205485,0.059724804,-0.0333948694,0.240864247,-0.197881848,0.0701507032,0.190140158,-0.0647035688,0.209775716,0.0681188256,-0.150556192,0.178298965,0.276248485,-0.525084198,1.02164328,-0.566185892,-0.0479695536,0.274021119,0.0966926739
-0.0234525483,-0.36215651,0.971155524,-0.012219551,0.0339146517,-0.710313797,0.702961445,-0.027580481,0.0554108955,-0.0354478098,0.24157463,-0.19671002,0.0713079721,0.185970858,-0.0661005825,0.209587798,0.0668253526,-0.140820578,0.169404283,0.274421692,-0.520712137,1.02798808,-0.529374778,-0.0634392649,0.295666814,0.171863347
-0.0229709074,-0.362305343,0.971258342,-0.010817036,0.0335424766,-0.710110366,0.703207791,-0.0264854841,0.051179301,-0.0369875655,0.242009357,-0.195718512,0.0722661018,0.181931987,-0.0671748742,0.209506989,0.065339826,-0.131742939,0.161366612,0.273052186,-0.514934242,1.03387642,-0.493459523,-0.0784226432,0.3136307,0.244380191
-0.0226043779,-0.362716973,0.971411049,-0.00980999041,0.0329434946,-0.709840536,0.703523219,-0.025184162,0.0472568832,-0.0365997106,0.241408721,-0.195404381,0.072476238,0.178383037,-0.0670369565,0.209828511,0.0631328821,-0.125136808,0.156548098,0.273400337,-0.503875732,1.03805065,-0.460909218,-0.0915792957,0.317764968,0.306928992
-0.0222378504,-0.363128603,0.971563816,-0.0088029271,0.0323444568,-0.709569573,0.703837633,-0.0238828398,0.0433344655,-0.0362118557,0.240808085,-0.195090234,0.0726863816,0.174834102,-0.0668990389,0.210150048,0.0609259419,-0.118530683,0.151729569,0.273748487,-0.492817193,1.04222488,-0.428358912,-0.104735941,0.321899235,0.369477779
-0.0218713228,-0.363540202,0.971716523,-0.00779584842,0.0317453742,-0.709297597,0.704150915,-0.0225815177,0.0394120477,-0.0358240008,0.240207449,-0.194776088,0.0728965178,0.171285152,-0.0667611286,0.210471585,0.0587190017,-0.111924559,0.14691104,0.274096638,-0.481758684,1.04639912,-0.395808607,-0.117892601,0.326033533,0.432026565
-0.0215047952,-0.363951832,0.97186923,-0.0067887581,0.0311462358,-0.709024429,0.704463124,-0.0212801974,0.03548963,-0.0354361497,0.239606813,-0.194461942,0.073106654,0.167736217,-0.0666232109,0.210793108,0.0565120578,-0.105318427,0.142092526,0.274444789,-0.470700175,1.05057335,-0.363258302,-0.131049246,0.3301678,0.494575351
-0.0211382657,-0.364363462,0.972021997,-0.00578166265,0.0305470545,-0.708750129,0.704774201,-0.0199788753,0.0315672122,-0.0350482948,0.239006177,-0.194147795,0.0733167902,0.164187282,-0.0664852932,0.211114645,0.0543051176,-0.0987123027,0.137273997,0.274792939,-0.459641665,1.05474758,-0.330708027,-0.144205898,0.334302068,0.557124138
-0.0208409335,-0.364652216,0.972162426,-0.00488312263,0.0301293321,-0.708525538,0.705024898,-0.0192008205,0.0284203235,-0.03443617,0.237415969,-0.193953931,0.0729844868,0.161286131,-0.0667269677,0.211301953,0.0528160296,-0.0938311443,0.132530183,0.272277862,-0.455487549,1.055058,-0.30381462,-0.149756655,0.342460781,0.606913805
-0.0205657408,-0.364901662,0.97229892,-0.00401930884,0.029769646,-0.708316267,0.705255866,-0.0185901877,0.0255215708,-0.0337522887,0.235509142,-0.193798542,0.0724786296,0.158592239,-0.0670900941,0.211446345,0.051556617,-0.0895018876,0.12781027,0.268846631,-0.453542531,1.0541321,-0.278731167,-0.152873889,0.351907134,0.65262115
-0.020290548,-0.365151078,0.972435415,-0.00315548922,0.029409932,-0.708106399,0.705486119,-0.0179795567,0.0226228163,-0.0330684036,0.233602315,-0.193643153,0.0719727725,0.155898347,-0.067453213,0.211590722,0.0502972044,-0.0851726308,0.123090357,0.26541543,-0.451597512,1.05320621,-0.253647715,-0.155991137,0.361353487,0.698328555
-0.0200153552,-0.365400523,0.972571909,-0.00229166681,0.0290501863,-0.707895696,0.705715656,-0.0173689239,0.0197240617,-0.0323845223,0.231695503,-0.193487763,0.0714669153,0.153204471,-0.0678163394,0.2117351,0.0490377955,-0.0808433816,0.118370444,0.261984229,-0.449652463,1.05228031,-0.228564262,-0.159108371,0.370799839,0.7440359
-0.0197401606,-0.365649968,0.972708344,-0.00142784358,0.0286904182,-0.707684457,0.705944538,-0.0167582911,0.016825309,-0.0317006409,0.229788676,-0.193332374,0.0709610507,0.150510579,-0.0681794658,0.211879477,0.0477783829,-0.0765141249,0.113650531,0.258553028,-0.447707444,1.05135429,-0.203480795,-0.162225604,0.380246192,0.789743245
-0.0194796566,-0.365802824,0.972788751,-0.000640011742,0.0283877198,-0.707505405,0.70613724,-0.0163106546,0.0142788868,-0.0316149071,0.228787139,-0.19358103,0.0702946857,0.14804998,-0.0692557171,0.213119805,0.0459588841,-0.0729018822,0.106567085,0.254063398,-0.450336546,1.04809082,-0.183900237,-0.16377005,0.393277138,0.82679075
-0.0192526262,-0.365735561,0.972741365,-2.53732633E-05,0.028215155,-0.707401276,0.70624876,-0.0162345171,0.0125354975,-0.0328924581,0.229848906,-0.194750562,0.0692625046,0.146121085,-0.07195732,0.216858014,0.0428628437,-0.0709238648,0.0940967053,0.247161448,-0.463391036,1.0394994,-0.176861793,-0.161729768,0.414478034,0.844100893
-0.0190255959,-0.365668327,0.97269398,0.000589266128,0.0280425772,-0.707296908,0.706360102,-0.0161583796,0.0107921083,-0.0341700055,0.230910674,-0.195920095,0.068230316,0.144192174,-0.0746589229,0.220596224,0.0397667997,-0.0689458475,0.0816263258,0.240259498,-0.476445496,1.03090787,-0.169823363,-0.159689501,0.435678929,0.861411035
-0.0187985655,-0.365601063,0.972646594,0.00120390533,0.0278699826,-0.707192063,0.706470907,-0.0160822403,0.00904871803,-0.0354475565,0.231972441,-0.197089627,0.067198135,0.142263278,-0.0773605257,0.224334434,0.0366707556,-0.0669678301,0.0691559389,0.233357534,-0.489499956,1.02231646,-0.162784919,-0.157649219,0.456879824,0.878721118
-0.018571537,-0.365533829,0.972599208,0.00181854365,0.0276973788,-0.70708704,0.706581593,-0.0160061028,0.00730532873,-0.0367251076,0.233034208,-0.198259175,0.0661659464,0.140334383,-0.0800621286,0.228072658,0.0335747153,-0.0649898127,0.0566855632,0.226455584,-0.502554417,1.01372504,-0.15574649,-0.155608952,0.47808072,0.89603126
-0.0183445066,-0.365466565,0.972551763,0.00243318034,0.0275247656,-0.706981719,0.706691921,-0.0159299653,0.00556193944,-0.0380026586,0.234095976,-0.199428707,0.0651337653,0.138405487,-0.0827637315,0.231810868,0.0304786731,-0.0630117953,0.0442151837,0.21955362,-0.515608907,1.00513363,-0.148708045,-0.153568685,0.499281615,0.913341403
-0.0183556639,-0.365270019,0.972406149,0.00284216111,0.027554065,-0.706836343,0.706834733,-0.0158008076,0.0048047537,-0.0400212929,0.236259863,-0.200688392,0.0638960674,0.137304127,-0.0859328508,0.236336544,0.0278505664,-0.0625326484,0.0344158411,0.213252455,-0.530846775,0.999801934,-0.145562172,-0.150069654,0.520691276,0.915648937
-0.0184080973,-0.365051061,0.972243547,0.00321550248,0.0276183449,-0.706683815,0.706982911,-0.0156624615,0.00421846798,-0.0421683528,0.238614723,-0.201963708,0.0626227707,0.136346176,-0.0891829804,0.240998685,0.0253035482,-0.0623132437,0.0250793714,0.207055375,-0.546463013,0.995035172,-0.143090829,-0.14631784,0.542137146,0.915356696
-0.0184605308,-0.364832103,0.972080886,0.00358884409,0.0276826266,-0.706531227,0.707131088,-0.0155241154,0.00363218249,-0.0443154089,0.240969583,-0.203239024,0.0613494664,0.135388225,-0.0924331173,0.245660827,0.0227565281,-0.062093839,0.015742898,0.20085831,-0.562079251,0.990268409,-0.140619501,-0.142566025,0.563582957,0.915064394
-0.0185129642,-0.364613146,0.971918285,0.00396218477,0.0277468991,-0.70637852,0.707279146,-0.0153857693,0.003045897,-0.0464624688,0.243324459,-0.20451434,0.0600761622,0.134430274,-0.0956832543,0.250322968,0.0202095099,-0.0618744344,0.0064064269,0.194661245,-0.577695489,0.985501647,-0.138148159,-0.138814196,0.585028827,0.914772153
-0.0185653977,-0.364394188,0.971755624,0.00433552451,0.0278111696,-0.706225693,0.707427084,-0.0152474232,0.00245961151,-0.048609525,0.245679319,-0.205789655,0.058802858,0.133472323,-0.0989333838,0.254985124,0.0176624916,-0.0616550297,-0.00293004466,0.18846418,-0.593311727,0.980734885,-0.135676831,-0.135062382,0.606474638,0.914479911
-0.0185508989,-0.364255428,0.971575379,0.00465294626,0.0278547406,-0.705970347,0.707678258,-0.015029707,0.00178304606,-0.0505801402,0.248097524,-0.206977859,0.0574045628,0.132510573,-0.101650968,0.259323508,0.015143849,-0.0610253364,-0.00942865107,0.183453739,-0.604686379,0.980236888,-0.131560534,-0.132158875,0.622098684,0.917974532
-0.0184358526,-0.36423713,0.97136873,0.00488636922,0.0278672222,-0.705560923,0.708084345,-0.0146927619,0.000970865716,-0.0522857085,0.250610888,-0.208035201,0.0558185056,0.131543115,-0.103568569,0.263175547,0.0126678338,-0.0597793162,-0.0116643105,0.180225819,-0.609689534,0.986151338,-0.124973245,-0.130529657,0.628977299,0.9271577
-0.0183208082,-0.364218831,0.97116214,0.00511978986,0.027879687,-0.7051512,0.708490193,-0.0143558178,0.000158685376,-0.0539912768,0.253124237,-0.209092528,0.0542324483,0.130575657,-0.105486169,0.267027617,0.0101918187,-0.0585332997,-0.0138999699,0.1769979,-0.614692688,0.992065787,-0.118385948,-0.128900439,0.635855913,0.936340928
-0.0182057619,-0.364200532,0.970955491,0.0053532091,0.0278921481,-0.704741299,0.708895802,-0.0140188737,-0.000653494964,-0.0556968413,0.255637586,-0.210149869,0.0526463874,0.129608214,-0.10740377,0.270879656,0.00771580404,-0.0572872832,-0.0161356293,0.173769981,-0.619695842,0.997980237,-0.111798659,-0.127271235,0.642734528,0.945524096
-0.0180907175,-0.364182234,0.970748842,0.00558662554,0.0279045925,-0.704330981,0.709301054,-0.0136819296,-0.00146567519,-0.0574024096,0.258150935,-0.211207196,0.0510603301,0.128640756,-0.109321371,0.274731725,0.00523978937,-0.056041263,-0.0183712896,0.170542061,-0.624698997,1.00389469,-0.10521137,-0.125642017,0.649613142,0.954707325
-0.0179756712,-0.364163935,0.970542192,0.00582004059,0.0279170312,-0.703920484,0.709706128,-0.0133449845,-0.00227785553,-0.0591079779,0.260664314,-0.212264538,0.0494742729,0.127673313,-0.111238971,0.278583765,0.00276377448,-0.0547952466,-0.0206069481,0.167314142,-0.629702151,1.00980914,-0.0986240804,-0.124012806,0.656491756,0.963890493
-0.0176637135,-0.364343345,0.970346689,0.00573234912,0.0278691165,-0.703519523,0.710106194,-0.0124789523,-0.00314349681,-0.0596544072,0.262321085,-0.213367179,0.0484526195,0.126853615,-0.111313753,0.280657649,0.00085666799,-0.0549123026,-0.018984288,0.166827157,-0.624541581,1.02027833,-0.0913174823,-0.124027826,0.650925398,0.977227509
-0.0173407365,-0.364533812,0.970151782,0.00562668592,0.0278178155,-0.70311898,0.710505724,-0.0115833106,-0.0040121302,-0.0601359718,0.263929904,-0.214472353,0.0474625491,0.126042187,-0.111285411,0.282632053,-0.00101860135,-0.0551056378,-0.0171457101,0.16649355,-0.618812323,1.0310024,-0.0839706212,-0.124134868,0.644662619,0.990796983
-0.0170177594,-0.364724308,0.969956875,0.00552102132,0.0277665071,-0.702718079,0.710905075,-0.0106876688,-0.00488076359,-0.0606175363,0.265538752,-0.215577528,0.0464724787,0.125230744,-0.111257069,0.284606427,-0.00289387093,-0.0552989729,-0.0153071312,0.166159958,-0.613083005,1.04172647,-0.0766237676,-0.124241903,0.638399839,1.00436652
-0.0166947823,-0.364914805,0.969762027,0.00541535346,0.0277151838,-0.70231694,0.711304009,-0.00979202706,-0.00574939651,-0.0610991009,0.267147571,-0.216682702,0.0454824083,0.124419317,-0.111228727,0.286580801,-0.00476913992,-0.055492308,-0.0134685533,0.16582635,-0.607353687,1.05245054,-0.0692769065,-0.124348946,0.63213706,1.01793599
-0.0163718052,-0.365105271,0.96956712,0.00530968513,0.0276638586,-0.701915681,0.711702943,-0.00889638625,-0.00661802944,-0.0615806654,0.26875639,-0.217787877,0.0444923379,0.123607889,-0.111200385,0.288555175,-0.00664440915,-0.0556856431,-0.0116299754,0.165492743,-0.601624429,1.06317461,-0.0619300529,-0.124455988,0.625874221,1.03150547
-0.015929386,-0.365358919,0.969583392,0.00507076969,0.0278321709,-0.70156014,0.712048471,-0.00792357698,-0.00700833695,-0.0615161434,0.268911064,-0.218177497,0.0436102673,0.123228759,-0.110514686,0.288823187,-0.0075413282,-0.0561773963,-0.00951022003,0.164839044,-0.59579736,1.07343102,-0.0554796308,-0.123808086,0.619652629,1.04423082
-0.0153648015,-0.365677148,0.969815552,0.00469556311,0.0282251406,-0.701251507,0.71233958,-0.00687183766,-0.00690939277,-0.0608930625,0.267578363,-0.217835218,0.0428386629,0.123291798,-0.109156616,0.287345886,-0.00743755,-0.0569743812,-0.00710286619,0.163857952,-0.589870393,1.08320892,-0.0499461181,-0.12238799,0.613473058,1.05609262
-0.0148002161,-0.365995407,0.970047712,0.00432035467,0.0286180954,-0.700942516,0.712630272,-0.00582009926,-0.00681044813,-0.0602699816,0.266245633,-0.217492938,0.0420670584,0.123354845,-0.107798547,0.285868555,-0.00733377179,-0.0577713698,-0.00469551189,0.162876844,-0.583943427,1.09298682,-0.0444126092,-0.120967902,0.607293487,1.06795454
-0.0142356297,-0.366313636,0.970279932,0.00394514343,0.0290110391,-0.700633287,0.712920725,-0.00476836041,-0.00671150396,-0.0596469007,0.264912903,-0.217150658,0.0412954539,0.123417884,-0.106440477,0.284391224,-0.00722999405,-0.0585683547,-0.00228815805,0.161895737,-0.57801646,1.10276484,-0.0388791002,-0.119547814,0.601113975,1.07981646
-0.0136710443,-0.366631895,0.970512092,0.00356993079,0.0294039696,-0.700323641,0.713210821,-0.00371662108,-0.00661255978,-0.0590238199,0.263580203,-0.216808379,0.0405238532,0.123480923,-0.105082408,0.282913893,-0.00712621585,-0.0593653433,0.000119196819,0.160914645,-0.572089434,1.11254275,-0.0333455876,-0.118127726,0.594934404,1.09167838
-0.0130921723,-0.366950601,0.970749021,0.00318445847,0.0298015587,-0.700020909,0.713493168,-0.00266556069,-0.0064984588,-0.0583677366,0.262191117,-0.21644181,0.0397355743,0.123558842,-0.103687614,0.281369537,-0.00700108055,-0.0601546802,0.00250629941,0.159904867,-0.566226244,1.12229586,-0.0279467013,-0.116704807,0.588844895,1.10343397
-0.0121850269,-0.367280096,0.971095562,0.00256325654,0.0303065684,-0.699886143,0.713606715,-0.0016300868,-0.00603608694,-0.056953378,0.259507358,-0.215517104,0.0385641828,0.123978488,-0.101448968,0.27828452,-0.00638520205,-0.0607682802,0.00442805747,0.15823628,-0.561827958,1.13147831,-0.0256412234,-0.115216769,0.584824085,1.11274612
-0.0112778805,-0.36760956,0.971442044,0.00194205111,0.0308115538,-0.699750781,0.713719726,-0.000594612968,-0.00557371555,-0.0555390194,0.256823599,-0.214592397,0.0373927914,0.124398135,-0.0992103145,0.275199503,-0.00576932356,-0.0613818802,0.00634981552,0.156567693,-0.557429671,1.14066076,-0.0233357474,-0.113728739,0.580803335,1.12205815
-0.0103707351,-0.367939055,0.971788585,0.00132084382,0.0313165225,-0.699614942,0.713832259,0.000440860953,-0.00511134369,-0.0541246571,0.254139841,-0.213667691,0.0362213999,0.124817774,-0.0969716683,0.272114486,-0.00515344506,-0.0619954802,0.00827157404,0.154899105,-0.553031385,1.1498431,-0.0210302696,-0.112240709,0.576782584,1.13137031
-0.00946358964,-0.36826852,0.972135067,0.000699636294,0.0318214707,-0.699478745,0.713944376,0.00147633476,-0.00464897184,-0.0527102984,0.251456082,-0.212742984,0.0350500084,0.12523742,-0.0947330222,0.269029468,-0.00453756656,-0.0626090765,0.0101933321,0.153230518,-0.548633158,1.15902555,-0.0187247936,-0.110752672,0.572761834,1.14068246
-0.00855644327,-0.368598014,0.972481608,7.84291842E-05,0.0323263891,-0.699341953,0.714055955,0.00251180842,-0.00418659998,-0.0512959361,0.248772308,-0.211818278,0.033878617,0.125657067,-0.0924943686,0.265944421,-0.00392168807,-0.0632226765,0.0121150892,0.151561931,-0.544234872,1.168208,-0.0164193157,-0.109264642,0.568741024,1.14999461
-0.00763336197,-0.368909836,0.972813785,-0.000557656924,0.0327587761,-0.699337184,0.714040697,0.00361739448,-0.00376388873,-0.0495637096,0.245819494,-0.210810855,0.0325614512,0.126088098,-0.0901409462,0.262774646,-0.00328727532,-0.0640079677,0.0137907043,0.1497446,-0.540897548,1.17656338,-0.0147999581,-0.107786156,0.565825462,1.15787506
-0.00669916347,-0.369209349,0.973135948,-0.00120412465,0.0331405587,-0.699424326,0.713936865,0.00477189291,-0.00336884568,-0.0476097278,0.242678985,-0.209745735,0.0311425887,0.126527056,-0.087707445,0.259545743,-0.00263993256,-0.0649130419,0.0152946003,0.147823483,-0.538300455,1.18434167,-0.0136592612,-0.106314331,0.563680887,1.16475677
-0.00576496497,-0.369508862,0.973458111,-0.00185059255,0.033522319,-0.699511051,0.713832736,0.00592639111,-0.00297380262,-0.045655746,0.239538491,-0.208680615,0.0297237262,0.126966015,-0.0852739513,0.256316811,-0.00199258979,-0.0658181086,0.0167984944,0.145902365,-0.535703361,1.19212008,-0.0125185642,-0.104842514,0.561536372,1.17163849
-0.004830766,-0.369808406,0.973780215,-0.00249705976,0.0339040644,-0.699597478,0.71372813,0.00708088977,-0.0025787598,-0.0437017642,0.236397982,-0.207615495,0.0283048637,0.127404988,-0.0828404501,0.253087908,-0.00134524703,-0.0667231753,0.0183023904,0.143981263,-0.533106208,1.19989848,-0.0113778673,-0.103370689,0.559391797,1.1785202
-0.00389656727,-0.370107919,0.974102378,-0.00314352452,0.0342857838,-0.699683368,0.713623047,0.00823538844,-0.00218371674,-0.0417477824,0.233257473,-0.206550375,0.0268860012,0.127843946,-0.0804069489,0.24985899,-0.000697904092,-0.0676282495,0.0198062863,0.142060146,-0.530509114,1.20767689,-0.0102371704,-0.101898864,0.557247281,1.1854018
-0.00299968361,-0.370410979,0.974407077,-0.0037432306,0.0346152857,-0.699810505,0.713479519,0.00945742149,-0.00189820409,-0.0397385471,0.230091497,-0.2054905,0.0254707653,0.128185049,-0.0780095086,0.246697858,-9.09972732E-05,-0.0687034428,0.021328954,0.140171632,-0.528125942,1.21525192,-0.00905582402,-0.100426055,0.555170298,1.19201708
-0.00233904505,-0.370736569,0.97460103,-0.00404692115,0.0346143134,-0.700201273,0.713094592,0.0111070247,-0.00230614142,-0.0373794809,0.226764247,-0.204463884,0.0240784828,0.127906591,-0.0758403391,0.243965939,0.00025990518,-0.0708557293,0.0229704697,0.138489559,-0.527097464,1.22154033,-0.00761711737,-0.0989470556,0.553521156,1.19694531
-0.00167840661,-0.37106216,0.974794984,-0.00435061008,0.0346133187,-0.700591624,0.712709248,0.0127566271,-0.00271407887,-0.0350204147,0.223437011,-0.203437284,0.0226862021,0.127628133,-0.0736711696,0.241234019,0.00061080762,-0.0730080158,0.0246119834,0.136807486,-0.526068985,1.22782862,-0.00617841072,-0.0974680558,0.551871955,1.20187354
-0.00101776805,-0.37138775,0.974988937,-0.00465429761,0.0346123129,-0.700981736,0.712323666,0.0144062303,-0.00312201632,-0.0326613449,0.220109761,-0.202410668,0.0212939214,0.127349675,-0.0715019926,0.238502085,0.000961710059,-0.0751603022,0.0262534991,0.135125414,-0.525040448,1.23411703,-0.00473970408,-0.0959890485,0.550222814,1.20680177
-0.000357129582,-0.37171334,0.97518295,-0.00495798327,0.0346112959,-0.70137161,0.711937785,0.0160558335,-0.00352995377,-0.0303022806,0.216782525,-0.201384053,0.0199016407,0.127071232,-0.0693328232,0.235770166,0.00131261244,-0.0773125887,0.0278950147,0.133443341,-0.52401197,1.24040532,-0.00330099743,-0.0945100486,0.548573613,1.21173
0.000303508859,-0.372038931,0.975376904,-0.00526166707,0.034610264,-0.701761127,0.711551666,0.0177054368,-0.00393789122,-0.0279432144,0.21345529,-0.200357437,0.0185093582,0.126792774,-0.0671636537,0.233038247,0.00166351488,-0.0794648752,0.0295365285,0.131761268,-0.522983491,1.24669373,-0.00186229101,-0.0930310413,0.546924472,1.21665823
0.000728144951,-0.372280747,0.975429893,-0.00516629685,0.0341187604,-0.702495098,0.71085155,0.0200568233,-0.00546752941,-0.0254912786,0.21041733,-0.19968304,0.0171807669,0.125395358,-0.0657450706,0.231527135,0.00130839669,-0.0830558017,0.0314716548,0.130201072,-0.523635864,1.2509743,0.000404031394,-0.0925360844,0.545473397,1.21868324
0.00104362704,-0.37248379,0.975417674,-0.00488634966,0.0334003456,-0.703387082,0.710005105,0.0227327961,-0.00751596782,-0.0229963884,0.207513168,-0.199171543,0.0158816315,0.123480402,-0.0646736547,0.230580658,0.000626735331,-0.0873121098,0.0335425809,0.128697246,-0.52506566,1.25432634,0.00305313617,-0.0924962461,0.544113874,1.21936548
0.00135910907,-0.372686863,0.975405455,-0.00460639177,0.0326818563,-0.704277635,0.709157109,0.0254087672,-0.00956440624,-0.0205015,0.204609022,-0.198660046,0.0145824961,0.121565446,-0.0636022314,0.229634166,-5.49259239E-05,-0.0915684253,0.035613507,0.127193406,-0.526495457,1.25767839,0.00570224039,-0.0924564153,0.542754412,1.22004771
0.0016745911,-0.372889936,0.975393236,-0.00432642316,0.0319632962,-0.705166698,0.708307624,0.0280847382,-0.0116128437,-0.0180066116,0.20170486,-0.198148564,0.0132833617,0.119650498,-0.0625308082,0.228687689,-0.000736587157,-0.0958247408,0.0376844332,0.125689581,-0.527925253,1.26103044,0.00835134462,-0.0924165845,0.541394949,1.22072995
0.00199007313,-0.373092979,0.975381017,-0.00404644664,0.0312446728,-0.70605427,0.707456589,0.0307607111,-0.0136612831,-0.0155117214,0.198800698,-0.197637066,0.0119842263,0.11773555,-0.0614593849,0.227741212,-0.00141824863,-0.100081049,0.0397553593,0.124185741,-0.529355109,1.26438248,0.0110004498,-0.0923767537,0.540035427,1.2214123
0.00216759648,-0.373270363,0.975329518,-0.00365882367,0.0304067619,-0.707191348,0.706358671,0.033630874,-0.0158186108,-0.0129798288,0.195856959,-0.197148561,0.0105835656,0.115621887,-0.0605809055,0.226987436,-0.00214788807,-0.104661211,0.0421188697,0.123016208,-0.531376839,1.26652503,0.0138939787,-0.0925804079,0.538843572,1.22013903
0.00188612659,-0.373362243,0.975147426,-0.00291303382,0.0291719474,-0.709158838,0.704439044,0.0371471271,-0.0183382202,-0.0103248218,0.192781508,-0.196736544,0.00884512626,0.112847134,-0.060344357,0.226874813,-0.00303715211,-0.110318825,0.0454558246,0.122958899,-0.535368085,1.26464331,0.0176007152,-0.0935941488,0.538209438,1.21235967
0.00160465669,-0.373454154,0.974965394,-0.00216719508,0.0279368181,-0.711119592,0.702512622,0.0406633765,-0.0208578296,-0.0076698144,0.189706057,-0.196324527,0.00710668741,0.110072374,-0.0601078086,0.22676219,-0.00392641639,-0.115976438,0.0487927794,0.122901589,-0.539359331,1.26276159,0.0213074535,-0.0946078971,0.537575245,1.20458031
0.00132318679,-0.373546064,0.974783301,-0.0014213277,0.0267014056,-0.713073432,0.700579345,0.0441796258,-0.0233774371,-0.00501480699,0.186630607,-0.19591251,0.00536824809,0.107297614,-0.0598712601,0.226649567,-0.00481568044,-0.121634051,0.0521297306,0.122844279,-0.543350577,1.26087987,0.02501419,-0.095621638,0.536941051,1.19680095
0.0010417169,-0.373637944,0.974601209,-0.000675454328,0.0254657511,-0.715020418,0.698639393,0.0476958789,-0.0258970466,-0.00235979981,0.183555156,-0.195500493,0.00362980925,0.104522862,-0.0596347153,0.226536945,-0.00570494449,-0.127291664,0.0554666854,0.122786969,-0.547341824,1.25899816,0.0287209265,-0.0966353863,0.536306918,1.18902159
0.000760247,-0.373729855,0.974419177,7.04040358E-05,0.0242298841,-0.71696043,0.696692705,0.0512121283,-0.028416656,0.000295207137,0.180479705,-0.195088476,0.00189137028,0.101748101,-0.0593981668,0.226424307,-0.00659420853,-0.132949278,0.0588036403,0.122729659,-0.55133307,1.25711644,0.0324276648,-0.0976491272,0.535672724,1.18124235
-0.000231808343,-0.373749077,0.973958433,0.0007655769,0.0225092564,-0.720499575,0.693089664,0.0557344556,-0.030110376,0.00248894864,0.180227995,-0.194367155,-0.00066270103,0.099042207,-0.0594819412,0.228285179,-0.00835925154,-0.140448511,0.0634220764,0.123290755,-0.555376053,1.25404584,0.0376098566,-0.100696437,0.535341203,1.16389167
-0.00142609258,-0.373747617,0.973418415,0.00144638645,0.0206497498,-0.724472046,0.688993394,0.060543105,-0.0315690525,0.0045514158,0.180779919,-0.193557799,-0.00344889681,0.0963559076,-0.0596568845,0.230707675,-0.0103735356,-0.148471877,0.0684052184,0.124027841,-0.559433818,1.25063694,0.0432119519,-0.104322478,0.535095811,1.14381707
-0.00262037711,-0.373746157,0.972878337,0.00212719035,0.0187893603,-0.72841835,0.684871674,0.0653517544,-0.0330277272,0.00661388319,0.181331828,-0.192748457,-0.00623509334,0.0936696157,-0.0598318242,0.233130172,-0.0123878215,-0.156495228,0.073388353,0.124764927,-0.563491583,1.24722803,0.0488140509,-0.107948527,0.534850419,1.12374258
-0.00381466141,-0.373744726,0.972338319,0.00280791405,0.0169282947,-0.73233813,0.680724978,0.0701604113,-0.0344864056,0.00867635012,0.181883752,-0.191939101,-0.00902128872,0.0909833163,-0.0600067638,0.235552683,-0.0144021055,-0.16451858,0.078371495,0.12550202,-0.567549348,1.24381912,0.0544161499,-0.111574575,0.534605026,1.10366797
-0.00500894617,-0.373743266,0.971798241,0.00348848314,0.0150667513,-0.73623085,0.676553786,0.0749690607,-0.0359450802,0.010738818,0.182435676,-0.191129759,-0.0118074855,0.0882970244,-0.0601817071,0.23797518,-0.0164163914,-0.172541946,0.083354637,0.126239106,-0.571607053,1.24041009,0.0600182489,-0.115200624,0.534359694,1.08359349
-0.00648210803,-0.373516113,0.97145021,0.00387932872,0.013129713,-0.740902245,0.671473444,0.07963112,-0.0364957005,0.0117889401,0.185833365,-0.190372363,-0.0140273394,0.0863759965,-0.0605732389,0.241442576,-0.0188607723,-0.18219094,0.0891897678,0.127337128,-0.57587266,1.23651814,0.0647315532,-0.12230286,0.530709743,1.05129516
-0.00853235647,-0.372821957,0.971499324,0.00367073715,0.0110356221,-0.74718833,0.664510608,0.0839898437,-0.0351672731,0.010744201,0.195119873,-0.189722493,-0.0150752524,0.0860385373,-0.0614129677,0.24707219,-0.0221951585,-0.195203871,0.096787937,0.129182011,-0.580568433,1.23162663,0.0676056817,-0.136598408,0.520014822,0.993702173
-0.0105826054,-0.372127801,0.971548438,0.00346175232,0.00893996656,-0.753407001,0.657484591,0.08834856,-0.0338388421,0.00969946198,0.204406396,-0.189072639,-0.0161231663,0.0857010856,-0.0622527003,0.252701789,-0.0255295448,-0.208216801,0.104386114,0.131026909,-0.585264146,1.226735,0.0704798028,-0.150893971,0.509319842,0.936109126
-0.0126328543,-0.371433645,0.971597552,0.00325243175,0.00684333127,-0.759556532,0.650397241,0.0927072838,-0.0325104147,0.00865472294,0.213692904,-0.188422769,-0.0171710793,0.0853636339,-0.0630924255,0.258331418,-0.0288639311,-0.221229747,0.111984283,0.132871807,-0.589959919,1.22184348,0.0733539313,-0.16518952,0.498624861,0.878516078
-0.0146831023,-0.37073949,0.971646667,0.00304283388,0.00474629551,-0.765635014,0.643250525,0.0970660001,-0.0311819836,0.00760998391,0.222979411,-0.187772915,-0.0182189923,0.0850261748,-0.0639321581,0.263961017,-0.0321983173,-0.234242678,0.119582459,0.134716704,-0.594655693,1.21695185,0.0762280524,-0.179485083,0.48792991,0.82092309
-0.0167333502,-0.370045304,0.971695781,0.00283301668,0.00264944113,-0.771641076,0.636046469,0.101424724,-0.0298535544,0.00656524533,0.232265919,-0.187123045,-0.0192669053,0.0846887231,-0.0647718906,0.269590616,-0.0355327018,-0.247255608,0.127180636,0.136561602,-0.599351406,1.21206033,0.0791021809,-0.193780631,0.47723496,0.763330042
-0.0191794857,-0.368543833,0.971969783,0.00264314539,0.00115104334,-0.779655576,0.626202047,0.104404084,-0.0288985129,0.0017314651,0.236957774,-0.185118794,-0.0174979344,0.0869471207,-0.0656382293,0.271650761,-0.0363168716,-0.260453582,0.132983908,0.137746051,-0.605876148,1.20617938,0.0758286193,-0.20698826,0.461640626,0.704339921
-0.0216831304,-0.366925031,0.972276449,0.00245564082,-0.000261486392,-0.78784436,0.615869462,0.107183054,-0.0279977135,-0.00365275191,0.24098216,-0.182917804,-0.0153197516,0.0895826146,-0.0665084347,0.273192376,-0.0367305726,-0.273678452,0.138526425,0.138834551,-0.612666547,1.20015466,0.071661979,-0.220037833,0.445334554,0.645146847
-0.024186777,-0.365306258,0.972583115,0.00226764777,-0.00167439424,-0.795897067,0.605425477,0.109962031,-0.0270969141,-0.00903696939,0.245006546,-0.180716813,-0.0131415688,0.0922181159,-0.0673786327,0.27473399,-0.0371442698,-0.286903292,0.144068956,0.139923051,-0.619456947,1.19412994,0.0674953386,-0.23308742,0.429028481,0.585953712
-0.0266904216,-0.363687485,0.972889781,0.00207926566,-0.0030869341,-0.803809226,0.594875395,0.112741008,-0.0261961147,-0.0144211864,0.249030933,-0.178515822,-0.0109633859,0.0948536173,-0.0682488382,0.276275575,-0.0375579707,-0.300128162,0.149611473,0.141011566,-0.626247346,1.18810523,0.0633286983,-0.246136993,0.412722439,0.526760638
-0.0291940682,-0.362068713,0.973196447,0.00189059414,-0.00449836208,-0.811577022,0.584225118,0.115519986,-0.0252953172,-0.0198054034,0.253055304,-0.176314831,-0.0087852031,0.0974891111,-0.0691190436,0.27781719,-0.0379716679,-0.313353002,0.155154005,0.142100066,-0.633037806,1.18208051,0.0591620617,-0.259186566,0.396416366,0.467567563
-0.0314366631,-0.360286474,0.973554909,0.00170984212,-0.00600164663,-0.819969833,0.572372735,0.115113765,-0.0256396998,-0.0256356783,0.25527218,-0.173497155,-0.00524903974,0.0999329016,-0.0696386769,0.278142482,-0.0378865711,-0.3249515,0.159046352,0.142165899,-0.63810426,1.17798328,0.0598917268,-0.270226866,0.386731327,0.427576959
-0.0333195068,-0.358279049,0.973984599,0.00153976434,-0.00763353612,-0.829234302,0.558846891,0.110318065,-0.0277000498,-0.0320806578,0.254998088,-0.169829622,0.000158538547,0.102112494,-0.0696751997,0.276791573,-0.0371140912,-0.334308773,0.160664618,0.140822425,-0.640794933,1.17654228,0.0673689246,-0.278498232,0.386170655,0.414049089
-0.0352023505,-0.356271595,0.974414349,0.00136914733,-0.00926450919,-0.838280022,0.545159459,0.105522372,-0.0297603998,-0.0385256372,0.254723996,-0.166162103,0.00556611735,0.104292087,-0.0697117224,0.275440693,-0.0363416076,-0.343666017,0.162282899,0.139478937,-0.643485606,1.17510128,0.0748461261,-0.286769569,0.385610014,0.400521219
-0.0370851904,-0.35426417,0.974844038,0.00119812973,-0.010893235,-0.847099304,0.531321585,0.100726672,-0.0318207517,-0.0449706167,0.254449904,-0.162494585,0.0109736966,0.10647168,-0.0697482452,0.274089783,-0.0355691239,-0.353023261,0.163901165,0.138135448,-0.646176279,1.17366028,0.0823233202,-0.295040905,0.385049343,0.386993349
-0.0389680341,-0.352256745,0.975273788,0.00102685101,-0.0125183854,-0.855685055,0.517344534,0.0959309712,-0.0338811018,-0.0514155962,0.254175812,-0.158827066,0.0163812749,0.10865128,-0.0697847679,0.272738904,-0.034796644,-0.362380505,0.165519431,0.136791974,-0.648866951,1.17221928,0.0898005217,-0.303312272,0.384488672,0.373465478
-0.0408508778,-0.35024929,0.975703478,0.000855451159,-0.0141386427,-0.8640306,0.50323993,0.0911352783,-0.0359414518,-0.0578605719,0.25390172,-0.155159533,0.0217888523,0.110830873,-0.0698212832,0.271387994,-0.0340241604,-0.371737778,0.167137697,0.135448486,-0.651557624,1.17077839,0.0972777158,-0.311583608,0.383928031,0.359937608
-0.0421773382,-0.348362833,0.976156473,0.000848516356,-0.0155431228,-0.873357356,0.486831278,0.0770035535,-0.0398283042,-0.0672202259,0.252201587,-0.150944442,0.0256546289,0.11288821,-0.0692842156,0.267587364,-0.031640619,-0.376259267,0.161323458,0.13448064,-0.653479993,1.17551649,0.097961776,-0.310621828,0.393360943,0.393354177
-0.0434853211,-0.346480399,0.976610303,0.000846739858,-0.0169367325,-0.882421255,0.470154166,0.0625617653,-0.0437758192,-0.0766766742,0.250454098,-0.146711156,0.0294692013,0.114941485,-0.0687280968,0.263705343,-0.0292035732,-0.380620152,0.155262381,0.133525267,-0.655376911,1.18045998,0.0984202176,-0.309353411,0.403125763,0.428329825
-0.0447933003,-0.344597965,0.977064073,0.000844655617,-0.0183249731,-0.891170442,0.453297555,0.0481199771,-0.0477233306,-0.0861331299,0.248706624,-0.142477885,0.0332837738,0.116994768,-0.068171978,0.259823352,-0.0267665274,-0.384981036,0.149201289,0.132569894,-0.657273769,1.18540335,0.0988786593,-0.308084995,0.412890613,0.463305473
-0.0461012833,-0.342715532,0.977517843,0.000842265377,-0.0197063219,-0.899595022,0.436279505,0.0336781926,-0.0516708456,-0.0955895782,0.246959135,-0.138244599,0.0370983444,0.119048044,-0.0676158592,0.255941361,-0.0243294798,-0.389341921,0.143140212,0.131614521,-0.659170628,1.19034672,0.0993371084,-0.306816578,0.422655433,0.498281121
-0.0474092662,-0.340833098,0.977971613,0.000839572516,-0.0210792981,-0.907686293,0.419118822,0.0192364082,-0.0556183569,-0.105046026,0.245211661,-0.134011313,0.0409129187,0.12110132,-0.0670597404,0.25205934,-0.021892434,-0.393702805,0.13707912,0.130659148,-0.661067545,1.19529009,0.0997955501,-0.305548131,0.432420254,0.533256769
-0.0484709628,-0.339127451,0.978369534,0.000994198606,-0.0218194313,-0.915573418,0.401556998,0.00520061469,-0.0582078807,-0.113693953,0.243146673,-0.130221605,0.0440731719,0.123698696,-0.066399768,0.246911362,-0.0190496761,-0.392985195,0.131025791,0.131379664,-0.660633266,1.20134985,0.0971905217,-0.300890565,0.440793395,0.573407888
-0.0493009165,-0.337588191,0.978714824,0.00129712466,-0.0219646357,-0.923249722,0.383569747,-0.00845314655,-0.0595195778,-0.121581063,0.240782917,-0.126849264,0.0466177352,0.126808032,-0.0656420738,0.240572095,-0.0158251543,-0.387488872,0.124979772,0.133677125,-0.658005476,1.20845997,0.091702871,-0.293043941,0.447856992,0.618429065
-0.0501308702,-0.336048901,0.979060173,0.00159983477,-0.022101555,-0.930579484,0.365418792,-0.0221069064,-0.0608312748,-0.129468173,0.238419175,-0.123476937,0.0491622984,0.129917383,-0.0648843795,0.234232843,-0.0126006324,-0.381992549,0.118933745,0.135974586,-0.655377686,1.21557009,0.0862152129,-0.285197288,0.45492059,0.663450181
-0.0509608202,-0.334509641,0.979405463,0.00190198061,-0.0222300235,-0.937553465,0.347124785,-0.0357606672,-0.0621429719,-0.137355283,0.236055434,-0.120104603,0.0517068617,0.133026719,-0.0641266778,0.227893576,-0.00937611144,-0.376496226,0.112887718,0.138272047,-0.652749836,1.22268009,0.0807275549,-0.277350634,0.461984187,0.708471298
-0.0517907739,-0.332970351,0.979750812,0.00220321538,-0.0223499015,-0.944164276,0.328708887,-0.0494144298,-0.0634546652,-0.145242408,0.233691677,-0.11673227,0.054251425,0.13613607,-0.0633689836,0.221554324,-0.00615158956,-0.370999932,0.106841691,0.140569508,-0.650122046,1.22979021,0.0752398968,-0.269503981,0.469047785,0.753492475
-0.0526232757,-0.331472337,0.980082154,0.0024985997,-0.0224391203,-0.950401425,0.31020537,-0.0625755861,-0.064674221,-0.152809188,0.231492773,-0.113631971,0.0569887049,0.13918817,-0.0626998693,0.215396926,-0.00302575319,-0.365223855,0.100830682,0.14284499,-0.647436917,1.23681152,0.069791995,-0.261706173,0.475991428,0.798061848
-0.0534939542,-0.330592185,0.980203927,0.00272412016,-0.0221906044,-0.956225455,0.291775584,-0.0683547631,-0.064512901,-0.155575708,0.231764019,-0.11460828,0.062613897,0.141382396,-0.063358292,0.211964905,-0.00137875567,-0.355255425,0.0953443721,0.144791052,-0.64389199,1.2425009,0.0649398044,-0.254639953,0.481137305,0.835861504
-0.0543646365,-0.329712063,0.980325699,0.00294890231,-0.0219334699,-0.961698771,0.273213595,-0.0741339326,-0.0643515885,-0.158342212,0.232035279,-0.11558459,0.0682390928,0.143576622,-0.0640167147,0.20853287,0.000268241769,-0.345286995,0.08985807,0.146737128,-0.640347064,1.24819028,0.06008761,-0.247573763,0.486283213,0.87366116
-0.0552353188,-0.328831911,0.980447471,0.00317269075,-0.0216679852,-0.96681428,0.254539937,-0.0799131095,-0.064190276,-0.161108717,0.232306525,-0.116560899,0.0738642886,0.145770848,-0.06467513,0.205100849,0.00191523938,-0.335318595,0.0843717605,0.14868319,-0.636802197,1.25387979,0.0552354157,-0.240507558,0.49142909,0.911460817
-0.0561059974,-0.327951789,0.980569243,0.0033952333,-0.0213944465,-0.971566081,0.23577556,-0.0856922865,-0.0640289634,-0.163875237,0.232577786,-0.117537208,0.0794894844,0.147965074,-0.0653335527,0.201668814,0.00356223667,-0.325350165,0.078885451,0.150629267,-0.63325727,1.25956917,0.0503832251,-0.233441368,0.496574998,0.949260473
-0.0569766797,-0.327071637,0.980691016,0.00361628272,-0.021113174,-0.975949585,0.216941729,-0.0914714634,-0.0638676509,-0.166641742,0.232849032,-0.118513517,0.0851146728,0.150159299,-0.0659919754,0.198236793,0.00520923408,-0.315381736,0.0733991489,0.152575329,-0.629712343,1.26525855,0.0455310345,-0.226375163,0.501720905,0.98706013
-0.0578237996,-0.326468825,0.980761647,0.00395792071,-0.0206433963,-0.979707778,0.199326381,-0.0933739543,-0.0628114566,-0.167518124,0.23290962,-0.120758437,0.0896188617,0.152052015,-0.0674826279,0.195746586,0.00685184821,-0.306139976,0.0694595203,0.154675409,-0.626359344,1.27064729,0.0398583338,-0.22061339,0.505447567,1.01776421
-0.0586558506,-0.326043367,0.980799615,0.00437687756,-0.0200509019,-0.983000815,0.182450742,-0.0927969441,-0.0611828975,-0.167185575,0.232835487,-0.123814754,0.0934060663,0.153751895,-0.0695055798,0.193858758,0.00849165861,-0.297362983,0.0665091425,0.156873986,-0.62312907,1.2758435,0.0336608477,-0.215685934,0.508266568,1.04392993
-0.0594879016,-0.325617909,0.980837524,0.00479481416,-0.0194520764,-0.986004651,0.16550985,-0.0922199264,-0.0595543422,-0.16685304,0.232761353,-0.126871064,0.0971932635,0.155451775,-0.0715285316,0.19197093,0.010131469,-0.288585961,0.0635587648,0.159072563,-0.619898736,1.28103983,0.0274633598,-0.210758477,0.51108557,1.07009554
-0.0603199527,-0.325192451,0.980875432,0.00521135842,-0.0188474394,-0.988716304,0.148518711,-0.0916429088,-0.0579257831,-0.166520491,0.232687205,-0.129927382,0.100980461,0.157151654,-0.073551476,0.190083086,0.0117712794,-0.279808968,0.0606083833,0.16127114,-0.616668463,1.28623617,0.0212658718,-0.205831006,0.513904512,1.09626126
-0.0611520037,-0.324766994,0.980913401,0.00562613877,-0.018237533,-0.991133451,0.131492421,-0.0910658985,-0.0562972277,-0.166187942,0.232613072,-0.132983699,0.104767665,0.158851534,-0.0755744278,0.188195258,0.0134110898,-0.271031976,0.0576580018,0.163469702,-0.613438189,1.29143238,0.015068382,-0.20090355,0.516723514,1.12242699
-0.061899472,-0.324400187,0.980868757,0.00599320279,-0.0172672644,-0.993239582,0.114634335,-0.0895788446,-0.053756915,-0.16600205,0.233623356,-0.136743903,0.108287357,0.161322072,-0.0776517689,0.186691463,0.0149037819,-0.262539148,0.0552568585,0.166128933,-0.61067009,1.29619873,0.00488274591,-0.197957769,0.518311977,1.14363968
-0.0621936619,-0.324347645,0.980381727,0.00611412199,-0.0143847158,-0.994989395,0.0987518802,-0.0832148865,-0.0463304967,-0.16660209,0.240445077,-0.144276232,0.110373482,0.167922497,-0.0800205916,0.187245712,0.0156080639,-0.25556916,0.0557990707,0.171256751,-0.610378921,1.29866087,-0.0266754441,-0.205631867,0.513306081,1.13830948
-0.0624878556,-0.324295133,0.979894757,0.00623352826,-0.0114959786,-0.996477902,0.0828301832,-0.0768509284,-0.038904082,-0.167202115,0.247266814,-0.151808545,0.1124596,0.174522936,-0.0823894069,0.187799945,0.0163123477,-0.248599187,0.0563412867,0.176384583,-0.610087812,1.30112314,-0.0582336336,-0.21330595,0.508300185,1.13297915
-0.0627820492,-0.324242592,0.979407728,0.00635132333,-0.00860333629,-0.997703612,0.0668818206,-0.0704869702,-0.0314776637,-0.16780214,0.254088551,-0.159340873,0.114545725,0.181123361,-0.0847582296,0.188354194,0.0170166306,-0.241629213,0.0568835028,0.181512415,-0.609796703,1.30358529,-0.0897918269,-0.220980048,0.503294349,1.12764883
-0.0630762354,-0.32419005,0.978920698,0.00646741362,-0.00570908003,-0.998665512,0.0509194136,-0.0641230121,-0.0240512472,-0.168402165,0.260910273,-0.166873202,0.116631843,0.187723801,-0.0871270522,0.188908428,0.0177209117,-0.23465924,0.057425715,0.186640233,-0.609505534,1.30604744,-0.121350013,-0.228654131,0.498288453,1.12231863
-0.063370429,-0.324137539,0.978433728,0.00658171019,-0.00281550433,-0.999363244,0.0349556468,-0.0577590577,-0.0166248307,-0.16900219,0.267731994,-0.174405515,0.118717968,0.194324225,-0.0894958675,0.189462677,0.0184251945,-0.227689266,0.057967931,0.191768065,-0.609214425,1.30850971,-0.152908206,-0.236328229,0.493282586,1.1169883
-0.0636083633,-0.324564606,0.978051841,0.00692737987,-0.00095008791,-0.999779046,0.0198210683,-0.0494099669,-0.0116065759,-0.169604495,0.274063051,-0.181334227,0.11681848,0.198402658,-0.0913756117,0.191398576,0.0186532028,-0.223360658,0.0597760156,0.195015162,-0.607445896,1.31157494,-0.16607742,-0.241147444,0.486700714,1.12164652
-0.063822709,-0.32519275,0.977714121,0.00736956019,0.000486147444,-0.999960184,0.00501765916,-0.0402286462,-0.0075978958,-0.170207739,0.280188382,-0.188009873,0.113248117,0.201423779,-0.0930503234,0.193913698,0.0186815429,-0.220139399,0.0621147938,0.197473824,-0.605057955,1.31489301,-0.171537414,-0.244769797,0.479458153,1.13049233
-0.0640370548,-0.325820893,0.977376401,0.00781030767,0.00192292535,-0.999919772,-0.00979356468,-0.0310473274,-0.00358921639,-0.170810983,0.286313713,-0.194685519,0.109677747,0.2044449,-0.0947250277,0.19642882,0.0187098812,-0.216918126,0.064453572,0.199932486,-0.602670014,1.31821108,-0.176997393,-0.248392165,0.472215593,1.13933814
-0.0642514005,-0.326449037,0.977038622,0.00824932754,0.00335929054,-0.999657571,-0.0246027559,-0.0218660086,0.000419463206,-0.171414241,0.292439073,-0.201361164,0.106107377,0.207466021,-0.0963997319,0.198943958,0.0187382214,-0.213696867,0.066792354,0.202391133,-0.600282073,1.32152903,-0.182457387,-0.252014518,0.464973032,1.14818394
-0.0644657463,-0.32707718,0.976700902,0.0086863311,0.00479429029,-0.999174297,-0.0394000895,-0.012684687,0.00442814408,-0.172017485,0.298564404,-0.208036825,0.102537006,0.210487142,-0.0980744436,0.20145908,0.0187665597,-0.210475594,0.0691311285,0.204849795,-0.597894192,1.3248471,-0.187917382,-0.255636871,0.457730442,1.15702963
-0.064655453,-0.327706873,0.976430357,0.00909332931,0.00585349463,-0.998479068,-0.0540618934,-0.00261811982,0.00766186928,-0.172079518,0.303362072,-0.214029685,0.0978093743,0.212563142,-0.0998444781,0.204050541,0.0184692945,-0.20793286,0.0723471865,0.207171991,-0.595933735,1.32703674,-0.189640954,-0.258954763,0.450023055,1.16601205
-0.0647720173,-0.328341246,0.976359427,0.00941616297,0.00580201624,-0.997598231,-0.0683762208,0.0100766849,0.00859481562,-0.17053476,0.304217994,-0.217995405,0.0896458998,0.211833134,-0.101897545,0.206868663,0.0172053389,-0.207404643,0.0781678259,0.209089085,-0.595242381,1.325876,-0.180271402,-0.261368752,0.440935612,1.17540014
-0.0648885816,-0.328975618,0.976288497,0.00973725505,0.00574931316,-0.996511579,-0.0826851875,0.0227714889,0.00952776149,-0.168990001,0.305073887,-0.221961126,0.0814824253,0.211103126,-0.103950605,0.209686786,0.0159413833,-0.206876412,0.0839884579,0.211006165,-0.594551027,1.32471538,-0.170901835,-0.26378271,0.431848168,1.18478811
-0.0650051385,-0.32960999,0.976217568,0.0100564016,0.0056954138,-0.995219231,-0.0969798937,0.0354662947,0.0104607074,-0.167445242,0.30592981,-0.225926846,0.0733189508,0.210373119,-0.106003672,0.212504908,0.0146774258,-0.206348181,0.0898090899,0.212923244,-0.593859732,1.32355464,-0.161532283,-0.266196698,0.422760755,1.19417608
-0.0651217028,-0.330244333,0.976146638,0.010373408,0.00564035308,-0.993722141,-0.111251518,0.0481610969,0.0113936532,-0.165900484,0.306785733,-0.229892582,0.0651554838,0.209643126,-0.108056739,0.215323031,0.0134134702,-0.20581995,0.0956297219,0.214840338,-0.593168378,1.32239401,-0.152162731,-0.268610656,0.413673311,1.20356417
-0.0652382672,-0.330878705,0.976075709,0.0106880805,0.00558416639,-0.992021441,-0.125491276,0.060855899,0.0123265991,-0.164355725,0.307641625,-0.233858302,0.0569920093,0.208913118,-0.110109806,0.218141153,0.0121495137,-0.205291718,0.101450361,0.216757417,-0.592477083,1.32123327,-0.142793164,-0.271024644,0.404585868,1.21295214
-0.0652003214,-0.331611753,0.976130188,0.0108742155,0.00549596827,-0.990146875,-0.139501646,0.075574033,0.0132618155,-0.161456376,0.304937661,-0.235501513,0.0446914732,0.207750618,-0.110831819,0.218204811,0.0113117984,-0.204323247,0.106334344,0.216929287,-0.593669832,1.31941724,-0.133801922,-0.26954937,0.397978753,1.22182906
-0.0651235878,-0.332369566,0.976216197,0.0110266088,0.00539885322,-0.988080978,-0.15344438,0.0908001959,0.0141976029,-0.158216909,0.301339865,-0.236561581,0.0313521922,0.206479549,-0.111219622,0.217576861,0.0105811059,-0.203244239,0.110983148,0.216662958,-0.595335662,1.3174367,-0.124905653,-0.267097592,0.391994387,1.23057759
-0.0650468469,-0.333127379,0.976302207,0.0111768665,0.00530062895,-0.985817909,-0.167361736,0.106026351,0.0151333902,-0.154977456,0.297742069,-0.237621665,0.0180129092,0.205208465,-0.111607432,0.216948926,0.00985041261,-0.202165231,0.115631953,0.21639663,-0.597001493,1.31545615,-0.116009392,-0.264645815,0.386010051,1.23932612
-0.0649701133,-0.333885193,0.976388216,0.0113248965,0.00520135416,-0.98335886,-0.181245387,0.121252507,0.0160691775,-0.151737988,0.294144303,-0.238681734,0.0046736286,0.203937382,-0.111995243,0.216320992,0.00911971927,-0.201086223,0.120280758,0.216130301,-0.598667324,1.31347573,-0.10711313,-0.262194037,0.380025715,1.24807465
-0.0648933724,-0.334643006,0.976474166,0.0114706149,0.00510108797,-0.980705619,-0.195087165,0.136478662,0.0170049649,-0.14849852,0.290546507,-0.239741802,-0.00866565667,0.202666312,-0.112383053,0.215693042,0.008389025,-0.200007215,0.124929562,0.215863973,-0.600333095,1.31149518,-0.0982168615,-0.25974223,0.374041349,1.25682318
-0.0646348074,-0.335235715,0.97649157,0.0113348104,0.00507915998,-0.977760851,-0.209354654,0.150830522,0.0182765517,-0.145987988,0.288056791,-0.23951906,-0.0234130491,0.201102942,-0.110339746,0.21524094,0.00734781474,-0.197372273,0.129262686,0.215799406,-0.601648688,1.30905783,-0.090303123,-0.256794035,0.369489193,1.2644763
-0.0640335456,-0.335517257,0.976379693,0.0106698722,0.00520559866,-0.974406958,-0.224477381,0.163534582,0.0201810189,-0.144851223,0.287655532,-0.236878633,-0.0408142991,0.198988721,-0.103714548,0.215120226,0.00572137488,-0.191804886,0.133000821,0.216115102,-0.602304161,1.30575967,-0.0842411295,-0.252910286,0.367636323,1.27006519
-0.0634322912,-0.33579883,0.976267755,0.0100019239,0.00533086853,-0.970816374,-0.239556134,0.176238641,0.0220854841,-0.143714458,0.287254244,-0.234238192,-0.0582155474,0.196874499,-0.0970893502,0.214999527,0.00409493502,-0.186237499,0.136738971,0.216430798,-0.602959573,1.3024615,-0.0781791359,-0.249026507,0.365783423,1.27565408
-0.0628310293,-0.336080372,0.976155877,0.00933144521,0.00545487786,-0.966991365,-0.254579961,0.188942686,0.0239899512,-0.142577693,0.286852956,-0.231597751,-0.0756167993,0.194760278,-0.0904641524,0.214878827,0.00246849516,-0.180670097,0.140477121,0.216746494,-0.603614986,1.29916334,-0.0721171424,-0.245142743,0.363930523,1.28124285
-0.0622297674,-0.336361915,0.97604394,0.00865891948,0.00557753583,-0.962934613,-0.269537985,0.201646745,0.0258944184,-0.141440943,0.286451697,-0.22895731,-0.0930180475,0.192646056,-0.0838389546,0.214758113,0.00084205548,-0.175102711,0.144215271,0.21706219,-0.604270458,1.29586518,-0.0660551488,-0.241258979,0.362077653,1.28683174
-0.0616285093,-0.336643487,0.975932062,0.00798483938,0.00569875911,-0.958649755,-0.284419626,0.214350805,0.0277988836,-0.140304178,0.286050409,-0.226316869,-0.110419296,0.19053182,-0.0772137567,0.214637414,-0.000784384145,-0.169535324,0.147953421,0.217377871,-0.604925871,1.2925669,-0.0599931553,-0.2373752,0.360224754,1.29242063
-0.0599593893,-0.336663961,0.97575599,0.00698864134,0.00586798135,-0.953505158,-0.301238805,0.220438808,0.0315258354,-0.141252965,0.28919664,-0.222028375,-0.122462019,0.187526777,-0.0694904998,0.213649824,-0.00369250891,-0.166902617,0.150230527,0.216797099,-0.606510937,1.2883178,-0.0540163331,-0.231575623,0.36363098,1.29674482
-0.0581636652,-0.336653471,0.975572228,0.00595110003,0.00604140293,-0.947978854,-0.318220258,0.225742429,0.0354688577,-0.142449021,0.292763472,-0.217544496,-0.133869439,0.184416115,-0.0616370663,0.212559462,-0.00675258739,-0.164617822,0.152334422,0.216110051,-0.608206213,1.28395605,-0.0480496138,-0.225548923,0.367660701,1.30091918
-0.0563679412,-0.336642981,0.975388527,0.00491110003,0.00621298235,-0.942146063,-0.335108936,0.231046051,0.0394118801,-0.143645078,0.296330303,-0.213060603,-0.145276874,0.181305453,-0.0537836254,0.211469099,-0.0098126661,-0.162333041,0.154438332,0.215422988,-0.609901488,1.27959418,-0.0420828909,-0.219522208,0.371690452,1.30509341
-0.0545722172,-0.33663249,0.975204825,0.00386963924,0.00638255337,-0.936012149,-0.351888418,0.236349672,0.0433548987,-0.144841135,0.299897105,-0.208576724,-0.156684294,0.178194776,-0.0459301881,0.210378736,-0.0128727453,-0.160048261,0.156542227,0.214735925,-0.611596704,1.27523232,-0.0361161679,-0.213495493,0.375720173,1.30926776
-0.0527764931,-0.33662203,0.975021124,0.00282771839,0.00654995581,-0.929583371,-0.36854282,0.241653293,0.047297921,-0.146037191,0.303463936,-0.20409283,-0.168091729,0.175084114,-0.0380767509,0.209288374,-0.0159328226,-0.157763481,0.158646122,0.214048877,-0.613291979,1.27087057,-0.0301494487,-0.207468778,0.379749924,1.31344199
-0.0508281142,-0.337017477,0.974953651,0.00204137829,0.00663386658,-0.922585726,-0.385729611,0.24207215,0.0508040003,-0.147314966,0.306373686,-0.200907066,-0.173200399,0.172091112,-0.0327690467,0.207917601,-0.0179991294,-0.159333959,0.160190985,0.212912545,-0.616284966,1.26702666,-0.024460908,-0.201862723,0.385296911,1.316975
-0.0486865118,-0.337926805,0.975033283,0.00157707802,0.00661253138,-0.914892137,-0.403641075,0.236308202,0.0537570268,-0.148696169,0.308451682,-0.199364364,-0.170336545,0.169247031,-0.0306835603,0.206191882,-0.0188075826,-0.165784165,0.161028251,0.211207554,-0.620920599,1.26383841,-0.0191244707,-0.196789101,0.39276436,1.31969619
-0.0465449058,-0.338836104,0.975112915,0.00111172243,0.00658865646,-0.906842589,-0.421416342,0.230544254,0.0567100495,-0.150077373,0.310529709,-0.197821662,-0.16747269,0.166402966,-0.0285980757,0.204466179,-0.0196160357,-0.172234371,0.161865532,0.209502548,-0.625556171,1.26065028,-0.0137880342,-0.191715479,0.400231808,1.32241738
-0.0444033034,-0.339745402,0.975192547,0.000645842112,0.00656226603,-0.898445785,-0.439034939,0.224780321,0.0596630722,-0.151458576,0.312607735,-0.19627896,-0.164608836,0.163558885,-0.0265125912,0.202740461,-0.0204244871,-0.178684577,0.162702799,0.207797557,-0.630191743,1.25746202,-0.00845159683,-0.186641857,0.407699257,1.32513845
-0.0422617011,-0.340654701,0.975272238,0.000179969618,0.00653339038,-0.88971138,-0.456476718,0.219016373,0.0626160949,-0.15283978,0.314685762,-0.194736257,-0.161744967,0.160714805,-0.0244271066,0.201014742,-0.0212329403,-0.185134768,0.163540065,0.206092566,-0.634827375,1.25427389,-0.00311516109,-0.181568235,0.415166706,1.32785964
-0.040120095,-0.341564,0.97535187,-0.000285363436,0.00650207,-0.880650282,-0.473722249,0.213252425,0.0655691251,-0.154220983,0.316763788,-0.193193555,-0.158881113,0.157870725,-0.022341622,0.199289039,-0.0220413934,-0.191584975,0.164377347,0.204387575,-0.639462948,1.25108564,0.00222127489,-0.176494613,0.422634155,1.33058083
-0.0390816182,-0.343592793,0.975582242,-0.000398448668,0.00650066696,-0.87023145,-0.492599905,0.19914037,0.0666232482,-0.155107796,0.317803234,-0.194083169,-0.153419167,0.154244691,-0.0236791652,0.196847826,-0.0200811625,-0.205058068,0.161521152,0.202567086,-0.642839551,1.24899399,0.00672390638,-0.175652862,0.43116203,1.32978201
-0.0380557403,-0.345634341,0.975814342,-0.000507506949,0.00649659941,-0.859378159,-0.511299133,0.184932977,0.06765569,-0.155988947,0.318830848,-0.195000544,-0.147927567,0.150609732,-0.0250557996,0.194398433,-0.0180893093,-0.218611374,0.158622801,0.200745255,-0.646201849,1.24691474,0.0112170149,-0.174859449,0.439702004,1.32894301
-0.0370298624,-0.34767592,0.976046443,-0.000616402889,0.0064894883,-0.848115087,-0.529771984,0.170725584,0.0686881319,-0.156870097,0.319858432,-0.195917934,-0.142435953,0.146974757,-0.0264324341,0.191949055,-0.0160974581,-0.232164666,0.155724436,0.198923439,-0.649564087,1.24483562,0.0157101247,-0.174066037,0.448241979,1.32810402
-0.0360039808,-0.349717468,0.976278543,-0.000724983751,0.00647934293,-0.836457968,-0.547992408,0.156518191,0.0697205737,-0.157751247,0.320886046,-0.196835324,-0.136944339,0.143339798,-0.0278090686,0.189499676,-0.0141056068,-0.245717958,0.152826071,0.197101623,-0.652926326,1.24275649,0.0202032328,-0.173272625,0.456781954,1.32726502
-0.0349781029,-0.351759017,0.976510584,-0.000833097671,0.00646618148,-0.82442385,-0.565935254,0.142310798,0.0707530156,-0.158632413,0.32191363,-0.197752714,-0.131452724,0.139704823,-0.0291857012,0.187050298,-0.0121137556,-0.259271264,0.149927706,0.195279807,-0.656288564,1.24067736,0.0246963408,-0.172479227,0.465321958,1.32642591
-0.0346469954,-0.353918195,0.976618767,-0.000831955345,0.00674517686,-0.811656654,-0.584095299,0.127704322,0.0711556152,-0.158861786,0.322854519,-0.198941246,-0.131254882,0.137271643,-0.0302001461,0.185222477,-0.0103536481,-0.273887694,0.145733282,0.193400577,-0.658391953,1.23858464,0.0290046111,-0.173055962,0.473257095,1.3245523
-0.0349171832,-0.356179148,0.976619601,-0.000736147864,0.00727706309,-0.798140049,-0.602427542,0.112752467,0.0710131079,-0.158527091,0.323720336,-0.200364456,-0.135638639,0.135878578,-0.0309011247,0.183932617,-0.00879410934,-0.289424211,0.140417144,0.191471651,-0.659405828,1.23648024,0.0331529081,-0.174818516,0.480668783,1.3217833
-0.0351873748,-0.358440071,0.976620436,-0.000639838981,0.00780582381,-0.784191608,-0.620469213,0.097800605,0.0708706006,-0.158192381,0.324586153,-0.201787665,-0.140022397,0.134485498,-0.031602107,0.182642758,-0.00723457057,-0.304960757,0.135100991,0.189542726,-0.660419703,1.23437572,0.0373012051,-0.176581085,0.488080472,1.31901443
-0.0354575664,-0.360701025,0.97662133,-0.000543178001,0.00833062734,-0.769832432,-0.638191581,0.0828487426,0.0707280934,-0.157857686,0.325452,-0.203210875,-0.14440614,0.133092418,-0.0323030837,0.181352884,-0.00567503134,-0.320497274,0.129784852,0.1876138,-0.661433518,1.23227131,0.0414495021,-0.178343639,0.49549216,1.31624544
-0.035727758,-0.362961978,0.976622164,-0.000446315855,0.00885065552,-0.755084872,-0.65556711,0.0678968802,0.0705855861,-0.157522976,0.326317817,-0.20463407,-0.148789898,0.131699353,-0.0330040641,0.180063024,-0.00411549211,-0.336033821,0.124468714,0.185684875,-0.662447393,1.23016691,0.0455977991,-0.180106193,0.502903819,1.31347644
-0.0360465087,-0.365196675,0.976602137,-0.000316398509,0.00940196123,-0.739994466,-0.672547221,0.0534737781,0.0704171136,-0.157018751,0.327110052,-0.206074014,-0.153955117,0.130507007,-0.0336366594,0.179001659,-0.00266537908,-0.351405323,0.119025804,0.183717579,-0.663480937,1.22804093,0.0495725647,-0.181832567,0.510198414,1.31074262
-0.0368988849,-0.367143035,0.976353109,0.000176877627,0.0103539033,-0.724752009,-0.688931942,0.0448613055,0.0699633211,-0.154651612,0.327093542,-0.207697839,-0.16770795,0.131520435,-0.0335177667,0.180451214,-0.00241776323,-0.364963382,0.1121898,0.181328654,-0.664730668,1.22567785,0.0516403727,-0.183161139,0.516206145,1.30839598
-0.0377512611,-0.369089395,0.976104081,0.000670881476,0.0113022141,-0.709119797,-0.704997241,0.0362488367,0.0695095286,-0.152284458,0.327077001,-0.209321663,-0.181460783,0.132533878,-0.0333988741,0.181900769,-0.00217014714,-0.378521413,0.105353795,0.178939715,-0.665980399,1.22331488,0.0537081808,-0.184489712,0.522213876,1.30604923
-0.0386036411,-0.371035755,0.975854993,0.00116486731,0.0122454399,-0.693119764,-0.72071743,0.0276363641,0.0690557435,-0.149917319,0.327060491,-0.210945502,-0.195213616,0.133547306,-0.0332799815,0.183350325,-0.00192253105,-0.392079443,0.098517783,0.176550791,-0.66723007,1.2209518,0.0557759926,-0.185818285,0.528221607,1.30370259
-0.0394560173,-0.372982115,0.975605965,0.00165808818,0.0131821558,-0.67677635,-0.736068845,0.0190238953,0.068601951,-0.147550181,0.32704398,-0.212569326,-0.208966449,0.134560749,-0.0331610851,0.184799895,-0.00167491508,-0.405637473,0.0916817784,0.174161866,-0.6684798,1.21858883,0.0578438006,-0.187146872,0.534229338,1.30135596
-0.0403083973,-0.374928445,0.975356936,0.00214980147,0.0141109619,-0.660114825,-0.751029015,0.0104114255,0.0681481585,-0.145183027,0.32702747,-0.21419315,-0.222719282,0.135574192,-0.0330421925,0.18624945,-0.00142729911,-0.419195503,0.0848457739,0.171772927,-0.669729531,1.21622574,0.0599116087,-0.188475445,0.540237069,1.29900932
-0.0414744802,-0.376736641,0.97506392,0.00303542544,0.0147062838,-0.641229212,-0.767202497,0.00887966808,0.0679145604,-0.143128172,0.326637596,-0.215193421,-0.235984117,0.137304798,-0.0321045332,0.188189432,-0.00211165799,-0.426642478,0.0803761855,0.169718966,-0.670161068,1.21466255,0.0614746623,-0.189127147,0.543841958,1.29775798
-0.042824205,-0.378463954,0.974745214,0.00415318552,0.0151025057,-0.620752275,-0.783850312,0.0114929015,0.0678098649,-0.141256139,0.326029211,-0.215828672,-0.248963296,0.139455244,-0.0306875743,0.190416515,-0.00334158703,-0.430512041,0.077291891,0.167861104,-0.670113683,1.21356761,0.0627422407,-0.189382613,0.546040237,1.29714799
-0.0441739298,-0.380191296,0.974426508,0.00526975468,0.0154887699,-0.599809706,-0.799975336,0.0141061349,0.0677051693,-0.139384091,0.325420797,-0.216463923,-0.261942476,0.14160569,-0.0292706136,0.192643613,-0.00457151607,-0.434381634,0.0742075965,0.166003227,-0.670066297,1.21247268,0.0640098155,-0.189638093,0.548238516,1.29653811
-0.0455236547,-0.381918609,0.974107742,0.00638278434,0.0158642456,-0.578444481,-0.815542519,0.0167193674,0.0676004738,-0.137512043,0.324812412,-0.217099175,-0.274921626,0.143756151,-0.0278536547,0.194870695,-0.00580144487,-0.438251227,0.0711232945,0.164145365,-0.670018852,1.21137774,0.0652773902,-0.189893559,0.550436854,1.29592812
-0.0468733795,-0.383645922,0.973789036,0.00748994527,0.0162281543,-0.556701958,-0.830519974,0.0193326026,0.0674957708,-0.13564001,0.324203998,-0.217734426,-0.287900805,0.145906597,-0.026436694,0.197097778,-0.00703137415,-0.44212079,0.068039,0.162287489,-0.669971466,1.2102828,0.0665449649,-0.190149024,0.552635133,1.29531813
-0.048302386,-0.385379314,0.97344327,0.00853313226,0.0165960751,-0.534178019,-0.845165968,0.0227806643,0.0674905032,-0.133885279,0.324213892,-0.218012989,-0.300070882,0.147732779,-0.0243780371,0.199318185,-0.00854736194,-0.444834381,0.0658596829,0.160813197,-0.669620097,1.20939398,0.0677106977,-0.190399528,0.554262102,1.29485333
-0.0500972196,-0.387140721,0.97297281,0.00931218266,0.017026389,-0.509120286,-0.860476494,0.0300810672,0.0679440275,-0.132671908,0.327076793,-0.216645569,-0.308507353,0.148062631,-0.0193582401,0.201507777,-0.0113833761,-0.442213625,0.0678564087,0.161108956,-0.667866051,1.20945644,0.0684064627,-0.190627068,0.553252637,1.29505873
-0.0518920533,-0.388902098,0.972502291,0.0100852596,0.0174431019,-0.483554035,-0.875082612,0.0373814702,0.0683975592,-0.131458551,0.329939723,-0.215278149,-0.316943824,0.148392484,-0.0143384431,0.203697369,-0.0142193902,-0.439592868,0.0698531345,0.161404699,-0.666112006,1.20951891,0.0691022351,-0.190854624,0.552243233,1.29526424
-0.0536868908,-0.390663505,0.972031832,0.0108503075,0.0178450551,-0.457543194,-0.888942182,0.0446818732,0.068851091,-0.130245179,0.332802624,-0.213910729,-0.325380296,0.148722351,-0.00931864697,0.205886975,-0.0170554053,-0.436972082,0.0718498677,0.161700457,-0.66435802,1.20958138,0.0697980002,-0.191082165,0.551233768,1.29546964
-0.0554817244,-0.392424911,0.971561313,0.0116053326,0.0182311963,-0.431155413,-0.902018845,0.0519822761,0.0693046227,-0.129031822,0.335665524,-0.212543309,-0.333816767,0.149052203,-0.00429885043,0.208076566,-0.0198914185,-0.434351325,0.0738465935,0.161996201,-0.662603974,1.20964372,0.0704937726,-0.191309705,0.550224364,1.29567504
-0.0572765581,-0.394186318,0.971090853,0.0123484228,0.018600598,-0.404461145,-0.91428256,0.0592826754,0.069758147,-0.12781845,0.338528454,-0.211175889,-0.342253238,0.14938207,0.000720945536,0.210266173,-0.0227274336,-0.431730568,0.0758433193,0.162291959,-0.660849929,1.20970619,0.0711895376,-0.191537261,0.5492149,1.29588056
-0.059765812,-0.396018296,0.97064662,0.012869304,0.0194278471,-0.376030803,-0.926314116,0.06014736,0.0711903945,-0.127247408,0.346962184,-0.206863761,-0.348547578,0.147498593,0.00704915822,0.210618481,-0.0262294896,-0.432311803,0.0793383941,0.162793845,-0.662150562,1.20725048,0.0711582527,-0.192128226,0.548447251,1.29360974
-0.062517859,-0.397877008,0.97021234,0.013299657,0.0204190779,-0.346587628,-0.937700987,0.058576528,0.0729930177,-0.126919433,0.357504129,-0.20143725,-0.354031295,0.144777507,0.0138725238,0.210275501,-0.0299836006,-0.4341048,0.0834005028,0.163373753,-0.664607167,1.20384181,0.0708518252,-0.192856729,0.547770977,1.29040182
-0.0652699023,-0.399735719,0.969778001,0.0137175638,0.021391863,-0.316738576,-0.94817245,0.057005696,0.0747956485,-0.126591459,0.368046075,-0.196010739,-0.359514982,0.14205642,0.0206958875,0.209932506,-0.0337377116,-0.435897797,0.0874626115,0.163953647,-0.667063832,1.20043302,0.0705453902,-0.193585232,0.547094762,1.28719378
-0.0680219531,-0.40159443,0.969343722,0.0141217299,0.0223432165,-0.286572188,-0.957693994,0.055434864,0.0765982717,-0.126263484,0.378588021,-0.190584213,-0.364998698,0.139335334,0.0275192522,0.209589526,-0.0374918208,-0.437690824,0.0915247202,0.164533556,-0.669520438,1.19702435,0.0702389628,-0.194313735,0.546418548,1.28398585
-0.0707739964,-0.403453141,0.968909442,0.0145109836,0.0232703555,-0.25617978,-0.966240048,0.053864032,0.078400895,-0.12593551,0.389129966,-0.185157701,-0.370482385,0.136614248,0.0343426168,0.209246546,-0.0412459336,-0.439483821,0.0955868289,0.165113449,-0.671977103,1.19361567,0.0699325278,-0.195042223,0.545742333,1.28077793
-0.0735713914,-0.405284166,0.968497276,0.0148529895,0.0240219384,-0.226324886,-0.97364223,0.0516231023,0.0799884871,-0.126449361,0.399437994,-0.179624319,-0.375442475,0.134220541,0.0411724895,0.208656475,-0.0442468114,-0.440515697,0.100610122,0.166051656,-0.674316168,1.19066429,0.0690669566,-0.194943309,0.54587549,1.27721012
-0.0764896497,-0.407041401,0.968144059,0.0150982076,0.0243546683,-0.198045164,-0.979773879,0.0475959927,0.0810028687,-0.129207149,0.409122556,-0.173806086,-0.379006892,0.132699475,0.0480197035,0.207407802,-0.0452398993,-0.439518809,0.108195513,0.167944953,-0.67634201,1.18893206,0.0667109564,-0.192638844,0.548166215,1.27268302
-0.079407908,-0.408798665,0.967790902,0.0153313372,0.0246677436,-0.169529766,-0.985097051,0.0435688831,0.0820172504,-0.131964922,0.418807119,-0.167987838,-0.38257131,0.131178409,0.0548669174,0.20615913,-0.0462329835,-0.438521922,0.115780912,0.169838235,-0.678367853,1.18719995,0.0643549487,-0.190334365,0.550456882,1.26815581
-0.0823261663,-0.410555929,0.967437685,0.0155517254,0.0249602664,-0.14084971,-0.989594162,0.0395417698,0.083031632,-0.134722695,0.428491682,-0.162169605,-0.386135697,0.129657343,0.0617141314,0.204910457,-0.0472260714,-0.437525004,0.123366304,0.171731517,-0.680393696,1.18546772,0.0619989485,-0.1880299,0.552747607,1.26362872
-0.0852444246,-0.412313163,0.967084527,0.015758818,0.0252315123,-0.112077482,-0.993254125,0.0355146602,0.0840460137,-0.137480468,0.438176244,-0.156351373,-0.389700115,0.128136292,0.0685613453,0.203661785,-0.0482191592,-0.436528116,0.130951703,0.173624814,-0.682419538,1.18373561,0.0596429482,-0.185725436,0.555038273,1.25910163
-0.088162683,-0.414070427,0.966731369,0.0159521662,0.0254809074,-0.083286047,-0.996072114,0.0314875469,0.0850603953,-0.140238255,0.447860807,-0.15053314,-0.393264532,0.126615226,0.075408563,0.202413112,-0.0492122471,-0.435531229,0.138537094,0.175518095,-0.684445381,1.18200338,0.0572869442,-0.183420956,0.557328939,1.25457454
-0.0909174085,-0.415264189,0.966692567,0.016339343,0.025216585,-0.0643333644,-0.997475922,0.016854275,0.0863207802,-0.142871425,0.449212521,-0.144798413,-0.393510193,0.125526056,0.0780040324,0.19998394,-0.0480042435,-0.439452082,0.144102693,0.177094758,-0.68532455,1.18089938,0.0549421087,-0.179936945,0.557892978,1.24904716
-0.0936362818,-0.416334361,0.966722727,0.016767012,0.024835607,-0.0475012735,-0.99842155,-0.000104658073,0.0876351148,-0.14547728,0.448737025,-0.139082,-0.39302814,0.124531597,0.0796672031,0.197295904,-0.046313595,-0.444451272,0.149225399,0.17860198,-0.685952365,1.17993307,0.0525997169,-0.17619428,0.558078349,1.24330068
-0.0963551551,-0.417404562,0.966752887,0.0171901267,0.024447361,-0.0306469612,-0.9990834,-0.0170635935,0.0889494419,-0.148083135,0.448261559,-0.133365586,-0.392546088,0.123537131,0.0813303664,0.194607869,-0.0446229465,-0.449450463,0.15434809,0.180109203,-0.686580181,1.17896664,0.0502573289,-0.172451615,0.558263719,1.23755407
-0.0990740284,-0.418474734,0.966783047,0.0176083222,0.0240521729,-0.0137848239,-0.999460638,-0.034022525,0.090263769,-0.150688991,0.447786063,-0.127649173,-0.392064035,0.122542672,0.0829935372,0.191919833,-0.0429323018,-0.454449654,0.159470797,0.181616426,-0.687207997,1.17800033,0.0479149409,-0.16870895,0.55844909,1.23180747
-0.101792894,-0.419544935,0.966813207,0.0180212446,0.0236503854,0.00307074399,-0.999553144,-0.0509814657,0.0915781036,-0.153294846,0.447310597,-0.12193276,-0.391581982,0.121548213,0.0846567079,0.189231798,-0.0412416533,-0.459448844,0.164593503,0.183123663,-0.687835753,1.17703402,0.0455725491,-0.164966285,0.55863446,1.22606087
-0.103243753,-0.41936627,0.966777921,0.0186756104,0.0233618524,0.02541003,-0.99922955,-0.0703958645,0.0901092514,-0.156660929,0.446713239,-0.117391124,-0.392190576,0.11876642,0.0874272808,0.18554312,-0.0405967571,-0.47326842,0.167959243,0.183853269,-0.689308703,1.1757865,0.0431430042,-0.162681714,0.557899654,1.22021663
-0.10251233,-0.417038321,0.966629982,0.0197434034,0.0232605543,0.0572870448,-0.997891426,-0.0940361619,0.0838505104,-0.161335379,0.445906103,-0.114871293,-0.394676149,0.112908594,0.0921037123,0.1801323,-0.0417516157,-0.502267957,0.168301195,0.183244571,-0.692236125,1.17405498,0.0405634604,-0.162906557,0.555581331,1.21420443
-0.101780906,-0.414710402,0.966482103,0.0207939669,0.0231351722,0.0891942456,-0.99552846,-0.117676459,0.0775917619,-0.166009843,0.445098996,-0.112351455,-0.397161752,0.107050769,0.0967801437,0.174721465,-0.042906478,-0.531267524,0.168643147,0.182635874,-0.695163608,1.17232347,0.0379839167,-0.163131386,0.553262949,1.20819223
-0.101049483,-0.412382454,0.966334164,0.0218239687,0.0229859613,0.121033423,-0.99214232,-0.141316757,0.0713330209,-0.170684293,0.44429186,-0.109831624,-0.399647325,0.101192944,0.101456575,0.169310644,-0.0440613367,-0.560267031,0.168985099,0.182027176,-0.69809103,1.17059195,0.035404373,-0.163356215,0.550944567,1.20218015
-0.100318059,-0.410054535,0.966186285,0.0228302628,0.0228134003,0.152706787,-0.987744391,-0.164957061,0.0650742725,-0.175358757,0.443484724,-0.107311793,-0.402132899,0.0953351185,0.106133007,0.163899824,-0.0452161953,-0.589266598,0.16932705,0.181418493,-0.701018453,1.16886044,0.0328248292,-0.163581058,0.548626184,1.19616795
-0.0995866358,-0.407726586,0.966038346,0.0238099322,0.0226181839,0.184118479,-0.982355177,-0.188597351,0.0588155314,-0.180033207,0.442677617,-0.104791962,-0.404618472,0.0894772932,0.110809438,0.158488989,-0.0463710539,-0.618266165,0.169669002,0.180809796,-0.703945875,1.16712892,0.0302452873,-0.163805887,0.546307862,1.19015574
-0.0996400937,-0.406519055,0.96612227,0.0248055235,0.0223002192,0.215294197,-0.975979388,-0.204668,0.0536052845,-0.179784566,0.440096498,-0.106335901,-0.403989613,0.0858889744,0.111061245,0.155065402,-0.0434436537,-0.630262494,0.169272289,0.178723142,-0.699954927,1.16493237,0.0309866425,-0.167176843,0.54765594,1.17939854
-0.0997665897,-0.405415773,0.96622777,0.0257832836,0.0219490435,0.246362254,-0.968586087,-0.220034182,0.0484926142,-0.179077774,0.437350273,-0.108258024,-0.403070927,0.0825118646,0.110901281,0.151826739,-0.0401363447,-0.640676498,0.168806836,0.176498964,-0.69532007,1.16269255,0.0320370533,-0.170840576,0.549345255,1.16819978
-0.0998930857,-0.404312462,0.96633321,0.0267362837,0.0215748232,0.277229816,-0.960189223,-0.235400379,0.0433799438,-0.178370982,0.434604079,-0.110180147,-0.40215224,0.0791347548,0.110741317,0.148588091,-0.0368290357,-0.651090443,0.168341383,0.174274772,-0.690685272,1.16045284,0.0330874622,-0.17450431,0.551034629,1.15700114
-0.100019582,-0.40320918,0.966438711,0.0276615396,0.0211786572,0.307801634,-0.950812519,-0.250766575,0.0382672735,-0.177664191,0.431857854,-0.11210227,-0.401233554,0.0757576525,0.110581353,0.145349428,-0.0335217267,-0.661504447,0.167875931,0.17205058,-0.686050415,1.15821302,0.0341378748,-0.178168043,0.552723944,1.14580238
-0.100146078,-0.402105898,0.966544151,0.0285563413,0.0207618531,0.337985337,-0.940488994,-0.266132772,0.0331546031,-0.176957399,0.42911166,-0.114024393,-0.400314867,0.0723805428,0.110421382,0.14211078,-0.0302144159,-0.671918452,0.167410478,0.169826388,-0.681415558,1.1559732,0.0351882838,-0.181831777,0.554413259,1.13460362
-0.099913381,-0.401555032,0.966596425,0.0294071492,0.020156106,0.367751539,-0.929240406,-0.279013097,0.0286054201,-0.174830079,0.425834507,-0.116490759,-0.397974998,0.0695184767,0.109339118,0.139551058,-0.0270669069,-0.682186007,0.165609658,0.167410642,-0.676366746,1.15370536,0.0378781632,-0.187665939,0.555902481,1.12027228
-0.0992627591,-0.401646942,0.966586709,0.0302164145,0.0193304196,0.397260845,-0.917004406,-0.289001137,0.0247118659,-0.171049953,0.421939611,-0.119590342,-0.393981546,0.0672556907,0.107183747,0.137781292,-0.0241053253,-0.692283273,0.162255123,0.164772034,-0.67083621,1.15140474,0.0424755886,-0.196025446,0.557158887,1.10229623
-0.0986121297,-0.401738822,0.966576993,0.0309967827,0.0184827559,0.426439196,-0.903795958,-0.298989177,0.0208183099,-0.167269811,0.418044686,-0.122689925,-0.389988095,0.0649928972,0.105028369,0.136011526,-0.0211437456,-0.702380538,0.158900604,0.162133411,-0.665305734,1.14910412,0.0470730141,-0.204384953,0.558415234,1.08432007
-0.0979615077,-0.401830733,0.966567278,0.0317457095,0.0176156331,0.455195069,-0.889651239,-0.308977187,0.0169247519,-0.163489684,0.414149791,-0.125789508,-0.385994643,0.0627301037,0.10287299,0.134241775,-0.0181821641,-0.712477863,0.155546084,0.159494787,-0.659775198,1.1468035,0.0516704433,-0.212744445,0.55967164,1.0663439
-0.0973108858,-0.401922613,0.966557562,0.0324609354,0.0167317465,0.483440459,-0.874615073,-0.318965226,0.0130311977,-0.159709543,0.410254896,-0.128889099,-0.382001191,0.0604673102,0.100717619,0.132472008,-0.0152205834,-0.722575128,0.15219155,0.156856179,-0.654244721,1.14450288,0.0562678687,-0.221103951,0.560928047,1.04836786
-0.096654579,-0.402015388,0.966548085,0.0331408828,0.0158310067,0.511092961,-0.858740449,-0.328919828,0.00915104151,-0.15592736,0.406359494,-0.131963938,-0.378075808,0.0582302287,0.0985878333,0.130697608,-0.0122723263,-0.732674658,0.148809209,0.154225439,-0.648717046,1.14220941,0.0608645491,-0.229446664,0.562161744,1.03043795
-0.0954100713,-0.40220049,0.966558039,0.0338240378,0.0146096312,0.538260639,-0.841972649,-0.335412025,0.00665904675,-0.151932105,0.40241161,-0.132475346,-0.381203622,0.0586570688,0.0991092473,0.128441706,-0.0107043022,-0.74300921,0.142545149,0.152410761,-0.643484294,1.14064682,0.0653839782,-0.236051098,0.561047673,1.01729298
-0.0941655636,-0.402385592,0.966568053,0.034474887,0.0133689409,0.564971745,-0.824281335,-0.341904253,0.00416705199,-0.147936851,0.398463756,-0.132986754,-0.384331405,0.0590839088,0.0996306613,0.126185805,-0.00913627818,-0.753343701,0.136281103,0.150596082,-0.638251543,1.13908434,0.069903411,-0.242655545,0.559933603,1.00414801
-0.0929210559,-0.402570695,0.966578066,0.0350911655,0.0121126389,0.591140032,-0.80571419,-0.34839645,0.00167505676,-0.143941611,0.394515872,-0.133498162,-0.387459219,0.0595107451,0.100152075,0.123929895,-0.00756825414,-0.763678253,0.130017042,0.148781419,-0.633018732,1.13752186,0.0744228438,-0.249259979,0.558819473,0.991003036
-0.0916765481,-0.402755797,0.96658808,0.0356709175,0.0108445846,0.616683781,-0.786327541,-0.354888678,-0.000816937885,-0.139946356,0.390568018,-0.134009555,-0.390587032,0.0599375851,0.100673482,0.121673994,-0.00600023009,-0.774012804,0.123752989,0.14696674,-0.627785981,1.13595939,0.0789422765,-0.255864412,0.557705402,0.977858126
-0.0904320329,-0.402940899,0.966598094,0.03621253,0.00956874713,0.641527355,-0.766185105,-0.361380875,-0.00330893253,-0.135951117,0.386620134,-0.134520963,-0.393714815,0.0603644215,0.101194896,0.119418092,-0.00443220604,-0.784347355,0.117488936,0.145152077,-0.622553229,1.13439691,0.0834617093,-0.262468845,0.556591332,0.964713156
-0.0888859481,-0.402869105,0.966751575,0.0365975834,0.00837615132,0.665652692,-0.745316684,-0.366607636,-0.00524311746,-0.132096618,0.382211089,-0.134362474,-0.396348268,0.0612522513,0.102440789,0.116265886,-0.00319228671,-0.792529404,0.111377858,0.143867195,-0.617974699,1.13394082,0.0864496306,-0.267216653,0.554553807,0.958078563
-0.0870999247,-0.402592927,0.9670192,0.0368522443,0.00724218786,0.689184844,-0.723611534,-0.370827585,-0.00673349714,-0.128354132,0.377435118,-0.133671001,-0.398588419,0.0625068545,0.10426309,0.112400562,-0.00221341429,-0.798998833,0.105388485,0.143003836,-0.613916576,1.13436496,0.0882190391,-0.270487338,0.551781595,0.956623793
-0.0853138939,-0.402316749,0.967286825,0.0370695703,0.0060980306,0.712063968,-0.701108873,-0.375047535,-0.00822387636,-0.124611638,0.372659147,-0.132979527,-0.40082857,0.0637614578,0.10608539,0.108535238,-0.00123454176,-0.805468261,0.0993991196,0.142140478,-0.609858513,1.13478911,0.0899884477,-0.273757994,0.549009383,0.955168962
-0.0835278705,-0.402040601,0.96755445,0.0372487195,0.00494718133,0.734216332,-0.677874863,-0.379267484,-0.00971425604,-0.120869145,0.367883146,-0.132288069,-0.403068721,0.0650160611,0.10790769,0.104669914,-0.00025566938,-0.81193769,0.0934097543,0.14127712,-0.60580045,1.13521326,0.0917578638,-0.27702865,0.546237171,0.953714192
-0.0817418396,-0.401764423,0.967822075,0.03738923,0.00379320909,0.75557524,-0.653983057,-0.383487403,-0.0112046357,-0.117126659,0.363107175,-0.131596595,-0.405308872,0.0662706643,0.109729998,0.10080459,0.000723203353,-0.818407118,0.0874203816,0.140413761,-0.601742387,1.13563752,0.0935272723,-0.280299336,0.543464959,0.952259421
-0.0799423307,-0.401503921,0.968105674,0.0374862961,0.0026832635,0.776082754,-0.629510283,-0.387427658,-0.0125146965,-0.11351575,0.358585715,-0.130942538,-0.407467276,0.0675732717,0.111608773,0.0967470556,0.00169194897,-0.824171543,0.0819170326,0.13973251,-0.597835004,1.13629389,0.0946598798,-0.283369362,0.540619552,0.951465428
-0.0780269876,-0.401378185,0.968526185,0.0375048146,0.0019455381,0.795818508,-0.604369402,-0.388964981,-0.0122755803,-0.111035317,0.356250852,-0.1306099,-0.408923358,0.0692883283,0.113972768,0.0910382122,0.00257369201,-0.823879063,0.080589205,0.140615702,-0.595222116,1.13894498,0.0903215185,-0.284715772,0.537145555,0.956348538
-0.0761116445,-0.401252449,0.968946695,0.0374848694,0.00120335002,0.814802825,-0.578523815,-0.390502304,-0.0120364632,-0.108554885,0.353916019,-0.130277261,-0.410379469,0.0710033849,0.116336755,0.0853293687,0.00345543493,-0.823586583,0.0792613775,0.141498908,-0.592609286,1.1415962,0.0859831497,-0.286062151,0.533671558,0.961231709
-0.074196294,-0.401126742,0.969367206,0.0374262519,0.000458969065,0.832971394,-0.552048683,-0.392039627,-0.0117973471,-0.106074452,0.351581186,-0.129944623,-0.411835551,0.0727184415,0.11870075,0.0796205252,0.00433717808,-0.823294103,0.0779335499,0.142382115,-0.589996457,1.14424741,0.0816447884,-0.287408531,0.530197501,0.966114879
-0.0722809508,-0.401001006,0.969787717,0.0373291187,-0.000285304995,0.850267529,-0.525025249,-0.39357695,-0.011558231,-0.10359402,0.349246353,-0.129611999,-0.413291663,0.0744334981,0.121064745,0.0739116818,0.00521892076,-0.823001683,0.0766057223,0.143265307,-0.587383628,1.14689851,0.0773064196,-0.28875491,0.526723504,0.970997989
-0.0703656003,-0.40087527,0.970208228,0.0371939689,-0.00102717918,0.866642654,-0.497539908,-0.395114273,-0.0113191148,-0.101113588,0.34691149,-0.12927936,-0.414747745,0.0761485547,0.12342874,0.0682028383,0.00610066392,-0.822709203,0.0752778947,0.144148514,-0.584770799,1.14954972,0.0729680583,-0.29010132,0.523249507,0.975881159
-0.0684626251,-0.400879711,0.970542967,0.037225835,-0.00149769464,0.882087588,-0.469609976,-0.395523578,-0.011770077,-0.102868803,0.346839011,-0.128334135,-0.415871769,0.0786582977,0.127643302,0.0624615997,0.00686118612,-0.819638968,0.0792232826,0.14702104,-0.57967937,1.15313816,0.0696424022,-0.293583333,0.516996145,0.982273579
-0.0665662661,-0.40095377,0.970831811,0.0373293944,-0.00182441773,0.896681607,-0.44109568,-0.395329833,-0.0125899967,-0.106888637,0.347976118,-0.127061382,-0.416818231,0.0815929174,0.132847279,0.0567030348,0.00755689619,-0.815083563,0.0859880298,0.150957197,-0.573262811,1.15722787,0.0668582022,-0.298207164,0.50925684,0.989472866
-0.0646698996,-0.401027799,0.971120596,0.0373947434,-0.0021499861,0.910384655,-0.412064075,-0.395136058,-0.0134099154,-0.110908471,0.349113226,-0.125788629,-0.417764693,0.0845275372,0.138051271,0.0509444736,0.00825260673,-0.810528159,0.092752777,0.154893339,-0.566846192,1.16131747,0.0640740097,-0.302830994,0.501517594,0.996672213
-0.0627735406,-0.401101857,0.97140944,0.0374215543,-0.00247338763,0.923151255,-0.382603168,-0.394942284,-0.014229835,-0.114928305,0.350250334,-0.124515876,-0.418711156,0.0874621645,0.143255249,0.0451859087,0.0089483168,-0.805972755,0.0995175242,0.15882948,-0.560429633,1.16540706,0.0612898096,-0.307454824,0.493778288,1.00387156
-0.0608771741,-0.401175916,0.971698284,0.037409842,-0.00279363128,0.93494457,-0.352805078,-0.394748509,-0.0150497546,-0.118948139,0.351387441,-0.123243123,-0.419657618,0.0903967842,0.148459241,0.0394273438,0.0096440278,-0.80141741,0.106282271,0.162765622,-0.554013014,1.16949666,0.0585056096,-0.312078685,0.486038983,1.01107085
-0.0588780195,-0.401296645,0.971903384,0.0372404233,-0.00310356473,0.94574219,-0.322761834,-0.395045489,-0.0152640762,-0.124803029,0.352240264,-0.121389069,-0.420538157,0.0937225148,0.154116735,0.0336688049,0.0105231088,-0.795718133,0.11361403,0.166222826,-0.547103465,1.17322147,0.0562700666,-0.315864593,0.478029132,1.01841879
-0.0564649999,-0.401605397,0.9717713,0.0365499593,-0.00338553078,0.955604136,-0.292358011,-0.397318214,-0.0130402045,-0.138046041,0.35194841,-0.117194645,-0.421153367,0.0986228585,0.161600173,0.0279103555,0.0121404584,-0.785413384,0.123228647,0.167751744,-0.53820926,1.17547762,0.0562434644,-0.316276968,0.468929976,1.02636456
-0.0540519804,-0.40191415,0.971639216,0.0358197913,-0.00366490684,0.964515746,-0.261558384,-0.399590909,-0.010816332,-0.151289061,0.351656556,-0.113000214,-0.421768546,0.10352321,0.16908361,0.022151906,0.0137578091,-0.775108635,0.132843256,0.169280663,-0.529314995,1.17773378,0.0562168583,-0.316689372,0.459830821,1.03431034
-0.0516389608,-0.402222931,0.971507132,0.0350519232,-0.00394081045,0.972443283,-0.230455786,-0.401863635,-0.0085924603,-0.164532065,0.351364702,-0.108805783,-0.422383755,0.108423561,0.176567033,0.0163934566,0.0153751597,-0.764803886,0.142457873,0.170809582,-0.52042079,1.17998981,0.056190256,-0.317101747,0.450731695,1.04225612
-0.049225945,-0.402531683,0.971374989,0.0342487171,-0.00421238877,0.979362071,-0.199146196,-0.40413636,-0.00636858819,-0.177775085,0.351072848,-0.10461136,-0.422998965,0.113323912,0.184050471,0.0106350072,0.0169925094,-0.754499137,0.152072489,0.172338501,-0.511526585,1.18224597,0.05616365,-0.317514122,0.441632539,1.05020189
-0.0468129255,-0.402840436,0.971242905,0.0334128588,-0.00447883178,0.985256851,-0.167727306,-0.406409085,-0.00414471608,-0.19101809,0.350780994,-0.100416929,-0.423614144,0.118224263,0.191533893,0.00487655774,0.018609859,-0.744194388,0.161687106,0.173867419,-0.50263232,1.18450212,0.0561370477,-0.317926526,0.432533383,1.05814779
-0.0442686267,-0.403580576,0.970790923,0.0320081227,-0.00489739189,0.990146756,-0.136238322,-0.408088148,-0.000425375678,-0.202626482,0.351258427,-0.0988818407,-0.42406866,0.120120071,0.198163345,-0.000425845996,0.0187931471,-0.738218307,0.165086985,0.173760369,-0.497788191,1.18230128,0.0562335104,-0.314260483,0.426269948,1.06509578
-0.041679699,-0.404467344,0.970230162,0.0303826127,-0.00536606833,0.994045496,-0.104506694,-0.409565389,0.00380230881,-0.213679224,0.351997346,-0.0982507169,-0.424468547,0.12099456,0.204502493,-0.00557322893,0.0184889641,-0.733713627,0.166374356,0.173097208,-0.49432072,1.17858553,0.0563718118,-0.309208095,0.42097038,1.07170475
-0.039090775,-0.405354142,0.969669342,0.0287225861,-0.00583017245,0.996930063,-0.0726036206,-0.41104266,0.00802999269,-0.224731967,0.352736264,-0.0976195931,-0.424868435,0.121869057,0.210841656,-0.0107206115,0.0181847829,-0.729208887,0.167661712,0.172434062,-0.49085325,1.17486989,0.0565101095,-0.304155737,0.415670842,1.07831371
-0.0365018509,-0.40624091,0.969108582,0.0270330738,-0.00628825836,0.998788834,-0.0406271704,-0.412519932,0.0122576766,-0.235784709,0.353475153,-0.0969884694,-0.425268322,0.122743554,0.217180803,-0.0158679932,0.0178805999,-0.724704206,0.168949082,0.171770915,-0.48738578,1.17115414,0.0566484071,-0.299103349,0.410371304,1.08492267
-0.0339129232,-0.407127708,0.968547821,0.0253193695,-0.0067389356,0.999619126,-0.00867599156,-0.413997203,0.0164853614,-0.246837452,0.354214072,-0.0963573456,-0.42566818,0.123618044,0.223519951,-0.0210153777,0.017576417,-0.720199525,0.170236439,0.171107754,-0.483918339,1.16743839,0.0567867085,-0.294050962,0.405071765,1.09153163
-0.0315293521,-0.408151388,0.968168855,0.023791315,-0.00711593404,0.999454021,0.0217943899,-0.415322632,0.0202835947,-0.254832208,0.355860114,-0.0980276838,-0.42602697,0.12387991,0.227866694,-0.0252858065,0.0177494884,-0.718434155,0.171550095,0.170462072,-0.481355995,1.16442788,0.0580774061,-0.289626926,0.400384039,1.09866488
-0.0296397135,-0.409504354,0.968227029,0.022735836,-0.00733039528,0.998513937,0.0489802212,-0.416282833,0.0230488833,-0.255471647,0.359688044,-0.105233654,-0.426286906,0.122668214,0.22742115,-0.0274469219,0.0190704875,-0.723257601,0.172926977,0.169858381,-0.48097074,1.16311395,0.0621399507,-0.286714166,0.397167921,1.10705936
-0.027750073,-0.41085735,0.968285263,0.0216612034,-0.00753986556,0.996829629,0.0761876255,-0.417243063,0.0258141737,-0.256111085,0.363515973,-0.112439632,-0.426546812,0.121456519,0.226975605,-0.0296080355,0.0203914847,-0.728081107,0.174303874,0.169254705,-0.480585486,1.16179991,0.066202499,-0.283801436,0.393951803,1.11545384
-0.0258604344,-0.412210315,0.968343496,0.020569738,-0.00774385314,0.994401574,0.103355817,-0.418203294,0.0285794623,-0.256750524,0.367343932,-0.119645603,-0.426806748,0.120244831,0.226530045,-0.031769149,0.0217124838,-0.732904553,0.175680757,0.168651015,-0.480200261,1.16048598,0.0702650398,-0.280888677,0.390735686,1.12384832
-0.0239707939,-0.413563311,0.96840167,0.0194638856,-0.00794190448,0.991235375,0.130424127,-0.419163525,0.031344749,-0.257389992,0.371171862,-0.126851574,-0.427066654,0.119033135,0.226084501,-0.0339302644,0.023033483,-0.737728,0.177057654,0.168047339,-0.479815006,1.15917194,0.0743275881,-0.277975917,0.387519568,1.1322428
-0.0220811553,-0.414916277,0.968459904,0.0183461774,-0.00813360605,0.987341642,0.157332733,-0.420123726,0.0341100395,-0.258029431,0.374999791,-0.134057552,-0.42732656,0.11782144,0.225638956,-0.0360913798,0.0243544821,-0.742551446,0.178434536,0.167443648,-0.479429752,1.15785789,0.0783901289,-0.275063187,0.384303451,1.14063716
-0.0210826658,-0.416764677,0.968463898,0.0175253265,-0.0080043776,0.982454658,0.185504064,-0.420762897,0.0351146124,-0.257048011,0.378392518,-0.141771734,-0.427509993,0.116525203,0.225601658,-0.0376458503,0.0242620856,-0.749402821,0.177708372,0.166858673,-0.479121,1.157534,0.0816036165,-0.273839504,0.384836048,1.1463294
-0.0202526413,-0.418706745,0.968457639,0.0167460423,-0.00780850463,0.976686835,0.213872537,-0.42134133,0.0357863344,-0.255760223,0.38170296,-0.149581999,-0.427678943,0.115212984,0.225641549,-0.0390856415,0.0239024982,-0.756637573,0.176584646,0.166277245,-0.478826731,1.15739727,0.0846565962,-0.272935122,0.386077315,1.1515106
-0.0194226187,-0.420648813,0.968451321,0.0159515217,-0.00760577573,0.970089436,0.242103487,-0.421919793,0.0364580527,-0.254472405,0.385013402,-0.157392263,-0.427847892,0.113900766,0.225681439,-0.0405254327,0.023542909,-0.763872385,0.17546092,0.165695801,-0.478532463,1.15726054,0.0877095759,-0.272030741,0.387318581,1.15669191
-0.0185925942,-0.422590852,0.968445063,0.0151437437,-0.00739669101,0.962677658,0.270125419,-0.422498256,0.0371297747,-0.253184617,0.388323843,-0.165202528,-0.428016841,0.112588547,0.225721329,-0.0419652201,0.0231833197,-0.771107137,0.174337193,0.165114358,-0.478238165,1.1571238,0.0907625481,-0.27112636,0.388559848,1.16187322
-0.0177625697,-0.42453292,0.968438804,0.0143247759,-0.00718179438,0.954472423,0.297868401,-0.423076689,0.037801493,-0.251896799,0.391634285,-0.173012793,-0.428185791,0.111276329,0.22576122,-0.0434050113,0.0228237305,-0.778341889,0.173213467,0.16453293,-0.477943897,1.15698719,0.0938155279,-0.270221978,0.389801085,1.16705453
-0.0173369143,-0.42632401,0.968337715,0.0138294008,-0.00710890396,0.945395947,0.325553,-0.422911227,0.0372602865,-0.250172883,0.395460963,-0.180542827,-0.428331763,0.109749809,0.226313055,-0.043815501,0.0221268125,-0.787139714,0.170671478,0.163517609,-0.47851342,1.15683484,0.0970217586,-0.270485044,0.392368376,1.17113578
-0.017548101,-0.427877337,0.968087256,0.0138471108,-0.00726244273,0.935324371,0.35344556,-0.421574086,0.0348088183,-0.247762144,0.400100619,-0.187631518,-0.428441584,0.1078858,0.227671191,-0.042604927,0.0208986271,-0.79839915,0.165895864,0.161818966,-0.480443448,1.15665793,0.100469351,-0.272586733,0.397024065,1.17348444
-0.0177592896,-0.429430664,0.967836797,0.0138526428,-0.00740993628,0.924403548,0.381092191,-0.420236975,0.0323573463,-0.245351389,0.404740304,-0.194720224,-0.428551406,0.106021792,0.229029328,-0.0413943529,0.0196704436,-0.809658647,0.161120251,0.160120323,-0.482373446,1.15648103,0.103916936,-0.274688423,0.401679724,1.17583311
-0.0179704763,-0.43098402,0.967586339,0.013845928,-0.0075509646,0.912658632,0.408418298,-0.418899834,0.0299058761,-0.242940649,0.409379959,-0.201808915,-0.428661197,0.104157776,0.230387464,-0.0401837789,0.0184422582,-0.820918143,0.156344637,0.15842168,-0.484303445,1.15630412,0.107364528,-0.276790112,0.406335384,1.17818177
-0.0181816649,-0.432537347,0.96733582,0.0138269914,-0.0076851584,0.900121331,0.4353517,-0.417562723,0.0274544079,-0.24052991,0.414019614,-0.20889762,-0.428771019,0.102293767,0.231745601,-0.0389732085,0.0172140729,-0.832177579,0.151569024,0.156723037,-0.486233443,1.15612721,0.11081212,-0.278891772,0.410991073,1.18053043
-0.0183928516,-0.434090674,0.967085361,0.0137959626,-0.0078122085,0.886830032,0.461823791,-0.416225582,0.0250029378,-0.23811917,0.4186593,-0.215986311,-0.428880841,0.100429758,0.233103737,-0.0377626345,0.0159858894,-0.843437076,0.14679341,0.155024394,-0.488163471,1.15595031,0.114259705,-0.280993462,0.415646732,1.18287909
-0.0193045009,-0.435490698,0.967196763,0.0141925858,-0.00785192288,0.872516394,0.488315463,-0.414441645,0.0212379787,-0.236087501,0.421857983,-0.221738741,-0.428954691,0.0971703604,0.233271211,-0.0389835872,0.0133539885,-0.852656245,0.142507643,0.152242705,-0.491179556,1.15702581,0.117009662,-0.284445077,0.421749324,1.18451798
-0.0202642735,-0.436880171,0.967332959,0.0146078141,-0.0078790728,0.857343018,0.514478028,-0.412627012,0.0173827782,-0.234081879,0.424957693,-0.227399364,-0.429026067,0.0938150883,0.233356878,-0.0403715968,0.0106256474,-0.861735284,0.138255522,0.149386615,-0.494270295,1.15818727,0.11971169,-0.287989438,0.427951336,1.18610799
-0.021224048,-0.438269675,0.967469215,0.0150102479,-0.0078990357,0.841361403,0.54020673,-0.410812378,0.0135275759,-0.232076272,0.428057402,-0.233059973,-0.429097474,0.0904598236,0.233442545,-0.0417596065,0.0078973053,-0.870814264,0.134003416,0.146530509,-0.497361034,1.15934885,0.12241371,-0.291533798,0.434153348,1.18769801
-0.0221838225,-0.439659148,0.967605412,0.0153987641,-0.00791174732,0.824614406,0.565430224,-0.408997744,0.00967237446,-0.230070651,0.431157082,-0.238720596,-0.42916885,0.0871045589,0.233528227,-0.0431476161,0.00516896462,-0.879893243,0.129751295,0.143674418,-0.500451744,1.1605103,0.125115737,-0.295078158,0.440355361,1.18928814
-0.0231435951,-0.441048652,0.967741668,0.0157723501,-0.00791720115,0.80715102,0.590081155,-0.407183111,0.00581717351,-0.228065029,0.434256792,-0.244381204,-0.429240227,0.0837492943,0.233613893,-0.0445356257,0.00244062324,-0.888972282,0.125499174,0.140818313,-0.503542483,1.16167176,0.127817765,-0.298622519,0.446557373,1.19087815
-0.0243921634,-0.442376554,0.967765808,0.0161988307,-0.0082736304,0.788479209,0.614792407,-0.405321568,0.00229507009,-0.225867227,0.437964708,-0.248160765,-0.429299533,0.0810124874,0.234904543,-0.0463660583,-7.61400515E-05,-0.897266805,0.121519566,0.137865439,-0.506422102,1.16301191,0.129413873,-0.302546442,0.451851577,1.19223905
-0.025949778,-0.443638563,0.967670023,0.0166838653,-0.00900746416,0.768402576,0.639685869,-0.403409809,-0.000870575255,-0.223463774,0.442323506,-0.249927372,-0.429345936,0.0789375082,0.237484679,-0.0486699343,-0.00236648717,-0.904721797,0.11783158,0.134809002,-0.50907588,1.16454327,0.129826516,-0.30687651,0.456174314,1.19335485
-0.0275073927,-0.444900602,0.967574239,0.0171529986,-0.00973392092,0.747485161,0.663985729,-0.401498049,-0.00403622072,-0.221060321,0.446682304,-0.251693964,-0.429392338,0.0768625364,0.2400648,-0.050973814,-0.00465683453,-0.912176788,0.114143595,0.131752566,-0.511729658,1.16607463,0.130239159,-0.311206609,0.460497051,1.19447052
-0.0290650073,-0.446162611,0.967478454,0.0176047068,-0.0104507199,0.72578764,0.687614143,-0.39958629,-0.00720186625,-0.218656853,0.451041102,-0.253460556,-0.42943874,0.0747875646,0.242644936,-0.05327769,-0.00694718212,-0.919631779,0.110455602,0.128696114,-0.514383435,1.16760588,0.130651787,-0.315536708,0.464819759,1.19558632
-0.030622622,-0.44742462,0.967382669,0.0180376247,-0.0111556659,0.703378201,0.710499346,-0.397674531,-0.0103675108,-0.2162534,0.455399901,-0.255227178,-0.429485112,0.0727125853,0.245225057,-0.0555815697,-0.00923752878,-0.92708683,0.106767617,0.125639677,-0.517037213,1.16913724,0.13106443,-0.319866776,0.469142497,1.196702
-0.0321893282,-0.448681742,0.967283785,0.0184522793,-0.0118525997,0.680330753,0.732577026,-0.395846128,-0.0135366935,-0.213927805,0.459797412,-0.256865591,-0.429531038,0.070701845,0.247855291,-0.057904128,-0.0115137519,-0.934499383,0.103178598,0.122537874,-0.5197258,1.1706655,0.131416857,-0.324207634,0.47346139,1.19772887
-0.0340459496,-0.449782521,0.967086196,0.0189028885,-0.0127265649,0.656573296,0.753917992,-0.39667514,-0.0168186538,-0.214084625,0.465429395,-0.254417628,-0.429561198,0.0707388446,0.252082527,-0.0608221963,-0.0133396974,-0.940558374,0.102744795,0.117989764,-0.523524702,1.17209578,0.129849389,-0.328891218,0.477657676,1.19592321
-0.0359025709,-0.450883269,0.966888547,0.0193356704,-0.0135905184,0.632059038,0.774559796,-0.397504151,-0.0201006141,-0.214241445,0.471061379,-0.251969695,-0.429591358,0.0707758367,0.256309777,-0.0637402683,-0.0151656428,-0.946617424,0.102310985,0.113441661,-0.527323604,1.17352605,0.128281921,-0.333574802,0.481853962,1.19411743
-0.0377591923,-0.451984018,0.966690958,0.0197491534,-0.0144417109,0.606858492,0.794433177,-0.398333162,-0.0233825743,-0.214398265,0.476693362,-0.249521747,-0.429621518,0.0708128363,0.260537028,-0.0666583404,-0.0169915892,-0.952676415,0.101877183,0.108893558,-0.531122446,1.17495632,0.126714468,-0.338258415,0.486050248,1.19231164
-0.0396158136,-0.453084767,0.966493309,0.0201420374,-0.0152774965,0.581048787,0.813475966,-0.399162173,-0.0266645327,-0.214555085,0.482325345,-0.247073799,-0.429651678,0.0708498359,0.264764279,-0.069576405,-0.0188175328,-0.958735466,0.101443373,0.104345448,-0.534921348,1.17638659,0.125147,-0.342941999,0.490246534,1.19050598
-0.041472435,-0.454185545,0.966295719,0.0205132142,-0.0160953775,0.554712296,0.831633508,-0.399991184,-0.029946493,-0.214711905,0.487957329,-0.244625852,-0.429681838,0.070886828,0.26899153,-0.072494477,-0.0206434783,-0.964794457,0.10100957,0.0997973457,-0.53872025,1.17781687,0.123579539,-0.347625583,0.494442791,1.1887002
-0.0435104109,-0.455092818,0.96593523,0.02092788,-0.0169331767,0.527880847,0.848891675,-0.401441127,-0.033847902,-0.217256442,0.492646784,-0.240913197,-0.429705888,0.0711180195,0.274036467,-0.0753730759,-0.0225505158,-0.970736921,0.101779521,0.0953307152,-0.542484462,1.17919028,0.120648898,-0.351068765,0.498263687,1.18489146
-0.0456809215,-0.455858678,0.96545577,0.0213705264,-0.0177848469,0.500413656,0.865339935,-0.403344899,-0.0382020138,-0.22154595,0.496647477,-0.236276299,-0.429725498,0.0714911222,0.279679,-0.0782228187,-0.0245168172,-0.97659421,0.103429206,0.0909236372,-0.546223402,1.18052208,0.116722032,-0.353605449,0.501810193,1.17961895
-0.0478514321,-0.456624568,0.964976251,0.0217922162,-0.0186202228,0.472366244,0.880936146,-0.405248672,-0.0425561257,-0.225835443,0.500648141,-0.2316394,-0.429745108,0.0718642175,0.285321534,-0.0810725689,-0.0264831167,-0.982451499,0.105078883,0.0865165517,-0.549962282,1.18185389,0.112795167,-0.356142104,0.505356729,1.17434645
-0.050021939,-0.457390428,0.964496791,0.0221915636,-0.0194366537,0.443823129,0.89562875,-0.407152444,-0.0469102338,-0.23012495,0.504648805,-0.227002501,-0.429764718,0.0722373202,0.290964067,-0.0839223191,-0.028449418,-0.988308847,0.106728561,0.0821094736,-0.553701162,1.1831857,0.108868301,-0.358678758,0.508903265,1.16907394
-0.0521924496,-0.458156317,0.964017272,0.0225673784,-0.0202316549,0.414873421,0.909374118,-0.409056187,-0.0512643456,-0.234414458,0.508649468,-0.222365603,-0.429784298,0.072610423,0.2966066,-0.0867720619,-0.0304157175,-0.994166136,0.108378246,0.0777023882,-0.557440102,1.18451762,0.104941435,-0.361215442,0.512449801,1.16380131
-0.0545163564,-0.458900958,0.963634193,0.0227227416,-0.0208857507,0.385620892,0.922140956,-0.405054569,-0.0543871671,-0.237120718,0.511350393,-0.217943817,-0.426996648,0.0733005702,0.300842285,-0.0890641883,-0.0308919903,-0.993249834,0.110944442,0.0736301988,-0.560160816,1.18583345,0.100484468,-0.362480313,0.516903818,1.15824187
-0.0579129197,-0.459497154,0.963925123,0.0214807764,-0.0206968486,0.356041461,0.933993876,-0.35975796,-0.0488998815,-0.228755683,0.504962087,-0.215026349,-0.404578447,0.0762077197,0.295240343,-0.0874569789,-0.0209488571,-0.944967389,0.11991965,0.0718998611,-0.555761933,1.18703735,0.0923205912,-0.354851782,0.527703941,1.15067601
-0.0613094829,-0.460093379,0.964216053,0.0202127844,-0.0204861742,0.326001137,0.944931269,-0.314461321,-0.043412596,-0.220390663,0.49857381,-0.212108865,-0.382160246,0.0791148692,0.2896384,-0.0858497694,-0.011005722,-0.896684945,0.128894851,0.0701695159,-0.551362991,1.18824136,0.0841567218,-0.347223282,0.538504064,1.14311016
-0.0647060499,-0.460689574,0.964506924,0.0189224947,-0.0202542264,0.295589358,0.954912901,-0.269164681,-0.0379253067,-0.212025642,0.492185533,-0.209191397,-0.359742045,0.0820220187,0.284036428,-0.08424256,-0.0010625876,-0.84840256,0.137870058,0.0684391782,-0.546964049,1.18944526,0.075992845,-0.339594752,0.549304187,1.1355443
-0.0681026131,-0.46128577,0.964797854,0.0176138692,-0.0200017132,0.264899522,0.963907659,-0.223868072,-0.0324380212,-0.203660622,0.485797256,-0.206273913,-0.337323844,0.0849291608,0.278434485,-0.0826353505,0.00888054539,-0.800120115,0.146845266,0.066708833,-0.542565107,1.19064927,0.0678289756,-0.331966251,0.56010437,1.12797844
-0.0714991763,-0.461881995,0.965088785,0.016291013,-0.0197295137,0.234027147,0.971893311,-0.178571463,-0.0269507356,-0.195295587,0.479408979,-0.203356445,-0.314905643,0.0878363103,0.272832513,-0.0810281411,0.0188236795,-0.751837671,0.155820474,0.0649784952,-0.538166225,1.19185317,0.0596651025,-0.324337751,0.570904493,1.12041259
-0.0742862672,-0.461723208,0.965618491,0.0146690374,-0.0193728991,0.203202307,0.978835166,-0.138106734,-0.0220645778,-0.182729781,0.469519168,-0.202219054,-0.278239638,0.0919361264,0.262833744,-0.0753531605,0.0272071455,-0.692469358,0.159980208,0.0693767294,-0.534879804,1.19241941,0.0544684641,-0.316129804,0.575527787,1.11528122
-0.0767764971,-0.461196691,0.966264486,0.0128870402,-0.0189638194,0.172167704,0.984800756,-0.099995479,-0.017471211,-0.168117881,0.457923859,-0.201948687,-0.234633937,0.0966168568,0.250693411,-0.0676968992,0.0348309427,-0.627701402,0.161794484,0.0767600089,-0.532135248,1.19267499,0.0507170781,-0.307639629,0.577142537,1.11133564
-0.0792667344,-0.460670203,0.966910481,0.0110883098,-0.0185348094,0.140894204,0.989789069,-0.0618842319,-0.0128778461,-0.153505981,0.446328551,-0.201678336,-0.191028237,0.101297587,0.238553062,-0.0600406341,0.0424547382,-0.562933445,0.163608775,0.0841432884,-0.529390693,1.19293058,0.0469656922,-0.299149454,0.578757346,1.10739005
-0.0817569643,-0.460143685,0.967556477,0.00927822292,-0.0180870946,0.109475493,0.993781567,-0.0237729866,-0.00828448031,-0.138894096,0.434733242,-0.201407969,-0.147422552,0.105978318,0.226412714,-0.0523843691,0.0500785373,-0.498165488,0.165423051,0.0915265679,-0.526646137,1.19318604,0.0432143062,-0.290659279,0.580372095,1.10344446
-0.0842472017,-0.459617168,0.968202472,0.00746226357,-0.0176220778,0.0780066177,0.996769071,0.0143382717,-0.00369111286,-0.124282196,0.423137933,-0.201137602,-0.103816852,0.110659048,0.21427238,-0.044728104,0.0577023365,-0.433397502,0.167237327,0.0989098474,-0.523901522,1.19344163,0.0394629203,-0.282169104,0.581986904,1.09949887
-0.0866593421,-0.459101051,0.968771219,0.0055805794,-0.0171311423,0.0465937592,0.998751462,0.0495174378,0.000846645271,-0.109782346,0.410971224,-0.200499147,-0.0627443641,0.115038559,0.201625541,-0.0358678363,0.0639907718,-0.371836543,0.168152064,0.106643192,-0.521666825,1.19323874,0.0358203501,-0.273629814,0.582436025,1.09602809
-0.0887943059,-0.4586218,0.969065726,0.00345920958,-0.016586598,0.0151509251,0.999741673,0.0742897466,0.00518703554,-0.0956801772,0.396776438,-0.198554203,-0.0306629501,0.118348934,0.187180966,-0.0227342006,0.0655396059,-0.321658194,0.165874019,0.115619019,-0.521241605,1.19140816,0.0325639918,-0.264916152,0.578747869,1.09424245
-0.0909292698,-0.458142519,0.969360173,0.00132798613,-0.0160238389,-0.0164018702,0.999736249,0.0990620628,0.00952742528,-0.0815780014,0.382581621,-0.196609259,0.00141846191,0.121659309,0.172736406,-0.00960056297,0.0670884401,-0.271479815,0.163595989,0.124594845,-0.520816445,1.18957758,0.0293076355,-0.256202489,0.575059772,1.0924567
-0.0930642337,-0.457663238,0.969654679,-0.000806731405,-0.0154444566,-0.0479702652,0.99872905,0.123834372,0.013867816,-0.067475833,0.368386805,-0.194664314,0.0334998742,0.124969676,0.158291832,0.00353307533,0.0686372668,-0.221301436,0.161317945,0.133570671,-0.520391226,1.18774712,0.0260512773,-0.247488841,0.571371615,1.09067106
-0.095199205,-0.457183987,0.969949186,-0.0029385318,-0.0148501843,-0.0794594362,0.996723115,0.148606688,0.0182082057,-0.0533736609,0.354192019,-0.19271937,0.0655812845,0.128280059,0.143847257,0.0166667122,0.0701861009,-0.171123073,0.159039915,0.142546505,-0.519966066,1.18591654,0.022794921,-0.238775179,0.567683518,1.08888531
-0.0973341689,-0.456704706,0.970243692,-0.00506105041,-0.014242894,-0.110775605,0.993730485,0.173378989,0.0225485954,-0.0392714925,0.339997232,-0.190774426,0.0976626948,0.131590426,0.129402697,0.029800348,0.071734935,-0.120944709,0.15676187,0.151522323,-0.519540846,1.18408597,0.0195385627,-0.230061531,0.563995361,1.08709967
-0.0967811868,-0.454986721,0.970414639,-0.00645582145,-0.0133915842,-0.141517624,0.989824116,0.179778501,0.0242434498,-0.0321685821,0.328697741,-0.187085807,0.104833655,0.132017151,0.119278066,0.0386835635,0.0705827326,-0.105011411,0.152158976,0.155727416,-0.52162987,1.18021154,0.0163503978,-0.223143831,0.561781287,1.08591664
-0.0954124033,-0.45289278,0.970548093,-0.00763054099,-0.0124541204,-0.172106549,0.984970093,0.18060182,0.0251353774,-0.0271899682,0.318277031,-0.182867959,0.104444228,0.13156867,0.110464551,0.0462767631,0.0686107576,-0.099471584,0.146850482,0.158484563,-0.524481893,1.17571676,0.0131829269,-0.2167712,0.560014546,1.08491659
-0.0940436274,-0.450798839,0.970681548,-0.00880007725,-0.0115029132,-0.202586129,0.979157329,0.181425139,0.0260273032,-0.0222113542,0.307856321,-0.178650111,0.104054794,0.13112019,0.101651035,0.0538699627,0.0666387826,-0.0939317495,0.141541988,0.161241725,-0.527333975,1.17122209,0.0100154569,-0.21039857,0.558247864,1.08391654
-0.092674844,-0.448704898,0.970815063,-0.00996103138,-0.0105406819,-0.232867837,0.972400248,0.182248458,0.0269192308,-0.0172327403,0.297435582,-0.174432278,0.103665367,0.130671725,0.0928375274,0.0614631623,0.0646668077,-0.0883919224,0.136233494,0.163998872,-0.530186057,1.1667273,0.00684798788,-0.204025939,0.556481183,1.0829165
-0.091306068,-0.446610957,0.970948517,-0.0111100748,-0.00957023818,-0.262864828,0.964721322,0.183071792,0.0278111566,-0.0122541245,0.287014872,-0.170214429,0.10327594,0.130223244,0.0840240121,0.0690563694,0.0626948327,-0.0828520954,0.130924985,0.166756034,-0.533038139,1.16223252,0.00368051697,-0.197653309,0.554714441,1.08191645
-0.0903632343,-0.444680274,0.97108537,-0.0121276462,-0.00857866369,-0.292513102,0.956146181,0.18550384,0.0285842773,-0.00754883653,0.277373046,-0.166521043,0.105939768,0.129669324,0.0752023011,0.0763195455,0.0610315688,-0.075307399,0.12557961,0.169318244,-0.53587842,1.15773129,0.000345404376,-0.191420615,0.554114342,1.08135366
-0.0903487653,-0.44310537,0.971229494,-0.0128801772,-0.0075433068,-0.321955711,0.946637034,0.191442177,0.0290984549,-0.00343926251,0.26942879,-0.163970694,0.115258187,0.128885612,0.0663627386,0.0828634501,0.0600411333,-0.0633930638,0.120153859,0.171455562,-0.538692951,1.15321577,-0.00335508841,-0.185492918,0.556056917,1.08174396
-0.0903342888,-0.441530466,0.971373618,-0.0136223575,-0.0064978688,-0.351168513,0.936190546,0.197380513,0.0296126325,0.000670311332,0.261484563,-0.161420345,0.124576613,0.1281019,0.0575231686,0.0894073546,0.0590506941,-0.0514787324,0.114728101,0.17359288,-0.541507542,1.14870012,-0.00705558108,-0.179565221,0.557999551,1.08213437
-0.0903198123,-0.439955562,0.971517742,-0.0143519798,-0.00544532808,-0.38006559,0.924832165,0.203318849,0.0301268119,0.00477988552,0.253540337,-0.158869997,0.13389504,0.127318189,0.0486835986,0.0959512591,0.0580602586,-0.0395643972,0.109302342,0.175730199,-0.544322133,1.14418459,-0.0107560735,-0.173637524,0.559942126,1.08252478
-0.0903053433,-0.438380659,0.971661866,-0.0150669357,-0.00438873097,-0.408563465,0.912594974,0.209257171,0.0306409895,0.00888945907,0.245596096,-0.156319663,0.143213451,0.126534462,0.0398440324,0.102495164,0.0570698231,-0.0276500639,0.103876583,0.177867532,-0.547136664,1.13966906,-0.0144565664,-0.167709827,0.561884701,1.08291507
-0.0902908668,-0.436805755,0.97180599,-0.015765259,-0.00333115039,-0.436582536,0.89951992,0.215195507,0.0311551671,0.0129990326,0.237651855,-0.153769314,0.152531877,0.12575075,0.031004468,0.109039068,0.0560793877,-0.0157357305,0.0984508246,0.18000485,-0.549951255,1.13515353,-0.0181570575,-0.161782131,0.563827276,1.08330548
-0.0910192803,-0.435223877,0.97199887,-0.0161181334,-0.00231763301,-0.464469492,0.885439336,0.214992002,0.0316742994,0.0148819322,0.232107311,-0.150651976,0.158515275,0.125099033,0.0240705553,0.114596508,0.0544364303,-0.00716214767,0.0936482772,0.181108236,-0.552703798,1.13074172,-0.0215632692,-0.157016456,0.566204071,1.08312356
-0.091866754,-0.433640897,0.972199559,-0.0164034721,-0.00130561355,-0.492049903,0.870411456,0.213804111,0.032194227,0.0164079517,0.226947367,-0.147443771,0.163964152,0.124468476,0.0174420755,0.11999584,0.0526888929,0.000875993341,0.0889456198,0.182045922,-0.555446386,1.12634647,-0.0249223113,-0.152437031,0.568650424,1.08284998
-0.0927142277,-0.432057917,0.972400188,-0.0166730583,-0.000290567434,-0.519190311,0.854495943,0.212616235,0.0327141546,0.0179339685,0.221787423,-0.144235551,0.169413015,0.123837911,0.0108135929,0.125395164,0.0509413555,0.0089141354,0.0842429549,0.182983607,-0.558188975,1.12195134,-0.0282813571,-0.147857606,0.571096838,1.08257627
-0.0935617015,-0.430474937,0.972600877,-0.0169260539,0.000724493701,-0.54580915,0.837738216,0.211428344,0.0332340784,0.0194599871,0.216627494,-0.141027346,0.174861893,0.123207346,0.00418511173,0.130794495,0.0491938181,0.0169522762,0.0795402974,0.183921292,-0.560931563,1.1175561,-0.0316403992,-0.143278167,0.573543251,1.08230269
-0.0944091752,-0.428891957,0.972801566,-0.0171617735,0.00173656212,-0.571829438,0.820191145,0.210240453,0.033754006,0.0209860057,0.211467549,-0.137819141,0.180310771,0.122576788,-0.00244337157,0.136193827,0.047446277,0.0249904189,0.0748376325,0.184858978,-0.563674152,1.11316085,-0.0349994451,-0.138698742,0.575989604,1.0820291
-0.0955557749,-0.427160025,0.973035753,-0.0171455238,0.00269446312,-0.597343504,0.801797748,0.206787735,0.0344425365,0.0218784474,0.206724375,-0.134415627,0.183972448,0.122135244,-0.00808427203,0.140761793,0.0459114425,0.030952096,0.0700889155,0.185331017,-0.566368997,1.10919797,-0.0380524471,-0.13462396,0.578606188,1.08148849
-0.0971342325,-0.425213069,0.973318279,-0.0167726353,0.00358118908,-0.622533441,0.782405138,0.200065255,0.035374485,0.0218561869,0.202582896,-0.130730182,0.185053945,0.121966593,-0.0122993989,0.14412953,0.0446836837,0.0339159667,0.0652736947,0.185130835,-0.56899482,1.10585928,-0.0406636223,-0.131277755,0.581468463,1.08056223
-0.0987126902,-0.423266083,0.973600745,-0.0163817164,0.0044666552,-0.647158921,0.762166083,0.193342775,0.0363064297,0.0218339283,0.198441416,-0.127044722,0.186135441,0.121797942,-0.0165145248,0.147497267,0.0434559286,0.0368798375,0.0604584701,0.184930637,-0.571620643,1.1025207,-0.0432747975,-0.127931535,0.584330797,1.0796361
-0.100291148,-0.421319127,0.973883271,-0.0159738678,0.00534814456,-0.671141267,0.741137981,0.18662028,0.0372383781,0.0218116678,0.194299951,-0.12335927,0.187216938,0.12162929,-0.0207296517,0.150864989,0.0422281735,0.0398437083,0.0556432493,0.184730455,-0.574246466,1.09918201,-0.0458859727,-0.124585308,0.587193072,1.07870996
-0.101869605,-0.419372141,0.974165797,-0.0155503526,0.00622297684,-0.694408417,0.719386101,0.1798978,0.0381703228,0.0217894092,0.190158471,-0.119673818,0.188298434,0.121460639,-0.0249447785,0.154232726,0.0410004146,0.042807579,0.0508280285,0.184530258,-0.576872289,1.09584332,-0.0484971441,-0.121239096,0.590055406,1.07778382
-0.103448063,-0.417425185,0.974448323,-0.0151125723,0.00708853872,-0.716894746,0.696981549,0.17317532,0.0391022712,0.0217671487,0.186016992,-0.115988359,0.18937993,0.121291988,-0.0291599054,0.157600448,0.0397726595,0.0457714498,0.0460128114,0.184330076,-0.579498112,1.09250462,-0.0511083193,-0.117892876,0.592917681,1.07685757
-0.105587192,-0.415523916,0.974669218,-0.0138237011,0.007783351,-0.738783121,0.673756421,0.165974647,0.0394536145,0.0205560233,0.183250532,-0.112847619,0.188050017,0.121195666,-0.0315444767,0.160069272,0.0381556153,0.0455865189,0.0423480235,0.183359534,-0.581487358,1.09098434,-0.0524017327,-0.116039477,0.594724298,1.07600403
-0.107751779,-0.413624704,0.974887252,-0.0124779381,0.00846527331,-0.759998739,0.649749637,0.158752248,0.0397785939,0.0192909148,0.180546522,-0.109731615,0.186610609,0.121102631,-0.0338459276,0.162497252,0.0365208946,0.045258604,0.0387354791,0.182354018,-0.583447635,1.08954668,-0.0536353104,-0.114253864,0.596482992,1.07515383
-0.109916367,-0.411725521,0.975105286,-0.0111171687,0.00913954806,-0.780464351,0.62503469,0.151529849,0.0401035734,0.0180258043,0.177842498,-0.10661561,0.185171202,0.121009596,-0.0361473784,0.164925247,0.0348861739,0.0449306928,0.035122931,0.181348503,-0.585407972,1.08810902,-0.0548688881,-0.112468258,0.598241687,1.07430351
-0.112080954,-0.409826338,0.975323379,-0.00974558108,0.00980407838,-0.800115407,0.599686921,0.144307464,0.0404285528,0.0167606957,0.175138488,-0.103499606,0.183731794,0.12091656,-0.0384488255,0.167353243,0.0332514532,0.0446027815,0.0315103829,0.180342987,-0.58736825,1.08667123,-0.0561024658,-0.110682644,0.600000381,1.07345331
-0.114245541,-0.407927155,0.975541413,-0.00836745463,0.0104568563,-0.818894863,0.573787272,0.137085065,0.0407535322,0.0154955871,0.172434464,-0.100383595,0.182292387,0.120823525,-0.0407502763,0.169781238,0.0316167325,0.0442748666,0.0278978366,0.179337472,-0.589328587,1.08523357,-0.0573360436,-0.10889703,0.601759076,1.07260299
-0.116448291,-0.406303227,0.975707114,-0.00697551249,0.0107571473,-0.830730438,0.556527317,0.130005643,0.0407598391,0.0136642335,0.17127192,-0.0978916734,0.179866567,0.121100873,-0.0420293361,0.171752468,0.0297176521,0.045186393,0.0255443566,0.178831249,-0.590370715,1.08407629,-0.0579343848,-0.107414186,0.602739096,1.07168877
-0.118688606,-0.404950321,0.975821316,-0.00557115674,0.0107193859,-0.836338282,0.548080504,0.123066984,0.0404524207,0.0112754339,0.171626911,-0.0960141271,0.176469669,0.121742852,-0.0423018895,0.173274025,0.0275583193,0.0473181009,0.0244303793,0.178816572,-0.590508997,1.08319509,-0.0579073541,-0.106229395,0.60295254,1.07071149
-0.120928913,-0.403597414,0.975935459,-0.00416585803,0.010680493,-0.841860056,0.539574146,0.116128318,0.0401450023,0.00888663437,0.171981886,-0.0941365808,0.17307277,0.122384839,-0.0425744429,0.174795583,0.0253989864,0.0494498089,0.0233164039,0.178801879,-0.59064728,1.08231378,-0.0578803234,-0.105044611,0.603165984,1.06973422
-0.123169228,-0.402244478,0.976049662,-0.00276005687,0.0106404768,-0.847293794,0.531010747,0.109189659,0.0398375839,0.00649783481,0.172336876,-0.0922590345,0.169675857,0.123026818,-0.0428469963,0.17631714,0.0232396517,0.0515815169,0.0222024266,0.178787187,-0.590785563,1.08143258,-0.0578532964,-0.103859827,0.603379369,1.06875694
-0.125409544,-0.400891572,0.976163864,-0.00135419541,0.0105993524,-0.852637827,0.522393167,0.102251001,0.0395301655,0.00410903525,0.172691852,-0.0903814882,0.166278958,0.123668805,-0.0431195498,0.177838698,0.0210803188,0.0537132211,0.0210884511,0.178772494,-0.590923846,1.08055127,-0.0578262657,-0.102675036,0.603592813,1.06777978
-0.127602115,-0.399559736,0.976271689,-2.97634342E-05,0.0105469786,-0.857516944,0.514347672,0.0953362063,0.039183598,0.00172716484,0.173079506,-0.0885966867,0.162782833,0.12429402,-0.0433194451,0.179279804,0.0189103633,0.0558050834,0.0200251285,0.178887591,-0.590854347,1.07964993,-0.0577197336,-0.101541549,0.60368365,1.06677806
-0.128911376,-0.398618251,0.976261795,-0.000205557793,0.0103060585,-0.855430305,0.517815351,0.0888632089,0.0381124802,-0.000526480027,0.174071789,-0.0885283053,0.157450378,0.124608912,-0.042174723,0.179232031,0.0165438261,0.0571595542,0.0198992398,0.18140465,-0.586939275,1.07837558,-0.0561419204,-0.101357423,0.601505458,1.06532574
-0.130220637,-0.397676736,0.9762519,-0.000381358463,0.0100649549,-0.853329539,0.521274686,0.0823902115,0.0370413624,-0.00278012501,0.175064087,-0.0884599239,0.152117923,0.124923803,-0.0410299972,0.179184273,0.014177287,0.0585140251,0.019773351,0.183921695,-0.583024263,1.07710111,-0.0545641072,-0.101173297,0.599327326,1.06387329
-0.131529897,-0.396735251,0.976242006,-0.000557156804,0.00982368086,-0.851214647,0.524725616,0.0759172142,0.0359702446,-0.00503377011,0.17605637,-0.0883915424,0.146785468,0.125238702,-0.0398852713,0.1791365,0.0118107488,0.0598684922,0.0196474642,0.186438739,-0.579109251,1.07582676,-0.052986294,-0.10098917,0.597149193,1.06242085
-0.132839158,-0.395793736,0.976232111,-0.000732944056,0.00958224759,-0.849085689,0.528167844,0.0694442168,0.0348991267,-0.00728741474,0.177048668,-0.0883231536,0.141453013,0.125553593,-0.0387405492,0.179088742,0.00944421068,0.061222963,0.0195215754,0.188955784,-0.57519424,1.0745523,-0.0514084809,-0.100805044,0.594971061,1.0609684
-0.134148419,-0.394852221,0.976222277,-0.000908711459,0.00934066623,-0.846942842,0.531601131,0.0629712269,0.0338280126,-0.00954105984,0.178040951,-0.0882547721,0.136120558,0.125868484,-0.0375958234,0.179040983,0.00707767205,0.0625774339,0.0193956867,0.191472843,-0.571279168,1.07327795,-0.0498306677,-0.100620918,0.592792928,1.05951595
-0.135350049,-0.394547462,0.976109445,-0.001177456,0.00878090598,-0.843279898,0.537401795,0.0577439778,0.0315787047,-0.0107381577,0.179962993,-0.0907671452,0.130723894,0.12473131,-0.0363232344,0.180706531,0.00402181968,0.0655129701,0.0177023821,0.207658589,-0.556270897,1.06708801,-0.0460693762,-0.105043225,0.586469054,1.05578363
-0.136479497,-0.394669652,0.975927651,-0.00150856189,0.00800713431,-0.838550687,0.544762552,0.0533520319,0.0285393968,-0.011226818,0.182508439,-0.0950099751,0.125284195,0.122620493,-0.0349649079,0.183520913,0.000503767747,0.0695086494,0.0149580911,0.233009517,-0.533824325,1.05760205,-0.0408440158,-0.112554245,0.577365398,1.05052233
-0.137608945,-0.394791842,0.975745797,-0.00183960923,0.00723261153,-0.83375603,0.552082658,0.0489600897,0.0255000871,-0.0117154783,0.185053885,-0.0992528126,0.119844496,0.120509669,-0.0336065851,0.186335295,-0.00301428395,0.0735043213,0.012213801,0.258360445,-0.511377692,1.04811609,-0.0356186517,-0.120065257,0.568261743,1.04526114
-0.138738394,-0.394914031,0.975564003,-0.00217052083,0.00645751413,-0.828896821,0.559360147,0.0445681475,0.0224607792,-0.0122041386,0.187599331,-0.103495643,0.114404798,0.118398853,-0.0322482586,0.189149678,-0.00653233565,0.0775000006,0.00946951006,0.283711374,-0.488931119,1.03863013,-0.0303932913,-0.127576277,0.559158087,1.03999996
-0.139867842,-0.395036221,0.975382149,-0.00250122021,0.00568202138,-0.823974192,0.566593409,0.0401762053,0.0194214713,-0.0126927989,0.190144777,-0.107738473,0.108965099,0.116288036,-0.0308899321,0.191964075,-0.0100503881,0.0814956799,0.00672521815,0.309062302,-0.466484547,1.02914417,-0.025167929,-0.135087296,0.550054431,1.03473866
-0.140931055,-0.395209491,0.975200951,-0.00268475851,0.0048558549,-0.819079876,0.573652744,0.0360615514,0.0162042715,-0.0130257672,0.192450598,-0.111926049,0.103485405,0.113931186,-0.0296754874,0.195088416,-0.0135116614,0.0853672624,0.00227852329,0.337714523,-0.44204843,1.01959503,-0.0196067188,-0.14265959,0.541556358,1.02985036
-0.141606659,-0.39568159,0.975023448,-0.00200861902,0.00373406941,-0.814659894,0.579923451,0.0335692912,0.0119462404,-0.0124477986,0.193354324,-0.115790352,0.0977717116,0.110134818,-0.0293028895,0.200026378,-0.0166407246,0.0885127485,-0.01212883,0.385682523,-0.405971706,1.0096761,-0.0120804841,-0.15059039,0.536601484,1.02714419
-0.142282277,-0.396153688,0.974845946,-0.00133222854,0.00261184317,-0.810189784,0.586160243,0.0310770348,0.00768821035,-0.0118698301,0.194258064,-0.119654648,0.0920580178,0.106338456,-0.0289302897,0.20496434,-0.0197697897,0.091658242,-0.0265361816,0.433650523,-0.369895011,0.999757171,-0.00455424795,-0.158521205,0.531646669,1.02443802
-0.142957881,-0.396625787,0.974668384,-0.000655709708,0.00148937968,-0.805670261,0.592361987,0.0285847764,0.00343017909,-0.0112918615,0.19516179,-0.123518951,0.0863443241,0.102542087,-0.0285576917,0.209902301,-0.0228988547,0.0948037282,-0.0409435369,0.481618524,-0.333818287,0.989838243,0.0029719884,-0.166452006,0.526691794,1.02173185
-0.1436335,-0.397097886,0.974490881,2.08143647E-05,0.000366883178,-0.801102161,0.598527551,0.02609252,-0.000827851298,-0.0107138921,0.19606553,-0.127383247,0.0806306377,0.0987457186,-0.0281850919,0.214840263,-0.0260279179,0.0979492143,-0.0553508885,0.529586494,-0.297741592,0.979919314,0.0104982238,-0.174382821,0.52173692,1.01902556
-0.144309103,-0.397569984,0.974313319,0.00069722085,-0.000755442481,-0.796486318,0.604655743,0.0236002617,-0.0050858818,-0.0101359235,0.196969256,-0.13124755,0.0749169439,0.0949493572,-0.0278124921,0.219778225,-0.0291569829,0.101094708,-0.0697582364,0.577554524,-0.261664897,0.970000386,0.0180244595,-0.182313621,0.516782045,1.01631939
-0.14477025,-0.398051709,0.974200666,0.00185725989,-0.00176243088,-0.792875707,0.609378159,0.0220328532,-0.00932871737,-0.00952150393,0.196201429,-0.133186251,0.0685530752,0.0909586921,-0.0283017568,0.224369511,-0.0312273707,0.103307471,-0.0880093351,0.627260566,-0.228746012,0.963754416,0.0226282887,-0.184836149,0.517961264,1.01941693
-0.145136505,-0.398537695,0.974116743,0.00323137525,-0.00271854061,-0.789703071,0.613474846,0.020874545,-0.0135648316,-0.00889096037,0.194694191,-0.134273157,0.0619016103,0.0868820772,-0.0291722622,0.228807449,-0.0328294598,0.105107643,-0.107960679,0.677735507,-0.197223991,0.959133208,0.0259394087,-0.184966356,0.521853864,1.02508163
-0.145502776,-0.399023682,0.97403276,0.00460547861,-0.00367462798,-0.786506772,0.617553473,0.0197162386,-0.0178009458,-0.0082604168,0.193186939,-0.135360077,0.0552501455,0.0828054696,-0.0300427657,0.233245388,-0.0344315507,0.106907815,-0.12791203,0.72821039,-0.16570197,0.95451194,0.0292505287,-0.185096562,0.525746405,1.03074634
-0.145869046,-0.399509668,0.973948777,0.00597944856,-0.00463060895,-0.783287287,0.62161386,0.0185579304,-0.0220370591,-0.0076298737,0.191679701,-0.136446983,0.0485986806,0.0787288547,-0.030913271,0.237683326,-0.0360336378,0.108707994,-0.147863373,0.778685272,-0.134179935,0.949890733,0.0325616486,-0.185226753,0.529639006,1.03641105
-0.146235317,-0.399995655,0.973864853,0.00735316239,-0.00558639737,-0.780044734,0.625655591,0.017399624,-0.0262731742,-0.00699933013,0.190172464,-0.137533903,0.0419472158,0.0746522397,-0.0317837745,0.242121264,-0.0376357287,0.110508166,-0.167814717,0.829160154,-0.102657907,0.945269465,0.0358727686,-0.18535696,0.533531547,1.04207575
-0.146633148,-0.400428742,0.973807752,0.00863985438,-0.00640862761,-0.776769757,0.629692912,0.0161584653,-0.0299463812,-0.00608361838,0.188132584,-0.138469055,0.0355591588,0.0711519346,-0.03267169,0.245976895,-0.0387908332,0.112478547,-0.185746372,0.877139091,-0.0734781399,0.941639781,0.0386830755,-0.184948325,0.537217259,1.04781663
-0.147130579,-0.400694907,0.973835528,0.00965292566,-0.00681012822,-0.773441434,0.63375771,0.014655903,-0.0318435393,-0.00426816056,0.184412166,-0.138925388,0.0300021935,0.069469966,-0.0336145274,0.247995228,-0.0385356545,0.114985928,-0.197305605,0.917242825,-0.0516884774,0.941138625,0.0399132483,-0.182839543,0.540250242,1.0537976
-0.147627994,-0.400961071,0.973863304,0.0106658051,-0.00721146725,-0.77009058,0.637804568,0.0131533397,-0.0337406956,-0.00245270273,0.180691749,-0.139381722,0.0244452283,0.06778799,-0.0345573686,0.25001356,-0.0382804722,0.117493317,-0.208864823,0.957346559,-0.0298988204,0.94063741,0.0411434248,-0.180730775,0.543283165,1.05977857
-0.148125425,-0.401227206,0.973891079,0.011678407,-0.0076126107,-0.766717553,0.641833305,0.0116507765,-0.0356378518,-0.000637244666,0.176971316,-0.139838055,0.018888263,0.066106014,-0.0355002098,0.252031893,-0.0380252898,0.120000698,-0.220424056,0.997450292,-0.00810915977,0.940136254,0.0423735976,-0.178622007,0.546316087,1.06575954
-0.148622856,-0.401493371,0.973918855,0.0126906428,-0.00801352225,-0.763322473,0.645843327,0.0101482142,-0.037535008,0.00117821305,0.173250899,-0.140294388,0.0133312996,0.0644240379,-0.036443051,0.254050225,-0.0377701111,0.122508079,-0.231983289,1.03755403,0.0136804963,0.939635038,0.0436037704,-0.17651324,0.54934907,1.07174051
-0.149120286,-0.401759535,0.973946631,0.0137024242,-0.00841416791,-0.759905756,0.649834454,0.00864565186,-0.0394321643,0.00299367076,0.169530481,-0.140750721,0.00777433487,0.0627420694,-0.0373858921,0.256068558,-0.0375149287,0.125015467,-0.243542507,1.0776577,0.0354701541,0.939133823,0.0448339432,-0.174404457,0.552381992,1.07772148
-0.149577409,-0.402050644,0.973994136,0.0142713543,-0.0086580636,-0.756440043,0.653850019,0.00751249213,-0.0399146155,0.00528016035,0.166076809,-0.14103733,0.00409625843,0.0624479279,-0.0377824157,0.257097214,-0.0373039283,0.124946684,-0.248467803,1.10532033,0.0488716736,0.940454185,0.0457514115,-0.17313163,0.553437412,1.07802832
-0.150023699,-0.402348459,0.974046886,0.0147209158,-0.00885963626,-0.752945065,0.657859027,0.00647870637,-0.0400164947,0.00769336196,0.162694916,-0.141278267,0.000923621468,0.0625271276,-0.0380319729,0.257859647,-0.0371048115,0.124184877,-0.251608521,1.12963605,0.0600167029,0.942264557,0.0465847552,-0.172083661,0.5539608,1.07680881
-0.150469989,-0.402646244,0.974099696,0.0151700815,-0.00906096864,-0.749428332,0.661849618,0.00544492062,-0.0401183739,0.0101065636,0.159313008,-0.141519219,-0.00224901503,0.0626063272,-0.0382815339,0.25862208,-0.0369056948,0.123423077,-0.254749209,1.15395188,0.0711617321,0.944074929,0.0474181026,-0.171035707,0.554484248,1.0755893
-0.150916263,-0.402944058,0.974152446,0.0156188142,-0.00926204119,-0.745890379,0.665821195,0.00441113487,-0.0402202532,0.0125197647,0.155931115,-0.14176017,-0.00542165153,0.0626855344,-0.0385310911,0.259384513,-0.036706578,0.122661278,-0.257889897,1.1782676,0.0823067576,0.945885301,0.0482514463,-0.169987738,0.555007637,1.07436979
-0.151362553,-0.403241873,0.974205256,0.0160670727,-0.0094628362,-0.742331326,0.669773579,0.00337734888,-0.0403221324,0.0149329668,0.152549207,-0.142001107,-0.00859428942,0.062764734,-0.038780652,0.260146976,-0.0365074649,0.121899478,-0.261030614,1.20258343,0.0934517905,0.947695673,0.0490847938,-0.168939784,0.555531085,1.07315016
-0.151754752,-0.403497308,0.974274695,0.0164231714,-0.00962530728,-0.739044368,0.673387766,0.00226449128,-0.0402040333,0.0174130164,0.148918927,-0.141948521,-0.0114118708,0.0629670322,-0.0387544334,0.260323972,-0.0360502377,0.120985731,-0.263605833,1.22365975,0.103273541,0.949811518,0.0502620339,-0.167890742,0.555271685,1.07269263
-0.152039751,-0.403668702,0.974377275,0.0165972915,-0.00971220527,-0.736323118,0.676356792,0.000994928065,-0.0396499895,0.0200255439,0.144796401,-0.141314209,-0.0135257998,0.0634132996,-0.0381816812,0.259340703,-0.0350814797,0.11977087,-0.265060425,1.2383163,0.110472791,0.952532649,0.052120816,-0.166839555,0.553460956,1.07374537
-0.152324736,-0.403840095,0.974479854,0.0167711526,-0.00979894958,-0.733589768,0.679315031,-0.000274635095,-0.0390959457,0.0226380732,0.140673861,-0.140679896,-0.0156397279,0.0638595596,-0.037608929,0.258357465,-0.0341127254,0.118556,-0.266515017,1.25297272,0.117672041,0.95525378,0.0539796017,-0.165788367,0.551650286,1.07479799
-0.152609736,-0.404011488,0.974582434,0.0169447418,-0.00988553558,-0.730844378,0.682262242,-0.00154419849,-0.0385418981,0.0252506025,0.136551335,-0.140045583,-0.017753657,0.0643058196,-0.0370361768,0.257374227,-0.0331439711,0.117341138,-0.267969608,1.26762915,0.124871299,0.957974911,0.0558383837,-0.16473718,0.549839556,1.07585073
-0.15289472,-0.404182881,0.974684954,0.0171180516,-0.00997195859,-0.728087246,0.685198307,-0.00281376159,-0.0379878543,0.0278631318,0.13242881,-0.139411271,-0.019867586,0.064752087,-0.0364634246,0.256390989,-0.0321752168,0.116126269,-0.2694242,1.28228557,0.132070556,0.960696042,0.0576971658,-0.163685992,0.548028886,1.07690334
-0.15317972,-0.404354274,0.974787533,0.0172910746,-0.0100582149,-0.725318313,0.688122988,-0.00408332469,-0.0374338068,0.0304756593,0.12830627,-0.138776973,-0.021981515,0.065198347,-0.0358906724,0.255407721,-0.0312064625,0.114911407,-0.270878792,1.296942,0.139269799,0.963417232,0.0595559478,-0.16263482,0.546218157,1.07795596
-0.153298065,-0.404488266,0.974865317,0.0173683818,-0.0101239514,-0.723532498,0.689997613,-0.00548231695,-0.0372810178,0.0333269797,0.124045655,-0.138151184,-0.0232529901,0.0652417764,-0.0348958857,0.253963351,-0.0301080272,0.112809762,-0.272827178,1.3081485,0.145662546,0.965533912,0.0620503426,-0.161831662,0.543993354,1.07987714
-0.153394267,-0.40461728,0.974939764,0.017432902,-0.0101869199,-0.721874118,0.691729844,-0.00689850561,-0.037181545,0.0362100266,0.119766682,-0.137526527,-0.0244125295,0.0652316734,-0.0338450223,0.252457738,-0.0289923605,0.110590287,-0.274841219,1.31889641,0.151948139,0.967570305,0.0646291897,-0.161061451,0.541713476,1.08191359
-0.153490469,-0.404746324,0.97501421,0.0174973197,-0.0102498299,-0.720211565,0.69345808,-0.00831469521,-0.0370820686,0.0390930735,0.11548771,-0.13690187,-0.025572069,0.0652215779,-0.0327941589,0.250952095,-0.0278766956,0.108370818,-0.27685523,1.32964444,0.158233732,0.969606757,0.0672080368,-0.160291255,0.539433658,1.08395004
-0.153586671,-0.404875368,0.975088716,0.0175616406,-0.0103126811,-0.7185449,0.695182443,-0.00973088387,-0.0369825922,0.0419761203,0.111208737,-0.136277214,-0.0267316103,0.0652114823,-0.0317432955,0.249446452,-0.0267610308,0.10615135,-0.278869271,1.34039247,0.164519325,0.97164315,0.0697868839,-0.159521043,0.53715378,1.0859865
-0.153682873,-0.405004382,0.975163162,0.0176258609,-0.0103754718,-0.716874063,0.696902692,-0.0111470725,-0.0368831195,0.0448591709,0.106929764,-0.135652557,-0.0278911497,0.0652013794,-0.0306924339,0.247940823,-0.0256453641,0.103931881,-0.280883282,1.3511405,0.170804903,0.973679543,0.0723657385,-0.158750832,0.534873962,1.08802307
-0.153694376,-0.40513435,0.975205362,0.0176309068,-0.0103241662,-0.715637028,0.698173583,-0.0124811316,-0.0368662961,0.0476738177,0.102811784,-0.135133445,-0.0289092008,0.0651710629,-0.0296607725,0.246426314,-0.0244815592,0.101598337,-0.282133758,1.35959387,0.17614758,0.975095987,0.0748123825,-0.158017233,0.532587588,1.08993292
-0.153593615,-0.40526557,0.975204766,0.0175576396,-0.0101217125,-0.714978397,0.698852777,-0.0137063488,-0.0369590111,0.050397817,0.0989071503,-0.134754181,-0.0297397487,0.0651139468,-0.0286545604,0.244900063,-0.0232539605,0.0991136283,-0.282372326,1.36500633,0.180240661,0.975690901,0.0770838261,-0.157332137,0.53029269,1.09167492
-0.153492853,-0.405396789,0.97520411,0.0174843576,-0.00991924945,-0.714319229,0.699531376,-0.014931567,-0.0370517261,0.0531218201,0.0950025097,-0.134374917,-0.0305702966,0.0650568306,-0.0276483484,0.243373796,-0.0220263619,0.0966289192,-0.282610893,1.37041867,0.184333757,0.976285756,0.0793552771,-0.156647027,0.527997792,1.09341705
-0.153392091,-0.405527979,0.975203514,0.0174110532,-0.0097167762,-0.713659286,0.70020926,-0.0161567852,-0.0371444412,0.0558458194,0.0910978764,-0.133995652,-0.0314008445,0.064999707,-0.0266421344,0.24184753,-0.0207987633,0.0941442102,-0.282849461,1.37583113,0.188426837,0.97688067,0.0816267282,-0.155961931,0.525702834,1.09515917
-0.15329133,-0.405659199,0.975202918,0.0173377357,-0.00951429363,-0.712998688,0.700886488,-0.0173820015,-0.0372371525,0.0585698187,0.0871932432,-0.133616403,-0.0322313942,0.0649425909,-0.0256359223,0.240321279,-0.0195711665,0.0916595012,-0.283088028,1.38124347,0.192519918,0.977475524,0.0838981718,-0.155276835,0.523407936,1.09690118
-0.153190568,-0.405790418,0.975202322,0.0172644034,-0.00931180362,-0.712337434,0.70156306,-0.0186072197,-0.0373298675,0.0612938218,0.0832886025,-0.133237138,-0.0330619402,0.0648854747,-0.0246297102,0.238795012,-0.0183435678,0.0891747922,-0.283326596,1.38665593,0.196613014,0.978070438,0.0861696228,-0.154591724,0.521113038,1.0986433
-0.152976558,-0.405811191,0.975009322,0.01703557,-0.00942076836,-0.712604225,0.701296151,-0.0192682315,-0.0384497344,0.0633292124,0.0819978416,-0.134115905,-0.0332909673,0.0639147386,-0.0246645175,0.240589723,-0.0187925417,0.0880695656,-0.277787387,1.37882268,0.196630523,0.967690527,0.0903947726,-0.154904976,0.517773986,1.09289026
-0.152759939,-0.405829459,0.974811792,0.0168031473,-0.0095369285,-0.712892413,0.701007307,-0.0199162066,-0.0395933315,0.0653486922,0.0807674751,-0.135023758,-0.0335060991,0.062922895,-0.0247233771,0.242461175,-0.0192802548,0.0869962052,-0.272114694,1.37068355,0.196553886,0.957057118,0.0946650654,-0.155241296,0.514410794,1.08696413
-0.152543306,-0.405847698,0.974614322,0.0165707134,-0.00965308491,-0.713180304,0.700718284,-0.0205641817,-0.0407369323,0.0673681647,0.0795371085,-0.135931596,-0.0337212272,0.0619310476,-0.0247822367,0.244332612,-0.019767968,0.0859228447,-0.266442001,1.3625443,0.196477234,0.946423709,0.0989353582,-0.155577615,0.511047602,1.081038
-0.152326688,-0.405865937,0.974416852,0.0163382795,-0.00976924133,-0.713468134,0.700429082,-0.0212121569,-0.0418805294,0.0693876445,0.078306742,-0.136839435,-0.033936359,0.0609392002,-0.0248410963,0.246204063,-0.0202556793,0.0848494917,-0.260769308,1.35440516,0.196400583,0.9357903,0.103205644,-0.155913934,0.507684469,1.07511187
-0.15211007,-0.405884176,0.974219382,0.0161058418,-0.00988539401,-0.713755727,0.700139821,-0.021860132,-0.0430241302,0.0714071244,0.0770763755,-0.137747288,-0.0341514871,0.0599473529,-0.0248999577,0.2480755,-0.0207433924,0.0837761313,-0.255096614,1.34626591,0.196323931,0.925156832,0.107475936,-0.156250253,0.504321277,1.06918573
-0.15191865,-0.405890524,0.973984897,0.0157421976,-0.00976150203,-0.714644134,0.699243009,-0.0217294991,-0.0435942076,0.0724288374,0.077088967,-0.139009431,-0.033877369,0.0595162623,-0.0254163519,0.250179857,-0.021290781,0.0808900446,-0.245376661,1.32513702,0.189767599,0.916692853,0.111172155,-0.155388832,0.501429439,1.06352377
-0.151750058,-0.405886054,0.973716974,0.0152596775,-0.00942018814,-0.716074288,0.697793722,-0.0208937526,-0.0436449051,0.0725469664,0.0782271922,-0.140592441,-0.0331601873,0.0595929958,-0.0263470933,0.25249517,-0.0218922123,0.0763623342,-0.2319915,1.29224443,0.177343205,0.910193503,0.114348486,-0.153442711,0.498964429,1.05810118
-0.151581466,-0.405881613,0.973449051,0.0147770829,-0.00907883048,-0.717501223,0.696341395,-0.020058006,-0.0436956026,0.0726650879,0.0793654174,-0.142175451,-0.0324430019,0.0596697256,-0.0272778366,0.254810482,-0.0224936437,0.0718346313,-0.218606338,1.25935197,0.16491881,0.903694212,0.11752481,-0.151496604,0.496499419,1.05267847
-0.151412874,-0.405877173,0.973181129,0.0142944213,-0.00873742905,-0.71892494,0.69488585,-0.0192222595,-0.0437463,0.0727832168,0.08050365,-0.143758461,-0.0317258164,0.0597464591,-0.028208578,0.257125765,-0.023095075,0.0673069209,-0.205221176,1.22645938,0.152494416,0.897194862,0.120701142,-0.149550483,0.49403441,1.04725587
-0.151244283,-0.405872732,0.972913206,0.0138116973,-0.00839599129,-0.720345438,0.693427265,-0.018386513,-0.0437969975,0.0729013458,0.0816418752,-0.145341456,-0.0310086329,0.0598231927,-0.0291393213,0.259441078,-0.0236965064,0.062779218,-0.191836014,1.19356692,0.140070021,0.890695512,0.123877473,-0.147604376,0.4915694,1.04183316
-0.151061103,-0.405854821,0.972644866,0.0133603262,-0.00802818872,-0.721842706,0.691881657,-0.0173953865,-0.0438578576,0.0728041381,0.0829547793,-0.146975115,-0.0302104,0.0598805472,-0.0302354004,0.261850089,-0.0243999902,0.0577837229,-0.178976759,1.15965402,0.126636311,0.885187268,0.126614124,-0.14582698,0.489516854,1.03631997
-0.150690138,-0.405664086,0.972371101,0.0133129172,-0.00732147787,-0.724363685,0.689250648,-0.0144050894,-0.0440494865,0.0699363872,0.0865151659,-0.149260491,-0.0283693448,0.0596885979,-0.0334587693,0.265464962,-0.0264164992,0.0467695445,-0.172884107,1.11261272,0.100216515,0.892430425,0.123693697,-0.146220401,0.492771,1.02964175
-0.150319174,-0.405473351,0.972097337,0.0132653229,-0.00661463384,-0.726874828,0.686609983,-0.0114147933,-0.0442411155,0.0670686439,0.0900755525,-0.151545852,-0.0265282895,0.0594966449,-0.0366821401,0.269079804,-0.02843301,0.0357553624,-0.166791454,1.06557155,0.0737967193,0.899673641,0.120773263,-0.146613821,0.496025175,1.02296352
-0.149948224,-0.405282617,0.971823573,0.0132175451,-0.00590768596,-0.729375958,0.683959901,-0.00842449721,-0.0444327444,0.0642009005,0.0936359391,-0.153831214,-0.0246872362,0.0593046956,-0.0399055108,0.272694677,-0.0304495208,0.0247411821,-0.160698816,1.01853037,0.0473769195,0.906916857,0.117852837,-0.147007257,0.49927932,1.01628518
-0.14957726,-0.405091882,0.971549809,0.0131695867,-0.00520066405,-0.731867075,0.681300402,-0.00543420156,-0.0446243696,0.0613331534,0.0971963182,-0.156116575,-0.0228461809,0.0591127425,-0.0431288816,0.27630952,-0.0324660316,0.0137270018,-0.154606164,0.971489131,0.0209571235,0.914160073,0.11493241,-0.147400677,0.502533495,1.00960696
-0.149206296,-0.404901117,0.971276045,0.0131214447,-0.00449359603,-0.734347939,0.678631604,-0.00244390545,-0.0448159985,0.0584654063,0.100756705,-0.158401936,-0.0210051276,0.0589207932,-0.0463522524,0.279924393,-0.0344825424,0.00271282182,-0.148513511,0.924447894,-0.0054626707,0.921403229,0.112011984,-0.147794098,0.505787671,1.00292873
-0.148798645,-0.404491991,0.971066296,0.0131096961,-0.00361621007,-0.736780047,0.675995767,0.000297709455,-0.0446228236,0.0551195368,0.104215331,-0.160078451,-0.0194227733,0.0591688789,-0.0495152622,0.282489777,-0.0360135511,-0.005964112,-0.145082355,0.878744841,-0.0310651362,0.934781671,0.107740261,-0.148768142,0.510593235,0.996752322
-0.148368433,-0.403948694,0.970895886,0.0131202312,-0.00263412716,-0.739178538,0.67337662,0.00288656168,-0.0441932678,0.0514799617,0.107611448,-0.161380932,-0.017999338,0.0596872829,-0.0526411943,0.284410536,-0.0372463204,-0.0132052964,-0.143286154,0.833863795,-0.0561655164,0.951928854,0.102638453,-0.150098845,0.516351819,0.990884125
-0.147938237,-0.403405398,0.970725477,0.0131305903,-0.0016519794,-0.741567075,0.670748234,0.00547541352,-0.043763712,0.0478403866,0.111007564,-0.162683427,-0.0165759027,0.0602056831,-0.0557671264,0.286331266,-0.0384790897,-0.0204464812,-0.141489938,0.788982749,-0.0812658966,0.969076097,0.0975366458,-0.151429549,0.522110403,0.985015988
-0.14750804,-0.402862102,0.970555127,0.0131407706,-0.000669806264,-0.743945539,0.668110728,0.00806426536,-0.0433341525,0.0442008115,0.11440368,-0.163985908,-0.0151524683,0.0607240833,-0.0588930584,0.288251996,-0.0397118591,-0.0276876651,-0.139693737,0.744101703,-0.106366277,0.98622328,0.092434831,-0.152760252,0.527868986,0.979147851
-0.147077829,-0.402318805,0.970384717,0.0131507711,0.000312352466,-0.74631387,0.665464163,0.0106531177,-0.0429045968,0.0405612364,0.117799804,-0.165288404,-0.0137290321,0.0612424873,-0.0620189905,0.290172756,-0.0409446284,-0.0349288508,-0.137897521,0.699220657,-0.131466657,1.00337052,0.0873330235,-0.154090956,0.533627629,0.973279715
-0.146665439,-0.401764095,0.970264018,0.0131451208,0.00132080889,-0.748596132,0.662894607,0.0130480016,-0.0423227511,0.0371711925,0.12069802,-0.166231558,-0.0123049989,0.0619126298,-0.0648066252,0.291440487,-0.0418311507,-0.041633334,-0.136171877,0.656311572,-0.155413494,1.0201633,0.0823796913,-0.155184254,0.538944483,0.968383551
-0.14634198,-0.401152313,0.97039175,0.0130620422,0.00246087392,-0.750491679,0.660746276,0.0144740995,-0.0409802981,0.0350274555,0.121109441,-0.165379986,-0.0108779781,0.0633406565,-0.0659046024,0.289446801,-0.0409883261,-0.0456572361,-0.134798616,0.623251617,-0.173598841,1.03518617,0.0781679079,-0.155091748,0.542055309,0.968342304
-0.146018535,-0.40054056,0.970519483,0.012978835,0.00360094919,-0.752380073,0.658591568,0.0159001984,-0.0396378487,0.0328837149,0.121520862,-0.16452843,-0.00945095625,0.0647686794,-0.0670025796,0.287453115,-0.0401454978,-0.0496811382,-0.13342537,0.590191662,-0.191784203,1.05020893,0.0739561319,-0.154999256,0.545166135,0.968300998
-0.145695075,-0.399928808,0.970647156,0.012895504,0.00474100281,-0.754261374,0.656430542,0.0173262954,-0.0382953957,0.030739978,0.121932283,-0.163676858,-0.00802393444,0.0661967024,-0.0681005567,0.285459429,-0.0393026695,-0.0537050404,-0.132052124,0.557131708,-0.20996955,1.0652318,0.0697443485,-0.154906765,0.548276961,0.968259692
-0.145371631,-0.399317056,0.970774889,0.0128120519,0.00588100078,-0.756135464,0.654263318,0.0187523942,-0.0369529426,0.0285962392,0.122343704,-0.162825301,-0.0065969131,0.0676247254,-0.0691985339,0.283465743,-0.0384598449,-0.0577289388,-0.130678877,0.524071813,-0.228154913,1.08025455,0.0655325726,-0.154814258,0.551387787,0.968218386
-0.145048171,-0.398705274,0.970902622,0.0127284788,0.00702091213,-0.758002281,0.652089894,0.0201784912,-0.0356104895,0.0264525004,0.122755125,-0.161973745,-0.00516989175,0.0690527558,-0.0702965036,0.281472057,-0.0376170166,-0.0617528409,-0.129305631,0.491011858,-0.24634026,1.09527731,0.0613207929,-0.154721767,0.554498613,0.96817708
-0.144594118,-0.39824751,0.971108258,0.0124162361,0.00786148664,-0.759951353,0.64981389,0.0220735725,-0.0344768539,0.0255836882,0.122665286,-0.161671937,-0.00308488938,0.0702341646,-0.0705055892,0.279342711,-0.0368354134,-0.0662519485,-0.124174818,0.466247886,-0.258429229,1.10431147,0.0587435253,-0.16277805,0.545424402,0.950289786
-0.144087791,-0.397851378,0.971345186,0.012012383,0.00858224183,-0.761928797,0.647492647,0.0241563562,-0.0334267952,0.0252251402,0.122374825,-0.161590174,-0.000736542046,0.0713168755,-0.0703589097,0.277159095,-0.0360783152,-0.0709412545,-0.117540129,0.444804221,-0.268078208,1.11094856,0.0568204373,-0.17409572,0.531473339,0.925260007
-0.143581465,-0.397455245,0.971582055,0.0116083995,0.00930292439,-0.763898551,0.645164847,0.02623914,-0.0323767327,0.0248665921,0.122084357,-0.161508411,0.00161180482,0.0723995864,-0.0702122301,0.274975449,-0.0353212133,-0.0756305531,-0.110905439,0.423360586,-0.277727216,1.11758578,0.0548973493,-0.185413405,0.517522275,0.900230169
-0.143075123,-0.397059083,0.971818984,0.0112043014,0.0100235147,-0.765860736,0.642830729,0.0283219218,-0.0313266739,0.0245080441,0.121793896,-0.161426648,0.00396015169,0.0734822974,-0.0700655505,0.272791833,-0.0345641151,-0.0803198591,-0.104270749,0.401916921,-0.287376225,1.12422299,0.0529742651,-0.196731076,0.503571212,0.875200391
-0.142568797,-0.396662951,0.972055852,0.0108001009,0.0107439933,-0.767815292,0.640490234,0.0304047056,-0.0302766133,0.0241494961,0.121503435,-0.161344886,0.00630849926,0.0745650157,-0.0699188709,0.270608187,-0.0338070132,-0.0850091651,-0.0976360515,0.380473286,-0.297025204,1.13086021,0.0510511771,-0.208048746,0.489620119,0.850170553
-0.142059699,-0.396342814,0.972321033,0.010339329,0.0115570761,-0.76961571,0.638319075,0.03226934,-0.0289633125,0.0240596943,0.120593287,-0.160952389,0.00845847558,0.0759036243,-0.0693717897,0.267635733,-0.0325310379,-0.0889568403,-0.0913217813,0.360843092,-0.306120008,1.13658094,0.0488932133,-0.219757468,0.476592153,0.826333046
-0.141542777,-0.396237284,0.972665966,0.00971899088,0.0126319658,-0.770997047,0.636639237,0.0335179493,-0.0269066673,0.0247287825,0.117933251,-0.159682408,0.010048287,0.0779648498,-0.0676940456,0.262435794,-0.0297898445,-0.0908103064,-0.085912317,0.346333891,-0.313649774,1.13971388,0.04607201,-0.232570469,0.466170847,0.805862367
-0.141025856,-0.396131754,0.973010957,0.00909858104,0.0137067959,-0.772373617,0.634955347,0.0347665623,-0.0248500202,0.0253978726,0.115273222,-0.158412442,0.0116380993,0.0800260827,-0.066016309,0.257235855,-0.0270486493,-0.0926637724,-0.0805028528,0.33182469,-0.321179569,1.14284694,0.0432508029,-0.245383471,0.455749512,0.785391748
-0.140508935,-0.396026224,0.973355949,0.00847811066,0.0147815468,-0.773745358,0.633267522,0.0360151753,-0.022793375,0.0260669608,0.112613186,-0.15714246,0.0132279117,0.0820873082,-0.0643385649,0.252035886,-0.024307454,-0.0945172384,-0.0750933886,0.317315489,-0.328709364,1.14597988,0.0404295959,-0.258196473,0.445328206,0.764921069
-0.139992014,-0.395920694,0.973700881,0.00785759091,0.015856199,-0.775112271,0.631575704,0.0372637883,-0.0207367297,0.026736049,0.10995315,-0.155872494,0.0148177231,0.0841485336,-0.0626608282,0.246835947,-0.0215662606,-0.0963707045,-0.0696839243,0.302806288,-0.336239129,1.14911282,0.0376083925,-0.271009475,0.4349069,0.74445039
-0.139475092,-0.395815164,0.974045873,0.00723703392,0.0169307292,-0.776474237,0.629880011,0.0385124013,-0.0186800845,0.0274051391,0.107293122,-0.154602513,0.0164075345,0.0862097666,-0.0609830879,0.241636008,-0.0188250653,-0.098224178,-0.0642744601,0.288297087,-0.343768924,1.15224588,0.0347871855,-0.283822477,0.424485564,0.723979712
-0.139083147,-0.395882577,0.974392593,0.00590097997,0.0181468334,-0.777318537,0.628817737,0.0403945707,-0.0151251564,0.0294618253,0.10408929,-0.153594241,0.0181680191,0.089569211,-0.0574827306,0.235212862,-0.0157055929,-0.101813383,-0.056209404,0.280521929,-0.350713015,1.15662742,0.0146612199,-0.314620554,0.393272221,0.6904217
-0.138720721,-0.395990849,0.97473973,0.00439580856,0.0193963479,-0.778037667,0.627902806,0.0424264446,-0.0112161906,0.0318463929,0.100756973,-0.152647808,0.0199688319,0.0932354107,-0.0535517,0.228500694,-0.012496734,-0.105812743,-0.0475168452,0.274338007,-0.357518733,1.161304,-0.00955378078,-0.349668413,0.357145786,0.653771162
-0.138358295,-0.39609915,0.975086868,0.00289059989,0.0206457712,-0.778752744,0.626984596,0.0444583185,-0.0073072263,0.0342309624,0.0974246487,-0.151701361,0.0217696447,0.0969016179,-0.0496206693,0.221788526,-0.00928787608,-0.109812103,-0.03882429,0.268154055,-0.36432445,1.1659807,-0.0337687768,-0.384716272,0.321019381,0.617120624
-0.137995884,-0.396207422,0.975434005,0.0013853776,0.0218950901,-0.779463828,0.626063168,0.0464901924,-0.00339826173,0.0366155319,0.0940923244,-0.150754929,0.0235704575,0.100567825,-0.0456896387,0.215076342,-0.00607901812,-0.113811456,-0.030131733,0.261970133,-0.371130139,1.17065728,-0.0579837747,-0.419764131,0.284892946,0.580470085
-0.137633458,-0.396315724,0.975781202,-0.000119835488,0.0231442787,-0.780170798,0.625138402,0.0485220663,0.00051070418,0.0390001014,0.0907600075,-0.149808481,0.0253712721,0.104234032,-0.0417586043,0.208364174,-0.00287015876,-0.117810816,-0.0214391742,0.25578621,-0.377935857,1.17533386,-0.0821987838,-0.45481199,0.248766527,0.543819547
-0.137144059,-0.396539122,0.97613132,-0.00160222722,0.0244882274,-0.780618072,0.624526381,0.0503130518,0.00442452263,0.0413288623,0.0874130279,-0.148992434,0.0268986672,0.107896619,-0.0379163139,0.201759294,0.000316443387,-0.119767293,-0.0141416267,0.25003764,-0.384305537,1.1802783,-0.106421128,-0.490278959,0.216776028,0.524074852
-0.136425167,-0.39697057,0.976486921,-0.00304343435,0.0260035992,-0.780599773,0.624482632,0.0516686812,0.00834711455,0.0435567647,0.0840395838,-0.148412034,0.0279319249,0.111552685,-0.0342344008,0.195348307,0.00346282357,-0.11803174,-0.00936522894,0.245075881,-0.389887214,1.18570673,-0.130656764,-0.526503325,0.192260265,0.53488338
-0.135706291,-0.397402048,0.976842523,-0.00448464556,0.0275188722,-0.780578077,0.62443614,0.0530243106,0.0122697065,0.0457846671,0.0806661323,-0.147831634,0.0289651807,0.115208745,-0.0305524897,0.188937306,0.00660920376,-0.116296187,-0.00458883215,0.240114123,-0.395468891,1.19113505,-0.154892385,-0.56272769,0.167744502,0.545691907
-0.134987399,-0.397833496,0.977198184,-0.00592584163,0.0290340353,-0.780553043,0.624386907,0.05437994,0.0161922984,0.0480125733,0.0772926807,-0.147251219,0.0299984384,0.118864805,-0.0268705767,0.18252632,0.00975558441,-0.114560634,0.000187565223,0.235152379,-0.401050568,1.19656348,-0.179128021,-0.598952115,0.143228725,0.556500494
-0.134268522,-0.398264974,0.977553785,-0.00736700371,0.0305490568,-0.780524433,0.624334931,0.0557355732,0.0201148894,0.0502404757,0.0739192292,-0.146670818,0.0310316961,0.122520864,-0.0231886636,0.176115334,0.0129019637,-0.112825088,0.0049639619,0.23019062,-0.406632245,1.2019918,-0.203363657,-0.63517648,0.118712962,0.567309022
-0.133549631,-0.398696423,0.977909386,-0.0088081127,0.0320639238,-0.780492544,0.624280214,0.0570912026,0.0240374822,0.0524683781,0.0705457777,-0.146090418,0.0320649557,0.126176924,-0.0195067506,0.169704348,0.0160483439,-0.111089535,0.00974035822,0.225228861,-0.412213892,1.20742023,-0.227599293,-0.671400845,0.0941971987,0.578117549
-0.132743523,-0.399323493,0.978198528,-0.00999624934,0.0333003141,-0.780216038,0.62454313,0.0584119558,0.0269371197,0.0547455326,0.0671010688,-0.144598708,0.0326240733,0.128852174,-0.0160906799,0.164081022,0.0188748557,-0.109012082,0.0140849482,0.220630974,-0.412082255,1.21188486,-0.247316301,-0.707584798,0.0683070496,0.604430795
-0.131928101,-0.399971426,0.978480577,-0.011157373,0.0345069095,-0.779911518,0.624838293,0.0597289912,0.0297275856,0.0570279397,0.0636487529,-0.143009737,0.0331325941,0.131422743,-0.0127029829,0.158541754,0.0216672271,-0.106898144,0.0183834545,0.216071904,-0.411340863,1.2162466,-0.266551048,-0.74376446,0.0422702283,0.632398665
-0.13111268,-0.400619388,0.978762686,-0.0123184705,0.0357134081,-0.779604614,0.625131607,0.0610460266,0.0325180516,0.0593103506,0.0601964332,-0.141420767,0.0336411148,0.133993298,-0.00931528397,0.153002471,0.0244596004,-0.104784198,0.0226819608,0.211512849,-0.41059947,1.22060835,-0.285785824,-0.779944062,0.0162334014,0.660366535
-0.130297258,-0.40126732,0.979044735,-0.0134795289,0.0369197987,-0.779295325,0.625423074,0.0623630583,0.0353085138,0.0615927577,0.056744121,-0.139831796,0.0341496356,0.136563867,-0.00592758553,0.147463202,0.0272519737,-0.10267026,0.0269804653,0.206953779,-0.409858078,1.2249701,-0.305020601,-0.816123724,-0.009803419,0.688334465
-0.129481837,-0.401915252,0.979326844,-0.0146405408,0.0381260701,-0.778983831,0.625712693,0.06368009,0.0380989797,0.0638751686,0.0532918014,-0.138242841,0.0346581563,0.139134437,-0.00253988663,0.141923934,0.0300443489,-0.100556321,0.0312789716,0.202394709,-0.409116685,1.22933185,-0.324255377,-0.852303326,-0.0358402506,0.716302335
-0.128708243,-0.402517587,0.979597509,-0.0156765524,0.0392164886,-0.778552651,0.626156628,0.0647556558,0.0405342765,0.0661343932,0.0494004004,-0.136253536,0.0348652191,0.141457602,0.000586587237,0.136711344,0.0325681381,-0.0983866155,0.0346834101,0.198079124,-0.408261359,1.23346758,-0.341715038,-0.885063112,-0.0588443168,0.743535399
-0.127985612,-0.403064311,0.979854345,-0.0165603887,0.0401658937,-0.777976692,0.626789331,0.065537177,0.042537082,0.0683653876,0.0449743234,-0.133776739,0.0347052068,0.143479481,0.00339497067,0.131896555,0.0347648822,-0.0961490124,0.0369991437,0.194060028,-0.407267302,1.23732841,-0.357013226,-0.913658559,-0.0781554207,0.769873619
-0.127262965,-0.403611064,0.980111122,-0.0174441896,0.0411152132,-0.777398825,0.627420545,0.0663186982,0.0445398875,0.070596382,0.0405482426,-0.131299943,0.0345451944,0.145501375,0.00620335434,0.127081767,0.0369616263,-0.0939114094,0.039314881,0.190040931,-0.406273246,1.24118912,-0.372311383,-0.942254007,-0.0974665284,0.796211839
-0.126540318,-0.404157817,0.980367959,-0.0183279477,0.0420644246,-0.776818991,0.628050148,0.0671002269,0.0465426929,0.0728273764,0.0361221656,-0.128823161,0.0343851782,0.147523254,0.009011738,0.122266971,0.0391583666,-0.0916737989,0.0416306183,0.18602182,-0.405279189,1.24504983,-0.387609571,-0.970849395,-0.116777636,0.822550118
-0.125817686,-0.404704571,0.980624795,-0.0192116592,0.0430135354,-0.776237369,0.628678322,0.0678817481,0.0485454984,0.0750583783,0.0316960886,-0.126346365,0.0342251658,0.149545148,0.0118201217,0.117452174,0.0413551107,-0.0894361958,0.0439463519,0.182002723,-0.404285163,1.24891055,-0.402907729,-0.999444842,-0.136088744,0.848888338
-0.12509504,-0.405251324,0.980881631,-0.0200953186,0.0439625345,-0.775653839,0.629304945,0.0686632693,0.0505483039,0.0772893727,0.0272700097,-0.123869576,0.0340651497,0.151567027,0.0146285044,0.112637386,0.0435518511,-0.0871985927,0.0462620892,0.177983627,-0.403291106,1.25277126,-0.418205887,-1.02804029,-0.155399844,0.875226557
-0.124613203,-0.405770451,0.980963945,-0.0208050571,0.0445190482,-0.774674952,0.630447567,0.0685573667,0.052190911,0.0800483078,0.0231569,-0.12208201,0.0332062021,0.153237641,0.0166224781,0.109909944,0.0451802053,-0.0854156688,0.0495875105,0.175323799,-0.404076219,1.25572252,-0.425024033,-1.03516269,-0.161879599,0.877775788
-0.124131776,-0.406289548,0.981046021,-0.0215144362,0.0450747348,-0.773692846,0.631589115,0.0684499219,0.0538328961,0.0828081593,0.0190443322,-0.120295629,0.0323460437,0.154907644,0.0186150372,0.107186124,0.0468075685,-0.0836335346,0.0529146791,0.172666341,-0.404864401,1.25867224,-0.431827456,-1.04224789,-0.168337107,0.880283713
-0.123650357,-0.406808615,0.981128037,-0.022223752,0.0456302986,-0.772708416,0.632728755,0.0683424771,0.0554748774,0.0855680108,0.0149317654,-0.118509255,0.0314858854,0.156577632,0.0206075981,0.104462303,0.0484349355,-0.0818514004,0.0562418513,0.170008868,-0.405652612,1.26162207,-0.438630879,-1.04933321,-0.174794629,0.882791638
-0.123168938,-0.407327682,0.981210113,-0.0229330007,0.0461857207,-0.771721661,0.633866489,0.0682350323,0.0571168587,0.0883278698,0.0108191986,-0.116722874,0.0306257252,0.158247635,0.022600159,0.101738483,0.0500622988,-0.0800692588,0.0595690235,0.16735141,-0.406440794,1.26457179,-0.445434302,-1.05641842,-0.181252137,0.885299623
-0.122687519,-0.407846779,0.981292188,-0.0236421693,0.0467409939,-0.770732522,0.635002255,0.0681275874,0.05875884,0.0910877213,0.00670663174,-0.114936501,0.0297655668,0.159917638,0.0245927181,0.0990146622,0.0516896658,-0.0782871246,0.0628961921,0.164693937,-0.407229006,1.2675215,-0.452237725,-1.06350362,-0.187709644,0.887807548
-0.12241257,-0.40814665,0.981310606,-0.0243657399,0.047058478,-0.769585311,0.636341393,0.067932792,0.0602904819,0.0939182118,0.00308177993,-0.113746509,0.0285639726,0.161420375,0.0261684731,0.097388804,0.052847065,-0.0776696056,0.066474542,0.162531585,-0.408895314,1.26874006,-0.456342757,-1.05587423,-0.190358564,0.863527298
-0.122309573,-0.408264011,0.981276035,-0.0251012705,0.0471778587,-0.768305302,0.637848854,0.067665264,0.0617302321,0.0968075395,-0.000136911127,-0.113053165,0.0270780399,0.162783831,0.0273971166,0.0966773033,0.0536130816,-0.0780219436,0.070262067,0.160781533,-0.41129294,1.26851702,-0.458200663,-1.03599095,-0.189835742,0.816938341
-0.122206576,-0.408381343,0.981241465,-0.0258367024,0.0472970381,-0.767021835,0.639353573,0.067397736,0.063169986,0.0996968597,-0.0033556025,-0.112359829,0.0255921073,0.164147288,0.0286257621,0.0959658027,0.0543791018,-0.078374289,0.074049592,0.159031495,-0.413690567,1.26829398,-0.46005854,-1.01610756,-0.189312935,0.770349383
-0.122103579,-0.408498675,0.981206954,-0.026572017,0.047416009,-0.765734971,0.640855432,0.0671302006,0.0646097362,0.102586187,-0.00657429406,-0.111666493,0.0241061747,0.165510759,0.0298544075,0.095254302,0.0551451221,-0.0787266269,0.077837117,0.157281443,-0.416088164,1.26807094,-0.461916447,-0.996224284,-0.188790128,0.723760486
-0.122000583,-0.408616036,0.981172383,-0.0273072086,0.0475347638,-0.764444709,0.642354369,0.0668626726,0.0660494864,0.105475508,-0.00979298446,-0.110973157,0.0226202421,0.166874215,0.031083053,0.0945428014,0.0559111387,-0.0790789723,0.0816246346,0.155531406,-0.41848579,1.2678479,-0.463774323,-0.97634095,-0.188267305,0.677171528
-0.121916644,-0.408722132,0.981132686,-0.0279491153,0.0475962982,-0.763090372,0.643930674,0.066506587,0.0672620609,0.108165257,-0.0128471507,-0.110278741,0.021144677,0.168008327,0.0321624838,0.0939189717,0.0566265881,-0.0791224316,0.0850064158,0.15367946,-0.42110166,1.26763415,-0.464353919,-0.955010355,-0.185636878,0.634096861
-0.122018695,-0.408718467,0.981042624,-0.0276819877,0.0471013412,-0.761138201,0.646284759,0.0652865022,0.0662582442,0.108907893,-0.0142961778,-0.109573834,0.0197702628,0.166905016,0.0317861252,0.0941504836,0.0568486489,-0.0761523321,0.0844296589,0.150833294,-0.425846934,1.26751125,-0.452462018,-0.919559777,-0.162444025,0.625308335
-0.122120738,-0.408714831,0.980952561,-0.0274145864,0.0466059148,-0.759178638,0.648632586,0.0640664175,0.0652544275,0.10965053,-0.0157452058,-0.108868919,0.0183958467,0.165801689,0.0314097665,0.0943819955,0.0570707135,-0.0731822327,0.0838528946,0.147987142,-0.430592209,1.26738822,-0.440570146,-0.884109199,-0.139251158,0.616519868
-0.122222789,-0.408711195,0.980862439,-0.0271469131,0.0461100228,-0.757211685,0.650974154,0.0628463328,0.0642506033,0.110393167,-0.017194232,-0.108164012,0.0170214325,0.164698377,0.0310334116,0.0946135074,0.057292778,-0.0702121332,0.0832761377,0.145140991,-0.435337484,1.26726532,-0.428678244,-0.848658621,-0.116058305,0.607731342
-0.122324832,-0.408707529,0.980772376,-0.0268789846,0.0456136949,-0.75523746,0.653309464,0.0616262481,0.0632467866,0.111135811,-0.01864326,-0.107459098,0.0156470165,0.163595051,0.030657053,0.0948450193,0.0575148389,-0.0672420338,0.0826993808,0.142294839,-0.440082759,1.2671423,-0.416786343,-0.813208044,-0.0928654522,0.598942816
-0.122426882,-0.408703893,0.980682313,-0.0266107991,0.0451169349,-0.753255963,0.655638397,0.0604061633,0.0622429699,0.111878447,-0.0200922862,-0.106754191,0.0142726023,0.162491739,0.0302806962,0.0950765312,0.0577369034,-0.0642719343,0.0821226165,0.139448687,-0.444828033,1.26701939,-0.404894471,-0.777757466,-0.069672592,0.59015435
-0.122762106,-0.408699721,0.980592966,-0.0259125754,0.0444743559,-0.750980377,0.658315301,0.0589272305,0.0601532869,0.111736789,-0.0210054591,-0.106307656,0.012645754,0.160480142,0.0293171424,0.0957936272,0.0577297285,-0.0589882769,0.0812134966,0.137084439,-0.4495489,1.26500273,-0.3910079,-0.739300013,-0.0422494859,0.603010297
-0.123228312,-0.408695221,0.980504036,-0.0249725021,0.0437494218,-0.748532653,0.661181748,0.0573028922,0.0574536584,0.111098409,-0.0216176324,-0.106006257,0.0108771101,0.157958344,0.0280237459,0.096783489,0.0575937927,-0.0524050444,0.0801176801,0.134990871,-0.454256028,1.26192248,-0.376000881,-0.699153483,-0.012450167,0.62802434
-0.123694509,-0.408690721,0.980415046,-0.0240320098,0.0430237725,-0.746073127,0.664038002,0.0556785539,0.05475403,0.110460028,-0.0222298075,-0.105704859,0.0091084661,0.155436546,0.0267303512,0.0977733582,0.0574578531,-0.0458218157,0.0790218636,0.132897317,-0.458963156,1.25884211,-0.360993862,-0.659007013,0.0173491482,0.653038383
-0.124160714,-0.40868625,0.980326056,-0.0230911393,0.0422974564,-0.743601918,0.666883826,0.0540542193,0.0520543978,0.109821647,-0.0228419807,-0.105403461,0.00733982259,0.152914748,0.0254369564,0.09876322,0.0573219173,-0.0392385833,0.0779260397,0.130803764,-0.463670313,1.25576186,-0.345986843,-0.618860483,0.0471484624,0.678052485
-0.12462692,-0.40868175,0.980237126,-0.0221499316,0.0415704921,-0.741119087,0.66971916,0.0524298809,0.0493547656,0.109183267,-0.0234541539,-0.105102055,0.00557117816,0.15039295,0.0241435599,0.0997530818,0.0571859777,-0.0326553509,0.0768302232,0.12871021,-0.468377441,1.25268149,-0.330979794,-0.578713953,0.0769477859,0.703066528
-0.125098884,-0.408676326,0.980143011,-0.0212102849,0.0408668779,-0.738740087,0.672416031,0.0508387946,0.0467255451,0.108591102,-0.0240997579,-0.10475751,0.00378617179,0.147905841,0.0229879506,0.100619696,0.0570891872,-0.0265526474,0.0759135932,0.127232373,-0.472455442,1.24915826,-0.316109896,-0.540775597,0.104800239,0.727974832
-0.125595793,-0.408666819,0.980026662,-0.0202783775,0.0402664281,-0.7368505,0.674550772,0.0493916348,0.0444010831,0.108198985,-0.0248900652,-0.104226224,0.00193033868,0.145568863,0.0224287473,0.100952804,0.057161849,-0.0225298982,0.0757725835,0.128419623,-0.473810166,1.24371803,-0.30183354,-0.512395144,0.124225691,0.752425313
-0.126092687,-0.408657342,0.979910314,-0.0193462577,0.039665591,-0.734954059,0.676679373,0.0479444712,0.0420766175,0.107806861,-0.0256803725,-0.103694931,7.45056677E-05,0.143231884,0.0218695458,0.101285912,0.0572345108,-0.0185071509,0.0756315812,0.129606888,-0.47516489,1.23827767,-0.287557155,-0.48401475,0.143651143,0.776875794
-0.126589596,-0.408647835,0.979793966,-0.0184139442,0.0390643738,-0.733050704,0.678801715,0.0464973114,0.0397521555,0.107414745,-0.0264706779,-0.103163637,-0.00178132753,0.14089489,0.0213103425,0.10161902,0.0573071688,-0.0144844018,0.0754905716,0.130794153,-0.476519614,1.23283744,-0.27328077,-0.455634326,0.163076594,0.801326275
-0.12708649,-0.408638328,0.979677618,-0.0174814668,0.0384627953,-0.731140435,0.680917501,0.0450501516,0.0374276899,0.107022621,-0.0272609852,-0.102632344,-0.00363716041,0.138557911,0.020751141,0.101952136,0.0573798306,-0.0104616545,0.0753495619,0.131981418,-0.477874339,1.22739708,-0.259004384,-0.427253902,0.182502046,0.825776756
-0.127583399,-0.408628821,0.979561269,-0.0165488515,0.0378608741,-0.72922349,0.683027029,0.0436029918,0.0351032279,0.106630504,-0.0280512925,-0.10210105,-0.00549299316,0.136220917,0.0201919377,0.102285244,0.0574524924,-0.0064389063,0.0752085522,0.133168682,-0.479229063,1.22195685,-0.244728014,-0.398873478,0.201927498,0.850227237
-0.12801449,-0.408696711,0.979432404,-0.0158109944,0.0373262763,-0.727734506,0.684660077,0.0426931642,0.0332397074,0.10647174,-0.0283917487,-0.101971179,-0.00691644941,0.134501427,0.0198586099,0.102741912,0.0571554489,-0.00489982218,0.0752886683,0.134396985,-0.480939716,1.21733999,-0.231739387,-0.377765059,0.217899442,0.870440245
-0.128421843,-0.408792496,0.979299009,-0.0151432948,0.0368158594,-0.726398349,0.686120093,0.0419770479,0.0315423571,0.1063971,-0.028570028,-0.101986021,-0.00818402972,0.133004546,0.0196067132,0.10324312,0.0567251295,-0.00425611762,0.0754485056,0.135640115,-0.482778668,1.21302009,-0.219214991,-0.359278232,0.232626379,0.889125586
-0.128829211,-0.40888828,0.979165614,-0.0144755254,0.0363052748,-0.725058854,0.687577009,0.0412609354,0.0298450068,0.106322467,-0.0287483092,-0.102000855,-0.00945161097,0.13150768,0.0193548147,0.103744328,0.05629481,-0.00361241284,0.0756083429,0.136883229,-0.484617651,1.20870018,-0.206690609,-0.340791434,0.247353315,0.907810867
-0.129236579,-0.408984065,0.979032159,-0.0138076851,0.0357945189,-0.723716021,0.689030707,0.0405448228,0.0281476583,0.106247827,-0.0289265905,-0.102015696,-0.0107191913,0.130010799,0.0191029161,0.104245536,0.0558644868,-0.00296870829,0.0757681802,0.138126343,-0.486456603,1.20438027,-0.194166228,-0.322304606,0.262080252,0.926496208
-0.129643947,-0.40907985,0.978898764,-0.0131397871,0.0352836028,-0.72236979,0.690481186,0.0398287065,0.026450308,0.106173195,-0.0291048717,-0.102030538,-0.0119867725,0.128513917,0.0188510194,0.104746744,0.0554341674,-0.00232500327,0.0759280175,0.139369458,-0.488295555,1.20006037,-0.181641847,-0.303817809,0.276807189,0.945181549
-0.130051672,-0.409159452,0.978768468,-0.0124905845,0.0348085761,-0.721173108,0.691767097,0.039130982,0.0248865355,0.105989598,-0.0290895738,-0.10201405,-0.0131613258,0.127150655,0.0186417513,0.10510949,0.0550840348,-0.00203764788,0.0758672953,0.140596539,-0.490404397,1.19599938,-0.170072168,-0.286729455,0.2909275,0.961823463
-0.130460322,-0.409197986,0.97864598,-0.0118889837,0.0344250724,-0.720362782,0.692640722,0.038479995,0.0236622412,0.105529085,-0.0285823084,-0.10191796,-0.0140994564,0.126126975,0.0185408276,0.105120331,0.0549377054,-0.00265593641,0.0752460361,0.14178282,-0.49319914,1.19259644,-0.160928831,-0.273195207,0.303506017,0.973272324
-0.130868971,-0.409236521,0.978523433,-0.0112873539,0.0340414941,-0.719551027,0.693512917,0.037829008,0.022437945,0.105068564,-0.0280750412,-0.10182187,-0.0150375869,0.125103295,0.018439902,0.105131172,0.054791376,-0.00327422493,0.0746247694,0.142969117,-0.495993882,1.18919349,-0.151785478,-0.259660959,0.316084534,0.984721124
-0.131277606,-0.409275055,0.978400946,-0.0106857028,0.0336578526,-0.7187379,0.69438386,0.0371780209,0.0212136488,0.104608051,-0.0275677759,-0.101725779,-0.0159757175,0.124079607,0.0183389764,0.105142012,0.0546450429,-0.00389251346,0.0740035102,0.144155398,-0.498788625,1.18579054,-0.14264214,-0.246126711,0.328663051,0.996169925
-0.131686255,-0.409313589,0.978278458,-0.0100840321,0.0332741477,-0.717923403,0.695253372,0.0365270339,0.0199893527,0.104147539,-0.0270605106,-0.101629682,-0.016913848,0.123055927,0.0182380527,0.105152853,0.0544987135,-0.00451080175,0.073382251,0.145341694,-0.501583338,1.18238759,-0.133498803,-0.232592463,0.341241598,1.00761878
-0.132094905,-0.409352124,0.978155971,-0.00948234648,0.0328903794,-0.717107475,0.696121633,0.0358760469,0.0187650584,0.103687026,-0.0265532434,-0.101533592,-0.0178519785,0.122032247,0.0181371272,0.105163693,0.0543523841,-0.00512909051,0.0727609918,0.146527976,-0.50437808,1.17898464,-0.124355458,-0.219058216,0.353820115,1.01906753
-0.132522374,-0.409210563,0.97802645,-0.00888717733,0.0323801115,-0.716680706,0.696592748,0.0351742171,0.0174850617,0.102285109,-0.0240198951,-0.102441601,-0.0184137058,0.121047758,0.016615985,0.107937478,0.0526768826,-0.00651387684,0.0705509111,0.148366839,-0.511536062,1.16909802,-0.119152173,-0.211233392,0.369349569,1.01433301
-0.132953718,-0.409032077,0.977895439,-0.00829333998,0.0318438523,-0.71633327,0.696981966,0.034461949,0.0161936339,0.100689992,-0.0210707411,-0.103555672,-0.0188981872,0.120071314,0.0148033779,0.111278288,0.0506875552,-0.00805596821,0.0680147633,0.150339633,-0.519589424,1.15788078,-0.114757493,-0.204580277,0.385484666,1.0062772
-0.133385047,-0.40885359,0.977764487,-0.00769949378,0.0313075744,-0.715985298,0.697370589,0.0337496847,0.0149022071,0.0990948752,-0.018121589,-0.10466975,-0.0193826687,0.119094871,0.0129907718,0.114619099,0.0486982316,-0.00959805958,0.0654786229,0.152312428,-0.527642846,1.14666355,-0.110362813,-0.197927177,0.401619732,0.998221338
-0.133816391,-0.408675075,0.977633476,-0.0071056406,0.0307712629,-0.715636551,0.697758555,0.0330374166,0.0136107793,0.097499758,-0.0151724359,-0.10578382,-0.0198671501,0.118118428,0.0111781647,0.117959909,0.0467089079,-0.0111401509,0.0629424751,0.154285222,-0.535696268,1.13544631,-0.105968133,-0.191274077,0.417754829,0.990165472
-0.13424772,-0.408496588,0.977502525,-0.00651178183,0.0302349254,-0.715287268,0.698145926,0.0323251523,0.0123193515,0.0959046409,-0.0122232828,-0.106897891,-0.0203516316,0.117141992,0.00936555769,0.12130072,0.0447195843,-0.0126822423,0.060406331,0.156258017,-0.54374969,1.12422919,-0.101573445,-0.184620976,0.433889896,0.982109666
-0.134728938,-0.408050507,0.97738415,-0.00600140262,0.0297283884,-0.715000868,0.698465586,0.0312065035,0.0113787176,0.0934261009,-0.00787211675,-0.108560525,-0.0207983237,0.116549306,0.00673024356,0.125672996,0.0427752174,-0.0139980176,0.0550714284,0.160455376,-0.551691532,1.1025337,-0.101462625,-0.180418104,0.448120236,0.963157177
-0.13529253,-0.407162368,0.977286518,-0.00562893553,0.0292711016,-0.714819014,0.698674023,0.0294165052,0.011017601,0.0894881263,-0.00120479334,-0.111129388,-0.0211825892,0.116590612,0.00273579871,0.131749272,0.0409051292,-0.0149399145,0.0451129228,0.168327749,-0.559449017,1.06352806,-0.108428828,-0.180263102,0.459203869,0.926203132
-0.135856122,-0.406274229,0.977188945,-0.00525646564,0.0288138017,-0.714636922,0.698882163,0.027626507,0.0106564853,0.0855501443,0.005462531,-0.113698252,-0.0215668548,0.11663191,-0.00125864649,0.137825534,0.0390350409,-0.0158818103,0.0351544134,0.176200122,-0.567206562,1.02452242,-0.115395039,-0.180108085,0.470287502,0.889249146
-0.136419728,-0.40538609,0.977091312,-0.00488399388,0.0283564925,-0.714454532,0.699090123,0.0258365069,0.0102953687,0.0816121697,0.0121298553,-0.116267115,-0.0219511203,0.116673216,-0.00525309192,0.14390181,0.0371649526,-0.0168237071,0.0251959022,0.184072509,-0.574964046,0.985516846,-0.12236125,-0.179953083,0.481371135,0.852295101
-0.13698332,-0.404497951,0.97699374,-0.0045115198,0.0278991666,-0.714271724,0.699297607,0.0240465086,0.00993425306,0.0776741952,0.0187971778,-0.118835971,-0.0223353859,0.116714515,-0.00924753584,0.149978086,0.0352948643,-0.017765604,0.0152373947,0.191944882,-0.582721591,0.946511209,-0.129327461,-0.179798067,0.492454797,0.815341055
-0.137546912,-0.403609812,0.976896167,-0.00413904479,0.027441835,-0.714088738,0.699504912,0.0222565103,0.00957313646,0.0737362206,0.0254645012,-0.121404834,-0.0227196515,0.116755821,-0.0132419812,0.156054363,0.033424776,-0.0187075008,0.00527888723,0.199817255,-0.590479076,0.907505572,-0.136293665,-0.17964305,0.50353843,0.77838707
-0.138202816,-0.402313471,0.976705313,-0.00397280511,0.0268823374,-0.713939548,0.699679911,0.0201465618,0.00979979057,0.0696492419,0.0330375396,-0.12422777,-0.023186259,0.117259838,-0.017284207,0.162698686,0.0323843248,-0.0208223779,-0.016302133,0.213662952,-0.592255473,0.856537223,-0.154379725,-0.185987785,0.509874046,0.730118871
-0.138866276,-0.400983751,0.976506889,-0.00382342562,0.0263144821,-0.713792861,0.699852049,0.0180104543,0.0100744991,0.0655500814,0.0406846255,-0.12707147,-0.0236595981,0.117801689,-0.021330338,0.169389442,0.0314117074,-0.0230331551,-0.0388333909,0.227997035,-0.593542814,0.804590821,-0.173374936,-0.192863926,0.515821457,0.680925667
-0.13952972,-0.399654001,0.976308465,-0.00367404404,0.02574661,-0.713645816,0.70002377,0.0158743486,0.0103492076,0.0614509247,0.0483317152,-0.129915178,-0.0241329391,0.11834354,-0.0253764708,0.176080212,0.0304390918,-0.0252439342,-0.061364647,0.242331102,-0.594830155,0.75264442,-0.192370132,-0.199740067,0.521768868,0.631732404
-0.140193164,-0.398324281,0.976110041,-0.0035246613,0.0251787324,-0.713498533,0.700195313,0.0137382401,0.0106239151,0.0573517643,0.0559788011,-0.132758886,-0.0246062782,0.11888539,-0.0294226035,0.182770982,0.0294664744,-0.0274547115,-0.0838959068,0.25666517,-0.596117496,0.700697958,-0.211365327,-0.206616208,0.527716279,0.582539201
-0.140856624,-0.396994561,0.975911617,-0.00337527762,0.0246108454,-0.713351011,0.700366616,0.0116021326,0.0108986245,0.0532526039,0.063625887,-0.135602593,-0.0250796173,0.119427241,-0.0334687345,0.189461738,0.0284938551,-0.0296654887,-0.106427163,0.270999253,-0.597404838,0.648751557,-0.230360538,-0.213492349,0.53366369,0.533345997
-0.141366825,-0.395831555,0.975708485,-0.00330055063,0.0241129082,-0.713280499,0.700456083,0.0102163274,0.0113326833,0.0499851517,0.0699319392,-0.137785792,-0.025846405,0.119919851,-0.0365623608,0.194876924,0.0280725248,-0.0323752388,-0.127878368,0.282794625,-0.598746598,0.604581714,-0.24877423,-0.218496203,0.538600564,0.491864145
-0.141705468,-0.394855231,0.975500107,-0.00330941658,0.0236933026,-0.713296354,0.700454235,0.00967061333,0.0119451629,0.0476489402,0.0747364759,-0.139229447,-0.0269417595,0.120357335,-0.0385894887,0.198863894,0.0282684527,-0.0356436707,-0.148120269,0.29174754,-0.600149155,0.569119036,-0.266536832,-0.221403733,0.542405963,0.459016502
-0.142044127,-0.393878937,0.975291729,-0.00331828161,0.0232736897,-0.713312089,0.700452209,0.00912490021,0.0125576435,0.045312725,0.0795410126,-0.140673116,-0.0280371122,0.120794818,-0.0406166166,0.202850863,0.0284643807,-0.0389121026,-0.168362185,0.300700426,-0.601551771,0.533656418,-0.284299403,-0.224311262,0.546211421,0.426168859
-0.142382771,-0.392902613,0.975083411,-0.00332714641,0.0228540748,-0.713327706,0.700450122,0.00857918616,0.0131701231,0.0429765135,0.0843455419,-0.14211677,-0.0291324668,0.121232294,-0.0426437445,0.206837833,0.0286603104,-0.0421805345,-0.188604087,0.309653342,-0.602954388,0.498193741,-0.302062005,-0.227218792,0.55001682,0.393321216
-0.142721415,-0.391926289,0.974875033,-0.00333601027,0.0224344544,-0.713343203,0.700447917,0.00803347211,0.0137826037,0.040640302,0.0891500786,-0.143560424,-0.0302278195,0.121669777,-0.0446708724,0.210824788,0.0288562384,-0.0454489663,-0.208845988,0.318606228,-0.604356945,0.462731093,-0.319824606,-0.230126321,0.553822219,0.360473603
-0.14305532,-0.390959233,0.97466886,-0.00333423656,0.0220227931,-0.713360608,0.700443149,0.00749506662,0.0143770222,0.0382775515,0.0939436629,-0.144980043,-0.0313259251,0.122095793,-0.046707578,0.214787662,0.0290377922,-0.048662208,-0.228812888,0.32738632,-0.60575664,0.427812845,-0.337283909,-0.232928455,0.557660937,0.328275472
-0.143146664,-0.390466064,0.974574685,-0.00278678862,0.0220195465,-0.713486433,0.700317502,0.00733153196,0.0140449367,0.0345535688,0.0981758013,-0.145166487,-0.0325653031,0.121933736,-0.0492355749,0.217514515,0.0284819715,-0.0490441732,-0.234672382,0.327302516,-0.60700649,0.420821667,-0.339185953,-0.230324015,0.563207448,0.329396099
-0.143238023,-0.389972925,0.97448051,-0.00223933905,0.0220162906,-0.71361196,0.700191557,0.0071679973,0.0137128513,0.0308295824,0.102407932,-0.145352915,-0.0338046737,0.121771678,-0.0517635718,0.220241383,0.0279261507,-0.0494261384,-0.240531877,0.327218682,-0.60825634,0.413830459,-0.341087967,-0.22771956,0.568753958,0.330516726
-0.143329367,-0.389479756,0.974386334,-0.0016918889,0.0220130309,-0.713737369,0.700065494,0.00700446265,0.0133807659,0.0271055959,0.106640071,-0.145539343,-0.0350440517,0.121609621,-0.0542915687,0.222968236,0.0273703299,-0.0498081073,-0.246391386,0.327134848,-0.609506249,0.406839252,-0.342990011,-0.22511512,0.574300468,0.331637353
-0.143420711,-0.388986617,0.974292219,-0.00114443828,0.0220097639,-0.713862479,0.699939191,0.00684092846,0.0130486814,0.0233816095,0.110872202,-0.145725787,-0.036283426,0.121447571,-0.0568195656,0.225695103,0.026814511,-0.0501900725,-0.25225088,0.327051044,-0.610756099,0.399848044,-0.344892025,-0.222510681,0.579846919,0.33275798
-0.143512055,-0.388493478,0.974198043,-0.000596987549,0.0220064837,-0.713987231,0.699812531,0.0066773938,0.012716596,0.0196576249,0.11510434,-0.145912215,-0.0375227965,0.121285513,-0.0593475625,0.228421956,0.0262586903,-0.0505720414,-0.258110374,0.32696721,-0.612005949,0.392856866,-0.346794069,-0.219906241,0.585393429,0.333878577
-0.14360325,-0.388388067,0.97410661,0.000171112391,0.022063503,-0.71412009,0.699675441,0.00686994335,0.0117295636,0.0161029194,0.118939437,-0.145820916,-0.0375020951,0.120737746,-0.061541196,0.230477214,0.0248664487,-0.0507165603,-0.257378072,0.323936433,-0.612420261,0.405299366,-0.341807008,-0.216372222,0.59024626,0.351357937
-0.143694311,-0.388579369,0.974017262,0.00110808096,0.0221666507,-0.714258611,0.699529946,0.00733500859,0.0102412906,0.0126777682,0.122470677,-0.145517066,-0.0365170389,0.119894788,-0.0634789318,0.232018501,0.0228340849,-0.0506793559,-0.251600921,0.318650275,-0.612195134,0.432614774,-0.331547618,-0.212126806,0.594568253,0.381356835
-0.143785387,-0.3887707,0.973927975,0.0020450505,0.022269778,-0.714396477,0.699383736,0.00780007429,0.00875301659,0.00925261807,0.126001924,-0.145213217,-0.0355319828,0.119051836,-0.0654166713,0.233559787,0.0208017193,-0.0506421514,-0.245823815,0.313364118,-0.611969948,0.459930152,-0.321288258,-0.207881406,0.598890185,0.411355704
-0.143876448,-0.388962001,0.973838627,0.00298201852,0.0223728828,-0.714533687,0.69923681,0.00826513954,0.00726474402,0.00582746649,0.129533157,-0.144909367,-0.0345469229,0.118208878,-0.0673544183,0.235101074,0.0187693555,-0.0506049469,-0.24004668,0.308077991,-0.611744821,0.48724556,-0.311028898,-0.203635991,0.603212178,0.441354603
-0.143967509,-0.389153332,0.97374928,0.00391898211,0.0224759709,-0.7146703,0.699089348,0.00873020571,0.00577647099,0.00240231608,0.133064404,-0.144605517,-0.0335618667,0.117365927,-0.0692921579,0.236642346,0.0167369917,-0.0505677424,-0.234269559,0.302791834,-0.611519635,0.514560938,-0.300769508,-0.199390575,0.60753417,0.471353501
-0.144070208,-0.389371932,0.973660529,0.00481987139,0.0225690771,-0.714799702,0.698948324,0.00919125695,0.00431343727,-0.000723841658,0.136311606,-0.144264191,-0.0325165279,0.11654494,-0.0709933788,0.237887725,0.0148609104,-0.0504348911,-0.227275744,0.297652692,-0.610341609,0.542905211,-0.289572686,-0.195242509,0.610827029,0.50172478
-0.144263461,-0.389802963,0.973576427,0.00543994689,0.0225846451,-0.714878857,0.698862314,0.00962105207,0.00304690748,-0.00152213965,0.137347445,-0.143631086,-0.0310018435,0.115894988,-0.0708531961,0.23682934,0.0142015982,-0.0495573506,-0.210809141,0.293658197,-0.601744473,0.579259455,-0.271077037,-0.191852465,0.606107533,0.534995377
-0.144456714,-0.390233994,0.973492265,0.00606002146,0.0226002038,-0.714957774,0.698776066,0.0100508481,0.00178037793,-0.00232043769,0.138383269,-0.14299798,-0.0294871591,0.115245044,-0.0707130134,0.235770941,0.0135422861,-0.04867981,-0.194342524,0.289663672,-0.593147337,0.615613699,-0.252581358,-0.188462421,0.601388037,0.568265975
-0.144649968,-0.390665025,0.973408103,0.00668009371,0.022615755,-0.715036452,0.698689461,0.0104806442,0.000513848208,-0.00311873574,0.139419109,-0.14236486,-0.0279724747,0.114595093,-0.0705728307,0.234712541,0.0128829731,-0.0478022695,-0.177875921,0.285669178,-0.584550142,0.651968002,-0.234085709,-0.185072377,0.596668482,0.601536632
-0.144843221,-0.391096056,0.973323941,0.00730016269,0.0226312932,-0.715114713,0.698602617,0.0109104402,-0.000752681342,-0.00391703378,0.140454933,-0.141731754,-0.0264577903,0.113945141,-0.0704326406,0.233654141,0.0122236609,-0.0469247289,-0.161409318,0.281674683,-0.575953007,0.688322246,-0.215590045,-0.181682318,0.591948986,0.634807229
-0.145036474,-0.391527116,0.973239779,0.00792022888,0.0226468276,-0.715192735,0.698515534,0.0113402363,-0.00201921095,-0.00471533183,0.141490772,-0.141098648,-0.0249431077,0.113295197,-0.0702924579,0.232595742,0.0115643488,-0.0460471883,-0.144942716,0.277680159,-0.567355871,0.724676549,-0.197094381,-0.178292274,0.58722949,0.668077826
-0.14522846,-0.391829908,0.973212421,0.00824558642,0.0225448236,-0.715367556,0.698335886,0.011679397,-0.00290602725,-0.00436955644,0.141168594,-0.140708476,-0.0239056796,0.112906411,-0.0693601072,0.230826199,0.0113091106,-0.0443417691,-0.128157124,0.272395939,-0.559494317,0.753776431,-0.179495484,-0.173773035,0.582108617,0.693886817
-0.145419791,-0.392067045,0.973214149,0.0084199179,0.0223825909,-0.715592086,0.698108971,0.0119721107,-0.00359825301,-0.00343748205,0.140150473,-0.140442804,-0.0231128279,0.11265146,-0.0680217892,0.228692219,0.0112609472,-0.0422120877,-0.111208059,0.266450793,-0.552009642,0.779158652,-0.162356123,-0.16867511,0.576781988,0.715871871
-0.145611122,-0.392304152,0.973215878,0.00859424938,0.0222203545,-0.715816498,0.697881877,0.0122648235,-0.00429047877,-0.00250540767,0.139132351,-0.140177131,-0.0223199762,0.112396508,-0.0666834787,0.226558253,0.0112127829,-0.0400824063,-0.0942589939,0.260505646,-0.544525027,0.804540873,-0.145216778,-0.163577199,0.571455359,0.737856984
-0.145802453,-0.39254126,0.973217607,0.00876857992,0.0220581181,-0.71604085,0.697654784,0.0125575373,-0.00498270476,-0.0015733334,0.138114229,-0.139911443,-0.0215271264,0.112141564,-0.0653451607,0.224424273,0.0111646196,-0.0379527248,-0.0773099363,0.254560471,-0.537040353,0.829923093,-0.128077433,-0.158479273,0.566128731,0.759842098
-0.145993784,-0.392778367,0.973219335,0.00894290581,0.0218958724,-0.716265023,0.697427452,0.012850251,-0.00567493076,-0.000641258841,0.137096122,-0.13964577,-0.0207342748,0.111886613,-0.0640068501,0.222290292,0.0111164562,-0.0358230434,-0.0603608675,0.248615324,-0.529555738,0.855305374,-0.11093808,-0.153381363,0.560802102,0.781827211
-0.146148369,-0.393028527,0.973252535,0.00909916777,0.0217565931,-0.716511667,0.697176397,0.0132659106,-0.00627955329,0.000417111005,0.135673732,-0.139258042,-0.0200363696,0.111626357,-0.0625356734,0.219836906,0.0111967772,-0.0338782705,-0.0446727127,0.242642745,-0.522680163,0.879687965,-0.0952866524,-0.148173243,0.555799544,0.803222597
-0.146163419,-0.393328249,0.973405063,0.00918685738,0.0217044838,-0.716843724,0.696835458,0.0141482353,-0.00655166572,0.00195485563,0.132716909,-0.138407022,-0.0196988415,0.111345947,-0.060560219,0.216171205,0.0117647825,-0.0326353498,-0.0337705165,0.236566082,-0.518116355,0.900276244,-0.0852828398,-0.142546877,0.552026808,0.822379589
-0.146178484,-0.393627971,0.973557532,0.00927454419,0.0216523688,-0.717175663,0.696494281,0.0150305601,-0.00682377769,0.00349260005,0.129760087,-0.137556002,-0.0193613134,0.111065544,-0.0585847646,0.212505504,0.0123327877,-0.0313924327,-0.0228683241,0.230489433,-0.513552547,0.920864522,-0.0752790347,-0.136920497,0.548254132,0.841536522
-0.146193534,-0.393927664,0.97371006,0.00936222915,0.0216002483,-0.717507362,0.696152985,0.0159128848,-0.00709589012,0.00503034471,0.126803264,-0.136704981,-0.0190237872,0.110785134,-0.0566093102,0.208839804,0.012900793,-0.030149512,-0.0119661288,0.224412769,-0.508988798,0.941452861,-0.0652752221,-0.131294116,0.544481456,0.860693455
-0.146208599,-0.394227386,0.973862588,0.00944991317,0.0215481222,-0.717839062,0.69581151,0.0167952087,-0.00736800209,0.00656808913,0.123846442,-0.135853961,-0.0186862592,0.110504732,-0.0546338558,0.205174103,0.0134687982,-0.0289065931,-0.00106393523,0.218336105,-0.504424989,0.96204114,-0.0552714132,-0.125667736,0.540708721,0.879850447
-0.146223649,-0.394527107,0.974015117,0.00953759346,0.0214959923,-0.718170404,0.695469916,0.0176775325,-0.00764011405,0.00810583401,0.120889619,-0.135002941,-0.0183487311,0.110224321,-0.0526584014,0.201508403,0.0140368044,-0.0276636742,0.00983825792,0.212259457,-0.499861211,0.982629478,-0.0452676043,-0.120041363,0.536936045,0.89900738
-0.146337062,-0.394486815,0.974083126,0.00956916157,0.0212921314,-0.718736053,0.694891095,0.0180951059,-0.00779225258,0.00840557273,0.120030299,-0.135851189,-0.017997684,0.10979984,-0.0523378998,0.200760946,0.0131833069,-0.0270125922,0.0162378382,0.209328339,-0.504341543,0.986937523,-0.0412053019,-0.11835473,0.540902913,0.895107448
-0.146482244,-0.39433673,0.974123836,0.00958260056,0.0210392494,-0.719376862,0.694235206,0.0183625743,-0.0079056425,0.00830546767,0.119848415,-0.137248248,-0.0176422726,0.109328821,-0.0525519066,0.200956017,0.0118707009,-0.0265526585,0.021183189,0.207413167,-0.511742949,0.985987544,-0.0390619561,-0.117940538,0.547369421,0.883760691
-0.146627426,-0.394186646,0.974164546,0.00959603023,0.0207863506,-0.720017076,0.69357872,0.0186300427,-0.00801903289,0.0082053626,0.119666539,-0.138645306,-0.0172868595,0.108857803,-0.0527659133,0.201151088,0.0105580948,-0.0260927267,0.026128538,0.20549798,-0.519144356,0.985037506,-0.0369186141,-0.117526345,0.553835928,0.872413933
-0.146772608,-0.394036561,0.974205196,0.00960945059,0.0205334295,-0.720656574,0.692921579,0.0188975129,-0.00813242327,0.00810525753,0.119484656,-0.140042365,-0.0169314463,0.108386785,-0.0529799238,0.201346159,0.00924548879,-0.0256327931,0.031073885,0.203582808,-0.526545703,0.984087467,-0.0347752683,-0.117112152,0.560302436,0.861067176
-0.146917775,-0.393886477,0.974245906,0.00962286256,0.0202804897,-0.721295416,0.692263782,0.0191649813,-0.00824581273,0.00800515246,0.119302772,-0.141439438,-0.0165760349,0.107915767,-0.0531939305,0.20154123,0.00793288182,-0.0251728594,0.0360192358,0.201667637,-0.53394711,0.983137488,-0.0326319225,-0.116697952,0.566768944,0.849720418
-0.147113129,-0.393392473,0.974259913,0.00937107764,0.0199690051,-0.721919298,0.691625595,0.0191274732,-0.00794028118,0.00790840946,0.119345009,-0.143157005,-0.0163154788,0.107812613,-0.053418491,0.202027023,0.00713303965,-0.0252880473,0.034841463,0.203554541,-0.540220857,0.970126688,-0.0379449129,-0.119913444,0.570348024,0.827033997
-0.147423744,-0.392108172,0.974212646,0.00850989949,0.0195230003,-0.722509444,0.691033125,0.0183891524,-0.00667210668,0.00781939551,0.119902246,-0.145611107,-0.0162729006,0.108554773,-0.0536672957,0.20318082,0.00751148118,-0.0267248172,0.0195933133,0.214178279,-0.543903351,0.929401398,-0.0603918806,-0.131469607,0.567292094,0.778289974
-0.147734359,-0.390823841,0.97416538,0.00764870318,0.0190769583,-0.723098278,0.690439284,0.0176508315,-0.00540393172,0.00773038063,0.120459482,-0.148065209,-0.0162303206,0.109296925,-0.0539161004,0.204334632,0.00788992271,-0.0281615853,0.0043451637,0.224802002,-0.547585905,0.888676107,-0.0828388482,-0.143025771,0.564236164,0.72954601
-0.148044989,-0.38953954,0.974118054,0.00678749429,0.0186308902,-0.723686099,0.689844489,0.0169125125,-0.00413575675,0.00764136622,0.121016718,-0.150519311,-0.0161877424,0.110039085,-0.0541649051,0.205488428,0.00826836471,-0.0295983534,-0.0109029869,0.23542574,-0.551268399,0.847950816,-0.105285816,-0.154581934,0.561180294,0.680801988
-0.148355603,-0.388255239,0.974070787,0.00592627423,0.0181847867,-0.724272668,0.689248502,0.0161741916,-0.00286758202,0.00755235134,0.121573947,-0.152973413,-0.0161451623,0.110781245,-0.0544137135,0.206642225,0.0086468067,-0.0310351234,-0.0261511337,0.246049479,-0.554950953,0.807225466,-0.127732784,-0.166138098,0.558124363,0.632058024
-0.148666218,-0.386970907,0.974023521,0.00506504951,0.0177386571,-0.724857986,0.688651323,0.0154358717,-0.00159940741,0.00746333692,0.122131184,-0.155427516,-0.0161025841,0.111523397,-0.0546625182,0.207796037,0.00902524777,-0.0324718915,-0.0413992815,0.256673217,-0.558633447,0.766500175,-0.150179744,-0.177694261,0.555068433,0.583314002
-0.148778588,-0.385963976,0.973932981,0.00420975871,0.0173658039,-0.724932849,0.688587904,0.015079068,-0.000420321361,0.0072222054,0.123848535,-0.157694608,-0.0170004629,0.112106301,-0.0544796325,0.209133133,0.0101266019,-0.0328454897,-0.0586405732,0.263037264,-0.550099552,0.724741817,-0.170419961,-0.186681613,0.545409024,0.539676547
-0.148856133,-0.385005742,0.973834872,0.00335550471,0.0170058124,-0.724917531,0.688617647,0.0147892879,0.000743113691,0.00695435051,0.12576969,-0.159928843,-0.018063562,0.11266122,-0.0542209037,0.210502446,0.0113549549,-0.033032313,-0.0762320161,0.268652946,-0.539419472,0.682802022,-0.19027248,-0.195217684,0.534589529,0.496936142
-0.148933679,-0.384047508,0.973736823,0.00250124629,0.016645804,-0.724901557,0.688646793,0.0144995078,0.00190654851,0.00668649515,0.127690852,-0.162163094,-0.0191266593,0.113216139,-0.0539621785,0.211871758,0.0125833089,-0.0332191363,-0.0938234553,0.274268627,-0.528739393,0.640862167,-0.210125014,-0.20375374,0.523770034,0.454195768
-0.14901121,-0.383089274,0.973638713,0.00164698635,0.0162857827,-0.724885046,0.688675463,0.0142097287,0.00306998333,0.00641864026,0.129612014,-0.164397329,-0.0201897565,0.113771059,-0.0537034497,0.213241071,0.0138116619,-0.0334059596,-0.111414894,0.279884309,-0.518059254,0.598922312,-0.229977533,-0.21228981,0.51295054,0.411455393
-0.149088755,-0.38213104,0.973540604,0.000792726118,0.0159257464,-0.72486788,0.688703418,0.0139199486,0.0042334185,0.0061507849,0.131533161,-0.166631579,-0.0212528557,0.114325978,-0.0534447245,0.214610368,0.0150400158,-0.0335927829,-0.129006341,0.28550002,-0.507379174,0.556982517,-0.249830067,-0.220825881,0.502131045,0.368715018
-0.149130553,-0.381563693,0.973463356,0.000358253776,0.0157398488,-0.724749327,0.688832819,0.0139169358,0.00489195483,0.00548319006,0.133315399,-0.16840443,-0.0221004039,0.114462614,-0.0536091924,0.215771213,0.0158534087,-0.0338345803,-0.138398558,0.289586484,-0.499334008,0.526947737,-0.259086311,-0.226984352,0.494325101,0.339266598
-0.149118274,-0.381587684,0.97341764,0.000558938133,0.0158174429,-0.724478066,0.68911618,0.014347814,0.00478655426,0.0042107692,0.134887442,-0.169479147,-0.022621816,0.113966368,-0.054413978,0.216616616,0.0160389487,-0.0341595598,-0.135384947,0.291359127,-0.495275527,0.514926016,-0.252309829,-0.229545414,0.491078854,0.32992956
-0.149105996,-0.381611705,0.973371983,0.000759622606,0.0158950333,-0.724206746,0.689399421,0.0147786923,0.00468115369,0.00293834787,0.136459485,-0.170553878,-0.0231432281,0.113470115,-0.0552187636,0.217462018,0.0162244868,-0.0344845392,-0.132371336,0.293131769,-0.491217047,0.502904296,-0.245533332,-0.232106462,0.487832606,0.320592493
-0.149093702,-0.381635725,0.973326266,0.000960306788,0.0159726199,-0.723935187,0.689682424,0.0152095705,0.00457575312,0.00166592665,0.138031527,-0.171628594,-0.0236646403,0.112973869,-0.0560235493,0.218307436,0.0164100267,-0.0348095149,-0.12935771,0.294904411,-0.487158567,0.490882546,-0.23875685,-0.234667525,0.484586388,0.311255455
-0.149081424,-0.381659716,0.973280609,0.0011609908,0.0160502028,-0.723663509,0.689965367,0.0156404488,0.00447035255,0.000393505674,0.13960357,-0.172703311,-0.0241860505,0.112477623,-0.0568283349,0.219152838,0.0165955648,-0.0351344943,-0.1263441,0.296677083,-0.483100086,0.478860795,-0.231980368,-0.237228572,0.48134014,0.301918387
-0.149069145,-0.381683737,0.973234892,0.0013616744,0.0161277838,-0.723391712,0.690248191,0.016071327,0.00436495198,-0.000878915365,0.141175613,-0.173778042,-0.0247074626,0.11198137,-0.0576331206,0.21999824,0.0167811047,-0.0354594737,-0.123330489,0.298449725,-0.479041606,0.466839075,-0.225203887,-0.239789635,0.478093892,0.29258135
-0.148857683,-0.382592618,0.973112106,0.00178882189,0.015850015,-0.723347247,0.690300167,0.0176207889,0.00254903128,-0.00152914925,0.144315034,-0.175028697,-0.0228844732,0.110267647,-0.0581221581,0.222550228,0.0149509162,-0.0370891653,-0.112819478,0.295783252,-0.471178859,0.497224748,-0.211187094,-0.237821251,0.473448038,0.325492889
-0.148634687,-0.38355273,0.97298485,0.00222908054,0.0155516695,-0.723315775,0.690338671,0.0192350112,0.000634079741,-0.00214336114,0.147545174,-0.176289529,-0.0209257528,0.108483441,-0.0585929118,0.225201011,0.0130040273,-0.0387943983,-0.101874411,0.292859793,-0.463095874,0.530065596,-0.196751118,-0.235590637,0.468721151,0.360850424
-0.148411691,-0.384512842,0.972857654,0.00266933907,0.0152533203,-0.723284125,0.690376937,0.0208492335,-0.00128087227,-0.00275757327,0.150775328,-0.177550361,-0.0189670324,0.106699236,-0.0590636656,0.227851793,0.0110571375,-0.0404996276,-0.0909293368,0.289936334,-0.455012888,0.562906504,-0.182315156,-0.233360022,0.463994265,0.396207958
-0.148188695,-0.385472953,0.972730398,0.00310959644,0.0149549646,-0.723252237,0.690415025,0.0224634558,-0.00319582387,-0.00337178516,0.154005483,-0.178811193,-0.017008312,0.10491503,-0.0595344231,0.230502591,0.00911024865,-0.0422048606,-0.0799842626,0.287012845,-0.446929932,0.595747352,-0.167879179,-0.231129408,0.459267378,0.431565493
-0.147965699,-0.386433065,0.972603142,0.00354985287,0.0146566071,-0.72322011,0.690452933,0.0240776781,-0.00511077605,-0.00398599729,0.157235637,-0.180072024,-0.0150495907,0.103130825,-0.0600051768,0.233153373,0.00716335932,-0.0439100899,-0.0690391883,0.284089386,-0.438846946,0.628588259,-0.153443202,-0.228898793,0.454540491,0.466923028
-0.147734612,-0.387259752,0.972523034,0.00385415833,0.0144022629,-0.723286688,0.69038707,0.0255291145,-0.0067945011,-0.00396334939,0.15924044,-0.180461153,-0.0129409721,0.101611115,-0.0600118041,0.234597251,0.00593348406,-0.0455650091,-0.0582735315,0.280343682,-0.430448174,0.661690593,-0.13962397,-0.225660563,0.448049933,0.502384663
-0.147495195,-0.38794902,0.972491443,0.00401844177,0.0141932499,-0.723454833,0.690214276,0.0268128905,-0.00824007485,-0.0032847682,0.159983188,-0.179952487,-0.0106779663,0.100363828,-0.0595403984,0.234798074,0.00544209639,-0.0471681058,-0.0476926677,0.275751054,-0.42172417,0.695062339,-0.126439944,-0.22138454,0.439742893,0.537953556
-0.147255793,-0.388638288,0.972459853,0.00418272475,0.0139842341,-0.723622799,0.690041363,0.0280966684,-0.00968564861,-0.00260618702,0.160725936,-0.179443806,-0.00841495954,0.0991165414,-0.0590689965,0.234998882,0.00495070824,-0.0487712063,-0.0371118039,0.271158427,-0.413000137,0.728434086,-0.113255925,-0.217108518,0.431435853,0.573522389
-0.147016376,-0.389327556,0.972428262,0.00434700726,0.0137752183,-0.723790765,0.68986845,0.0293804444,-0.0111312233,-0.00192760583,0.161468685,-0.178935125,-0.00615195371,0.0978692546,-0.0585975945,0.235199705,0.0044593201,-0.050374303,-0.0265309364,0.26656583,-0.404276133,0.761805832,-0.100071907,-0.212832496,0.423128784,0.609091222
-0.146776959,-0.390016824,0.972396672,0.0045112893,0.0135662016,-0.723958611,0.689695358,0.0306642205,-0.012576797,-0.00124902476,0.162211433,-0.178426445,-0.00388894766,0.0966219679,-0.0581261888,0.235400528,0.00396793196,-0.0519773997,-0.0159500726,0.261973202,-0.395552129,0.795177579,-0.0868878812,-0.208556473,0.414821744,0.644660115
-0.146538794,-0.390698969,0.972369909,0.0046726279,0.0133740082,-0.724118173,0.689530432,0.0319200717,-0.0139825121,-0.000548739452,0.162833884,-0.177855432,-0.00162880763,0.0954127535,-0.0576386862,0.235492185,0.00353663834,-0.0535269156,-0.00558869494,0.257349283,-0.38707301,0.828279912,-0.0739785135,-0.204231426,0.406770706,0.679993391
-0.146330222,-0.391210467,0.97245878,0.0047632982,0.013585954,-0.72408241,0.689563155,0.032505285,-0.0144309532,0.000672806636,0.160566941,-0.175787255,0.000562500558,0.0951178595,-0.0567644984,0.232962176,0.00454860181,-0.0537895821,-0.000498615846,0.251973391,-0.384475529,0.854911983,-0.0676652715,-0.198728845,0.404868245,0.709668934
-0.146121666,-0.391721934,0.97254771,0.00485396897,0.0137978997,-0.724046707,0.689595938,0.0330904946,-0.0148793953,0.00189435261,0.158299997,-0.173719063,0.00275380863,0.0948229581,-0.0558903143,0.230432168,0.00556056574,-0.0540522486,0.00459146267,0.246597484,-0.381878078,0.881544054,-0.0613520332,-0.193226278,0.402965784,0.739344418
-0.145913094,-0.392233402,0.97263664,0.00494463928,0.0140098445,-0.724010944,0.689628601,0.0336757042,-0.0153278364,0.0031158987,0.156033069,-0.171650887,0.00494511705,0.0945280641,-0.0550161265,0.227902144,0.00657252921,-0.0543149151,0.0096815424,0.241221577,-0.379280597,0.908176184,-0.0550387949,-0.187723711,0.401063323,0.769019961
-0.145704538,-0.392744899,0.97272557,0.00503530819,0.0142217865,-0.723975003,0.689661145,0.0342609137,-0.0157762785,0.00433744444,0.153766125,-0.16958271,0.007136425,0.0942331702,-0.0541419387,0.225372136,0.00758449268,-0.0545775816,0.0147716207,0.23584567,-0.376683116,0.934808254,-0.0487255566,-0.18222113,0.399160862,0.798695505
-0.145495966,-0.393256366,0.972814441,0.00512597803,0.0144337304,-0.72393918,0.689693809,0.0348461233,-0.0162247196,0.00555899041,0.151499182,-0.167514533,0.00932773296,0.0939382762,-0.0532677546,0.222842127,0.00859645661,-0.0548402481,0.0198617,0.230469763,-0.374085665,0.961440325,-0.0424123183,-0.176718563,0.397258401,0.828371048
-0.145338461,-0.39342314,0.972866833,0.00512597384,0.0145857884,-0.723912537,0.689718604,0.0350557417,-0.0164617896,0.00619679177,0.150173232,-0.166538358,0.0110589145,0.0937063023,-0.0533455051,0.221625924,0.00920821261,-0.0546684489,0.0216257721,0.22616905,-0.377811819,0.976017714,-0.0419954583,-0.172613665,0.401572973,0.838077903
-0.145216838,-0.393347651,0.972893476,0.0050622588,0.0146957673,-0.723892331,0.689737916,0.0350014567,-0.0165503398,0.00642443076,0.149508461,-0.166329458,0.012466792,0.0935185403,-0.0540921241,0.221332848,0.00953876786,-0.0541913845,0.0210528653,0.222623795,-0.385981232,0.982125044,-0.0457216315,-0.169490844,0.410255879,0.833753943
-0.145095199,-0.393272191,0.97292012,0.00499854377,0.0148057463,-0.723872125,0.689757228,0.0349471718,-0.0166388918,0.00665206974,0.148843676,-0.166120574,0.0138746705,0.0933307782,-0.0548387431,0.221039772,0.00986932311,-0.0537143163,0.0204799566,0.219078556,-0.394150645,0.988232374,-0.049447801,-0.166368008,0.418938786,0.829430044
-0.144973576,-0.393196732,0.972946763,0.00493482826,0.0149157261,-0.723851919,0.68977654,0.0348928869,-0.0167274419,0.00687970873,0.148178905,-0.165911689,0.015282548,0.0931430161,-0.0555853583,0.220746696,0.0101998784,-0.0532372482,0.0199070498,0.215533301,-0.402320027,0.994339705,-0.0531739704,-0.163245186,0.427621692,0.825106084
-0.144851938,-0.393121243,0.972973406,0.00487111276,0.0150257032,-0.723831654,0.689795792,0.0348386019,-0.0168159939,0.00710734772,0.14751412,-0.16570279,0.0166904256,0.092955254,-0.0563319772,0.22045362,0.0105304336,-0.0527601801,0.0193341412,0.211988062,-0.41048944,1.00044703,-0.0569001436,-0.160122365,0.436304599,0.820782185
-0.14475365,-0.392921686,0.972997308,0.00468031317,0.0150826955,-0.723823071,0.689804852,0.0348039344,-0.0167164411,0.00747016491,0.146966308,-0.165858582,0.0178555883,0.0928996503,-0.0569585823,0.220270425,0.0109718395,-0.0525414832,0.015319501,0.21057637,-0.418469489,1.00091243,-0.064863421,-0.158728302,0.443531603,0.811424911
-0.144805372,-0.391924709,0.973003745,0.00367294718,0.0147992196,-0.723888814,0.689748228,0.0348953195,-0.0154082514,0.00870154984,0.147169977,-0.168357506,0.0174612217,0.0936931893,-0.056814041,0.220793292,0.0121254995,-0.0539829023,-0.0108094504,0.222873509,-0.425232798,0.965126574,-0.100051604,-0.16844216,0.441403925,0.769726932
-0.144857094,-0.390927732,0.973010182,0.0026655735,0.014515725,-0.723953724,0.689690769,0.0349867046,-0.0141000627,0.00993293431,0.147373661,-0.170856446,0.0170668568,0.0944867358,-0.0566694997,0.221316144,0.0132791596,-0.0554243177,-0.0369384028,0.235170633,-0.431996107,0.92934078,-0.13523978,-0.178156018,0.439276278,0.728028953
-0.144908816,-0.389930725,0.97301656,0.0016581954,0.0142322145,-0.724017799,0.689632535,0.0350780897,-0.012791873,0.0111643197,0.147577345,-0.173355371,0.0166724902,0.0952802822,-0.0565249585,0.221838996,0.0144328196,-0.0568657368,-0.0630673543,0.247467771,-0.438759416,0.893554926,-0.170427978,-0.187869877,0.437148601,0.686330974
-0.144960538,-0.388933748,0.973022997,0.000650816597,0.0139486892,-0.724081159,0.689573586,0.0351694748,-0.0114836842,0.0123957042,0.147781014,-0.17585431,0.0162781235,0.0960738212,-0.0563804172,0.222361848,0.0155864805,-0.058307156,-0.0891963094,0.25976491,-0.445522726,0.857769132,-0.205616146,-0.197583735,0.435020924,0.644632995
-0.145012245,-0.387936771,0.973029435,-0.000356559962,0.0136651481,-0.724143624,0.689513803,0.0352608636,-0.0101754945,0.0136270886,0.147984698,-0.178353235,0.0158837568,0.0968673676,-0.0562358759,0.2228847,0.0167401396,-0.0597485714,-0.115325257,0.272062033,-0.452286035,0.821983278,-0.24080433,-0.207297593,0.432893246,0.602934957
-0.145018101,-0.387282312,0.97308743,-0.000944635249,0.0140000135,-0.723959267,0.689700007,0.035132505,-0.00850108173,0.013266026,0.148762956,-0.180192351,0.0143135572,0.0978385881,-0.057025753,0.223569557,0.0179276317,-0.0601580963,-0.13180016,0.279106408,-0.461094439,0.793750942,-0.263954669,-0.211862981,0.437157273,0.574312389
-0.145002559,-0.386787504,0.973169506,-0.00133722404,0.0146231921,-0.723659813,0.690000713,0.0349016972,-0.00665592728,0.0121625271,0.149809092,-0.181723833,0.012195156,0.098892644,-0.0582512803,0.224329948,0.0191308986,-0.0600865297,-0.143774107,0.283701867,-0.470856309,0.769040167,-0.28149268,-0.214028016,0.444401234,0.551785886
-0.144987017,-0.386292726,0.973251581,-0.00172981247,0.0152463615,-0.723359764,0.690300882,0.0346708894,-0.00481077284,0.0110590272,0.150855228,-0.183255315,0.0100767547,0.0999467,-0.059476804,0.22509034,0.0203341637,-0.0600149632,-0.155748054,0.288297296,-0.480618179,0.744329453,-0.299030691,-0.216193065,0.451645195,0.529259324
-0.144971475,-0.385797948,0.973333597,-0.00212239963,0.0158695169,-0.723059237,0.690600574,0.0344400816,-0.00296561792,0.00995552726,0.151901379,-0.184786811,0.00795835443,0.101000756,-0.0607023276,0.225850731,0.0215374306,-0.0599433966,-0.167722002,0.292892724,-0.490380049,0.719618678,-0.316568702,-0.218358099,0.458889186,0.506732821
-0.144955933,-0.38530314,0.973415673,-0.00251498469,0.0164926648,-0.722758174,0.69089967,0.0342092738,-0.00112046278,0.00885202736,0.152947515,-0.186318293,0.00583995273,0.102054812,-0.061927855,0.226611137,0.0227406956,-0.05987183,-0.179695949,0.297488183,-0.500141919,0.694907904,-0.334106714,-0.220523149,0.466133147,0.484206319
-0.144920841,-0.385037333,0.973467946,-0.00278157974,0.0170873087,-0.722429335,0.691227973,0.033996135,0.000357431389,0.00758133782,0.154421747,-0.187734321,0.00369353313,0.1028409,-0.0630141646,0.227590248,0.023454478,-0.0593073145,-0.186393902,0.300077677,-0.507458091,0.677369118,-0.343879253,-0.221108019,0.472078919,0.470966876
-0.144820094,-0.385540783,0.973420203,-0.00262489612,0.0175862443,-0.722008884,0.691655338,0.033842355,0.000601445907,0.00574894203,0.157334238,-0.188762411,0.0014529808,0.102726705,-0.0636327416,0.229304224,0.0225237459,-0.0570866615,-0.175366193,0.295927942,-0.506557345,0.683925748,-0.327562213,-0.216383994,0.473663211,0.488929093
-0.144719347,-0.386044234,0.973372459,-0.00246820995,0.0180851649,-0.721587896,0.692082226,0.0336885788,0.000845460454,0.00391654624,0.160246715,-0.189790517,-0.000787571713,0.102612503,-0.064251326,0.231018186,0.0215930156,-0.0548660085,-0.164338499,0.291778177,-0.50565666,0.690482378,-0.311245173,-0.211659983,0.475247473,0.50689131
-0.144618601,-0.386547714,0.973324716,-0.00231152237,0.0185840782,-0.721166432,0.692508698,0.0335348025,0.001089475,0.00208415044,0.163159207,-0.190818608,-0.00302812434,0.102498308,-0.064869903,0.232732162,0.0206622854,-0.0526453555,-0.153310791,0.287628442,-0.504755914,0.697039068,-0.294928133,-0.206935972,0.476831734,0.524853528
-0.144517854,-0.387051165,0.973276973,-0.0021548334,0.0190829746,-0.72074455,0.692934692,0.0333810262,0.00133348943,0.000251754711,0.166071683,-0.191846713,-0.00526867667,0.102384113,-0.0654884875,0.234446138,0.0197315533,-0.0504246987,-0.142283082,0.283478677,-0.503855228,0.703595698,-0.278611094,-0.202211946,0.478416026,0.542815745
-0.144417107,-0.387554616,0.973229229,-0.00199814374,0.0195818637,-0.720322251,0.693360269,0.03322725,0.00157750398,-0.00158064091,0.168984175,-0.192874804,-0.00750922877,0.10226991,-0.0661070719,0.2361601,0.018800823,-0.0482040457,-0.131255388,0.279328912,-0.502954483,0.710152328,-0.262294054,-0.197487935,0.480000287,0.560777962
-0.144129381,-0.388317138,0.973188341,-0.00186755531,0.0199172143,-0.719960809,0.693726361,0.0332784653,0.00122087135,-0.00223219511,0.170819953,-0.193462193,-0.00883645937,0.101822793,-0.0654047057,0.23630257,0.017940715,-0.0460268222,-0.116810642,0.274506003,-0.494966894,0.729276299,-0.243300825,-0.193203688,0.473944187,0.588023901
-0.14378792,-0.389154106,0.973149478,-0.00174446928,0.0202055555,-0.71961683,0.694075167,0.0333886109,0.000691577967,-0.00254430668,0.172346219,-0.193922892,-0.00990114827,0.101279981,-0.0643226206,0.235993281,0.0171009097,-0.0438620783,-0.101383649,0.269489557,-0.484942108,0.752012789,-0.223538294,-0.189045876,0.465691805,0.617938578
-0.14344646,-0.389991105,0.973110616,-0.00162138266,0.0204938892,-0.719272494,0.694423795,0.0334987529,0.000162284661,-0.00285641849,0.173872486,-0.194383591,-0.0109658372,0.100737162,-0.0632405356,0.235684007,0.0162611045,-0.0416973382,-0.0859566554,0.26447311,-0.474917322,0.774749339,-0.203775764,-0.18488805,0.457439452,0.647853255
-0.143105,-0.390828073,0.973071754,-0.00149829558,0.0207822174,-0.718928039,0.694772184,0.0336088985,-0.000367008644,-0.0031685303,0.175398752,-0.194844291,-0.0120305261,0.10019435,-0.0621584505,0.235374734,0.0154212993,-0.0395325981,-0.0705296621,0.259456664,-0.464892536,0.797485828,-0.184013233,-0.180730239,0.44918707,0.677767932
-0.14276354,-0.391665071,0.973032892,-0.00137520791,0.0210705381,-0.718583286,0.695120335,0.0337190405,-0.00089630211,-0.0034806421,0.176925033,-0.195304975,-0.013095215,0.0996515304,-0.0610763654,0.235065445,0.0145814931,-0.037367858,-0.055102665,0.254440188,-0.45486775,0.820222378,-0.164250702,-0.176572412,0.440934688,0.70768255
-0.142444924,-0.392422408,0.973039329,-0.00129766995,0.021393856,-0.718233764,0.695471883,0.0336734988,-0.00123368273,-0.00349644455,0.177570552,-0.195305601,-0.01382541,0.0993965939,-0.0597942173,0.233996823,0.0140975146,-0.0353981927,-0.0414457172,0.249161974,-0.446299136,0.842213988,-0.146849409,-0.172245726,0.434265167,0.735720456
-0.142173976,-0.393013656,0.973140359,-0.00131513493,0.0217901729,-0.717874229,0.695830584,0.0333032459,-0.00117078947,-0.00289423252,0.176379114,-0.194346607,-0.0138579495,0.0997420996,-0.0580947995,0.231344432,0.0143556865,-0.0338353999,-0.0314805657,0.243337736,-0.440767676,0.862652123,-0.134373009,-0.167566851,0.430896938,0.759843886
-0.141903013,-0.393604875,0.973241389,-0.00133259944,0.0221864805,-0.717514455,0.696188986,0.032932993,-0.00110789621,-0.00229202048,0.175187662,-0.193387613,-0.0138904881,0.100087605,-0.056395378,0.22869204,0.0146138594,-0.0322726071,-0.0215154104,0.237513497,-0.435236245,0.883090258,-0.121896587,-0.162887961,0.427528739,0.783967376
-0.141632065,-0.394196123,0.973342419,-0.00135006336,0.0225827806,-0.717154264,0.696547151,0.0325627401,-0.00104500283,-0.00168980856,0.17399621,-0.192428619,-0.0139230276,0.100433111,-0.0546959601,0.226039648,0.0148720322,-0.0307098143,-0.011550257,0.231689259,-0.429704785,0.903528333,-0.10942018,-0.158209085,0.42416054,0.808090806
-0.141361102,-0.394787371,0.973443449,-0.00136752683,0.0229790732,-0.716793954,0.696905077,0.0321924835,-0.000982109574,-0.00108759664,0.172804773,-0.191469625,-0.013955567,0.100778617,-0.0529965386,0.223387256,0.0151302041,-0.0291470233,-0.00158510497,0.225865021,-0.424173325,0.923966467,-0.0969437659,-0.153530195,0.420792341,0.832214236
-0.141090155,-0.39537859,0.973544478,-0.00138498947,0.023375351,-0.716433227,0.697262526,0.0318222307,-0.000919216312,-0.000485384662,0.171613321,-0.190510646,-0.0139881065,0.101124123,-0.0512971207,0.220734864,0.015388377,-0.0275842305,0.00838004705,0.220040798,-0.418641865,0.944404542,-0.0844673514,-0.14885132,0.417424113,0.856337667
-0.140942276,-0.395634174,0.973574817,-0.00135527446,0.0235367678,-0.716136158,0.697562277,0.0308336876,-0.000948376954,-0.000734843081,0.171765968,-0.190477014,-0.0131566692,0.101354323,-0.0508595966,0.219875678,0.0146841947,-0.0271788146,0.0108989151,0.215938985,-0.42214033,0.954414785,-0.080993548,-0.145955265,0.422993988,0.863096714
-0.140812576,-0.395840257,0.973594666,-0.00131859828,0.0236635264,-0.715848386,0.697853386,0.0297539197,-0.00099111977,-0.001109962,0.17211692,-0.190579906,-0.0121977553,0.101567514,-0.0506082587,0.219281048,0.013838022,-0.0269441642,0.0123191131,0.212091327,-0.426971108,0.962886393,-0.0788480416,-0.143322259,0.429882616,0.867293656
-0.140682861,-0.396046311,0.973614514,-0.00128192187,0.0237902813,-0.715560615,0.698144317,0.0286741517,-0.00103386247,-0.00148508081,0.172467858,-0.190682814,-0.0112388423,0.101780705,-0.0503569208,0.218686432,0.0129918493,-0.0267095156,0.0137393121,0.208243653,-0.431801885,0.971358001,-0.0767025277,-0.140689254,0.436771214,0.871490598
-0.140553147,-0.396252394,0.973634422,-0.00124524522,0.0239170305,-0.715272546,0.698435187,0.0275943838,-0.00107660529,-0.00186019961,0.17281881,-0.190785721,-0.0102799293,0.101993896,-0.0501055829,0.218091816,0.0121456767,-0.0264748652,0.0151595101,0.204395995,-0.436632663,0.979829609,-0.0745570213,-0.138056248,0.443659842,0.87568754
-0.140423432,-0.396458447,0.97365427,-0.00120856846,0.024043778,-0.714984417,0.698725879,0.0265146159,-0.0011193481,-0.00223531853,0.173169762,-0.190888613,-0.00932101533,0.102207087,-0.049854245,0.2174972,0.011299503,-0.0262402166,0.0165797081,0.200548321,-0.441463441,0.988301218,-0.0724115148,-0.135423243,0.45054847,0.879884481
-0.140384153,-0.396175861,0.973643243,-0.00145026471,0.0238993373,-0.714723527,0.69899714,0.0252097547,-0.000898381346,-0.00234254845,0.173899889,-0.191556126,-0.00827397685,0.102638446,-0.0498756841,0.218084529,0.0107584167,-0.0273256842,0.00683608372,0.203752548,-0.446703136,0.978530169,-0.0844231322,-0.13843976,0.452941746,0.865723073
-0.140470386,-0.395215034,0.973589301,-0.00207832083,0.02337851,-0.714500427,0.69924134,0.0235924833,-0.000311407814,-0.00207797065,0.17515628,-0.193007261,-0.00710462732,0.103372619,-0.0502757132,0.220312268,0.0106407665,-0.0302433651,-0.0184019972,0.216744199,-0.452510387,0.943439841,-0.116083652,-0.149297342,0.449095786,0.826081753
-0.140556604,-0.394254208,0.973535359,-0.0027063766,0.0228576642,-0.714276671,0.699484885,0.0219752118,0.000275565806,-0.00181339309,0.176412687,-0.19445841,-0.00593527779,0.104106791,-0.0506757423,0.222540021,0.0105231153,-0.0331610441,-0.0436400808,0.229735866,-0.458317637,0.908349514,-0.147744179,-0.160154924,0.445249826,0.786440432
-0.140642837,-0.393293381,0.973481417,-0.00333443051,0.0223368015,-0.714052498,0.699727893,0.0203579422,0.000862539397,-0.0015488154,0.177669078,-0.195909545,-0.00476592826,0.104840957,-0.0510757715,0.224767774,0.0104054641,-0.036078725,-0.0688781589,0.242727518,-0.464124888,0.873259246,-0.179404721,-0.171012521,0.441403866,0.746799111
-0.140729055,-0.392332554,0.973427534,-0.00396248093,0.0218159202,-0.71382761,0.699970424,0.0187406708,0.0014495129,-0.00128423772,0.178925484,-0.19736068,-0.00359657896,0.105575129,-0.0514758006,0.226995528,0.0102878129,-0.0389964059,-0.0941162407,0.255719185,-0.469932109,0.838168919,-0.211065233,-0.181870103,0.437557906,0.707157791
-0.140815288,-0.391371727,0.973373592,-0.00459052715,0.0212950241,-0.713602245,0.700212359,0.0171233993,0.00203648652,-0.00101966003,0.180181876,-0.198811814,-0.00242722966,0.106309295,-0.0518758297,0.229223281,0.0101701617,-0.0419140868,-0.119354323,0.268710822,-0.47573936,0.803078651,-0.24272576,-0.19272767,0.433711946,0.66751647
-0.141052246,-0.390356004,0.973271966,-0.00503132027,0.0209354926,-0.713278532,0.70054996,0.0160504058,0.00305509404,-0.00140161184,0.181718349,-0.200167835,-0.00334074534,0.106937803,-0.0531725697,0.232245013,0.0112467129,-0.0448455326,-0.143059358,0.279932857,-0.472489595,0.754657745,-0.271066338,-0.19996728,0.423145354,0.618039012
-0.141294479,-0.389338374,0.973168671,-0.00546554616,0.0205816105,-0.712951005,0.700890541,0.0149964951,0.00408883533,-0.00180623238,0.183264658,-0.201520532,-0.00432729116,0.107562609,-0.0545007475,0.235294595,0.0123651363,-0.047777459,-0.166710645,0.291092843,-0.468922257,0.70576942,-0.299290478,-0.207080022,0.412343085,0.568216622
-0.141536713,-0.388320744,0.973065376,-0.00589977019,0.0202277154,-0.71262306,0.701230764,0.0139425844,0.00512257731,-0.00221085292,0.184810966,-0.202873215,-0.00531383744,0.108187415,-0.0558289252,0.238344178,0.0134835588,-0.0507093892,-0.190361932,0.302252799,-0.465354919,0.656881094,-0.327514648,-0.214192778,0.401540846,0.518394291
-0.141778961,-0.387303084,0.972962141,-0.00633398956,0.0198738072,-0.712294698,0.701570511,0.0128886746,0.00615631882,-0.0026154737,0.18635726,-0.204225898,-0.00630038371,0.108812213,-0.0571570992,0.24139376,0.0146019813,-0.0536413155,-0.214013219,0.313412786,-0.461787611,0.607992828,-0.355738789,-0.221305519,0.390738577,0.468571931
-0.142021194,-0.386285454,0.972858846,-0.00676820567,0.0195198897,-0.711965978,0.701909959,0.011834763,0.0071900608,-0.00302009424,0.187903568,-0.205578595,-0.00728692999,0.109437019,-0.058485277,0.244443342,0.0157204047,-0.0565732457,-0.237664506,0.324572772,-0.458220273,0.559104502,-0.383962959,-0.228418261,0.379936308,0.418749541
-0.14216803,-0.385749221,0.972792089,-0.00671603717,0.0195211396,-0.711538494,0.702343822,0.011466926,0.00777406944,-0.00432966929,0.18925707,-0.206396669,-0.00845598988,0.109598987,-0.0601900518,0.246566027,0.0164951161,-0.0587006584,-0.248310119,0.331124872,-0.457392395,0.529410243,-0.395543844,-0.232205257,0.375157773,0.389010608
-0.142224476,-0.385669082,0.972759902,-0.00620301021,0.0198589023,-0.711017132,0.702866852,0.0117491512,0.0079319505,-0.00649670046,0.190427914,-0.206708178,-0.0097979838,0.109322406,-0.0622516535,0.247810483,0.0169441588,-0.0600657836,-0.246632695,0.333310962,-0.459160209,0.517902672,-0.391355008,-0.232841045,0.376086771,0.378300965
-0.142280936,-0.385588974,0.972727776,-0.00568997627,0.0201966502,-0.710495055,0.703389347,0.0120313764,0.00808983203,-0.00866373163,0.191598743,-0.207019702,-0.0111399777,0.109045818,-0.0643132553,0.249054939,0.0173931997,-0.0614309087,-0.244955271,0.335497051,-0.460927993,0.506395042,-0.387166202,-0.233476833,0.37701574,0.367591321
-0.142337382,-0.385508865,0.972695589,-0.00517693674,0.0205343794,-0.709972382,0.703911126,0.0123136016,0.00824771356,-0.0108307637,0.192769572,-0.20733121,-0.0124819716,0.108769238,-0.0663748607,0.250299394,0.0178422425,-0.0627960339,-0.243277863,0.337683141,-0.462695807,0.494887412,-0.382977366,-0.234112635,0.377944738,0.356881648
-0.142393827,-0.385428756,0.972663462,-0.00466389302,0.0208720881,-0.709449053,0.704432249,0.0125958268,0.00840559509,-0.012997794,0.193940401,-0.207642734,-0.0138239656,0.108492658,-0.0684364587,0.25154385,0.0182912834,-0.0641611591,-0.241600439,0.339869261,-0.464463592,0.483379781,-0.378788531,-0.234748423,0.378873706,0.346172005
-0.14243643,-0.385404855,0.972628593,-0.00414323155,0.0211918633,-0.708932579,0.704945564,0.0129746962,0.00846650265,-0.0150427148,0.195050329,-0.207908705,-0.0151056377,0.108145908,-0.070352599,0.252682209,0.0186711401,-0.0654432103,-0.239019722,0.341568589,-0.465769917,0.474367887,-0.373474717,-0.235139057,0.379642218,0.338158846
-0.142265096,-0.386249334,0.972552538,-0.00350498618,0.0212350804,-0.70853281,0.705349624,0.0148458052,0.00703008333,-0.0152022038,0.19521977,-0.207471296,-0.0154559165,0.106715716,-0.0700226799,0.252182573,0.017982753,-0.0654426068,-0.222491711,0.335752398,-0.459950417,0.50389111,-0.350790262,-0.231744364,0.377932578,0.371780336
-0.142093763,-0.387093782,0.972476482,-0.00286673638,0.0212782808,-0.708132505,0.705753088,0.0167169124,0.00559366448,-0.0153616928,0.195389211,-0.207033888,-0.0158061944,0.105285525,-0.0696927607,0.251682907,0.0172943641,-0.0654420033,-0.205963716,0.329936177,-0.454130918,0.533414304,-0.328105807,-0.228349671,0.376222968,0.405401826
-0.141922429,-0.387938231,0.972400427,-0.00222848379,0.0213214643,-0.707731664,0.706156015,0.0185880214,0.00415724562,-0.0155211817,0.195558652,-0.206596479,-0.0161564741,0.103855334,-0.069362849,0.251183242,0.016605977,-0.0654413998,-0.189435706,0.324119955,-0.448311418,0.562937498,-0.305421323,-0.224954978,0.374513358,0.439023346
-0.141751096,-0.38878268,0.972324371,-0.00159022992,0.0213646349,-0.707330287,0.706558526,0.0204591304,0.00272082677,-0.0156806707,0.195728093,-0.20615907,-0.016506752,0.102425143,-0.0690329298,0.250683576,0.015917588,-0.0654407963,-0.17290771,0.318303764,-0.442491919,0.592460692,-0.282736897,-0.221560284,0.372803718,0.472644836
-0.141579762,-0.389627129,0.972248316,-0.000951976108,0.0214077849,-0.706928372,0.70696038,0.0223302376,0.00128440792,-0.0158401597,0.195897534,-0.205721676,-0.0168570317,0.100994952,-0.0687030107,0.25018394,0.0152292,-0.0654401928,-0.156379715,0.312487543,-0.436672419,0.621983945,-0.260052443,-0.218165591,0.371094108,0.506266356
-0.141353667,-0.390457839,0.972212791,-0.000523943279,0.0214303434,-0.706781685,0.707107008,0.023990415,5.69729054E-05,-0.0150502771,0.195087045,-0.204887688,-0.0168447793,0.0998568684,-0.0675896332,0.248989165,0.0144964978,-0.0652986169,-0.140874133,0.305893064,-0.430570185,0.653575301,-0.239011779,-0.214463741,0.368664324,0.540161014
-0.141092286,-0.391279757,0.972203374,-0.00023134709,0.0214396324,-0.706799328,0.707089126,0.0255146958,-0.00103582139,-0.0136487503,0.193645224,-0.20379822,-0.0165989622,0.0989069715,-0.0659715086,0.24734658,0.013735245,-0.0650662258,-0.126027241,0.29879716,-0.424285769,0.686499178,-0.219030172,-0.210563987,0.365770578,0.574231625
-0.140830904,-0.392101645,0.972194016,6.12492222E-05,0.0214489177,-0.706816971,0.707071245,0.0270389766,-0.00212861574,-0.0122472243,0.192203403,-0.202708736,-0.0163531452,0.0979570746,-0.0643533766,0.245703995,0.0129739922,-0.0648338273,-0.111180365,0.291701287,-0.418001354,0.719422996,-0.199048549,-0.206664234,0.362876862,0.608302236
-0.140569538,-0.392923534,0.972184598,0.000353845506,0.0214582048,-0.706834614,0.707053304,0.0285632573,-0.00322141009,-0.0108456975,0.190761596,-0.201619267,-0.0161073301,0.0970071778,-0.0627352521,0.24406141,0.0122127393,-0.0646014363,-0.0963334814,0.284605384,-0.411716908,0.752346814,-0.179066941,-0.202764481,0.359983116,0.642372847
-0.140308157,-0.393745452,0.972175181,0.000646441709,0.0214674901,-0.706852138,0.707035303,0.0300875381,-0.00431420421,-0.00944417156,0.189319775,-0.200529784,-0.0158615131,0.0960572809,-0.0611171201,0.242418826,0.0114514865,-0.0643690377,-0.0814866051,0.277509481,-0.405432492,0.785270691,-0.159085333,-0.198864728,0.35708937,0.676443458
-0.140056282,-0.39450714,0.972186089,0.00092996849,0.0214845706,-0.706893861,0.706992686,0.0314621739,-0.00534898927,-0.00796366762,0.187522665,-0.199216872,-0.0155743659,0.0952100083,-0.0594838783,0.240504652,0.0108567439,-0.0640605092,-0.0675402954,0.270391703,-0.399894416,0.816805303,-0.140322223,-0.194655687,0.354776472,0.709448993
-0.139856011,-0.394941926,0.972307324,0.00116425112,0.0215440039,-0.707067251,0.70681715,0.0320242681,-0.00606879545,-0.00605433155,0.183796361,-0.196690693,-0.0150628043,0.094919987,-0.0577685572,0.237115785,0.0111661181,-0.0633385479,-0.0584838577,0.263155043,-0.398408681,0.840796888,-0.128175259,-0.188767269,0.355617523,0.736671209
-0.139655739,-0.395376712,0.97242856,0.0013985337,0.0216034371,-0.707240522,0.706641555,0.0325863659,-0.00678860163,-0.00414499547,0.180070058,-0.194164515,-0.0145512428,0.0946299657,-0.0560532361,0.233726934,0.0114754923,-0.0626165941,-0.0494274199,0.255918384,-0.396922946,0.864788473,-0.116028287,-0.182878852,0.356458575,0.763893366
-0.139455467,-0.395811498,0.972549796,0.00163281604,0.0216628648,-0.707413733,0.70646584,0.0331484601,-0.00750840781,-0.0022356594,0.176343769,-0.191638336,-0.0140396813,0.0943399444,-0.0543379113,0.230338067,0.0117848674,-0.0618946329,-0.0403709859,0.248681724,-0.395437211,0.888780057,-0.103881314,-0.176990449,0.357299656,0.791115582
-0.139255181,-0.396246254,0.972671032,0.00186709827,0.0217222888,-0.707586825,0.706290007,0.033710558,-0.00822821353,-0.000326323614,0.172617465,-0.189112157,-0.0135281198,0.0940499306,-0.0526225939,0.2269492,0.0120942416,-0.0611726753,-0.0313145481,0.241445065,-0.393951476,0.912771583,-0.0917343497,-0.171102032,0.358140707,0.818337798
-0.139054909,-0.396681041,0.972792268,0.00210138015,0.0217817109,-0.707759857,0.706114113,0.0342726521,-0.00894801971,0.00158301217,0.168891162,-0.186585978,-0.0130165592,0.0937599093,-0.0509072728,0.223560348,0.0124036158,-0.0604507178,-0.0222581141,0.234208405,-0.39246574,0.936763167,-0.0795873776,-0.16521363,0.358981758,0.845560014
-0.138920307,-0.397117794,0.972842753,0.00244533294,0.0216362942,-0.708063245,0.705813348,0.0343395583,-0.00998828281,0.00338250166,0.165615305,-0.184341058,-0.0121238343,0.0932055935,-0.0496556386,0.221281275,0.0118966233,-0.0598501191,-0.015834976,0.228148147,-0.394471526,0.957244396,-0.0714754984,-0.160049245,0.363700628,0.86741209
-0.138813451,-0.397555381,0.972863317,0.00283564534,0.0214042719,-0.70842135,0.705459416,0.0341971368,-0.0111640114,0.00513555622,0.162529871,-0.18221505,-0.0110699823,0.0925395563,-0.0486000217,0.219471335,0.011044533,-0.0593008175,-0.010525004,0.222585186,-0.397953272,0.976241648,-0.0650693625,-0.155190945,0.370058745,0.886994064
-0.138706595,-0.397992969,0.97288388,0.00322595774,0.021172246,-0.708779216,0.705105305,0.0340547152,-0.0123397401,0.00688861031,0.159444422,-0.180089042,-0.0100161312,0.0918735191,-0.0475444086,0.217661396,0.0101924418,-0.0587515198,-0.00521503249,0.217022225,-0.401435018,0.9952389,-0.0586632192,-0.150332645,0.376416862,0.906575978
-0.138599738,-0.398430526,0.972904503,0.00361626828,0.0209402069,-0.709136724,0.704750776,0.0339122936,-0.0135154678,0.00864166487,0.156358987,-0.177963018,-0.00896227919,0.0912074819,-0.0464887917,0.215851456,0.00934035052,-0.0582022183,9.49394962E-05,0.211459264,-0.404916734,1.01423621,-0.0522570796,-0.14547433,0.382775009,0.926157951
-0.138492882,-0.398868114,0.972925067,0.00400657672,0.0207081586,-0.709493935,0.70439595,0.033769872,-0.0146911964,0.0103947194,0.153273538,-0.17583701,-0.00790842716,0.0905414373,-0.0454331748,0.214041531,0.00848825928,-0.0576529168,0.00540491333,0.205896303,-0.408398479,1.03323352,-0.0458509363,-0.14061603,0.389133126,0.945739925
-0.138533518,-0.399724275,0.972801685,0.00426396402,0.0199653041,-0.709867954,0.704038858,0.0332434773,-0.0161246546,0.0106487619,0.156196266,-0.173679411,-0.00670835702,0.0895313174,-0.0432550199,0.213415161,0.00700507918,-0.0559584945,0.010571558,0.201143309,-0.41262731,1.05172873,-0.0397070609,-0.136757359,0.396838367,0.965318739
-0.139016122,-0.401834577,0.972246945,0.00412305817,0.0176918022,-0.710290909,0.70367378,0.0315665565,-0.0183303654,0.00641119806,0.177121744,-0.17142722,-0.00507016014,0.087490201,-0.0377133191,0.216335237,0.00363091589,-0.0508328415,0.0153087405,0.198817283,-0.419094563,1.06871963,-0.0343490243,-0.135893986,0.408580095,0.984888077
-0.139498726,-0.40394485,0.971692204,0.00398212718,0.0154181672,-0.710709989,0.703304827,0.0298896339,-0.0205360763,0.00217363448,0.198047206,-0.169175014,-0.00343196304,0.0854490772,-0.0321716145,0.219255313,0.000256752654,-0.0457071923,0.0200459231,0.196491256,-0.425561845,1.08571041,-0.0289909877,-0.135030627,0.420321822,1.00445747
-0.139981329,-0.406055152,0.971137524,0.00384117453,0.0131444363,-0.711125195,0.702932119,0.0282127131,-0.0227417871,-0.00206392957,0.218972668,-0.166922823,-0.00179376605,0.0834079534,-0.0266299136,0.22217539,-0.0031174107,-0.0405815393,0.0247831065,0.194165215,-0.432029128,1.10270131,-0.0236329511,-0.134167254,0.43206358,1.02402675
-0.140463933,-0.408165455,0.970582783,0.00370020093,0.0108706439,-0.711536407,0.702555418,0.0265357923,-0.024947498,-0.00630149292,0.239898145,-0.164670616,-0.000155569316,0.081366837,-0.0210882127,0.225095466,-0.00649157353,-0.03545589,0.0295202881,0.191839188,-0.438496381,1.11969221,-0.0182749163,-0.133303881,0.443805307,1.04359615
-0.140946537,-0.410275757,0.970028043,0.00355920964,0.00859683193,-0.711943805,0.702174902,0.0248588715,-0.0271532089,-0.0105390567,0.260823607,-0.162418425,0.00148262747,0.0793257132,-0.0155465119,0.228015542,-0.00986573659,-0.0303302389,0.0342574716,0.189513162,-0.444963664,1.13668311,-0.0129168816,-0.132440507,0.455547035,1.06316543
-0.142591357,-0.41195184,0.969943345,0.00276929885,0.00282833679,-0.713116646,0.701034188,0.0277232379,-0.0323600918,-0.0379710197,0.318284452,-0.161970466,0.00224699499,0.0740856528,-0.000519526715,0.22557193,-0.0105907079,-0.0230134036,0.0423581973,0.185125813,-0.451727569,1.15311396,-0.004228245,-0.134328067,0.467779875,1.08356607
-0.144531161,-0.413517714,0.969977975,0.0018144215,-0.00382829434,-0.71445334,0.699670255,0.0317401737,-0.0383286662,-0.0712896809,0.385017872,-0.161980435,0.00278958632,0.0680337101,0.0169148054,0.221767023,-0.0106433192,-0.0151404515,0.0513125807,0.180215314,-0.458566755,1.16940284,0.00530569162,-0.136913806,0.480137318,1.10417771
-0.146470949,-0.415083557,0.970012546,0.000859369,-0.0104853418,-0.715755343,0.69827193,0.0357571095,-0.0442972407,-0.104608327,0.451751292,-0.161990404,0.00333217741,0.0619817749,0.0343491361,0.217962131,-0.0106959306,-0.00726749934,0.0602669679,0.175304815,-0.465405941,1.1856916,0.0148396259,-0.139499545,0.492494792,1.12478924
-0.148410738,-0.416649431,0.970047176,-9.57189623E-05,-0.0171418283,-0.71702224,0.696839452,0.0397740453,-0.0502658151,-0.137926981,0.518484712,-0.162000358,0.0038747685,0.0559298322,0.0517834648,0.214157224,-0.0107485419,0.000605452689,0.0692213476,0.170394316,-0.472245127,1.20198047,0.0243735611,-0.142085284,0.504852295,1.14540088
-0.150350526,-0.418215275,0.970081806,-0.00105070253,-0.0237967856,-0.71825403,0.695373118,0.0437909812,-0.0562343933,-0.171245649,0.585218191,-0.162010327,0.00441735983,0.0498778895,0.0692178011,0.210352331,-0.0108011533,0.00847840682,0.0781757385,0.165483817,-0.479084313,1.21826923,0.0339074992,-0.144671023,0.517209768,1.16601241
-0.152673066,-0.41917485,0.969873488,-0.00293422653,-0.0312477201,-0.719452798,0.693831801,0.0494017825,-0.0626708195,-0.210684612,0.657560945,-0.162592664,0.00354533456,0.0442495346,0.0879459977,0.207949102,-0.0126320813,0.0155280158,0.0889129639,0.161405176,-0.48578909,1.23406231,0.0449922942,-0.147913933,0.52883482,1.18537629
-0.155722469,-0.418982983,0.969203949,-0.00658235559,-0.0402144939,-0.720597565,0.692155063,0.0580395982,-0.0699957833,-0.261747062,0.740556896,-0.164262027,-1.32809437E-05,0.0394256264,0.109131485,0.208207846,-0.0178403277,0.0210139602,0.103036091,0.158906356,-0.492238611,1.24891365,0.0590224266,-0.152404919,0.539068878,1.20237041
-0.158771873,-0.418791115,0.96853435,-0.0102308262,-0.0491797552,-0.721672118,0.690410078,0.0666774139,-0.0773207471,-0.312809527,0.823552847,-0.165931404,-0.00357189635,0.0346017182,0.130316973,0.208466604,-0.0230485722,0.0264999066,0.117159218,0.156407535,-0.498688102,1.2637651,0.0730525628,-0.156895906,0.549302995,1.21936464
-0.161821276,-0.418599248,0.967864811,-0.0138785671,-0.0581408665,-0.722675979,0.688597322,0.0753152296,-0.0846457034,-0.363871992,0.906548798,-0.167600766,-0.00713051204,0.0297778118,0.15150246,0.208725363,-0.0282568187,0.0319858529,0.131282344,0.153908715,-0.505137622,1.27861655,0.0870826989,-0.161386907,0.559537113,1.23635876
-0.164870679,-0.418407381,0.967195272,-0.0175245106,-0.0670952126,-0.723609149,0.68671751,0.0839530453,-0.0919706672,-0.414934427,0.98954469,-0.169270128,-0.0106891273,0.0249539055,0.172687948,0.208984122,-0.0334650613,0.0374717973,0.145405471,0.151409894,-0.511587083,1.29346788,0.101112828,-0.165877894,0.569771171,1.253353
-0.167920083,-0.418215513,0.966525674,-0.0211675838,-0.0760401562,-0.724471152,0.684771121,0.092590861,-0.0992956236,-0.465996891,1.07254064,-0.170939505,-0.0142477425,0.0201299991,0.193873435,0.209242865,-0.0386733077,0.0429577418,0.159528613,0.148911059,-0.518036604,1.30831933,0.115142964,-0.17036888,0.580005288,1.27034712
-0.17090188,-0.417397678,0.965706527,-0.0250144694,-0.0837054551,-0.725967705,0.682157338,0.0964175463,-0.0973063335,-0.51348573,1.13069296,-0.170397148,-0.0183643959,0.0168448277,0.210597456,0.210636973,-0.0458155796,0.0461621657,0.173616648,0.144410148,-0.523777306,1.31861854,0.129173338,-0.172494575,0.588252366,1.28195381
-0.173875496,-0.416504323,0.964869261,-0.0288853385,-0.0912126377,-0.727490306,0.679414213,0.0996633917,-0.0941925496,-0.56054318,1.18584585,-0.169587776,-0.0225484204,0.0137454262,0.226782858,0.212168142,-0.0531913415,0.0490911454,0.18770045,0.139667526,-0.529432476,1.32836831,0.143203735,-0.17433472,0.596259534,1.2929101
-0.176849127,-0.415610939,0.964032054,-0.0327543914,-0.0987134427,-0.728954077,0.676615715,0.102909245,-0.0910787657,-0.607600629,1.24099886,-0.168778405,-0.0267324448,0.0106460247,0.242968261,0.213699296,-0.0605671033,0.0520201288,0.201784253,0.134924904,-0.535087645,1.33811808,0.157234132,-0.176174849,0.604266703,1.30386639
-0.179822743,-0.414717555,0.963194847,-0.0366206765,-0.106206037,-0.730358601,0.673762262,0.10615509,-0.0879649892,-0.654658079,1.29615176,-0.167969018,-0.0309164673,0.00754662324,0.259153664,0.215230465,-0.0679428652,0.0549491085,0.215868056,0.130182266,-0.540742815,1.34786773,0.171264544,-0.178014994,0.612273872,1.31482267
-0.182796374,-0.413824171,0.962357581,-0.0404832587,-0.113688581,-0.731703579,0.670854688,0.109400935,-0.0848512053,-0.701715529,1.35130477,-0.167159647,-0.0351004936,0.00444722082,0.275339067,0.216761634,-0.0753186345,0.0578780882,0.229951873,0.125439644,-0.546397984,1.3576175,0.185294941,-0.179855138,0.620281041,1.32577896
-0.185093969,-0.413056642,0.961798072,-0.0433416329,-0.118086323,-0.733000457,0.66849649,0.107325956,-0.0795039386,-0.728367507,1.37842131,-0.166049764,-0.0389318578,0.00464760326,0.28451997,0.218703553,-0.0809739679,0.0601342916,0.239981458,0.12296354,-0.549962938,1.36134529,0.193324447,-0.179705888,0.625568151,1.32912815
-0.186529875,-0.412449479,0.961592495,-0.0449242927,-0.118562967,-0.734291911,0.666888475,0.0984687656,-0.0713097677,-0.729009688,1.36980116,-0.164556801,-0.0423137061,0.00905406848,0.284772575,0.221169025,-0.084436357,0.0615329333,0.244843334,0.123376474,-0.550863504,1.3573972,0.193704873,-0.177020878,0.627388239,1.32278085
-0.18796578,-0.411842346,0.961386919,-0.0465066619,-0.11903879,-0.735578239,0.665275633,0.089611575,-0.0631155893,-0.729651809,1.36118102,-0.163063854,-0.0456955582,0.0134605337,0.285025179,0.223634496,-0.0878987536,0.0629315749,0.24970521,0.123789407,-0.551764131,1.35344899,0.1940853,-0.174335867,0.629208326,1.31643355
-0.189401686,-0.411235213,0.961181343,-0.0480887145,-0.11951378,-0.736859381,0.663658202,0.0807543769,-0.054921411,-0.730293989,1.35256088,-0.161570907,-0.0490774065,0.0178669989,0.285277784,0.226099968,-0.0913611427,0.0643302202,0.254567087,0.124202341,-0.552664757,1.34950089,0.194465727,-0.171650857,0.631028414,1.31008625
-0.190837577,-0.41062808,0.960975766,-0.0496704169,-0.119987935,-0.738135397,0.66203624,0.0718971863,-0.0467272364,-0.73093611,1.34394073,-0.160077959,-0.0524592549,0.0222734641,0.285530388,0.22856544,-0.0948235318,0.0657288656,0.259428948,0.124615274,-0.553565383,1.3455528,0.194846153,-0.168965846,0.632848501,1.30373895
-0.192273483,-0.410020918,0.96077019,-0.0512517281,-0.12046124,-0.739406228,0.66040957,0.0630399957,-0.0385330617,-0.73157829,1.33532059,-0.158585012,-0.0558411032,0.0266799293,0.285782993,0.231030911,-0.0982859209,0.0671275035,0.264290839,0.125028208,-0.55446595,1.34160459,0.19522658,-0.166280851,0.634668529,1.29739153
-0.193225309,-0.409290433,0.961755633,-0.0497005247,-0.117473058,-0.740352213,0.660006583,0.0622676983,-0.0368432514,-0.700991392,1.27782118,-0.148811176,-0.0584988371,0.0314953923,0.278138727,0.225991353,-0.0910678133,0.063320145,0.261071861,0.123539731,-0.548269987,1.33433115,0.186288983,-0.161625475,0.629611433,1.28679025
-0.194170743,-0.408558339,0.962756813,-0.0481072776,-0.114437573,-0.74128449,0.659611285,0.0616020784,-0.0352392606,-0.669992387,1.21967697,-0.138928086,-0.0611470155,0.0363162532,0.270390272,0.220852777,-0.083708778,0.0594440959,0.257746279,0.122026168,-0.541980326,1.32701385,0.177228436,-0.156944111,0.624463618,1.27613294
-0.195116177,-0.407826215,0.963757992,-0.0465133935,-0.111400567,-0.742207408,0.659207582,0.0609364547,-0.0336352736,-0.638993442,1.16153276,-0.129044995,-0.063795194,0.0411371142,0.262641817,0.215714201,-0.0763497502,0.0555680431,0.254420668,0.120512605,-0.535690665,1.31969655,0.168167889,-0.152262747,0.619315803,1.26547551
-0.196061611,-0.407094091,0.964759171,-0.0449189246,-0.108362168,-0.743120849,0.658795536,0.060270831,-0.0320312865,-0.607994497,1.10338855,-0.119161904,-0.0664433688,0.0459579751,0.254893363,0.210575625,-0.0689907148,0.0516919903,0.251095086,0.118999042,-0.529401064,1.31237924,0.159107342,-0.147581384,0.614167988,1.25481808
-0.197007045,-0.406361997,0.96576035,-0.0433239304,-0.105322473,-0.744024694,0.658375025,0.059605211,-0.0304272957,-0.576995552,1.04524422,-0.109278813,-0.069091551,0.050778836,0.247144893,0.205437034,-0.0616316795,0.0478159413,0.24776949,0.117485479,-0.523111403,1.30506194,0.150046811,-0.14290002,0.609020114,1.24416065
-0.197719574,-0.406018764,0.966530681,-0.0421000533,-0.101952367,-0.744621933,0.658309639,0.0605161712,-0.0292111635,-0.548694491,0.996480346,-0.102355197,-0.0703213364,0.0555370823,0.239744961,0.201192334,-0.0553708002,0.0454497486,0.243353754,0.116916046,-0.517911851,1.29789996,0.140198261,-0.13912566,0.605594873,1.23339188
-0.198229149,-0.406014502,0.967099786,-0.0411994047,-0.0982937738,-0.744949758,0.658552051,0.062801145,-0.0283330493,-0.522744715,0.95589155,-0.0980107933,-0.0703149885,0.0602407604,0.232648775,0.197726667,-0.0500669628,0.0443994105,0.23798795,0.117169432,-0.513662338,1.29087329,0.129662961,-0.136141762,0.603670895,1.22252607
-0.198738724,-0.40601024,0.967668891,-0.0402981415,-0.0946336612,-0.745267034,0.658785045,0.0650861114,-0.027454935,-0.496794939,0.915302753,-0.0936663896,-0.0703086331,0.0649444386,0.225552574,0.194260985,-0.0447631292,0.0433490723,0.232622132,0.117422812,-0.509412825,1.28384674,0.119127661,-0.133157879,0.601746917,1.21166015
-0.199248299,-0.406005979,0.968237996,-0.0393962935,-0.0909721628,-0.74557358,0.659008503,0.0673710853,-0.0265768226,-0.470845163,0.874713898,-0.0893219858,-0.0703022853,0.0696481168,0.218456388,0.190795317,-0.0394592956,0.0422987342,0.227256313,0.117676198,-0.505163312,1.27682006,0.108592354,-0.130173981,0.599822938,1.20079434
-0.199757859,-0.406001717,0.968807101,-0.0384938978,-0.0873094499,-0.745869279,0.659222484,0.0696560591,-0.0256987084,-0.444895387,0.834125102,-0.0849775821,-0.0702959299,0.074351795,0.211360201,0.187329635,-0.0341554582,0.0412483998,0.221890509,0.117929585,-0.500913739,1.26979339,0.098057054,-0.127190083,0.59789896,1.18992853
-0.200178921,-0.405980617,0.969371498,-0.0376329534,-0.0836288184,-0.746107101,0.659480393,0.0719728917,-0.0247386228,-0.419361293,0.794504821,-0.0811920166,-0.0701284632,0.078864038,0.204064369,0.18399924,-0.0285600238,0.0401751548,0.216220796,0.118187509,-0.496776998,1.26304352,0.0878133699,-0.124403879,0.596010566,1.17966354
-0.19960475,-0.405770332,0.969883144,-0.0372431576,-0.0797574595,-0.745801389,0.660327315,0.0746479779,-0.0228569005,-0.398501128,0.765773475,-0.0836895928,-0.0681495667,0.081223987,0.19452402,0.182189763,-0.0196860489,0.0388443731,0.207134306,0.118496425,-0.493907779,1.25940502,0.0808483288,-0.12384031,0.594522655,1.17615545
-0.199030593,-0.405560076,0.97039479,-0.0368527435,-0.0758846179,-0.745483816,0.661163688,0.0773230568,-0.0209751781,-0.377640933,0.737042129,-0.0861871615,-0.0661706701,0.0835839286,0.184983656,0.1803803,-0.0108120749,0.0375135913,0.198047832,0.118805341,-0.491038591,1.25576663,0.0738832876,-0.12327674,0.593034804,1.17264724
-0.198456421,-0.405349791,0.970906377,-0.036461737,-0.0720104873,-0.745154262,0.66198957,0.079998143,-0.0190934557,-0.356780738,0.708310723,-0.0886847377,-0.0641917661,0.0859438702,0.175443307,0.178570822,-0.00193809916,0.0361828096,0.188961342,0.119114257,-0.488169372,1.25212812,0.0669182464,-0.122713171,0.591546893,1.16913903
-0.197882265,-0.405139536,0.971418023,-0.0360701531,-0.0681352615,-0.744812906,0.662804961,0.0826732293,-0.0172117334,-0.335920542,0.679579377,-0.0911823139,-0.0622128695,0.0883038193,0.165902942,0.176761359,0.00693587493,0.0348520279,0.179874852,0.119423173,-0.485300183,1.24848962,0.059953209,-0.122149602,0.590058982,1.16563082
-0.197308093,-0.40492925,0.971929669,-0.0356780104,-0.0642591119,-0.744459629,0.663609743,0.0853483155,-0.015330011,-0.315060377,0.650848031,-0.0936798826,-0.060233973,0.0906637609,0.156362593,0.174951896,0.0158098489,0.0335212462,0.170788378,0.119732089,-0.482430965,1.24485123,0.0529881716,-0.121586032,0.588571072,1.16212261
-0.195932746,-0.404757679,0.972205579,-0.0355496854,-0.0601269193,-0.743937075,0.664588988,0.0873841122,-0.0128097553,-0.297051251,0.627429307,-0.0989172086,-0.0583079159,0.0926873162,0.146095887,0.174006388,0.0241051577,0.0294600893,0.160520047,0.118982524,-0.481860548,1.24325478,0.049823951,-0.122746281,0.588257611,1.16133833
-0.194084883,-0.404608905,0.972342432,-0.0355766006,-0.0558428094,-0.743307531,0.665664911,0.0890428871,-0.00991292298,-0.280723572,0.607143641,-0.105770312,-0.0564130209,0.0945124775,0.135400817,0.173570409,0.0320591927,0.0237886831,0.149554729,0.117608711,-0.48264581,1.24286258,0.0489012823,-0.124923155,0.588636756,1.16216052
-0.192237034,-0.404460132,0.972479343,-0.035602808,-0.0515574068,-0.742663145,0.666727722,0.090701662,-0.00701608974,-0.264395893,0.586857975,-0.112623416,-0.054518126,0.0963376462,0.124705747,0.173134431,0.0400132313,0.018117277,0.138589412,0.116234899,-0.483431101,1.2424705,0.0479786098,-0.127100036,0.589015901,1.1629827
-0.190389171,-0.404311359,0.972616196,-0.0356283076,-0.0472709537,-0.742003977,0.667777181,0.0923604369,-0.00411925698,-0.248068213,0.566572309,-0.11947652,-0.052623231,0.0981628075,0.114010677,0.172698453,0.04796727,0.0124458708,0.127624094,0.114861086,-0.484216392,1.24207842,0.0470559411,-0.129276901,0.589395046,1.16380489
-0.188541308,-0.404162586,0.972753108,-0.0356530957,-0.0429837145,-0.741329908,0.668813229,0.0940192118,-0.00122242444,-0.231740534,0.546286702,-0.126329616,-0.050728336,0.0999879763,0.103315607,0.172262475,0.055921305,0.00677446602,0.11665877,0.113487273,-0.485001683,1.24168622,0.0461332686,-0.131453782,0.589774191,1.16462708
-0.186555415,-0.404085129,0.97253561,-0.0363019742,-0.0388133489,-0.740694404,0.669736922,0.0949479416,0.0023953428,-0.215530932,0.527040005,-0.133318633,-0.0496487059,0.101836853,0.0920594707,0.175248116,0.0636875033,0.000809321471,0.106559679,0.112201743,-0.486721456,1.24133599,0.0463261157,-0.13405852,0.590844989,1.16495776
-0.183924913,-0.404340625,0.970663369,-0.0398678593,-0.0351902023,-0.74028933,0.67018199,0.0924675986,0.00937960856,-0.199872643,0.512645125,-0.14094229,-0.0523760505,0.103796452,0.0781833753,0.194211453,0.0705765635,-0.00652747601,0.100505561,0.111328498,-0.492805004,1.24118125,0.0517280139,-0.13866125,0.595145524,1.16299307
-0.181294411,-0.40459609,0.968791127,-0.043432992,-0.0315658338,-0.739864767,0.670609593,0.0899872556,0.0163638741,-0.184214354,0.498250186,-0.148565948,-0.0551033989,0.105756052,0.0643072724,0.213174775,0.0774656236,-0.0138642732,0.0944514349,0.110455245,-0.498888552,1.24102664,0.0571299121,-0.143263981,0.599445999,1.1610285
-0.178663924,-0.404851586,0.966918886,-0.0469970852,-0.0279405396,-0.739420891,0.671019733,0.0875069201,0.0233481415,-0.168556064,0.483855277,-0.156189606,-0.0578307472,0.107715659,0.0504311733,0.232138097,0.0843546838,-0.0212010704,0.0883973092,0.109581992,-0.5049721,1.24087191,0.062531814,-0.147866711,0.603746533,1.15906382
-0.176033422,-0.405107081,0.965046704,-0.0505598634,-0.0243145935,-0.738957584,0.67141217,0.0850265771,0.030332407,-0.15289779,0.469460368,-0.163813263,-0.0605580956,0.109675258,0.0365550779,0.251101434,0.0912437439,-0.0285378676,0.0823431909,0.108708739,-0.511055648,1.24071717,0.0679337084,-0.152469426,0.608047068,1.15709913
-0.17340292,-0.405362576,0.963174462,-0.0541210398,-0.0206882861,-0.738474905,0.671786964,0.0825462341,0.0373166725,-0.137239501,0.455065459,-0.171436921,-0.0632854402,0.111634858,0.0226789806,0.270064741,0.098132804,-0.0358746648,0.0762890652,0.107835494,-0.517139196,1.24056256,0.0733356103,-0.157072157,0.612347603,1.15513444
-0.170475155,-0.405028492,0.962945521,-0.061844945,-0.0183113255,-0.737923086,0.671795607,0.0779099688,0.046928633,-0.115461379,0.441225976,-0.176567242,-0.0700950176,0.117162682,-0.00953192823,0.315662205,0.101255968,-0.0416133329,0.0783171505,0.111256763,-0.52744782,1.23937666,0.0795622766,-0.158683807,0.620244026,1.14743531
-0.167433918,-0.404469371,0.963343859,-0.0711562261,-0.0164093319,-0.737291634,0.671616316,0.0724507049,0.0575436726,-0.0913471207,0.427598536,-0.180745766,-0.0784629062,0.124052614,-0.0487418473,0.371426761,0.102941565,-0.0467419364,0.0834304839,0.116317399,-0.539369345,1.23779702,0.0861037821,-0.15915367,0.629513144,1.13754725
-0.16439268,-0.40391022,0.963742197,-0.0804627389,-0.0145055028,-0.736593246,0.67137599,0.0669914484,0.068158716,-0.0672328621,0.413971096,-0.18492429,-0.0868308023,0.130942538,-0.0879517645,0.427191347,0.104627162,-0.0518705435,0.0885438249,0.121378027,-0.55129081,1.2362175,0.092645295,-0.159623519,0.638782263,1.12765908
-0.161351442,-0.403351098,0.964140534,-0.0897619575,-0.0126003558,-0.735827923,0.671074748,0.0615321882,0.0787737519,-0.0431186035,0.400343657,-0.189102814,-0.0951986909,0.137832478,-0.127161682,0.482955903,0.106312752,-0.0569991469,0.0936571583,0.126438662,-0.563212335,1.23463798,0.0991868004,-0.160093382,0.648051381,1.11777091
-0.158310205,-0.402791977,0.964538872,-0.0990513414,-0.0106944088,-0.734995902,0.67071259,0.056072928,0.0893887952,-0.0190043375,0.386716217,-0.193281338,-0.103566587,0.144722417,-0.166371614,0.538720489,0.107998349,-0.0621277541,0.0987704918,0.131499305,-0.575133801,1.23305845,0.105728313,-0.160563231,0.657320499,1.10788274
-0.155859366,-0.402409047,0.965080738,-0.107067443,-0.00915317517,-0.733964205,0.670633614,0.0519580878,0.0975631624,0.00301564764,0.37419647,-0.198059261,-0.109355256,0.152628496,-0.202895969,0.589367211,0.107402384,-0.068113558,0.105057396,0.135419115,-0.587391496,1.23093808,0.109466605,-0.160663426,0.664108872,1.09142172
-0.154996067,-0.402499944,0.966008484,-0.111686476,-0.00859321002,-0.732537866,0.671446621,0.0514583364,0.099174656,0.0194042083,0.364655286,-0.204448923,-0.10820847,0.163266987,-0.232198998,0.626252115,0.100671388,-0.0764043406,0.114499971,0.136271298,-0.600553393,1.22736311,0.105667159,-0.159769595,0.664226651,1.05728638
-0.154132769,-0.402590841,0.966936171,-0.116303131,-0.00803299714,-0.731093645,0.672243357,0.0509585887,0.10078615,0.0357927717,0.355114073,-0.210838601,-0.107061692,0.173905477,-0.261502028,0.663137019,0.0939403847,-0.0846951231,0.123942547,0.13712348,-0.613715231,1.22378826,0.101867706,-0.158875763,0.66434449,1.02315092
-0.15326947,-0.402681768,0.967863858,-0.120917037,-0.00747257518,-0.729631543,0.67302376,0.0504588373,0.102397643,0.0521813333,0.345572859,-0.217228264,-0.105914906,0.184543967,-0.290805072,0.700021923,0.0872093886,-0.0929859057,0.133385122,0.137975663,-0.626877129,1.22021341,0.0980682597,-0.157981932,0.664462328,0.989015579
-0.152406156,-0.402772665,0.968791604,-0.125527903,-0.00691198697,-0.728151798,0.673787773,0.0499590859,0.104009144,0.0685698912,0.336031675,-0.223617941,-0.104768127,0.195182458,-0.320108086,0.736906826,0.0804783851,-0.101276688,0.14282769,0.138827845,-0.640038967,1.21663845,0.0942688063,-0.157088101,0.664580107,0.954880178
-0.151542857,-0.402863562,0.969719291,-0.130135372,-0.00635127351,-0.72665441,0.674535334,0.0494593382,0.105620638,0.0849584565,0.326490462,-0.230007619,-0.103621341,0.205820948,-0.34941113,0.77379173,0.073747389,-0.109567471,0.152270272,0.139680028,-0.653200865,1.2130636,0.0904693604,-0.15619427,0.664697945,0.920744777
-0.151106283,-0.402921855,0.970019042,-0.13169229,-0.0066768527,-0.726065636,0.674863994,0.0507252142,0.101396561,0.0957485288,0.320766807,-0.235447213,-0.0995573774,0.20577988,-0.372011691,0.793173552,0.0660075918,-0.118662663,0.15597342,0.137460783,-0.662331104,1.21034861,0.0966015607,-0.159961566,0.662038505,0.902084649
-0.150764376,-0.402972907,0.970179558,-0.132572785,-0.00719906716,-0.725679874,0.675101101,0.0523828045,0.0958778411,0.10529656,0.315890104,-0.240676045,-0.0948462188,0.203369513,-0.393125296,0.808672309,0.058043994,-0.127936319,0.158403248,0.134560123,-0.670566976,1.20782435,0.104937129,-0.164762944,0.658762932,0.886857688
-0.150422469,-0.403023928,0.970340014,-0.133453101,-0.0077212723,-0.725293219,0.675337374,0.054040391,0.090359129,0.11484459,0.311013401,-0.245904878,-0.0901350603,0.200959146,-0.41423893,0.824171007,0.0500803962,-0.137209967,0.160833076,0.131659463,-0.678802848,1.20530009,0.113272697,-0.169564322,0.655487359,0.871630788
-0.150080562,-0.40307498,0.970500469,-0.134333253,-0.00824346859,-0.72490567,0.675572813,0.0556979813,0.0848404095,0.124392621,0.306136668,-0.25113371,-0.0854239091,0.198548779,-0.435352534,0.839669764,0.0421167985,-0.14648363,0.163262919,0.128758803,-0.68703872,1.20277584,0.121608265,-0.174365699,0.652211845,0.856403828
-0.149738654,-0.403126031,0.970660985,-0.135213241,-0.00876565278,-0.724517107,0.675807416,0.0573555678,0.0793216899,0.133940652,0.301259965,-0.256362557,-0.0807127506,0.196138427,-0.456466138,0.855168462,0.034153197,-0.155757278,0.165692747,0.125858143,-0.695274651,1.20025158,0.129943833,-0.179167077,0.648936272,0.841176927
-0.149513662,-0.402970016,0.970907867,-0.135001048,-0.00859556161,-0.724408567,0.675968289,0.0588498637,0.0736569241,0.139573827,0.297100902,-0.258273393,-0.0770968124,0.192448109,-0.466922253,0.859764636,0.0277263094,-0.161674649,0.166116059,0.123282328,-0.699954033,1.1972928,0.136171535,-0.18291679,0.644863546,0.827200115
-0.1494914,-0.402454972,0.971304715,-0.132894784,-0.00722509576,-0.724783659,0.675999641,0.0600610338,0.0677389205,0.138419062,0.294186175,-0.254431188,-0.0753798634,0.186538503,-0.458899468,0.845456958,0.0239639021,-0.161772579,0.163060278,0.121269755,-0.698467016,1.19358075,0.138744429,-0.184843063,0.639408767,0.815390944
-0.149469122,-0.401939929,0.971701562,-0.130787596,-0.0058545596,-0.725154042,0.676026702,0.0612722002,0.0618209131,0.137264296,0.291271418,-0.250588983,-0.0736629143,0.180628911,-0.450876653,0.83114928,0.0202014968,-0.161870509,0.160004511,0.119257182,-0.69697994,1.18986869,0.141317323,-0.186769351,0.633953929,0.803581774
-0.14944686,-0.401424915,0.972098351,-0.128679574,-0.00448397826,-0.725519717,0.676049292,0.0624833703,0.0559029058,0.136109531,0.288356692,-0.246746793,-0.0719459727,0.174719304,-0.442853868,0.816841543,0.0164390896,-0.161968455,0.15694873,0.117244609,-0.695492923,1.18615651,0.143890217,-0.188695624,0.62849915,0.791772604
-0.149424583,-0.400909871,0.972495198,-0.126570731,-0.0031133804,-0.725880742,0.676067591,0.0636945367,0.0499849021,0.134954765,0.285441965,-0.242904603,-0.0702290237,0.168809697,-0.434831053,0.802533865,0.0126766823,-0.162066385,0.153892964,0.115232036,-0.694005847,1.18244445,0.146463111,-0.190621898,0.623044372,0.779963434
-0.14940232,-0.400394827,0.972892046,-0.124461114,-0.00174279104,-0.726237059,0.676081538,0.0649057031,0.0440668948,0.1338,0.282527208,-0.239062399,-0.0685120746,0.162900105,-0.426808268,0.788226187,0.00891427603,-0.162164316,0.150837198,0.113219462,-0.692518771,1.1787324,0.149036005,-0.192548171,0.617589533,0.768154263
-0.149790719,-0.400529653,0.97334671,-0.121891662,0.000405467435,-0.726223588,0.676566124,0.0655241832,0.0406570584,0.130222663,0.279817104,-0.233633459,-0.0677015036,0.159257248,-0.413882345,0.768193126,0.00583571428,-0.158269674,0.147769347,0.113430157,-0.685606778,1.17500448,0.151281402,-0.193947494,0.610410333,0.764589727
-0.150218204,-0.400726289,0.973806977,-0.119276993,0.00262779696,-0.726166725,0.677087903,0.0660862699,0.0374858379,0.12641485,0.277126431,-0.22805357,-0.0669771582,0.155830026,-0.400489956,0.747615457,0.00282221031,-0.153995201,0.144700348,0.113852367,-0.678178608,1.17127502,0.15349564,-0.195296675,0.6030671,0.761809587
-0.150645673,-0.400922924,0.974267185,-0.116660841,0.00485013891,-0.72610122,0.677601576,0.0666483566,0.0343146175,0.122607037,0.274435788,-0.222473681,-0.0662528202,0.152402818,-0.387097597,0.727037728,-0.000191293351,-0.149720728,0.14163135,0.114274576,-0.670750439,1.16754556,0.155709878,-0.196645856,0.595723867,0.759029388
-0.151073158,-0.40111953,0.974727392,-0.11404328,0.00707241101,-0.726026833,0.678107083,0.0672104508,0.031143399,0.118799224,0.271745145,-0.216893792,-0.0655284747,0.148975611,-0.373705208,0.706460059,-0.00320479693,-0.145446256,0.138562366,0.114696786,-0.66332233,1.16381621,0.157924116,-0.197995037,0.588380635,0.756249249
-0.151500627,-0.401316166,0.9751876,-0.111424431,0.0092945369,-0.725943804,0.678604364,0.0677725375,0.0279721785,0.114991412,0.269054502,-0.211313903,-0.0648041368,0.145548403,-0.360312819,0.68588233,-0.0062183016,-0.141171768,0.135493368,0.115118995,-0.65589416,1.16008675,0.160138354,-0.199344233,0.581037402,0.75346905
-0.152234942,-0.40183422,0.97566241,-0.109056763,0.0114583401,-0.725641668,0.679278672,0.0668868572,0.0265425164,0.110097274,0.267258286,-0.205357149,-0.0637632459,0.142998382,-0.346227914,0.666436613,-0.00940322038,-0.134480447,0.133149162,0.116035596,-0.64894557,1.15642619,0.160815015,-0.199322894,0.57425344,0.756513596
-0.153328732,-0.402728856,0.976154268,-0.106983677,0.0135539882,-0.725085616,0.680163026,0.0643049031,0.0271533523,0.103930339,0.26651004,-0.198958859,-0.0623514801,0.141476154,-0.331331551,0.648317158,-0.0127889765,-0.124957427,0.131654173,0.117531434,-0.642558813,1.15284646,0.159690201,-0.197695777,0.568124771,0.766382694
-0.154422522,-0.403623492,0.976646185,-0.10490948,0.0156495534,-0.724522352,0.681040704,0.0617229491,0.0277641881,0.0977634117,0.265761793,-0.192560554,-0.0609397143,0.139953926,-0.316435188,0.630197644,-0.0161747336,-0.115434401,0.130159184,0.119027279,-0.636172056,1.14926672,0.158565372,-0.196068659,0.561996102,0.776251733
-0.155516312,-0.404518098,0.977138042,-0.102834262,0.0177449789,-0.723952055,0.681911767,0.0591409914,0.0283750221,0.0915964767,0.265013546,-0.186162248,-0.0595279448,0.138431683,-0.301538855,0.61207819,-0.0195604917,-0.105911382,0.128664181,0.120523117,-0.629785299,1.14568686,0.157440558,-0.194441542,0.555867434,0.786120832
-0.156610101,-0.405412734,0.9776299,-0.100758061,0.0198402014,-0.723374724,0.682776213,0.0565590374,0.028985858,0.0854295492,0.264265299,-0.179763958,-0.0581161752,0.136909455,-0.286642492,0.593958735,-0.0229462478,-0.0963883623,0.127169192,0.122018963,-0.623398542,1.14210713,0.156315729,-0.19281444,0.549738705,0.795989931
-0.157715365,-0.406307399,0.978122532,-0.0986848548,0.0219310541,-0.722776711,0.683647692,0.053935077,0.0296398718,0.0792090744,0.263539463,-0.173349842,-0.0566955544,0.135407329,-0.27174902,0.575858772,-0.0263260361,-0.0867933705,0.125721097,0.123530507,-0.617037535,1.1385237,0.15517284,-0.191165313,0.543630719,0.805905998
-0.160275087,-0.407204032,0.978705585,-0.0971053094,0.0235017948,-0.720455527,0.686266899,0.0459882505,0.0357654616,0.0662041157,0.265651166,-0.164932668,-0.0541531146,0.136454433,-0.257220209,0.560230553,-0.0289496016,-0.068079032,0.130216971,0.127031982,-0.61393702,1.13447309,0.151739642,-0.186727136,0.540147066,0.821781576
-0.162834793,-0.408100665,0.979288697,-0.0955239981,0.0250722226,-0.718121707,0.688874245,0.0380414277,0.0418910496,0.0531991608,0.26776287,-0.156515479,-0.0516106747,0.137501523,-0.242691398,0.544602334,-0.0315731689,-0.0493647009,0.13471283,0.130533457,-0.610836506,1.13042259,0.148306459,-0.18228896,0.536663413,0.837657094
-0.165394515,-0.408997297,0.979871809,-0.0939410031,0.0266422573,-0.71577549,0.691470027,0.0300946049,0.0480166376,0.0401942059,0.269874603,-0.148098305,-0.0490682311,0.138548613,-0.228162572,0.528974116,-0.0341967344,-0.0306503605,0.139208689,0.134034932,-0.607736051,1.12637198,0.144873261,-0.177850768,0.53317976,0.853532672
-0.167954221,-0.40989396,0.980454922,-0.0923564062,0.028211819,-0.713416934,0.694053769,0.0221477803,0.0541422293,0.0271892473,0.271986306,-0.139681116,-0.0465257913,0.139595702,-0.213633761,0.513345897,-0.0368202999,-0.0119360257,0.143704563,0.137536407,-0.604635537,1.12232149,0.141440064,-0.173412591,0.529696107,0.86940819
-0.170513943,-0.410790592,0.981037974,-0.0907702968,0.0297808275,-0.711046278,0.696625471,0.0142009556,0.0602678172,0.0141842877,0.274098009,-0.131263927,-0.0439833477,0.140642807,-0.19910495,0.497717679,-0.0394438654,0.00677831611,0.148200423,0.141037881,-0.601535022,1.11827087,0.138006866,-0.168974414,0.526212454,0.885283709
-0.17400229,-0.411916763,0.981243134,-0.0895503312,0.030881336,-0.706238985,0.701607883,0.0106895333,0.0642600358,0.00447670976,0.277827054,-0.128991738,-0.0442586653,0.142995462,-0.187615797,0.484951019,-0.0413095616,0.0262418874,0.153979376,0.145746395,-0.598194361,1.11488676,0.136856467,-0.162911087,0.522808731,0.903333962
-0.178234652,-0.413226843,0.981145501,-0.0886176825,0.0316047631,-0.699432313,0.708478987,0.0107318303,0.0665429533,-0.00258895219,0.282851934,-0.131643027,-0.0467916243,0.146394148,-0.17856209,0.474477053,-0.0425680391,0.0463057645,0.160786346,0.151421994,-0.594661176,1.11203647,0.137535065,-0.155545667,0.519469023,0.923126638
-0.182467028,-0.414536923,0.981047809,-0.0876764357,0.0323253535,-0.692557812,0.715284407,0.0107741281,0.0688258708,-0.00965461414,0.287876815,-0.134294331,-0.0493245795,0.149792835,-0.169508368,0.464003116,-0.0438265204,0.0663696453,0.167593315,0.157097608,-0.591127992,1.10918617,0.138213679,-0.148180246,0.516129315,0.942919314
-0.18669939,-0.415846974,0.980950177,-0.0867267996,0.0330428928,-0.685617149,0.722021937,0.010816426,0.0711087883,-0.0167202763,0.292901695,-0.13694562,-0.0518575348,0.153191522,-0.160454646,0.453529179,-0.045084998,0.0864335224,0.174400285,0.162773207,-0.587594867,1.10633588,0.138892278,-0.140814826,0.512789667,0.96271199
-0.190931767,-0.417157054,0.980852485,-0.0857690945,0.03375718,-0.67861253,0.728689909,0.0108587239,0.0733917058,-0.0237859376,0.297926575,-0.139596909,-0.0543904938,0.156590208,-0.151400939,0.443055212,-0.0463434756,0.106497392,0.181207255,0.168448821,-0.584061682,1.10348558,0.139570877,-0.133449405,0.509449959,0.982504666
-0.19512473,-0.418544859,0.980737388,-0.0848270729,0.0343969166,-0.671158195,0.735641181,0.0122827338,0.0754357502,-0.0301156044,0.302602977,-0.142601535,-0.0562589206,0.160209879,-0.142617092,0.432325304,-0.0473354422,0.126417741,0.187343642,0.173935086,-0.580874026,1.10086238,0.139725506,-0.126277789,0.506244957,1.00214994
-0.198972836,-0.42061305,0.980469286,-0.0840765387,0.0344084576,-0.660194635,0.745580435,0.025801193,0.0753888711,-0.0300029255,0.304229081,-0.148698971,-0.0523105785,0.165763885,-0.136195555,0.419354618,-0.0459945649,0.145081699,0.187610283,0.177764118,-0.580710709,1.10022664,0.135293618,-0.120802552,0.504218698,1.02050555
-0.202820927,-0.422681212,0.980201244,-0.083306998,0.0344124511,-0.64907819,0.755363047,0.0393196531,0.0753419921,-0.0298902467,0.305855185,-0.154796407,-0.0483622365,0.171317875,-0.129774019,0.406383961,-0.0446536839,0.163745672,0.18787694,0.18159315,-0.580547392,1.0995909,0.130861729,-0.115327321,0.502192438,1.03886116
-0.206669018,-0.424749374,0.979933202,-0.0825189203,0.0344088711,-0.637815893,0.764982104,0.0528381132,0.075295113,-0.0297775678,0.307481289,-0.160893857,-0.0444138944,0.176871866,-0.123352468,0.393413305,-0.0433128066,0.182409644,0.188143596,0.185422182,-0.580384076,1.09895515,0.126429856,-0.10985209,0.500166237,1.05721676
-0.210517108,-0.426817566,0.979665101,-0.0817128196,0.034397725,-0.626415133,0.774431288,0.0663565695,0.075248234,-0.029664889,0.309107393,-0.166991293,-0.0404655524,0.182425857,-0.116930932,0.380442649,-0.0419719256,0.201073602,0.188410237,0.189251214,-0.580220759,1.09831941,0.121997967,-0.104376867,0.498139977,1.07557237
-0.214365199,-0.428885728,0.979397058,-0.0808892548,0.0343790278,-0.614883721,0.783704638,0.0798750296,0.0752013549,-0.0295522101,0.310733497,-0.173088744,-0.0365172103,0.187979862,-0.110509388,0.367471993,-0.0406310484,0.219737574,0.188676894,0.193080246,-0.580057442,1.09768367,0.117566079,-0.0989016369,0.496113747,1.09392798
-0.21734342,-0.430891901,0.978744149,-0.079667002,0.0333871022,-0.601993918,0.793814778,0.098031275,0.0744725987,-0.0276697818,0.311583638,-0.179543063,-0.0308562852,0.192509457,-0.106032223,0.357929647,-0.0387709029,0.235270411,0.185571522,0.196629971,-0.581496,1.09708846,0.112257734,-0.0953611284,0.493879378,1.10937595
-0.219852999,-0.432864666,0.977883935,-0.0782149434,0.0318638273,-0.58825475,0.804253399,0.11868611,0.0733764768,-0.0248339102,0.312015742,-0.186189666,-0.0242727157,0.196487188,-0.102602594,0.35023424,-0.0366310067,0.249116391,0.180649504,0.200029209,-0.583797514,1.09651494,0.106477201,-0.0928629488,0.491532892,1.1232574
-0.222362593,-0.434837431,0.977023721,-0.0767382532,0.0303299204,-0.574328661,0.814455569,0.139340952,0.0722803622,-0.0219980385,0.312447846,-0.19283627,-0.0176891442,0.200464904,-0.0991729572,0.342538863,-0.0344911106,0.262962341,0.175727487,0.203428462,-0.586099029,1.09594142,0.100696668,-0.0903647691,0.489186406,1.13713896
-0.224872172,-0.436810195,0.976163507,-0.0752382949,0.0287867691,-0.560228169,0.824411809,0.159995779,0.0711842477,-0.0191621669,0.31287992,-0.199482873,-0.0111055728,0.20444262,-0.0957433209,0.334843457,-0.0323512144,0.276808321,0.170805469,0.2068277,-0.588400543,1.09536803,0.0949161351,-0.0878665894,0.48683992,1.15102041
-0.227381751,-0.43878296,0.975303292,-0.0737164244,0.027235778,-0.545966208,0.834113359,0.180650607,0.0700881258,-0.0163262952,0.313312024,-0.206129476,-0.0045220023,0.208420336,-0.0923136845,0.32714808,-0.0302113201,0.290654272,0.165883452,0.210226938,-0.590702116,1.09479451,0.0891356096,-0.0853684098,0.484493405,1.16490185
-0.229646906,-0.440565139,0.974332988,-0.072073251,0.0253903456,-0.531375468,0.843682885,0.200178295,0.0686293766,-0.0140003636,0.315024227,-0.212265819,0.00197420246,0.211740568,-0.0887006074,0.320316106,-0.0284737293,0.303552985,0.161076933,0.213349208,-0.592743099,1.09391522,0.083932586,-0.0835158601,0.482459694,1.17761207
-0.230917171,-0.441571653,0.972914875,-0.069994837,0.0223623347,-0.515868723,0.85351038,0.215118229,0.0656946376,-0.0137499906,0.32194677,-0.216325298,0.0081148129,0.212384611,-0.0843408704,0.316998541,-0.0283736084,0.312596083,0.156740516,0.215344131,-0.593723595,1.09179103,0.081080161,-0.0842911676,0.48169896,1.18555474
-0.23218745,-0.442578167,0.971496761,-0.0678896308,0.0193232186,-0.500164151,0.863048851,0.230058163,0.0627598986,-0.0134996185,0.328869283,-0.220384791,0.0142554231,0.213028654,-0.0799811333,0.313680947,-0.0282734875,0.32163921,0.152404115,0.217339054,-0.594704151,1.08966696,0.0782277361,-0.085066475,0.480938256,1.19349742
-0.233457714,-0.443584681,0.970078647,-0.0657597631,0.0162761826,-0.484277934,0.872287512,0.244998097,0.0598251596,-0.0132492464,0.335791826,-0.22444427,0.0203960333,0.213672698,-0.0756213963,0.310363352,-0.0281733666,0.330682307,0.148067698,0.219333991,-0.595684648,1.08754277,0.0753753111,-0.0858417824,0.480177522,1.20144022
-0.234727979,-0.444591194,0.968660533,-0.063607499,0.0132244369,-0.46822682,0.881216705,0.259938031,0.0568904169,-0.0129988743,0.342714339,-0.228503749,0.0265366435,0.214316741,-0.0712616593,0.307045788,-0.0280732457,0.339725435,0.143731296,0.221328914,-0.596665204,1.0854187,0.0725228861,-0.0866170898,0.479416817,1.20938289
-0.235998243,-0.445597708,0.96724242,-0.0614351518,0.0101712011,-0.452028036,0.88982743,0.274877965,0.0539556779,-0.0127485022,0.349636883,-0.232563242,0.0326772518,0.214960784,-0.0669019222,0.303728193,-0.0279731248,0.348768532,0.139394879,0.223323837,-0.5976457,1.08329451,0.0696704611,-0.0873923972,0.478656113,1.21732557
-0.237197578,-0.446192622,0.967190385,-0.059196569,0.0082471231,-0.434376121,0.898746431,0.279047072,0.0510056615,-0.0146759162,0.348099947,-0.232154846,0.0277629644,0.21407795,-0.0615759753,0.296500981,-0.0266283583,0.343753695,0.134561241,0.221989438,-0.596195042,1.08578777,0.0668810755,-0.0887062699,0.477500707,1.22349834
-0.238372579,-0.446646392,0.967606962,-0.0569144897,0.00670508062,-0.416071087,0.907524467,0.279521406,0.0480504036,-0.0173503943,0.343661129,-0.230213806,0.0190564282,0.212671325,-0.0559185892,0.287932605,-0.0248566326,0.333916456,0.129557014,0.219512969,-0.593910336,1.08986485,0.0641133115,-0.0902048945,0.476209909,1.22906411
-0.23954758,-0.447100133,0.968023598,-0.0546066053,0.00515894871,-0.397576123,0.915928364,0.27999571,0.0450951457,-0.0200248715,0.339222282,-0.228272766,0.0103498911,0.211264715,-0.0502612032,0.279364228,-0.023084905,0.324079186,0.124552801,0.217036486,-0.59162569,1.09394193,0.0613455437,-0.0917035192,0.474919111,1.23462987
-0.240722582,-0.447553873,0.968440175,-0.0522758029,0.00361067127,-0.378914297,0.923947155,0.280470014,0.0421398878,-0.0226993486,0.334783435,-0.226331726,0.00164335431,0.20985809,-0.0446038172,0.270795882,-0.0213131793,0.314241946,0.119548589,0.214560002,-0.589340985,1.09801912,0.0585777797,-0.0932021439,0.473628342,1.24019563
-0.241897583,-0.448007613,0.968856752,-0.0499250442,0.0020622015,-0.360109299,0.931571066,0.280944347,0.0391846262,-0.0253738277,0.330344617,-0.224390686,-0.00706318486,0.208451465,-0.0389464274,0.262227505,-0.0195414517,0.304404676,0.114544377,0.212083533,-0.587056339,1.1020962,0.0558100119,-0.0947007686,0.472337544,1.24576128
-0.242590085,-0.448286682,0.968932927,-0.0477281883,1.46772363E-05,-0.342276603,0.938386202,0.277998596,0.0364434905,-0.0298122503,0.331573039,-0.222665787,-0.0161268804,0.206565678,-0.0318252444,0.255409509,-0.0189779121,0.294266224,0.11135833,0.210327238,-0.584528267,1.10537446,0.0557452478,-0.0976993293,0.47130838,1.25064838
-0.242112324,-0.448142022,0.968183279,-0.0459303819,-0.00324898399,-0.326980531,0.943908691,0.266757607,0.0342216901,-0.038529072,0.346547246,-0.221465111,-0.0260568559,0.203517631,-0.0211536624,0.252837002,-0.021344794,0.283397287,0.112582192,0.210317776,-0.581409931,1.1067152,0.0622365139,-0.104335949,0.470913798,1.2538892
-0.241634548,-0.447997361,0.967433691,-0.0441183411,-0.00651435042,-0.311581075,0.949172556,0.255516618,0.0319998898,-0.0472458899,0.361521453,-0.22026445,-0.0359868333,0.200469598,-0.0104820812,0.250264496,-0.0237116739,0.272528321,0.113806061,0.210308298,-0.578291535,1.10805595,0.0687277764,-0.110972568,0.470519185,1.25713015
-0.241156787,-0.447852731,0.966684103,-0.0422935449,-0.00977869146,-0.29609099,0.95417285,0.244275644,0.0297780894,-0.0559627116,0.376495659,-0.219063789,-0.0459168106,0.197421566,0.000189501297,0.247691974,-0.0260785557,0.261659354,0.115029924,0.210298821,-0.575173199,1.1093967,0.07521905,-0.117609188,0.470124602,1.26037109
-0.240679011,-0.44770807,0.965934515,-0.0404575355,-0.0130392751,-0.280523211,0.958905637,0.233034655,0.027556289,-0.0646795332,0.391469866,-0.217863113,-0.0558467843,0.194373533,0.010861082,0.245119452,-0.0284454357,0.250790387,0.116253786,0.210289359,-0.572054863,1.11073744,0.0817103162,-0.1242458,0.46973002,1.26361203
-0.24020125,-0.44756341,0.965184867,-0.0386118703,-0.0162933841,-0.264890939,0.963367224,0.221793681,0.0253344905,-0.0733963549,0.406444103,-0.216662452,-0.0657767579,0.191325501,0.0215326622,0.242546946,-0.0308123175,0.239921436,0.117477655,0.210279882,-0.568936467,1.11207819,0.0882015824,-0.130882427,0.469335437,1.26685297
-0.240059868,-0.447631121,0.964888752,-0.037772242,-0.0178587548,-0.251937777,0.966841102,0.211068362,0.0254524983,-0.0821918994,0.415876418,-0.217043579,-0.0748586506,0.191341728,0.0273095518,0.242374271,-0.0328035839,0.227864236,0.117926508,0.209376127,-0.566710174,1.11356068,0.0944920629,-0.134565905,0.469235331,1.27053714
-0.239982888,-0.447739512,0.96467948,-0.0371200405,-0.0190996137,-0.23945798,0.97000891,0.200441808,0.0260185711,-0.0910025313,0.424247533,-0.217727616,-0.0837781429,0.191944748,0.0321491249,0.242661148,-0.0347229242,0.215579495,0.11822696,0.208301112,-0.564654708,1.11507034,0.100744106,-0.137683868,0.469191641,1.2743063
-0.239905924,-0.447847903,0.964470208,-0.0364614055,-0.0203376338,-0.226934254,0.973014832,0.189815238,0.0265846439,-0.0998131558,0.432618618,-0.218411654,-0.0926976353,0.192547768,0.0369887017,0.24294804,-0.0366422646,0.203294769,0.118527405,0.207226098,-0.562599242,1.11657989,0.106996141,-0.140801832,0.469147921,1.27807534
-0.239828944,-0.447956294,0.964260936,-0.0357966796,-0.0215721931,-0.214372918,0.975857258,0.179188684,0.0271507166,-0.10862378,0.440989703,-0.219095692,-0.101617128,0.193150789,0.0418282747,0.243234918,-0.0385616049,0.191010028,0.11882785,0.206151083,-0.560543776,1.11808944,0.113248177,-0.143919811,0.46910423,1.2818445
-0.239751965,-0.448064685,0.964051723,-0.0351262018,-0.022802677,-0.201780334,0.978535116,0.168562114,0.0277167894,-0.117434412,0.449360818,-0.21977973,-0.11053662,0.193753809,0.0466678515,0.243521795,-0.0404809453,0.178725287,0.119128302,0.205076069,-0.558488309,1.1195991,0.119500212,-0.147037774,0.46906051,1.28561366
-0.239827901,-0.448199987,0.963930845,-0.0346070118,-0.0233947318,-0.190639377,0.980771005,0.159182042,0.0283488818,-0.123660348,0.454257429,-0.221242398,-0.118770689,0.194793701,0.0497224703,0.243337527,-0.0415123403,0.16639097,0.118635602,0.203909248,-0.556918263,1.12194264,0.123561077,-0.149087176,0.468554169,1.2893573
-0.240146428,-0.448378026,0.963950157,-0.0343328305,-0.0229784604,-0.181821555,0.9824633,0.151779413,0.0290857051,-0.125785813,0.453641981,-0.223940313,-0.125917375,0.196526647,0.0499453582,0.242405802,-0.0411350615,0.15397802,0.116884619,0.202596769,-0.556118369,1.1256094,0.124145761,-0.149441347,0.467313826,1.29306066
-0.240464941,-0.448556036,0.963969529,-0.0340558141,-0.0225602407,-0.172987118,0.98407656,0.144376785,0.0298225302,-0.127911285,0.453026563,-0.226638213,-0.133064061,0.198259592,0.0501682498,0.241474077,-0.0407577828,0.141565055,0.115133636,0.201284304,-0.555318415,1.12927604,0.124730445,-0.149795517,0.466073483,1.29676402
-0.240783453,-0.448734045,0.963988841,-0.0337760225,-0.0221401732,-0.164138198,0.985610247,0.136974156,0.0305593554,-0.130036756,0.452411115,-0.229336128,-0.140210763,0.199992537,0.0503911376,0.240542367,-0.040380504,0.129152089,0.11338266,0.199971825,-0.554518461,1.13294268,0.12531513,-0.150149688,0.46483314,1.30046737
-0.24110198,-0.448912054,0.964008212,-0.0334935337,-0.0217183568,-0.155276954,0.987064064,0.129571542,0.0312961787,-0.132162228,0.451795697,-0.232034028,-0.147357449,0.201725483,0.0506140292,0.239610642,-0.0400032252,0.116739117,0.111631677,0.198659346,-0.553718567,1.13660944,0.125899822,-0.150503874,0.463592798,1.30417073
-0.241420493,-0.449090093,0.964027584,-0.0332084112,-0.0212949011,-0.146405533,0.988437712,0.122168913,0.0320330039,-0.1342877,0.451180249,-0.234731942,-0.154504135,0.203458428,0.050836917,0.238678917,-0.0396259464,0.104326159,0.109880693,0.197346881,-0.552918613,1.14027607,0.126484513,-0.150858045,0.462352455,1.30787408
-0.241078675,-0.449024767,0.963904858,-0.0330022201,-0.0215648785,-0.142112017,0.98906523,0.112614051,0.032680247,-0.138235658,0.454842299,-0.233050004,-0.160634339,0.203398496,0.0537042059,0.23768796,-0.0402640812,0.0962279066,0.110025361,0.19628194,-0.550989151,1.1451776,0.125606209,-0.151295602,0.461985588,1.30953467
-0.240690187,-0.448942244,0.963772118,-0.0328011774,-0.0218836125,-0.138139993,0.98962754,0.102907062,0.0333211571,-0.142312437,0.458806694,-0.231058463,-0.166692689,0.203211814,0.056758415,0.236692816,-0.0409739912,0.0884346366,0.110304028,0.195234492,-0.548979878,1.15016639,0.124624483,-0.151739061,0.461680472,1.31105077
-0.240301698,-0.448859751,0.963639438,-0.0325995982,-0.0222019963,-0.1341656,0.990173757,0.0932000726,0.0339620635,-0.146389216,0.462771088,-0.229066923,-0.172751039,0.203025147,0.0598126203,0.235697687,-0.0416839048,0.080641374,0.110582694,0.194187045,-0.546970546,1.15515518,0.123642765,-0.152182519,0.461375356,1.31256688
-0.23991321,-0.448777229,0.963506699,-0.0323974825,-0.0225200169,-0.130189046,0.990703821,0.0834930763,0.0346029736,-0.150465995,0.466735482,-0.227075398,-0.178809389,0.20283848,0.0628668293,0.234702542,-0.0423938148,0.0728481114,0.110861354,0.193139598,-0.544961274,1.16014397,0.122661054,-0.152625978,0.46107024,1.31408298
-0.239524722,-0.448694706,0.963373959,-0.0321948566,-0.0228376612,-0.126210555,0.991217911,0.0737860873,0.0352438837,-0.154542789,0.470699877,-0.225083858,-0.18486774,0.202651814,0.0659210384,0.233707398,-0.0431037247,0.0650548413,0.11114002,0.192092165,-0.542952001,1.16513276,0.121679336,-0.153069437,0.460765123,1.31559908
-0.239326388,-0.448611796,0.963321686,-0.0323224515,-0.0225323848,-0.125243738,0.991343319,0.0614523441,0.0378390141,-0.15814665,0.470985621,-0.222234935,-0.186509579,0.204123184,0.0666680038,0.232806966,-0.0437332653,0.0549546033,0.110357955,0.190511957,-0.543891549,1.16802037,0.119565979,-0.152173907,0.463854104,1.31379592
-0.239332944,-0.448528498,0.963356137,-0.0328061692,-0.0215560682,-0.127523184,0.991058528,0.0462880917,0.0425399505,-0.161240906,0.467307359,-0.218462124,-0.183392316,0.207381204,0.0649287701,0.232008576,-0.0442762002,0.0423684381,0.108432889,0.188357666,-0.5480088,1.16864371,0.116233207,-0.149835527,0.470600426,1.30841577
-0.239339501,-0.448445171,0.963390589,-0.0332896747,-0.0205795914,-0.12980184,0.990767241,0.0311238393,0.0472408906,-0.164335161,0.463629097,-0.214689314,-0.180275053,0.210639238,0.0631895289,0.231210187,-0.0448191389,0.0297822729,0.106507815,0.186203361,-0.55212599,1.16926718,0.112900443,-0.147497132,0.477346748,1.30303562
-0.239346057,-0.448361844,0.96342504,-0.0337729715,-0.0196029861,-0.132079676,0.990469694,0.0159595869,0.0519418307,-0.167429417,0.459950805,-0.210916504,-0.177157804,0.213897273,0.0614502877,0.230411783,-0.0453620739,0.0171961039,0.104582742,0.18404907,-0.556243181,1.16989052,0.109567672,-0.145158738,0.48409307,1.29765546
-0.239352614,-0.448278546,0.963459551,-0.034256041,-0.0186262596,-0.134356618,0.99016571,0.000795336382,0.056642767,-0.170523673,0.456272542,-0.207143694,-0.174040541,0.217155293,0.0597110502,0.229613394,-0.0459050126,0.00460993964,0.102657676,0.181894779,-0.560360432,1.17051399,0.106234901,-0.142820358,0.490839392,1.29227531
-0.239349455,-0.448171973,0.96350348,-0.0347285382,-0.0176420044,-0.136829197,0.989828587,-0.0143635627,0.0612476654,-0.173508123,0.452606916,-0.203531802,-0.1707699,0.220352426,0.0578452609,0.228847861,-0.0463686213,-0.00817123335,0.100696854,0.179727748,-0.564635754,1.17101431,0.102860816,-0.140582278,0.497597396,1.28674531
-0.239017174,-0.447277963,0.963869154,-0.0348492377,-0.0164051205,-0.145953953,0.988541305,-0.0293412097,0.0626001805,-0.172773942,0.449369639,-0.20536916,-0.162304699,0.22148709,0.0516938493,0.229194865,-0.0441458635,-0.0275563356,0.0975252762,0.17712976,-0.574265242,1.16735029,0.0980876163,-0.14174141,0.504750967,1.27613747
-0.238684878,-0.446383923,0.964234829,-0.0349669568,-0.0151664559,-0.155068785,0.987168193,-0.0443188548,0.0639526993,-0.172039762,0.446132362,-0.207206532,-0.153839499,0.222621754,0.0455424376,0.229541883,-0.041923102,-0.0469414368,0.0943536982,0.174531773,-0.58389473,1.16368628,0.0933144093,-0.142900541,0.511904538,1.26552975
-0.238352582,-0.445489913,0.964600503,-0.0350816622,-0.0139263272,-0.164171308,0.985709429,-0.0592964999,0.0653052106,-0.171305582,0.442895055,-0.209043905,-0.145374298,0.223756418,0.0393910222,0.229888886,-0.0397003405,-0.0663265362,0.0911821201,0.171933785,-0.593524277,1.16002226,0.0885412097,-0.144059673,0.519058108,1.25492191
-0.238020286,-0.444595903,0.964966178,-0.0351933278,-0.0126850614,-0.173259139,0.984165549,-0.0742741451,0.0666577294,-0.170571417,0.439657778,-0.210881278,-0.136909097,0.224891081,0.0332396105,0.23023589,-0.0374775827,-0.0857116356,0.0880105421,0.169335797,-0.603153765,1.15635824,0.0837680101,-0.145218804,0.526211679,1.24431407
-0.23768799,-0.443701893,0.965331852,-0.0353019275,-0.0114429761,-0.182329938,0.982536912,-0.0892517939,0.0680102408,-0.169837236,0.4364205,-0.212718651,-0.128443897,0.226025745,0.0270881969,0.230582908,-0.0352548212,-0.105096743,0.084838964,0.16673781,-0.612783253,1.15269423,0.0789948031,-0.146377921,0.53336525,1.23370636
-0.236756399,-0.442562342,0.96546042,-0.0353828073,-0.010105418,-0.194762766,0.980159819,-0.10008128,0.0666571483,-0.16928415,0.43357411,-0.214206815,-0.129181176,0.226623803,0.0229759589,0.231966197,-0.03266754,-0.125623509,0.082899332,0.163723648,-0.621567488,1.15089619,0.0740783289,-0.147567332,0.539260983,1.22337306
-0.235383719,-0.441242069,0.965414464,-0.0354384705,-0.008695025,-0.209654912,0.977094293,-0.107857667,0.0633126795,-0.16886434,0.431015462,-0.215437964,-0.13669163,0.226826921,0.0203645788,0.234112203,-0.0298119653,-0.146990553,0.0818664283,0.160403162,-0.629729569,1.15047145,0.0690564066,-0.148779005,0.544230998,1.21324193
-0.234011039,-0.439921767,0.965368569,-0.035485886,-0.00728184544,-0.224506155,0.973799169,-0.115634054,0.0599682108,-0.168444529,0.428456783,-0.216669112,-0.144202083,0.227030039,0.0177531987,0.236258194,-0.0269563906,-0.168357611,0.0808335245,0.157082677,-0.637891591,1.15004671,0.0640344843,-0.149990678,0.549200952,1.20311081
-0.232638359,-0.438601494,0.965322614,-0.0355250202,-0.00586686609,-0.239305988,0.970276356,-0.123410434,0.0566237457,-0.168024719,0.425898135,-0.217900261,-0.151712537,0.227233171,0.0151418187,0.238404199,-0.0241008159,-0.189724669,0.0798006132,0.153762192,-0.646053672,1.14962196,0.0590125546,-0.151202351,0.554170966,1.19297969
-0.231265664,-0.437281191,0.965276718,-0.0355558544,-0.00445107929,-0.254044145,0.966528594,-0.131186828,0.0532792769,-0.167604923,0.423339456,-0.21913141,-0.15922299,0.227436289,0.0125304386,0.240550205,-0.0212452412,-0.211091712,0.0787677094,0.150441706,-0.654215753,1.14919722,0.0539906323,-0.152414039,0.559140921,1.18284845
-0.229801029,-0.436146885,0.965259731,-0.0358382873,-0.00306757144,-0.269212276,0.9624089,-0.139013916,0.0501173511,-0.166223779,0.420878381,-0.220734641,-0.167899132,0.227518797,0.00950791501,0.245801851,-0.0185951572,-0.23202306,0.0788227245,0.147654325,-0.662142277,1.14932573,0.0495235845,-0.153534085,0.564128578,1.17328608
-0.227683008,-0.436333895,0.965448618,-0.0379580073,-0.00191070116,-0.28787151,0.956914604,-0.147201315,0.0482523739,-0.15801248,0.419110566,-0.224981532,-0.184857428,0.226744443,0.00356425927,0.273118734,-0.0174050555,-0.249858886,0.0866072848,0.14865458,-0.668395579,1.15338457,0.0489989072,-0.154003143,0.569241762,1.1677649
-0.225565001,-0.436520875,0.965637505,-0.0400657281,-0.000751666666,-0.306442976,0.951045156,-0.155388698,0.046387393,-0.149801195,0.417342752,-0.229228422,-0.201815709,0.225970089,-0.00237939553,0.300435603,-0.0162149519,-0.267694712,0.0943918452,0.149654821,-0.674648881,1.15744352,0.0484742261,-0.154472202,0.574354887,1.1622436
-0.223446995,-0.436707884,0.965826392,-0.0421589874,0.000408196385,-0.324904978,0.944806397,-0.163576096,0.0445224121,-0.141589895,0.415574938,-0.233475313,-0.218773991,0.225195721,-0.00832305104,0.327752471,-0.0150248501,-0.285530537,0.102176398,0.150655076,-0.680902183,1.16150236,0.0479495451,-0.154941261,0.579468071,1.15672243
-0.221328989,-0.436894864,0.966015279,-0.0442353673,0.00156754709,-0.343236119,0.9382056,-0.17176348,0.0426574312,-0.13337861,0.413807124,-0.237722203,-0.235732272,0.224421367,-0.0142667061,0.355069339,-0.0138347475,-0.303366363,0.109960958,0.151655316,-0.687155545,1.16556132,0.0474248677,-0.15541032,0.584581196,1.15120113
-0.219210967,-0.437081873,0.966204226,-0.0462924913,0.00272504776,-0.361415505,0.93125093,-0.179950878,0.0407924503,-0.12516731,0.41203931,-0.241969094,-0.252690554,0.223647013,-0.0202103611,0.382386237,-0.0126446448,-0.321202189,0.117745519,0.152655572,-0.693408847,1.16962016,0.0469001867,-0.155879378,0.589694381,1.14567983
-0.217006415,-0.437221527,0.9666484,-0.0492714457,0.00331541453,-0.382884294,0.922475398,-0.183637097,0.038290482,-0.112390995,0.408716559,-0.246261001,-0.265667796,0.221778169,-0.0363355093,0.425953776,-0.0148606645,-0.333105534,0.13090986,0.155687317,-0.697204053,1.17435265,0.0506708585,-0.155673161,0.593216658,1.14329648
-0.214759395,-0.437337935,0.967217922,-0.0526903942,0.00362717151,-0.405864507,0.912405908,-0.185113654,0.0354758091,-0.0973736718,0.404630452,-0.250575006,-0.276690662,0.219372034,-0.0574588217,0.477498889,-0.0187487751,-0.342096597,0.146715179,0.159716353,-0.699792564,1.17941594,0.0565501489,-0.155135438,0.595957875,1.14245343
-0.212512359,-0.437454373,0.967787504,-0.056080129,0.0039370209,-0.428615093,0.901736438,-0.18659021,0.03266114,-0.0823563486,0.400544345,-0.254889011,-0.287713557,0.216965914,-0.0785821378,0.529044032,-0.0226368867,-0.35108763,0.162520483,0.163745388,-0.702381134,1.18447912,0.0624294393,-0.154597715,0.598699152,1.1416105
-0.210265324,-0.437570781,0.968357027,-0.0594340377,0.00424436014,-0.451091707,0.8904863,-0.188066766,0.0298464671,-0.0673390254,0.396458209,-0.259203017,-0.298736453,0.214559779,-0.0997054502,0.580589116,-0.0265249982,-0.360078692,0.178325802,0.167774424,-0.704969645,1.18954229,0.068308726,-0.154059976,0.60144043,1.14076746
-0.208018303,-0.437687218,0.968926609,-0.0627457201,0.00454860181,-0.473251432,0.878678143,-0.189543322,0.0270317961,-0.052321706,0.392372102,-0.263517022,-0.309759349,0.212153643,-0.120828763,0.632134259,-0.0304131079,-0.369069755,0.194131121,0.171803445,-0.707558215,1.19460547,0.0741880164,-0.153522253,0.604181707,1.13992441
-0.20609124,-0.437461585,0.969403327,-0.0649610534,0.00490375701,-0.494593829,0.866679251,-0.19031024,0.0237964988,-0.0395460948,0.387868434,-0.266890556,-0.319940865,0.208938405,-0.139080852,0.671751916,-0.0337129086,-0.376912624,0.207102165,0.175213203,-0.708498597,1.1979537,0.0790634453,-0.15231736,0.605000198,1.13915527
-0.205311418,-0.436009645,0.969547331,-0.0633764639,0.00545224175,-0.514012098,0.855421066,-0.188532844,0.0190530773,-0.0348079354,0.381867528,-0.266891986,-0.327105731,0.202822134,-0.14703843,0.668604732,-0.0349033661,-0.380638778,0.209911183,0.176402584,-0.703529954,1.19515288,0.080339618,-0.148720384,0.598924935,1.13865077
-0.20453158,-0.434557706,0.969691336,-0.0617572516,0.00599879911,-0.533199131,0.843711197,-0.186755463,0.0143096577,-0.0300697796,0.375866622,-0.266893417,-0.334270626,0.196705863,-0.154996008,0.665457606,-0.0360938236,-0.384364933,0.212720215,0.177591965,-0.698561251,1.19235206,0.0816157833,-0.145123407,0.592849612,1.13814628
-0.203751758,-0.433105767,0.969835341,-0.0601058044,0.00654258765,-0.552124918,0.831566274,-0.184978068,0.00956623629,-0.025331622,0.369865716,-0.266894847,-0.341435492,0.190589592,-0.16295357,0.662310421,-0.0372842811,-0.388091058,0.215529248,0.178781345,-0.693592548,1.18955123,0.082891956,-0.141526416,0.58677429,1.13764167
-0.20297192,-0.431653827,0.969979346,-0.058424633,0.00708277943,-0.570760608,0.819004714,-0.183200672,0.0048228167,-0.0205934644,0.363864809,-0.266896278,-0.348600388,0.184473321,-0.170911148,0.659163237,-0.0384747386,-0.391817212,0.218338266,0.179970726,-0.688623846,1.18675041,0.0841681287,-0.13792944,0.580698967,1.13713717
-0.202192098,-0.430201888,0.970123351,-0.0567163751,0.00761856092,-0.589078605,0.806046844,-0.181423277,7.93968575E-05,-0.0158553086,0.357863903,-0.266897738,-0.355765253,0.17835705,-0.178868726,0.656016052,-0.0396651924,-0.395543367,0.221147299,0.181160107,-0.683655202,1.18394959,0.0854442939,-0.134332463,0.574623644,1.13663268
-0.203280523,-0.429442763,0.96974498,-0.0543567091,0.00789471064,-0.605122805,0.79423511,-0.179355443,-0.00334025081,-0.0135607496,0.355860919,-0.262842864,-0.357551545,0.17390506,-0.17904444,0.641887784,-0.0395310111,-0.390478909,0.221559495,0.183503166,-0.679051459,1.17758989,0.0858045965,-0.131651461,0.569322884,1.13390875
-0.204941496,-0.42889598,0.969206512,-0.0517810695,0.00808987208,-0.620352685,0.782570004,-0.177198604,-0.0063542272,-0.0120150335,0.355083108,-0.257544905,-0.35768953,0.169963062,-0.176835403,0.624394357,-0.0389908887,-0.38272053,0.221237183,0.186199754,-0.674559593,1.17013967,0.0858842283,-0.129251182,0.564259589,1.13050461
-0.206602454,-0.428349197,0.968667984,-0.0491841473,0.0082821399,-0.635360837,0.770603001,-0.175041765,-0.00936820265,-0.0104693184,0.354305297,-0.252246976,-0.357827544,0.166021079,-0.17462638,0.606900871,-0.0384507664,-0.374962181,0.220914871,0.188896343,-0.670067728,1.16268933,0.0859638527,-0.126850888,0.559196234,1.12710059
-0.208263427,-0.427802414,0.968129516,-0.0465688407,0.00847129337,-0.650130093,0.758347094,-0.172884926,-0.0123821795,-0.00892360229,0.353527486,-0.246949047,-0.357965559,0.162079081,-0.172417343,0.589407444,-0.037910644,-0.367203802,0.220592558,0.191592932,-0.665575862,1.15523899,0.0860434845,-0.124450594,0.554132879,1.12369645
-0.209924385,-0.42725563,0.967591047,-0.0439381264,0.00865712576,-0.664644241,0.745816648,-0.170728087,-0.0153961563,-0.00737788575,0.352749676,-0.241651103,-0.358103573,0.158137098,-0.17020832,0.571913958,-0.0373705216,-0.359445423,0.220270246,0.194289535,-0.661083937,1.14778864,0.0861231163,-0.1220503,0.549069524,1.12029243
-0.212289944,-0.426986009,0.966991186,-0.0413208976,0.00874581933,-0.678697526,0.733202398,-0.165972084,-0.017200876,-0.00609325152,0.351828486,-0.235412687,-0.352585524,0.154619828,-0.167497888,0.555309415,-0.0368794687,-0.347439706,0.218943402,0.196060807,-0.656711936,1.14053762,0.0863944441,-0.120030224,0.544925272,1.11721277
-0.216203585,-0.427325428,0.966256499,-0.0387452208,0.00862550642,-0.692097068,0.720712245,-0.155505463,-0.0163487345,-0.00538223935,0.350592285,-0.227107942,-0.334640592,0.152035743,-0.163685858,0.540657699,-0.0364962295,-0.326102018,0.215409517,0.195799068,-0.652603209,1.13372433,0.0870869458,-0.118845522,0.542800188,1.11484587
-0.220117226,-0.427664876,0.965521872,-0.0361537635,0.00850211922,-0.705272377,0.707962871,-0.145038843,-0.0154965948,-0.00467122719,0.349356115,-0.218803197,-0.316695631,0.149451643,-0.159873828,0.526006043,-0.0361129902,-0.30476436,0.211875647,0.195537329,-0.648494422,1.12691104,0.0877794474,-0.11766082,0.540675163,1.11247885
-0.224030852,-0.428004295,0.964787185,-0.0335491747,0.00837578159,-0.718209565,0.694967091,-0.134572208,-0.0146444533,-0.00396021502,0.348119944,-0.210498437,-0.298750699,0.146867543,-0.156061783,0.511354387,-0.0357297473,-0.283426702,0.208341762,0.19527559,-0.644385695,1.12009764,0.0884719491,-0.116476111,0.538550138,1.11011195
-0.227944493,-0.428343713,0.964052558,-0.0309341289,0.00824662298,-0.730895281,0.681738317,-0.124105588,-0.0137923127,-0.00324920309,0.346883744,-0.202193692,-0.280805767,0.144283459,-0.152249753,0.49670276,-0.035346508,-0.262089044,0.204807892,0.195013851,-0.640276968,1.11328435,0.0891644508,-0.115291409,0.536425114,1.10774505
-0.231858119,-0.428683132,0.963317871,-0.028311342,0.00811478309,-0.743317127,0.668290615,-0.113638967,-0.0129401721,-0.00253819092,0.345647573,-0.193888947,-0.262860805,0.141699359,-0.148437724,0.482051075,-0.0349632688,-0.240751371,0.201274008,0.194752112,-0.636168182,1.10647106,0.0898569524,-0.114106707,0.534300089,1.10537815
-0.23622188,-0.430022806,0.962682486,-0.0263909809,0.00751612056,-0.75058496,0.660203993,-0.106733285,-0.009703191,-0.00666559907,0.346317083,-0.186352283,-0.245923862,0.13874574,-0.143975005,0.473311305,-0.0364206098,-0.224378362,0.194969937,0.194247752,-0.634681523,1.10453427,0.0893343389,-0.114784725,0.534333289,1.10989761
-0.24065882,-0.431525171,0.962063193,-0.0245824084,0.00684088795,-0.756974161,0.652946353,-0.100406647,-0.00607840996,-0.0115797855,0.347296476,-0.178940505,-0.229150832,0.135732025,-0.139406487,0.465532839,-0.0381772481,-0.208812654,0.18821539,0.193703935,-0.633621156,1.10339046,0.088614136,-0.115765646,0.5347175,1.11553681
-0.24509576,-0.433027506,0.961443961,-0.0227711424,0.00616487721,-0.763290942,0.645624161,-0.094080016,-0.00245362916,-0.0164939705,0.3482759,-0.171528742,-0.212377787,0.13271831,-0.134837955,0.457754374,-0.0399338864,-0.193246961,0.181460857,0.193160117,-0.632560849,1.10224664,0.0878939405,-0.11674656,0.535101712,1.121176
-0.249532685,-0.434529841,0.960824668,-0.0209577065,0.00548828393,-0.769533217,0.638239205,-0.0877533779,0.00117115164,-0.0214081574,0.349255294,-0.164116964,-0.195604756,0.129704595,-0.130269438,0.449975908,-0.0416905247,-0.177681267,0.17470631,0.192616299,-0.631500483,1.10110283,0.0871737376,-0.117727481,0.535485923,1.12681532
-0.25396964,-0.436032176,0.960205436,-0.0191426333,0.00481130648,-0.775699377,0.630793869,-0.0814267397,0.00479593361,-0.0263223443,0.350234717,-0.156705201,-0.178831711,0.126690879,-0.125700906,0.442197442,-0.043447163,-0.162115559,0.167951763,0.192072481,-0.630440176,1.09995902,0.0864535347,-0.118708394,0.535870135,1.13245451
-0.258125812,-0.438515484,0.959599555,-0.0175556671,0.004232815,-0.780074596,0.625425935,-0.0751245916,0.00785161648,-0.0366104059,0.356543273,-0.152233377,-0.163783684,0.123614341,-0.124072172,0.438879848,-0.0468956083,-0.149147555,0.159932017,0.191369876,-0.632772267,1.101282,0.0832004547,-0.119629428,0.539610028,1.13971174
-0.261873782,-0.442425162,0.959013045,-0.0163015872,0.00379773416,-0.78192991,0.623141587,-0.0688580424,0.0100797825,-0.0547125526,0.370600939,-0.152036503,-0.15124394,0.120446473,-0.126718134,0.442048699,-0.0528040864,-0.139956787,0.150072545,0.190436393,-0.640037298,1.10619199,0.0762643442,-0.120463379,0.548229337,1.14932179
-0.265621752,-0.446334839,0.958426595,-0.0150473025,0.00336260186,-0.783777237,0.620850742,-0.0625914931,0.0123079484,-0.072814703,0.384658575,-0.151839614,-0.138704211,0.117278606,-0.129364103,0.44521758,-0.0587125644,-0.130766019,0.140213072,0.18950291,-0.64730233,1.1111021,0.0693282336,-0.121297337,0.556848705,1.15893185
-0.269369721,-0.450244516,0.957840145,-0.0137928519,0.00292743137,-0.785616279,0.61855334,-0.0563249439,0.0145361153,-0.0909168497,0.398716241,-0.15164274,-0.126164481,0.114110738,-0.132010072,0.448386431,-0.0646210387,-0.121575259,0.1303536,0.188569427,-0.65456742,1.1160121,0.0623921268,-0.122131288,0.565468013,1.16854179
-0.273117691,-0.454154193,0.957253695,-0.0125382766,0.0024922369,-0.787447214,0.616249621,-0.0500583947,0.0167642813,-0.109018996,0.412773877,-0.151445851,-0.113624752,0.11094287,-0.134656027,0.451555312,-0.0705295205,-0.112384498,0.12049412,0.187635943,-0.661832452,1.12092209,0.0554560199,-0.122965239,0.574087381,1.17815185
-0.276865661,-0.458063871,0.956667185,-0.0112836128,0.0020570315,-0.789269745,0.613939524,-0.0437918454,0.0189924464,-0.127121136,0.426831514,-0.151248977,-0.101085015,0.107775003,-0.137301996,0.454724163,-0.0764379948,-0.103193738,0.110634647,0.186702445,-0.669097483,1.12583208,0.0485199131,-0.12379919,0.582706749,1.1877619
-0.278111458,-0.46156624,0.954806685,-0.0112137524,0.00267797685,-0.789085507,0.6141752,-0.03893039,0.0227036588,-0.154003203,0.454657584,-0.15783976,-0.0936445743,0.105883189,-0.148316294,0.472095698,-0.0847417116,-0.098233372,0.0939946324,0.182872459,-0.681068242,1.12640178,0.0322651677,-0.121789366,0.596766055,1.19192255
-0.279238909,-0.465049356,0.952885926,-0.0111999307,0.00334888161,-0.788805962,0.6145311,-0.0341354012,0.0264850222,-0.181300581,0.483134955,-0.164751619,-0.086445339,0.104051739,-0.159726456,0.490139008,-0.0931587294,-0.0934731215,0.0770338699,0.178905442,-0.693261564,1.1267662,0.0155696236,-0.119645014,0.611082673,1.19582558
-0.280366361,-0.468532473,0.950965106,-0.0111861024,0.00401978474,-0.788525999,0.614886642,-0.0293404106,0.0302663855,-0.208597958,0.511612296,-0.171663478,-0.0792461112,0.102220282,-0.171136603,0.508182347,-0.10157574,-0.0887128711,0.0600731187,0.17493844,-0.705454946,1.12713063,-0.00112591835,-0.117500663,0.625399292,1.19972849
-0.281493783,-0.472015589,0.949044347,-0.0111722657,0.00469068438,-0.78824544,0.615241706,-0.0245454218,0.0340477489,-0.235895336,0.540089667,-0.178575337,-0.072046876,0.100388832,-0.18254675,0.526225686,-0.109992757,-0.0839526281,0.0431123637,0.170971438,-0.717648268,1.12749493,-0.0178214591,-0.115356311,0.63971597,1.2036314
-0.282621235,-0.475498676,0.947123528,-0.0111584216,0.00536158076,-0.787964344,0.615596414,-0.0197504312,0.0378291123,-0.263192713,0.568567038,-0.185487211,-0.0648476407,0.0985573828,-0.193956897,0.544269025,-0.118409775,-0.0791923776,0.0261516031,0.167004421,-0.72984165,1.12785935,-0.0345170051,-0.11321196,0.654032588,1.20753431
-0.28273052,-0.477140516,0.942477047,-0.01398094,0.00475126319,-0.787382424,0.616288066,-0.0157896504,0.0418680422,-0.292654991,0.610389829,-0.197552755,-0.0617569238,0.0982108414,-0.20946984,0.577740908,-0.129942432,-0.0754219517,0.0101287663,0.161047667,-0.746192932,1.12251949,-0.0526754335,-0.105592437,0.672765434,1.2059536
-0.28183049,-0.476957113,0.93512845,-0.019615382,0.00287053967,-0.786480367,0.617296994,-0.0126558235,0.0461623035,-0.324263304,0.66544205,-0.214727163,-0.0627389848,0.0993363038,-0.229049876,0.626507163,-0.144563645,-0.0726327524,-0.00496431068,0.153118446,-0.766666055,1.11152494,-0.0722840205,-0.0925453603,0.695876181,1.1989367
-0.280930489,-0.476773679,0.927779913,-0.0252496116,0.0009895392,-0.785549223,0.618283093,-0.00952199567,0.0504565649,-0.355871618,0.720494211,-0.231901571,-0.0637210459,0.100461759,-0.248629928,0.675273418,-0.159184843,-0.069843553,-0.0200573895,0.145189241,-0.787139177,1.10053039,-0.0918926075,-0.0794982761,0.718986869,1.1919198
-0.280030459,-0.476590276,0.920431376,-0.0308829974,-0.000891529548,-0.784588754,0.619246304,-0.00638816832,0.0547508225,-0.387479961,0.775546432,-0.249075994,-0.0647031069,0.101587221,-0.268209964,0.724039733,-0.173806056,-0.0670543537,-0.0351504683,0.137260035,-0.8076123,1.08953583,-0.111501195,-0.0664511994,0.742097557,1.18490291
-0.279130429,-0.476406872,0.913082778,-0.0365149081,-0.00277245627,-0.783599317,0.620186329,-0.00325434096,0.0590450838,-0.419088274,0.830598593,-0.266250402,-0.0656851605,0.102712676,-0.28779003,0.772805989,-0.188427255,-0.0642651543,-0.0502435453,0.129330814,-0.828085423,1.07854128,-0.131109774,-0.0534041189,0.765208304,1.17788601
-0.278210789,-0.476087749,0.905374825,-0.0423302501,-0.00473115314,-0.782645762,0.621008456,-0.000329165603,0.0634563416,-0.450409621,0.886320114,-0.283817351,-0.0669469312,0.104129344,-0.307641625,0.822521865,-0.203308791,-0.061647255,-0.0653877929,0.121142812,-0.848604858,1.06681323,-0.150901303,-0.0399319641,0.788335979,1.17013514
-0.276915073,-0.473164976,0.890770316,-0.0517042205,-0.00818915572,-0.782881975,0.619963944,-0.00140762504,0.0701124892,-0.476224691,0.95488447,-0.308916569,-0.07357575,0.111133844,-0.332704067,0.890459716,-0.22318548,-0.0623162538,-0.0815138444,0.107988968,-0.870012283,1.04101098,-0.174202919,-0.0183034129,0.81178987,1.14830029
-0.275619358,-0.470242172,0.876165807,-0.0610761419,-0.011647502,-0.783039272,0.618856609,-0.00248608436,0.0767686442,-0.502039731,1.02344882,-0.334015787,-0.0802045763,0.118138336,-0.357766509,0.958397567,-0.243062168,-0.0629852563,-0.097639896,0.0948351324,-0.891419768,1.01520884,-0.197504535,0.00332513871,0.835243702,1.12646556
-0.274323642,-0.467319399,0.861561298,-0.0704431757,-0.0151051451,-0.783117414,0.61768657,-0.00356454379,0.0834247991,-0.52785486,1.09201324,-0.359115034,-0.0868333951,0.125142828,-0.382828951,1.02633548,-0.262938857,-0.0636542514,-0.113765948,0.0816812962,-0.912827253,0.989406645,-0.220806152,0.0249536932,0.858697593,1.10463071
-0.273027927,-0.464396626,0.846956789,-0.0798024833,-0.0185610373,-0.7831164,0.616454184,-0.00464300299,0.0900809541,-0.55366993,1.16057754,-0.384214252,-0.0934622139,0.132147312,-0.407891393,1.09427333,-0.282815546,-0.0643232465,-0.129892007,0.0685274601,-0.934234738,0.96360451,-0.244107768,0.0465822443,0.882151425,1.08279586
-0.271732211,-0.461473823,0.83235234,-0.0891512334,-0.0220141299,-0.783036351,0.615159869,-0.00572146289,0.0967371091,-0.579484999,1.22914195,-0.40931347,-0.10009104,0.139151812,-0.432953835,1.16221118,-0.302692264,-0.064992249,-0.146018058,0.0553736165,-0.955642223,0.937802315,-0.267409384,0.068210803,0.905605316,1.06096101
-0.270936519,-0.457995266,0.817266941,-0.0979837254,-0.0264092255,-0.782375455,0.614483893,-0.00838800799,0.0997845531,-0.595966041,1.2871722,-0.431244433,-0.105052441,0.147624135,-0.454298079,1.22256291,-0.320794284,-0.0658978298,-0.162642658,0.0399354286,-0.971525073,0.909897506,-0.286376655,0.0870087296,0.922052145,1.03506911
-0.270478547,-0.454141349,0.801856875,-0.106468521,-0.0314416923,-0.781297922,0.614206374,-0.0121270921,0.1003948,-0.606143296,1.33808815,-0.451035678,-0.108887725,0.157087788,-0.473131239,1.27779114,-0.337697774,-0.0669631884,-0.179603949,0.022954464,-0.983676732,0.880572557,-0.302416652,0.103894942,0.933766723,1.00643718
-0.270020545,-0.450287431,0.78644675,-0.114944711,-0.0364721827,-0.780143201,0.613868237,-0.0158661772,0.10100504,-0.616320491,1.38900399,-0.470826894,-0.112723015,0.166551441,-0.49196437,1.3330195,-0.354601294,-0.0680285469,-0.196565256,0.00597349647,-0.99582845,0.851247668,-0.31845665,0.120781168,0.945481241,0.977805257
-0.269562572,-0.446433514,0.771036685,-0.12340977,-0.0414992012,-0.778911352,0.613469541,-0.0196052622,0.101615287,-0.626497746,1.43991995,-0.49061814,-0.116558298,0.176015109,-0.510797501,1.38824785,-0.371504784,-0.0690939128,-0.213526562,-0.0110074701,-1.00798011,0.821922779,-0.334496647,0.137667388,0.957195818,0.949173272
-0.26910457,-0.442579567,0.755626559,-0.131861225,-0.0465212688,-0.77760303,0.613010466,-0.0233443473,0.102225527,-0.636674941,1.49083579,-0.510409355,-0.120393582,0.185478762,-0.529630661,1.4434762,-0.388408273,-0.0701592714,-0.230487853,-0.0279884338,-1.02013183,0.79259783,-0.350536644,0.154553607,0.968910336,0.920541346
-0.268779606,-0.438791841,0.740779996,-0.13983801,-0.0514696427,-0.776186883,0.61264199,-0.0272830799,0.101870425,-0.645698726,1.53918135,-0.529371381,-0.12353494,0.194997028,-0.547347844,1.49591625,-0.404544294,-0.0711076036,-0.246724904,-0.0447298028,-1.03127074,0.764087498,-0.365344524,0.170587376,0.979643583,0.892326713
-0.269243866,-0.435396761,0.729276955,-0.145083055,-0.0560148321,-0.774526834,0.613124311,-0.0324063599,0.0957877785,-0.647878826,1.57227659,-0.543413639,-0.122559138,0.204839334,-0.558444202,1.53181362,-0.416126698,-0.0713615865,-0.258664936,-0.0600496195,-1.03640115,0.740410209,-0.372842014,0.181563407,0.98455447,0.866588175
-0.269708127,-0.43200171,0.717773914,-0.150321528,-0.0605579019,-0.77282697,0.613575399,-0.0375296362,0.0897051319,-0.650058985,1.60537195,-0.557455897,-0.121583328,0.214681655,-0.569540501,1.56771088,-0.427709132,-0.0716155693,-0.270604938,-0.0753694326,-1.04153168,0.716732919,-0.380339503,0.192539454,0.989465356,0.840849638
-0.270172387,-0.428606629,0.706270814,-0.155552611,-0.0650981367,-0.771087348,0.613995016,-0.0426529162,0.0836224928,-0.652239144,1.63846731,-0.571498096,-0.120607518,0.224523976,-0.580636799,1.60360813,-0.439291567,-0.0718695596,-0.282544971,-0.0906892419,-1.04666209,0.69305557,-0.387837023,0.203515485,0.994376242,0.815111101
-0.270636648,-0.425211549,0.694767773,-0.160775527,-0.0696348548,-0.769308448,0.61438328,-0.0477761962,0.0775398463,-0.654419243,1.67156255,-0.585540354,-0.119631708,0.234366283,-0.591733158,1.63950551,-0.450874001,-0.0721235424,-0.294484973,-0.106009059,-1.0517925,0.669378281,-0.395334512,0.214491531,0.999287128,0.789372563
-0.271100909,-0.421816498,0.683264732,-0.165989459,-0.0741673484,-0.767490327,0.614740014,-0.0528994761,0.0714571998,-0.656599402,1.70465791,-0.599582613,-0.118655898,0.244208604,-0.602829456,1.67540276,-0.462456435,-0.0723775253,-0.306424975,-0.121328868,-1.05692291,0.645700991,-0.402832031,0.225467563,1.00419807,0.763633966
-0.271488547,-0.418692648,0.674291611,-0.169956923,-0.0782412589,-0.765786529,0.615275562,-0.0574765317,0.064003244,-0.656257749,1.72974229,-0.610013545,-0.117323503,0.253818899,-0.610838532,1.70163381,-0.470513821,-0.0715826824,-0.316055566,-0.13461785,-1.06025469,0.627015054,-0.408496767,0.233786806,1.00803554,0.742251396
-0.271842033,-0.415689737,0.666446686,-0.173367381,-0.0821104646,-0.764125586,0.615884542,-0.0618100017,0.0559377484,-0.654791534,1.75125432,-0.618834078,-0.11583209,0.263325721,-0.617470801,1.72355402,-0.476999164,-0.0703201145,-0.324656248,-0.147001162,-1.06278443,0.610555053,-0.413344175,0.240921244,1.0113945,0.722811341
-0.272195488,-0.412686825,0.658601761,-0.176772892,-0.08597745,-0.762441754,0.616475284,-0.066143468,0.0478722528,-0.653325319,1.77276623,-0.627654612,-0.11434067,0.272832543,-0.624103069,1.74547434,-0.483484536,-0.0690575466,-0.33325693,-0.159384474,-1.06531417,0.594095051,-0.418191582,0.248055667,1.01475334,0.703371286
-0.272548944,-0.409683943,0.650756836,-0.180173159,-0.0898419023,-0.760735393,0.617047668,-0.0704769343,0.0398067571,-0.651859045,1.79427814,-0.636475146,-0.11284925,0.282339364,-0.630735397,1.76739454,-0.489969909,-0.0677949712,-0.341857612,-0.171767801,-1.06784391,0.57763499,-0.423038989,0.255190104,1.0181123,0.683931291
-0.272902429,-0.406681031,0.642911911,-0.183567867,-0.0937034637,-0.759006441,0.617601752,-0.0748104006,0.0317412652,-0.65039283,1.81579018,-0.64529568,-0.111357838,0.291846186,-0.637367666,1.78931487,-0.496455282,-0.0665324032,-0.350458294,-0.184151113,-1.07037365,0.561174989,-0.427886397,0.262324512,1.02147114,0.664491236
-0.273087621,-0.403718919,0.635719359,-0.186715633,-0.0973928049,-0.757324576,0.618151546,-0.0787021965,0.0235212017,-0.64838326,1.8355031,-0.653148472,-0.110137999,0.301063985,-0.643409133,1.80909455,-0.502078891,-0.0650292262,-0.358349681,-0.195820525,-1.07252991,0.54602927,-0.432129651,0.268862307,1.02468359,0.646441162
-0.272736818,-0.400886655,0.630604744,-0.18909137,-0.100541763,-0.755847454,0.618732989,-0.0811871663,0.0148088047,-0.644643128,1.84948587,-0.657919049,-0.109783188,0.30936116,-0.647568643,1.82205617,-0.504957795,-0.0627596751,-0.363981813,-0.205215976,-1.07349622,0.535069823,-0.43444851,0.273499697,1.0274297,0.63281852
-0.272386044,-0.398054391,0.625490129,-0.191463798,-0.103689075,-0.754356503,0.619303286,-0.0836721286,0.00609640731,-0.640902996,1.86346865,-0.662689567,-0.109428376,0.317658335,-0.651728153,1.83501768,-0.50783664,-0.0604901239,-0.369613945,-0.214611441,-1.07446265,0.524110317,-0.43676737,0.278137058,1.03017581,0.619195879
-0.272035241,-0.395222127,0.620375454,-0.193832815,-0.106834553,-0.752851844,0.619862378,-0.0861570984,-0.00261599035,-0.637162864,1.87745142,-0.667460084,-0.109073572,0.32595551,-0.655887723,1.84797931,-0.510715544,-0.058220569,-0.375246078,-0.224006891,-1.07542896,0.513150871,-0.439086229,0.282774448,1.03292179,0.605573237
-0.271684468,-0.392389864,0.615260839,-0.19619824,-0.109978043,-0.751333654,0.620410204,-0.0886420608,-0.0113283871,-0.633422732,1.89143419,-0.672230661,-0.10871876,0.334252685,-0.660047233,1.86094081,-0.513594389,-0.0559510179,-0.38087821,-0.233402342,-1.07639527,0.502191365,-0.441405088,0.287411809,1.0356679,0.591950595
-0.271333694,-0.3895576,0.610146224,-0.198560029,-0.113119379,-0.749801934,0.620946884,-0.0911270231,-0.020040784,-0.629682541,1.90541697,-0.677001178,-0.108363949,0.34254986,-0.664206743,1.87390244,-0.516473293,-0.0536814667,-0.386510342,-0.242797807,-1.0773617,0.491231889,-0.443723947,0.292049199,1.038414,0.578327954
-0.27118504,-0.387883931,0.606989741,-0.199402675,-0.11573007,-0.748041332,0.622317731,-0.0913891271,-0.0285644084,-0.625002563,1.91555166,-0.68006897,-0.108254768,0.348562002,-0.665608168,1.88153374,-0.516804695,-0.0503944345,-0.389494866,-0.249467462,-1.07774222,0.484359384,-0.44347778,0.295392901,1.04162502,0.568716049
-0.271091372,-0.386525124,0.604365587,-0.19983092,-0.118195757,-0.746212482,0.623910606,-0.0910470411,-0.0370367244,-0.62006712,1.92464054,-0.682673991,-0.108212344,0.353953034,-0.666259885,1.88771629,-0.516443729,-0.0468308516,-0.391759783,-0.255396247,-1.07796371,0.47859773,-0.442534417,0.298384964,1.04496229,0.560194314
-0.270997673,-0.385166347,0.601741374,-0.20025672,-0.120660052,-0.744374514,0.625495791,-0.0907049626,-0.0455090366,-0.615131676,1.93372929,-0.685279012,-0.108169928,0.359344065,-0.666911662,1.89389884,-0.516082764,-0.0432672687,-0.39402467,-0.261325002,-1.07818508,0.472836047,-0.441591054,0.301377028,1.04829967,0.551672518
-0.270903975,-0.38380754,0.59911716,-0.200680092,-0.123122878,-0.742527544,0.627073467,-0.0903628841,-0.0539813526,-0.610196233,1.94281805,-0.687883973,-0.108127505,0.364735097,-0.667563379,1.9000814,-0.515721798,-0.0397036821,-0.396289587,-0.267253786,-1.07840657,0.467074394,-0.440647662,0.304369092,1.05163705,0.543150783
-0.270810306,-0.382448763,0.596493006,-0.20110105,-0.12558417,-0.740671575,0.628643513,-0.0900207981,-0.0624536686,-0.605260789,1.95190692,-0.690488994,-0.108085081,0.370126128,-0.668215156,1.90626395,-0.515360832,-0.0361400954,-0.398554504,-0.273182571,-1.07862794,0.461312741,-0.439704299,0.307361156,1.05497444,0.534629047
-0.270873249,-0.381340355,0.594474971,-0.201298952,-0.1281133,-0.738762915,0.630313635,-0.0884593353,-0.0702552199,-0.600327611,1.95993435,-0.693170309,-0.108017251,0.374381185,-0.668028533,1.91094625,-0.514139891,-0.0327252857,-0.399335295,-0.277167082,-1.07957971,0.458514601,-0.43734169,0.309064507,1.05918217,0.528592706
-0.271249056,-0.38073203,0.593667746,-0.2010535,-0.130779505,-0.736756206,0.632190287,-0.0844624043,-0.0767170712,-0.595398903,1.96584213,-0.696004093,-0.107898675,0.376367331,-0.666167557,1.91263199,-0.511201262,-0.0296076108,-0.397151887,-0.27726838,-1.08199012,0.461635441,-0.432144433,0.308193892,1.06512845,0.527520418
-0.271624863,-0.380123734,0.59286046,-0.200805113,-0.133443907,-0.734738648,0.63405782,-0.0804654807,-0.0831789225,-0.590470195,1.97174978,-0.698837817,-0.107780091,0.378353477,-0.664306641,1.91431773,-0.508262634,-0.0264899395,-0.39496848,-0.277369708,-1.08440065,0.46475628,-0.426947176,0.307323277,1.07107484,0.526448131
-0.27200067,-0.379515409,0.592053235,-0.200553745,-0.136106387,-0.732710242,0.635915935,-0.0764685497,-0.0896407738,-0.585541487,1.97765756,-0.7016716,-0.107661515,0.380339652,-0.662445664,1.91600347,-0.505324006,-0.0233722664,-0.392785072,-0.277471006,-1.08681107,0.46787712,-0.42174992,0.306452692,1.07702112,0.525375783
-0.272376448,-0.378907114,0.591245949,-0.200299442,-0.138766795,-0.730671108,0.637764692,-0.0724716261,-0.0961026251,-0.580612779,1.98356521,-0.704505384,-0.107542939,0.382325798,-0.660584688,1.9176892,-0.502385437,-0.0202545933,-0.390601665,-0.277572304,-1.08922148,0.470997959,-0.416552663,0.305582076,1.0829674,0.524303496
-0.272752255,-0.378298789,0.590438724,-0.200042188,-0.141425028,-0.728621304,0.639603972,-0.0684746951,-0.102564476,-0.575684071,1.98947299,-0.707339168,-0.107424356,0.384311944,-0.658723712,1.91937494,-0.499446779,-0.0171369202,-0.388418257,-0.277673602,-1.09163189,0.474118799,-0.411355406,0.304711491,1.08891368,0.523231208
-0.273343235,-0.378147036,0.59186244,-0.198421255,-0.140783846,-0.727531672,0.641487837,-0.066851452,-0.102759913,-0.582118452,1.99355912,-0.712436795,-0.105141625,0.385221034,-0.662738383,1.9152,-0.498151451,-0.0160504244,-0.383584112,-0.26886484,-1.09999943,0.489849329,-0.405592799,0.296230793,1.10090578,0.535985768
-0.273963273,-0.378056943,0.593587577,-0.196614593,-0.139695913,-0.726566494,0.643373072,-0.0655488744,-0.102108799,-0.590087831,1.99739909,-0.717840195,-0.102566533,0.385984629,-0.667546868,1.91023338,-0.497078121,-0.015238327,-0.378391892,-0.258852392,-1.10917163,0.50728339,-0.399753809,0.286722034,1.11371469,0.550608158
-0.27458331,-0.377966851,0.595312715,-0.194806173,-0.138606682,-0.725594759,0.645252705,-0.0642462894,-0.101457685,-0.59805721,2.00123906,-0.723243654,-0.0999914408,0.386748224,-0.672355354,1.90526676,-0.49600479,-0.0144262286,-0.373199642,-0.248839945,-1.11834371,0.524717391,-0.393914849,0.277213275,1.12652349,0.565230608
-0.275203347,-0.377876788,0.597037852,-0.192996025,-0.137516245,-0.724616647,0.647126436,-0.0629437119,-0.100806572,-0.606026649,2.00507903,-0.728647113,-0.0974163488,0.38751182,-0.677163839,1.90030015,-0.494931459,-0.0136141311,-0.368007421,-0.238827497,-1.12751591,0.542151392,-0.388075858,0.267704517,1.13933229,0.579853058
-0.275823385,-0.377786696,0.598762989,-0.191184163,-0.136424586,-0.723632038,0.648994446,-0.0616411306,-0.100155458,-0.613996029,2.00891924,-0.734050572,-0.0948412567,0.388275415,-0.681972265,1.89533341,-0.493858129,-0.0128020328,-0.362815171,-0.228815034,-1.13668811,0.559585392,-0.382236898,0.258195758,1.15214121,0.594475448
-0.27630493,-0.377645046,0.604409575,-0.187900558,-0.133715019,-0.72317785,0.651020467,-0.0605428889,-0.0980835557,-0.622998118,1.99891341,-0.735755861,-0.0908016264,0.385395825,-0.686239839,1.8787266,-0.491203755,-0.0134939617,-0.357526332,-0.216524139,-1.14502776,0.579524577,-0.377184719,0.246291533,1.16320777,0.612138093
-0.276601672,-0.377434582,0.615289807,-0.182646021,-0.128841251,-0.723409235,0.653237581,-0.0597173534,-0.0941154361,-0.633378446,1.97042894,-0.732525527,-0.0848073959,0.377653986,-0.689785421,1.84658468,-0.486439288,-0.0161931925,-0.352108538,-0.201192394,-1.15225637,0.602807105,-0.373182625,0.231190324,1.17194915,0.633858263
-0.276898444,-0.377224118,0.62616998,-0.177380443,-0.123959482,-0.72359997,0.655418336,-0.0588918217,-0.0901473239,-0.643758714,1.94194436,-0.729295135,-0.078813158,0.369912148,-0.693331003,1.81444263,-0.48167482,-0.0188924223,-0.346690774,-0.185860649,-1.1594851,0.626089633,-0.36918056,0.216089085,1.18069053,0.655578434
-0.277195185,-0.377013654,0.637050211,-0.172104716,-0.119070597,-0.723749995,0.657562196,-0.0580662899,-0.0861792043,-0.654139042,1.9134599,-0.726064801,-0.0728189275,0.362170309,-0.696876645,1.78230071,-0.476910353,-0.021591654,-0.34127298,-0.170528904,-1.16671371,0.64937216,-0.365178466,0.200987861,1.18943202,0.677298546
-0.277491957,-0.376803219,0.647930384,-0.166819677,-0.114175387,-0.723859251,0.659668863,-0.0572407544,-0.0822110847,-0.66451937,1.88497531,-0.722834468,-0.0668246895,0.35442847,-0.700422227,1.75015867,-0.472145915,-0.0242908839,-0.335855216,-0.155197158,-1.17394233,0.672654688,-0.361176401,0.185886636,1.1981734,0.699018717
-0.277788699,-0.376592755,0.658810616,-0.161526278,-0.109274685,-0.723927617,0.661738038,-0.0564152226,-0.0782429725,-0.674899697,1.85649085,-0.719604135,-0.060830459,0.346686631,-0.703967869,1.71801674,-0.467381448,-0.0269901138,-0.330437422,-0.139865413,-1.18117094,0.695937216,-0.357174307,0.170785427,1.20691478,0.720738888
-0.277663499,-0.375631183,0.677456617,-0.154046521,-0.103491858,-0.724413455,0.663915873,-0.0505341589,-0.0769074559,-0.671934724,1.79854488,-0.70135206,-0.0556935184,0.332552403,-0.692466974,1.65687239,-0.451935798,-0.0309973396,-0.320577264,-0.120244257,-1.17234337,0.729611874,-0.34688887,0.151172459,1.19867373,0.753900111
-0.277527809,-0.374650896,0.696296215,-0.146495372,-0.0976754501,-0.724841952,0.666034997,-0.0445271134,-0.0756375492,-0.668637216,1.73986471,-0.682725668,-0.050577946,0.318258852,-0.680591106,1.59500539,-0.436223954,-0.0350371599,-0.31060639,-0.100516215,-1.16311574,0.763545573,-0.336446851,0.131447062,1.19000947,0.787346482
-0.277392119,-0.373670608,0.715135753,-0.138929173,-0.0918489024,-0.725201428,0.66809088,-0.0385200679,-0.0743676424,-0.665339768,1.68118465,-0.664099276,-0.0454623699,0.30396533,-0.668715239,1.53313839,-0.42051211,-0.0390769802,-0.300635517,-0.0807881802,-1.15388811,0.797479272,-0.326004803,0.111721672,1.18134522,0.820792854
-0.277256399,-0.37269032,0.733975291,-0.13135004,-0.0860138386,-0.725491524,0.670082808,-0.0325130224,-0.0730977356,-0.66204226,1.62250447,-0.645472884,-0.0403467938,0.289671779,-0.656839371,1.47127128,-0.404800266,-0.0431168005,-0.290664613,-0.061060138,-1.14466047,0.831412971,-0.315562785,0.0919962823,1.17268085,0.854239166
-0.277120709,-0.371710032,0.752814889,-0.123760179,-0.0801719576,-0.72571224,0.672010183,-0.0265059732,-0.0718278289,-0.658744752,1.56382442,-0.626846492,-0.0352312177,0.275378227,-0.644963503,1.40940428,-0.389088422,-0.0471566245,-0.28069374,-0.0413320921,-1.13543272,0.865346611,-0.305120766,0.0722708851,1.1640166,0.887685537
-0.276928991,-0.371717542,0.769877136,-0.117290579,-0.0753109157,-0.726052642,0.673363745,-0.0212028101,-0.0699658245,-0.64673686,1.50478053,-0.605755568,-0.0312351678,0.262855649,-0.62702328,1.3488884,-0.371185482,-0.049392648,-0.265718579,-0.0231209882,-1.11993992,0.896310329,-0.290332794,0.0543872602,1.14929092,0.917765141
-0.276686192,-0.372625858,0.785318673,-0.111843713,-0.0713447705,-0.726523519,0.674213946,-0.0165415276,-0.0675638914,-0.626785874,1.44540501,-0.58241725,-0.0282600243,0.251948029,-0.603552878,1.28960478,-0.351284415,-0.0499837697,-0.246179909,-0.00629319297,-1.09873366,0.924565613,-0.271581709,0.0381831639,1.12903774,0.944774568
-0.276443392,-0.373534143,0.80076021,-0.106391065,-0.0673748925,-0.726960778,0.675033092,-0.0118802432,-0.0651619583,-0.606834888,1.38602948,-0.559078932,-0.0252848826,0.241040409,-0.580082536,1.23032105,-0.331383377,-0.0505748913,-0.226641238,0.0105346041,-1.07752752,0.952820897,-0.252830625,0.0219790637,1.10878444,0.971783996
-0.276200593,-0.374442458,0.816201746,-0.100933366,-0.0634018034,-0.727364242,0.675820827,-0.00721895928,-0.0627600178,-0.586883903,1.32665396,-0.535740554,-0.0223097391,0.230132774,-0.556612134,1.17103744,-0.31148231,-0.0511660092,-0.207102567,0.0273624025,-1.05632126,0.981076241,-0.234079525,0.00577496458,1.08853126,0.998793423
-0.275957793,-0.375350773,0.831643283,-0.0954714194,-0.0594260804,-0.727734089,0.676577389,-0.00255767652,-0.0603580847,-0.566932857,1.26727843,-0.512402236,-0.0193345957,0.219225153,-0.533141732,1.11175382,-0.291581273,-0.0517571308,-0.187563911,0.0441901982,-1.03511512,1.00933158,-0.21532844,-0.0104291327,1.06827796,1.02580285
-0.275739342,-0.376431584,0.846699893,-0.0901638791,-0.0555736832,-0.728067935,0.677273393,0.00192089065,-0.0578375719,-0.546476483,1.20865059,-0.489275306,-0.016515255,0.208644807,-0.509441316,1.05343878,-0.271878183,-0.0521431677,-0.166801795,0.0614208728,-1.01242542,1.03586233,-0.195319548,-0.0270052347,1.04660976,1.05078602
-0.27584219,-0.379790723,0.856672823,-0.0869400948,-0.0533764586,-0.728350997,0.677567244,0.00398626877,-0.0537509695,-0.519344926,1.15989661,-0.46893999,-0.0157536417,0.20238705,-0.482702553,1.00791681,-0.254789948,-0.0498206019,-0.129881188,0.0839724988,-0.970144033,1.03961802,-0.158698618,-0.0484944992,1.006253,1.04900753
-0.275945038,-0.383149862,0.866645753,-0.0837148055,-0.0511782989,-0.728622854,0.677850604,0.00605164701,-0.0496643633,-0.492213398,1.11114264,-0.448604673,-0.0149920275,0.196129277,-0.45596379,0.962394774,-0.237701684,-0.0474980325,-0.0929605737,0.106524117,-0.927862644,1.04337358,-0.122077681,-0.069983758,0.965896368,1.04722905
-0.276047885,-0.386509031,0.876618683,-0.0804881752,-0.0489793085,-0.728883505,0.678123534,0.00811702572,-0.0455777608,-0.465081871,1.06238866,-0.428269386,-0.0142304143,0.189871505,-0.429225057,0.91687274,-0.22061342,-0.0451754667,-0.0560399629,0.129075736,-0.885581255,1.04712915,-0.0854567364,-0.0914730281,0.925539672,1.04545069
-0.276150763,-0.38986817,0.886591613,-0.0772603303,-0.0467795879,-0.72913295,0.678386033,0.010182404,-0.0414911546,-0.437950343,1.01363468,-0.40793407,-0.0134688001,0.183613747,-0.402486324,0.871350765,-0.203525171,-0.0428528972,-0.019119354,0.151627362,-0.843299866,1.05088484,-0.0488358065,-0.112962291,0.885183036,1.0436722
-0.276253611,-0.393227309,0.896564543,-0.074031435,-0.0445792377,-0.72937119,0.67863816,0.0122477822,-0.0374045521,-0.410818815,0.964880705,-0.387598753,-0.0127071869,0.177355975,-0.375747561,0.825828731,-0.186436906,-0.0405303314,0.0178012643,0.174178988,-0.801018476,1.05464041,-0.012214859,-0.134451553,0.844826341,1.04189372
-0.2762281,-0.397031486,0.903802037,-0.0710758865,-0.042614501,-0.72904098,0.679434836,0.0135408062,-0.033585351,-0.38735944,0.925361693,-0.369910747,-0.0119450847,0.172671571,-0.353338003,0.789702594,-0.172976196,-0.0383772328,0.0468957163,0.186952204,-0.768724501,1.05700767,0.0170213338,-0.146358505,0.813312531,1.04400611
-0.276123196,-0.401111037,0.909346879,-0.068289049,-0.0407952778,-0.728356123,0.680565894,0.0143558867,-0.0299316198,-0.366172433,0.891557395,-0.353860885,-0.0111826798,0.168960795,-0.333607405,0.759390712,-0.161760241,-0.0363290086,0.0711472481,0.19367443,-0.742610931,1.05851579,0.0416877568,-0.152335808,0.787270784,1.04852605
-0.276018262,-0.405190617,0.91489172,-0.0655012429,-0.0389754772,-0.727661848,0.68168819,0.0151709672,-0.0262778886,-0.344985396,0.857753038,-0.337811053,-0.0104202749,0.165250018,-0.313876808,0.729078829,-0.150544301,-0.0342807844,0.0953987762,0.200396642,-0.716497362,1.06002378,0.0663541853,-0.15831311,0.761229098,1.05304611
-0.275913358,-0.409270167,0.920436561,-0.0627126023,-0.03715517,-0.726958275,0.682801783,0.0159860477,-0.0226241592,-0.323798388,0.823948741,-0.321761191,-0.00965787005,0.161539242,-0.29414621,0.698767006,-0.139328346,-0.0322325602,0.119650312,0.207118854,-0.690383792,1.0615319,0.0910206139,-0.164290398,0.735187352,1.05756617
-0.275808424,-0.413349718,0.925981402,-0.0599232167,-0.0353344344,-0.726245403,0.683906674,0.01680113,-0.018970428,-0.302611381,0.790144444,-0.305711329,-0.0088954661,0.15782845,-0.274415612,0.668455124,-0.128112406,-0.030184336,0.14390184,0.213841081,-0.664270222,1.06304002,0.115687035,-0.170267701,0.709145606,1.06208622
-0.275709689,-0.417173803,0.931096315,-0.0570920818,-0.0335093588,-0.725474894,0.68505758,0.017515203,-0.015527349,-0.282808125,0.757904947,-0.290123492,-0.00811607391,0.154306844,-0.25614956,0.640092313,-0.117441975,-0.0287479144,0.164237544,0.219081789,-0.641928971,1.06206489,0.136818245,-0.175189465,0.685798049,1.06499863
-0.275642097,-0.419705749,0.934036851,-0.0540520772,-0.0316636749,-0.724449039,0.686476171,0.0177184343,-0.0131496191,-0.2700032,0.733579159,-0.276872277,-0.00725076953,0.151741907,-0.24529016,0.62158674,-0.109530479,-0.0304056481,0.164769307,0.216829941,-0.638666272,1.04853106,0.140070453,-0.174773037,0.676075876,1.0597806
-0.275574535,-0.422237724,0.936977327,-0.0510110706,-0.0298174042,-0.723411798,0.687883973,0.0179216675,-0.0107718892,-0.257198244,0.709253371,-0.263621032,-0.00638546562,0.149176955,-0.234430775,0.603081167,-0.101618983,-0.0320633836,0.165301085,0.214578092,-0.635403633,1.03499722,0.143322662,-0.17435661,0.666353762,1.05456257
-0.275506973,-0.4247697,0.939917862,-0.0479692109,-0.0279706307,-0.722363174,0.689280987,0.0181248989,-0.00839415938,-0.244393304,0.684927583,-0.250369787,-0.00552016171,0.146612018,-0.22357139,0.584575593,-0.0937074944,-0.0337211154,0.165832847,0.212326244,-0.632140934,1.02146339,0.14657487,-0.173940182,0.656631649,1.04934466
-0.275439382,-0.427301645,0.942858338,-0.0449266359,-0.0261234399,-0.721303165,0.690667093,0.0183281321,-0.00601642905,-0.231588364,0.660601795,-0.237118572,-0.0046548578,0.144047081,-0.212712005,0.56607002,-0.0857959986,-0.035378851,0.16636461,0.210074395,-0.628878236,1.00792968,0.149827063,-0.173523754,0.646909535,1.04412663
-0.27537182,-0.429833621,0.945798874,-0.0418834984,-0.0242759269,-0.720231891,0.69204241,0.0185313635,-0.00363869919,-0.218783408,0.636276007,-0.223867342,-0.00378955388,0.141482145,-0.20185262,0.547564387,-0.0778845102,-0.0370365828,0.166896373,0.207822546,-0.625615537,0.994395852,0.153079271,-0.173107311,0.637187421,1.0389086
-0.275375277,-0.431045771,0.947702348,-0.0395192467,-0.0224317517,-0.718933165,0.69359231,0.0187332761,-0.00140758674,-0.210791618,0.616768837,-0.213059053,-0.00380828651,0.13969183,-0.195072815,0.533805311,-0.0697326586,-0.0379473716,0.158460364,0.203414083,-0.628181815,0.972224712,0.14729704,-0.170243278,0.631391048,1.01771772
-0.275407404,-0.431725204,0.949187338,-0.037428651,-0.0205886867,-0.71753788,0.695208371,0.0189346541,0.000764345401,-0.204742581,0.599206567,-0.203236833,-0.00418384606,0.138214186,-0.189939648,0.521962047,-0.0614837855,-0.0385566652,0.146404654,0.198135138,-0.633100927,0.946567297,0.137868211,-0.166391298,0.627179325,0.990079701
-0.275439531,-0.432404608,0.950672269,-0.0353375301,-0.0187453218,-0.716133773,0.696815908,0.019136034,0.00293627777,-0.198693544,0.581644356,-0.193414614,-0.00455940515,0.136736527,-0.184806496,0.510118783,-0.0532349199,-0.0391659625,0.134348944,0.192856178,-0.638019979,0.920909882,0.128439382,-0.162539333,0.622967541,0.962441683
-0.275471658,-0.433084041,0.952157199,-0.0332459733,-0.0169017222,-0.714720786,0.698414803,0.019337412,0.00510820979,-0.192644492,0.564082146,-0.183592394,-0.0049349647,0.135258883,-0.179673344,0.498275518,-0.0449860506,-0.0397752561,0.122293241,0.187577233,-0.642939031,0.895252466,0.11901056,-0.158687353,0.618755817,0.934803605
-0.275503784,-0.433763474,0.95364219,-0.0311540682,-0.0150579633,-0.713299155,0.700005054,0.01953879,0.00728014205,-0.186595455,0.546519876,-0.173770174,-0.00531052379,0.133781224,-0.174540192,0.486432254,-0.036737185,-0.0403845496,0.110237539,0.182298288,-0.647858083,0.869595051,0.109581739,-0.154835373,0.614544034,0.907165587
-0.275457412,-0.434608638,0.954977632,-0.0292453095,-0.0133576067,-0.711884737,0.70156014,0.020169707,0.00883769803,-0.180295616,0.529493988,-0.164621428,-0.00545853376,0.132048681,-0.169196114,0.475098044,-0.02909947,-0.0409073383,0.1018546,0.177484363,-0.64985764,0.853907645,0.1033374,-0.1508919,0.608962297,0.890322208
-0.275187433,-0.43592611,0.955887079,-0.0278589614,-0.0120660169,-0.710509241,0.703032732,0.0220245086,0.0086447075,-0.173281178,0.513996363,-0.157391623,-0.00495818723,0.129589885,-0.163251102,0.465214252,-0.0232031215,-0.0411836356,0.103936486,0.173995405,-0.643538415,0.866627932,0.106166646,-0.146687731,0.599476814,0.904236138
-0.274917424,-0.437243581,0.956796527,-0.0264723673,-0.0107743042,-0.709128201,0.704500079,0.0238793083,0.00845171791,-0.166266754,0.498498738,-0.150161818,-0.00445784116,0.12713109,-0.157306075,0.455330461,-0.0173067711,-0.0414599329,0.106018372,0.170506462,-0.63721925,0.879348159,0.108995885,-0.142483562,0.589991391,0.918150008
-0.274647444,-0.438561052,0.957705975,-0.0250855628,-0.00948250107,-0.707741857,0.705962062,0.0257341098,0.00825872831,-0.159252316,0.483001083,-0.142931998,-0.00395749463,0.124672286,-0.151361048,0.44544667,-0.0114104198,-0.0417362303,0.108100258,0.167017519,-0.630900025,0.892068446,0.111825131,-0.138279393,0.580505967,0.932063937
-0.274377435,-0.439878523,0.958615363,-0.0236985739,-0.00819063466,-0.706349969,0.707418561,0.0275889114,0.00806573872,-0.152237877,0.467503458,-0.135702193,-0.00345714786,0.12221349,-0.145416036,0.435562879,-0.00551407039,-0.0420125276,0.110182144,0.163528576,-0.62458086,0.904788733,0.11465437,-0.134075224,0.571020484,0.945977867
-0.274107426,-0.441195995,0.95952481,-0.0223114416,-0.00689873751,-0.704952836,0.708869696,0.029443711,0.00787274819,-0.145223439,0.452005804,-0.128472388,-0.00295680156,0.119754687,-0.139471009,0.425679088,0.000382279337,-0.0422888249,0.11226403,0.160039634,-0.618261635,0.91750896,0.117483608,-0.129871055,0.56153506,0.959891796
-0.273582488,-0.442755789,0.960018992,-0.0215228703,-0.00596934929,-0.704007387,0.70984149,0.0307899266,0.00779732363,-0.138921633,0.441119224,-0.124880821,-0.00224167318,0.11824999,-0.133399859,0.418094337,0.00286379317,-0.042890925,0.121232226,0.162810922,-0.600524068,0.928167582,0.125991076,-0.132439673,0.542702973,0.966653168
-0.272996604,-0.444373488,0.960413933,-0.0208772868,-0.00512656104,-0.703168929,0.71069783,0.0320146158,0.00774999103,-0.132790118,0.431334466,-0.122158609,-0.00147522381,0.116973266,-0.127298564,0.411058933,0.00452934299,-0.0435708724,0.131845877,0.167078078,-0.580058157,0.938333511,0.135855317,-0.136626631,0.521637559,0.971705437
-0.27241075,-0.445991188,0.960808873,-0.0202316474,-0.00428375648,-0.702328622,0.711552382,0.033239305,0.00770265842,-0.126658589,0.421549678,-0.119436391,-0.000708774431,0.115696542,-0.121197268,0.404023528,0.00619489234,-0.0442508198,0.142459542,0.171345234,-0.559592247,0.948499501,0.145719573,-0.140813589,0.500572145,0.976757705
-0.271824867,-0.447608888,0.961203873,-0.0195859559,-0.00344094145,-0.701486647,0.712405145,0.0344639942,0.00765532535,-0.120527074,0.41176489,-0.116714172,5.76749699E-05,0.114419818,-0.115095973,0.396988124,0.00786044169,-0.0449307673,0.153073192,0.17561239,-0.539126337,0.958665431,0.155583829,-0.145000547,0.479506701,0.981810033
-0.271239012,-0.449226588,0.961598814,-0.0189402178,-0.00259812176,-0.700642884,0.713256121,0.0356886834,0.00760799274,-0.114395544,0.401980102,-0.113991961,0.000824124611,0.113143094,-0.108994678,0.389952719,0.00952599198,-0.0456107184,0.163686857,0.179879546,-0.518660426,0.96883142,0.165448084,-0.14918752,0.458441257,0.986862302
-0.270644069,-0.451042116,0.961747646,-0.0184278805,-0.0019079824,-0.699812472,0.714086413,0.0363281332,0.00776812946,-0.109078214,0.39480865,-0.113204852,0.00161354034,0.112042159,-0.103925899,0.385556698,0.00944598205,-0.0461434945,0.172589064,0.184723124,-0.502269804,0.978844106,0.173768312,-0.154040292,0.441851646,0.993153811
-0.270032555,-0.453217894,0.961448312,-0.0181585029,-0.00149586378,-0.699008405,0.714881301,0.035901878,0.00830606185,-0.105243497,0.392395943,-0.115941532,0.00244477717,0.111261316,-0.100737303,0.385966927,0.00618735468,-0.0464082807,0.178374812,0.190616339,-0.4933002,0.988577724,0.179276928,-0.160105497,0.433412373,1.00170183
-0.269421071,-0.455393672,0.961148977,-0.0178890973,-0.00108374108,-0.698203385,0.715675116,0.0354756229,0.0088439947,-0.10140878,0.389983267,-0.118678212,0.00327601423,0.11048048,-0.0975487083,0.386377156,0.00292872754,-0.0466730632,0.184160545,0.19650954,-0.484330595,0.9983114,0.184785545,-0.166170701,0.4249731,1.01024985
-0.268809587,-0.45756945,0.960849702,-0.017619662,-0.000671616232,-0.697397232,0.716467857,0.0350493677,0.00938192755,-0.0975740626,0.38757056,-0.121414885,0.0041072513,0.109699644,-0.0943601131,0.386787385,-0.000329899893,-0.0469378494,0.189946279,0.202402756,-0.47536099,1.00804508,0.190294161,-0.172235906,0.416533858,1.01879799
-0.268198073,-0.459745228,0.960550368,-0.0173502024,-0.000259491295,-0.696590066,0.717259526,0.0346231163,0.0099198604,-0.0937393457,0.385157853,-0.124151565,0.00493848789,0.108918801,-0.091171518,0.387197644,-0.00358852674,-0.0472026318,0.195732027,0.208295971,-0.466391385,1.01777864,0.195802793,-0.178301111,0.408094585,1.02734601
-0.267586589,-0.461920977,0.960251033,-0.0170807168,0.000152632056,-0.695781827,0.718050122,0.0341968611,0.0104577923,-0.0899046287,0.382745177,-0.126888245,0.00576972496,0.108137965,-0.0879829228,0.387607872,-0.00684715388,-0.047467418,0.201517761,0.214189172,-0.45742178,1.02751231,0.201311409,-0.184366316,0.399655312,1.03589404
-0.266963303,-0.465805858,0.958332002,-0.016812304,0.000335519289,-0.69552803,0.71830231,0.0326305702,0.0110572269,-0.0984709635,0.40196842,-0.138577327,0.00753376121,0.106196664,-0.09729141,0.409308702,-0.021628676,-0.0488138646,0.186127275,0.211944342,-0.474348217,1.03367913,0.187997565,-0.183604255,0.41800946,1.04607213
-0.266338736,-0.469876766,0.95623672,-0.016544003,0.000493455038,-0.695334435,0.718495727,0.0309401918,0.0116633549,-0.108387113,0.423546672,-0.151240855,0.00939933024,0.104129054,-0.107960165,0.43332696,-0.0376644321,-0.050278049,0.168431833,0.208813697,-0.494093388,1.03945768,0.172634959,-0.182099059,0.439280003,1.0564276
-0.265714169,-0.473947674,0.954141378,-0.0162757039,0.000651390757,-0.695140779,0.718689144,0.0292498115,0.0122694829,-0.118303262,0.445124924,-0.163904384,0.0112648988,0.102061436,-0.118628919,0.457345217,-0.0537001863,-0.0517422296,0.150736377,0.205683067,-0.51383853,1.04523623,0.157272369,-0.180593878,0.460550517,1.06678307
-0.265089601,-0.478018582,0.952046096,-0.0160073992,0.000809326302,-0.694947064,0.718882382,0.0275594331,0.012875611,-0.128219411,0.466703176,-0.176567912,0.0131304665,0.099993825,-0.129297674,0.481363446,-0.0697359368,-0.053206414,0.133040935,0.202552423,-0.533583701,1.0510149,0.141909763,-0.179088682,0.48182106,1.07713866
-0.264465004,-0.48208949,0.949950755,-0.0157390907,0.000967261672,-0.69475311,0.719075441,0.0258690529,0.013481739,-0.138135567,0.488281459,-0.18923144,0.014996036,0.0979262143,-0.139966428,0.505381703,-0.0857716948,-0.0546705984,0.115345478,0.199421793,-0.553328812,1.05679345,0.126547158,-0.177583486,0.503091574,1.08749413
-0.264053792,-0.48495248,0.946891844,-0.0158647001,0.00092320086,-0.695182145,0.71865809,0.0242678747,0.0145773571,-0.152917743,0.516571343,-0.204133973,0.0155600961,0.0961750671,-0.15606308,0.53606075,-0.101767495,-0.0564741679,0.0933904871,0.191548839,-0.576633215,1.05886722,0.106564268,-0.172959387,0.527918518,1.09449184
-0.263904154,-0.486334264,0.942651391,-0.0164733119,0.000631439383,-0.696373463,0.717490256,0.0227760747,0.0162732061,-0.17366682,0.553091347,-0.221782088,0.0145281963,0.0948119909,-0.178815633,0.574907541,-0.117714316,-0.0586939082,0.0662122592,0.177860662,-0.604302049,1.05639815,0.0809158161,-0.164510742,0.557106495,1.09737217
-0.263754547,-0.487716049,0.938410878,-0.0170818754,0.000339673541,-0.697562516,0.716320217,0.0212842748,0.017969057,-0.194415912,0.589611411,-0.239430189,0.0134962955,0.0934489146,-0.201568171,0.613754332,-0.133661136,-0.0609136485,0.0390340351,0.1641725,-0.631970882,1.05392897,0.0552673526,-0.156062096,0.586294472,1.10025251
-0.263604909,-0.489097863,0.934170365,-0.0176903866,4.79060727E-05,-0.698749304,0.715147793,0.0197924748,0.019664906,-0.215165004,0.626131415,-0.25707832,0.0124643948,0.0920858383,-0.224320725,0.652601123,-0.149607956,-0.0631333888,0.011855809,0.150484324,-0.659639776,1.05145991,0.0296188891,-0.147613451,0.61548239,1.10313284
-0.263455302,-0.490479648,0.929929912,-0.0182988364,-0.000243860166,-0.699933887,0.713973165,0.0183006749,0.0213607568,-0.235914081,0.66265142,-0.274726421,0.011432494,0.090722762,-0.247073263,0.691447914,-0.165554762,-0.0653531253,-0.0153224124,0.136796147,-0.687308609,1.04899073,0.00397043163,-0.139164805,0.644670367,1.10601318
-0.263305664,-0.491861433,0.925689399,-0.018907221,-0.000535622356,-0.701116204,0.712796152,0.0168088749,0.0230566058,-0.256663173,0.699171424,-0.292374521,0.0104005942,0.0893596783,-0.269825816,0.730294704,-0.181501582,-0.0675728694,-0.0425006337,0.123107977,-0.714977443,1.04652166,-0.0216780249,-0.13071616,0.673858345,1.10889339
-0.263590395,-0.490590394,0.9163059,-0.0229304396,-0.00328605878,-0.703063846,0.710749447,0.0130421901,0.0260451045,-0.278469384,0.75417763,-0.317660272,0.00647076871,0.0918600708,-0.295134276,0.785064459,-0.199094802,-0.0679276884,-0.0700986087,0.103168845,-0.739724457,1.02945077,-0.0524938442,-0.110541433,0.702796817,1.09478831
-0.263876647,-0.489310145,0.906904459,-0.0269652326,-0.00604523579,-0.704991937,0.708676815,0.00926760305,0.029038094,-0.300279289,0.80924809,-0.342972577,0.00253087562,0.0943738818,-0.320451647,0.839889586,-0.216693729,-0.0682760328,-0.0976980403,0.0832079872,-0.764461279,1.01232934,-0.0833276138,-0.0903259814,0.731734395,1.08062422
-0.264162898,-0.488029867,0.897503078,-0.030999355,-0.00880434737,-0.706897557,0.706581473,0.00549301645,0.0320310816,-0.322089195,0.86431855,-0.368284851,-0.00140901655,0.0968876928,-0.345768988,0.894714713,-0.234292671,-0.0686243847,-0.125297472,0.0632471442,-0.789198101,0.995207787,-0.114161372,-0.0701105222,0.760671973,1.06646001
-0.264449149,-0.486749589,0.888101697,-0.0350324176,-0.0115631307,-0.708780706,0.704463601,0.0017184302,0.0350240692,-0.343899071,0.919389009,-0.393597156,-0.00534890871,0.0994015038,-0.371086329,0.949539781,-0.251891613,-0.0689727291,-0.152896896,0.0432862937,-0.813934922,0.978086233,-0.144995138,-0.0498950705,0.789609611,1.05229592
-0.264735371,-0.485469341,0.878700256,-0.0390640348,-0.0143213216,-0.710640967,0.702323496,-0.00205615745,0.0380170606,-0.365708977,0.974459469,-0.418909431,-0.00928880181,0.101915315,-0.3964037,1.00436485,-0.26949054,-0.0693210736,-0.180496335,0.0233254377,-0.838671803,0.960964739,-0.175828904,-0.0296796095,0.818547189,1.03813183
-0.265103608,-0.483376116,0.86633426,-0.0440818518,-0.018079536,-0.712271452,0.700285137,-0.0076092477,0.0396655239,-0.385534495,1.03414655,-0.444526762,-0.0121979276,0.105919451,-0.421420395,1.06266737,-0.288327217,-0.0695882142,-0.205912501,0.00299917208,-0.857240736,0.938732505,-0.205527619,-0.00787489116,0.841342151,1.01704514
-0.26554063,-0.480601132,0.851482153,-0.0499267839,-0.0226768702,-0.713689744,0.698312283,-0.014653814,0.0401864499,-0.403695881,1.09770525,-0.470399886,-0.0142426407,0.111173399,-0.446184933,1.12388587,-0.308201909,-0.0697872564,-0.229497761,-0.0176335406,-0.870637178,0.912214339,-0.234274462,0.0152626084,0.858985722,0.990153253
-0.265977651,-0.477826178,0.836630046,-0.0557695068,-0.0272734854,-0.715064526,0.696296394,-0.0216983818,0.0407073796,-0.421857268,1.16126382,-0.496273011,-0.0162873529,0.11642734,-0.470949471,1.18510437,-0.328076571,-0.0699862912,-0.25308302,-0.0382662565,-0.88403362,0.885696173,-0.26302132,0.0384001099,0.876629353,0.963261366
-0.266414672,-0.475051194,0.82177788,-0.0616089478,-0.0318685323,-0.716395557,0.694237828,-0.0287429485,0.0412283055,-0.440018654,1.22482252,-0.522146165,-0.018332066,0.121681288,-0.495714039,1.24632299,-0.347951263,-0.0701853335,-0.27666828,-0.0588989705,-0.897430062,0.859178007,-0.291768163,0.0615376122,0.894272923,0.936369419
-0.266851664,-0.472276211,0.806925774,-0.0674440265,-0.036461167,-0.7176826,0.692136943,-0.0357875153,0.0417492352,-0.45818001,1.2883811,-0.54801929,-0.0203767791,0.126935229,-0.520478606,1.30754149,-0.367825925,-0.0703843758,-0.30025354,-0.0795316845,-0.910826504,0.8326599,-0.320515007,0.0846751109,0.911916554,0.909477472
-0.267319471,-0.469485819,0.792232215,-0.0732293427,-0.0411243625,-0.718819141,0.690105319,-0.0427455232,0.0418788046,-0.475552112,1.35026288,-0.573082566,-0.0221784804,0.13206096,-0.544343948,1.36719692,-0.387173176,-0.0704922602,-0.323046416,-0.0996920168,-0.923413098,0.806535423,-0.348334432,0.107073754,0.928566635,0.882531464
-0.268094093,-0.466541827,0.779117882,-0.0785686374,-0.0465204939,-0.718853652,0.68913871,-0.0488413796,0.0381103605,-0.48506254,1.39544284,-0.590080023,-0.0215597153,0.135909602,-0.559253454,1.41128361,-0.401267231,-0.0696922615,-0.337946862,-0.11514736,-0.927932918,0.784332335,-0.366916329,0.122113124,0.935321271,0.855046272
-0.268868715,-0.463597834,0.766003609,-0.0839043707,-0.0519149341,-0.718846083,0.688131571,-0.0549372397,0.0343419127,-0.494572967,1.44062293,-0.60707742,-0.0209409501,0.139758244,-0.57416296,1.45537019,-0.415361285,-0.0688922629,-0.352847308,-0.130602702,-0.932452798,0.762129247,-0.385498226,0.137152493,0.942075849,0.82756108
-0.269643337,-0.460653841,0.752889335,-0.0892355666,-0.057306733,-0.718796372,0.687084079,-0.0610330962,0.0305734668,-0.504083395,1.48580289,-0.624074817,-0.020322185,0.143606886,-0.589072406,1.49945676,-0.42945534,-0.0680922642,-0.367747724,-0.146058038,-0.936972678,0.739926219,-0.404080153,0.152191877,0.948830426,0.800075948
-0.270417958,-0.457709849,0.739775002,-0.0945613384,-0.0626949593,-0.718704641,0.685996473,-0.0671289563,0.0268050209,-0.513593793,1.53098285,-0.641072214,-0.0197034217,0.147455528,-0.603981912,1.54354346,-0.443549395,-0.0672922656,-0.38264817,-0.161513373,-0.941492498,0.717723131,-0.42266205,0.167231247,0.955585003,0.772590756
-0.271192551,-0.454765856,0.726660728,-0.0998806879,-0.0680786371,-0.718570828,0.684868693,-0.0732248127,0.0230365731,-0.52310425,1.57616282,-0.65806967,-0.0190846566,0.15130417,-0.618891418,1.58763003,-0.457643449,-0.066492267,-0.397548616,-0.176968724,-0.946012378,0.695520043,-0.441243947,0.182270631,0.96233958,0.745105624
-0.271820277,-0.451543272,0.715723515,-0.104666561,-0.0731445029,-0.718848169,0.683339,-0.0780785829,0.0177396424,-0.529795468,1.6112448,-0.670724094,-0.0186199881,0.155338734,-0.629401803,1.62186301,-0.468122959,-0.0665295273,-0.406840354,-0.187932193,-0.948135793,0.679369867,-0.452888697,0.193879828,0.965841472,0.723541796
-0.272364855,-0.448163003,0.706018448,-0.109149836,-0.0780304149,-0.719346642,0.681570172,-0.0822293907,0.0115776611,-0.534891188,1.64061189,-0.680920601,-0.0182425324,0.159478515,-0.637422562,1.65051925,-0.476556808,-0.0670406446,-0.412957788,-0.196353465,-0.948902965,0.666645348,-0.46060732,0.203547716,0.967502534,0.70532918
-0.272909403,-0.444782734,0.696313381,-0.11362841,-0.082913138,-0.719811141,0.679769039,-0.0863801911,0.00541567989,-0.539986908,1.66997886,-0.691117108,-0.0178650748,0.163618296,-0.64544332,1.67917562,-0.484990627,-0.0675517544,-0.419075251,-0.204774752,-0.949670136,0.653920829,-0.468325973,0.213215604,0.969163597,0.687116563
-0.273453981,-0.441402495,0.686608255,-0.118101634,-0.0877919719,-0.720241547,0.6779356,-0.090530999,-0.000746301666,-0.545082629,1.69934583,-0.701313615,-0.0174876191,0.167758077,-0.653464079,1.70783186,-0.493424475,-0.0680628642,-0.425192714,-0.213196039,-0.950437307,0.641196311,-0.476044595,0.222883493,0.970824718,0.668904006
-0.273998559,-0.438022226,0.676903188,-0.12256889,-0.0926662385,-0.720637858,0.676070273,-0.0946817994,-0.00690828217,-0.550178349,1.7287128,-0.711510122,-0.0171101633,0.171897858,-0.661484778,1.73648822,-0.501858294,-0.0685739741,-0.431310177,-0.221617311,-0.951204479,0.628471792,-0.483763248,0.232551381,0.972485781,0.65069139
-0.27454266,-0.434851885,0.667763352,-0.126783356,-0.0972975641,-0.721083879,0.674164236,-0.0982079729,-0.0129609797,-0.554840386,1.75616872,-0.720753968,-0.0168198906,0.17603682,-0.668542504,1.76327956,-0.509821892,-0.0686693192,-0.434060574,-0.22569941,-0.952047348,0.619332314,-0.488241673,0.238569781,0.974437535,0.636247933
-0.275084794,-0.432600647,0.661098123,-0.129915372,-0.10088475,-0.721871674,0.67219466,-0.0989994481,-0.018535221,-0.557603478,1.77525723,-0.7258268,-0.0169113148,0.180172205,-0.671383917,1.78190613,-0.515726745,-0.066944398,-0.422069728,-0.210784093,-0.9532215,0.625888288,-0.478534102,0.228610337,0.977661967,0.638306081
-0.275626928,-0.43034941,0.654432952,-0.133044124,-0.1044695,-0.722639859,0.670206666,-0.0997909158,-0.0241094623,-0.560366631,1.79434574,-0.730899692,-0.0170027409,0.18430759,-0.674225271,1.80053282,-0.521631598,-0.0652194768,-0.410078853,-0.195868775,-0.954395652,0.632444322,-0.468826532,0.218650892,0.980886459,0.64036423
-0.276169062,-0.428098172,0.647767782,-0.136169344,-0.108051516,-0.723388553,0.668200433,-0.100582391,-0.0296837054,-0.563129723,1.81343436,-0.735972524,-0.0170941669,0.188442975,-0.677066684,1.81915939,-0.527536392,-0.0634945557,-0.398088008,-0.180953458,-0.955569744,0.639000356,-0.459118962,0.208691448,0.984110892,0.642422378
-0.276711196,-0.425846934,0.641102612,-0.13929081,-0.111630514,-0.724117577,0.666176081,-0.101373866,-0.0352579467,-0.565892816,1.83252287,-0.741045356,-0.0171855912,0.19257836,-0.679908097,1.83778596,-0.533441246,-0.0617696382,-0.386097163,-0.166038141,-0.956743896,0.645556331,-0.449411392,0.198732004,0.987335324,0.644480526
-0.2772533,-0.423595697,0.634437382,-0.142408222,-0.115206175,-0.724826813,0.664133787,-0.102165334,-0.040832188,-0.568655968,1.8516115,-0.746118248,-0.0172770172,0.196713746,-0.68274951,1.85641253,-0.539346099,-0.060044717,-0.374106288,-0.151122823,-0.957918048,0.652112365,-0.439703822,0.188772574,0.990559816,0.646538675
-0.2780855,-0.42218557,0.629843116,-0.144337386,-0.117489271,-0.725410163,0.662678778,-0.100401983,-0.0438077562,-0.5722453,1.86580086,-0.749120116,-0.0178985521,0.201050833,-0.685020208,1.86951315,-0.543552399,-0.0563781336,-0.35346657,-0.122382976,-0.960422158,0.664640725,-0.420260966,0.164168268,0.995949686,0.655261278
-0.27902317,-0.421081394,0.626002073,-0.145834446,-0.11930234,-0.725947738,0.661437154,-0.0977093801,-0.04583814,-0.576135159,1.8782084,-0.751368701,-0.0187128969,0.205461293,-0.687083364,1.88060379,-0.547140896,-0.0520053357,-0.329681098,-0.088614881,-0.96340996,0.679341316,-0.397277206,0.134237364,1.00212717,0.666407883
-0.279960841,-0.419977218,0.622161031,-0.147330478,-0.121114567,-0.726480007,0.660190821,-0.095016785,-0.04786852,-0.580025017,1.89061594,-0.753617346,-0.0195272416,0.209871739,-0.689146519,1.89169443,-0.550729394,-0.0476325341,-0.305895627,-0.0548467971,-0.966397762,0.694041908,-0.374293417,0.104306459,1.00830472,0.677554429
-0.280898511,-0.418873042,0.618319929,-0.148825422,-0.1229259,-0.727006912,0.65893954,-0.0923241898,-0.0498989038,-0.583914936,1.90302348,-0.755865932,-0.0203415882,0.2142822,-0.691209614,1.90278506,-0.554317951,-0.0432597324,-0.282110155,-0.0210786983,-0.969385564,0.708742499,-0.351309657,0.07437554,1.01448226,0.688700974
-0.281836182,-0.417768836,0.614478886,-0.150319219,-0.124736287,-0.727528393,0.657683372,-0.0896315947,-0.0519292839,-0.587804794,1.91543102,-0.758114576,-0.0211559329,0.218692645,-0.693272769,1.9138757,-0.557906449,-0.0388869308,-0.258324683,0.0126893893,-0.972373366,0.723443091,-0.328325868,0.0444446392,1.02065969,0.699847579
-0.282578588,-0.416709065,0.610985875,-0.151618883,-0.126031861,-0.727891266,0.656735957,-0.0871725753,-0.0527178422,-0.593478799,1.92661989,-0.759706378,-0.0216714796,0.222560152,-0.696553886,1.92370737,-0.560517132,-0.0345386378,-0.233540922,0.0444037914,-0.975629807,0.737241268,-0.304279804,0.0169251226,1.02636445,0.710727274
-0.282820553,-0.41576305,0.608384848,-0.152423263,-0.126009852,-0.727858841,0.656589925,-0.0853122994,-0.050323233,-0.603726208,1.93468487,-0.759614766,-0.0214211214,0.225035906,-0.702956915,1.93031204,-0.56062156,-0.0302531552,-0.206198335,0.0708540007,-0.979574621,0.748726368,-0.277510673,-0.00441329554,1.03085732,0.720922887
-0.283062518,-0.414817035,0.60578388,-0.153227538,-0.125987753,-0.72782594,0.656443417,-0.0834520236,-0.0479286239,-0.613973618,1.94274974,-0.759523094,-0.0211707652,0.227511659,-0.709360003,1.93691671,-0.560725927,-0.0259676743,-0.178855732,0.0973042101,-0.983519435,0.760211468,-0.250741571,-0.0257517155,1.0353502,0.7311185
-0.283304453,-0.41387105,0.603182852,-0.154031709,-0.12596558,-0.727792561,0.656296492,-0.0815917403,-0.0455340147,-0.624221027,1.9508146,-0.759431422,-0.020920407,0.229987413,-0.715763032,1.94352138,-0.560830295,-0.0216821935,-0.151513129,0.123754427,-0.987464249,0.771696568,-0.22397247,-0.0470901355,1.0398432,0.741314113
-0.283546418,-0.412925035,0.600581884,-0.154835775,-0.125943318,-0.727758646,0.656149149,-0.0797314644,-0.0431394093,-0.634468436,1.95887959,-0.75933975,-0.0206700489,0.232463151,-0.722166061,1.95012593,-0.560934722,-0.0173967127,-0.124170534,0.150204629,-0.991409063,0.783181667,-0.197203368,-0.0684285536,1.04433608,0.751509726
-0.283788383,-0.41197902,0.597980857,-0.155639723,-0.125920966,-0.727724195,0.65600127,-0.0778711885,-0.0407448001,-0.644715846,1.96694446,-0.759248137,-0.0204196908,0.234938905,-0.72856915,1.9567306,-0.56103909,-0.0131112328,-0.0968279392,0.176654845,-0.995353878,0.794666767,-0.170434266,-0.0897669718,1.04882896,0.761705339
-0.284068972,-0.411709368,0.604251027,-0.153443381,-0.122455329,-0.727874458,0.657007277,-0.0762494132,-0.0357390568,-0.657659411,1.95052671,-0.754884422,-0.0178990718,0.235231221,-0.733534396,1.93665433,-0.557672083,-0.0123507632,-0.0799452215,0.192342609,-0.993780494,0.804289162,-0.154492036,-0.102072895,1.04503298,0.77507472
-0.284357607,-0.411580205,0.612364113,-0.150619745,-0.118271008,-0.728045166,0.6582371,-0.0746771842,-0.0301908627,-0.671163082,1.92902291,-0.749633193,-0.014906818,0.235069931,-0.738200903,1.9110353,-0.55358392,-0.0123225981,-0.0652354881,0.205794513,-0.991060734,0.813524663,-0.140799016,-0.112502366,1.0395149,0.789103448
-0.284646243,-0.411451072,0.6204772,-0.147791877,-0.114083268,-0.728196144,0.659449041,-0.0731049627,-0.0246426705,-0.684666753,1.90751922,-0.744381964,-0.0119145643,0.234908655,-0.74286741,1.88541615,-0.549495816,-0.0122944321,-0.0505257584,0.219246432,-0.988340974,0.822760105,-0.127106011,-0.122931838,1.03399694,0.803132176
-0.284934849,-0.411321908,0.628590286,-0.144960046,-0.109892458,-0.728327453,0.66064322,-0.0715327337,-0.0190944783,-0.698170424,1.88601542,-0.739130795,-0.00892231055,0.234747365,-0.747533977,1.85979712,-0.545407653,-0.0122662671,-0.0358160287,0.232698351,-0.985621154,0.831995606,-0.113412999,-0.13336131,1.02847898,0.817160845
-0.285223484,-0.411192775,0.636703372,-0.142124444,-0.105698936,-0.728439033,0.661819398,-0.0699605048,-0.0135462834,-0.711674094,1.86451161,-0.733879566,-0.00593005633,0.234586075,-0.752200484,1.83417809,-0.541319489,-0.0122381011,-0.0211062972,0.24615027,-0.982901394,0.841231108,-0.0997199863,-0.143790781,1.0229609,0.831189573
-0.285524189,-0.410908788,0.648922145,-0.138051957,-0.100999989,-0.728578627,0.663260162,-0.0659403503,-0.0102932062,-0.717622697,1.82963383,-0.723285794,-0.0047890977,0.232276425,-0.750077665,1.79461169,-0.531697571,-0.0128721716,-0.00645173481,0.256820977,-0.974443913,0.852920771,-0.0856202543,-0.152686328,1.01158547,0.847412765
-0.285844952,-0.410367072,0.667973757,-0.131917626,-0.0954570025,-0.728755176,0.665132761,-0.0578462221,-0.0108597809,-0.71099776,1.77249873,-0.703800619,-0.00672916183,0.22639136,-0.736655533,1.73183334,-0.512865961,-0.0146083692,0.00811101682,0.26286304,-0.956437469,0.868694901,-0.070843637,-0.159029022,0.990461826,0.867287993
-0.286165714,-0.409825385,0.687025368,-0.125772655,-0.089906089,-0.728879452,0.666958034,-0.0497520976,-0.0114263557,-0.704372823,1.7153635,-0.684315503,-0.0086692255,0.220506296,-0.723233342,1.6690551,-0.49403441,-0.0163445659,0.0226737671,0.268905133,-0.938430965,0.884469032,-0.0560670272,-0.165371701,0.969338119,0.887163222
-0.286486477,-0.409283698,0.706077039,-0.119618319,-0.0843484178,-0.728951275,0.668735325,-0.0416579694,-0.0119929314,-0.697747886,1.65822828,-0.664830327,-0.0106092896,0.214621216,-0.709811211,1.60627687,-0.475202829,-0.0180807635,0.0372365192,0.274947196,-0.920424461,0.900243163,-0.0412904099,-0.171714395,0.948214412,0.90703845
-0.286807239,-0.408742011,0.725128651,-0.113455959,-0.0787852034,-0.728970647,0.670464337,-0.0335638411,-0.0125595061,-0.691123009,1.60109305,-0.645345211,-0.0125493538,0.208736151,-0.696389079,1.54349864,-0.456371248,-0.0198169611,0.0517992675,0.280989289,-0.902418017,0.916017294,-0.0265137982,-0.178057089,0.927090704,0.926913738
-0.287128001,-0.408200294,0.744180262,-0.1072869,-0.0732176527,-0.728937685,0.67214483,-0.0254697148,-0.0131260809,-0.684498072,1.54395795,-0.625860035,-0.014489417,0.202851087,-0.682966948,1.48072028,-0.437539667,-0.0215531588,0.0663620159,0.287031353,-0.884411514,0.931791425,-0.0117371865,-0.184399784,0.905966997,0.946788967
-0.287287086,-0.410317987,0.762245059,-0.102808006,-0.0696439072,-0.728803098,0.673369408,-0.0181054026,-0.013895141,-0.658547938,1.47882569,-0.599771857,-0.0179289021,0.196672246,-0.652122438,1.41196859,-0.413275898,-0.0193596669,0.0894340426,0.296865612,-0.851818085,0.945432723,0.012222358,-0.194833338,0.873653889,0.956129372
-0.287432641,-0.412658483,0.780227125,-0.0984673724,-0.0662348866,-0.728640079,0.674537539,-0.010802241,-0.014681166,-0.630978644,1.41302335,-0.573130429,-0.0214940198,0.190468788,-0.619818151,1.34271634,-0.388556957,-0.0168369133,0.113219038,0.307017624,-0.818002462,0.958895266,0.0369513184,-0.205609649,0.840403199,0.964587092
-0.287578166,-0.414998978,0.79820919,-0.0941233858,-0.0628235787,-0.728453875,0.675684154,-0.00349907996,-0.015467192,-0.60340935,1.34722102,-0.546489,-0.0250591375,0.18426533,-0.587513864,1.27346408,-0.363838017,-0.0143141607,0.137004033,0.317169636,-0.78418684,0.97235781,0.0616802759,-0.216385961,0.807152569,0.973044813
-0.28772372,-0.417339474,0.816191256,-0.0897764489,-0.0594103076,-0.728244364,0.676809311,0.00380408135,-0.0162532181,-0.575840056,1.28141868,-0.519847631,-0.0286242552,0.178061888,-0.555209577,1.20421183,-0.339119077,-0.011791409,0.160789028,0.327321619,-0.750371218,0.985820353,0.0864092335,-0.227162272,0.77390188,0.981502473
-0.287869275,-0.41967997,0.834173381,-0.0854269862,-0.0559954122,-0.728011787,0.677912831,0.0111072445,-0.0170392431,-0.548270762,1.21561635,-0.493206173,-0.0321893729,0.17185843,-0.52290529,1.13495958,-0.314400136,-0.00926865544,0.184574038,0.337473631,-0.716555595,0.999282897,0.111138195,-0.237938583,0.74065119,0.989960194
-0.287923723,-0.423405558,0.848429859,-0.0817601159,-0.053383965,-0.72776854,0.678836107,0.0167999323,-0.0177019183,-0.521239758,1.15972102,-0.469712585,-0.0350330062,0.166881934,-0.492737949,1.0763818,-0.292432457,-0.00728897704,0.207406074,0.34598434,-0.681637347,1.00730789,0.135982081,-0.248307735,0.70686841,0.992269635
-0.287875503,-0.428692758,0.858485818,-0.0788639262,-0.0516790338,-0.727526963,0.679569244,0.0206768475,-0.0182255171,-0.494815648,1.11499536,-0.449768126,-0.0370631777,0.163288817,-0.464979857,1.0298394,-0.273566693,-0.00592160178,0.229163662,0.352644503,-0.645475805,1.00920212,0.160955533,-0.258217782,0.672485709,0.987646878
-0.287827283,-0.433979988,0.868541777,-0.0759667009,-0.049973432,-0.727276742,0.680294275,0.0245537627,-0.018749116,-0.468391567,1.07026982,-0.429823667,-0.0390933491,0.1596957,-0.437221795,0.98329699,-0.254700929,-0.00455422606,0.250921279,0.359304696,-0.609314263,1.01109648,0.185928985,-0.268127859,0.638102949,0.98302418
-0.287779033,-0.439267218,0.878597736,-0.0730685592,-0.0482672341,-0.727017879,0.6810112,0.028430678,-0.0192727149,-0.441967487,1.02554417,-0.409879208,-0.0411235169,0.156102583,-0.409463733,0.936754525,-0.23583518,-0.00318685058,0.272678852,0.36596486,-0.573152781,1.01299071,0.210902438,-0.278037906,0.603720248,0.978401482
-0.287730813,-0.444554448,0.888653696,-0.0701696128,-0.0465604961,-0.726750433,0.681720138,0.032307595,-0.0197963137,-0.415543407,0.98081857,-0.389934748,-0.0431536883,0.152509466,-0.381705672,0.890212119,-0.216969416,-0.00181947544,0.294436455,0.372625053,-0.536991239,1.01488495,0.23587589,-0.287947953,0.569337547,0.973778784
-0.287681133,-0.44984141,0.898638368,-0.0672730207,-0.0448581465,-0.726477206,0.682417035,0.036139112,-0.0202904865,-0.389250129,0.936243355,-0.36999023,-0.0451577231,0.148944795,-0.354096204,0.843877733,-0.198187903,-0.000473968772,0.315773487,0.378989637,-0.501268387,1.01680684,0.260399193,-0.297556996,0.535357296,0.969396889
-0.287548482,-0.455115348,0.904595017,-0.0645500049,-0.0434312224,-0.726361275,0.682895601,0.0374056026,-0.019122025,-0.370346844,0.900167465,-0.350042909,-0.0456849895,0.146987289,-0.33488372,0.809299529,-0.184165761,-0.000364107487,0.313346833,0.36865288,-0.490330398,1.02029121,0.259488285,-0.290157646,0.524119139,0.978618741
-0.287415832,-0.460389286,0.910551727,-0.0618262626,-0.0420038253,-0.72623831,0.683367491,0.0386720896,-0.0179535616,-0.351443589,0.864091516,-0.330095589,-0.046212256,0.145029798,-0.315671235,0.774721324,-0.170143634,-0.000254246173,0.310920179,0.358316153,-0.479392439,1.02377558,0.258577347,-0.282758296,0.512881041,0.987840593
-0.287283152,-0.465663224,0.916508377,-0.059101887,-0.0405760035,-0.726108253,0.683832824,0.0399385765,-0.0167851001,-0.332540333,0.828015625,-0.310148269,-0.0467395224,0.143072307,-0.296458781,0.740143061,-0.156121492,-0.000144384889,0.308493525,0.347979397,-0.46845451,1.02725983,0.257666439,-0.275358945,0.501642883,0.997062445
-0.287150502,-0.470937163,0.922465026,-0.0563769564,-0.039147798,-0.725971282,0.684291542,0.0412050635,-0.0156166386,-0.313637078,0.791939676,-0.290200949,-0.0472667888,0.141114816,-0.277246296,0.705564857,-0.142099366,-3.45236112E-05,0.306066871,0.33764264,-0.457516551,1.03074419,0.256755501,-0.267959595,0.490404725,1.00628424
-0.287017852,-0.476211101,0.928421736,-0.0536515452,-0.0377192423,-0.725827157,0.684743524,0.0424715541,-0.0144481771,-0.294733822,0.755863726,-0.270253628,-0.0477940552,0.139157325,-0.258033812,0.670986593,-0.128077239,7.53377099E-05,0.303640217,0.327305883,-0.446578592,1.03422856,0.255844593,-0.260560244,0.479166597,1.01550615
-0.287022501,-0.480368078,0.932432353,-0.0514671169,-0.0368835293,-0.7253654,0.685445786,0.0428207852,-0.0133433715,-0.280128688,0.728418648,-0.255993605,-0.0475672223,0.137862086,-0.243778542,0.646413743,-0.118206494,-0.000800372043,0.290354401,0.314763188,-0.445533127,1.02973342,0.245336384,-0.25143379,0.476250708,1.0132004
-0.287132919,-0.483664185,0.934943199,-0.0496996455,-0.0365047492,-0.724660039,0.686342001,0.0424630642,-0.012287627,-0.26883626,0.707625568,-0.246116951,-0.0467591919,0.137077257,-0.233343929,0.629552305,-0.111535333,-0.0024356856,0.268699169,0.300520331,-0.452112019,1.01908815,0.227431312,-0.240976259,0.479748994,1.00200999
-0.287243336,-0.486960322,0.937453985,-0.0479319319,-0.0361257978,-0.72395128,0.687235057,0.0421053432,-0.0112318825,-0.257543832,0.686832428,-0.236240268,-0.0459511578,0.136292428,-0.222909302,0.612690866,-0.10486418,-0.0040709991,0.247043937,0.286277473,-0.458690941,1.00844288,0.209526241,-0.230518714,0.48324725,0.990819633
-0.287353784,-0.490256429,0.939964771,-0.0461639985,-0.0357466862,-0.723239243,0.688125134,0.0417476222,-0.010176139,-0.246251374,0.666039348,-0.226363599,-0.0451431274,0.135507599,-0.212474674,0.595829368,-0.0981930196,-0.00570631307,0.225388706,0.272034615,-0.465269864,0.997797728,0.191621169,-0.220061168,0.486745536,0.979629219
-0.287464201,-0.493552566,0.942475557,-0.0443958677,-0.0353674144,-0.722523928,0.689011931,0.0413899012,-0.00912039448,-0.234958947,0.645246208,-0.216486916,-0.0443350933,0.134722769,-0.202040046,0.578967929,-0.0915218592,-0.0073416261,0.203733474,0.257791758,-0.471848786,0.987152517,0.173716098,-0.209603623,0.490243822,0.968438864
-0.287548453,-0.496712118,0.944902182,-0.0426140241,-0.0348735638,-0.721658766,0.69005549,0.0410893783,-0.00810056459,-0.224230379,0.624772191,-0.20676823,-0.0434796847,0.13404116,-0.191925824,0.562440276,-0.0849702284,-0.00862611178,0.183869511,0.244173855,-0.477861673,0.978397191,0.15733847,-0.199600577,0.493344963,0.959064364
-0.287425309,-0.498789817,0.946662009,-0.0407244265,-0.0334729664,-0.719625413,0.692358553,0.0412419438,-0.00736522116,-0.217968509,0.606825471,-0.198301002,-0.0422489941,0.134177208,-0.184349462,0.548556685,-0.0793654099,-0.00713157235,0.178194821,0.235506549,-0.47939077,0.984612584,0.153060183,-0.193197802,0.49330014,0.964074075
-0.287302136,-0.500867486,0.948421836,-0.0388341397,-0.032071799,-0.717581272,0.694651425,0.0413945131,-0.00662987772,-0.211706638,0.588878751,-0.189833775,-0.0410182998,0.13431327,-0.176773116,0.534673095,-0.0737605914,-0.00563703245,0.172520116,0.226839229,-0.480919838,0.990827918,0.148781896,-0.186795026,0.493255347,0.969083846
-0.287178993,-0.502945244,0.950181603,-0.0369432233,-0.0306701194,-0.715526283,0.696933866,0.0415470786,-0.00589453429,-0.205444768,0.570932031,-0.181366548,-0.0397876054,0.134449318,-0.169196755,0.520789504,-0.068155773,-0.00414249208,0.166845426,0.218171924,-0.482448936,0.997043312,0.144503608,-0.18039225,0.493210554,0.974093556
-0.28705585,-0.505022943,0.951941431,-0.0350517817,-0.0292680021,-0.713460624,0.699205875,0.0416996479,-0.00515919086,-0.199182883,0.552985311,-0.172899321,-0.0385569111,0.134585366,-0.161620408,0.506905854,-0.0625509545,-0.00264795241,0.161170721,0.209504619,-0.483978003,1.00325871,0.140225321,-0.173989475,0.493165761,0.979103267
-0.286932677,-0.507100642,0.953701198,-0.033159893,-0.0278655011,-0.711384416,0.701467276,0.0418522172,-0.00442384742,-0.192921013,0.53503859,-0.164432094,-0.0373262167,0.134721413,-0.154044047,0.493022263,-0.0569461398,-0.00115341216,0.155496031,0.200837299,-0.485507101,1.00947404,0.135947034,-0.167586684,0.493120968,0.984112978
-0.286367446,-0.508865833,0.955182374,-0.0317215882,-0.0260344949,-0.708921492,0.704092503,0.0427249223,-0.00368563132,-0.188246131,0.517301381,-0.155609056,-0.0360482261,0.134678096,-0.145088494,0.477903515,-0.0506584495,-0.000816223503,0.154376894,0.195635185,-0.480558753,1.013767,0.137966275,-0.164148405,0.487032413,0.987507582
-0.28557393,-0.510469615,0.956519663,-0.0305170454,-0.0239817295,-0.706250429,0.706897497,0.0439695381,-0.00294593116,-0.184390813,0.499672323,-0.146602243,-0.0347458124,0.134542167,-0.13542068,0.462146848,-0.0440180972,-0.0010767323,0.155610442,0.192222625,-0.472265214,1.01706731,0.14323777,-0.162241071,0.477822661,0.990068078
-0.284780383,-0.512073457,0.957856894,-0.0293118153,-0.0219283756,-0.703564584,0.709687889,0.0452141501,-0.002206231,-0.18053551,0.482043266,-0.137595445,-0.0334433988,0.134406239,-0.125752851,0.446390182,-0.0373777412,-0.00133724115,0.156843975,0.188810065,-0.463971674,1.0203675,0.148509264,-0.160333753,0.468612909,0.992628515
-0.283986837,-0.513677239,0.959194183,-0.0281059779,-0.0198745653,-0.700864255,0.712463677,0.0464587659,-0.00146653084,-0.176680192,0.464414209,-0.128588647,-0.0321409814,0.134270296,-0.116085038,0.430633545,-0.0307373907,-0.00159775,0.158077523,0.185397506,-0.455678135,1.02366769,0.153780773,-0.158426419,0.459403187,0.995189011
-0.28319332,-0.515281081,0.960531473,-0.0268996097,-0.0178204216,-0.698149502,0.715224624,0.0477033779,-0.000726830855,-0.172824875,0.446785182,-0.119581841,-0.0308385678,0.134134367,-0.106417216,0.414876878,-0.0240970384,-0.00185825885,0.159311056,0.181984931,-0.447384596,1.026968,0.159052268,-0.1565191,0.450193435,0.997749507
-0.282251894,-0.516935945,0.961644888,-0.0259641614,-0.0158438794,-0.695536256,0.71784693,0.0489160195,7.27781389E-06,-0.168941706,0.431043595,-0.112225339,-0.0296439193,0.134154856,-0.0972948745,0.400574088,-0.0180102699,-0.00263402634,0.160333619,0.179128915,-0.439312488,1.03090525,0.164538532,-0.155630082,0.441643119,1.00076723
-0.280743212,-0.518786728,0.961899579,-0.0260693468,-0.0141655663,-0.693356216,0.719983995,0.0500060245,0.000719938893,-0.164951682,0.422541916,-0.111199088,-0.0288626347,0.134775326,-0.0902648643,0.391847998,-0.0140469354,-0.00538622076,0.160546929,0.178407714,-0.432089806,1.0372864,0.170848578,-0.15864715,0.435622334,1.00553906
-0.279234529,-0.520637512,0.962154269,-0.0261742212,-0.0124870203,-0.691167712,0.722112358,0.0510960296,0.00143259997,-0.160961643,0.414040208,-0.110172838,-0.0280813519,0.13539581,-0.083234854,0.383121938,-0.0100836009,-0.0081384154,0.160760239,0.177686512,-0.424867123,1.04366744,0.177158624,-0.161664218,0.42960152,1.01031089
-0.277725846,-0.522488236,0.96240896,-0.0262787789,-0.0108083012,-0.688970685,0.724232078,0.0521860383,0.00214526104,-0.156971604,0.405538529,-0.109146588,-0.0273000691,0.136016294,-0.0762048438,0.374395847,-0.00612026593,-0.0108906096,0.160973549,0.176965296,-0.417644411,1.05004859,0.18346867,-0.164681271,0.423580736,1.01508272
-0.276217192,-0.52433902,0.962663651,-0.0263830163,-0.00912946928,-0.686765373,0.726342857,0.0532760434,0.00285792211,-0.152981564,0.39703685,-0.108120337,-0.0265187845,0.136636779,-0.0691748336,0.365669787,-0.00215693191,-0.0136428038,0.161186859,0.176244095,-0.410421729,1.05642962,0.189778715,-0.167698339,0.417559952,1.01985455
-0.274708509,-0.526189804,0.962918341,-0.0264869295,-0.00745058805,-0.684551835,0.728444815,0.0543660484,0.00357058318,-0.14899154,0.388535172,-0.107094087,-0.0257375017,0.137257263,-0.0621448196,0.356943697,0.00180640246,-0.0163949989,0.161400184,0.175522879,-0.403199047,1.06281078,0.196088776,-0.170715407,0.411539137,1.02462637
-0.273319006,-0.528102696,0.963115573,-0.0265835356,-0.00657940423,-0.682920516,0.729979157,0.0560467392,0.00247249519,-0.140358999,0.385535985,-0.112403348,-0.0255234018,0.13820754,-0.0614309087,0.356860548,0.0045969137,-0.020742543,0.158569828,0.173326284,-0.400940806,1.06907356,0.202178806,-0.173203304,0.411640137,1.03236496
-0.271968365,-0.530035794,0.963294029,-0.0266777314,-0.00597150763,-0.681478202,0.731327713,0.0579200014,0.00078408228,-0.130212948,0.38433069,-0.119778067,-0.0254942104,0.139265358,-0.0627761185,0.35959506,0.0070050708,-0.0256101917,0.154747203,0.170648679,-0.400301039,1.07529783,0.208197102,-0.175518692,0.41373691,1.04107082
-0.270617723,-0.531968951,0.963472426,-0.0267718118,-0.00536357984,-0.680032909,0.732673109,0.0597932599,-0.000904330402,-0.120066911,0.383125395,-0.127152786,-0.025465019,0.140323162,-0.0641213208,0.362329572,0.00941322744,-0.0304778367,0.150924578,0.167971075,-0.399661273,1.08152211,0.214215413,-0.177834094,0.415833712,1.04977667
-0.269267082,-0.533902109,0.963650882,-0.0268657766,-0.00475562969,-0.678584695,0.734015346,0.0616665222,-0.00259274361,-0.109920859,0.381920069,-0.13452749,-0.0254358258,0.141380981,-0.0654665306,0.365064114,0.0118213845,-0.0353454873,0.147101954,0.16529347,-0.399021506,1.0877465,0.220233709,-0.180149481,0.417930484,1.05848253
-0.267916441,-0.535835266,0.963829339,-0.026959626,-0.00414766464,-0.67713356,0.735354424,0.0635397881,-0.00428115623,-0.0997748151,0.380714774,-0.141902208,-0.0254066344,0.142438784,-0.0668117404,0.367798626,0.0142295416,-0.0402131341,0.143279344,0.16261588,-0.39838174,1.09397078,0.226252005,-0.182464868,0.420027256,1.06718838
-0.266704589,-0.537650943,0.963623643,-0.0271032061,-0.00362952356,-0.675641835,0.736722827,0.0659537688,-0.00642792508,-0.0881003439,0.381259471,-0.149748415,-0.025466891,0.144467056,-0.0698010176,0.372505486,0.0148210758,-0.0453150049,0.139052302,0.159279644,-0.399161041,1.10060239,0.231021076,-0.183909491,0.423067987,1.07661617
-0.265814245,-0.539194703,0.962527931,-0.0273621418,-0.00331949117,-0.674059272,0.738162935,0.0696205124,-0.00963663217,-0.072884731,0.385858625,-0.158686996,-0.0257343873,0.148743734,-0.0765993446,0.381781965,0.0112037845,-0.0509595387,0.133888319,0.154417455,-0.403228104,1.10817766,0.232895836,-0.183336645,0.428295702,1.08771682
-0.2649239,-0.540738404,0.961432278,-0.0276209563,-0.00300943898,-0.67247349,0.739599586,0.0732872635,-0.0128453402,-0.0576691255,0.390457779,-0.167625591,-0.0260018837,0.153020412,-0.083397679,0.391058445,0.00758649223,-0.0566040725,0.128724337,0.149555266,-0.407295167,1.11575294,0.234770596,-0.1827638,0.433523446,1.09881747
-0.264033556,-0.542282104,0.960336566,-0.0278796405,-0.00269937119,-0.67088449,0.741032779,0.0769540146,-0.0160540473,-0.0424535163,0.395056963,-0.176564172,-0.02626938,0.157297075,-0.0901960135,0.400334895,0.00396919996,-0.0622486025,0.123560347,0.144693077,-0.411362231,1.12332833,0.236645356,-0.182190955,0.438751161,1.109918
-0.263143241,-0.543825865,0.959240854,-0.0281381886,-0.00238929247,-0.669292331,0.742462397,0.0806207582,-0.0192627553,-0.0272379071,0.399656117,-0.185502753,-0.0265368763,0.161573753,-0.0969943404,0.409611374,0.000351907947,-0.06789314,0.118396364,0.139830887,-0.415429294,1.1309036,0.238520116,-0.181618124,0.443978876,1.12101865
-0.262252897,-0.545369565,0.958145201,-0.0283966009,-0.00207920675,-0.667696953,0.743888497,0.0842875093,-0.0224714614,-0.0120222997,0.404255271,-0.194441333,-0.0268043727,0.165850431,-0.103792675,0.418887824,-0.00326538389,-0.0735376701,0.113232382,0.134968698,-0.419496357,1.13847888,0.240394875,-0.181045279,0.44920662,1.13211918
-0.261315167,-0.546611726,0.956404328,-0.0288712569,-0.00245518843,-0.666548133,0.744898796,0.0859647691,-0.0272502135,-0.00358571834,0.422707051,-0.197846368,-0.029437637,0.16876848,-0.107916579,0.435096949,-0.0145140542,-0.0761655271,0.111459799,0.129623666,-0.426689476,1.14700389,0.23676011,-0.179891273,0.457727015,1.13994157
-0.260369033,-0.547800124,0.954548538,-0.0293843672,-0.00295334077,-0.665477455,0.745833516,0.0872877538,-0.0323085524,0.00364367967,0.443625659,-0.200266004,-0.0324921869,0.171444595,-0.111564241,0.452540576,-0.0271216892,-0.0782561898,0.110291153,0.12419264,-0.434439272,1.15569794,0.232144222,-0.178633779,0.4668338,1.14718008
-0.259422868,-0.548988581,0.952692747,-0.0298974067,-0.00345148798,-0.664405167,0.746766448,0.088610746,-0.0373668894,0.0108730774,0.464544296,-0.202685639,-0.0355467387,0.174120709,-0.115211897,0.469984204,-0.0397293232,-0.0803468525,0.1091225,0.118761614,-0.442189068,1.16439199,0.227528334,-0.17737627,0.475940555,1.15441859
-0.258476734,-0.550176978,0.950837016,-0.0304103699,-0.00394962635,-0.663331151,0.747697473,0.0899337307,-0.0424252264,0.0181024745,0.485462904,-0.205105275,-0.0386012867,0.176796824,-0.118859559,0.48742786,-0.0523369536,-0.0824375078,0.107953854,0.113330588,-0.449938864,1.17308605,0.222912446,-0.176118776,0.485047311,1.16165721
-0.25753057,-0.551365435,0.948981225,-0.0309232529,-0.00444775075,-0.662255406,0.74862653,0.0912567154,-0.0474835671,0.0253318734,0.506381512,-0.207524911,-0.0416558385,0.179472953,-0.122507215,0.504871488,-0.0649445951,-0.0845281705,0.106785201,0.107899569,-0.457688659,1.18178022,0.218296558,-0.174861282,0.494154066,1.16889572
-0.256782323,-0.552605629,0.94682461,-0.0315139219,-0.00488600694,-0.662242115,0.748610973,0.0914476588,-0.0517984442,0.0301049519,0.529074907,-0.209471181,-0.0451376364,0.181943282,-0.123852864,0.521945059,-0.0783093795,-0.0861304104,0.105682611,0.102929518,-0.463730425,1.18987596,0.21302104,-0.173252195,0.502042532,1.17566586
-0.256335616,-0.553924739,0.944209516,-0.032223139,-0.00523302751,-0.663847446,0.747155309,0.089913331,-0.0549802706,0.0311345272,0.554473221,-0.210695997,-0.049270574,0.184099987,-0.121690176,0.538454592,-0.0928280875,-0.0869882926,0.104680702,0.0986620039,-0.467169166,1.19706011,0.206740245,-0.171107262,0.508074164,1.18172228
-0.255888909,-0.55524379,0.941594362,-0.0329321884,-0.00558002479,-0.665449202,0.745695531,0.0883790031,-0.0581620969,0.0321641006,0.579871535,-0.211920813,-0.0534035116,0.186256692,-0.119527496,0.554964125,-0.107346795,-0.0878461674,0.103678785,0.0943944901,-0.470607907,1.20424426,0.20045945,-0.168962345,0.514105856,1.18777871
-0.255442232,-0.556562901,0.938979208,-0.0336410627,-0.00592699368,-0.667047441,0.744231701,0.0868446827,-0.0613439195,0.0331936777,0.605269849,-0.213145643,-0.0575364493,0.188413396,-0.117364809,0.571473718,-0.121865503,-0.0887040496,0.102676876,0.0901269764,-0.474046618,1.21142828,0.194178641,-0.166817412,0.520137548,1.19383502
-0.254995525,-0.557882011,0.936364114,-0.0343497545,-0.00627392856,-0.668642163,0.742763996,0.0853103548,-0.0645257458,0.034223251,0.630668163,-0.214370459,-0.0616693832,0.190570101,-0.115202129,0.587983251,-0.136384204,-0.0895619243,0.101674967,0.0858594626,-0.477485359,1.21861243,0.187897846,-0.164672479,0.52616924,1.19989145
-0.254548818,-0.559201121,0.93374896,-0.0350582525,-0.00662082387,-0.67023325,0.741292417,0.0837760344,-0.0677075684,0.0352528244,0.656066477,-0.215595275,-0.0658023208,0.192726821,-0.113039441,0.604492784,-0.150902912,-0.0904197991,0.10067305,0.0815919489,-0.4809241,1.22579658,0.181617051,-0.162527561,0.532200933,1.20594788
-0.253447294,-0.557491839,0.933063388,-0.0376680195,-0.00757997436,-0.675709128,0.736166298,0.0695539266,-0.0660667792,0.0381085761,0.643592417,-0.208912835,-0.0635015965,0.192906901,-0.101716876,0.602133453,-0.147725508,-0.100285456,0.0980000943,0.082693398,-0.474529386,1.23138785,0.185966566,-0.15848057,0.527018726,1.2034384
-0.25230661,-0.555601418,0.932493329,-0.0403896533,-0.00857548416,-0.681373298,0.730770528,0.0545726381,-0.0641374215,0.0410735942,0.628852308,-0.201757252,-0.0608159117,0.192968711,-0.0898462087,0.598645031,-0.143489227,-0.110690109,0.0952271447,0.0841161013,-0.467546284,1.23688388,0.190952152,-0.154319778,0.521165609,1.20041645
-0.251165897,-0.553710997,0.931923211,-0.043108765,-0.00957050547,-0.686990619,0.725323379,0.0395913497,-0.0622080639,0.0440386161,0.614112139,-0.194601685,-0.0581302233,0.193030506,-0.0779755488,0.59515661,-0.139252946,-0.121094756,0.092454195,0.0855388045,-0.460563183,1.2423799,0.195937738,-0.150158972,0.515312433,1.19739449
-0.250025213,-0.551820517,0.931353152,-0.0458248034,-0.0105648311,-0.692559838,0.719825864,0.0246100631,-0.06027871,0.0470036343,0.59937197,-0.187446102,-0.0554445349,0.193092316,-0.0661048889,0.591668248,-0.135016665,-0.131499395,0.0896812454,0.0869615078,-0.453580081,1.24787593,0.200923339,-0.14599818,0.509459257,1.19437253
-0.248884499,-0.549930096,0.930783033,-0.0485371947,-0.0115582542,-0.698080122,0.714279234,0.00962877087,-0.0583493523,0.0499686562,0.58463186,-0.18029052,-0.0527588464,0.193154126,-0.0542342253,0.588179827,-0.130780384,-0.141904056,0.0869082958,0.0883842185,-0.44659698,1.25337195,0.205908924,-0.141837373,0.503606081,1.19135058
-0.248091653,-0.548634946,0.930205643,-0.0512031056,-0.0126367938,-0.703700304,0.708536804,-0.000903307751,-0.0563397706,0.0511366278,0.57852304,-0.176729664,-0.0470882952,0.194013357,-0.0433798321,0.585499585,-0.127368644,-0.146966681,0.0870097205,0.0893315524,-0.442574948,1.25860608,0.209958524,-0.139212042,0.501736164,1.1882695
-0.247659594,-0.547957242,0.929620564,-0.0538217276,-0.0138039943,-0.709424675,0.702587545,-0.00682108523,-0.0542469881,0.0504408665,0.581365883,-0.176896945,-0.0383221172,0.195699587,-0.0335794054,0.583657444,-0.124812037,-0.146489084,0.0900921822,0.0897858888,-0.441623837,1.26356864,0.213037372,-0.138179123,0.503997207,1.18512726
-0.24722752,-0.547279537,0.929035485,-0.0564367361,-0.014970364,-0.715095937,0.696583509,-0.0127388639,-0.052154202,0.0497451052,0.584208727,-0.17706421,-0.0295559429,0.197385818,-0.0237789806,0.581815362,-0.122255422,-0.146011472,0.0931746364,0.0902402177,-0.440672755,1.2685312,0.216116235,-0.13714622,0.506258249,1.1819849
-0.246795446,-0.546601832,0.928450465,-0.0590475276,-0.0161356311,-0.720712841,0.690526009,-0.0186566412,-0.0500614196,0.0490493439,0.587051511,-0.177231476,-0.0207897667,0.199072048,-0.0139785549,0.57997328,-0.119698815,-0.145533875,0.096257098,0.0906945542,-0.439721644,1.27349377,0.219195098,-0.136113316,0.508519292,1.17884254
-0.246363387,-0.545924067,0.927865386,-0.0616534986,-0.0172995273,-0.726273954,0.684416354,-0.0245744195,-0.0479686372,0.0483535826,0.589894354,-0.177398741,-0.0120235914,0.200758278,-0.00417813146,0.578131139,-0.117142208,-0.145056278,0.0993395522,0.0911488831,-0.438770562,1.27845633,0.222273961,-0.135080397,0.510780334,1.17570031
-0.245950818,-0.54527384,0.927270591,-0.0642389953,-0.0184600223,-0.731720686,0.678319573,-0.0303536598,-0.0459113084,0.0475834347,0.592969954,-0.177710086,-0.00333180185,0.202459678,0.00547707872,0.576461315,-0.11475499,-0.144560143,0.102388471,0.0915299281,-0.437904596,1.28342724,0.225281715,-0.134001687,0.513057053,1.17272818
-0.24602893,-0.545313835,0.926431239,-0.0664416999,-0.0195748657,-0.735680997,0.673777342,-0.0326488391,-0.0447457246,0.0449425839,0.601899683,-0.181644917,0.00348926173,0.204542279,0.0114803109,0.579122722,-0.116627842,-0.143598095,0.104593933,0.0900677666,-0.439179808,1.28860688,0.226501167,-0.131771058,0.515728354,1.1740371
-0.246107027,-0.54535377,0.925591826,-0.0686418861,-0.0206890386,-0.739610493,0.669205904,-0.0349440165,-0.0435801372,0.042301733,0.610829413,-0.185579732,0.0103103258,0.20662488,0.0174835436,0.581784129,-0.118500687,-0.142636046,0.106799394,0.0886055976,-0.440455019,1.29378664,0.227720633,-0.129540429,0.518399715,1.1753459
-0.246185124,-0.545393765,0.924752474,-0.0708393008,-0.0218024012,-0.743508935,0.664605796,-0.0372391939,-0.0424145535,0.0396608859,0.619759142,-0.189514548,0.0171313901,0.208707482,0.0234867744,0.584445596,-0.12037354,-0.141673982,0.109004855,0.0871434361,-0.441730231,1.29896629,0.228940085,-0.127309799,0.521071017,1.17665482
-0.246263236,-0.54543376,0.923913062,-0.0730336457,-0.0229148064,-0.747375727,0.659977615,-0.0395343713,-0.041248966,0.0370200351,0.628688812,-0.193449378,0.0239524525,0.210790083,0.0294900071,0.587107003,-0.122246392,-0.140711933,0.111210316,0.0856812745,-0.443005413,1.30414593,0.230159551,-0.12507917,0.523742378,1.17796373
-0.246341333,-0.545473754,0.923073709,-0.0752246603,-0.0240261164,-0.751210392,0.655321956,-0.0418295525,-0.0400833823,0.0343791842,0.637618542,-0.197384194,0.0307735167,0.212872684,0.0354932398,0.58976841,-0.124119245,-0.139749885,0.113415785,0.084219113,-0.444280624,1.3093257,0.231379002,-0.122848533,0.526413679,1.17927265
-0.246373698,-0.545490324,0.922725856,-0.0761315823,-0.0244862996,-0.752790034,0.653384745,-0.0427806899,-0.0396003537,0.0332847983,0.641319096,-0.199014813,0.0336002149,0.213735729,0.0379810221,0.590871334,-0.124895364,-0.139351204,0.11432974,0.0836131796,-0.444809079,1.31147218,0.23188436,-0.121924147,0.527520716,1.17981505
-0.246373698,-0.545490324,0.922725856,-0.0761315823,-0.0244862996,-0.752790034,0.653384745,-0.0427806899,-0.0396003537,0.0332847983,0.641319096,-0.199014813,0.0336002149,0.213735729,0.0379810221,0.590871334,-0.124895364,-0.139351204,0.11432974,0.0836131796,-0.444809079,1.31147218,0.23188436,-0.121924147,0.527520716,1.17981505
-0.246373698,-0.545490324,0.922725856,-0.0761315823,-0.0244862996,-0.752790034,0.653384745,-0.0427806899,-0.0396003537,0.0332847983,0.641319096,-0.199014813,0.0336002149,0.213735729,0.0379810221,0.590871334,-0.124895364,-0.139351204,0.11432974,0.0836131796,-0.444809079,1.31147218,0.23188436,-0.121924147,0.527520716,1.17981505
