-0.015371165238320827,-0.34659379720687866,0.9747199416160583,-0.02423085831105709,-0.06989678740501404,-0.5676252245903015,0.8199566602706909,-0.3600698709487915,-0.14748431742191315,0.06964046508073807,0.10460215061903,0.011425926350057125,-0.3452569246292114,-0.005968486424535513,0.15779736638069153,0.07874949276447296,0.12897728383541107,0.1678953766822815,-1.5807175636291504,0.2091263234615326,-0.38020119071006775,0.00354255479760468,-0.4484359323978424,-0.14919275045394897,0.6392086744308472,0.5523857474327087
-0.013737027533352375,-0.34639549255371094,0.9750186800956726,-0.02201663888990879,-0.07298021018505096,-0.5843857526779175,0.8078876733779907,-0.30566591024398804,-0.15952777862548828,0.07782532274723053,0.11131323128938675,-0.013918070122599602,-0.3109205961227417,-0.015224562957882881,0.14009389281272888,0.10713471472263336,0.11264809966087341,0.2611270546913147,-1.765505313873291,0.11536969244480133,-0.33546048402786255,0.18697842955589294,-0.4253067076206207,-0.11896955966949463,0.6393429040908813,0.6779739260673523
-0.011314609088003635,-0.34731340408325195,0.9746523499488831,-0.018667368218302727,-0.07822436094284058,-0.601905882358551,0.7945072650909424,-0.25091883540153503,-0.17610213160514832,0.08768993616104126,0.11824110150337219,-0.0457518994808197,-0.26545250415802,-0.03045332059264183,0.11954189091920853,0.15035656094551086,0.09189711511135101,0.34864503145217896,-1.9364292621612549,0.09256443381309509,-0.27132073044776917,0.38125520944595337,-0.3462023437023163,-0.10138460248708725,0.5911524891853333,0.7951667904853821
-0.008868450298905373,-0.3462640345096588,0.9740678071975708,-0.013628125190734863,-0.08340118825435638,-0.6189283132553101,0.7808880805969238,-0.19993601739406586,-0.1953645795583725,0.09193986654281616,0.12165959179401398,-0.06917358934879303,-0.21819141507148743,-0.048922475427389145,0.0907459482550621,0.19892393052577972,0.06862925738096237,0.4056468605995178,-2.0248398780822754,0.14696452021598816,-0.20095156133174896,0.5266712307929993,-0.21670404076576233,-0.11266128718852997,0.49325114488601685,0.9008466601371765
-0.008283810690045357,-0.3424258828163147,0.9739028811454773,-0.002361682942137122,-0.087819404900074,-0.6361945867538452,0.7665106654167175,-0.1519293338060379,-0.22170878946781158,0.08535653352737427,0.11440517008304596,-0.07448670268058777,-0.1675364226102829,-0.07463341951370239,0.04247891157865524,0.2559196352958679,0.04428401216864586,0.4029717445373535,-1.9771641492843628,0.2998539209365845,-0.11135275661945343,0.6141372919082642,-0.08860103785991669,-0.17126929759979248,0.31605780124664307,0.9878427982330322
-0.009298844262957573,-0.3383488655090332,0.9734063744544983,0.009222811087965965,-0.09149552881717682,-0.6522608399391174,0.752395749092102,-0.10664376616477966,-0.24598275125026703,0.07837001234292984,0.10335604846477509,-0.07005182653665543,-0.11533986777067184,-0.09840793907642365,-0.0023254230618476868,0.30499881505966187,0.02081051468849182,0.31931272149086,-1.7932109832763672,0.5598583221435547,0.02344786375761032,0.6357607841491699,-0.01772434636950493,-0.280620813369751,0.09736105799674988,1.0473870038986206
-0.01272159069776535,-0.335476815700531,0.9741021990776062,-7.84454750828445e-05,-0.07952950894832611,-0.6650028824806213,0.742594301700592,-0.07060106843709946,-0.20566001534461975,0.08195860683917999,0.09145116806030273,-0.057446710765361786,-0.07137168943881989,-0.05772599205374718,0.003270478453487158,0.27709269523620605,0.024848366156220436,0.15040303766727448,-1.409096360206604,0.9489151239395142,0.293050080537796,0.7277199029922485,-0.012722985818982124,-0.44085603952407837,-0.1692143976688385,1.1213377714157104
-0.015164542943239212,-0.3349149227142334,0.9748924970626831,-0.015271050855517387,-0.06634177267551422,-0.6711118817329407,0.7382239103317261,-0.04718463867902756,-0.15456362068653107,0.09232202172279358,0.08074609190225601,-0.04863135889172554,-0.048774316906929016,-0.0062216706573963165,0.03744608536362648,0.21299290657043457,0.04487863928079605,0.02662145346403122,-1.086722731590271,1.2235934734344482,0.48977982997894287,0.8543881177902222,-0.03189627453684807,-0.6135408878326416,-0.37842535972595215,1.1922876834869385
-0.016870491206645966,-0.3342542052268982,0.9742754697799683,-0.031377214938402176,-0.05676954984664917,-0.6742050647735596,0.7356902956962585,-0.027469322085380554,-0.1089814230799675,0.10767723619937897,0.0717572495341301,-0.040811989456415176,-0.0348283015191555,0.04069056734442711,0.0781257227063179,0.15117637813091278,0.06437408179044724,-0.045934535562992096,-0.8378646373748779,1.381086826324463,0.6089072227478027,0.9775514602661133,-0.06428574025630951,-0.8029170036315918,-0.5326530933380127,1.2650046348571777
-0.0181430671364069,-0.3331567049026489,0.9726639986038208,-0.045895859599113464,-0.05154796689748764,-0.6758278012275696,0.733820915222168,-0.008660930208861828,-0.07425994426012039,0.12621551752090454,0.06359133124351501,-0.034191206097602844,-0.02575058303773403,0.0776844173669815,0.11517397314310074,0.1053585559129715,0.07796162366867065,-0.07670111954212189,-0.6445736289024353,1.4434727430343628,0.6809605956077576,1.0941814184188843,-0.10983547568321228,-1.0041580200195312,-0.6405476331710815,1.3403838872909546
-0.018815653398633003,-0.33223363757133484,0.9731622934341431,-0.058211807161569595,-0.0498461052775383,-0.6769356727600098,0.7320415377616882,0.009850697591900826,-0.04969111457467079,0.14616189897060394,0.0595192089676857,-0.03381495177745819,-0.016767803579568863,0.10566002130508423,0.14629963040351868,0.07685442268848419,0.08314047753810883,-0.08589105308055878,-0.48431673645973206,1.4232782125473022,0.7281339168548584,1.1895108222961426,-0.15805518627166748,-1.1975290775299072,-0.7126932144165039,1.3843104839324951
-0.01882319152355194,-0.33164840936660767,0.9735851883888245,-0.06626550853252411,-0.048972222954034805,-0.6776016354560852,0.7307986617088318,0.0274257380515337,-0.03445042669773102,0.15966114401817322,0.05796077102422714,-0.037970222532749176,-0.0073903948068618774,0.1252061128616333,0.16586606204509735,0.060247957706451416,0.08246436715126038,-0.07880183309316635,-0.34595170617103577,1.3277013301849365,0.7445241212844849,1.2497414350509644,-0.21745803952217102,-1.377319097518921,-0.7534980773925781,1.408454418182373
-0.018081780523061752,-0.33084824681282043,0.9743239879608154,-0.07123228907585144,-0.04623432457447052,-0.678072452545166,0.7300727367401123,0.0428580678999424,-0.022710952907800674,0.16166239976882935,0.062109656631946564,-0.04663773626089096,0.0015251156874001026,0.14254839718341827,0.17204193770885468,0.051678985357284546,0.07994034141302109,-0.05750567466020584,-0.23233942687511444,1.1763933897018433,0.7201769351959229,1.2752606868743896,-0.29135650396347046,-1.5257914066314697,-0.7674967646598816,1.3966896533966064
-0.01708516664803028,-0.33064407110214233,0.9754302501678467,-0.07508432865142822,-0.04124893620610237,-0.6781485080718994,0.7299147248268127,0.056119438260793686,-0.00938415341079235,0.15675264596939087,0.06896117329597473,-0.05934588611125946,0.00877270009368658,0.1618541181087494,0.17031100392341614,0.048424575477838516,0.07564960420131683,-0.03250410780310631,-0.13824865221977234,1.0158087015151978,0.664131760597229,1.282387375831604,-0.3632698655128479,-1.639634370803833,-0.7656331062316895,1.3534303903579712
-0.01602156274020672,-0.33005285263061523,0.976730465888977,-0.07898005843162537,-0.03460802137851715,-0.6783187389373779,0.729690432548523,0.06836764514446259,0.006394150201231241,0.14526715874671936,0.08209114521741867,-0.07616852968931198,0.015087924897670746,0.1831740140914917,0.16328752040863037,0.04871445149183273,0.07163628935813904,-0.011302212253212929,-0.07325804978609085,0.8701347708702087,0.5878244638442993,1.284934163093567,-0.43802541494369507,-1.732637643814087,-0.7502413988113403,1.272512674331665
-0.014571045525372028,-0.3292892873287201,0.9786048531532288,-0.08235958218574524,-0.02467936836183071,-0.6791026592254639,0.7289907336235046,0.07767616212368011,0.024843383580446243,0.1251475214958191,0.09682239592075348,-0.0922946110367775,0.0192984901368618,0.2069908082485199,0.14959704875946045,0.04830228537321091,0.07037712633609772,0.012234505265951157,-0.029884018003940582,0.7487534284591675,0.4814152717590332,1.288163423538208,-0.5161056518554688,-1.8149789571762085,-0.7243636846542358,1.1914098262786865
-0.012861771509051323,-0.32883745431900024,0.9807026386260986,-0.08612608164548874,-0.011351150460541248,-0.6793635487556458,0.7286415696144104,0.08233745396137238,0.048215631395578384,0.09252149611711502,0.12426365911960602,-0.11404832452535629,0.018985971808433533,0.23502644896507263,0.13054630160331726,0.04812805354595184,0.07017675042152405,0.04459662362933159,0.0017832312732934952,0.6519002318382263,0.35233235359191895,1.296705722808838,-0.5958340764045715,-1.8807536363601685,-0.6931878924369812,1.1138666868209839
-0.01142803393304348,-0.3286459147930145,0.9824439287185669,-0.09042026847600937,0.0021271766163408756,-0.6779453754425049,0.7295270562171936,0.0815025120973587,0.07284681499004364,0.05933826044201851,0.15402847528457642,-0.13501626253128052,0.014123508706688881,0.2634088099002838,0.1118813306093216,0.04800800234079361,0.07240325212478638,0.07738054543733597,0.027806419879198074,0.5738258957862854,0.21896277368068695,1.3063695430755615,-0.667322039604187,-1.9201898574829102,-0.6551764607429504,1.0131115913391113
-0.01108756847679615,-0.3284076452255249,0.9828455448150635,-0.09889741986989975,0.017569903284311295,-0.6746136546134949,0.7313050627708435,0.07969686388969421,0.1099470779299736,0.011983081698417664,0.21470892429351807,-0.17146530747413635,0.00595998577773571,0.3019540309906006,0.09483057260513306,0.05213325470685959,0.07070670276880264,0.08994770050048828,0.03776766359806061,0.5168399214744568,0.060105666518211365,1.313806176185608,-0.7772536277770996,-1.887256383895874,-0.5794178247451782,0.8527781367301941
-0.01025017537176609,-0.3260193169116974,0.9827905297279358,-0.10297419875860214,0.03275527060031891,-0.6714261174201965,0.7331510186195374,0.07944075018167496,0.13832056522369385,-0.0416547954082489,0.26775580644607544,-0.19996383786201477,0.0009027074556797743,0.3302401602268219,0.06719958037137985,0.05829800292849541,0.07380114495754242,0.03850504383444786,0.007007284089922905,0.44810009002685547,-0.09212449193000793,1.3095641136169434,-0.9136898517608643,-1.79844331741333,-0.45456501841545105,0.6323932409286499
-0.008684707805514336,-0.3228309750556946,0.9818145036697388,-0.10781808942556381,0.04283115267753601,-0.6683155298233032,0.7347755432128906,0.08175841718912125,0.16021624207496643,-0.08204711228609085,0.312691330909729,-0.23015864193439484,-0.005951320752501488,0.35017848014831543,0.048410024493932724,0.06679849326610565,0.07665416598320007,-0.04215221479535103,-0.0948924794793129,0.39239540696144104,-0.1971157193183899,1.2236353158950806,-1.058444857597351,-1.6719359159469604,-0.3205398917198181,0.42014944553375244
-0.006628488190472126,-0.3203781247138977,0.9800522327423096,-0.11160320043563843,0.045988112688064575,-0.6658737063407898,0.7362350225448608,0.08463131636381149,0.17040005326271057,-0.10532036423683167,0.34833255410194397,-0.2635806202888489,-0.01384270191192627,0.3569915294647217,0.03984629362821579,0.079011470079422,0.0773221030831337,-0.13085953891277313,-0.2839081585407257,0.3527185022830963,-0.2683357000350952,1.0186675786972046,-1.185375690460205,-1.5292131900787354,-0.1862746626138687,0.23356501758098602
-0.005231435876339674,-0.3177112340927124,0.9783457517623901,-0.11492763459682465,0.04761993885040283,-0.6629135608673096,0.7382882833480835,0.08258408308029175,0.17861732840538025,-0.12164098769426346,0.37548550963401794,-0.28753527998924255,-0.021611731499433517,0.3620225489139557,0.0327141247689724,0.08899625390768051,0.08243833482265472,-0.1903679221868515,-0.4413318336009979,0.3124329447746277,-0.2993209958076477,0.7784366011619568,-1.2609723806381226,-1.415034294128418,-0.07612083852291107,0.07832098007202148
-0.0040250662714242935,-0.315961092710495,0.9771393537521362,-0.11820986121892929,0.04963190108537674,-0.6612251996994019,0.7391510605812073,0.08352499455213547,0.18812811374664307,-0.1337859183549881,0.3942052125930786,-0.3031533360481262,-0.024668658152222633,0.3694702386856079,0.02668531984090805,0.09308478981256485,0.08811919391155243,-0.23333662748336792,-0.5571198463439941,0.2688218355178833,-0.30203333497047424,0.5666343569755554,-1.2985142469406128,-1.3371158838272095,-0.0012068338692188263,-0.043374259024858475
-0.0029261934105306864,-0.31460684537887573,0.9765394926071167,-0.12107392400503159,0.05141068622469902,-0.6609328985214233,0.7388273477554321,0.0879916101694107,0.19717450439929962,-0.1409764587879181,0.40370529890060425,-0.3115306794643402,-0.02413995750248432,0.3763812184333801,0.021924350410699844,0.09175870567560196,0.09421990811824799,-0.26426950097084045,-0.6393134593963623,0.23306988179683685,-0.2828577756881714,0.39106616377830505,-1.3140170574188232,-1.295233964920044,0.0396716445684433,-0.13411565124988556
-0.0017738236347213387,-0.31387820839881897,0.9760632514953613,-0.12376361340284348,0.05268019065260887,-0.6623398065567017,0.7370301485061646,0.09303919225931168,0.20531931519508362,-0.14405247569084167,0.41000574827194214,-0.31877192854881287,-0.023257719352841377,0.3822392225265503,0.01985740475356579,0.08798881620168686,0.09928396344184875,-0.2807958722114563,-0.7004729509353638,0.20201623439788818,-0.25552329421043396,0.24467214941978455,-1.319353699684143,-1.272110104560852,0.055534008890390396,-0.19969649612903595
-0.0006389370537362993,-0.3145785927772522,0.9748330116271973,-0.126193568110466,0.052637044340372086,-0.6658979058265686,0.7334060668945312,0.09762144833803177,0.2114412784576416,-0.14491726458072662,0.4221508502960205,-0.33111679553985596,-0.0218582171946764,0.38577359914779663,0.02123750001192093,0.08539218455553055,0.10034191608428955,-0.2839515805244446,-0.7531091570854187,0.17786583304405212,-0.23038168251514435,0.12263855338096619,-1.3078032732009888,-1.2710834741592407,0.049936775118112564,-0.2481238692998886
0.0009512848919257522,-0.31625068187713623,0.9736980199813843,-0.12763294577598572,0.052746690809726715,-0.6718518137931824,0.7276968955993652,0.09946262836456299,0.21534326672554016,-0.1436535120010376,0.43232470750808716,-0.3415352702140808,-0.019944965839385986,0.38747453689575195,0.021987058222293854,0.08290571719408035,0.10080331563949585,-0.2748641073703766,-0.8010340929031372,0.15464559197425842,-0.21559637784957886,0.02611834555864334,-1.2870787382125854,-1.2819010019302368,0.0349494032561779,-0.28281325101852417
0.002980221062898636,-0.3190307915210724,0.9725366830825806,-0.12906943261623383,0.05349810793995857,-0.6807940602302551,0.7190260291099548,0.09538844227790833,0.21883904933929443,-0.13987404108047485,0.44210708141326904,-0.34890908002853394,-0.017892539501190186,0.3897262215614319,0.023929253220558167,0.08045098930597305,0.09928211569786072,-0.2546939253807068,-0.8499919176101685,0.12987929582595825,-0.2099224179983139,-0.049151383340358734,-1.2628140449523926,-1.2985401153564453,0.016836175695061684,-0.3166924715042114
0.00539925042539835,-0.32294899225234985,0.9707667827606201,-0.13071845471858978,0.055142950266599655,-0.6932857632637024,0.7065598368644714,0.08125194907188416,0.22157716751098633,-0.1360650509595871,0.4580018222332001,-0.3492823839187622,-0.016630996018648148,0.3928271234035492,0.029059432446956635,0.07763327658176422,0.09445902705192566,-0.2200707495212555,-0.8957865238189697,0.10523208975791931,-0.20894885063171387,-0.10583516955375671,-1.2279359102249146,-1.3191540241241455,0.005169306416064501,-0.35108643770217896
0.007877512834966183,-0.3266942501068115,0.9672904014587402,-0.13283325731754303,0.05579553171992302,-0.7092304825782776,0.6900973916053772,0.055486731231212616,0.22158628702163696,-0.13385792076587677,0.48741868138313293,-0.338069885969162,-0.0154640581458807,0.39434948563575745,0.03993062674999237,0.07471777498722076,0.08794855326414108,-0.17091204226016998,-0.9266102313995361,0.08356638997793198,-0.20668089389801025,-0.14563608169555664,-1.1867361068725586,-1.3424773216247559,-0.009583288803696632,-0.383589506149292
0.009873557835817337,-0.3308641314506531,0.9621831774711609,-0.13511204719543457,0.05605234205722809,-0.7270882725715637,0.6707797646522522,0.020490294322371483,0.22044412791728973,-0.1380760371685028,0.5279113054275513,-0.32312533259391785,-0.01214037649333477,0.39588648080825806,0.05424463003873825,0.07256361097097397,0.07993672788143158,-0.10897845774888992,-0.9516145586967468,0.0705023854970932,-0.20128315687179565,-0.17402580380439758,-1.1407949924468994,-1.3574855327606201,-0.0259792972356081,-0.3954761028289795
0.011269843205809593,-0.33466067910194397,0.9557250142097473,-0.13768576085567474,0.05614443123340607,-0.746033251285553,0.649095356464386,-0.020629335194826126,0.2190818339586258,-0.15090498328208923,0.5744578838348389,-0.3090708255767822,-0.005749772302806377,0.3986465632915497,0.06777304410934448,0.07285205274820328,0.07308424264192581,-0.04299671947956085,-0.966455340385437,0.06385607272386551,-0.19783268868923187,-0.19533085823059082,-1.0981717109680176,-1.3571574687957764,-0.04667298495769501,-0.3906060457229614
0.012469973415136337,-0.33773112297058105,0.9470957517623901,-0.1414555162191391,0.05613180994987488,-0.7667240500450134,0.623677670955658,-0.06856260448694229,0.21856915950775146,-0.1700153946876526,0.6292761564254761,-0.29700136184692383,0.005936554633080959,0.40394437313079834,0.07952110469341278,0.07700414955615997,0.06642118096351624,0.01575303263962269,-0.9666430950164795,0.06522388756275177,-0.19883450865745544,-0.2089354395866394,-1.068139672279358,-1.343964695930481,-0.07459399849176407,-0.37549084424972534
0.01359492540359497,-0.34011998772621155,0.9435004591941833,-0.14661768078804016,0.05661117285490036,-0.7874699831008911,0.5959776639938354,-0.12023709714412689,0.22156810760498047,-0.19238579273223877,0.6912871599197388,-0.2877468466758728,0.020756898447871208,0.41252362728118896,0.08960524201393127,0.08481213450431824,0.05971253663301468,0.06483061611652374,-0.9571954011917114,0.08852808177471161,-0.19917570054531097,-0.22325396537780762,-1.0448417663574219,-1.3268437385559082,-0.10373516380786896,-0.3492622673511505
0.014911944977939129,-0.34191539883613586,0.9424971342086792,-0.150715634226799,0.056904494762420654,-0.8075049519538879,0.5674349665641785,-0.16725197434425354,0.22375184297561646,-0.2116497904062271,0.743456244468689,-0.277362197637558,0.036953557282686234,0.4186403155326843,0.09370040893554688,0.09446247667074203,0.054435912519693375,0.099691241979599,-0.9386311769485474,0.1194741427898407,-0.19952864944934845,-0.2413371205329895,-1.0323209762573242,-1.3030660152435303,-0.12936049699783325,-0.3192683458328247
0.016308099031448364,-0.3445373475551605,0.9416407346725464,-0.15391422808170319,0.05719281733036041,-0.8259742856025696,0.5392641425132751,-0.2080153524875641,0.22350893914699554,-0.22941464185714722,0.7815438508987427,-0.2680787444114685,0.05228082835674286,0.422616183757782,0.09363029897212982,0.10626328736543655,0.04872740060091019,0.12407511472702026,-0.9127862453460693,0.15164169669151306,-0.1956585794687271,-0.2601293623447418,-1.0291569232940674,-1.2801330089569092,-0.14739364385604858,-0.2884909510612488
0.01716409996151924,-0.34772565960884094,0.9409635066986084,-0.15615884959697723,0.0573742650449276,-0.8419508934020996,0.5132653713226318,-0.23919284343719482,0.22303947806358337,-0.24215641617774963,0.8055533170700073,-0.2604195475578308,0.06647234410047531,0.42520052194595337,0.09047665446996689,0.11937138438224792,0.04224713146686554,0.1390831470489502,-0.888201117515564,0.18444779515266418,-0.18815916776657104,-0.2814130187034607,-1.0331757068634033,-1.2606147527694702,-0.15860947966575623,-0.25972697138786316
0.017928816378116608,-0.3505382835865021,0.9404191374778748,-0.1575692594051361,0.057548630982637405,-0.8548553586006165,0.49100154638290405,-0.2622522711753845,0.2241305112838745,-0.24674828350543976,0.8192663192749023,-0.254463255405426,0.08004964888095856,0.4268803298473358,0.08428210020065308,0.13211803138256073,0.036302633583545685,0.14947523176670074,-0.8637946844100952,0.21436819434165955,-0.17724987864494324,-0.30271369218826294,-1.0492146015167236,-1.238336443901062,-0.16567060351371765,-0.2355666309595108
0.018633712083101273,-0.3522569239139557,0.9401344060897827,-0.15797197818756104,0.057549066841602325,-0.8649806976318359,0.47280153632164,-0.27820008993148804,0.22804230451583862,-0.24274590611457825,0.8188802599906921,-0.24943286180496216,0.09651109576225281,0.4279721975326538,0.074787937104702,0.14354096353054047,0.03225749731063843,0.15072567760944366,-0.8373974561691284,0.24675723910331726,-0.16389349102973938,-0.3236135244369507,-1.0724830627441406,-1.2146787643432617,-0.17135894298553467,-0.2159845530986786
0.019414324313402176,-0.35197705030441284,0.9402073621749878,-0.15667536854743958,0.05801771581172943,-0.871705949306488,0.46066856384277344,-0.2879475951194763,0.23199579119682312,-0.22785672545433044,0.8038345575332642,-0.24575737118721008,0.11508463323116302,0.4286819100379944,0.060284871608018875,0.14928148686885834,0.03315621241927147,0.1466536819934845,-0.8144427537918091,0.2784842252731323,-0.153988778591156,-0.34507763385772705,-1.1009910106658936,-1.1920896768569946,-0.1729389727115631,-0.20017443597316742
0.01934557408094406,-0.35027074813842773,0.9403960704803467,-0.15453307330608368,0.058439332991838455,-0.8747752904891968,0.4554916322231293,-0.2880849242210388,0.2343912273645401,-0.20248472690582275,0.7771676778793335,-0.24602042138576508,0.13374727964401245,0.4291432201862335,0.04240025579929352,0.1518770307302475,0.038452357053756714,0.13579118251800537,-0.7905620336532593,0.3155050277709961,-0.14461472630500793,-0.3640550374984741,-1.131333589553833,-1.1708017587661743,-0.17187410593032837,-0.18514859676361084
0.018035445362329483,-0.3478090465068817,0.9406582713127136,-0.15154452621936798,0.0583319328725338,-0.8738700747489929,0.4582386612892151,-0.2742661237716675,0.23500576615333557,-0.17247767746448517,0.7353125810623169,-0.24950073659420013,0.14948618412017822,0.4271278977394104,0.02148263528943062,0.15255260467529297,0.0482940599322319,0.11413517594337463,-0.7618611454963684,0.3534621000289917,-0.13695737719535828,-0.3797089457511902,-1.1623691320419312,-1.1533589363098145,-0.16866548359394073,-0.17131534218788147
0.014474292285740376,-0.34564363956451416,0.9408959150314331,-0.14784590899944305,0.05662267282605171,-0.8682194948196411,0.4702449142932892,-0.24694225192070007,0.23203760385513306,-0.13936111330986023,0.6827259063720703,-0.2592533826828003,0.15360784530639648,0.4208472669124603,-0.0004567950963973999,0.15928886830806732,0.056164078414440155,0.07744918763637543,-0.7208158373832703,0.4083680510520935,-0.13584959506988525,-0.3924694061279297,-1.200195550918579,-1.1359374523162842,-0.15419216454029083,-0.1565300077199936
0.010884829796850681,-0.34179455041885376,0.9412957429885864,-0.14315061271190643,0.05336570739746094,-0.8575985431671143,0.4911056458950043,-0.2159472405910492,0.2311481535434723,-0.11277081817388535,0.6251455545425415,-0.2628718316555023,0.14768292009830475,0.4090835452079773,-0.022143421694636345,0.16443687677383423,0.06532825529575348,0.035725198686122894,-0.6633016467094421,0.4585752487182617,-0.1344626098871231,-0.4051969051361084,-1.2362785339355469,-1.1147948503494263,-0.13563457131385803,-0.16002897918224335
0.007142131682485342,-0.3377629518508911,0.9428387880325317,-0.1366378664970398,0.04720035567879677,-0.8414785861968994,0.5205919146537781,-0.1830301433801651,0.228322833776474,-0.09785709530115128,0.5708079934120178,-0.256625771522522,0.13640376925468445,0.38908880949020386,-0.03695078194141388,0.16679152846336365,0.06935170292854309,-0.00975138507783413,-0.606158435344696,0.5013858675956726,-0.13401654362678528,-0.4167328178882599,-1.2482922077178955,-1.0986177921295166,-0.11765716224908829,-0.17443883419036865
0.0032613249495625496,-0.33268678188323975,0.945463240146637,-0.12789411842823029,0.03739447519183159,-0.8169134259223938,0.5611569881439209,-0.16076228022575378,0.2193399965763092,-0.09322665631771088,0.5234091281890869,-0.24667876958847046,0.11560074985027313,0.35933488607406616,-0.05043274909257889,0.17833960056304932,0.06423147022724152,-0.045005589723587036,-0.5542210936546326,0.5332187414169312,-0.1358661651611328,-0.4371297359466553,-1.1923768520355225,-1.1230310201644897,-0.1146836057305336,-0.2251075655221939
-0.0008814565371721983,-0.3275564908981323,0.9490370750427246,-0.11624816805124283,0.021857930347323418,-0.7860318422317505,0.6067638993263245,-0.14450402557849884,0.19636502861976624,-0.09063927084207535,0.4772391617298126,-0.23228338360786438,0.09672445803880692,0.3158782124519348,-0.06100921332836151,0.2026963233947754,0.048533741384744644,-0.0572800412774086,-0.521009087562561,0.562861442565918,-0.1305418461561203,-0.4552174210548401,-1.092832326889038,-1.1682051420211792,-0.1245448887348175,-0.28490328788757324
-0.005837324541062117,-0.32436633110046387,0.952078104019165,-0.10333950072526932,0.0008829645812511444,-0.7505897879600525,0.6526370644569397,-0.12660205364227295,0.15882228314876556,-0.08278372883796692,0.43770691752433777,-0.21821390092372894,0.08411628752946854,0.2637677788734436,-0.06328075379133224,0.2453843504190445,0.023871593177318573,-0.058116719126701355,-0.4709412455558777,0.6132004857063293,-0.09140140563249588,-0.4708977937698364,-0.9511774778366089,-1.2457106113433838,-0.16519218683242798,-0.34873059391975403
-0.01005551777780056,-0.32327768206596375,0.9543197154998779,-0.09143959730863571,-0.024240707978606224,-0.7114294767379761,0.6963614821434021,-0.1074199303984642,0.11288813501596451,-0.06047613546252251,0.40325260162353516,-0.20650599896907806,0.08108370006084442,0.20953932404518127,-0.05095205083489418,0.2934838533401489,0.0046379296109080315,-0.05778622627258301,-0.43063730001449585,0.6855136156082153,-0.006839688867330551,-0.4817042946815491,-0.7950657606124878,-1.3364026546478271,-0.21880760788917542,-0.39705896377563477
-0.011854687705636024,-0.3240799903869629,0.954872190952301,-0.08166489005088806,-0.048450421541929245,-0.6706341505050659,0.7356855869293213,-0.09212698042392731,0.06864326447248459,-0.0280274860560894,0.3682127892971039,-0.19406862556934357,0.08554426580667496,0.16246287524700165,-0.02577761560678482,0.33305707573890686,-0.006213728338479996,-0.06266668438911438,-0.4098902940750122,0.7706714868545532,0.11145903170108795,-0.49331071972846985,-0.6495077610015869,-1.4211045503616333,-0.27037864923477173,-0.41521865129470825
-0.011319605633616447,-0.32622799277305603,0.9540244340896606,-0.07388356328010559,-0.06766857206821442,-0.6322157979011536,0.7682873606681824,-0.08238334953784943,0.032049208879470825,0.0038616303354501724,0.3367304503917694,-0.18466897308826447,0.09321638196706772,0.1264326125383377,0.001501418650150299,0.36237603425979614,-0.013886616565287113,-0.0718345046043396,-0.41146451234817505,0.8543870449066162,0.22599613666534424,-0.5170639753341675,-0.530179500579834,-1.4887690544128418,-0.3081444501876831,-0.4164423644542694
-0.008861888200044632,-0.32973888516426086,0.9525748491287231,-0.06859319657087326,-0.07894636690616608,-0.6020918488502502,0.7915477752685547,-0.07989238947629929,0.007744022645056248,0.028389709070324898,0.3126585781574249,-0.1804399937391281,0.09883442521095276,0.1029018759727478,0.024694621562957764,0.38073956966400146,-0.020276717841625214,-0.07445555925369263,-0.41951292753219604,0.9441853761672974,0.3136601746082306,-0.5538514852523804,-0.4313620924949646,-1.5513263940811157,-0.3151828348636627,-0.4125858545303345
-0.004996441770344973,-0.3328284025192261,0.9536055326461792,-0.06503202021121979,-0.08326531946659088,-0.5824047923088074,0.806003987789154,-0.08396488428115845,-0.008871907368302345,0.042294684797525406,0.2970869839191437,-0.1799396276473999,0.09931986033916473,0.08506734669208527,0.04226748272776604,0.3865405321121216,-0.029982637614011765,-0.059168074280023575,-0.4325559735298157,1.0305010080337524,0.37439313530921936,-0.6011227369308472,-0.3550589680671692,-1.6107068061828613,-0.28592318296432495,-0.393039733171463
-0.0008770348504185677,-0.3349824547767639,0.9552375078201294,-0.06430705636739731,-0.08348149806261063,-0.574682891368866,0.8115633130073547,-0.09044836461544037,-0.01749848946928978,0.05413522571325302,0.2873944640159607,-0.18159323930740356,0.09813914448022842,0.07111427932977676,0.05421754717826843,0.383691668510437,-0.036714740097522736,-0.039825256913900375,-0.43446508049964905,1.1180423498153687,0.41491711139678955,-0.6590734124183655,-0.28212031722068787,-1.6750544309616089,-0.233192577958107,-0.37556618452072144
0.0034967956598848104,-0.337097704410553,0.956600546836853,-0.06560712307691574,-0.08166923373937607,-0.5783920288085938,0.8090046644210815,-0.09469708800315857,-0.02053038775920868,0.06918986141681671,0.28150880336761475,-0.18758052587509155,0.09517303854227066,0.05544821918010712,0.05687830597162247,0.3821779191493988,-0.03777798265218735,-0.025029942393302917,-0.4291946291923523,1.2035586833953857,0.43757936358451843,-0.7232607007026672,-0.2204630970954895,-1.7416584491729736,-0.17866092920303345,-0.3790664076805115
0.008724304847419262,-0.33897116780281067,0.9576622247695923,-0.06827569752931595,-0.078235924243927,-0.5903867483139038,0.8004130125045776,-0.09847091138362885,-0.018558144569396973,0.08753842115402222,0.27600035071372986,-0.19471409916877747,0.08949356526136398,0.03340081125497818,0.04780687019228935,0.3826513886451721,-0.03295128792524338,-0.008080133236944675,-0.42356792092323303,1.2739742994308472,0.45029398798942566,-0.7833821177482605,-0.18241658806800842,-1.7876503467559814,-0.13752347230911255,-0.39752620458602905
0.014887685887515545,-0.3415880799293518,0.95839524269104,-0.07208007574081421,-0.07290219515562057,-0.6078135371208191,0.7874341607093811,-0.10151316225528717,-0.010443728417158127,0.10679546743631363,0.270820289850235,-0.20001989603042603,0.081090047955513,-0.0007471106946468353,0.027892306447029114,0.3796026110649109,-0.0233855489641428,0.014276326633989811,-0.41748422384262085,1.3138377666473389,0.46501946449279785,-0.8247061371803284,-0.17655828595161438,-1.787829875946045,-0.12045662105083466,-0.39534300565719604
0.01981542818248272,-0.34482619166374207,0.9583492279052734,-0.07383374124765396,-0.06600046157836914,-0.6291385889053345,0.7709586024284363,-0.09671138226985931,0.00017253588885068893,0.11694449186325073,0.27300500869750977,-0.20932739973068237,0.08197575807571411,-0.04748057201504707,-0.0034112725406885147,0.36386963725090027,-0.007558276876807213,0.021100617945194244,-0.4319747984409332,1.3109291791915894,0.47607186436653137,-0.8466876745223999,-0.1967945694923401,-1.7375190258026123,-0.12934374809265137,-0.40730345249176025
0.021210532635450363,-0.35051339864730835,0.9579652547836304,-0.0733192190527916,-0.05810103192925453,-0.6502593755722046,0.7539305686950684,-0.088072270154953,0.012978294864296913,0.12432341277599335,0.2727360427379608,-0.2179088145494461,0.08659674227237701,-0.09327784925699234,-0.03361048549413681,0.3345249891281128,0.01734793744981289,0.006235385779291391,-0.46155405044555664,1.3099257946014404,0.4817611575126648,-0.8513251543045044,-0.22608229517936707,-1.667772650718689,-0.15485000610351562,-0.417899489402771
0.01950245350599289,-0.3574790954589844,0.9567894339561462,-0.07207651436328888,-0.0506025068461895,-0.6700953245162964,0.7370322942733765,-0.0818735659122467,0.026407383382320404,0.13057275116443634,0.2750970423221588,-0.22845180332660675,0.0916316881775856,-0.12379257380962372,-0.05563100427389145,0.3075034022331238,0.04928727075457573,-0.017553798854351044,-0.49449774622917175,1.3424415588378906,0.47659698128700256,-0.8261632323265076,-0.26602160930633545,-1.589878797531128,-0.19071677327156067,-0.44796818494796753
0.015440698713064194,-0.3650714159011841,0.9546694755554199,-0.07200699299573898,-0.04163309931755066,-0.689923107624054,0.7190882563591003,-0.08141115307807922,0.04505665600299835,0.13290920853614807,0.2877853512763977,-0.2412492036819458,0.09342226386070251,-0.13051055371761322,-0.07222086191177368,0.2888551354408264,0.07984282076358795,-0.0452316477894783,-0.5192036628723145,1.4097065925598145,0.46301496028900146,-0.8078919649124146,-0.32132476568222046,-1.489452600479126,-0.2321436107158661,-0.5102744698524475
0.010351353324949741,-0.3733482360839844,0.9513552188873291,-0.07558926939964294,-0.03235548734664917,-0.7106708884239197,0.6987032294273376,-0.08704899251461029,0.0693993866443634,0.1392316222190857,0.3082977533340454,-0.2469395399093628,0.09043680876493454,-0.11764563620090485,-0.07853864133358002,0.2762755751609802,0.10703697055578232,-0.08017916977405548,-0.5309655666351318,1.4960300922393799,0.4513818025588989,-0.799309492111206,-0.3724867105484009,-1.368348479270935,-0.27030622959136963,-0.5665138959884644
0.004427298903465271,-0.38221901655197144,0.9467200040817261,-0.08229346573352814,-0.023016251623630524,-0.7311838865280151,0.6768073439598083,-0.09550227224826813,0.09707062691450119,0.1474776268005371,0.33895745873451233,-0.24929749965667725,0.08273191750049591,-0.09090728312730789,-0.08349806070327759,0.2742807865142822,0.1251094937324524,-0.1181357204914093,-0.5259693264961243,1.5669608116149902,0.43921709060668945,-0.779904842376709,-0.4126169681549072,-1.2220275402069092,-0.29381129145622253,-0.6086083054542542
-0.0019872209522873163,-0.39092180132865906,0.941657304763794,-0.08979198336601257,-0.014509806409478188,-0.7470566034317017,0.6585083603858948,-0.10278841853141785,0.12488740682601929,0.15153440833091736,0.3744625747203827,-0.2498166263103485,0.07399304956197739,-0.05868903174996376,-0.09004814922809601,0.2841193974018097,0.1294560730457306,-0.15375205874443054,-0.5029910802841187,1.6130417585372925,0.4273788332939148,-0.7389841079711914,-0.4381071925163269,-1.0803165435791016,-0.31212180852890015,-0.629751980304718
-0.008846421726047993,-0.39819467067718506,0.937790036201477,-0.09541749954223633,-0.007563707418739796,-0.7548154592514038,0.6489159464836121,-0.10376416146755219,0.15179994702339172,0.1508117914199829,0.39938080310821533,-0.2515575885772705,0.06732191890478134,-0.02951711416244507,-0.09794853627681732,0.2996560037136078,0.120865598320961,-0.18767893314361572,-0.47093015909194946,1.6266813278198242,0.4161917567253113,-0.6879994869232178,-0.46132856607437134,-0.9899733066558838,-0.3369094729423523,-0.6350458264350891
-0.015620936639606953,-0.4040806293487549,0.9353539943695068,-0.09646495431661606,-0.00402320921421051,-0.7539928555488586,0.6497484445571899,-0.09907864034175873,0.17080366611480713,0.13811536133289337,0.41762885451316833,-0.25332826375961304,0.06327150762081146,-0.013908721506595612,-0.10648885369300842,0.32004785537719727,0.10095467418432236,-0.20627203583717346,-0.451699435710907,1.5984787940979004,0.397849977016449,-0.6599737405776978,-0.4907480478286743,-0.946823239326477,-0.34966933727264404,-0.6223088502883911
-0.021613063290715218,-0.40828651189804077,0.9339549541473389,-0.0957718938589096,-0.004018132574856281,-0.7467223405838013,0.6581923961639404,-0.09238222241401672,0.18253770470619202,0.120430588722229,0.4312702417373657,-0.25313884019851685,0.06348510086536407,-0.008420856669545174,-0.10966110229492188,0.34311041235923767,0.07328326255083084,-0.2127654254436493,-0.44042980670928955,1.54308021068573,0.381359338760376,-0.6415364742279053,-0.5112304091453552,-0.95857834815979,-0.36756473779678345,-0.5993343591690063
-0.02658022567629814,-0.4107249677181244,0.933961033821106,-0.0917711928486824,-0.008319683372974396,-0.734647274017334,0.6721622943878174,-0.08383302390575409,0.18030017614364624,0.0989106148481369,0.43788713216781616,-0.2513790428638458,0.06873581558465958,-0.017891183495521545,-0.10864291340112686,0.3682616949081421,0.039985425770282745,-0.21205753087997437,-0.4417707324028015,1.468659520149231,0.36430537700653076,-0.60799241065979,-0.5203700065612793,-1.0350934267044067,-0.3884565830230713,-0.5490548014640808
-0.031090855598449707,-0.412591814994812,0.934807300567627,-0.08690384775400162,-0.014299556612968445,-0.7190916538238525,0.6893116235733032,-0.07590726763010025,0.17224077880382538,0.07858050614595413,0.43833059072494507,-0.2473137378692627,0.0764036476612091,-0.03405943512916565,-0.09967827796936035,0.38620948791503906,0.010699670761823654,-0.20137763023376465,-0.45025479793548584,1.3918066024780273,0.3562515377998352,-0.5888357162475586,-0.5256949663162231,-1.1468490362167358,-0.3959004580974579,-0.48515596985816956
-0.03502746298909187,-0.413671612739563,0.9360125064849854,-0.08071395754814148,-0.02198048308491707,-0.7026283144950867,0.7066226005554199,-0.06780325621366501,0.15765368938446045,0.06179944798350334,0.43258392810821533,-0.24327346682548523,0.08496491611003876,-0.056480392813682556,-0.08770253509283066,0.39943361282348633,-0.013617586344480515,-0.18581320345401764,-0.4728192687034607,1.3172963857650757,0.35923001170158386,-0.5757859945297241,-0.5281161069869995,-1.2783985137939453,-0.39479559659957886,-0.4202384650707245
-0.03835493326187134,-0.41501545906066895,0.9371854066848755,-0.07368645817041397,-0.029495857656002045,-0.6877162456512451,0.7216277718544006,-0.05775214731693268,0.14167408645153046,0.04828404635190964,0.4222211241722107,-0.23891866207122803,0.09241823852062225,-0.08001786470413208,-0.07572928071022034,0.4088810384273529,-0.03037099912762642,-0.17225249111652374,-0.5101914405822754,1.2562942504882812,0.36426639556884766,-0.5803762674331665,-0.5315806269645691,-1.3944885730743408,-0.38564735651016235,-0.3779408931732178
-0.040641237050294876,-0.41644391417503357,0.9381470680236816,-0.06532904505729675,-0.03672339767217636,-0.6758646965026855,0.7332056164741516,-0.04650881886482239,0.12356917560100555,0.03790402412414551,0.4078923761844635,-0.2341819852590561,0.09893451631069183,-0.10624609142541885,-0.06458102911710739,0.4140438437461853,-0.041252292692661285,-0.16147199273109436,-0.5532687306404114,1.2223823070526123,0.3785823583602905,-0.5812192559242249,-0.5303053259849548,-1.4879069328308105,-0.38201773166656494,-0.3591667115688324
-0.04194585978984833,-0.41742298007011414,0.9384621381759644,-0.057437773793935776,-0.04315890371799469,-0.6674625873565674,0.741169273853302,-0.03825635462999344,0.10831146687269211,0.031521156430244446,0.39183640480041504,-0.228227898478508,0.10477693378925323,-0.1303189992904663,-0.05316663905978203,0.415386438369751,-0.045129820704460144,-0.14844653010368347,-0.6015238165855408,1.224416732788086,0.3966512084007263,-0.5922836661338806,-0.5383210182189941,-1.544428825378418,-0.3882482349872589,-0.3764338791370392
-0.04243684187531471,-0.4178318977355957,0.938339352607727,-0.05150825157761574,-0.04764087498188019,-0.6632819175720215,0.7450733780860901,-0.032197821885347366,0.10093046724796295,0.030687915161252022,0.37247925996780396,-0.2201274037361145,0.11022182554006577,-0.1467341035604477,-0.04183855280280113,0.40876856446266174,-0.04012289643287659,-0.13815857470035553,-0.6413480043411255,1.258819818496704,0.4145042896270752,-0.6131705641746521,-0.5548840761184692,-1.5558691024780273,-0.4031670093536377,-0.42615047097206116
-0.04201292246580124,-0.41803497076034546,0.9379640817642212,-0.04835990071296692,-0.04985685274004936,-0.6633190512657166,0.7451064586639404,-0.026979956775903702,0.1007382720708847,0.03376644477248192,0.3554500639438629,-0.21353080868721008,0.11420151591300964,-0.15371939539909363,-0.031625621020793915,0.3966822028160095,-0.028837865218520164,-0.13390889763832092,-0.6717146635055542,1.3128434419631958,0.4292767643928528,-0.639062225818634,-0.5813467502593994,-1.509740948677063,-0.42136743664741516,-0.495097815990448
-0.040619347244501114,-0.4182039499282837,0.9369601011276245,-0.04831303656101227,-0.05133898928761482,-0.6673546433448792,0.7413959503173828,-0.020677685737609863,0.10493529587984085,0.037953101098537445,0.34858518838882446,-0.21032075583934784,0.11611463129520416,-0.15457181632518768,-0.024227259680628777,0.38577693700790405,-0.01489114761352539,-0.14059384167194366,-0.6834263801574707,1.3556907176971436,0.4361502528190613,-0.6372361183166504,-0.6034716367721558,-1.3958343267440796,-0.42962801456451416,-0.5485965013504028
-0.03772750124335289,-0.4173259139060974,0.9349161386489868,-0.051163457334041595,-0.052017997950315475,-0.6758760213851929,0.7333949208259583,-0.015237503685057163,0.11231835186481476,0.037173278629779816,0.36104369163513184,-0.21181562542915344,0.1153976172208786,-0.1502746045589447,-0.023630985990166664,0.3811083436012268,-0.0021617035381495953,-0.15403005480766296,-0.6770432591438293,1.3556631803512573,0.42139649391174316,-0.6143478155136108,-0.6107902526855469,-1.2239192724227905,-0.4080694317817688,-0.5772336721420288
-0.0336800254881382,-0.41432803869247437,0.9323775768280029,-0.05636034533381462,-0.051288411021232605,-0.6862360835075378,0.7233761548995972,-0.013451208360493183,0.12247736752033234,0.028430603444576263,0.38909912109375,-0.21368704736232758,0.11103425920009613,-0.14080427587032318,-0.03333200141787529,0.38734859228134155,0.003436824306845665,-0.1620217114686966,-0.6398769021034241,1.2721836566925049,0.3888460397720337,-0.5634527206420898,-0.5827690958976746,-1.0240905284881592,-0.3735499382019043,-0.5634520649909973
-0.028216056525707245,-0.4108821153640747,0.930788516998291,-0.06121499091386795,-0.04897573962807655,-0.6964876055717468,0.7132734656333923,-0.008752924390137196,0.13129420578479767,0.013569740578532219,0.41745972633361816,-0.2152148336172104,0.10413293540477753,-0.13335543870925903,-0.05130677670240402,0.39956122636795044,-2.4685170501470566e-05,-0.17198289930820465,-0.5981779098510742,1.1318154335021973,0.35390740633010864,-0.48542681336402893,-0.5201258659362793,-0.8632860779762268,-0.3483462333679199,-0.5230320692062378
-0.02231087163090706,-0.4077964425086975,0.9305242300033569,-0.06424965709447861,-0.04742253199219704,-0.7046021223068237,0.7050949335098267,-0.00024438370019197464,0.13267946243286133,-0.003634907305240631,0.4392826557159424,-0.21360230445861816,0.09587028622627258,-0.13256454467773438,-0.07067753374576569,0.4152314364910126,-0.009482032619416714,-0.17624108493328094,-0.5850731730461121,0.959815502166748,0.32619285583496094,-0.3958485722541809,-0.45494329929351807,-0.739232063293457,-0.33960917592048645,-0.4610918164253235
-0.01711287535727024,-0.4052390456199646,0.9316195249557495,-0.06693804264068604,-0.046167097985744476,-0.709851086139679,0.6996423006057739,0.01073077879846096,0.1320367306470871,-0.01723168045282364,0.4492368698120117,-0.20512916147708893,0.08845286816358566,-0.13192756474018097,-0.08188319206237793,0.42557600140571594,-0.017909657210111618,-0.17967917025089264,-0.5823397636413574,0.795723021030426,0.31575343012809753,-0.31016141176223755,-0.37632954120635986,-0.6549334526062012,-0.3387058973312378,-0.38325774669647217
-0.013039086945354939,-0.40372633934020996,0.9334101676940918,-0.06691274046897888,-0.04647577553987503,-0.7112777829170227,0.6981737613677979,0.02111177332699299,0.12485578656196594,-0.02827625535428524,0.449116975069046,-0.19280126690864563,0.08161997050046921,-0.1366705298423767,-0.0844937190413475,0.4328099489212036,-0.028777336701750755,-0.17284820973873138,-0.6001774668693542,0.6521577835083008,0.3175695240497589,-0.25228968262672424,-0.29479843378067017,-0.603701114654541,-0.333425909280777,-0.2892278730869293
-0.01037569809705019,-0.4036995768547058,0.9352322816848755,-0.06216540187597275,-0.049632612615823746,-0.7085604667663574,0.7011520266532898,0.031429924070835114,0.10693713277578354,-0.03563237935304642,0.4409397542476654,-0.18141931295394897,0.07775130867958069,-0.1516357958316803,-0.08191264420747757,0.4409724175930023,-0.044366639107465744,-0.15733811259269714,-0.6424806118011475,0.5423848628997803,0.3264082968235016,-0.21013057231903076,-0.2187851369380951,-0.5996919274330139,-0.3199607729911804,-0.16888731718063354
-0.009803744032979012,-0.40504348278045654,0.9364397525787354,-0.05528993532061577,-0.0540987104177475,-0.7022106051445007,0.7077546715736389,0.04207385331392288,0.08803944289684296,-0.03553484380245209,0.4272807240486145,-0.1738462597131729,0.07832406461238861,-0.16651597619056702,-0.07381314039230347,0.4483126401901245,-0.058860547840595245,-0.1484617292881012,-0.6776539087295532,0.4892835319042206,0.3420177400112152,-0.21615959703922272,-0.11760284751653671,-0.617651104927063,-0.292478084564209,-0.037902042269706726
-0.009139100089669228,-0.4094553589820862,0.9363648295402527,-0.04602549970149994,-0.06083942949771881,-0.6935830116271973,0.7163259387016296,0.05134216696023941,0.06694881618022919,-0.026000285521149635,0.4101623296737671,-0.1698981523513794,0.08550423383712769,-0.18559443950653076,-0.05640573054552078,0.45381656289100647,-0.07178562879562378,-0.15556120872497559,-0.7291779518127441,0.4876526892185211,0.35018685460090637,-0.2290254384279251,-0.007950805127620697,-0.6430761814117432,-0.25194358825683594,0.1271154284477234
-0.008199804462492466,-0.4156230688095093,0.9349253177642822,-0.03641841933131218,-0.06773709505796432,-0.6840221285820007,0.7253957986831665,0.057857904583215714,0.049917832016944885,-0.013732310384511948,0.3951069116592407,-0.1667483150959015,0.09509627521038055,-0.20368197560310364,-0.033216096460819244,0.4531216025352478,-0.07852426916360855,-0.1625666618347168,-0.787312924861908,0.5344197750091553,0.3505101799964905,-0.26783594489097595,0.0843491405248642,-0.6540444493293762,-0.2128749042749405,0.29968586564064026
-0.007799951359629631,-0.42145657539367676,0.9314761161804199,-0.024685410782694817,-0.07637840509414673,-0.6752116084098816,0.7332437038421631,0.060076914727687836,0.03026321902871132,-0.002331486903131008,0.38663411140441895,-0.1661897450685501,0.10747009515762329,-0.22684404253959656,-0.008691939525306225,0.45128750801086426,-0.08275461196899414,-0.17328593134880066,-0.8122780323028564,0.6606966257095337,0.32551273703575134,-0.36439234018325806,0.15683870017528534,-0.6601430177688599,-0.16743968427181244,0.4650713801383972
-0.007965688593685627,-0.425462931394577,0.928516149520874,-0.015933234244585037,-0.08080682903528214,-0.6699774265289307,0.7377985119819641,0.05585424602031708,0.022286586463451385,0.008222553879022598,0.37465691566467285,-0.16744476556777954,0.11750240623950958,-0.2397930920124054,0.007643111981451511,0.4458156228065491,-0.08075835555791855,-0.19206354022026062,-0.7956691980361938,0.8300994634628296,0.3054192364215851,-0.48949354887008667,0.19556844234466553,-0.6562139987945557,-0.13159960508346558,0.6110261082649231
-0.007730206940323114,-0.42832469940185547,0.9268072843551636,-0.011724100448191166,-0.07974868267774582,-0.6688268780708313,0.739035427570343,0.044774360954761505,0.026706691831350327,0.017093129456043243,0.3625715672969818,-0.16956615447998047,0.12094534188508987,-0.24013450741767883,0.01574270986020565,0.43428942561149597,-0.0703670084476471,-0.20553374290466309,-0.7568637132644653,0.9971115589141846,0.2976400852203369,-0.6095490455627441,0.2074500024318695,-0.638770580291748,-0.10118178278207779,0.726669192314148
-0.006570471916347742,-0.429987370967865,0.9263643622398376,-0.01082208938896656,-0.0745086669921875,-0.6707080006599426,0.7378903031349182,0.02935866452753544,0.038471609354019165,0.020937971770763397,0.3533223271369934,-0.17307168245315552,0.11821169406175613,-0.2325701117515564,0.01423969678580761,0.42248451709747314,-0.05890681594610214,-0.20944221317768097,-0.7098642587661743,1.1354541778564453,0.30525246262550354,-0.7108843326568604,0.20155683159828186,-0.6169845461845398,-0.06933629512786865,0.8182579278945923
-0.005093813873827457,-0.4304124712944031,0.9266303777694702,-0.01311906985938549,-0.0675579085946083,-0.6742516160011292,0.735288143157959,0.01362629234790802,0.05519790202379227,0.02177618071436882,0.34864452481269836,-0.1768965721130371,0.11133426427841187,-0.22051650285720825,0.004981603939086199,0.4155275821685791,-0.04842550680041313,-0.20479848980903625,-0.6614324450492859,1.2227896451950073,0.3199629485607147,-0.7793501615524292,0.19065262377262115,-0.5952519178390503,-0.0354747548699379,0.8985063433647156
-0.0032892851158976555,-0.4297582507133484,0.9268513321876526,-0.017675291746854782,-0.06167113408446312,-0.6783894896507263,0.7318961024284363,-0.00047306716442108154,0.07170023024082184,0.018906572833657265,0.35315823554992676,-0.18231014907360077,0.10399565100669861,-0.20944973826408386,-0.007343011442571878,0.41727983951568604,-0.04373004660010338,-0.19483186304569244,-0.6226905584335327,1.252400279045105,0.3309468626976013,-0.8177933692932129,0.18157023191452026,-0.5797568559646606,0.0013948697596788406,0.9706006646156311
-0.0019816060084849596,-0.42828455567359924,0.9268501996994019,-0.022799741476774216,-0.05783187970519066,-0.6822142601013184,0.7285048365592957,-0.010657677426934242,0.08375278115272522,0.013132072053849697,0.3659844994544983,-0.18908719718456268,0.0973205417394638,-0.20252588391304016,-0.02004426345229149,0.4275922179222107,-0.04585927724838257,-0.18227487802505493,-0.5955651998519897,1.2404532432556152,0.32910436391830444,-0.8384428024291992,0.1740257740020752,-0.5758082866668701,0.04046952724456787,1.0320112705230713
-0.001688748481683433,-0.42664045095443726,0.9276070594787598,-0.028498858213424683,-0.05379094183444977,-0.6850165724754333,0.725979745388031,-0.016285426914691925,0.09642691910266876,0.008891909383237362,0.3736957907676697,-0.19135695695877075,0.090193010866642,-0.1939007043838501,-0.029294468462467194,0.4348694682121277,-0.04759625345468521,-0.1706402599811554,-0.5776395201683044,1.2063814401626587,0.31802958250045776,-0.8521901369094849,0.16481274366378784,-0.5742592811584473,0.07910892367362976,1.0822458267211914
-0.0022226134315133095,-0.42530733346939087,0.9284867644309998,-0.03319474309682846,-0.05146518722176552,-0.6855081915855408,0.7254846096038818,-0.017569275572896004,0.10510969161987305,0.006322319153696299,0.3778949975967407,-0.18973255157470703,0.08227402716875076,-0.18868067860603333,-0.033248044550418854,0.4403449594974518,-0.05118145793676376,-0.15752626955509186,-0.5689422488212585,1.1569623947143555,0.30270513892173767,-0.8620160222053528,0.15463052690029144,-0.5815666317939758,0.112498939037323,1.1238036155700684
-0.00341601949185133,-0.4247325658798218,0.9293805360794067,-0.03586699068546295,-0.050834037363529205,-0.6832265853881836,0.7275513410568237,-0.014856573194265366,0.10894836485385895,0.005250742193311453,0.3776403069496155,-0.1852664351463318,0.07321865111589432,-0.18747183680534363,-0.03272070363163948,0.4424663186073303,-0.0549553781747818,-0.14318707585334778,-0.5710541009902954,1.1029717922210693,0.2905002534389496,-0.8692970871925354,0.14843657612800598,-0.5942122936248779,0.1396825611591339,1.1565122604370117
-0.004472717642784119,-0.4254145622253418,0.929487407207489,-0.03383444622159004,-0.05366986617445946,-0.6784904599189758,0.7318643927574158,-0.008723864331841469,0.10100912302732468,0.003107517259195447,0.3776453733444214,-0.18386313319206238,0.06354622542858124,-0.1983623504638672,-0.030658602714538574,0.44679853320121765,-0.06203216314315796,-0.1300947517156601,-0.5840043425559998,1.0526559352874756,0.2799558639526367,-0.8681007623672485,0.1532827615737915,-0.619568943977356,0.16202718019485474,1.1727042198181152
-0.005192611366510391,-0.4271394610404968,0.9295172691345215,-0.028311625123023987,-0.056860290467739105,-0.6728990077972412,0.7370023131370544,-0.0014339382760226727,0.08887453377246857,0.00163551839068532,0.3706696033477783,-0.18047833442687988,0.053614549338817596,-0.2146715372800827,-0.02602476067841053,0.443074107170105,-0.06335433572530746,-0.11841858923435211,-0.6092840433120728,1.0216503143310547,0.2658954858779907,-0.8725773096084595,0.16011133790016174,-0.6419737339019775,0.19103386998176575,1.1757081747055054
-0.004981413017958403,-0.42956408858299255,0.9293265342712402,-0.020714862272143364,-0.060031332075595856,-0.6677590012550354,0.7416636943817139,0.003287138883024454,0.07493355870246887,0.003972107078880072,0.3568984270095825,-0.1767817884683609,0.047185882925987244,-0.23287060856819153,-0.019702959805727005,0.43353497982025146,-0.0590287521481514,-0.1144641563296318,-0.6439821720123291,1.0252069234848022,0.24951839447021484,-0.8839709758758545,0.16736692190170288,-0.6620277762413025,0.22601650655269623,1.168783187866211
-0.004005108959972858,-0.431339293718338,0.9287623167037964,-0.01341575849801302,-0.06309609860181808,-0.6639657616615295,0.7449754476547241,0.003796322736889124,0.06255530565977097,0.009050378575921059,0.34105783700942993,-0.17197704315185547,0.04441006854176521,-0.2480875551700592,-0.012583556585013866,0.4209412932395935,-0.05000922828912735,-0.11452363431453705,-0.6743655204772949,1.0628435611724854,0.23275238275527954,-0.9054802656173706,0.16748328506946564,-0.6678025722503662,0.2609730064868927,1.1533455848693848
-0.002382605569437146,-0.4323604106903076,0.9279953241348267,-0.00814528577029705,-0.06502416729927063,-0.6629408597946167,0.7457982301712036,0.001477274694480002,0.05550481379032135,0.015020951628684998,0.32677775621414185,-0.16780468821525574,0.04510790854692459,-0.2561342418193817,-0.006414009258151054,0.4069902002811432,-0.03742953762412071,-0.11977719515562057,-0.6942330598831177,1.1251455545425415,0.22168445587158203,-0.9324528574943542,0.16028043627738953,-0.6542329788208008,0.2878624498844147,1.1386473178863525
-9.567278902977705e-05,-0.4320846199989319,0.9274008274078369,-0.007117866538465023,-0.06460274755954742,-0.6651015281677246,0.7439191937446594,-0.0025406701024621725,0.05873516574501991,0.02219167724251747,0.3157162368297577,-0.1649121791124344,0.046527840197086334,-0.25262612104415894,-0.0029378035105764866,0.39188218116760254,-0.022232575342059135,-0.12877777218818665,-0.6931837797164917,1.200785756111145,0.2254091501235962,-0.9484395384788513,0.14585572481155396,-0.6282747387886047,0.2955429255962372,1.1271651983261108
0.00327343144454062,-0.43114298582077026,0.9272515177726746,-0.010420171543955803,-0.06146407499909401,-0.671010434627533,0.7388224601745605,-0.01134614460170269,0.07084836810827255,0.029397953301668167,0.3101871609687805,-0.16338235139846802,0.04727622866630554,-0.23804403841495514,-0.0032398742623627186,0.37921059131622314,-0.0072652800008654594,-0.13609620928764343,-0.6740785241127014,1.279212474822998,0.241339772939682,-0.9588251709938049,0.1278156042098999,-0.5949140787124634,0.2938176989555359,1.1123214960098267
0.007065227720886469,-0.42978790402412415,0.927720308303833,-0.01662581041455269,-0.05604396015405655,-0.6801460385322571,0.7307420969009399,-0.02141088992357254,0.08802942931652069,0.036502063274383545,0.3089335858821869,-0.16430401802062988,0.04583273082971573,-0.21624571084976196,-0.009297918528318405,0.37094441056251526,0.004398117307573557,-0.14503367245197296,-0.6427640318870544,1.3447414636611938,0.2598415017127991,-0.9549825191497803,0.10502086579799652,-0.5641624331474304,0.2834222912788391,1.098931074142456
0.010814404115080833,-0.4285200834274292,0.9286966323852539,-0.02428428642451763,-0.04884134605526924,-0.6908277869224548,0.7209588885307312,-0.031252093613147736,0.10817322880029678,0.04416588693857193,0.3099660873413086,-0.16626198589801788,0.043401964008808136,-0.19040431082248688,-0.019959960132837296,0.36390960216522217,0.014917204156517982,-0.15493550896644592,-0.604421079158783,1.3936948776245117,0.27423787117004395,-0.9411817789077759,0.07850199937820435,-0.5450812578201294,0.26390454173088074,1.087450623512268
0.014339640736579895,-0.4271971583366394,0.9296881556510925,-0.03294071927666664,-0.04057341068983078,-0.7021787762641907,0.710080087184906,-0.039574772119522095,0.1299237310886383,0.05167976766824722,0.3129875957965851,-0.16800689697265625,0.04067986458539963,-0.16176480054855347,-0.03206236660480499,0.3559766113758087,0.02463095262646675,-0.16493988037109375,-0.5598465800285339,1.4360272884368896,0.2830013036727905,-0.9165452718734741,0.04954104870557785,-0.54082852602005,0.23025065660476685,1.0702589750289917
0.017825614660978317,-0.4259083867073059,0.9309277534484863,-0.04218490794301033,-0.032055988907814026,-0.7133702635765076,0.6987816095352173,-0.044388629496097565,0.15234477818012238,0.05995403975248337,0.31603318452835083,-0.16872109472751617,0.03774583339691162,-0.13141284883022308,-0.04293926805257797,0.3474022150039673,0.03341411054134369,-0.17821699380874634,-0.5131858587265015,1.484093427658081,0.2898160219192505,-0.8879438042640686,0.021260902285575867,-0.5540765523910522,0.17629596590995789,1.0388318300247192
0.021596821025013924,-0.42506328225135803,0.9324011206626892,-0.05021445080637932,-0.024188052862882614,-0.7237430214881897,0.6878150701522827,-0.04466802626848221,0.17154458165168762,0.06428449600934982,0.3192266821861267,-0.1694791465997696,0.03480517119169235,-0.10377874970436096,-0.05424157902598381,0.3406010866165161,0.039018042385578156,-0.1941191852092743,-0.4729926884174347,1.5273442268371582,0.29292547702789307,-0.8611108064651489,-0.01585787907242775,-0.5806753635406494,0.10084226727485657,0.9628997445106506
0.02511860430240631,-0.42458558082580566,0.9337652921676636,-0.05739080533385277,-0.017188863828778267,-0.7327002286911011,0.6779094934463501,-0.04085887223482132,0.189397394657135,0.064963698387146,0.3229931592941284,-0.16995558142662048,0.03149306774139404,-0.07865365594625473,-0.0637262761592865,0.3332168161869049,0.04475856572389603,-0.21128356456756592,-0.4375916123390198,1.5685920715332031,0.28718775510787964,-0.8512841463088989,-0.06470737606287003,-0.604763388633728,0.019812729209661484,0.8368604779243469
0.02787858247756958,-0.42420780658721924,0.9341607093811035,-0.06494612246751785,-0.011595317162573338,-0.7393205165863037,0.6701138615608215,-0.034912921488285065,0.20757289230823517,0.06320388615131378,0.3340129852294922,-0.17415757477283478,0.02827223390340805,-0.05510111153125763,-0.06985117495059967,0.3284096419811249,0.04828204959630966,-0.22745253145694733,-0.39852169156074524,1.5990731716156006,0.2791630029678345,-0.8538258075714111,-0.11839228123426437,-0.6262023448944092,-0.06734050065279007,0.6588396430015564
0.029921213164925575,-0.42425766587257385,0.9342997670173645,-0.07205541431903839,-0.0061964732594788074,-0.7423980236053467,0.6660441160202026,-0.029587997123599052,0.22788551449775696,0.059989601373672485,0.3423178195953369,-0.17684081196784973,0.023176975548267365,-0.03403053805232048,-0.067617267370224,0.31633010506629944,0.05217183753848076,-0.22756236791610718,-0.35896772146224976,1.6208467483520508,0.27649497985839844,-0.8475251793861389,-0.17267009615898132,-0.6539806127548218,-0.13156452775001526,0.4915325343608856
0.03189616650342941,-0.4257906675338745,0.9337924718856812,-0.0771256685256958,-0.005731263197958469,-0.741571307182312,0.6664013862609863,-0.021619103848934174,0.23683542013168335,0.0539754293859005,0.3569714426994324,-0.18534013628959656,0.020321160554885864,-0.02824200689792633,-0.05851035565137863,0.3134106993675232,0.04535139352083206,-0.22148245573043823,-0.32400697469711304,1.6205692291259766,0.2949942946434021,-0.818661093711853,-0.19953185319900513,-0.7218196392059326,-0.20648452639579773,0.3026702105998993
0.03279673680663109,-0.4274697005748749,0.9339390993118286,-0.08020760864019394,-0.008769921958446503,-0.7356893420219421,0.6724960803985596,-0.014243527315557003,0.2359323501586914,0.04772457107901573,0.36695656180381775,-0.19551792740821838,0.017536401748657227,-0.033866774290800095,-0.046015575528144836,0.31993362307548523,0.029574796557426453,-0.20036379992961884,-0.30171748995780945,1.5856237411499023,0.3215879499912262,-0.7643706798553467,-0.2608969807624817,-0.8174765110015869,-0.27778080105781555,0.11722437292337418
0.033395521342754364,-0.42978549003601074,0.9347552061080933,-0.08009614795446396,-0.014344052411615849,-0.7247079610824585,0.6842347979545593,-0.008893147110939026,0.22477936744689941,0.04223436862230301,0.3710756301879883,-0.2053717076778412,0.017882205545902252,-0.05222109705209732,-0.0320793092250824,0.3290189206600189,0.0108272610232234,-0.16711226105690002,-0.2934233546257019,1.5476658344268799,0.3460582494735718,-0.7003108859062195,-0.33668744564056396,-0.9616901874542236,-0.3173010051250458,-0.026712171733379364
0.034494996070861816,-0.4326847791671753,0.9352344274520874,-0.07769551128149033,-0.023503556847572327,-0.7086932063102722,0.7008316516876221,-0.0057775177992880344,0.20412059128284454,0.03849203139543533,0.3757364749908447,-0.21400335431098938,0.022073306143283844,-0.08184753358364105,-0.014953412115573883,0.338809996843338,-0.008951835334300995,-0.12747088074684143,-0.29692375659942627,1.4988871812820435,0.3789985179901123,-0.6529314517974854,-0.4002738296985626,-1.131117582321167,-0.3462303876876831,-0.1405046284198761
0.035360075533390045,-0.43640291690826416,0.9355034232139587,-0.07391485571861267,-0.03437487781047821,-0.689653217792511,0.7195369005203247,-0.002590491436421871,0.17980168759822845,0.040022362023591995,0.37603265047073364,-0.22181390225887299,0.027957255020737648,-0.1140269935131073,0.0011225063353776932,0.3511207103729248,-0.024677934125065804,-0.08827660977840424,-0.31920862197875977,1.4490290880203247,0.4223012328147888,-0.6272450089454651,-0.44797611236572266,-1.2915229797363281,-0.3680416941642761,-0.2211407721042633
0.036180511116981506,-0.44009387493133545,0.9351222515106201,-0.07023338973522186,-0.04556545615196228,-0.6704331636428833,0.7372316718101501,-0.003130260854959488,0.15543971955776215,0.044502925127744675,0.3790120482444763,-0.2295309603214264,0.03549554571509361,-0.14366674423217773,0.017512626945972443,0.36493074893951416,-0.0355231910943985,-0.051177408546209335,-0.3542073369026184,1.3944811820983887,0.4704470634460449,-0.6280197501182556,-0.48214954137802124,-1.4045143127441406,-0.388333261013031,-0.27658092975616455
0.03702668845653534,-0.4424600601196289,0.9351422786712646,-0.06655945628881454,-0.05376709625124931,-0.6541284322738647,0.7515283823013306,-0.007432630285620689,0.136280819773674,0.04818623140454292,0.3766491711139679,-0.2308431714773178,0.04297810420393944,-0.16577842831611633,0.03023836575448513,0.3730601668357849,-0.04132445156574249,-0.022803716361522675,-0.3923801779747009,1.3446764945983887,0.5099703669548035,-0.6539336442947388,-0.5078734755516052,-1.465528964996338,-0.4074748158454895,-0.323680579662323
0.03812957927584648,-0.4430930018424988,0.9353324174880981,-0.06241646781563759,-0.058447662740945816,-0.6426195502281189,0.7613988518714905,-0.015623675659298897,0.12359936535358429,0.049192335456609726,0.3684390187263489,-0.2272266149520874,0.05091434717178345,-0.18118816614151,0.03738965839147568,0.3733062446117401,-0.0430791899561882,-0.007349973078817129,-0.4266926944255829,1.307358741760254,0.5359448194503784,-0.6910282373428345,-0.5241051912307739,-1.4914028644561768,-0.42505717277526855,-0.3688974976539612
0.039563558995723724,-0.44268208742141724,0.9355635643005371,-0.058714158833026886,-0.059459082782268524,-0.6361884474754333,0.7669951319694519,-0.026988819241523743,0.11918402463197708,0.04689847677946091,0.35660696029663086,-0.21985791623592377,0.057086557149887085,-0.1876825988292694,0.040140073746442795,0.36692100763320923,-0.04058946296572685,0.0018092906102538109,-0.4548899829387665,1.2853387594223022,0.5453143119812012,-0.7311030626296997,-0.5359427332878113,-1.4878897666931152,-0.4364824891090393,-0.4134409427642822
0.04144399240612984,-0.4415467381477356,0.9356487989425659,-0.05627462640404701,-0.05723666772246361,-0.6346381902694702,0.7686296105384827,-0.03894815966486931,0.1227295845746994,0.041523974388837814,0.34639501571655273,-0.21413010358810425,0.06310003995895386,-0.1843286007642746,0.03784545138478279,0.357667475938797,-0.03612392768263817,0.0022630305029451847,-0.47293397784233093,1.2878899574279785,0.5416496992111206,-0.7633870244026184,-0.5432938933372498,-1.4712308645248413,-0.4437780976295471,-0.45739293098449707
0.043578460812568665,-0.43998631834983826,0.9358004331588745,-0.0554201602935791,-0.05291786417365074,-0.6364275813102722,0.7675209045410156,-0.05071867257356644,0.13257715106010437,0.03800997883081436,0.3345746099948883,-0.20781370997428894,0.06793833523988724,-0.17335492372512817,0.03223505616188049,0.34661731123924255,-0.028921110555529594,-0.0035922734532505274,-0.48294132947921753,1.3065069913864136,0.5302268862724304,-0.7918155789375305,-0.5487534403800964,-1.448754072189331,-0.444996178150177,-0.4941158890724182
0.045756176114082336,-0.43821433186531067,0.9364070892333984,-0.056041836738586426,-0.047579385340213776,-0.6399098634719849,0.7649254202842712,-0.06066838279366493,0.14588576555252075,0.03852740675210953,0.31812548637390137,-0.19805794954299927,0.07067220658063889,-0.15766090154647827,0.026265524327754974,0.33209341764450073,-0.017621193081140518,-0.012249785475432873,-0.48588329553604126,1.3313689231872559,0.5153838992118835,-0.8170019388198853,-0.5549718141555786,-1.4249536991119385,-0.442860871553421,-0.5236356258392334
0.04809768870472908,-0.43658170104026794,0.9371436834335327,-0.05796458199620247,-0.04276588559150696,-0.6442340016365051,0.761428713798523,-0.06612475961446762,0.15958373248577118,0.0426812469959259,0.3012722432613373,-0.18876992166042328,0.07219895720481873,-0.14114049077033997,0.02198130264878273,0.3166791796684265,-0.005622635129839182,-0.024946879595518112,-0.4848463833332062,1.3576383590698242,0.5011107921600342,-0.8333462476730347,-0.5634415149688721,-1.4056580066680908,-0.4409937858581543,-0.545394778251648
0.05082225799560547,-0.4350917339324951,0.9373030662536621,-0.061043258756399155,-0.040026597678661346,-0.6491976380348206,0.7571089863777161,-0.0680723488330841,0.1696127951145172,0.04734589904546738,0.29623764753341675,-0.1862564980983734,0.07316164672374725,-0.12809418141841888,0.020286496728658676,0.30772918462753296,0.002084245439618826,-0.037551149725914,-0.4846988022327423,1.376409888267517,0.48997241258621216,-0.8388901352882385,-0.5737299919128418,-1.3992652893066406,-0.4389292299747467,-0.5559030771255493
0.0532134547829628,-0.4334751069545746,0.938154935836792,-0.06510329246520996,-0.03699381649494171,-0.6539795994758606,0.7527972459793091,-0.06870977580547333,0.17893898487091064,0.05328212305903435,0.29077401757240295,-0.18056301772594452,0.07066487520933151,-0.11734624952077866,0.019918452948331833,0.2980133593082428,0.01045446377247572,-0.04281437024474144,-0.48934075236320496,1.373247504234314,0.48116204142570496,-0.8292644023895264,-0.5908764004707336,-1.3991197347640991,-0.4286730885505676,-0.5474258661270142
0.055129557847976685,-0.43240636587142944,0.9386619329452515,-0.06971564888954163,-0.03630847856402397,-0.6579571962356567,0.7489417195320129,-0.06847500056028366,0.18203547596931458,0.05879266560077667,0.29739469289779663,-0.18082517385482788,0.06624309718608856,-0.11418811976909637,0.022129729390144348,0.2984415292739868,0.012141561135649681,-0.030476059764623642,-0.49596258997917175,1.3467230796813965,0.4764879047870636,-0.7826312780380249,-0.6114913821220398,-1.4190044403076172,-0.4058215022087097,-0.5111793279647827
0.05567384511232376,-0.4318659007549286,0.9386619925498962,-0.07478617876768112,-0.036832038313150406,-0.6593964695930481,0.7471591234207153,-0.07041239738464355,0.18251973390579224,0.06211259961128235,0.31412312388420105,-0.1838216781616211,0.06356176733970642,-0.11357431858778,0.026093177497386932,0.3085452616214752,0.008552571758627892,-0.0016472265124320984,-0.4866504967212677,1.2932780981063843,0.48078447580337524,-0.7093360424041748,-0.6287140846252441,-1.4586107730865479,-0.3862242102622986,-0.45947667956352234
0.054320402443408966,-0.4317586421966553,0.9372038841247559,-0.07995084673166275,-0.03944912552833557,-0.6570001840591431,0.7486002445220947,-0.07244940102100372,0.1802825629711151,0.06032678484916687,0.3478167653083801,-0.19725362956523895,0.06228724122047424,-0.11320972442626953,0.02704983577132225,0.33765214681625366,-0.003650117665529251,0.03412641957402229,-0.4431116580963135,1.1938995122909546,0.4842083752155304,-0.60712069272995,-0.6363012194633484,-1.512433648109436,-0.3781908452510834,-0.39989548921585083
0.05258219316601753,-0.43261536955833435,0.9347076416015625,-0.08344835042953491,-0.043058767914772034,-0.6503891944885254,0.7537745833396912,-0.07301440834999084,0.17643533647060394,0.05018472671508789,0.3894260823726654,-0.21509212255477905,0.06190108507871628,-0.11418518424034119,0.02337011881172657,0.3738057017326355,-0.02013234794139862,0.06241804361343384,-0.36561936140060425,1.0386433601379395,0.47809654474258423,-0.48313575983047485,-0.6332348585128784,-1.5366227626800537,-0.3782522678375244,-0.3456183671951294
0.05090593546628952,-0.43371209502220154,0.9317750334739685,-0.08448277413845062,-0.045434653759002686,-0.6423874497413635,0.7603530287742615,-0.07504291087388992,0.17524906992912292,0.03285910189151764,0.42673400044441223,-0.22776193916797638,0.06242016702890396,-0.11417950689792633,0.013155641034245491,0.40658801794052124,-0.03710511699318886,0.08397673070430756,-0.2740207314491272,0.8668918609619141,0.46432656049728394,-0.35954201221466064,-0.6372383236885071,-1.4752237796783447,-0.38310742378234863,-0.30920445919036865
0.04986249655485153,-0.43471330404281616,0.9302764534950256,-0.08388593047857285,-0.04322692006826401,-0.6360435485839844,0.7658610939979553,-0.0781153067946434,0.182429701089859,0.01149934995919466,0.44530242681503296,-0.2276034951210022,0.06288135051727295,-0.10703085362911224,-0.0008175410330295563,0.4238986670970917,-0.05112776905298233,0.09876107424497604,-0.19091303646564484,0.7362122535705566,0.4211272597312927,-0.20589354634284973,-0.649035632610321,-1.346961259841919,-0.3474169671535492,-0.24663037061691284
0.0492480993270874,-0.4354991912841797,0.9297134876251221,-0.08298583328723907,-0.039032645523548126,-0.6326048970222473,0.7690259218215942,-0.07908419519662857,0.19381296634674072,-0.008605415001511574,0.45098674297332764,-0.21936213970184326,0.06326673924922943,-0.09498443454504013,-0.014086563140153885,0.42920932173728943,-0.06259334832429886,0.09971557557582855,-0.1207413300871849,0.6530805826187134,0.37140482664108276,-0.020484261214733124,-0.6787102818489075,-1.163227915763855,-0.3003689646720886,-0.172144815325737
0.04940585047006607,-0.4351378083229065,0.9302477240562439,-0.08276783674955368,-0.03411533683538437,-0.6313231587409973,0.7703353762626648,-0.07637602090835571,0.2067064642906189,-0.02196166105568409,0.44513922929763794,-0.20758166909217834,0.06261632591485977,-0.0800001472234726,-0.025834597647190094,0.42385178804397583,-0.06696508079767227,0.09017253667116165,-0.06456232815980911,0.6000957489013672,0.33920180797576904,0.17342370748519897,-0.7180486917495728,-0.9651926159858704,-0.2654901444911957,-0.12005932629108429
0.05051340162754059,-0.4334952235221863,0.9313056468963623,-0.08425096422433853,-0.028138743713498116,-0.6317826509475708,0.770039439201355,-0.07148480415344238,0.22283118963241577,-0.028383448719978333,0.4349505305290222,-0.1971200555562973,0.06023342162370682,-0.061413299292325974,-0.03652772307395935,0.4110662341117859,-0.0643659234046936,0.07326458394527435,-0.016596907749772072,0.5631948709487915,0.31401506066322327,0.3595926761627197,-0.7679474353790283,-0.7571560144424438,-0.2406320869922638,-0.10122603178024292
0.053243204951286316,-0.4321750998497009,0.9330456256866455,-0.08675642311573029,-0.02028805762529373,-0.6332412958145142,0.768808901309967,-0.06590839475393295,0.2407274842262268,-0.03274661675095558,0.42444947361946106,-0.1899493932723999,0.05583373084664345,-0.04052033647894859,-0.04525863379240036,0.3903179168701172,-0.05746867507696152,0.05492083728313446,0.03387073054909706,0.53428715467453,0.27981036901474,0.5307562947273254,-0.8209455013275146,-0.5699789524078369,-0.2301928550004959,-0.08535068482160568
0.05729518458247185,-0.43081337213516235,0.9348351359367371,-0.0899612158536911,-0.012814807705581188,-0.6352523565292358,0.7669401168823242,-0.06284783035516739,0.25596731901168823,-0.035040367394685745,0.4181099832057953,-0.18667955696582794,0.04879477620124817,-0.021627221256494522,-0.05102136731147766,0.36888036131858826,-0.04882720857858658,0.034898243844509125,0.09107350558042526,0.5012339353561401,0.2270164042711258,0.6781424283981323,-0.8657853603363037,-0.4184808135032654,-0.23665741086006165,-0.08365771919488907
0.06212777644395828,-0.4300166070461273,0.9365662336349487,-0.0931689515709877,-0.006629889830946922,-0.6369678974151611,0.765210747718811,-0.06304052472114563,0.26645031571388245,-0.034900061786174774,0.4154775142669678,-0.18698880076408386,0.039869293570518494,-0.008423736318945885,-0.05288511887192726,0.35174334049224854,-0.04266776144504547,0.017167499288916588,0.14925414323806763,0.46214190125465393,0.16058345139026642,0.7995076775550842,-0.8976373672485352,-0.32535144686698914,-0.24844662845134735,-0.088722825050354
0.06710758060216904,-0.43043601512908936,0.9380203485488892,-0.0974280908703804,-0.0022824369370937347,-0.6374275088310242,0.7643224596977234,-0.06559188663959503,0.27347397804260254,-0.03183398023247719,0.418259859085083,-0.1908971220254898,0.027719290927052498,0.00010487204417586327,-0.0483304038643837,0.34474343061447144,-0.04302860051393509,0.009708765894174576,0.2059258669614792,0.431207537651062,0.09564244747161865,0.889752209186554,-0.9114001989364624,-0.32196757197380066,-0.2521214783191681,-0.08593716472387314
0.07165471464395523,-0.43155157566070557,0.9397561550140381,-0.10191330313682556,0.001026598154567182,-0.6366581916809082,0.7643815279006958,-0.06829901784658432,0.27779072523117065,-0.025992501527071,0.4196348190307617,-0.19406390190124512,0.015063578262925148,0.0039871311746537685,-0.04306845739483833,0.3497498631477356,-0.04866676777601242,0.00815545953810215,0.25363653898239136,0.40710359811782837,0.024349618703126907,0.9548137187957764,-0.9218629002571106,-0.42675453424453735,-0.22730758786201477,-0.09903673827648163
0.07606693357229233,-0.4333351254463196,0.9409072995185852,-0.10771668702363968,0.0036733844317495823,-0.6345123052597046,0.7653612494468689,-0.06963489204645157,0.284787654876709,-0.0168773103505373,0.42263615131378174,-0.20042338967323303,0.005654059816151857,0.00717061897739768,-0.03521310165524483,0.3599885106086731,-0.057763926684856415,0.013345697894692421,0.2817438244819641,0.3921772241592407,-0.03522463142871857,1.0140305757522583,-0.9165394306182861,-0.6171469688415527,-0.18057528138160706,-0.16584976017475128
0.08025513589382172,-0.43544408679008484,0.9408316612243652,-0.11362787336111069,0.0035798437893390656,-0.6290099620819092,0.7690399289131165,-0.07226291298866272,0.2916620969772339,-0.005406284239143133,0.427767813205719,-0.20705682039260864,0.0027672401629388332,0.009006387554109097,-0.026464615017175674,0.3768962323665619,-0.07132858037948608,0.033372968435287476,0.2913300395011902,0.38321447372436523,-0.06894856691360474,1.072760820388794,-0.8953590393066406,-0.8615551590919495,-0.14759981632232666,-0.27482113242149353
0.08340716361999512,-0.4379637837409973,0.939565896987915,-0.11868889629840851,-0.0005302825593389571,-0.6202960014343262,0.7753357887268066,-0.07358649373054504,0.29679906368255615,0.007494318298995495,0.4317348599433899,-0.21169209480285645,0.008087382651865482,0.008572451770305634,-0.018684422597289085,0.400778591632843,-0.08685652911663055,0.05201808363199234,0.280038982629776,0.37268275022506714,-0.08807789534330368,1.1198698282241821,-0.872740626335144,-1.093420386314392,-0.13411661982536316,-0.3875812888145447
0.08624990284442902,-0.4403473138809204,0.9353184700012207,-0.12464375793933868,-0.007617092225700617,-0.6114872694015503,0.781338095664978,-0.07597074657678604,0.3041614294052124,0.013828663155436516,0.4544529318809509,-0.22658143937587738,0.01933014951646328,0.00900870468467474,-0.012515699490904808,0.43350833654403687,-0.1071607917547226,0.06567789614200592,0.2601771950721741,0.3675042390823364,-0.09682682156562805,1.1520572900772095,-0.8559793829917908,-1.2597017288208008,-0.140969380736351,-0.4750721752643585
0.0888422429561615,-0.4414817988872528,0.9318675994873047,-0.12520159780979156,-0.014188448898494244,-0.6059510707855225,0.7854593992233276,-0.07880088686943054,0.3042928874492645,0.012507451698184013,0.4675328731536865,-0.23079514503479004,0.03049280494451523,-0.0006112097762525082,-0.014040438458323479,0.4578837454319,-0.11897197365760803,0.07220982760190964,0.2420303225517273,0.35423070192337036,-0.10135012865066528,1.178995966911316,-0.8456900715827942,-1.3361623287200928,-0.15371173620224,-0.5227773785591125
0.09094087779521942,-0.4417746961116791,0.9279603958129883,-0.1238531768321991,-0.01775323413312435,-0.6063500046730042,0.7852928638458252,-0.07946880161762238,0.30671605467796326,0.0008648396469652653,0.48408740758895874,-0.23734644055366516,0.041305385529994965,-0.009758058935403824,-0.027385881170630455,0.47830843925476074,-0.12601622939109802,0.061896052211523056,0.23265744745731354,0.3412466049194336,-0.11594219505786896,1.2038010358810425,-0.8489477038383484,-1.292910099029541,-0.1605909913778305,-0.5389000773429871
0.09188495576381683,-0.43925389647483826,0.9255914092063904,-0.11971544474363327,-0.019531071186065674,-0.6116606593132019,0.7817659974098206,-0.0756118893623352,0.3055281937122345,-0.01613219827413559,0.4896494150161743,-0.23660722374916077,0.04810322821140289,-0.0211135633289814,-0.05289920046925545,0.49171727895736694,-0.12166545540094376,0.025794096291065216,0.23456498980522156,0.31866371631622314,-0.13222181797027588,1.2226414680480957,-0.8600684404373169,-1.1290857791900635,-0.16072626411914825,-0.5373343229293823
0.0943736582994461,-0.4370342195034027,0.9239511489868164,-0.11681681871414185,-0.018951179459691048,-0.6193614602088928,0.7761353254318237,-0.07121051102876663,0.30644112825393677,-0.032842740416526794,0.4950622320175171,-0.24196362495422363,0.046757981181144714,-0.026213206350803375,-0.0762137770652771,0.4953153729438782,-0.11578384041786194,-0.008421113714575768,0.23526416718959808,0.30843353271484375,-0.16910018026828766,1.2267584800720215,-0.8697555065155029,-0.936534583568573,-0.1509198248386383,-0.5230861306190491
0.09890823066234589,-0.4342584013938904,0.9247372150421143,-0.11406849324703217,-0.016087496653199196,-0.6276763081550598,0.7699038982391357,-0.07046682387590408,0.30685552954673767,-0.04245355725288391,0.48498696088790894,-0.2383471429347992,0.042471230030059814,-0.027342641726136208,-0.09431029856204987,0.4821927547454834,-0.10138405859470367,-0.032499149441719055,0.22985056042671204,0.30160072445869446,-0.20039275288581848,1.222875714302063,-0.8766762018203735,-0.7652170062065125,-0.13855192065238953,-0.486456036567688
0.10411982238292694,-0.43193596601486206,0.9262023568153381,-0.11319906264543533,-0.01222224161028862,-0.6358055472373962,0.7634055018424988,-0.07210072875022888,0.3102025091648102,-0.044867586344480515,0.4707668125629425,-0.23261919617652893,0.03981439024209976,-0.02243460714817047,-0.10663129389286041,0.46211978793144226,-0.08413629233837128,-0.0518784373998642,0.22474916279315948,0.29360300302505493,-0.23010405898094177,1.2168415784835815,-0.8937710523605347,-0.6142992377281189,-0.12958243489265442,-0.4330586791038513
0.1085551530122757,-0.4302860498428345,0.9280086755752563,-0.11331973224878311,-0.008334395475685596,-0.6425192952156067,0.7577982544898987,-0.0748463124036789,0.3147624433040619,-0.0407206229865551,0.45348772406578064,-0.2257801592350006,0.040440451353788376,-0.014104161411523819,-0.11301963031291962,0.4373661279678345,-0.06629155576229095,-0.06888990849256516,0.22574451565742493,0.2893485426902771,-0.24964261054992676,1.2071996927261353,-0.9204643368721008,-0.5092915296554565,-0.12907609343528748,-0.38062456250190735
0.11179997026920319,-0.4307767152786255,0.9287387132644653,-0.11606475710868835,-0.00349739333614707,-0.6468255519866943,0.7537462711334229,-0.07904498279094696,0.3247782289981842,-0.03665719926357269,0.4498606324195862,-0.2286117970943451,0.04306913912296295,0.0013922015205025673,-0.11658434569835663,0.42232757806777954,-0.0588061548769474,-0.07761651277542114,0.23793967068195343,0.2945009171962738,-0.26650264859199524,1.1923202276229858,-0.9547444581985474,-0.47296255826950073,-0.1309988647699356,-0.3084406554698944
0.11394377052783966,-0.43214765191078186,0.9294577836990356,-0.12036833167076111,0.0019034715369343758,-0.6489937901496887,0.7512089610099792,-0.08422122895717621,0.3363295793533325,-0.032183047384023666,0.45201778411865234,-0.23574182391166687,0.0436997227370739,0.01963810622692108,-0.11830329895019531,0.4171299934387207,-0.060444675385951996,-0.07816630601882935,0.2537202537059784,0.3052617609500885,-0.2811480164527893,1.175410509109497,-0.9916749596595764,-0.5112386345863342,-0.1164335384964943,-0.2401236593723297
0.11515361070632935,-0.43276387453079224,0.9314254522323608,-0.12332437187433243,0.007804347667843103,-0.6498753428459167,0.7499281764030457,-0.0884958952665329,0.34435558319091797,-0.02723076567053795,0.4478866159915924,-0.23759843409061432,0.043046124279499054,0.03320416063070297,-0.11883268505334854,0.41016238927841187,-0.06272535771131516,-0.07131394743919373,0.26399555802345276,0.31420668959617615,-0.2892687916755676,1.1629010438919067,-1.0185660123825073,-0.6261588931083679,-0.07813698798418045,-0.22988754510879517
0.11584418267011642,-0.4336811304092407,0.9329463839530945,-0.12779639661312103,0.01200615894049406,-0.6489130258560181,0.749957263469696,-0.09405747801065445,0.35119834542274475,-0.015737010166049004,0.44714370369911194,-0.24138110876083374,0.040194448083639145,0.0456492118537426,-0.11272881925106049,0.41120895743370056,-0.07044674456119537,-0.05250324308872223,0.26582589745521545,0.326694130897522,-0.2821768820285797,1.1594138145446777,-1.027998924255371,-0.8048821687698364,-0.052542150020599365,-0.2866551876068115
0.11688412725925446,-0.4363144636154175,0.9331086874008179,-0.131042942404747,0.011874173767864704,-0.6457424163818359,0.7521325945854187,-0.09690442681312561,0.35026031732559204,-0.0030298312194645405,0.45509493350982666,-0.2498481571674347,0.038322482258081436,0.05019286274909973,-0.10424870997667313,0.42921340465545654,-0.08238707482814789,-0.034937843680381775,0.2520119547843933,0.33042940497398376,-0.2597089111804962,1.1550287008285522,-1.0045151710510254,-0.9724949598312378,-0.04943924769759178,-0.36502498388290405
0.11864516884088516,-0.44046342372894287,0.9311370849609375,-0.12887021899223328,0.004537259228527546,-0.6397534012794495,0.7576856017112732,-0.09779254347085953,0.3311002254486084,0.0011000614613294601,0.47817355394363403,-0.26597708463668823,0.04086229205131531,0.03601973131299019,-0.10059269517660141,0.47424113750457764,-0.10035436600446701,-0.01995423436164856,0.22712543606758118,0.3271646797657013,-0.21314992010593414,1.1252925395965576,-0.945904016494751,-1.068249225616455,-0.08550620079040527,-0.4267326593399048
0.12032176554203033,-0.44192612171173096,0.9268774390220642,-0.11857501417398453,-0.01038417685776949,-0.6331819295883179,0.7647959589958191,-0.09741953015327454,0.287849098443985,-0.013106168247759342,0.5185270309448242,-0.2840246260166168,0.052887529134750366,-0.0018104147166013718,-0.10518898814916611,0.5349807143211365,-0.12025147676467896,-0.01113813929259777,0.1946493685245514,0.3230067491531372,-0.10837899148464203,0.9976801872253418,-0.8383978605270386,-1.0421028137207031,-0.17048797011375427,-0.4655773341655731
0.122444748878479,-0.4418632388114929,0.9231889843940735,-0.10577584058046341,-0.026605989784002304,-0.6277411580085754,0.7707428932189941,-0.09766902029514313,0.2392868548631668,-0.030331091955304146,0.5474936962127686,-0.2891259491443634,0.06876849383115768,-0.0442318320274353,-0.10646946728229523,0.5770785808563232,-0.13300113379955292,0.0037312512286007404,0.1567733883857727,0.33557623624801636,0.06450867652893066,0.759085476398468,-0.6863560080528259,-0.9119079113006592,-0.2610347270965576,-0.4888427257537842
0.12649570405483246,-0.4405573010444641,0.9233320951461792,-0.09673351794481277,-0.03843400999903679,-0.6243205070495605,0.7742024064064026,-0.09581291675567627,0.20270755887031555,-0.03866419196128845,0.5452781319618225,-0.2761421799659729,0.0808086097240448,-0.07219886034727097,-0.099998340010643,0.5805891752243042,-0.13520300388336182,0.022742323577404022,0.10778127610683441,0.34264594316482544,0.255480021238327,0.5128389596939087,-0.5275666117668152,-0.760593593120575,-0.33217671513557434,-0.49783754348754883
0.13267803192138672,-0.43760859966278076,0.9274526834487915,-0.0912061408162117,-0.045506782829761505,-0.6241973638534546,0.7745891213417053,-0.08820556104183197,0.1763533353805542,-0.036357466131448746,0.5143649578094482,-0.24920867383480072,0.08579562604427338,-0.08387617021799088,-0.0899476706981659,0.5499533414840698,-0.12189237773418427,0.03427012264728546,0.029485758394002914,0.3521156311035156,0.40249204635620117,0.2967803478240967,-0.3742518424987793,-0.622083306312561,-0.35705479979515076,-0.4533321261405945
0.1409776359796524,-0.43533962965011597,0.9336037039756775,-0.08630234748125076,-0.04900528863072395,-0.6275884509086609,0.7721936702728271,-0.07457230985164642,0.15223854780197144,-0.029311666265130043,0.47105303406715393,-0.21798959374427795,0.0856575220823288,-0.08426279574632645,-0.08245445787906647,0.5030816793441772,-0.09672099351882935,0.04014480113983154,-0.06668969988822937,0.3845539391040802,0.49966853857040405,0.11979260295629501,-0.22755210101604462,-0.5068286657333374,-0.34915608167648315,-0.35027065873146057
0.1513635814189911,-0.43301308155059814,0.9389590620994568,-0.08050617575645447,-0.052709128707647324,-0.6341244578361511,0.767220139503479,-0.05809115618467331,0.12068028002977371,-0.024842185899615288,0.43897390365600586,-0.19625191390514374,0.08151537925004959,-0.07949082553386688,-0.08209462463855743,0.4660966992378235,-0.07394989579916,0.0368533693253994,-0.18190938234329224,0.45187342166900635,0.5592882037162781,-0.006209388375282288,-0.09490865468978882,-0.4240434169769287,-0.3087104856967926,-0.2206166833639145
0.16428253054618835,-0.43259650468826294,0.9453102350234985,-0.07085053622722626,-0.05571964010596275,-0.6414366960525513,0.7618625164031982,-0.03972276300191879,0.07729043811559677,-0.02025732398033142,0.4011017084121704,-0.1731681525707245,0.07578040659427643,-0.07100893557071686,-0.08627000451087952,0.4315054416656494,-0.04775281623005867,0.027643995359539986,-0.2836754620075226,0.5500502586364746,0.5796757340431213,-0.1075623631477356,0.03816640004515648,-0.37016940116882324,-0.24560429155826569,-0.04821406304836273
0.17907342314720154,-0.4343641400337219,0.9524761438369751,-0.05879530683159828,-0.05751148983836174,-0.646991491317749,0.7580484747886658,-0.021011749282479286,0.024997906759381294,-0.005551221314817667,0.3549257516860962,-0.15288907289505005,0.0707780122756958,-0.0553269237279892,-0.09145329892635345,0.3931194543838501,-0.016237907111644745,0.013043403625488281,-0.36456987261772156,0.6734304428100586,0.5854411125183105,-0.17768913507461548,0.15798871219158173,-0.3387877643108368,-0.17724955081939697,0.1422840654850006
0.19273494184017181,-0.43875813484191895,0.9594181180000305,-0.045281775295734406,-0.05780484899878502,-0.650382936000824,0.7560490369796753,-0.004274020902812481,-0.03437374159693718,0.01317962072789669,0.3036981225013733,-0.13436512649059296,0.06605759263038635,-0.03680001199245453,-0.09373114258050919,0.3561544716358185,0.012548042461276054,-0.004158316180109978,-0.42681604623794556,0.8193811178207397,0.5825104117393494,-0.2253594696521759,0.2541367709636688,-0.32613900303840637,-0.10460686683654785,0.3385944068431854
0.2021006941795349,-0.44388753175735474,0.9646371006965637,-0.031249873340129852,-0.05765784904360771,-0.6521440148353577,0.7552530765533447,0.01006031408905983,-0.09613487124443054,0.03195738419890404,0.25071877241134644,-0.12171119451522827,0.060055624693632126,-0.020730532705783844,-0.09706418216228485,0.3271612524986267,0.03452717512845993,-0.022692227736115456,-0.4895881116390228,0.9596043825149536,0.5680791139602661,-0.26388829946517944,0.3085179030895233,-0.3282109797000885,-0.02577563002705574,0.5248240232467651
0.2065345048904419,-0.44955769181251526,0.9667206406593323,-0.01842803694307804,-0.05893496051430702,-0.6523905396461487,0.7553632259368896,0.021708717569708824,-0.1535058170557022,0.05317171663045883,0.20911435782909393,-0.12351775169372559,0.05458841472864151,-0.007990529760718346,-0.09930264949798584,0.3150331377983093,0.04480772837996483,-0.0412442646920681,-0.5578217506408691,1.0781172513961792,0.5478827953338623,-0.29457569122314453,0.33461588621139526,-0.33562660217285156,0.04871099442243576,0.6883203983306885
0.20686598122119904,-0.4552916884422302,0.968845546245575,-0.008364337496459484,-0.06145479157567024,-0.6511298418045044,0.7564279437065125,0.0303951483219862,-0.19845351576805115,0.07540076225996017,0.18264074623584747,-0.13904181122779846,0.045887596905231476,0.0029522604309022427,-0.10177111625671387,0.32839199900627136,0.035270437598228455,-0.05710863322019577,-0.6162163019180298,1.1822044849395752,0.5363205075263977,-0.31193098425865173,0.342602401971817,-0.34424641728401184,0.10577350109815598,0.8123733401298523
0.20520350337028503,-0.46276193857192993,0.9694266319274902,0.0008185975602827966,-0.06637369096279144,-0.64751136302948,0.7591593265533447,0.03556019067764282,-0.23713418841362,0.0964057445526123,0.16920071840286255,-0.1630285382270813,0.04023365676403046,0.005221708677709103,-0.10647333413362503,0.37018126249313354,0.009074890986084938,-0.07668338716030121,-0.6688955426216125,1.264136791229248,0.5263461470603943,-0.31387263536453247,0.34267088770866394,-0.3585037589073181,0.15647047758102417,0.9088729619979858
0.20330822467803955,-0.4695512056350708,0.968425989151001,0.010639461688697338,-0.07278169691562653,-0.641120195388794,0.7639074325561523,0.038415998220443726,-0.272290974855423,0.10994982719421387,0.16105718910694122,-0.1851908564567566,0.03777454048395157,-0.0036051133647561073,-0.11615490913391113,0.41436904668807983,-0.020893875509500504,-0.09828118979930878,-0.7261984944343567,1.3233869075775146,0.5169942378997803,-0.3059294521808624,0.3312644362449646,-0.3770606517791748,0.20029067993164062,0.9791967868804932
0.20089974999427795,-0.47524169087409973,0.9677350521087646,0.017937036231160164,-0.07765686511993408,-0.6332887411117554,0.7698006629943848,0.04018281400203705,-0.29409271478652954,0.11592693626880646,0.15420877933502197,-0.19885072112083435,0.03788432106375694,-0.010846029967069626,-0.12157700955867767,0.43968790769577026,-0.04119279235601425,-0.11533460021018982,-0.7747927904129028,1.368941068649292,0.5062616467475891,-0.2878767251968384,0.3136594891548157,-0.3886460065841675,0.2324926257133484,1.0323060750961304
0.19902756810188293,-0.4788745045661926,0.966955304145813,0.025068430230021477,-0.08493252843618393,-0.6252993941307068,0.7753443121910095,0.04081815853714943,-0.3163483738899231,0.12036743760108948,0.14893637597560883,-0.20760653913021088,0.03733731806278229,-0.026673514395952225,-0.12589210271835327,0.46071574091911316,-0.0580001138150692,-0.1344285011291504,-0.8190893530845642,1.4131287336349487,0.49214327335357666,-0.23984083533287048,0.2938268184661865,-0.4087849259376526,0.25105059146881104,1.0716469287872314
0.19730642437934875,-0.48126477003097534,0.9670842885971069,0.030628297477960587,-0.09121648967266083,-0.6212399005889893,0.7776904702186584,0.04041370749473572,-0.332541286945343,0.1230919137597084,0.1392240822315216,-0.21126002073287964,0.038148269057273865,-0.04144607484340668,-0.12727172672748566,0.46755582094192505,-0.064144067466259,-0.1592167317867279,-0.8630293011665344,1.4464502334594727,0.4701765775680542,-0.1928451657295227,0.26804494857788086,-0.4225075840950012,0.26767033338546753,1.10114586353302
0.19659128785133362,-0.4826548099517822,0.9678359031677246,0.03512429818511009,-0.09714869409799576,-0.6201738715171814,0.7776328325271606,0.038849569857120514,-0.3466827869415283,0.12421520054340363,0.12572884559631348,-0.2108694165945053,0.03784669190645218,-0.057257331907749176,-0.1260683834552765,0.4650629162788391,-0.06567279249429703,-0.18358761072158813,-0.9092174172401428,1.4632203578948975,0.44237595796585083,-0.14392133057117462,0.23899424076080322,-0.43592798709869385,0.28710120916366577,1.120517611503601
0.19711574912071228,-0.48478129506111145,0.9678584337234497,0.0392756462097168,-0.10513787716627121,-0.6201444864273071,0.77641761302948,0.03762463107705116,-0.3640255331993103,0.12867790460586548,0.11328184604644775,-0.21024593710899353,0.03685463219881058,-0.078497514128685,-0.12358950078487396,0.468133807182312,-0.07319442927837372,-0.20324184000492096,-0.9726513624191284,1.4499497413635254,0.3948390483856201,-0.07134141027927399,0.21793462336063385,-0.459311842918396,0.31511643528938293,1.1241413354873657
0.19744548201560974,-0.48576849699020386,0.9685255289077759,0.04155702143907547,-0.11026813089847565,-0.6217055916786194,0.7743359804153442,0.034606873989105225,-0.37336665391921997,0.13008567690849304,0.09817801415920258,-0.20278626680374146,0.03774072974920273,-0.0942557230591774,-0.12251494824886322,0.46039074659347534,-0.07075483351945877,-0.21683269739151,-1.0305333137512207,1.422257423400879,0.3495672643184662,-0.005704335868358612,0.19928744435310364,-0.47595882415771484,0.3353654742240906,1.1278568506240845
0.1992318034172058,-0.48716068267822266,0.9682345390319824,0.04264747351408005,-0.11589432507753372,-0.6249378323554993,0.770845353603363,0.029844366014003754,-0.38136863708496094,0.1325923204421997,0.08456116169691086,-0.19454553723335266,0.03710615262389183,-0.11266986280679703,-0.12311482429504395,0.45912405848503113,-0.07179014384746552,-0.2088729739189148,-1.1091177463531494,1.3471111059188843,0.28808730840682983,0.07337164878845215,0.19885993003845215,-0.4966881275177002,0.3512189984321594,1.1164963245391846
0.20181205868721008,-0.48941096663475037,0.967583179473877,0.043333686888217926,-0.11915385723114014,-0.6301497220993042,0.7660521268844604,0.02307804487645626,-0.38492798805236816,0.13122501969337463,0.07134909182786942,-0.18205830454826355,0.03728792816400528,-0.12995508313179016,-0.12726876139640808,0.4605228900909424,-0.07283435761928558,-0.1807389259338379,-1.1981734037399292,1.2351055145263672,0.22520707547664642,0.1657780259847641,0.20798160135746002,-0.5166627168655396,0.3490338921546936,1.100379228591919
0.20530089735984802,-0.4924160838127136,0.9665197134017944,0.04357791319489479,-0.11939198523759842,-0.6369839906692505,0.7603275179862976,0.016146963462233543,-0.3833796977996826,0.12334993481636047,0.061483561992645264,-0.16656456887722015,0.03826058655977249,-0.14486870169639587,-0.1353563368320465,0.4653756618499756,-0.07473108172416687,-0.13390065729618073,-1.2904894351959229,1.0813679695129395,0.17055609822273254,0.2620755434036255,0.21717345714569092,-0.5261507034301758,0.3320607542991638,1.0766133069992065
0.20908036828041077,-0.49677443504333496,0.9655076265335083,0.04441269487142563,-0.11677263677120209,-0.6453641057014465,0.7535893321037292,0.011071044020354748,-0.3790913224220276,0.1079111248254776,0.053915008902549744,-0.14917555451393127,0.040480807423591614,-0.15783809125423431,-0.14829567074775696,0.46983402967453003,-0.07601847499608994,-0.0804641842842102,-1.3708057403564453,0.9050484895706177,0.13329295814037323,0.35293179750442505,0.22008627653121948,-0.5258514881134033,0.3060895502567291,1.0527946949005127
0.2122766673564911,-0.5017604231834412,0.9644156694412231,0.04594115540385246,-0.11330860108137131,-0.6551533341407776,0.7455365061759949,0.012565482407808304,-0.37557852268218994,0.08864665031433105,0.04912839084863663,-0.13288390636444092,0.04575366526842117,-0.17038464546203613,-0.16604147851467133,0.47351640462875366,-0.07543213665485382,-0.030916409566998482,-1.4304007291793823,0.7352346181869507,0.11032824963331223,0.4476352035999298,0.21924781799316406,-0.5230244398117065,0.26636379957199097,1.0351636409759521
0.21471959352493286,-0.5063832998275757,0.9633076190948486,0.048590581864118576,-0.10941924899816513,-0.6653062701225281,0.7369083762168884,0.02139529399573803,-0.37397804856300354,0.06727991253137589,0.04353467375040054,-0.1181267574429512,0.05294710397720337,-0.1826896369457245,-0.1906646490097046,0.4749547839164734,-0.07158887386322021,0.010376626625657082,-1.4624488353729248,0.5918582677841187,0.09888243675231934,0.5443968772888184,0.21676993370056152,-0.5191667079925537,0.21913659572601318,1.0214191675186157
0.2162124514579773,-0.5101349949836731,0.9616629481315613,0.05246996134519577,-0.10627583414316177,-0.6745005249977112,0.7286984324455261,0.03511583060026169,-0.37592971324920654,0.04656997323036194,0.03804837167263031,-0.10572151094675064,0.06410138309001923,-0.19620002806186676,-0.21952174603939056,0.47891169786453247,-0.0657775029540062,0.041693221777677536,-1.4648892879486084,0.4824959933757782,0.08513766527175903,0.6315516233444214,0.2205284684896469,-0.5151872634887695,0.17416852712631226,1.0175862312316895
0.21720251441001892,-0.5136452317237854,0.9607455730438232,0.056609462946653366,-0.10246436297893524,-0.6817663311958313,0.7221434116363525,0.04713413119316101,-0.3775865435600281,0.027247844263911247,0.028182566165924072,-0.0946543887257576,0.07281935214996338,-0.20668017864227295,-0.24525956809520721,0.47473907470703125,-0.05921716243028641,0.0716734528541565,-1.4660277366638184,0.39322835206985474,0.06305067241191864,0.7008571624755859,0.2149662971496582,-0.5014511942863464,0.1429939568042755,1.0236119031906128
0.21769897639751434,-0.5165122747421265,0.9585373401641846,0.06384487450122833,-0.10141125321388245,-0.6884195804595947,0.7153446674346924,0.0612337663769722,-0.38905835151672363,0.006183982826769352,0.023332957178354263,-0.08637287467718124,0.0863780528306961,-0.2256014347076416,-0.275964617729187,0.4840129017829895,-0.056539714336395264,0.09349875152111053,-1.4667179584503174,0.335651695728302,0.02518223226070404,0.814603328704834,0.2184477299451828,-0.5003477334976196,0.13293911516666412,1.03770112991333
0.21736440062522888,-0.5182772278785706,0.956908643245697,0.07127483189105988,-0.09968211501836777,-0.6933798789978027,0.710075855255127,0.07378235459327698,-0.4002884030342102,-0.013753548264503479,0.014289903454482555,-0.0779024213552475,0.09897555410861969,-0.24165630340576172,-0.30418339371681213,0.4867081344127655,-0.05299380421638489,0.11350694298744202,-1.4596216678619385,0.2886229455471039,-0.01789732836186886,0.9094321727752686,0.21432772278785706,-0.48809611797332764,0.12336711585521698,1.0552325248718262
0.21638454496860504,-0.5185092687606812,0.9554108381271362,0.07881781458854675,-0.09735386073589325,-0.6966261863708496,0.7064148187637329,0.08607746660709381,-0.41068705916404724,-0.03207769617438316,0.004645982291549444,-0.06941750645637512,0.11232050508260727,-0.25480952858924866,-0.33170509338378906,0.4877069294452667,-0.04976881667971611,0.13137057423591614,-1.4532291889190674,0.2459922432899475,-0.06894442439079285,0.9903900623321533,0.202144593000412,-0.4714309573173523,0.11856700479984283,1.0719285011291504
0.21449536085128784,-0.5173349380493164,0.954055666923523,0.085445836186409,-0.09457223117351532,-0.6984620094299316,0.7042058706283569,0.09637492895126343,-0.4174465835094452,-0.04957941919565201,-0.004267875105142593,-0.062086351215839386,0.12676741182804108,-0.2628062963485718,-0.3566441833972931,0.488810271024704,-0.04683069884777069,0.14967560768127441,-1.4486887454986572,0.2226555496454239,-0.13370904326438904,1.0614795684814453,0.1919603943824768,-0.458568811416626,0.11411906778812408,1.0899025201797485
0.21267089247703552,-0.515945315361023,0.9526544809341431,0.09121213108301163,-0.09130556881427765,-0.6994524598121643,0.7029294967651367,0.10661502182483673,-0.42184028029441833,-0.06588417291641235,-0.010607533156871796,-0.054759569466114044,0.14400573074817657,-0.2675284147262573,-0.37862861156463623,0.4924623966217041,-0.04647054523229599,0.1628311276435852,-1.4452860355377197,0.19904391467571259,-0.20410874485969543,1.124650239944458,0.17544417083263397,-0.44776761531829834,0.11039309203624725,1.1039602756500244
0.21177777647972107,-0.5147128105163574,0.9511820077896118,0.09615352749824524,-0.08746849000453949,-0.6996949315071106,0.7025174498558044,0.11771078407764435,-0.4246961772441864,-0.0800725668668747,-0.01498396135866642,-0.04799683764576912,0.16078627109527588,-0.26938220858573914,-0.399608314037323,0.49846041202545166,-0.047685444355010986,0.17216408252716064,-1.4427175521850586,0.1678745597600937,-0.26629960536956787,1.1821715831756592,0.15100732445716858,-0.4386129081249237,0.10685919225215912,1.1130136251449585
0.2109786421060562,-0.513385534286499,0.9496561884880066,0.10081885755062103,-0.08342332392930984,-0.6991264820098877,0.7029212117195129,0.1278526335954666,-0.42655250430107117,-0.0923072099685669,-0.01935115084052086,-0.04378508776426315,0.1765437126159668,-0.2701532244682312,-0.42034509778022766,0.5051265954971313,-0.04928723722696304,0.180640310049057,-1.4519370794296265,0.1286541372537613,-0.3273549973964691,1.2301816940307617,0.12658561766147614,-0.4318062663078308,0.11063443124294281,1.1198320388793945
0.2103651762008667,-0.5119583606719971,0.9480692148208618,0.10337318480014801,-0.08184240758419037,-0.696601390838623,0.7052391767501831,0.13392391800880432,-0.4277591109275818,-0.10106495022773743,-0.014186742715537548,-0.04619990289211273,0.18857355415821075,-0.2703194320201874,-0.436822772026062,0.5225028395652771,-0.05468465015292168,0.19452086091041565,-1.4930825233459473,0.07101450860500336,-0.4031553268432617,1.2881789207458496,0.1154496967792511,-0.4343065023422241,0.1312747597694397,1.1191480159759521
0.20988783240318298,-0.5108094215393066,0.9479079246520996,0.10548604279756546,-0.08044201880693436,-0.6929760575294495,0.7086507678031921,0.1380767673254013,-0.42854341864585876,-0.10626491904258728,-0.010669783689081669,-0.05173186957836151,0.19684579968452454,-0.2702005207538605,-0.4480169415473938,0.5352919101715088,-0.06117336079478264,0.21727268397808075,-1.5524226427078247,0.01048610731959343,-0.47877588868141174,1.3211240768432617,0.10482779145240784,-0.43329066038131714,0.145186647772789,1.1186821460723877
0.20995773375034332,-0.5099062323570251,0.947960615158081,0.10721781849861145,-0.07899424433708191,-0.688667356967926,0.712742269039154,0.14062626659870148,-0.4290532171726227,-0.10911385715007782,-0.00787363015115261,-0.058898985385894775,0.20287227630615234,-0.269733726978302,-0.4555566906929016,0.5450242757797241,-0.06631959229707718,0.24656131863594055,-1.6216514110565186,-0.05274408683180809,-0.5511775016784668,1.3309063911437988,0.10335490107536316,-0.4339279532432556,0.15102168917655945,1.1180232763290405
0.2108776867389679,-0.5095270872116089,0.9481989741325378,0.10851651430130005,-0.07761481404304504,-0.6840924024581909,0.7170897126197815,0.14062979817390442,-0.42938458919525146,-0.1107083410024643,-0.004576122388243675,-0.06698812544345856,0.20687977969646454,-0.269164502620697,-0.4604777693748474,0.5537682771682739,-0.0702105313539505,0.28250718116760254,-1.6916381120681763,-0.111280158162117,-0.6120240688323975,1.3218777179718018,0.11526666581630707,-0.4390336871147156,0.14943328499794006,1.1159825325012207
0.21268269419670105,-0.5091709494590759,0.9486070871353149,0.10940815508365631,-0.07594291865825653,-0.6798241138458252,0.7211808562278748,0.13894309103488922,-0.42959997057914734,-0.11286324262619019,-0.00040505407378077507,-0.07532179355621338,0.20811527967453003,-0.26839667558670044,-0.46434932947158813,0.560286283493042,-0.07172682136297226,0.3227963447570801,-1.7501108646392822,-0.1662532091140747,-0.6584585905075073,1.2907260656356812,0.13707944750785828,-0.44415783882141113,0.14035075902938843,1.1116297245025635
0.21525487303733826,-0.5079563856124878,0.9491615295410156,0.10989688336849213,-0.07372689247131348,-0.6763965487480164,0.7245514392852783,0.1362840086221695,-0.42973998188972473,-0.11740550398826599,0.005779087543487549,-0.08245867490768433,0.20753735303878784,-0.2674409747123718,-0.4685722589492798,0.5656039714813232,-0.07203055918216705,0.36312994360923767,-1.7826124429702759,-0.21235276758670807,-0.6776922345161438,1.2346822023391724,0.16740885376930237,-0.4441169202327728,0.12652376294136047,1.1054644584655762
0.21735453605651855,-0.5058814883232117,0.9494263529777527,0.10996175557374954,-0.0724342092871666,-0.6742538809776306,0.7266659736633301,0.13465571403503418,-0.42983096837997437,-0.12671275436878204,0.02245968207716942,-0.09117132425308228,0.2078104317188263,-0.2677331566810608,-0.47399336099624634,0.5758243799209595,-0.07563574612140656,0.38764190673828125,-1.7620594501495361,-0.22887539863586426,-0.6390985250473022,1.152483344078064,0.21586290001869202,-0.44447827339172363,0.11572442948818207,1.094747543334961
0.21795186400413513,-0.5026852488517761,0.9492883682250977,0.10996189713478088,-0.07190503925085068,-0.6743893623352051,0.7265927791595459,0.13445967435836792,-0.42989012598991394,-0.14177843928337097,0.04912901669740677,-0.10270974040031433,0.20948448777198792,-0.2686707079410553,-0.48079001903533936,0.5877395272254944,-0.08154669404029846,0.383561372756958,-1.6671247482299805,-0.2037845402956009,-0.5714676976203918,1.0335350036621094,0.25509750843048096,-0.4484291076660156,0.11709292232990265,1.0769743919372559
0.21730461716651917,-0.49865448474884033,0.9489406943321228,0.10975969582796097,-0.07138971984386444,-0.6770142912864685,0.7242292165756226,0.13568000495433807,-0.42932188510894775,-0.161624014377594,0.08501686155796051,-0.11617568135261536,0.21083056926727295,-0.2677929103374481,-0.4891786277294159,0.6013373732566833,-0.0892871618270874,0.3432285785675049,-1.4788317680358887,-0.142057865858078,-0.47805464267730713,0.8589297533035278,0.27720534801483154,-0.4553045332431793,0.1341906487941742,1.0626840591430664
0.21596963703632355,-0.49709606170654297,0.9487138986587524,0.10831346362829208,-0.0705234557390213,-0.6813102960586548,0.7204935550689697,0.13761699199676514,-0.4245409369468689,-0.18199166655540466,0.12829241156578064,-0.13412430882453918,0.2120482325553894,-0.2618390619754791,-0.49404463171958923,0.6130934953689575,-0.09817714989185333,0.2628587484359741,-1.2387919425964355,-0.04023927077651024,-0.3717706799507141,0.7252306938171387,0.2860339283943176,-0.4748479127883911,0.16632044315338135,1.0527524948120117
0.21452605724334717,-0.496783971786499,0.9497741460800171,0.1032663956284523,-0.0658833235502243,-0.6859526038169861,0.7172617316246033,0.13458098471164703,-0.4073294997215271,-0.20270702242851257,0.16535300016403198,-0.1445862352848053,0.20614013075828552,-0.24272501468658447,-0.49343377351760864,0.6141861081123352,-0.10509535670280457,0.18544983863830566,-0.9923059344291687,0.023801913484930992,-0.2768454849720001,0.6918843984603882,0.2561461329460144,-0.46440619230270386,0.19016987085342407,1.0557011365890503
0.21185481548309326,-0.498121976852417,0.9518680572509766,0.09456031024456024,-0.058394938707351685,-0.6898404955863953,0.7153799533843994,0.12708258628845215,-0.3769475817680359,-0.2224268615245819,0.20231099426746368,-0.14836889505386353,0.198531836271286,-0.21111902594566345,-0.48281869292259216,0.6019176244735718,-0.10973875224590302,0.10861629247665405,-0.798189640045166,0.0573742501437664,-0.22344279289245605,0.8102226257324219,0.19635248184204102,-0.4290148913860321,0.20704956352710724,1.0918784141540527
0.20928224921226501,-0.49913156032562256,0.9531353712081909,0.08337463438510895,-0.052998725324869156,-0.6931509971618652,0.713989794254303,0.1202634945511818,-0.34459128975868225,-0.23711618781089783,0.24926751852035522,-0.15413668751716614,0.18951666355133057,-0.17756912112236023,-0.46342897415161133,0.5911173820495605,-0.11712942272424698,0.03846125304698944,-0.6709045171737671,0.05169319733977318,-0.19460654258728027,0.9859931468963623,0.14738579094409943,-0.40025320649147034,0.21544396877288818,1.1457939147949219
0.20874658226966858,-0.4991246461868286,0.952509880065918,0.07188698649406433,-0.052297402173280716,-0.6972248554229736,0.7113190293312073,0.11809688806533813,-0.3198047876358032,-0.24335609376430511,0.30537062883377075,-0.16442960500717163,0.17450952529907227,-0.14923974871635437,-0.4408455491065979,0.5958511829376221,-0.1289909929037094,-0.02004808746278286,-0.599646806716919,0.011947985738515854,-0.19963686168193817,1.1382720470428467,0.10891880095005035,-0.3853743076324463,0.23284196853637695,1.178873062133789
0.2097037136554718,-0.5006455183029175,0.951318085193634,0.060850564390420914,-0.052433256059885025,-0.6992472410202026,0.710352897644043,0.11694789677858353,-0.2982659935951233,-0.24156935513019562,0.3575984239578247,-0.18140976130962372,0.15029948949813843,-0.12402664124965668,-0.41589412093162537,0.6048028469085693,-0.14885401725769043,-0.054309356957674026,-0.6346994042396545,-0.07874102890491486,-0.2426835298538208,1.2773441076278687,0.07296168804168701,-0.3561675548553467,0.2630584239959717,1.2025644779205322
0.21073734760284424,-0.5015400648117065,0.9487040042877197,0.05278516933321953,-0.05643559619784355,-0.7005718350410461,0.7093855738639832,0.12221795320510864,-0.289311945438385,-0.2296716570854187,0.40444543957710266,-0.20517650246620178,0.1314394176006317,-0.1117066964507103,-0.3964468240737915,0.6304542422294617,-0.16902568936347961,-0.08644130080938339,-0.7212655544281006,-0.17018160223960876,-0.31629371643066406,1.3382806777954102,0.05100661888718605,-0.3447279930114746,0.29195716977119446,1.2214609384536743
0.21177704632282257,-0.501670241355896,0.9470592737197876,0.047672681510448456,-0.060052771121263504,-0.7001794576644897,0.709837794303894,0.1256570667028427,-0.2854887843132019,-0.21010065078735352,0.4290003776550293,-0.2272663712501526,0.11270385980606079,-0.10408109426498413,-0.38100889325141907,0.6497963666915894,-0.18008455634117126,-0.09346072375774384,-0.8528546690940857,-0.22961804270744324,-0.44064486026763916,1.2411600351333618,0.035486917942762375,-0.3406335711479187,0.31039339303970337,1.2193390130996704
0.2128976285457611,-0.502199113368988,0.9457179307937622,0.03952421247959137,-0.06807800382375717,-0.6950705051422119,0.7146189212799072,0.12535738945007324,-0.2833116054534912,-0.1675788313150406,0.43787845969200134,-0.2459740936756134,0.09285224229097366,-0.09870938956737518,-0.35181504487991333,0.6669066548347473,-0.1884646713733673,-0.05885780602693558,-1.0131924152374268,-0.2682517170906067,-0.49463939666748047,1.097259759902954,0.06097547709941864,-0.35064733028411865,0.2660692632198334,1.2234339714050293
0.21344825625419617,-0.503460168838501,0.9455986022949219,0.029192401096224785,-0.07419730722904205,-0.6865723133087158,0.7226762771606445,0.124642014503479,-0.2737831771373749,-0.11983431130647659,0.43476200103759766,-0.26212531328201294,0.07729536294937134,-0.08605249226093292,-0.32188284397125244,0.6745092272758484,-0.1871374249458313,-0.008288316428661346,-1.1579618453979492,-0.273081511259079,-0.4765872359275818,0.9273491501808167,0.1137496680021286,-0.3562270700931549,0.20491179823875427,1.2307560443878174
0.21370357275009155,-0.5055850744247437,0.9458800554275513,0.01921107806265354,-0.07965531945228577,-0.6757492423057556,0.7325631976127625,0.12300267815589905,-0.2635510563850403,-0.07462481409311295,0.4247902035713196,-0.2754732668399811,0.06910131871700287,-0.07264046370983124,-0.29569336771965027,0.6796156764030457,-0.17903274297714233,0.03790099546313286,-1.2797731161117554,-0.2660347819328308,-0.44981127977371216,0.7489407062530518,0.172507643699646,-0.35713517665863037,0.16277842223644257,1.2375603914260864
0.21405263245105743,-0.5086782574653625,0.946138322353363,0.011006545275449753,-0.08636686205863953,-0.661659300327301,0.7447325587272644,0.11989748477935791,-0.2586262822151184,-0.031237240880727768,0.40853798389434814,-0.2855183780193329,0.0671461746096611,-0.06508805602788925,-0.2737095355987549,0.6928243637084961,-0.16643346846103668,0.07684724777936935,-1.373140811920166,-0.2591760456562042,-0.41021978855133057,0.5859675407409668,0.22428682446479797,-0.35074809193611145,0.13690240681171417,1.2462337017059326
0.21452367305755615,-0.5111759305000305,0.9462218284606934,0.0032653368543833494,-0.09614560008049011,-0.6429157853126526,0.7598714232444763,0.11536815017461777,-0.25939881801605225,0.015510182827711105,0.38538405299186707,-0.2919618487358093,0.07541857659816742,-0.06182809919118881,-0.2534952461719513,0.7270516157150269,-0.14669649302959442,0.09998480975627899,-1.4333338737487793,-0.24320706725120544,-0.3715549409389496,0.455009400844574,0.2748027741909027,-0.3492976427078247,0.11602886766195297,1.256986379623413
0.21599197387695312,-0.51320481300354,0.9456672668457031,-0.0004690875066444278,-0.11187180876731873,-0.6157715320587158,0.7799422144889832,0.10294400155544281,-0.27754631638526917,0.06745551526546478,0.34887972474098206,-0.2900767922401428,0.10403623431921005,-0.06920669227838516,-0.23670879006385803,0.8042608499526978,-0.12575416266918182,0.10187682509422302,-1.4624577760696411,-0.20395097136497498,-0.33330249786376953,0.35044145584106445,0.3413722515106201,-0.35823488235473633,0.11292317509651184,1.268298864364624
0.2171298861503601,-0.5149720907211304,0.9452592134475708,-0.0030364308040589094,-0.13202056288719177,-0.5808437466621399,0.8032321333885193,0.08450424671173096,-0.3015097677707672,0.13052964210510254,0.29004061222076416,-0.27436763048171997,0.1533835381269455,-0.07531805336475372,-0.2287037968635559,0.9294741153717041,-0.1123405396938324,0.06435934454202652,-1.4437990188598633,-0.1467471867799759,-0.3003692030906677,0.26298585534095764,0.4161698520183563,-0.3807496130466461,0.129573255777359,1.2758365869522095
0.2164669781923294,-0.5152944922447205,0.9455467462539673,-0.006681665312498808,-0.15044406056404114,-0.5423314571380615,0.8265582323074341,0.05955096706748009,-0.3186999559402466,0.18986456096172333,0.21822498738765717,-0.24912147223949432,0.20078344643115997,-0.06870651245117188,-0.22612185776233673,1.0768344402313232,-0.11335223913192749,0.0044051893055438995,-1.3921301364898682,-0.08020934462547302,-0.26929929852485657,0.17463061213493347,0.48019641637802124,-0.4081643223762512,0.15754319727420807,1.2728328704833984
0.2132502794265747,-0.5133846402168274,0.9449158906936646,-0.011351707391440868,-0.16745837032794952,-0.5058467984199524,0.8461369872093201,0.03542888164520264,-0.33099979162216187,0.24239933490753174,0.15304654836654663,-0.22170859575271606,0.230338454246521,-0.05063962563872337,-0.2359030842781067,1.2400505542755127,-0.12715677917003632,-0.05991070345044136,-1.317030906677246,-0.006203904747962952,-0.2411561906337738,0.09552664309740067,0.5282590389251709,-0.43508103489875793,0.18677467107772827,1.2616381645202637
0.20937693119049072,-0.5102940797805786,0.943835973739624,-0.017115605995059013,-0.18143616616725922,-0.47404301166534424,0.86143559217453,0.014378294348716736,-0.3376080393791199,0.2858825922012329,0.09898490458726883,-0.19412879645824432,0.23657026886940002,-0.024420879781246185,-0.24764388799667358,1.3911726474761963,-0.14691701531410217,-0.11931835114955902,-1.2324135303497314,0.066366046667099,-0.19458872079849243,0.01915445551276207,0.5566614270210266,-0.4562256932258606,0.21576151251792908,1.2438435554504395
0.20547857880592346,-0.5060199499130249,0.9433525800704956,-0.02542133443057537,-0.19028110802173615,-0.4487272799015045,0.872806191444397,-0.004056451842188835,-0.3346845805644989,0.31666260957717896,0.05785926803946495,-0.16900750994682312,0.22943052649497986,0.009889135137200356,-0.2724388539791107,1.5215997695922852,-0.1622915267944336,-0.1563929319381714,-1.1571314334869385,0.12207785993814468,-0.1534406989812851,-0.04754259064793587,0.5709253549575806,-0.45816123485565186,0.23796555399894714,1.2348625659942627
0.2018844485282898,-0.5006315112113953,0.9429428577423096,-0.03530990332365036,-0.1967972218990326,-0.4293694496154785,0.8807189464569092,-0.019678642973303795,-0.32823485136032104,0.34134912490844727,0.027598951011896133,-0.14835220575332642,0.21392449736595154,0.04659823700785637,-0.3037005662918091,1.6350643634796143,-0.1746942698955536,-0.1811368763446808,-1.0896586179733276,0.17201992869377136,-0.11163625866174698,-0.10640425235033035,0.5811389684677124,-0.45625537633895874,0.2567461133003235,1.2291512489318848
0.19977763295173645,-0.49561807513237,0.9424786567687988,-0.045017752796411514,-0.20166446268558502,-0.4151138663291931,0.8859939575195312,-0.031756553798913956,-0.32213932275772095,0.36140111088752747,0.004689449444413185,-0.13334552943706512,0.1981530338525772,0.08194830268621445,-0.33809894323349,1.723694086074829,-0.18471285700798035,-0.20083050429821014,-1.0277150869369507,0.2106304168701172,-0.06705208867788315,-0.15912649035453796,0.5890659689903259,-0.4559587836265564,0.27360525727272034,1.2222063541412354
0.19904828071594238,-0.49096280336380005,0.9416998624801636,-0.05354632809758186,-0.2058720886707306,-0.40475866198539734,0.8893367648124695,-0.04015442728996277,-0.32006901502609253,0.37838366627693176,-0.011938348412513733,-0.12379227578639984,0.18226692080497742,0.11346697062253952,-0.3736169934272766,1.7941862344741821,-0.19231337308883667,-0.2162681519985199,-0.9702537655830383,0.24143248796463013,-0.025192314758896828,-0.20743955671787262,0.5955358743667603,-0.4598779082298279,0.2896176874637604,1.2127695083618164
0.19941136240959167,-0.4869540333747864,0.9410443305969238,-0.06080443412065506,-0.20840831100940704,-0.39747264981269836,0.891562819480896,-0.04514525830745697,-0.3196982741355896,0.39173850417137146,-0.024236299097537994,-0.11881337314844131,0.16851845383644104,0.13971266150474548,-0.4064936637878418,1.846668004989624,-0.19423751533031464,-0.23100772500038147,-0.9201489090919495,0.2677191495895386,0.009095216169953346,-0.25667619705200195,0.6010398864746094,-0.46782487630844116,0.3039684295654297,1.2006043195724487
0.2003350406885147,-0.48357707262039185,0.940697968006134,-0.06672780960798264,-0.20927374064922333,-0.3932577669620514,0.8928046822547913,-0.048410288989543915,-0.32079237699508667,0.4026516079902649,-0.03213324397802353,-0.11656955629587173,0.15629252791404724,0.16025876998901367,-0.43564969301223755,1.8823418617248535,-0.1923637092113495,-0.24489851295948029,-0.8733097314834595,0.2893766462802887,0.03572404757142067,-0.30308958888053894,0.6035745739936829,-0.4762978255748749,0.31575673818588257,1.1859664916992188
0.20161399245262146,-0.48089680075645447,0.9408158659934998,-0.07183109223842621,-0.20837536454200745,-0.3920855224132538,0.893134355545044,-0.05202323943376541,-0.3221311867237091,0.4112464487552643,-0.036439649760723114,-0.11610276252031326,0.14664936065673828,0.1772337257862091,-0.4590461552143097,1.9046744108200073,-0.18837183713912964,-0.25785917043685913,-0.8285326957702637,0.30695897340774536,0.05719105899333954,-0.34662050008773804,0.6048479676246643,-0.4834800362586975,0.3237544000148773,1.1712003946304321
0.20305286347866058,-0.4787507653236389,0.9413750767707825,-0.07633724808692932,-0.20605258643627167,-0.39346083998680115,0.8926945328712463,-0.05600716918706894,-0.32268059253692627,0.4182546138763428,-0.03771936893463135,-0.11646245419979095,0.138323575258255,0.19233661890029907,-0.47704654932022095,1.9172818660736084,-0.18342089653015137,-0.2690974473953247,-0.7843730449676514,0.320426344871521,0.07596979290246964,-0.385160893201828,0.6056100130081177,-0.4896911084651947,0.3282967805862427,1.1570079326629639
0.20481711626052856,-0.4772006869316101,0.9423342943191528,-0.08067778497934341,-0.202429860830307,-0.3975257873535156,0.8913397789001465,-0.059637196362018585,-0.32148298621177673,0.42478233575820923,-0.03705257922410965,-0.11750809848308563,0.1320679634809494,0.20660236477851868,-0.48942074179649353,1.920710802078247,-0.1777268946170807,-0.2796822190284729,-0.7413296103477478,0.32565271854400635,0.096062570810318,-0.416953444480896,0.6050127744674683,-0.49496030807495117,0.3282502591609955,1.1433982849121094
0.2067369520664215,-0.4760512113571167,0.943473219871521,-0.08467438817024231,-0.19793108105659485,-0.40370818972587585,0.8891980648040771,-0.062407173216342926,-0.3191249966621399,0.4307718276977539,-0.035208363085985184,-0.1178191602230072,0.12646837532520294,0.22059327363967896,-0.4977366030216217,1.9164149761199951,-0.17156317830085754,-0.28878533840179443,-0.6976431608200073,0.3196934461593628,0.11929391324520111,-0.43798935413360596,0.6033883094787598,-0.49827754497528076,0.32409101724624634,1.1313154697418213
0.20834732055664062,-0.4748673439025879,0.9445610046386719,-0.0889744833111763,-0.1935051530599594,-0.41150641441345215,0.8861725330352783,-0.0643230527639389,-0.31510788202285767,0.437383234500885,-0.031815171241760254,-0.11681241542100906,0.11829917132854462,0.2350172996520996,-0.49932417273521423,1.9092800617218018,-0.16440007090568542,-0.29309558868408203,-0.6559749841690063,0.30228328704833984,0.1464117467403412,-0.4514329731464386,0.5978838801383972,-0.49776867032051086,0.31519752740859985,1.1210901737213135
0.2093053162097931,-0.4739771783351898,0.945466160774231,-0.09363775700330734,-0.18984268605709076,-0.41984304785728455,0.8825664520263672,-0.06470821052789688,-0.30888622999191284,0.4453548192977905,-0.027993327006697655,-0.11583517491817474,0.11215610802173615,0.24814917147159576,-0.49441543221473694,1.8991191387176514,-0.15622536838054657,-0.29726314544677734,-0.6206929683685303,0.27130040526390076,0.17499172687530518,-0.4589872658252716,0.5918123722076416,-0.4929099977016449,0.3020574450492859,1.1157809495925903
0.21238338947296143,-0.4743466377258301,0.9437941908836365,-0.09331756830215454,-0.19305194914340973,-0.42676377296447754,0.87857586145401,-0.05945173650979996,-0.3212519586086273,0.4623667001724243,-0.024553338065743446,-0.12229546904563904,0.11626681685447693,0.2418530285358429,-0.4736401438713074,1.8896561861038208,-0.16184838116168976,-0.3093962073326111,-0.6074100732803345,0.2079315483570099,0.2204454243183136,-0.44544944167137146,0.5983196496963501,-0.512406587600708,0.27525898814201355,1.10453462600708
0.21580079197883606,-0.4760724902153015,0.9420173168182373,-0.09113806486129761,-0.1959868222475052,-0.4335239827632904,0.8748371601104736,-0.05212390050292015,-0.3346492648124695,0.477701872587204,-0.026896275579929352,-0.12985295057296753,0.1313776820898056,0.23107047379016876,-0.4573543071746826,1.8759647607803345,-0.17232203483581543,-0.32688742876052856,-0.624123215675354,0.136384978890419,0.27054673433303833,-0.42161524295806885,0.6062080264091492,-0.535240888595581,0.2409038096666336,1.087170958518982
0.21909493207931519,-0.4786953330039978,0.940376877784729,-0.08732858300209045,-0.19800619781017303,-0.4416208565235138,0.8707113265991211,-0.04504507780075073,-0.34879070520401,0.491008996963501,-0.03409608453512192,-0.13433806598186493,0.1565064787864685,0.2148166298866272,-0.44728660583496094,1.8627729415893555,-0.1848118007183075,-0.3511003851890564,-0.6792142987251282,0.07919520884752274,0.3103361129760742,-0.3792961537837982,0.614020586013794,-0.5588552951812744,0.21133585274219513,1.0661178827285767
0.22314845025539398,-0.48128074407577515,0.9391284584999084,-0.08454584330320358,-0.19866330921649933,-0.4495809078216553,0.8667536973953247,-0.03633053973317146,-0.358073353767395,0.5030393600463867,-0.044225603342056274,-0.13747721910476685,0.18682093918323517,0.1957579255104065,-0.4408782124519348,1.8433533906936646,-0.1937536895275116,-0.3691507577896118,-0.765404462814331,0.0037044398486614227,0.3561059832572937,-0.3328429162502289,0.6173708438873291,-0.5720288753509521,0.18689441680908203,1.0521928071975708
0.2272036373615265,-0.4836494028568268,0.9385147094726562,-0.08173030614852905,-0.19773462414741516,-0.45822492241859436,0.8626998662948608,-0.031358104199171066,-0.36472833156585693,0.5102524161338806,-0.056536950170993805,-0.13951310515403748,0.22037705779075623,0.1734135001897812,-0.43295133113861084,1.824364185333252,-0.19935013353824615,-0.3799090087413788,-0.8635472059249878,-0.0823691114783287,0.3881095051765442,-0.290512353181839,0.6207916736602783,-0.5739719867706299,0.17718073725700378,1.0491764545440674
0.22990913689136505,-0.48649337887763977,0.9385462999343872,-0.07792169600725174,-0.19582197070121765,-0.46835339069366455,0.8580367565155029,-0.03299172595143318,-0.3706437945365906,0.5109680891036987,-0.0673854649066925,-0.13599583506584167,0.25146484375,0.14683248102664948,-0.41535401344299316,1.8010857105255127,-0.2011062353849411,-0.3761048913002014,-0.956771731376648,-0.14369502663612366,0.3991919755935669,-0.24349991977214813,0.6194332838058472,-0.5643016695976257,0.17944122850894928,1.0450881719589233
0.23052838444709778,-0.4897603392601013,0.9390040636062622,-0.072042316198349,-0.19328390061855316,-0.4788634479045868,0.8533117771148682,-0.039453648030757904,-0.3776804804801941,0.5042593479156494,-0.07683780789375305,-0.12500187754631042,0.27849137783050537,0.1176646426320076,-0.38099491596221924,1.7495537996292114,-0.19465100765228271,-0.35055625438690186,-1.032049536705017,-0.1519690304994583,0.3679423928260803,-0.1919167935848236,0.6097717881202698,-0.5452794432640076,0.19491806626319885,1.0373880863189697
0.22879678010940552,-0.4924841523170471,0.9397655725479126,-0.06395222246646881,-0.1900816112756729,-0.4887138605117798,0.8490806221961975,-0.0495418943464756,-0.38577061891555786,0.49084198474884033,-0.08326038718223572,-0.10721182078123093,0.2918388843536377,0.08971381187438965,-0.344042032957077,1.6963471174240112,-0.18331260979175568,-0.30249130725860596,-1.0832659006118774,-0.07208766788244247,0.27996236085891724,-0.1531587541103363,0.5959157347679138,-0.5188858509063721,0.23225560784339905,1.0249496698379517
0.22546136379241943,-0.4956732392311096,0.9416005611419678,-0.050913311541080475,-0.18251842260360718,-0.49778395891189575,0.8463486433029175,-0.060439471155405045,-0.3923492431640625,0.46171003580093384,-0.08792276680469513,-0.08360796421766281,0.29625603556632996,0.06646750122308731,-0.29790306091308594,1.6159214973449707,-0.16812898218631744,-0.24443122744560242,-1.1198238134384155,0.09291628003120422,0.12398281693458557,-0.18320482969284058,0.5659389495849609,-0.4838319420814514,0.29312369227409363,1.0155093669891357
0.22033800184726715,-0.49856144189834595,0.9443567991256714,-0.03193819150328636,-0.1697285771369934,-0.5049895644187927,0.8456699848175049,-0.07029283046722412,-0.3973398208618164,0.4162735939025879,-0.0906180590391159,-0.05456692725419998,0.3042454421520233,0.036049984395504,-0.2544029951095581,1.4783129692077637,-0.1549329161643982,-0.1992189884185791,-1.121722936630249,0.3269255459308624,-0.04188556224107742,-0.29404518008232117,0.5197281837463379,-0.44700607657432556,0.3512040972709656,1.0268679857254028
0.21380150318145752,-0.5016286373138428,0.9480438232421875,-0.010258175432682037,-0.15151628851890564,-0.5105676651000977,0.846320390701294,-0.08153799176216125,-0.39625853300094604,0.3577561378479004,-0.08775646984577179,-0.029036518186330795,0.30674129724502563,0.0041719842702150345,-0.2214333415031433,1.3365765810012817,-0.14700129628181458,-0.1734645664691925,-1.0503864288330078,0.6178303360939026,-0.13206210732460022,-0.46004316210746765,0.4569161534309387,-0.41069304943084717,0.4136539101600647,1.0496554374694824
0.20754475891590118,-0.503259539604187,0.9522872567176819,0.00830796267837286,-0.12992407381534576,-0.5123383402824402,0.848858118057251,-0.09363970160484314,-0.385428786277771,0.29662802815437317,-0.0741809755563736,-0.01306922547519207,0.29967784881591797,-0.020800553262233734,-0.18891407549381256,1.1812903881072998,-0.14424847066402435,-0.15938112139701843,-0.9433895945549011,0.8992800116539001,-0.11656767129898071,-0.6308718323707581,0.38526231050491333,-0.3771844804286957,0.47588667273521423,1.0760154724121094
0.2026296705007553,-0.5050867795944214,0.955697238445282,0.02250150963664055,-0.11070573329925537,-0.5089545845985413,0.8533482551574707,-0.10904505848884583,-0.37221381068229675,0.24478530883789062,-0.05285291001200676,-0.008436732925474644,0.29256007075309753,-0.045821789652109146,-0.16333460807800293,1.037764549255371,-0.14449073374271393,-0.1407524049282074,-0.8580414056777954,1.089476227760315,-0.06503390520811081,-0.7346701622009277,0.3234075605869293,-0.3469591736793518,0.5233330726623535,1.1019209623336792
0.19736821949481964,-0.5086281895637512,0.9583966135978699,0.03229004144668579,-0.09462238848209381,-0.500268816947937,0.8600785732269287,-0.13280168175697327,-0.3570713698863983,0.2018422782421112,-0.02945617213845253,-0.010652519762516022,0.2913919985294342,-0.06778328120708466,-0.1446484625339508,0.9133422374725342,-0.1424957811832428,-0.10886792838573456,-0.8001525402069092,1.1939785480499268,-0.017803676426410675,-0.8030719757080078,0.2664344608783722,-0.315904438495636,0.5638072490692139,1.1250665187835693
0.19051194190979004,-0.5135083198547363,0.9611849188804626,0.03565516322851181,-0.0821303203701973,-0.48605573177337646,0.8693290948867798,-0.170286163687706,-0.3370766043663025,0.1607000082731247,0.0014788433909416199,-0.016524314880371094,0.2978858947753906,-0.07678303122520447,-0.12550970911979675,0.8061937689781189,-0.14209413528442383,-0.056016482412815094,-0.7706671357154846,1.2338284254074097,0.02439877949655056,-0.8691997528076172,0.21544086933135986,-0.29386380314826965,0.6041978001594543,1.137900948524475
0.18120181560516357,-0.5198866128921509,0.963732123374939,0.03250164911150932,-0.07320283353328705,-0.46935784816741943,0.8793680667877197,-0.21600458025932312,-0.30996084213256836,0.11817120760679245,0.055663127452135086,-0.03234024718403816,0.3042670786380768,-0.06917344033718109,-0.10465038567781448,0.7249611616134644,-0.14779099822044373,0.010425247251987457,-0.7571694254875183,1.2052541971206665,0.05266769602894783,-0.934403121471405,0.18747197091579437,-0.28996896743774414,0.6478271484375,1.098707914352417
0.16936832666397095,-0.5282732844352722,0.9654463529586792,0.020819447934627533,-0.06398812681436539,-0.451801598072052,0.8895770907402039,-0.2632673680782318,-0.26554685831069946,0.06634792685508728,0.1523592174053192,-0.06694028526544571,0.2977791428565979,-0.03807162865996361,-0.09086467325687408,0.6729826927185059,-0.15831708908081055,0.08218039572238922,-0.7101714611053467,1.1250455379486084,0.07448464632034302,-0.9543167948722839,0.20985692739486694,-0.31458091735839844,0.6902508735656738,0.9799014925956726
0.15502150356769562,-0.5371349453926086,0.9654580354690552,0.001591897220350802,-0.05312418192625046,-0.4289376139640808,0.90176922082901,-0.3067350387573242,-0.20228633284568787,0.016122331842780113,0.2610768675804138,-0.11151108890771866,0.27908411622047424,0.014928074553608894,-0.08944988250732422,0.6429427266120911,-0.17726697027683258,0.14306886494159698,-0.6456354260444641,0.999683678150177,0.06308029592037201,-0.9556231498718262,0.2581520676612854,-0.39466559886932373,0.7486894726753235,0.7838033437728882
0.13924561440944672,-0.5471848249435425,0.9633185267448425,-0.022427698597311974,-0.044771406799554825,-0.3995080888271332,0.9153609871864319,-0.347062349319458,-0.1309502124786377,-0.01805771514773369,0.35705557465553284,-0.14920465648174286,0.25005266070365906,0.08312715590000153,-0.08678214251995087,0.6201685667037964,-0.19835242629051208,0.18953131139278412,-0.5405962467193604,0.8436417579650879,0.04347368702292442,-0.9191141128540039,0.31523412466049194,-0.5366694331169128,0.7633665800094604,0.5098791122436523
0.1228826642036438,-0.5602908730506897,0.9606361389160156,-0.046064622700214386,-0.040766604244709015,-0.36970773339271545,0.9271096587181091,-0.37572863698005676,-0.06417542695999146,-0.028305232524871826,0.4178279638290405,-0.1666334867477417,0.21454289555549622,0.15129174292087555,-0.0711517408490181,0.5891715288162231,-0.20711706578731537,0.23817965388298035,-0.4102794826030731,0.6984409689903259,0.035438086837530136,-0.8326159715652466,0.33284232020378113,-0.6850206851959229,0.7409203052520752,0.26251161098480225
0.10853652656078339,-0.5741309523582458,0.9580410718917847,-0.06409742683172226,-0.038639672100543976,-0.3474687337875366,0.9346999526023865,-0.3927581310272217,-0.012363923713564873,-0.030205663293600082,0.45516541600227356,-0.1689545065164566,0.17624954879283905,0.2045101672410965,-0.04989975690841675,0.5573374032974243,-0.20746839046478271,0.2829064130783081,-0.29369404911994934,0.5927013158798218,0.034215692430734634,-0.6674408912658691,0.25957170128822327,-0.8043262958526611,0.6898813247680664,0.13931351900100708
0.09573234617710114,-0.5872515439987183,0.9542738199234009,-0.07931603491306305,-0.035711511969566345,-0.3349951505661011,0.938196063041687,-0.40399646759033203,0.0357949398458004,-0.0357939675450325,0.4936780333518982,-0.17906218767166138,0.1450447142124176,0.25031548738479614,-0.04038959741592407,0.5360069870948792,-0.20203815400600433,0.31737446784973145,-0.2380448281764984,0.5237421989440918,0.018071208149194717,-0.38797059655189514,0.1021953672170639,-0.8532281517982483,0.6932154893875122,0.08940098434686661
0.08352920413017273,-0.5992782711982727,0.9487230181694031,-0.09648735076189041,-0.03371993824839592,-0.33356454968452454,0.937170147895813,-0.4109550714492798,0.08466851711273193,-0.03193732351064682,0.5367262959480286,-0.1890592873096466,0.12144675105810165,0.3004050850868225,-0.02888689935207367,0.5147771239280701,-0.19008783996105194,0.3314703702926636,-0.20388373732566833,0.49150025844573975,-0.021260086447000504,-0.09506772458553314,-0.1451665461063385,-0.8172343373298645,0.7367154359817505,0.1210232526063919
0.0726507306098938,-0.6104593276977539,0.9424923062324524,-0.11008348315954208,-0.03361037001013756,-0.344740629196167,0.9316146373748779,-0.40954652428627014,0.12470369786024094,-0.01804947666823864,0.5697967410087585,-0.19964715838432312,0.10384270548820496,0.3422119617462158,-0.01347239688038826,0.49346745014190674,-0.17590244114398956,0.3035886883735657,-0.1426197737455368,0.4862821698188782,-0.049696244299411774,0.1327601969242096,-0.4260414242744446,-0.6587070822715759,0.7618482112884521,0.19081763923168182
0.06485804170370102,-0.6193850040435791,0.9358192682266235,-0.1178053542971611,-0.03319025784730911,-0.3659761846065521,0.9225409626960754,-0.4025112986564636,0.1511322557926178,-0.007368464022874832,0.6006482839584351,-0.20986156165599823,0.0883842185139656,0.3680569529533386,-0.0013500065542757511,0.4748028814792633,-0.1629437506198883,0.25285980105400085,-0.050227876752614975,0.48161768913269043,-0.07396088540554047,0.3082219362258911,-0.6669620275497437,-0.4575433135032654,0.7128298878669739,0.24500998854637146
0.0594206303358078,-0.6253997087478638,0.9296430945396423,-0.12165788561105728,-0.031306613236665726,-0.39441564679145813,0.9103052020072937,-0.38871443271636963,0.16830655932426453,-0.0015221226494759321,0.6307976245880127,-0.22521597146987915,0.07432381063699722,0.38191643357276917,0.0007258554687723517,0.4640147089958191,-0.15289762616157532,0.18602952361106873,0.05843428894877434,0.4687623977661133,-0.10246510058641434,0.4775124192237854,-0.8465791344642639,-0.27506887912750244,0.6089438796043396,0.240302175283432
0.056330908089876175,-0.6270685195922852,0.9299157857894897,-0.12680891156196594,-0.02674126625061035,-0.42914676666259766,0.8938889503479004,-0.36983001232147217,0.18445652723312378,0.005166672170162201,0.6625512838363647,-0.24703297019004822,0.06149015575647354,0.39559903740882874,-0.004520923364907503,0.4568546414375305,-0.14300929009914398,0.11813710629940033,0.16781170666217804,0.44627830386161804,-0.12975847721099854,0.6651105284690857,-0.9586150050163269,-0.15044644474983215,0.5013149976730347,0.16795946657657623
0.05730712413787842,-0.6238819360733032,0.9282485246658325,-0.13226139545440674,-0.020357472822070122,-0.46744778752326965,0.8738335371017456,-0.33622920513153076,0.19183826446533203,0.003813175018876791,0.7101041674613953,-0.27617424726486206,0.054522447288036346,0.4055902361869812,-0.027314087375998497,0.47177654504776,-0.14044404029846191,0.05306237190961838,0.2547595500946045,0.41624248027801514,-0.18615035712718964,0.8242909908294678,-0.9557141065597534,-0.15158413350582123,0.3781243562698364,0.03541701287031174
0.06266969442367554,-0.6188840866088867,0.9274532794952393,-0.13370725512504578,-0.011321324855089188,-0.5053393840789795,0.8524237871170044,-0.2827160060405731,0.18440110981464386,-0.009137725457549095,0.7413407564163208,-0.30543673038482666,0.0576329231262207,0.4067132771015167,-0.061297457665205,0.4870504140853882,-0.14133340120315552,-0.02077905461192131,0.33028221130371094,0.3850306272506714,-0.2702324092388153,0.9604417085647583,-0.8547267913818359,-0.2898978590965271,0.21172530949115753,-0.10435497760772705
0.07043816894292831,-0.6129174828529358,0.9281233549118042,-0.13016141951084137,-0.0046544866636395454,-0.5425323247909546,0.8298765420913696,-0.21654297411441803,0.16069801151752472,-0.01151503436267376,0.7380963563919067,-0.32844972610473633,0.0647779032588005,0.3957245945930481,-0.09272106736898422,0.4971189796924591,-0.13729463517665863,-0.10821370780467987,0.40294474363327026,0.3466537892818451,-0.3735871911048889,1.0471312999725342,-0.714337944984436,-0.5038631558418274,0.02296527475118637,-0.21926844120025635
0.07854675501585007,-0.6061756610870361,0.9293271899223328,-0.12840546667575836,0.0030877473764121532,-0.5765700936317444,0.8068886995315552,-0.15404218435287476,0.1412355601787567,-0.012388468720018864,0.71778804063797,-0.34447968006134033,0.061159733682870865,0.39419931173324585,-0.1080845296382904,0.4898560643196106,-0.12458665668964386,-0.19061726331710815,0.4655383229255676,0.3159242868423462,-0.47794631123542786,1.0860995054244995,-0.6157044768333435,-0.6846436262130737,-0.13130883872509003,-0.32184863090515137
0.08555296063423157,-0.5998477935791016,0.9302074313163757,-0.12890978157520294,0.010478285141289234,-0.6042576432228088,0.7862220406532288,-0.10132842510938644,0.12636013329029083,-0.011768948286771774,0.693711519241333,-0.3529045879840851,0.048428960144519806,0.40029895305633545,-0.11062227189540863,0.47525572776794434,-0.10595192760229111,-0.25602293014526367,0.5030418634414673,0.30200430750846863,-0.5687748789787292,1.0905053615570068,-0.5542750954627991,-0.8017549514770508,-0.2422918975353241,-0.4201814532279968
0.09121939539909363,-0.5951794981956482,0.933377742767334,-0.13033604621887207,0.017188219353556633,-0.6253736019134521,0.7691715955734253,-0.06663912534713745,0.11513125896453857,-0.011168171651661396,0.6727219820022583,-0.35333186388015747,0.03167051076889038,0.40932711958885193,-0.10382592678070068,0.4563252329826355,-0.08611230552196503,-0.2984727919101715,0.5252777338027954,0.29763782024383545,-0.632053554058075,1.0905241966247559,-0.5140995979309082,-0.8651773929595947,-0.3146902322769165,-0.5085643529891968
0.0950913354754448,-0.591582179069519,0.9367574453353882,-0.13133090734481812,0.02196277305483818,-0.6402787566184998,0.7565136551856995,-0.04870880767703056,0.10616880655288696,-0.012203255668282509,0.6578332185745239,-0.3479551374912262,0.014453999698162079,0.41653186082839966,-0.09142649173736572,0.4383563995361328,-0.06990452110767365,-0.31829893589019775,0.5400921106338501,0.2984422743320465,-0.6666965484619141,1.091549038887024,-0.47974181175231934,-0.8953461647033691,-0.3621792197227478,-0.585036039352417
0.09681759029626846,-0.5888813734054565,0.939649224281311,-0.13095007836818695,0.02533666603267193,-0.6507823467254639,0.7474573850631714,-0.04490809515118599,0.10136209428310394,-0.01655822992324829,0.6456679701805115,-0.3389888107776642,0.000819990411400795,0.4212453365325928,-0.07855604588985443,0.4227842390537262,-0.05776955932378769,-0.32317522168159485,0.5462043881416321,0.3019615709781647,-0.6859967708587646,1.0884852409362793,-0.4521746039390564,-0.9081331491470337,-0.3920277953147888,-0.6515341401100159
0.09668430685997009,-0.5866708755493164,0.9415715932846069,-0.12998731434345245,0.027688058093190193,-0.6579374074935913,0.7412523627281189,-0.05160456523299217,0.10151711106300354,-0.02391352877020836,0.6397920846939087,-0.32855528593063354,-0.006825968157500029,0.42430946230888367,-0.07040469348430634,0.41277754306793213,-0.05103570967912674,-0.3203682005405426,0.5475723147392273,0.304548978805542,-0.6944144368171692,1.0891081094741821,-0.4271180033683777,-0.9132876396179199,-0.409148633480072,-0.7052233219146729
0.09456507116556168,-0.5850897431373596,0.9424026012420654,-0.12879009544849396,0.029781842604279518,-0.663581371307373,0.7363327741622925,-0.06260161846876144,0.10774186253547668,-0.032101407647132874,0.6393285989761353,-0.3176690340042114,-0.00963896606117487,0.42629969120025635,-0.06582596898078918,0.4041290283203125,-0.047875188291072845,-0.3144879639148712,0.5485594272613525,0.3060535192489624,-0.6929870843887329,1.0971333980560303,-0.4047379493713379,-0.9135242700576782,-0.41822704672813416,-0.7429102063179016
0.09122462570667267,-0.5842063426971436,0.9418817758560181,-0.12756145000457764,0.0311671681702137,-0.6682692766189575,0.7322383522987366,-0.07386163622140884,0.11828237771987915,-0.041133712977170944,0.645440399646759,-0.307153582572937,-0.009297434240579605,0.42662227153778076,-0.06284105777740479,0.3976009488105774,-0.0482274629175663,-0.3069661259651184,0.5488240122795105,0.30490320920944214,-0.683991551399231,1.113503098487854,-0.3872135877609253,-0.9129847288131714,-0.4238938093185425,-0.7643553614616394
0.08708235621452332,-0.5836941599845886,0.9412725567817688,-0.1250387281179428,0.03159364312887192,-0.6715702414512634,0.7296304106712341,-0.08506329357624054,0.12916672229766846,-0.04716397821903229,0.6475303769111633,-0.29650670289993286,-0.0031568557024002075,0.422616183757782,-0.06224798038601875,0.389620304107666,-0.04876979812979698,-0.29992133378982544,0.5479404926300049,0.30014532804489136,-0.6678844690322876,1.131382703781128,-0.37521374225616455,-0.9259687066078186,-0.4296606779098511,-0.765056848526001
0.0827641412615776,-0.5832961201667786,0.9400132894515991,-0.12190879136323929,0.032284922897815704,-0.6734037399291992,0.7284389138221741,-0.09521575272083282,0.1421484649181366,-0.05641894042491913,0.6527103185653687,-0.29396259784698486,0.0060576628893613815,0.4179081916809082,-0.06920921057462692,0.3904021382331848,-0.05518951639533043,-0.2826958894729614,0.5477516055107117,0.30265381932258606,-0.6572325825691223,1.1407239437103271,-0.37217193841934204,-0.9688194990158081,-0.43388938903808594,-0.7359470129013062
0.07879146933555603,-0.5821805000305176,0.9399216175079346,-0.11755543947219849,0.03251418098807335,-0.6744469404220581,0.7281791567802429,-0.10268684476613998,0.1539318859577179,-0.06337281316518784,0.647086501121521,-0.29438403248786926,0.019784266129136086,0.4090040326118469,-0.07926434278488159,0.3884773850440979,-0.05871730297803879,-0.26557812094688416,0.542587399482727,0.30412375926971436,-0.6428083181381226,1.1438552141189575,-0.3820692300796509,-1.0350342988967896,-0.4407404065132141,-0.6839523315429688
0.07533705234527588,-0.5800105333328247,0.9427068829536438,-0.11111539602279663,0.032004836946725845,-0.6745570302009583,0.7291104197502136,-0.10349054634571075,0.16009165346622467,-0.06497357040643692,0.6192129850387573,-0.2895407974720001,0.03824780881404877,0.39286482334136963,-0.0848681777715683,0.3676551282405853,-0.05009319633245468,-0.2479020357131958,0.5328891277313232,0.2955164909362793,-0.620347261428833,1.1538654565811157,-0.4164256453514099,-1.1279711723327637,-0.4466462731361389,-0.6059637069702148
0.07219281792640686,-0.5766540765762329,0.9457639455795288,-0.10639093071222305,0.03070266731083393,-0.6728567481040955,0.7314384579658508,-0.10304240882396698,0.1646876335144043,-0.06513617187738419,0.5894401669502258,-0.28748130798339844,0.05755610764026642,0.37559202313423157,-0.0862680971622467,0.3433883786201477,-0.0418454073369503,-0.2207690328359604,0.5118775963783264,0.2913312613964081,-0.594311535358429,1.161616325378418,-0.4680204689502716,-1.2356065511703491,-0.44451239705085754,-0.5143430233001709
0.06981635838747025,-0.5725425481796265,0.9496084451675415,-0.10233394801616669,0.02901547960937023,-0.6694278120994568,0.735222578048706,-0.10238330066204071,0.16514813899993896,-0.06266915053129196,0.5543026924133301,-0.28320372104644775,0.07802324742078781,0.35536497831344604,-0.08388544619083405,0.3162152171134949,-0.03323211893439293,-0.18355605006217957,0.48275548219680786,0.28948378562927246,-0.5593677759170532,1.1694562435150146,-0.5298168063163757,-1.3462607860565186,-0.43509870767593384,-0.41439148783683777
0.0677812248468399,-0.5685714483261108,0.9528474807739258,-0.09968997538089752,0.026835432276129723,-0.6648143529891968,0.7398403286933899,-0.10010719299316406,0.16329368948936462,-0.06068270653486252,0.5249375700950623,-0.2826766073703766,0.095638707280159,0.3348402678966522,-0.08018022775650024,0.29588472843170166,-0.028812848031520844,-0.140130415558815,0.4562658667564392,0.2914276719093323,-0.521794855594635,1.1806306838989258,-0.5857579708099365,-1.4500375986099243,-0.42042267322540283,-0.3367531895637512
0.06661608070135117,-0.5647103786468506,0.9554932117462158,-0.09841309487819672,0.024520309641957283,-0.6601285338401794,0.7442740797996521,-0.09518086910247803,0.16007180511951447,-0.059617869555950165,0.5021947622299194,-0.28238654136657715,0.11002787947654724,0.3158327639102936,-0.07476037740707397,0.2807694673538208,-0.025362394750118256,-0.10029835999011993,0.42379409074783325,0.2949807345867157,-0.47986698150634766,1.19148850440979,-0.6363093852996826,-1.5355850458145142,-0.4050191640853882,-0.2895190119743347
0.06574128568172455,-0.562043309211731,0.9572556614875793,-0.0985167846083641,0.02118210308253765,-0.6551014184951782,0.748790979385376,-0.08794604241847992,0.15552347898483276,-0.0568629652261734,0.4865555763244629,-0.2835915684700012,0.11915932595729828,0.2993261218070984,-0.0656360313296318,0.2727932035923004,-0.024488192051649094,-0.06978566199541092,0.38423028588294983,0.303036630153656,-0.438715398311615,1.1975077390670776,-0.6777421832084656,-1.599753975868225,-0.3902810215950012,-0.2725926339626312
0.06527116149663925,-0.5603083968162537,0.9580675363540649,-0.09917416423559189,0.016249321401119232,-0.6494508981704712,0.7537333369255066,-0.07602719962596893,0.14890214800834656,-0.0542779341340065,0.4785361886024475,-0.28631359338760376,0.12610161304473877,0.28258877992630005,-0.05644838511943817,0.2741200923919678,-0.025099514052271843,-0.05371343344449997,0.3434659242630005,0.3093165457248688,-0.39679720997810364,1.20258629322052,-0.7060720324516296,-1.6434013843536377,-0.3755677342414856,-0.2702829837799072
0.0654464140534401,-0.5588984489440918,0.9584614038467407,-0.09933111816644669,0.009956463240087032,-0.6434443593025208,0.7589555382728577,-0.05881747603416443,0.1391182392835617,-0.0528658851981163,0.4739699959754944,-0.288856565952301,0.1323440819978714,0.2626623213291168,-0.049541447311639786,0.2817293703556061,-0.027315961197018623,-0.05517256259918213,0.30200818181037903,0.31189781427383423,-0.354959636926651,1.2060761451721191,-0.725701093673706,-1.6707837581634521,-0.3662525713443756,-0.2750353515148163
0.06630060076713562,-0.5582247376441956,0.9585950970649719,-0.09849956631660461,0.003093027276918292,-0.6377830505371094,0.7638855576515198,-0.036162685602903366,0.12650924921035767,-0.05220755189657211,0.47157877683639526,-0.291326105594635,0.1391327977180481,0.23850136995315552,-0.04685506224632263,0.29369938373565674,-0.029086092486977577,-0.07478155195713043,0.2630634903907776,0.31143948435783386,-0.3165056109428406,1.2104182243347168,-0.7359751462936401,-1.6795142889022827,-0.36194905638694763,-0.2856355309486389
0.06825615465641022,-0.5581335425376892,0.95866858959198,-0.09631286561489105,-0.003160136053338647,-0.634253978729248,0.7670956254005432,-0.009476100094616413,0.11139433085918427,-0.052940063178539276,0.4705318510532379,-0.29481759667396545,0.1481182873249054,0.20977431535720825,-0.049900688230991364,0.3060312867164612,-0.02845960110425949,-0.1123591810464859,0.23574404418468475,0.30470308661460876,-0.2842307984828949,1.2238306999206543,-0.7359039783477783,-1.6635695695877075,-0.36203858256340027,-0.3047930598258972
0.07218720018863678,-0.5583297610282898,0.9588207602500916,-0.09331712871789932,-0.008040999062359333,-0.6340616941452026,0.7675891518592834,0.020729847252368927,0.09572896361351013,-0.05468049272894859,0.46976590156555176,-0.3002524971961975,0.15925806760787964,0.17926891148090363,-0.057432033121585846,0.31530553102493286,-0.024696476757526398,-0.16651149094104767,0.21108925342559814,0.2895877957344055,-0.2565654516220093,1.240513563156128,-0.7257295846939087,-1.6130058765411377,-0.36545810103416443,-0.34357109665870667
0.07761804014444351,-0.5583367943763733,0.9582325220108032,-0.08943783491849899,-0.011069554835557938,-0.6371800899505615,0.7654279470443726,0.05621223524212837,0.08041304349899292,-0.06510381400585175,0.4792168438434601,-0.31128114461898804,0.16557016968727112,0.1495857536792755,-0.07424692064523697,0.3320949673652649,-0.026683051139116287,-0.23027099668979645,0.1777862012386322,0.26048845052719116,-0.23487147688865662,1.2647045850753784,-0.7168335914611816,-1.4920263290405273,-0.3584638237953186,-0.41642338037490845
0.08306999504566193,-0.5584772825241089,0.9561550617218018,-0.08553968369960785,-0.013772852718830109,-0.6444617509841919,0.7597120404243469,0.09497535228729248,0.06646326929330826,-0.08079113066196442,0.5012153387069702,-0.32470178604125977,0.15663357079029083,0.12478739023208618,-0.09882946312427521,0.3754638731479645,-0.041124291718006134,-0.2899569869041443,0.1277245283126831,0.22377818822860718,-0.21166878938674927,1.305093765258789,-0.7079182863235474,-1.2844834327697754,-0.3134848475456238,-0.5018807649612427
0.0895375907421112,-0.5579702258110046,0.9534772634506226,-0.08132180571556091,-0.01882237009704113,-0.6580667495727539,0.7483184933662415,0.13554032146930695,0.04801100119948387,-0.09083311259746552,0.5218420028686523,-0.33580124378204346,0.13008077442646027,0.09943503141403198,-0.11929625272750854,0.4369380474090576,-0.0647835060954094,-0.34348195791244507,0.06363388150930405,0.17944559454917908,-0.18057923018932343,1.3327347040176392,-0.6514273881912231,-1.0449621677398682,-0.2666184902191162,-0.5453352928161621
0.09725068509578705,-0.5561923384666443,0.9512513875961304,-0.07791737467050552,-0.026531264185905457,-0.6777093410491943,0.7307085394859314,0.1703491508960724,0.024911586195230484,-0.08810919523239136,0.5308429002761841,-0.342975914478302,0.08621694147586823,0.07573792338371277,-0.1291564404964447,0.4973033666610718,-0.08926185965538025,-0.3686741590499878,-0.03226282075047493,0.15109694004058838,-0.14128871262073517,1.3070709705352783,-0.5292823910713196,-0.8298026919364929,-0.21387410163879395,-0.5293995141983032
0.10608722269535065,-0.5540903806686401,0.9510270953178406,-0.07501941919326782,-0.03366141766309738,-0.7017983198165894,0.7076144218444824,0.1959119588136673,0.0008270004764199257,-0.07506851106882095,0.5192990899085999,-0.34055066108703613,0.03430524468421936,0.05787990242242813,-0.1318545788526535,0.5405390858650208,-0.10542324185371399,-0.3489173948764801,-0.16609972715377808,0.11151094734668732,-0.14923739433288574,1.2193893194198608,-0.37742626667022705,-0.674117922782898,-0.10452501475811005,-0.43594905734062195
0.11543506383895874,-0.5517162084579468,0.9512244462966919,-0.07295308262109756,-0.040601979941129684,-0.7263535261154175,0.6822314858436584,0.2088821679353714,-0.0241694338619709,-0.053466156125068665,0.500439465045929,-0.3334707021713257,-0.00989055447280407,0.0448024719953537,-0.12934614717960358,0.5638206601142883,-0.11313042044639587,-0.29551517963409424,-0.3204246461391449,0.06699834764003754,-0.19371077418327332,1.0400725603103638,-0.2077532261610031,-0.5817825794219971,0.023456841707229614,-0.2782476246356964
0.12219531834125519,-0.5508943796157837,0.9508322477340698,-0.07292930036783218,-0.04520829766988754,-0.749617874622345,0.6562854647636414,0.20591498911380768,-0.04217088222503662,-0.03838296979665756,0.4902459383010864,-0.31962400674819946,-0.03838124871253967,0.0435587540268898,-0.12273649871349335,0.5793154239654541,-0.12708434462547302,-0.24183420836925507,-0.46113234758377075,0.06632017344236374,-0.1807156801223755,0.7946058511734009,-0.04156723618507385,-0.5325201749801636,0.09310446679592133,-0.1601262092590332
0.12611380219459534,-0.549528181552887,0.9509339928627014,-0.07370132207870483,-0.04582151025533676,-0.7700600028038025,0.6320411562919617,0.18807363510131836,-0.053468361496925354,-0.036363568156957626,0.4848634600639343,-0.29559189081192017,-0.05556608736515045,0.05493241176009178,-0.11694619059562683,0.5843560099601746,-0.14043132960796356,-0.17949646711349487,-0.5842385292053223,0.04917038977146149,-0.14018303155899048,0.5282927751541138,0.07769536226987839,-0.4876807928085327,0.13735529780387878,-0.06936401128768921
0.12746839225292206,-0.5463847517967224,0.9520025253295898,-0.07502871751785278,-0.043814484030008316,-0.7883303761482239,0.6090863347053528,0.16443242132663727,-0.05662379413843155,-0.039291538298130035,0.47497493028640747,-0.2663078308105469,-0.061700016260147095,0.07437514513731003,-0.10926739871501923,0.5712711811065674,-0.14573664963245392,-0.13600534200668335,-0.6717408895492554,0.03739431872963905,-0.12362157553434372,0.30168959498405457,0.15250569581985474,-0.44940248131752014,0.16699668765068054,-0.004496719688177109
0.12748906016349792,-0.5425466895103455,0.9538677930831909,-0.07751275599002838,-0.03920731320977211,-0.8042916059494019,0.5878516435623169,0.137581929564476,-0.04847850650548935,-0.04392700642347336,0.460152268409729,-0.23562675714492798,-0.06042136996984482,0.1008586436510086,-0.09751188009977341,0.5433030128479004,-0.139033243060112,-0.11020690947771072,-0.7135380506515503,0.036005765199661255,-0.12126772850751877,0.1391715556383133,0.19412219524383545,-0.40835124254226685,0.18065869808197021,0.039531271904706955
0.12715564668178558,-0.538191556930542,0.95587158203125,-0.07989248633384705,-0.03450224921107292,-0.8168038129806519,0.5703142881393433,0.11228754371404648,-0.0363244004547596,-0.04682309180498123,0.4411843419075012,-0.21072304248809814,-0.05676216632127762,0.12630626559257507,-0.08651657402515411,0.5132543444633484,-0.12711524963378906,-0.09723060578107834,-0.7262697219848633,0.035174451768398285,-0.1348564326763153,0.03541339933872223,0.20607832074165344,-0.373089075088501,0.19326943159103394,0.060262300074100494
0.1263822615146637,-0.5334903001785278,0.9577914476394653,-0.08165843784809113,-0.030483428388834,-0.8252193927764893,0.5580462217330933,0.09194299578666687,-0.024405507370829582,-0.04649956151843071,0.42001646757125854,-0.1928568184375763,-0.05330205708742142,0.14812850952148438,-0.07722344994544983,0.4837784767150879,-0.11417368799448013,-0.09136805683374405,-0.732354998588562,0.035906482487916946,-0.16312438249588013,-0.023927627131342888,0.1896989345550537,-0.345012366771698,0.21116873621940613,0.04844965785741806
0.12521782517433167,-0.5299421548843384,0.9591561555862427,-0.08311907947063446,-0.027639171108603477,-0.8299494981765747,0.5509185194969177,0.07527916133403778,-0.013854097574949265,-0.044827088713645935,0.40200090408325195,-0.17790484428405762,-0.05175944045186043,0.16510747373104095,-0.06782404333353043,0.45780250430107117,-0.10322343558073044,-0.08463067561388016,-0.7418369650840759,0.03783471882343292,-0.18962439894676208,-0.05129823461174965,0.1546216905117035,-0.31829845905303955,0.2273920476436615,0.021949898451566696
0.12370027601718903,-0.5263333916664124,0.95995032787323,-0.08508363366127014,-0.025603128597140312,-0.8315930962562561,0.5482319593429565,0.0657118409872055,-0.0030184313654899597,-0.042062632739543915,0.3895651698112488,-0.16570863127708435,-0.048177074640989304,0.17949450016021729,-0.058783963322639465,0.43505197763442993,-0.09439603239297867,-0.08625681698322296,-0.7497711181640625,0.038742706179618835,-0.20670881867408752,-0.05988786742091179,0.11334128677845001,-0.29197221994400024,0.2266685515642166,-0.017543837428092957
0.12130450457334518,-0.5248265266418457,0.9600452780723572,-0.08699321001768112,-0.02444617636501789,-0.8304199576377869,0.549761176109314,0.06028391793370247,0.006182004697620869,-0.039081472903490067,0.3862529993057251,-0.15898630023002625,-0.04178568720817566,0.19121743738651276,-0.05054820701479912,0.4183688759803772,-0.09057917445898056,-0.09577451646327972,-0.7614375352859497,0.029635552316904068,-0.22056351602077484,-0.05138980224728584,0.06686022132635117,-0.264469176530838,0.21363160014152527,-0.061463337391614914
0.11843433976173401,-0.5257313251495361,0.9571501016616821,-0.08714305609464645,-0.02808460220694542,-0.8256018161773682,0.5567755103111267,0.05487695336341858,0.0021864839363843203,-0.045355312526226044,0.41417625546455383,-0.1663159728050232,-0.03294263780117035,0.19012880325317383,-0.055630676448345184,0.4398655295372009,-0.1090540960431099,-0.11169210821390152,-0.7808763980865479,0.008889495395123959,-0.20416010916233063,0.018343579024076462,0.004069659858942032,-0.24324655532836914,0.15746887028217316,-0.1255864053964615
0.11486542224884033,-0.5281287431716919,0.9527426958084106,-0.08756102621555328,-0.031854670494794846,-0.8216004967689514,0.5623975396156311,0.046888649463653564,-0.0031701759435236454,-0.056694962084293365,0.457139253616333,-0.17787781357765198,-0.021478494629263878,0.18875102698802948,-0.06178419291973114,0.4681655168533325,-0.12912926077842712,-0.11947613954544067,-0.8092137575149536,-0.025502022355794907,-0.1869410127401352,0.08807004243135452,-0.067024365067482,-0.2132318913936615,0.10747203975915909,-0.18083339929580688
0.11191269755363464,-0.5330227613449097,0.9460063576698303,-0.08877350389957428,-0.035559412091970444,-0.8209049701690674,0.5630006790161133,0.03269021213054657,-0.01115705817937851,-0.07328014075756073,0.5191448330879211,-0.19901669025421143,-0.00788198597729206,0.18530331552028656,-0.06797058880329132,0.5047845244407654,-0.15422922372817993,-0.1173446923494339,-0.853287935256958,-0.06167854368686676,-0.1821238100528717,0.1562400907278061,-0.13610143959522247,-0.1965317279100418,0.07712961733341217,-0.21421122550964355
0.11008882522583008,-0.5397210121154785,0.9378640651702881,-0.09160458296537399,-0.038385409861803055,-0.8252051472663879,0.556032121181488,0.011007570661604404,-0.020186644047498703,-0.09497466683387756,0.5937798023223877,-0.23058143258094788,0.006114479620009661,0.18018969893455505,-0.07797039300203323,0.5533969402313232,-0.18222802877426147,-0.10520768910646439,-0.90259850025177,-0.10293373465538025,-0.17928722500801086,0.22050195932388306,-0.19811150431632996,-0.189550518989563,0.06271503120660782,-0.2287735939025879
0.10995931178331375,-0.5454464554786682,0.9303158521652222,-0.09629498422145844,-0.039986129850149155,-0.833310067653656,0.5428837537765503,-0.013230156153440475,-0.02861839346587658,-0.12022355198860168,0.6716331243515015,-0.2713283896446228,0.017751354724168777,0.1749885380268097,-0.09467864036560059,0.6128377318382263,-0.2122495174407959,-0.08476294577121735,-0.951537013053894,-0.14458158612251282,-0.1728876680135727,0.26797765493392944,-0.25126999616622925,-0.1858311891555786,0.0557451955974102,-0.23522159457206726
0.11138308048248291,-0.5499188303947449,0.9213391542434692,-0.10172805935144424,-0.040687382221221924,-0.8432536721229553,0.5262311697006226,-0.035987500101327896,-0.036764390766620636,-0.1463318020105362,0.7455988526344299,-0.313692569732666,0.030224211513996124,0.1691017746925354,-0.11649030447006226,0.6761356592178345,-0.2428075671195984,-0.06104564294219017,-0.9974984526634216,-0.17702098190784454,-0.1622297167778015,0.30542701482772827,-0.29590946435928345,-0.1893153190612793,0.04870999604463577,-0.2423866093158722
0.11337927728891373,-0.5531783699989319,0.9119424819946289,-0.10663741081953049,-0.04090450331568718,-0.8521242141723633,0.5107246041297913,-0.052518315613269806,-0.04440319538116455,-0.17091956734657288,0.8096379041671753,-0.35499221086502075,0.0426517054438591,0.16463345289230347,-0.14153897762298584,0.7372682094573975,-0.2712680697441101,-0.03550704941153526,-1.0429342985153198,-0.2016279250383377,-0.15215009450912476,0.33489739894866943,-0.33462411165237427,-0.20019614696502686,0.038210075348615646,-0.25485527515411377
0.11551879346370697,-0.5551739931106567,0.9044123888015747,-0.11091118305921555,-0.03954979032278061,-0.8592033386230469,0.49789974093437195,-0.06552030146121979,-0.04861845076084137,-0.19037044048309326,0.8549933433532715,-0.38779979944229126,0.053880494087934494,0.16487646102905273,-0.16313795745372772,0.7815322875976562,-0.2919347882270813,-0.010599986650049686,-1.0811173915863037,-0.21776238083839417,-0.14708848297595978,0.35980188846588135,-0.37061402201652527,-0.21210014820098877,0.02535615861415863,-0.2710227370262146
0.11722314357757568,-0.5567360520362854,0.8985295295715332,-0.11429347842931747,-0.03743671998381615,-0.8644652962684631,0.48809346556663513,-0.07508350908756256,-0.051393307745456696,-0.20473827421665192,0.887000560760498,-0.4150577187538147,0.06278526782989502,0.16771438717842102,-0.1810806691646576,0.8137809038162231,-0.3075242340564728,0.015094559639692307,-1.118699073791504,-0.23168282210826874,-0.14554141461849213,0.37909752130508423,-0.40610307455062866,-0.22753708064556122,0.01405305229127407,-0.2870906591415405
0.1187613308429718,-0.5582432746887207,0.8925562500953674,-0.11712442338466644,-0.036849383264780045,-0.8681821823120117,0.4808157980442047,-0.08103478699922562,-0.058109886944293976,-0.21737802028656006,0.9168637990951538,-0.44273266196250916,0.07184480875730515,0.1677868515253067,-0.19809536635875702,0.8463674187660217,-0.3247867226600647,0.04190635308623314,-1.1648235321044922,-0.2464061975479126,-0.1414046585559845,0.4047558307647705,-0.4364302158355713,-0.2609047591686249,0.0029050596058368683,-0.2976970672607422
0.12017247825860977,-0.5594388246536255,0.8877699375152588,-0.11875690519809723,-0.03638981282711029,-0.8706767559051514,0.47591447830200195,-0.0862194374203682,-0.06543970108032227,-0.22795918583869934,0.9371321201324463,-0.465793251991272,0.07829204201698303,0.16643771529197693,-0.21391671895980835,0.871963620185852,-0.3390806317329407,0.07580989599227905,-1.2173843383789062,-0.2614186108112335,-0.13612297177314758,0.4284875988960266,-0.4635978937149048,-0.30419495701789856,-0.008435063064098358,-0.30563655495643616
0.12169930338859558,-0.5601999759674072,0.8843953609466553,-0.12013464421033859,-0.035575997084379196,-0.8726336359977722,0.47203025221824646,-0.09043176472187042,-0.07092610001564026,-0.2360515594482422,0.9494907855987549,-0.482526957988739,0.08494330942630768,0.16610242426395416,-0.22634844481945038,0.88861483335495,-0.3488028645515442,0.11004092544317245,-1.2689417600631714,-0.27770429849624634,-0.12378804385662079,0.45085734128952026,-0.4873541593551636,-0.35420724749565125,-0.025417350232601166,-0.3147130310535431
0.12269517779350281,-0.561211109161377,0.8818008899688721,-0.12145300209522247,-0.03528912737965584,-0.8740425109863281,0.46909865736961365,-0.09152688086032867,-0.07541214674711227,-0.24091392755508423,0.9586836695671082,-0.4951443076133728,0.0950479730963707,0.1662682592868805,-0.23565253615379333,0.9007717370986938,-0.354867160320282,0.1355268955230713,-1.323098063468933,-0.296832799911499,-0.1131201684474945,0.4784793257713318,-0.4998632073402405,-0.417458176612854,-0.04781685769557953,-0.32076215744018555
0.1233113706111908,-0.5616253614425659,0.8806343078613281,-0.12200558930635452,-0.03554675728082657,-0.8746464848518372,0.467808336019516,-0.0889175683259964,-0.07928942888975143,-0.2431897222995758,0.9619117975234985,-0.5037906169891357,0.10242576897144318,0.16639511287212372,-0.24238334596157074,0.9072142839431763,-0.3579319715499878,0.15985381603240967,-1.3778349161148071,-0.31193405389785767,-0.10569199919700623,0.5092207789421082,-0.5123443007469177,-0.48723143339157104,-0.07193991541862488,-0.3307243585586548
0.12375283241271973,-0.561355710029602,0.8810465335845947,-0.12166434526443481,-0.03599506616592407,-0.8743273019790649,0.4684590995311737,-0.0825427994132042,-0.08206900209188461,-0.24412664771080017,0.9600297212600708,-0.5087772607803345,0.10972186923027039,0.1670050024986267,-0.2482002079486847,0.9083880186080933,-0.358334481716156,0.1802380084991455,-1.4284334182739258,-0.32175710797309875,-0.09855495393276215,0.5397305488586426,-0.5227556228637695,-0.5573007464408875,-0.09706130623817444,-0.33774831891059875
0.12440600991249084,-0.5605372786521912,0.8824906349182129,-0.1206146851181984,-0.03594077751040459,-0.8735620379447937,0.4701593220233917,-0.07367640733718872,-0.08301544934511185,-0.24505221843719482,0.9533254504203796,-0.5107556581497192,0.11238043755292892,0.16758936643600464,-0.2529006898403168,0.9039385318756104,-0.35694313049316406,0.20226463675498962,-1.4728121757507324,-0.32814210653305054,-0.09227079898118973,0.5668137073516846,-0.5327301621437073,-0.622857928276062,-0.11805227398872375,-0.3409791588783264
0.12501202523708344,-0.5593376159667969,0.884490966796875,-0.11976917833089828,-0.0355883464217186,-0.8729223608970642,0.4715881943702698,-0.06434254348278046,-0.0819912999868393,-0.24452009797096252,0.9434419870376587,-0.5091591477394104,0.11453820765018463,0.16848722100257874,-0.25521552562713623,0.8949185609817505,-0.3535792827606201,0.22179654240608215,-1.5100475549697876,-0.332292377948761,-0.08905497193336487,0.5900179147720337,-0.5454236268997192,-0.685864269733429,-0.13603506982326508,-0.34437793493270874
0.12540805339813232,-0.5578230619430542,0.8866956233978271,-0.11932428926229477,-0.03498215973377228,-0.8724645972251892,0.4725922644138336,-0.05586496740579605,-0.0790976732969284,-0.24252891540527344,0.9321275949478149,-0.5056910514831543,0.11583815515041351,0.17029911279678345,-0.2549750506877899,0.8827556371688843,-0.34869086742401123,0.24117311835289001,-1.5425047874450684,-0.3349900245666504,-0.0911119282245636,0.6072410345077515,-0.5623334646224976,-0.7445496320724487,-0.14938053488731384,-0.34914901852607727
0.12576338648796082,-0.5559920072555542,0.8887588977813721,-0.11929445713758469,-0.03397960215806961,-0.8720225095748901,0.47348809242248535,-0.04879835620522499,-0.07441292703151703,-0.24043282866477966,0.9215604662895203,-0.5017813444137573,0.11637946963310242,0.17342613637447357,-0.25310415029525757,0.8691142797470093,-0.34314966201782227,0.26211783289909363,-1.5685793161392212,-0.3367435038089752,-0.09684012830257416,0.6217243671417236,-0.5847246646881104,-0.7968082427978516,-0.15735496580600739,-0.3512589633464813
0.1259736269712448,-0.5539777874946594,0.8907966613769531,-0.11942657083272934,-0.03273330628871918,-0.8715199828147888,0.4744667708873749,-0.0420578196644783,-0.06901686638593674,-0.23787561058998108,0.911281943321228,-0.49747803807258606,0.11729008704423904,0.17671716213226318,-0.24939686059951782,0.8538522124290466,-0.3372938930988312,0.28195011615753174,-1.588280439376831,-0.3378832936286926,-0.10585223883390427,0.6378199458122253,-0.6109171509742737,-0.8471046686172485,-0.16020987927913666,-0.3449849784374237
0.1260819435119629,-0.5517429113388062,0.8926721215248108,-0.11991807073354721,-0.031498052179813385,-0.8710380792617798,0.4753105938434601,-0.035358086228370667,-0.06358567625284195,-0.2344476878643036,0.901766300201416,-0.49355143308639526,0.11973129212856293,0.17996959388256073,-0.24379846453666687,0.8377832174301147,-0.3308217525482178,0.2974732220172882,-1.6005709171295166,-0.33862411975860596,-0.11782059818506241,0.6559946537017822,-0.6365407109260559,-0.9011017084121704,-0.16096222400665283,-0.3319447934627533
0.12622606754302979,-0.5493539571762085,0.8945242762565613,-0.12069347500801086,-0.030055293813347816,-0.8706252574920654,0.4759637415409088,-0.028915347531437874,-0.05793928727507591,-0.23024888336658478,0.8925289511680603,-0.48996487259864807,0.1218646764755249,0.18334010243415833,-0.23712149262428284,0.8221709728240967,-0.32410553097724915,0.3101080656051636,-1.6086633205413818,-0.33910566568374634,-0.1300164759159088,0.6711391806602478,-0.6606599688529968,-0.952123761177063,-0.15899658203125,-0.3138776421546936
0.12626181542873383,-0.5465409159660339,0.8967469334602356,-0.12136618793010712,-0.027807729318737984,-0.8702197074890137,0.476670503616333,-0.024382304400205612,-0.05124413222074509,-0.22633031010627747,0.8819959163665771,-0.48314666748046875,0.12458804249763489,0.18795070052146912,-0.2303302139043808,0.8049439191818237,-0.3142216205596924,0.32199645042419434,-1.6126071214675903,-0.3394186794757843,-0.14382874965667725,0.678745448589325,-0.6857394576072693,-0.9947524070739746,-0.15824156999588013,-0.29196080565452576
0.1261347234249115,-0.5434958338737488,0.8992287516593933,-0.1220974400639534,-0.02558678388595581,-0.8693617582321167,0.4781711995601654,-0.020446060225367546,-0.044919729232788086,-0.22104427218437195,0.8700132966041565,-0.4757496118545532,0.1269262284040451,0.19234396517276764,-0.22237497568130493,0.7878341674804688,-0.30421769618988037,0.3330788314342499,-1.6155569553375244,-0.3396221399307251,-0.15589639544487,0.6755203008651733,-0.7104708552360535,-1.0287827253341675,-0.15897145867347717,-0.2686271071434021
0.1257181316614151,-0.5407508015632629,0.9022082090377808,-0.12233471870422363,-0.023647207766771317,-0.8676857948303223,0.4812447726726532,-0.017262756824493408,-0.040077827870845795,-0.21376369893550873,0.8552535772323608,-0.46822449564933777,0.129671111702919,0.19562283158302307,-0.21347352862358093,0.7706572413444519,-0.29459866881370544,0.3437265157699585,-1.6186308860778809,-0.3397544026374817,-0.1641702651977539,0.6683017611503601,-0.7330516576766968,-1.0582056045532227,-0.15907055139541626,-0.24269694089889526
0.12471027672290802,-0.5382266640663147,0.9050487279891968,-0.12261662632226944,-0.022312549874186516,-0.8649393320083618,0.48615559935569763,-0.01714029535651207,-0.03649712726473808,-0.20472072064876556,0.840671718120575,-0.4618380665779114,0.13117797672748566,0.19854962825775146,-0.20462678372859955,0.757201075553894,-0.2855709195137024,0.35784220695495605,-1.6208393573760986,-0.3398403525352478,-0.16512855887413025,0.642439603805542,-0.7496953010559082,-1.0717675685882568,-0.1585746556520462,-0.21920110285282135
0.12307681888341904,-0.5355954170227051,0.9076715707778931,-0.12292584031820297,-0.021618977189064026,-0.8608518242835999,0.4933112561702728,-0.017064500600099564,-0.03308285027742386,-0.19483040273189545,0.8267248868942261,-0.45694538950920105,0.13137108087539673,0.20151332020759583,-0.1963144838809967,0.7467871904373169,-0.2778189480304718,0.37346506118774414,-1.62069833278656,-0.33989620208740234,-0.15929043292999268,0.5963332653045654,-0.76529860496521,-1.0714097023010254,-0.16041317582130432,-0.20229116082191467
0.12132301926612854,-0.5320768356323242,0.910117506980896,-0.12234049290418625,-0.023016272112727165,-0.8553013205528259,0.5029540061950684,-0.01705154776573181,-0.03437628969550133,-0.18406528234481812,0.8118833303451538,-0.45221787691116333,0.13087885081768036,0.1998356580734253,-0.18859213590621948,0.7391585111618042,-0.2717667520046234,0.38990920782089233,-1.6132807731628418,-0.33992740511894226,-0.15413431823253632,0.5457541346549988,-0.772671639919281,-1.076704978942871,-0.1653853952884674,-0.18792501091957092
0.11943404376506805,-0.5290540456771851,0.9132904410362244,-0.121350958943367,-0.024563055485486984,-0.8479116559028625,0.5154769420623779,-0.016819585114717484,-0.03564699366688728,-0.17013654112815857,0.7925752401351929,-0.4466293454170227,0.12768544256687164,0.19711628556251526,-0.17970311641693115,0.7307035326957703,-0.26530683040618896,0.4112173914909363,-1.6122376918792725,-0.3399246335029602,-0.15339188277721405,0.4880554676055908,-0.7633082866668701,-1.1021277904510498,-0.16308262944221497,-0.17827755212783813
0.11749450862407684,-0.5257511138916016,0.9178779125213623,-0.11929918080568314,-0.025773579254746437,-0.8386629819869995,0.5307993292808533,-0.018084537237882614,-0.03721851855516434,-0.15357264876365662,0.7645264267921448,-0.43812206387519836,0.11971544474363327,0.19352847337722778,-0.17108522355556488,0.7185894846916199,-0.2564363181591034,0.44286489486694336,-1.619349479675293,-0.3397073745727539,-0.15669536590576172,0.4337243437767029,-0.7462798357009888,-1.1459577083587646,-0.15251122415065765,-0.17966598272323608
0.11564235389232635,-0.523356556892395,0.9239808320999146,-0.11347608268260956,-0.03169022127985954,-0.8269612193107605,0.5497762560844421,-0.022819316014647484,-0.05403435230255127,-0.12786667048931122,0.7200257778167725,-0.4253349304199219,0.10787902772426605,0.1744610071182251,-0.15684664249420166,0.7040156722068787,-0.2525046467781067,0.47604650259017944,-1.6320245265960693,-0.32937291264533997,-0.16307705640792847,0.39242321252822876,-0.6943452954292297,-1.2427139282226562,-0.13175973296165466,-0.2245539128780365
0.11348487436771393,-0.5200127363204956,0.9311352372169495,-0.10582350194454193,-0.03618218004703522,-0.8148608207702637,0.5687653422355652,-0.027669157832860947,-0.06902243196964264,-0.10358019173145294,0.6662495136260986,-0.40188848972320557,0.0984538197517395,0.1562272310256958,-0.1441728174686432,0.6806764006614685,-0.23939372599124908,0.5076385736465454,-1.640533208847046,-0.30031895637512207,-0.17229154706001282,0.35087355971336365,-0.622830867767334,-1.351323127746582,-0.11355199664831161,-0.2785348892211914
0.11027407646179199,-0.513996958732605,0.9380009770393372,-0.09724348038434982,-0.0364525243639946,-0.8023285865783691,0.587778627872467,-0.03257809206843376,-0.07616546750068665,-0.0913190096616745,0.616877555847168,-0.3696979880332947,0.08992660790681839,0.14632000029087067,-0.13958024978637695,0.6519310474395752,-0.214559867978096,0.547602653503418,-1.640573263168335,-0.2730329930782318,-0.1965135931968689,0.32179176807403564,-0.5515701770782471,-1.4324760437011719,-0.08543985337018967,-0.29335498809814453
0.10564975440502167,-0.5085120797157288,0.9443665742874146,-0.08668217062950134,-0.039678044617176056,-0.7875321507453918,0.6088553667068481,-0.039430711418390274,-0.09213927388191223,-0.0749686136841774,0.5619871020317078,-0.338317334651947,0.08127103000879288,0.1292438805103302,-0.1330772191286087,0.6268717050552368,-0.19739903509616852,0.5770975351333618,-1.6202442646026611,-0.23086975514888763,-0.2539639472961426,0.25934121012687683,-0.4760304391384125,-1.5353690385818481,-0.04834304749965668,-0.3790614604949951
0.09876015037298203,-0.5037341117858887,0.9504292011260986,-0.0719827264547348,-0.042866725474596024,-0.77046799659729,0.6319493055343628,-0.04818477854132652,-0.11206786334514618,-0.06544487923383713,0.5033684968948364,-0.30725085735321045,0.07739069312810898,0.10801221430301666,-0.13432355225086212,0.6046648025512695,-0.1850675642490387,0.5893549919128418,-1.5841073989868164,-0.1648261845111847,-0.3648947477340698,0.1573578268289566,-0.38814109563827515,-1.6564724445343018,-0.023643560707569122,-0.5057463645935059
0.08904367685317993,-0.4975549280643463,0.9554179906845093,-0.0598418265581131,-0.04095353186130524,-0.7514023184776306,0.6558477878570557,-0.05909540504217148,-0.11567079275846481,-0.06957139819860458,0.4584670066833496,-0.2758641242980957,0.07787352800369263,0.10291244834661484,-0.14356301724910736,0.5802056789398193,-0.1652630865573883,0.6108238101005554,-1.5504833459854126,-0.10464835911989212,-0.48263370990753174,0.05856458470225334,-0.3136039972305298,-1.735898494720459,0.002739367075264454,-0.596589207649231
0.07805284857749939,-0.49213963747024536,0.9589231014251709,-0.05016243830323219,-0.03829868882894516,-0.7299721240997314,0.6805568337440491,-0.06702285259962082,-0.11334775388240814,-0.07855270802974701,0.42608749866485596,-0.24695537984371185,0.08300839364528656,0.10363738238811493,-0.15429727733135223,0.5604453086853027,-0.14548859000205994,0.6256544589996338,-1.5042537450790405,-0.03581591323018074,-0.5876539945602417,-0.033730398863554,-0.2579663395881653,-1.7713584899902344,0.02307960018515587,-0.6645015478134155
0.06734741479158401,-0.48858416080474854,0.9612188339233398,-0.04372265934944153,-0.03695955127477646,-0.7064224481582642,0.7054712772369385,-0.06837695091962814,-0.10956909507513046,-0.0842098593711853,0.4018856883049011,-0.2261299192905426,0.09176363050937653,0.10668064653873444,-0.16208621859550476,0.5469285249710083,-0.12995874881744385,0.6226702928543091,-1.4478100538253784,0.04798430949449539,-0.6660594344139099,-0.1261477768421173,-0.22834858298301697,-1.7782478332519531,0.02831786498427391,-0.7203447222709656
0.05782759189605713,-0.48927581310272217,0.964733362197876,-0.0437442846596241,-0.032017797231674194,-0.6789095401763916,0.7322179079055786,-0.07697546482086182,-0.09028618037700653,-0.07845395058393478,0.3701348602771759,-0.20481285452842712,0.09083173424005508,0.12553313374519348,-0.15752795338630676,0.5192699432373047,-0.11022726446390152,0.5347275137901306,-1.294601559638977,0.2540840804576874,-0.6812311410903931,-0.30972498655319214,-0.2512289881706238,-1.7303996086120605,0.017924275249242783,-0.8029945492744446
0.053606707602739334,-0.4955178499221802,0.9664429426193237,-0.043828606605529785,-0.03133051469922066,-0.6507799625396729,0.7573525905609131,-0.07891474664211273,-0.08256745338439941,-0.0658525601029396,0.3518935441970825,-0.20574480295181274,0.08489235490560532,0.13489562273025513,-0.14378994703292847,0.5031086802482605,-0.11081458628177643,0.4137614667415619,-1.1181612014770508,0.47363466024398804,-0.6174961924552917,-0.47174638509750366,-0.2953699231147766,-1.665163278579712,0.01881663128733635,-0.879763126373291
0.0505794957280159,-0.49955087900161743,0.9685373306274414,-0.04508692026138306,-0.028375012800097466,-0.6258155703544617,0.7781497240066528,-0.07845275104045868,-0.06973297148942947,-0.059258896857500076,0.332981139421463,-0.20080530643463135,0.07984800636768341,0.14740052819252014,-0.13544020056724548,0.47880876064300537,-0.09810188412666321,0.3263391852378845,-0.9921067953109741,0.6330809593200684,-0.5550649166107178,-0.5857893228530884,-0.33556926250457764,-1.5705331563949585,0.014756735414266586,-0.9092257022857666
0.04985827952623367,-0.503947377204895,0.9695143699645996,-0.04955238848924637,-0.02623976580798626,-0.6028275489807129,0.7958988547325134,-0.07769206911325455,-0.05362076684832573,-0.055435970425605774,0.32996442914009094,-0.20738650858402252,0.06871907413005829,0.16353486478328705,-0.12506550550460815,0.4597613215446472,-0.08932573348283768,0.22953900694847107,-0.858487069606781,0.7587708234786987,-0.4560879170894623,-0.6687893867492676,-0.3791721761226654,-1.427860975265503,0.024755656719207764,-0.9038196802139282
0.05016455799341202,-0.5072016716003418,0.9703519940376282,-0.054154906421899796,-0.02324574440717697,-0.5834382772445679,0.8100165724754333,-0.07587572932243347,-0.03616784140467644,-0.05862642079591751,0.33070108294487,-0.21147069334983826,0.0555417463183403,0.17950746417045593,-0.11709246784448624,0.4372214674949646,-0.07689587026834488,0.1504063606262207,-0.7502806186676025,0.8132539391517639,-0.3744814991950989,-0.7109991908073425,-0.4076113700866699,-1.2454718351364136,0.048271678388118744,-0.8640390634536743
0.051370248198509216,-0.5105531215667725,0.9699615240097046,-0.05851275473833084,-0.020745277404785156,-0.567109227180481,0.8212996125221252,-0.07493428885936737,-0.01973511278629303,-0.07114998996257782,0.3468397259712219,-0.21867763996124268,0.041359346359968185,0.19415780901908875,-0.1150243803858757,0.42515525221824646,-0.07004910707473755,0.08991747349500656,-0.6649736166000366,0.7864201068878174,-0.31449589133262634,-0.7070284485816956,-0.43111559748649597,-1.0229527950286865,0.08467940241098404,-0.7784242630004883
0.05333860218524933,-0.5135225057601929,0.9689490795135498,-0.062299974262714386,-0.018506648018956184,-0.554597020149231,0.8295771479606628,-0.07292173057794571,-0.004898732528090477,-0.08855289220809937,0.3684409558773041,-0.225454181432724,0.026348337531089783,0.20681601762771606,-0.11878591775894165,0.420533686876297,-0.0649619996547699,0.04329123720526695,-0.6016419529914856,0.7025007009506226,-0.2595329284667969,-0.6783503293991089,-0.43976765871047974,-0.7981880307197571,0.09756354242563248,-0.6781001091003418
0.05588098615407944,-0.5152040719985962,0.9673930406570435,-0.0651460587978363,-0.016030393540859222,-0.5467079877853394,0.8346313238143921,-0.07238440960645676,0.007151446305215359,-0.111651711165905,0.394331157207489,-0.23483829200267792,0.007086792960762978,0.21698549389839172,-0.12924841046333313,0.4255046844482422,-0.0648094117641449,0.01469685509800911,-0.5623461604118347,0.5871930718421936,-0.19879615306854248,-0.6493638753890991,-0.42799681425094604,-0.5981763601303101,0.08949677646160126,-0.5795431137084961
0.05978534370660782,-0.517418384552002,0.9664962887763977,-0.06568845361471176,-0.01243386697024107,-0.54496169090271,0.8357914090156555,-0.07385571300983429,0.015322025865316391,-0.13319075107574463,0.40980052947998047,-0.23847079277038574,-0.010326353833079338,0.22278138995170593,-0.14108532667160034,0.42708855867385864,-0.06481613963842392,-0.003130226396024227,-0.5385825037956238,0.4704774022102356,-0.1380806267261505,-0.6167641878128052,-0.4021030068397522,-0.4318728744983673,0.07030636817216873,-0.49665772914886475
0.06484805047512054,-0.5215230584144592,0.9653799533843994,-0.06401712447404861,-0.007795785553753376,-0.5482426881790161,0.8338291645050049,-0.07880918681621552,0.020221013575792313,-0.15890845656394958,0.4261401295661926,-0.24182048439979553,-0.02168605662882328,0.2252553254365921,-0.1592513620853424,0.4343334436416626,-0.06914165616035461,-0.010686957277357578,-0.5125208497047424,0.364607572555542,-0.08707379549741745,-0.5663207769393921,-0.3640253245830536,-0.3034873902797699,0.05198647454380989,-0.4107110798358917
0.07025623321533203,-0.5256513357162476,0.9640356302261353,-0.06059202551841736,-0.002617248333990574,-0.5554096102714539,0.8293623924255371,-0.08441361784934998,0.021528346464037895,-0.18963956832885742,0.44281286001205444,-0.24428322911262512,-0.028222640976309776,0.22390609979629517,-0.18404380977153778,0.4449816346168518,-0.07541809976100922,-0.011740765534341335,-0.4830513596534729,0.280290812253952,-0.04301375895738602,-0.491605669260025,-0.3199358582496643,-0.21005915105342865,0.0364958755671978,-0.311372309923172
0.07521077245473862,-0.5298812985420227,0.963429868221283,-0.05514610931277275,0.003557380987331271,-0.5669428706169128,0.8219013810157776,-0.08848592638969421,0.02086031436920166,-0.22175994515419006,0.4477663040161133,-0.23680809140205383,-0.025748152285814285,0.2192588895559311,-0.2152048945426941,0.45086926221847534,-0.07594498991966248,-0.0064645372331142426,-0.4435969293117523,0.21401742100715637,-0.003165286034345627,-0.3894582986831665,-0.2851199209690094,-0.1399950534105301,0.01804083213210106,-0.18769581615924835
0.08030205965042114,-0.5335116386413574,0.9627600908279419,-0.04819509759545326,0.009109857492148876,-0.582007646560669,0.8117027282714844,-0.08892689645290375,0.014880781061947346,-0.2562914490699768,0.4486120045185089,-0.2240663468837738,-0.017160525545477867,0.20934069156646729,-0.2502741515636444,0.45380425453186035,-0.07442141324281693,-0.0024980008602142334,-0.41661643981933594,0.1695212423801422,0.036170221865177155,-0.24568893015384674,-0.28191494941711426,-0.0941820964217186,-0.015297728590667248,-0.01579979807138443
0.08434746414422989,-0.5356161594390869,0.9609929323196411,-0.042505815625190735,0.014241324737668037,-0.597724437713623,0.8004473447799683,-0.08888521045446396,0.009827553294599056,-0.2951972782611847,0.4571637511253357,-0.21345975995063782,-0.009033429436385632,0.20067569613456726,-0.2883308529853821,0.46258342266082764,-0.07490850239992142,-0.002617118414491415,-0.38689684867858887,0.13130496442317963,0.07092570513486862,-0.09722316265106201,-0.28830793499946594,-0.057208992540836334,-0.05953378602862358,0.16088177263736725
0.08789179474115372,-0.5364867448806763,0.9574569463729858,-0.039605721831321716,0.017201364040374756,-0.6112745404243469,0.7902398109436035,-0.09129098057746887,0.0059869480319321156,-0.3339611291885376,0.47987645864486694,-0.2089814841747284,-0.004215669352561235,0.19346530735492706,-0.32477420568466187,0.48452839255332947,-0.07933439314365387,-0.0029184515587985516,-0.35599979758262634,0.10620661079883575,0.10234574973583221,0.028589583933353424,-0.28895407915115356,-0.028856944292783737,-0.10333975404500961,0.30618417263031006
0.09039667248725891,-0.5353100299835205,0.9530069828033447,-0.03728892654180527,0.020900262519717216,-0.622818112373352,0.7811980247497559,-0.09486255049705505,0.005753508768975735,-0.3764628767967224,0.5072259306907654,-0.2078969031572342,0.0008930359035730362,0.18918630480766296,-0.3655078411102295,0.5113820433616638,-0.08579842746257782,-0.004832838661968708,-0.3305113911628723,0.08753600716590881,0.12549689412117004,0.13938400149345398,-0.2908461093902588,-0.003636850044131279,-0.13724909722805023,0.4287015199661255
0.09249100089073181,-0.5327159762382507,0.9476810693740845,-0.035286955535411835,0.023886721581220627,-0.6321703791618347,0.7736567854881287,-0.09853456914424896,0.0055270204320549965,-0.41909676790237427,0.5374805331230164,-0.20897868275642395,0.003972257487475872,0.18509729206562042,-0.40669456124305725,0.5430964231491089,-0.09145808219909668,-0.0067053004167973995,-0.2996969223022461,0.08261696249246597,0.14044643938541412,0.2383928745985031,-0.2909870743751526,0.01426822878420353,-0.16439656913280487,0.5282602310180664
0.09414727240800858,-0.5297303199768066,0.9432317018508911,-0.03311234340071678,0.02691034972667694,-0.6395391225814819,0.7675735354423523,-0.10138082504272461,0.00583382323384285,-0.45506343245506287,0.5577865839004517,-0.20872321724891663,0.007453381083905697,0.18081539869308472,-0.44100892543792725,0.5673640966415405,-0.0964018851518631,-0.009872347116470337,-0.2751157879829407,0.08503042161464691,0.15348970890045166,0.3174508810043335,-0.2944149971008301,0.02599724568426609,-0.1889910101890564,0.6041706204414368
0.0952301025390625,-0.5262966156005859,0.9393986463546753,-0.030903739854693413,0.02953205816447735,-0.645153284072876,0.7628564834594727,-0.10372087359428406,0.006447752472013235,-0.4849185347557068,0.5733143091201782,-0.2084210067987442,0.011303409934043884,0.17605455219745636,-0.47001391649246216,0.5891194343566895,-0.10219378769397736,-0.013913709670305252,-0.25836777687072754,0.09318386018276215,0.1664714515209198,0.3779142498970032,-0.2998693585395813,0.03215242177248001,-0.2122962772846222,0.6594931483268738
0.09563630074262619,-0.5222145318984985,0.9364784359931946,-0.028198720887303352,0.03200942277908325,-0.6493985056877136,0.759250819683075,-0.10494590550661087,0.006735772360116243,-0.5092348456382751,0.5831241607666016,-0.20894768834114075,0.013722063973546028,0.17124247550964355,-0.4938637614250183,0.607851505279541,-0.10912849754095078,-0.017412442713975906,-0.24776345491409302,0.10688494890928268,0.1810365915298462,0.4159936308860779,-0.3078991174697876,0.03049619495868683,-0.23676326870918274,0.6918529868125916
0.09495877474546432,-0.5177962183952332,0.9349143505096436,-0.02369966171681881,0.035628341138362885,-0.6525002717971802,0.7565793991088867,-0.10649542510509491,0.00772568304091692,-0.5302062034606934,0.5854247808456421,-0.21026021242141724,0.015623996034264565,0.16640305519104004,-0.5162976980209351,0.6242117285728455,-0.1188652515411377,-0.0203402042388916,-0.24303483963012695,0.1295965015888214,0.20130448043346405,0.4134870171546936,-0.31522423028945923,0.016065401956439018,-0.2650892436504364,0.6829313635826111
0.09362609684467316,-0.513909101486206,0.9357653856277466,-0.018705537542700768,0.03867752477526665,-0.6548543572425842,0.7545329332351685,-0.10542705655097961,0.007748428266495466,-0.53825843334198,0.5739616751670837,-0.21053054928779602,0.016098804771900177,0.16130635142326355,-0.5271084904670715,0.6280763149261475,-0.12713414430618286,-0.02679416909813881,-0.2705168128013611,0.1468387395143509,0.21620118618011475,0.3655044436454773,-0.3354514241218567,0.0011842427775263786,-0.2829715311527252,0.6348885893821716
0.09161170572042465,-0.5088777542114258,0.9400292634963989,-0.014526944607496262,0.04054656997323036,-0.6566027402877808,0.753005862236023,-0.10013724863529205,0.0068181827664375305,-0.5259276032447815,0.5390726923942566,-0.2042977660894394,0.01028645969927311,0.1578446328639984,-0.5187429785728455,0.6075001358985901,-0.12664049863815308,-0.03091592714190483,-0.31369468569755554,0.15756307542324066,0.22447213530540466,0.2797359228134155,-0.35531067848205566,-0.01024281419813633,-0.2828184962272644,0.5484052300453186
0.0886431410908699,-0.504137396812439,0.9457736611366272,-0.01334613561630249,0.040360160171985626,-0.6579071283340454,0.7518984079360962,-0.09471709281206131,0.008186696097254753,-0.49540796875953674,0.4983452558517456,-0.19999948143959045,0.0023770644329488277,0.15764468908309937,-0.4922454059123993,0.575221836566925,-0.12075231969356537,-0.03474448621273041,-0.3499324321746826,0.17176076769828796,0.1903505027294159,0.16956722736358643,-0.382913202047348,-0.022057224065065384,-0.2506791353225708,0.43450072407722473
0.0859619751572609,-0.5009509325027466,0.9508687853813171,-0.01310071162879467,0.03748133406043053,-0.6589837074279785,0.7511085271835327,-0.08598670363426208,0.005457008257508278,-0.45925700664520264,0.467318058013916,-0.20733442902565002,-0.007324193604290485,0.15550857782363892,-0.4610368609428406,0.5506395697593689,-0.12182419747114182,-0.04458408057689667,-0.43566179275512695,0.19404280185699463,0.09699776023626328,0.06595560908317566,-0.44286632537841797,-0.045513324439525604,-0.1560247242450714,0.32367557287216187
0.08270853012800217,-0.4987834095954895,0.9535568952560425,-0.014139671809971333,0.030437031760811806,-0.6588349938392639,0.7515385150909424,-0.07638540118932724,-0.0019118818454444408,-0.42372098565101624,0.4564013183116913,-0.22382831573486328,-0.01791001670062542,0.14975085854530334,-0.4324530363082886,0.5468132495880127,-0.12896808981895447,-0.05137774348258972,-0.5350157022476196,0.21238011121749878,-0.03208092600107193,-0.03687151148915291,-0.5138907432556152,-0.07295146584510803,-0.034242965281009674,0.21111148595809937
0.078982874751091,-0.4970472455024719,0.9546654224395752,-0.01782400906085968,0.02125711366534233,-0.6562504768371582,0.7540329694747925,-0.06724314391613007,-0.00856311060488224,-0.3879108428955078,0.4562333822250366,-0.2410707175731659,-0.027247678488492966,0.14543212950229645,-0.40357673168182373,0.5498111248016357,-0.1354563981294632,-0.04879627376794815,-0.6387432813644409,0.2079659104347229,-0.16316351294517517,-0.12312260270118713,-0.5944603681564331,-0.09085524082183838,0.08745863288640976,0.10048890858888626
0.07599271833896637,-0.4979005455970764,0.953887939453125,-0.023289846256375313,0.00889674760401249,-0.6502975225448608,0.7592703700065613,-0.05775699391961098,-0.018204521387815475,-0.3522660434246063,0.46969348192214966,-0.2624906003475189,-0.0347505584359169,0.13888855278491974,-0.37316954135894775,0.5619693994522095,-0.1456660032272339,-0.037697721272706985,-0.7515678405761719,0.16472649574279785,-0.2623089849948883,-0.17519471049308777,-0.6740884780883789,-0.0901646614074707,0.18462608754634857,0.013414565473794937
0.07359425723552704,-0.49972641468048096,0.9518890380859375,-0.028343314304947853,-0.004840037319809198,-0.640544056892395,0.7673829197883606,-0.05042025446891785,-0.030587561428546906,-0.32045695185661316,0.48623126745224,-0.2812662124633789,-0.041241906583309174,0.12951365113258362,-0.34735754132270813,0.5803468823432922,-0.15678665041923523,0.0005482137203216553,-0.903793215751648,0.05371539294719696,-0.3388662040233612,-0.15220907330513,-0.7325711846351624,-0.08551633358001709,0.2631196975708008,-0.04085845127701759
0.07197690010070801,-0.5047046542167664,0.949506938457489,-0.033763326704502106,-0.019570523872971535,-0.6281370520591736,0.7771234512329102,-0.04277603700757027,-0.04400663077831268,-0.2854347229003906,0.5045486688613892,-0.3027235269546509,-0.04348614066839218,0.11968886852264404,-0.3214239776134491,0.6038860082626343,-0.16294439136981964,0.05946851149201393,-1.0778788328170776,-0.08408495783805847,-0.3777625560760498,-0.08585967123508453,-0.7662876844406128,-0.09429629147052765,0.3126217722892761,-0.08172421902418137
0.07019834220409393,-0.5108534693717957,0.9472711086273193,-0.03996662795543671,-0.03223872557282448,-0.6162288188934326,0.7858914732933044,-0.03223150596022606,-0.051570694893598557,-0.2521352767944336,0.5210626721382141,-0.32394838333129883,-0.03869113698601723,0.11727765202522278,-0.2988336682319641,0.6256629228591919,-0.1651609092950821,0.09330220520496368,-1.2147252559661865,-0.17365522682666779,-0.4105985760688782,-0.0477825403213501,-0.7994245290756226,-0.0953889936208725,0.3598850965499878,-0.13023534417152405
0.06805600970983505,-0.5155928730964661,0.9455146789550781,-0.047010552138090134,-0.04183515906333923,-0.6038573384284973,0.7946043610572815,-0.022689810022711754,-0.05239658057689667,-0.22469210624694824,0.5336833000183105,-0.33873143792152405,-0.027929214760661125,0.12273925542831421,-0.28183814883232117,0.640941858291626,-0.1598292887210846,0.109556645154953,-1.2982816696166992,-0.23187589645385742,-0.43618452548980713,-0.025556636974215508,-0.8184784650802612,-0.09539790451526642,0.3977188467979431,-0.17339056730270386
0.06535179913043976,-0.5189068913459778,0.9436564445495605,-0.0552908256649971,-0.05040594935417175,-0.5899292230606079,0.8039810657501221,-0.016967367380857468,-0.049510497599840164,-0.2003699541091919,0.5474611520767212,-0.3523223400115967,-0.01750650815665722,0.13289333879947662,-0.26525622606277466,0.6558797955513,-0.15120325982570648,0.12157689034938812,-1.3336070775985718,-0.26971933245658875,-0.45225998759269714,-0.010417317971587181,-0.8247096538543701,-0.09944930672645569,0.4253899157047272,-0.21049454808235168
0.06273268163204193,-0.5212651491165161,0.9416961669921875,-0.06356330960988998,-0.05797474458813667,-0.576674222946167,0.812431812286377,-0.014332719147205353,-0.045247673988342285,-0.17946657538414001,0.5623345375061035,-0.3655957281589508,-0.009068719111382961,0.1453976035118103,-0.24672111868858337,0.6697680354118347,-0.14724551141262054,0.12537892162799835,-1.3452117443084717,-0.2943175435066223,-0.46547672152519226,-0.0024196086451411247,-0.8209294080734253,-0.10751795768737793,0.44585466384887695,-0.24183757603168488
0.060987792909145355,-0.5233588218688965,0.940131664276123,-0.06995704025030136,-0.0637865737080574,-0.5654322504997253,0.8193433880805969,-0.014516299590468407,-0.04275079816579819,-0.1626107096672058,0.5749824643135071,-0.3755004107952118,-0.00404000049456954,0.15595752000808716,-0.22833803296089172,0.681511640548706,-0.14562012255191803,0.12039870023727417,-1.3458532094955444,-0.3103064000606537,-0.47969239950180054,0.005290539003908634,-0.809353232383728,-0.11556415259838104,0.4596582055091858,-0.26428306102752686
0.06069932132959366,-0.5258388519287109,0.9391565322875977,-0.07510864734649658,-0.06779450923204422,-0.5563019514083862,0.8247973918914795,-0.019386902451515198,-0.04115957021713257,-0.14680013060569763,0.5846340656280518,-0.3835359811782837,-0.0025383925531059504,0.16490158438682556,-0.21203772723674774,0.692300021648407,-0.1421123743057251,0.11090107262134552,-1.3464198112487793,-0.32069915533065796,-0.4917123019695282,0.009418263100087643,-0.7974771857261658,-0.12072815001010895,0.46544039249420166,-0.2853560149669647
0.061177708208560944,-0.5258482694625854,0.9389070272445679,-0.07871405780315399,-0.07045332342386246,-0.5504837036132812,0.8281353712081909,-0.030804499983787537,-0.04298151284456253,-0.1329878568649292,0.5880516171455383,-0.3848693370819092,-0.0058431606739759445,0.1708148866891861,-0.19384616613388062,0.6926013231277466,-0.1405777782201767,0.10276748239994049,-1.3480808734893799,-0.32745444774627686,-0.49911296367645264,0.016893872991204262,-0.7910650372505188,-0.1373993158340454,0.44940900802612305,-0.3117927312850952
0.06259375810623169,-0.5252602100372314,0.939437985420227,-0.08116965740919113,-0.07117581367492676,-0.54880690574646,0.8289490342140198,-0.04650147259235382,-0.046126894652843475,-0.12076008319854736,0.5862988829612732,-0.3799012303352356,-0.010944451205432415,0.17385117709636688,-0.176844984292984,0.6848063468933105,-0.1403968632221222,0.09348750114440918,-1.3471496105194092,-0.33184540271759033,-0.49858105182647705,0.02986127883195877,-0.7801615595817566,-0.1695217788219452,0.4093850255012512,-0.34157079458236694
0.06618037074804306,-0.5256505012512207,0.941069483757019,-0.08226881176233292,-0.06911613792181015,-0.5510727763175964,0.8275104761123657,-0.06534378230571747,-0.049927543848752975,-0.11074487864971161,0.5783618688583374,-0.3695181608200073,-0.017050350084900856,0.1728217601776123,-0.16148728132247925,0.6710783839225769,-0.13799503445625305,0.08906831592321396,-1.3405832052230835,-0.33294910192489624,-0.49109983444213867,0.05322376638650894,-0.7595601081848145,-0.22355809807777405,0.3483843505382538,-0.3582373261451721
0.07250064611434937,-0.5260922908782959,0.9424689412117004,-0.07973142713308334,-0.06801597028970718,-0.5575971603393555,0.8234695792198181,-0.08197839558124542,-0.06482231616973877,-0.10320398956537247,0.5692172050476074,-0.3602626621723175,-0.01782938838005066,0.15577489137649536,-0.1514434516429901,0.6614987850189209,-0.13927921652793884,0.09445768594741821,-1.3374836444854736,-0.321599543094635,-0.4708338975906372,0.09569171071052551,-0.7080608010292053,-0.35562172532081604,0.25310149788856506,-0.36200588941574097
0.07954277098178864,-0.5272203683853149,0.9441472291946411,-0.0745285376906395,-0.06563083082437515,-0.5684019327163696,0.8167358040809631,-0.09277170896530151,-0.08207757025957108,-0.10102815181016922,0.5574431419372559,-0.3508981764316559,-0.00550092663615942,0.12836985290050507,-0.15373018383979797,0.6529500484466553,-0.13514545559883118,0.09685934334993362,-1.3169151544570923,-0.28709933161735535,-0.4711945056915283,0.13443075120449066,-0.6341792941093445,-0.5504781603813171,0.14749231934547424,-0.3520955741405487
0.08424185961484909,-0.5283690690994263,0.9472578763961792,-0.07038699835538864,-0.05969998612999916,-0.5834716558456421,0.8068719506263733,-0.10128907859325409,-0.08670759201049805,-0.09936408698558807,0.5361192226409912,-0.33692067861557007,0.019380709156394005,0.09926124662160873,-0.16406133770942688,0.6294873952865601,-0.11297745257616043,0.0798318162560463,-1.2657465934753418,-0.23645344376564026,-0.5036991834640503,0.14434929192066193,-0.563513994216919,-0.7387081384658813,0.036533307284116745,-0.3481445908546448
0.08710158616304398,-0.5299570560455322,0.9497529864311218,-0.0674649327993393,-0.05456306412816048,-0.6008881330490112,0.7946099042892456,-0.10741662234067917,-0.08714083582162857,-0.095943883061409,0.5175249576568604,-0.3299493193626404,0.05240093544125557,0.0610794723033905,-0.17188502848148346,0.5943875312805176,-0.0911378562450409,0.04053114354610443,-1.1951727867126465,-0.1629384160041809,-0.5409684181213379,0.13296294212341309,-0.5041075944900513,-0.8958775997161865,-0.0636640191078186,-0.3490056097507477
0.08872761577367783,-0.533578097820282,0.9509334564208984,-0.06691144406795502,-0.05031464993953705,-0.6175010800361633,0.7821020483970642,-0.11238853633403778,-0.08331740647554398,-0.0912146270275116,0.5102818012237549,-0.33539390563964844,0.07714661955833435,0.022279366850852966,-0.1797141581773758,0.5620843172073364,-0.07479941099882126,0.005002792924642563,-1.1439690589904785,-0.09020811319351196,-0.5659984350204468,0.09943501651287079,-0.45417413115501404,-1.0278105735778809,-0.1275811493396759,-0.3619854152202606
0.08945207297801971,-0.5372924208641052,0.9515419006347656,-0.06759308278560638,-0.04576147347688675,-0.6341195106506348,0.768914520740509,-0.11511698365211487,-0.07543173432350159,-0.08738093078136444,0.5087407231330872,-0.3458458185195923,0.09082621335983276,-0.009897786192595959,-0.1949055790901184,0.5338977575302124,-0.05851858854293823,-0.019681598991155624,-1.0979185104370117,-0.01602349430322647,-0.5718716979026794,0.05647118389606476,-0.41170352697372437,-1.1408880949020386,-0.16713081300258636,-0.39094340801239014
0.0901467576622963,-0.5404500961303711,0.9521599411964417,-0.06897461414337158,-0.03978369012475014,-0.6506575345993042,0.7551851272583008,-0.11635011434555054,-0.06215181201696396,-0.08759990334510803,0.5088646411895752,-0.35678911209106445,0.09469093382358551,-0.025872239843010902,-0.21230383217334747,0.5103282928466797,-0.0469413585960865,-0.030269376933574677,-1.063696026802063,0.058687761425971985,-0.5618751049041748,0.0011404193937778473,-0.380853533744812,-1.2363576889038086,-0.19197937846183777,-0.4251294434070587
0.08975797891616821,-0.5442231297492981,0.9527897238731384,-0.07009115070104599,-0.03377339988946915,-0.6664639115333557,0.7414664626121521,-0.11224444210529327,-0.04685194790363312,-0.08821733295917511,0.507896900177002,-0.36522728204727173,0.09242019802331924,-0.0283503495156765,-0.22840160131454468,0.492600679397583,-0.03905864804983139,-0.0369713120162487,-1.034288763999939,0.13548792898654938,-0.5463875532150269,-0.05885148420929909,-0.36334899067878723,-1.3210511207580566,-0.21184954047203064,-0.4584977626800537
0.08859904110431671,-0.5476195216178894,0.9541152715682983,-0.0720939040184021,-0.026562148705124855,-0.6800632476806641,0.7291164994239807,-0.105498768389225,-0.02571006864309311,-0.08696550130844116,0.5011953711509705,-0.36688703298568726,0.08504175394773483,-0.016340181231498718,-0.23910705745220184,0.46833336353302,-0.024157928302884102,-0.04151923954486847,-1.0052868127822876,0.20540402829647064,-0.5325079560279846,-0.11597622185945511,-0.35559409856796265,-1.375552773475647,-0.22533392906188965,-0.474931001663208
0.08677105605602264,-0.5516007542610168,0.9556856155395508,-0.07402078062295914,-0.019610723480582237,-0.6909691691398621,0.7188170552253723,-0.09615117311477661,-0.003394736908376217,-0.08417726308107376,0.49052131175994873,-0.3656213879585266,0.0773371011018753,0.0018142173066735268,-0.24321061372756958,0.44211697578430176,-0.009298622608184814,-0.04591450095176697,-0.9794420003890991,0.26674073934555054,-0.5184759497642517,-0.16923825442790985,-0.3545510768890381,-1.4109971523284912,-0.2304520308971405,-0.4828658103942871
0.08444638550281525,-0.5551520586013794,0.9570964574813843,-0.07630482316017151,-0.014246434904634953,-0.6991180181503296,0.7107802033424377,-0.08342939615249634,0.01828942261636257,-0.0792500302195549,0.47775182127952576,-0.3617701530456543,0.07068046182394028,0.022271456196904182,-0.2405986785888672,0.41739892959594727,0.0045057013630867004,-0.05183321237564087,-0.9562364816665649,0.31165435910224915,-0.5016366839408875,-0.21681201457977295,-0.36757349967956543,-1.426966905593872,-0.23591184616088867,-0.49523085355758667
0.08217798173427582,-0.5583171248435974,0.9583343267440796,-0.07839525490999222,-0.010174641385674477,-0.7048624157905579,0.7049252986907959,-0.07011602073907852,0.037707261741161346,-0.07378539443016052,0.4640616774559021,-0.35620906949043274,0.06558564305305481,0.04229636490345001,-0.23308858275413513,0.394972026348114,0.01625286042690277,-0.05726723372936249,-0.937494158744812,0.33995312452316284,-0.48066800832748413,-0.25575926899909973,-0.3865680694580078,-1.416759729385376,-0.23956137895584106,-0.5014602541923523
0.08007711917161942,-0.5615283250808716,0.9591997861862183,-0.08016763627529144,-0.0073840077966451645,-0.7089394330978394,0.7006593346595764,-0.0580754429101944,0.05398067086935043,-0.06790592521429062,0.45172321796417236,-0.3486887514591217,0.06279086321592331,0.06059565395116806,-0.22229927778244019,0.37628889083862305,0.024754773825407028,-0.06276228278875351,-0.9238862991333008,0.3605903387069702,-0.45696526765823364,-0.2840271592140198,-0.40349382162094116,-1.3841898441314697,-0.24041616916656494,-0.49577000737190247
0.07815195620059967,-0.5643976926803589,0.959624171257019,-0.08194993436336517,-0.006021336652338505,-0.7133021354675293,0.6960230469703674,-0.047441840171813965,0.06716163456439972,-0.060206249356269836,0.4408494830131531,-0.3384922742843628,0.06107088178396225,0.07671771943569183,-0.20929428935050964,0.3597634434700012,0.03361760452389717,-0.07116434723138809,-0.9097739458084106,0.3779846429824829,-0.43356138467788696,-0.30285215377807617,-0.42163681983947754,-1.3314294815063477,-0.24417588114738464,-0.4846261143684387
0.07595789432525635,-0.5674867630004883,0.9593831300735474,-0.08387856185436249,-0.005933880805969238,-0.7186025977134705,0.6903183460235596,-0.03801661729812622,0.07816143333911896,-0.049936164170503616,0.4333201050758362,-0.32720261812210083,0.057684145867824554,0.09150923788547516,-0.19490744173526764,0.34614297747612,0.042239293456077576,-0.07974997162818909,-0.8981437683105469,0.39915889501571655,-0.41397470235824585,-0.31879234313964844,-0.442483127117157,-1.2612254619598389,-0.2504376173019409,-0.4769083559513092
0.07320895791053772,-0.5718021392822266,0.9578315615653992,-0.08615875989198685,-0.007531280629336834,-0.7263433337211609,0.6818690299987793,-0.030580468475818634,0.08705024421215057,-0.03578659147024155,0.4334203004837036,-0.31787335872650146,0.05398976057767868,0.10401898622512817,-0.18359410762786865,0.3477318286895752,0.04236113652586937,-0.08962919563055038,-0.8796294927597046,0.4354488253593445,-0.3941722810268402,-0.33086326718330383,-0.4639296531677246,-1.182987093925476,-0.2539164423942566,-0.4763820767402649
0.06998484581708908,-0.5769824385643005,0.9553966522216797,-0.0889635682106018,-0.008511899970471859,-0.7358561754226685,0.6712143421173096,-0.025709500536322594,0.09842199087142944,-0.021619414910674095,0.4396131634712219,-0.30628669261932373,0.04949585348367691,0.11811281740665436,-0.17551428079605103,0.3554571568965912,0.04033650830388069,-0.09646296501159668,-0.8628098368644714,0.4777355492115021,-0.3790048062801361,-0.3431149125099182,-0.4914115369319916,-1.095206618309021,-0.2521189749240875,-0.4652508497238159
0.06600992381572723,-0.5828549265861511,0.951525092124939,-0.09273552149534225,-0.00885805580765009,-0.7469100952148438,0.658366858959198,-0.024397211149334908,0.11284396797418594,-0.0096556656062603,0.45667076110839844,-0.2923282980918884,0.04488850757479668,0.1350652128458023,-0.16948090493679047,0.36848729848861694,0.03466267138719559,-0.10209506750106812,-0.8426454067230225,0.5252059698104858,-0.3744048774242401,-0.35280197858810425,-0.524583101272583,-1.0020806789398193,-0.24294736981391907,-0.4384801685810089
0.06160982325673103,-0.5887980461120605,0.9460815191268921,-0.0979660227894783,-0.0077897910960018635,-0.7590727806091309,0.6435453295707703,-0.029823236167430878,0.1311488002538681,-0.001090293750166893,0.4860113561153412,-0.2752838730812073,0.04177164286375046,0.15664100646972656,-0.16452831029891968,0.3830670714378357,0.028471119701862335,-0.11031083762645721,-0.810553789138794,0.5738846659660339,-0.37246471643447876,-0.363013356924057,-0.5535493493080139,-0.9063756465911865,-0.22786375880241394,-0.4015284478664398
0.05637575685977936,-0.5943684577941895,0.9407517313957214,-0.10300880670547485,-0.004657132551074028,-0.7703493237495422,0.6292292475700378,-0.040844231843948364,0.15243110060691833,0.006478289607912302,0.5120418071746826,-0.25923946499824524,0.04217919707298279,0.18154646456241608,-0.15864194929599762,0.3862724304199219,0.029120154678821564,-0.12245383858680725,-0.7759336829185486,0.6235661506652832,-0.37580636143684387,-0.37372303009033203,-0.5865351557731628,-0.8170378804206848,-0.21806730329990387,-0.3669852018356323
0.050846271216869354,-0.5993676781654358,0.9370113611221313,-0.10853521525859833,-0.0007240698905661702,-0.779678225517273,0.6167020797729492,-0.055677976459264755,0.1744130253791809,0.013762546703219414,0.5364620089530945,-0.2452942430973053,0.04448632150888443,0.20797684788703918,-0.15149953961372375,0.38460275530815125,0.03309657797217369,-0.1367393136024475,-0.7349022626876831,0.6777068376541138,-0.3747537136077881,-0.3846447765827179,-0.6198257207870483,-0.7356204986572266,-0.2128833532333374,-0.33624985814094543
0.04498854652047157,-0.604095995426178,0.93682861328125,-0.11413800716400146,0.004453794099390507,-0.7860792875289917,0.607479989528656,-0.0715121403336525,0.19715853035449982,0.019374515861272812,0.5563720464706421,-0.233481764793396,0.04628941789269447,0.2357501983642578,-0.1429426372051239,0.37776869535446167,0.03791762888431549,-0.14735378324985504,-0.6926129460334778,0.7220946550369263,-0.35756874084472656,-0.4023391902446747,-0.660089373588562,-0.6591231226921082,-0.2154882699251175,-0.3028619885444641
0.03931781277060509,-0.6093540191650391,0.9369934797286987,-0.11899515986442566,0.010017714463174343,-0.7905115485191345,0.6006922721862793,-0.08388891816139221,0.21791423857212067,0.022934352979063988,0.5691452026367188,-0.22604182362556458,0.047513093799352646,0.26139914989471436,-0.13183452188968658,0.36627835035324097,0.041458792984485626,-0.16083413362503052,-0.6597787141799927,0.7736547589302063,-0.3212049603462219,-0.43116652965545654,-0.6943517923355103,-0.6037448644638062,-0.22350361943244934,-0.272856205701828
0.033933065831661224,-0.6142611503601074,0.9368210434913635,-0.12162992358207703,0.013792208395898342,-0.7923985123634338,0.5975956916809082,-0.09368115663528442,0.23088452219963074,0.02517632208764553,0.575241208076477,-0.22681477665901184,0.0462624728679657,0.27949029207229614,-0.12663809955120087,0.3673599362373352,0.03569713234901428,-0.177684485912323,-0.6306805610656738,0.8453102707862854,-0.2542395293712616,-0.48458561301231384,-0.7176783084869385,-0.5845212340354919,-0.23193657398223877,-0.2571215331554413
0.028717242181301117,-0.618243932723999,0.9378905296325684,-0.12041130661964417,0.016444005072116852,-0.7919555306434631,0.5983620285987854,-0.0992545560002327,0.23634326457977295,0.021639492362737656,0.5695144534111023,-0.22702668607234955,0.04498080536723137,0.2886834442615509,-0.12356219440698624,0.36356696486473083,0.0308435820043087,-0.1871643364429474,-0.5991685390472412,0.9356049299240112,-0.17322024703025818,-0.5246918201446533,-0.7313005328178406,-0.5917196273803711,-0.237177312374115,-0.25525739789009094
0.023080995306372643,-0.6214161515235901,0.9401291012763977,-0.11696966737508774,0.018029266968369484,-0.7889302372932434,0.6029776930809021,-0.10287798941135406,0.23707564175128937,0.01623506285250187,0.5525570511817932,-0.22339895367622375,0.04450464993715286,0.29233986139297485,-0.11818547546863556,0.35170242190361023,0.02900245040655136,-0.18415458500385284,-0.5584518909454346,1.0399143695831299,-0.0796239972114563,-0.5396490693092346,-0.73207688331604,-0.6232160925865173,-0.24552087485790253,-0.2616312503814697
0.016644394025206566,-0.6243919134140015,0.9433300495147705,-0.11130493879318237,0.018308820202946663,-0.7832614779472351,0.6113734245300293,-0.10533071309328079,0.2330547720193863,0.012232481501996517,0.5227413177490234,-0.21695493161678314,0.044803716242313385,0.29006776213645935,-0.11098308861255646,0.33540984988212585,0.02978815883398056,-0.17274917662143707,-0.5136451125144958,1.1651456356048584,0.013753358274698257,-0.5384297370910645,-0.7214642763137817,-0.6762246489524841,-0.25552141666412354,-0.2745373249053955
0.009587880223989487,-0.6275963187217712,0.9469833970069885,-0.10452809184789658,0.016875501722097397,-0.774787187576294,0.6232928037643433,-0.107692189514637,0.22604584693908691,0.009219745174050331,0.4881671965122223,-0.20690560340881348,0.0461718775331974,0.28249841928482056,-0.10102637112140656,0.3177545666694641,0.030946116894483566,-0.15913133323192596,-0.46972957253456116,1.2943830490112305,0.09677769243717194,-0.5505400896072388,-0.712580680847168,-0.738470196723938,-0.26839953660964966,-0.29592758417129517
0.0018303999677300453,-0.6309236884117126,0.9506683349609375,-0.09767425060272217,0.013547995127737522,-0.762706458568573,0.6391831040382385,-0.10992960631847382,0.21833357214927673,0.006910640746355057,0.4550703465938568,-0.1934977024793625,0.048027120530605316,0.2710506021976471,-0.08769475668668747,0.2995090186595917,0.03180428966879845,-0.14587858319282532,-0.4297490119934082,1.4099594354629517,0.16366739571094513,-0.5705106854438782,-0.7052114605903625,-0.8020166158676147,-0.28020626306533813,-0.31583306193351746
-0.006564214825630188,-0.6339023113250732,0.9540794491767883,-0.09144129604101181,0.006722013466060162,-0.7465015649795532,0.6590361595153809,-0.11174587905406952,0.2089867889881134,0.008893795311450958,0.4276583194732666,-0.17890214920043945,0.050613883882761,0.2549472153186798,-0.07042806595563889,0.2831192910671234,0.03137144446372986,-0.14017875492572784,-0.39607542753219604,1.4988093376159668,0.21694301068782806,-0.5857869386672974,-0.6925402283668518,-0.8691567182540894,-0.3004891276359558,-0.33619552850723267
-0.015907803550362587,-0.6363523602485657,0.957111120223999,-0.08605264127254486,-0.0032530950848013163,-0.7256876230239868,0.6826139092445374,-0.11329053342342377,0.19938558340072632,0.014158452861011028,0.4040600657463074,-0.164402574300766,0.051927350461483,0.23654700815677643,-0.049374908208847046,0.2674387991428375,0.031027067452669144,-0.13409991562366486,-0.3652118444442749,1.5638325214385986,0.25781193375587463,-0.5920040607452393,-0.6685998439788818,-0.9338158369064331,-0.3265491724014282,-0.35208356380462646
-0.025390513241291046,-0.6386255025863647,0.9593581557273865,-0.08159203827381134,-0.015413783490657806,-0.7020343542098999,0.7072855830192566,-0.11404615640640259,0.19040395319461823,0.019349034875631332,0.3836047053337097,-0.15262451767921448,0.0539025142788887,0.21717354655265808,-0.028278999030590057,0.25784847140312195,0.026837436482310295,-0.13670951128005981,-0.34266912937164307,1.5975172519683838,0.2867894172668457,-0.5929081439971924,-0.6406571865081787,-0.9878748655319214,-0.3550962209701538,-0.37256044149398804
-0.03447633981704712,-0.6404584646224976,0.9607597589492798,-0.07749354839324951,-0.02814444899559021,-0.677415132522583,0.7309660315513611,-0.11397872120141983,0.18194694817066193,0.023648958653211594,0.36151978373527527,-0.14434713125228882,0.055986057966947556,0.19672805070877075,-0.010507644154131413,0.2561749815940857,0.017667630687355995,-0.14513076841831207,-0.3350447118282318,1.6073262691497803,0.31173214316368103,-0.6106066107749939,-0.611631453037262,-1.0383994579315186,-0.3787324130535126,-0.3983752131462097
-0.042581841349601746,-0.6418473720550537,0.961280107498169,-0.07403440028429031,-0.0415455624461174,-0.6535296440124512,0.7521249651908875,-0.11349406838417053,0.1718517541885376,0.029382914304733276,0.3401247262954712,-0.13890179991722107,0.05765947327017784,0.17436468601226807,0.006284119561314583,0.2623057961463928,0.004258313681930304,-0.14993658661842346,-0.3398245573043823,1.6013907194137573,0.3430474102497101,-0.6313295364379883,-0.580329954624176,-1.0897743701934814,-0.4030015766620636,-0.41777098178863525
-0.05041362717747688,-0.6431143879890442,0.9613610506057739,-0.07233482599258423,-0.05204661190509796,-0.6321784853935242,0.7696812152862549,-0.11023866385221481,0.16645409166812897,0.03777502477169037,0.31288158893585205,-0.13180850446224213,0.06043636053800583,0.15757232904434204,0.023066367954015732,0.262308806180954,-0.003166226204484701,-0.15302316844463348,-0.34879767894744873,1.59352445602417,0.37905824184417725,-0.648862898349762,-0.5583113431930542,-1.1214529275894165,-0.42485713958740234,-0.42790865898132324
-0.05694200471043587,-0.6444724202156067,0.9607857465744019,-0.07213816791772842,-0.06235593929886818,-0.6123285293579102,0.7848321795463562,-0.10737264156341553,0.15930405259132385,0.049791619181632996,0.2874726951122284,-0.12585417926311493,0.06170222908258438,0.14167067408561707,0.04165592044591904,0.26316750049591064,-0.00903829000890255,-0.14900895953178406,-0.3578524589538574,1.5690314769744873,0.4199221432209015,-0.6586719751358032,-0.5379261374473572,-1.1403493881225586,-0.445622980594635,-0.42473432421684265
-0.06174992769956589,-0.6464704871177673,0.9596638679504395,-0.07237561047077179,-0.07277213037014008,-0.5941652059555054,0.7977679967880249,-0.1047995537519455,0.14874008297920227,0.06324300169944763,0.2672436237335205,-0.12111977487802505,0.06222875788807869,0.12441222369670868,0.061516232788562775,0.26705583930015564,-0.0157912690192461,-0.1410667896270752,-0.3631843328475952,1.5322599411010742,0.46218207478523254,-0.6627767086029053,-0.516136646270752,-1.1554569005966187,-0.4683772325515747,-0.4113147258758545
-0.06470005214214325,-0.6491418480873108,0.9581800699234009,-0.07208365947008133,-0.08220254629850388,-0.5785980224609375,0.8082517981529236,-0.10035458207130432,0.13585986196994781,0.07587410509586334,0.25090456008911133,-0.11819254606962204,0.06265302747488022,0.10429059714078903,0.07936382293701172,0.27330100536346436,-0.02344031259417534,-0.1350598931312561,-0.36503973603248596,1.4863920211791992,0.5010138750076294,-0.6628730297088623,-0.49539899826049805,-1.1695780754089355,-0.49139243364334106,-0.39199596643447876
-0.06595082581043243,-0.6515641808509827,0.955945611000061,-0.0722879096865654,-0.09107518941164017,-0.5652959942817688,0.8166518807411194,-0.0935099869966507,0.12199470400810242,0.09012024849653244,0.2379385381937027,-0.11589160561561584,0.06200459599494934,0.08162176609039307,0.09624185413122177,0.28219032287597656,-0.030163947492837906,-0.12859053909778595,-0.3633277416229248,1.4355512857437134,0.5402252674102783,-0.6523573994636536,-0.47594982385635376,-1.1863563060760498,-0.519553542137146,-0.36217638850212097
-0.06528796255588531,-0.6544189453125,0.9529122114181519,-0.07290281355381012,-0.09897828847169876,-0.5537297129631042,0.8235726356506348,-0.08371686935424805,0.10727451741695404,0.10598514974117279,0.22847414016723633,-0.1154806911945343,0.05989658087491989,0.0575396902859211,0.11181995272636414,0.294037401676178,-0.036093294620513916,-0.12034372240304947,-0.3610385060310364,1.3810902833938599,0.5821703672409058,-0.638553261756897,-0.45518916845321655,-1.2036607265472412,-0.5500817894935608,-0.3313223123550415
-0.062460996210575104,-0.657951831817627,0.949059009552002,-0.07378746569156647,-0.10597287863492966,-0.5436431169509888,0.8293233513832092,-0.07245127856731415,0.09154131263494492,0.12234249711036682,0.2246113121509552,-0.11705610156059265,0.057301320135593414,0.03253106772899628,0.12637902796268463,0.30862095952033997,-0.04076753556728363,-0.10818842053413391,-0.35084980726242065,1.3098556995391846,0.6263399720191956,-0.6139332056045532,-0.4323793649673462,-1.2101011276245117,-0.5844625234603882,-0.2972862720489502
-0.05753900110721588,-0.6622018814086914,0.9447808265686035,-0.0739298015832901,-0.11189549416303635,-0.5351096391677856,0.8340692520141602,-0.059995438903570175,0.07375156879425049,0.13731896877288818,0.22554022073745728,-0.12009802460670471,0.05544053018093109,0.006736609153449535,0.13930842280387878,0.32472527027130127,-0.04417206346988678,-0.09384959191083908,-0.3287813663482666,1.2239141464233398,0.6692897081375122,-0.5750299692153931,-0.4096668064594269,-1.2049458026885986,-0.6210700869560242,-0.262021541595459
-0.05023885890841484,-0.6659393310546875,0.9404246807098389,-0.06945216655731201,-0.1198900118470192,-0.5289615392684937,0.8372589349746704,-0.04103311896324158,0.041741032153367996,0.13746263086795807,0.25825032591819763,-0.13989266753196716,0.06037745252251625,-0.03075246885418892,0.1433657556772232,0.3610413372516632,-0.055861618369817734,-0.06348567456007004,-0.3111099898815155,1.1225121021270752,0.6981946229934692,-0.5032434463500977,-0.39901214838027954,-1.2095063924789429,-0.6455880403518677,-0.20333552360534668
-0.043187327682971954,-0.6688023805618286,0.9413726925849915,-0.06852438300848007,-0.12449289113283157,-0.5227095484733582,0.8405835628509521,-0.027642743661999702,0.020994476974010468,0.14154252409934998,0.278456449508667,-0.1473456770181656,0.06191437691450119,-0.05424599349498749,0.1466933637857437,0.3916250169277191,-0.06043536588549614,-0.04110683500766754,-0.2782707214355469,1.0159296989440918,0.7276127338409424,-0.44067656993865967,-0.3878423571586609,-1.1884424686431885,-0.6729744672775269,-0.16147567331790924
-0.03536738082766533,-0.6716974377632141,0.9422475099563599,-0.06857111304998398,-0.12770545482635498,-0.5177268385887146,0.8431774973869324,-0.015107502229511738,0.004781395196914673,0.14767716825008392,0.294891893863678,-0.15336602926254272,0.0641499012708664,-0.07157260179519653,0.15108761191368103,0.41685259342193604,-0.06339633464813232,-0.03415107727050781,-0.24530167877674103,0.9062750339508057,0.7529134154319763,-0.3868962228298187,-0.3713529706001282,-1.153864860534668,-0.6967959403991699,-0.1429346203804016
-0.027179155498743057,-0.6746401786804199,0.9430892467498779,-0.06840353459119797,-0.1292249858379364,-0.5144574642181396,0.8449588418006897,-0.004067796282470226,-0.008958909660577774,0.15310415625572205,0.30819427967071533,-0.15978224575519562,0.06717102229595184,-0.08598292618989944,0.1549818217754364,0.4350648522377014,-0.06665258854627609,-0.036839958280324936,-0.22171863913536072,0.8124786615371704,0.773748517036438,-0.3534219563007355,-0.3518313467502594,-1.1215764284133911,-0.7148109674453735,-0.14193494617938995
-0.018195489421486855,-0.6777313351631165,0.9432258605957031,-0.06536740809679031,-0.12883007526397705,-0.5136576294898987,0.8457456827163696,0.005942911840975285,-0.02626069262623787,0.14871911704540253,0.3302002251148224,-0.1742771714925766,0.07328146696090698,-0.10422176122665405,0.15395428240299225,0.45085060596466064,-0.07401996105909348,-0.03999052196741104,-0.23164713382720947,0.76935875415802,0.7734782695770264,-0.3166145086288452,-0.3395842909812927,-1.124037504196167,-0.7031365633010864,-0.12886664271354675
-0.009607067331671715,-0.6796438097953796,0.9439661502838135,-0.060696471482515335,-0.1256442666053772,-0.5158292651176453,0.845251202583313,0.014116593636572361,-0.04322391375899315,0.1401507556438446,0.34366363286972046,-0.18413354456424713,0.08252766728401184,-0.12317294627428055,0.14471149444580078,0.4598977565765381,-0.07838650792837143,-0.04487178102135658,-0.2689518928527832,0.7937206029891968,0.7696480751037598,-0.28093668818473816,-0.3368879556655884,-1.171154499053955,-0.6783008575439453,-0.10194765776395798
-0.0009453129023313522,-0.6800076961517334,0.94632887840271,-0.05566318333148956,-0.1196080669760704,-0.5208171010017395,0.8434127569198608,0.01920633763074875,-0.057384952902793884,0.13367372751235962,0.3370656669139862,-0.18284624814987183,0.092425137758255,-0.14042271673679352,0.13148555159568787,0.45400476455688477,-0.07347971946001053,-0.05072787031531334,-0.3461523652076721,0.8668544292449951,0.7490503787994385,-0.244013249874115,-0.36596745252609253,-1.2468256950378418,-0.6347965002059937,-0.07644104957580566
0.008445397019386292,-0.6792502999305725,0.9496660232543945,-0.0504467636346817,-0.11157394200563431,-0.5285878777503967,0.8400007486343384,0.02088288962841034,-0.06925897300243378,0.1262979805469513,0.31816524267196655,-0.1736600697040558,0.10143045336008072,-0.1557878851890564,0.11435722559690475,0.43685033917427063,-0.060145966708660126,-0.05522811412811279,-0.465196430683136,0.9390221834182739,0.7121942043304443,-0.2171015441417694,-0.42474162578582764,-1.3261592388153076,-0.5847600698471069,-0.06359896063804626
0.01838330179452896,-0.678924024105072,0.9524824023246765,-0.043411631137132645,-0.10286789387464523,-0.5380403995513916,0.8354915976524353,0.01837473176419735,-0.08283984661102295,0.11052794009447098,0.30411943793296814,-0.16760119795799255,0.10565098375082016,-0.17334946990013123,0.09233973175287247,0.41827231645584106,-0.04663476347923279,-0.04079535976052284,-0.6424781680107117,0.9583969116210938,0.6273810267448425,-0.19164472818374634,-0.517074704170227,-1.383436679840088,-0.5144461989402771,-0.07598933577537537
0.02791639044880867,-0.6780229210853577,0.953753650188446,-0.03907165676355362,-0.0963941290974617,-0.5476873517036438,0.8301928639411926,0.00978915486484766,-0.09225114434957504,0.09006956964731216,0.3069306015968323,-0.16824492812156677,0.10262227803468704,-0.1866587996482849,0.07016212493181229,0.4068264961242676,-0.038036882877349854,0.021582091227173805,-0.8756921887397766,0.8480452299118042,0.5059009790420532,-0.13781102001667023,-0.6225217580795288,-1.3679461479187012,-0.4194660782814026,-0.09292692691087723
0.03712225705385208,-0.6787735223770142,0.9539794921875,-0.04032331332564354,-0.0903855562210083,-0.5575661659240723,0.8242114186286926,-0.0010530264116823673,-0.0886133685708046,0.0684734657406807,0.3259164094924927,-0.17623281478881836,0.0932178720831871,-0.18627053499221802,0.050591856241226196,0.4034211039543152,-0.03858952969312668,0.1230846643447876,-1.1347053050994873,0.5856765508651733,0.3968350291252136,0.004900328814983368,-0.7191734313964844,-1.2489182949066162,-0.2942280173301697,-0.05925600230693817
0.04528510943055153,-0.6815903186798096,0.9529218673706055,-0.04404401406645775,-0.08460014313459396,-0.5706431269645691,0.8156405091285706,-0.0055106705985963345,-0.07718300074338913,0.04661833122372627,0.35815322399139404,-0.18999238312244415,0.08596673607826233,-0.1763223558664322,0.029823612421751022,0.4126184582710266,-0.048437513411045074,0.2161310315132141,-1.364821195602417,0.2725353538990021,0.34498992562294006,0.24276304244995117,-0.8071917295455933,-1.0422284603118896,-0.18035374581813812,0.05491168424487114
0.0502881184220314,-0.68144291639328,0.9519234895706177,-0.04545995965600014,-0.07427981495857239,-0.5870351791381836,0.8048637509346008,-0.0038108741864562035,-0.05957050994038582,0.008510632440447807,0.3943566679954529,-0.20081186294555664,0.08991362154483795,-0.15711639821529388,-0.015121115371584892,0.43537795543670654,-0.05437413603067398,0.22470302879810333,-1.4598913192749023,0.058147966861724854,0.2953987121582031,0.4359953999519348,-0.8937008380889893,-0.749863862991333,-0.09016793966293335,0.1703183650970459
0.05561467260122299,-0.6847248077392578,0.9497592449188232,-0.04464435577392578,-0.06540659815073013,-0.5984760522842407,0.7972171902656555,-0.008628805167973042,-0.04720321670174599,-0.028831403702497482,0.4353885352611542,-0.21431949734687805,0.09317300468683243,-0.1415260136127472,-0.05730574578046799,0.4661010503768921,-0.06324096769094467,0.20847831666469574,-1.5029020309448242,-0.08120382577180862,0.2488926500082016,0.669173538684845,-0.9479182958602905,-0.5141416788101196,-0.01824158802628517,0.3691771328449249
0.05752599239349365,-0.6871951222419739,0.9445180296897888,-0.04528910666704178,-0.05596427991986275,-0.6097820401191711,0.7892926335334778,-0.016295526176691055,-0.0277923084795475,-0.07651601731777191,0.5022832155227661,-0.24076277017593384,0.09897926449775696,-0.1162966936826706,-0.11506693065166473,0.5261541604995728,-0.08268553763628006,0.15109051764011383,-1.4390283823013306,-0.1717824935913086,0.1686006635427475,0.8696726560592651,-0.9772956967353821,-0.2778118848800659,0.0715445727109909,0.5862888097763062
0.05836652219295502,-0.6923112273216248,0.9351215958595276,-0.048449017107486725,-0.04400903731584549,-0.6186561584472656,0.7829307317733765,-0.02464376389980316,-0.00029627420008182526,-0.13508100807666779,0.6011862754821777,-0.27835988998413086,0.10275141149759293,-0.0779508724808693,-0.18173030018806458,0.6156314611434937,-0.12580323219299316,0.0710105448961258,-1.3295776844024658,-0.230658620595932,0.12418561428785324,1.1435856819152832,-1.0003119707107544,-0.06157772243022919,0.15242400765419006,0.9031896591186523
0.05804329738020897,-0.7001179456710815,0.9187111258506775,-0.04957888275384903,-0.03718329221010208,-0.6225480437278748,0.7801238894462585,-0.04253321886062622,0.013693167828023434,-0.19607232511043549,0.7294525504112244,-0.31953418254852295,0.10354107618331909,-0.04665311053395271,-0.24677148461341858,0.7360509634017944,-0.18346606194972992,0.028491301462054253,-1.1744266748428345,-0.2689281105995178,0.1180693581700325,1.4005377292633057,-0.9629136323928833,0.07897448539733887,0.18670883774757385,1.1906251907348633
0.05490998923778534,-0.7054300308227539,0.9032537937164307,-0.05153239518404007,-0.030174314975738525,-0.6247942447662354,0.7785024642944336,-0.0674867182970047,0.0304805189371109,-0.23858635127544403,0.8307245373725891,-0.34316331148147583,0.1013578325510025,-0.011483874171972275,-0.2944280505180359,0.8313323259353638,-0.2207077443599701,0.0001537073403596878,-0.9282044172286987,-0.21091410517692566,0.12095680087804794,1.538048505783081,-0.8214661478996277,0.11952828615903854,0.16695484519004822,1.3915891647338867
0.05238404870033264,-0.7125289440155029,0.8997688293457031,-0.05416308343410492,-0.024274680763483047,-0.6256352663040161,0.7778545022010803,-0.09612405300140381,0.046617262065410614,-0.2323608249425888,0.848002552986145,-0.33209511637687683,0.09929613769054413,0.019165001809597015,-0.28532278537750244,0.8374680280685425,-0.22399340569972992,-0.00856800191104412,-0.655960738658905,-0.020252563059329987,0.2119290828704834,1.473496437072754,-0.6049741506576538,0.009087696671485901,0.006076410412788391,1.4185712337493896
0.05227677524089813,-0.7191795110702515,0.9102479219436646,-0.05519752576947212,-0.02045963890850544,-0.6238781213760376,0.7793014049530029,-0.11462853848934174,0.056928448379039764,-0.19054272770881653,0.7781139612197876,-0.27986130118370056,0.10070991516113281,0.03696934133768082,-0.24314634501934052,0.770700216293335,-0.18888041377067566,-0.008741233497858047,-0.4655020534992218,0.1988745629787445,0.3294752836227417,1.38008713722229,-0.4422197937965393,-0.14750301837921143,-0.18702471256256104,1.4138845205307007
0.05495128780603409,-0.7240523099899292,0.9280074834823608,-0.05663413181900978,-0.018195752054452896,-0.6191239356994629,0.7830371260643005,-0.12127596139907837,0.06912481784820557,-0.12875545024871826,0.6487694978713989,-0.19552089273929596,0.09742572158575058,0.04442030191421509,-0.17471098899841309,0.6433870196342468,-0.11381914466619492,-0.010259260423481464,-0.30075201392173767,0.4327896535396576,0.43345943093299866,1.3179429769515991,-0.29341980814933777,-0.33770233392715454,-0.34684497117996216,1.4138967990875244
0.05769796669483185,-0.726166844367981,0.9445697069168091,-0.05977228656411171,-0.018547900021076202,-0.6124245524406433,0.7880478501319885,-0.12135986238718033,0.08228383958339691,-0.05515887960791588,0.4974343478679657,-0.08906687051057816,0.08825525641441345,0.049718063324689865,-0.08421023190021515,0.48137566447257996,-0.00971616804599762,-0.007609380874782801,-0.16897840797901154,0.6795154213905334,0.5292747616767883,1.3023747205734253,-0.1808178871870041,-0.5562880039215088,-0.47964513301849365,1.4315789937973022
0.05949191004037857,-0.7261356115341187,0.9553917050361633,-0.0621330551803112,-0.01997338980436325,-0.6051476001739502,0.7934336066246033,-0.11642937362194061,0.08888759464025497,0.011608444154262543,0.36691009998321533,0.010490790009498596,0.0765199214220047,0.05245358496904373,-0.005908533930778503,0.34088748693466187,0.09097722917795181,0.00019696587696671486,-0.09575263410806656,0.9288634657859802,0.6001842021942139,1.3255665302276611,-0.12984108924865723,-0.8039616346359253,-0.5615102648735046,1.4736580848693848
0.05980817973613739,-0.7243279814720154,0.9612477421760559,-0.06371819227933884,-0.022128302603960037,-0.5989189147949219,0.7979639172554016,-0.11082333326339722,0.08315227925777435,0.06702987104654312,0.27889102697372437,0.0793544352054596,0.0673125609755516,0.054505739361047745,0.04970938712358475,0.23613694310188293,0.16616621613502502,0.0024349968880414963,-0.07505621016025543,1.1714508533477783,0.6412962079048157,1.3489599227905273,-0.12300290167331696,-1.0570900440216064,-0.5910229682922363,1.5056486129760742
0.05796545743942261,-0.7224906086921692,0.9639613628387451,-0.06323390454053879,-0.022389765828847885,-0.5926642417907715,0.8026514649391174,-0.10414521396160126,0.06474871933460236,0.10689999908208847,0.24002991616725922,0.1114860326051712,0.06116682291030884,0.05857854336500168,0.07517993450164795,0.16369107365608215,0.21161475777626038,-0.0013941946672275662,-0.10211838036775589,1.3839924335479736,0.6505594849586487,1.352033257484436,-0.15719927847385406,-1.2883687019348145,-0.5748901963233948,1.5138580799102783
0.052043475210666656,-0.7193983793258667,0.9650801420211792,-0.06125180050730705,-0.02128356322646141,-0.587410032749176,0.8066874742507935,-0.09352906048297882,0.03691490739583969,0.13517333567142487,0.22735178470611572,0.11773407459259033,0.0538056381046772,0.0670447051525116,0.07825245708227158,0.11176706850528717,0.2363818883895874,-0.009040450677275658,-0.15740415453910828,1.567601203918457,0.6485335230827332,1.3201148509979248,-0.21924757957458496,-1.48966646194458,-0.5482892394065857,1.4835937023162842
0.04310900345444679,-0.716884195804596,0.9647148847579956,-0.05748298764228821,-0.01759287342429161,-0.5855536460876465,0.8084016442298889,-0.08341076970100403,0.003879271447658539,0.15104077756404877,0.23091500997543335,0.0987296849489212,0.05141255259513855,0.08164139091968536,0.05911581218242645,0.07942067831754684,0.2408105581998825,-0.024026697501540184,-0.23158010840415955,1.7222628593444824,0.644385814666748,1.2557268142700195,-0.29404622316360474,-1.6496014595031738,-0.520639955997467,1.419503927230835
0.032591868191957474,-0.7146445512771606,0.9655114412307739,-0.05393948778510094,-0.014394376426935196,-0.5846138596534729,0.8093886375427246,-0.07692697644233704,-0.028496263548731804,0.15177655220031738,0.24731209874153137,0.05950448289513588,0.05598093569278717,0.09903325140476227,0.028082910925149918,0.07424978911876678,0.22939810156822205,-0.045363299548625946,-0.3148822784423828,1.847855806350708,0.6442131996154785,1.1354862451553345,-0.37617719173431396,-1.7736142873764038,-0.49336570501327515,1.3154873847961426
0.02092563360929489,-0.7136489152908325,0.9670453071594238,-0.05180547386407852,-0.01227058470249176,-0.5849238634109497,0.8093391060829163,-0.06895479559898376,-0.05332041531801224,0.1375138759613037,0.2831268012523651,-0.00015343353152275085,0.061985015869140625,0.11890071630477905,-0.0074489060789346695,0.0860186517238617,0.20566339790821075,-0.06358786672353745,-0.39020565152168274,1.9338617324829102,0.652186393737793,0.9688047766685486,-0.4599202871322632,-1.856849193572998,-0.48189541697502136,1.1656837463378906
0.009764757007360458,-0.715537428855896,0.9676772356033325,-0.0489991270005703,-0.010303918272256851,-0.5852601528167725,0.8092981576919556,-0.05875089764595032,-0.07189884036779404,0.11328162997961044,0.3389330804347992,-0.08055390417575836,0.06974171102046967,0.13543182611465454,-0.046965647488832474,0.1172880306839943,0.1679781675338745,-0.08450639992952347,-0.4658976197242737,1.9730556011199951,0.6476659178733826,0.8012308478355408,-0.5605372190475464,-1.8937339782714844,-0.47256535291671753,1.0117359161376953
-0.000663162674754858,-0.7174162864685059,0.9656409025192261,-0.05070512741804123,-0.009728772565722466,-0.5801019072532654,0.8129059672355652,-0.044598281383514404,-0.0774463564157486,0.08931989222764969,0.42485541105270386,-0.16711419820785522,0.07732175290584564,0.1573021113872528,-0.09368397295475006,0.18223384022712708,0.11571461707353592,-0.11552063375711441,-0.5367603302001953,1.9659600257873535,0.6085866689682007,0.6232870817184448,-0.6763234734535217,-1.8847533464431763,-0.44180917739868164,0.8405293226242065
-0.009366119280457497,-0.7206935882568359,0.9601036310195923,-0.05666983500123024,-0.011061052791774273,-0.5690686702728271,0.8202602863311768,-0.0289309062063694,-0.07017240673303604,0.06500490754842758,0.5341277122497559,-0.24221768975257874,0.08873559534549713,0.18122276663780212,-0.14419305324554443,0.2754746973514557,0.05235163867473602,-0.16738368570804596,-0.6027654409408569,1.8952394723892212,0.5154682397842407,0.38549894094467163,-0.830510139465332,-1.7887768745422363,-0.3647919297218323,0.6096717119216919
-0.016440384089946747,-0.7255332469940186,0.9493287801742554,-0.06844278424978256,-0.019329609349370003,-0.5546560287475586,0.8290347456932068,-0.01383304875344038,-0.05176938697695732,0.050014473497867584,0.6642774343490601,-0.29797571897506714,0.10107383877038956,0.2085745483636856,-0.18835005164146423,0.40096762776374817,-0.0238654762506485,-0.24163639545440674,-0.6441676616668701,1.7850534915924072,0.3969285488128662,0.14555728435516357,-1.0118887424468994,-1.59701406955719,-0.2488936334848404,0.37935444712638855
-0.02284502424299717,-0.7316370606422424,0.9321570992469788,-0.08052684366703033,-0.03396596759557724,-0.5373373031616211,0.8388268351554871,-0.006689082831144333,-0.03328172117471695,0.04697039723396301,0.798088788986206,-0.3407357335090637,0.11201633512973785,0.23051753640174866,-0.23450346291065216,0.5550837516784668,-0.1090160682797432,-0.32661712169647217,-0.6534452438354492,1.6503351926803589,0.2868776023387909,-0.07945627719163895,-1.182328462600708,-1.3376339673995972,-0.11104846000671387,0.21123340725898743
-0.02907058596611023,-0.737728476524353,0.9072326421737671,-0.0905480831861496,-0.05172758549451828,-0.5185264348983765,0.848678708076477,-0.010650275275111198,-0.019565369933843613,0.05451530963182449,0.9278490543365479,-0.37670016288757324,0.12285751104354858,0.243284672498703,-0.29134559631347656,0.7302483916282654,-0.18830141425132751,-0.41286128759384155,-0.6378877758979797,1.5154845714569092,0.20756590366363525,-0.27039575576782227,-1.3325971364974976,-1.042579174041748,0.031244605779647827,0.11716832220554352
-0.03579206019639969,-0.7429741024971008,0.8729630708694458,-0.09840907901525497,-0.07417988032102585,-0.5021855235099792,0.8559338450431824,-0.02293507382273674,-0.01726098731160164,0.07450389862060547,1.0535905361175537,-0.4073329269886017,0.13207831978797913,0.24325847625732422,-0.3569211959838867,0.9221242666244507,-0.25594162940979004,-0.5023286938667297,-0.6021416187286377,1.388840913772583,0.1363130509853363,-0.39447683095932007,-1.4885493516921997,-0.7135857939720154,0.18577128648757935,0.1305496245622635
-0.043140605092048645,-0.7454046607017517,0.8279596567153931,-0.1060621589422226,-0.10069146752357483,-0.49036043882369995,0.8591616749763489,-0.03974885866045952,-0.026053536683321,0.09724600613117218,1.1839258670806885,-0.44202572107315063,0.1337413787841797,0.23623770475387573,-0.42750173807144165,1.1271350383758545,-0.3177340626716614,-0.588557779788971,-0.5451211929321289,1.2764326333999634,0.07432270050048828,-0.47160398960113525,-1.6225850582122803,-0.37370505928993225,0.34145092964172363,0.24438457190990448
-0.047837994992733,-0.7464510202407837,0.7740861773490906,-0.1132543608546257,-0.12421061098575592,-0.4794996976852417,0.8612927198410034,-0.06188955157995224,-0.042814888060092926,0.11287607252597809,1.3183002471923828,-0.4832577705383301,0.1222374439239502,0.2235332429409027,-0.5130218863487244,1.3328050374984741,-0.3825169801712036,-0.6369792819023132,-0.5084773302078247,1.1483880281448364,0.03525976091623306,-0.5082976222038269,-1.6948997974395752,-0.12390828132629395,0.46186602115631104,0.4240987300872803
-0.05090821161866188,-0.7450971603393555,0.7179088592529297,-0.11804355680942535,-0.1408988982439041,-0.46894124150276184,0.8638907670974731,-0.09065954387187958,-0.06395430862903595,0.11552859842777252,1.4438402652740479,-0.525970458984375,0.10161104798316956,0.20535922050476074,-0.6112710237503052,1.5205295085906982,-0.4420096278190613,-0.6299320459365845,-0.5040332674980164,1.0255067348480225,-0.003787856549024582,-0.5296988487243652,-1.6653510332107544,0.038459621369838715,0.5789002180099487,0.6281964778900146
-0.05258234590291977,-0.7437678575515747,0.6654922962188721,-0.11838282644748688,-0.15506510436534882,-0.4585994780063629,0.8669641613960266,-0.12087008357048035,-0.09423790872097015,0.10674243420362473,1.5543348789215088,-0.5631616115570068,0.07882951945066452,0.17616838216781616,-0.7047750949859619,1.680046558380127,-0.49861353635787964,-0.5736034512519836,-0.5269895792007446,0.893547773361206,-0.04603126272559166,-0.5509963035583496,-1.544283151626587,0.14399875700473785,0.6856350898742676,0.8328089118003845
-0.05244000256061554,-0.7424496412277222,0.633047342300415,-0.11549946665763855,-0.17170962691307068,-0.4489996135234833,0.8692381978034973,-0.14443141222000122,-0.13762599229812622,0.09458103775978088,1.6519804000854492,-0.5883334279060364,0.06127636879682541,0.13202901184558868,-0.7795627117156982,1.8090033531188965,-0.551138699054718,-0.48760896921157837,-0.5701244473457336,0.7468852996826172,-0.08720826357603073,-0.5612459182739258,-1.3770359754562378,0.21259918808937073,0.777700662612915,1.0163782835006714
-0.05086240917444229,-0.7397881746292114,0.6097598075866699,-0.1103571206331253,-0.19143661856651306,-0.44017696380615234,0.870297372341156,-0.16114801168441772,-0.19153301417827606,0.0831252783536911,1.7263481616973877,-0.5981236696243286,0.05379801243543625,0.07537379860877991,-0.8177259564399719,1.8933521509170532,-0.5905839204788208,-0.3926890790462494,-0.633026123046875,0.6016523838043213,-0.12492533028125763,-0.5557788014411926,-1.1937973499298096,0.25718945264816284,0.8607648611068726,1.168033242225647
-0.04804994538426399,-0.7360808849334717,0.5905917882919312,-0.10536893457174301,-0.2151307910680771,-0.4317542314529419,0.8696001768112183,-0.17231574654579163,-0.2510499656200409,0.07161370664834976,1.7890300750732422,-0.5973933935165405,0.054966263473033905,0.01325894147157669,-0.8174532651901245,1.948178768157959,-0.6207015514373779,-0.29656732082366943,-0.7074640989303589,0.4625987410545349,-0.15382015705108643,-0.5359137654304504,-1.0161621570587158,0.2840012013912201,0.9357988834381104,1.2898489236831665
-0.04448312520980835,-0.7324433922767639,0.573307454586029,-0.09981511533260345,-0.2406691461801529,-0.4224974513053894,0.8681078553199768,-0.17876338958740234,-0.3128059208393097,0.0634419173002243,1.8421626091003418,-0.5909048318862915,0.06271441280841827,-0.052042536437511444,-0.7872934341430664,1.983816146850586,-0.6489657759666443,-0.2078748643398285,-0.7828081846237183,0.328462153673172,-0.17025117576122284,-0.5002021193504333,-0.8546056747436523,0.29237326979637146,1.0009722709655762,1.3846328258514404
-0.041191354393959045,-0.7297027111053467,0.557774543762207,-0.09570757299661636,-0.26424986124038696,-0.4120325446128845,0.8667417168617249,-0.17524921894073486,-0.35382384061813354,0.06255345791578293,1.8846631050109863,-0.5780980587005615,0.07434496283531189,-0.11156380921602249,-0.7441340684890747,2.0069804191589355,-0.6763348579406738,-0.1336936056613922,-0.8602478504180908,0.1963179111480713,-0.17074495553970337,-0.44956421852111816,-0.7075761556625366,0.2779447138309479,1.0533382892608643,1.4510241746902466
-0.03809483349323273,-0.7282851338386536,0.5437725186347961,-0.09254167973995209,-0.2844032347202301,-0.4009363651275635,0.8659104704856873,-0.16432881355285645,-0.380485475063324,0.06949283182621002,1.9187722206115723,-0.5631735920906067,0.0840836614370346,-0.16096971929073334,-0.6953630447387695,2.0220370292663574,-0.6999775171279907,-0.06737740337848663,-0.9369362592697144,0.07375580072402954,-0.16194316744804382,-0.3891493082046509,-0.573332667350769,0.24921122193336487,1.0928047895431519,1.4899868965148926
-0.03745435178279877,-0.7263551950454712,0.5316340923309326,-0.09079394489526749,-0.29922375082969666,-0.39244306087493896,0.8649913668632507,-0.15348239243030548,-0.3978155553340912,0.07459649443626404,1.9489238262176514,-0.5530967712402344,0.08974368125200272,-0.1918824464082718,-0.660082221031189,2.0318241119384766,-0.7156136631965637,-0.019969459623098373,-0.9909842014312744,-0.01282370463013649,-0.1559036374092102,-0.3458009958267212,-0.477704793214798,0.22561728954315186,1.1182780265808105,1.5121562480926514
-0.037352997809648514,-0.7245408296585083,0.5217735171318054,-0.08972722291946411,-0.309844970703125,-0.3855037987232208,0.864483654499054,-0.14131169021129608,-0.4090800881385803,0.07979383319616318,1.9736433029174805,-0.5471401214599609,0.09119126200675964,-0.21185481548309326,-0.6329578161239624,2.0381855964660645,-0.7253998517990112,0.014465831220149994,-1.0318188667297363,-0.07714782655239105,-0.1513022780418396,-0.3141446113586426,-0.4062807857990265,0.20386449992656708,1.1351499557495117,1.524872899055481
-0.03743802011013031,-0.7231888771057129,0.5148724913597107,-0.08902934193611145,-0.3179953694343567,-0.3798949718475342,0.864078938961029,-0.12758758664131165,-0.41640204191207886,0.08586140722036362,1.990671992301941,-0.544859766960144,0.08864330500364304,-0.22425228357315063,-0.6087141036987305,2.042320728302002,-0.7314262390136719,0.04116184264421463,-1.0627084970474243,-0.12799394130706787,-0.14679697155952454,-0.28892797231674194,-0.35194358229637146,0.18008708953857422,1.1463353633880615,1.5328896045684814
-0.03766825050115585,-0.7220379114151001,0.5104804635047913,-0.08870496600866318,-0.3244056701660156,-0.37585094571113586,0.8634978532791138,-0.11393512040376663,-0.42116132378578186,0.09293059259653091,2.000786304473877,-0.5461424589157104,0.08370297402143478,-0.23165807127952576,-0.5846114158630371,2.045008420944214,-0.7352256774902344,0.06122138351202011,-1.0880483388900757,-0.17110086977481842,-0.14195168018341064,-0.26762670278549194,-0.30996277928352356,0.15418457984924316,1.1529829502105713,1.5376193523406982
-0.03828814625740051,-0.7210694551467896,0.5078797936439514,-0.08860040456056595,-0.32991018891334534,-0.3729689419269562,0.8626722693443298,-0.10199461877346039,-0.4242548644542694,0.09973735362291336,2.005964994430542,-0.5509635210037231,0.07867725938558578,-0.2348056584596634,-0.559090256690979,2.046755313873291,-0.73847895860672,0.07559492439031601,-1.1101813316345215,-0.20961126685142517,-0.13657982647418976,-0.2476760745048523,-0.27750128507614136,0.12734508514404297,1.155228853225708,1.5388593673706055
-0.039073847234249115,-0.7204760313034058,0.5064061880111694,-0.08851312100887299,-0.33508262038230896,-0.37093013525009155,0.8615660071372986,-0.09159078449010849,-0.4262656569480896,0.10678409039974213,2.0075368881225586,-0.5590430498123169,0.07287885993719101,-0.2347763180732727,-0.5345339775085449,2.0478909015655518,-0.7416358590126038,0.08548799157142639,-1.1307896375656128,-0.24532634019851685,-0.13040697574615479,-0.22637939453125,-0.25366151332855225,0.10126501321792603,1.1537330150604248,1.5357155799865723
-0.03888244181871414,-0.7220004200935364,0.508244514465332,-0.08895609527826309,-0.3378349542617798,-0.3707231879234314,0.8605340123176575,-0.08651068806648254,-0.42757266759872437,0.11487218737602234,1.9997756481170654,-0.5712294578552246,0.064930260181427,-0.22836482524871826,-0.5123506188392639,2.04862904548645,-0.747065007686615,0.09890688955783844,-1.152806282043457,-0.2784520387649536,-0.12417200207710266,-0.2000659704208374,-0.23980820178985596,0.07484892755746841,1.1475266218185425,1.5238875150680542
-0.03833649307489395,-0.7231842279434204,0.5089276432991028,-0.09083806723356247,-0.34226348996162415,-0.3695678114891052,0.8590831160545349,-0.07882318645715714,-0.428422212600708,0.12833578884601593,1.9939820766448975,-0.5825515985488892,0.06038810685276985,-0.22082401812076569,-0.48761647939682007,2.0491087436676025,-0.7513818144798279,0.10785043239593506,-1.1797659397125244,-0.2999938130378723,-0.11165640503168106,-0.16428649425506592,-0.23332685232162476,0.04936610534787178,1.14045250415802,1.5028941631317139
-0.03776778280735016,-0.7235081791877747,0.5088307857513428,-0.09342049062252045,-0.34716105461120605,-0.36720582842826843,0.8578529953956604,-0.07039754092693329,-0.4289744198322296,0.14300629496574402,1.9906139373779297,-0.590378999710083,0.05869247391819954,-0.2120659053325653,-0.46486589312553406,2.0494205951690674,-0.7545533776283264,0.11519348621368408,-1.2060465812683105,-0.31399595737457275,-0.09537287056446075,-0.12475790083408356,-0.23302918672561646,0.02625535987317562,1.1360641717910767,1.4782979488372803
-0.03778921067714691,-0.7225881218910217,0.5088083744049072,-0.09540538489818573,-0.35104459524154663,-0.3638012111186981,0.857504665851593,-0.06470228731632233,-0.429333359003067,0.1541064977645874,1.9883685111999512,-0.5956270694732666,0.058645181357860565,-0.20137527585029602,-0.4497504234313965,2.0496232509613037,-0.7575033903121948,0.12358149141073227,-1.2275919914245605,-0.3230973482131958,-0.0839858129620552,-0.090788833796978,-0.2382189780473709,0.008045049384236336,1.1326526403427124,1.4544333219528198
-0.03784622624516487,-0.7213626503944397,0.508621096611023,-0.09694628417491913,-0.3536405563354492,-0.3599209487438202,0.857902467250824,-0.05909673869609833,-0.42956599593162537,0.16113345324993134,1.9885810613632202,-0.5999234318733215,0.05993102490901947,-0.19230572879314423,-0.43581438064575195,2.049755096435547,-0.7591033577919006,0.13120223581790924,-1.2493019104003906,-0.32901328802108765,-0.07637830823659897,-0.0642952024936676,-0.2446848452091217,-0.005421285983175039,1.1304062604904175,1.432369589805603
-0.03752259165048599,-0.7201762795448303,0.5082171559333801,-0.09796357154846191,-0.3570273220539093,-0.3578368127346039,0.857255756855011,-0.049294669181108475,-0.42971789836883545,0.17001891136169434,1.9878350496292114,-0.6016268134117126,0.059810757637023926,-0.1885567307472229,-0.42612260580062866,2.0498406887054443,-0.7594990730285645,0.13079971075057983,-1.2683405876159668,-0.3328586220741272,-0.06525366008281708,-0.03445420786738396,-0.2482273131608963,-0.015401763841509819,1.1284856796264648,1.4113001823425293
-0.03735538572072983,-0.7185878753662109,0.5082827806472778,-0.09894260764122009,-0.35947415232658386,-0.3569442331790924,0.8564925193786621,-0.044405028223991394,-0.4298166334629059,0.17511895298957825,1.9865225553512573,-0.6037293076515198,0.05985477566719055,-0.18508517742156982,-0.4237598180770874,2.049896240234375,-0.7608004212379456,0.13279056549072266,-1.2816238403320312,-0.3353580832481384,-0.05712137743830681,-0.010051310062408447,-0.2522256076335907,-0.02296227589249611,1.1258987188339233,1.3936474323272705
-0.037332963198423386,-0.7167283296585083,0.5084419846534729,-0.09976460039615631,-0.36105361580848694,-0.356730192899704,0.8558217883110046,-0.04075948894023895,-0.4298807978630066,0.17744624614715576,1.985879898071289,-0.6054341793060303,0.05970669165253639,-0.18186423182487488,-0.4251043200492859,2.0499324798583984,-0.761679470539093,0.13546119630336761,-1.2919988632202148,-0.33698272705078125,-0.05160457640886307,0.009420473128557205,-0.25542572140693665,-0.028056271374225616,1.122950792312622,1.3786263465881348
-0.03721544146537781,-0.7147672176361084,0.5084410309791565,-0.10048765689134598,-0.36187225580215454,-0.3571796715259552,0.8552037477493286,-0.0375247597694397,-0.42992252111434937,0.1785373091697693,1.9860562086105347,-0.6061328649520874,0.05879437178373337,-0.17919638752937317,-0.4283258318901062,2.0499560832977295,-0.7617413997650146,0.13876646757125854,-1.3007292747497559,-0.33803877234458923,-0.04789148271083832,0.023977480828762054,-0.25800821185112,-0.03173178434371948,1.1200590133666992,1.3659064769744873
-0.03688731789588928,-0.7128833532333374,0.5087301135063171,-0.10084649920463562,-0.3618650436401367,-0.3581380844116211,0.8547635674476624,-0.03412024676799774,-0.42994964122772217,0.17886391282081604,1.9856566190719604,-0.6055787205696106,0.05769577622413635,-0.17722398042678833,-0.43279942870140076,2.049971342086792,-0.7610882520675659,0.14146903157234192,-1.3078144788742065,-0.338725209236145,-0.04527062922716141,0.03533949702978134,-0.2596731185913086,-0.03485123813152313,1.1168057918548584,1.3556931018829346
-0.036440327763557434,-0.7109286785125732,0.5092144012451172,-0.10108613967895508,-0.36165758967399597,-0.35927724838256836,0.85434490442276,-0.03073064051568508,-0.4299672544002533,0.17884081602096558,1.9848048686981201,-0.604044497013092,0.05659542605280876,-0.17622897028923035,-0.43777692317962646,2.049981117248535,-0.7597297430038452,0.1440809816122055,-1.3135744333267212,-0.3391713798046112,-0.043294236063957214,0.04366536810994148,-0.26088038086891174,-0.03759612888097763,1.1133545637130737,1.3473140001296997
-0.035802725702524185,-0.7087919116020203,0.5097482800483704,-0.10135358572006226,-0.36137232184410095,-0.3605239987373352,0.8539086580276489,-0.027355659753084183,-0.42997869849205017,0.17901873588562012,1.9837393760681152,-0.601535975933075,0.05548002943396568,-0.1761126071214676,-0.4427749216556549,2.04998779296875,-0.7575545310974121,0.1466442197561264,-1.3183295726776123,-0.33946138620376587,-0.04199542850255966,0.04916822910308838,-0.26176774501800537,-0.040169522166252136,1.1100236177444458,1.340550184249878
-0.03501478582620621,-0.7064623832702637,0.5103270411491394,-0.10162299126386642,-0.36103129386901855,-0.361896276473999,0.8534402847290039,-0.02448764443397522,-0.4299861490726471,0.17941448092460632,1.9823507070541382,-0.5985593199729919,0.05459944158792496,-0.17660939693450928,-0.44746464490890503,2.049992084503174,-0.754939079284668,0.14910821616649628,-1.322367787361145,-0.33964991569519043,-0.0414169505238533,0.05276670679450035,-0.2621878385543823,-0.04226250201463699,1.1069834232330322,1.3348256349563599
-0.034107185900211334,-0.704136848449707,0.5109395980834961,-0.10165005177259445,-0.3604164719581604,-0.36348289251327515,0.853022575378418,-0.02222449518740177,-0.4299909770488739,0.1800665557384491,1.9804985523223877,-0.5954923033714294,0.05383634567260742,-0.17738944292068481,-0.4517356753349304,2.049994945526123,-0.752109169960022,0.1514235883951187,-1.325571060180664,-0.33977243304252625,-0.04160512238740921,0.05499119311571121,-0.26218467950820923,-0.04382658377289772,1.1040465831756592,1.3298368453979492
-0.033128522336483,-0.7018269300460815,0.5117097496986389,-0.1014891192317009,-0.3594348132610321,-0.3652777671813965,0.8526891469955444,-0.020472444593906403,-0.429994136095047,0.1809210628271103,1.977975606918335,-0.5926368236541748,0.05330274999141693,-0.17816922068595886,-0.4558347761631012,2.0499966144561768,-0.7493313550949097,0.15333515405654907,-1.3278124332427979,-0.33985209465026855,-0.04219841584563255,0.05670303851366043,-0.2619440257549286,-0.04426984488964081,1.101090669631958,1.3251008987426758
