0.000629073649,-0.316944361,0.862847447,0.0112425862,-0.0642916709,-0.679620981,0.73065424,-0.199892774,2.01795276E-17,-0.027223004,0.256519169,-0.171018288,1.71282767E-17,0.023602901,0.149191514,0.248827621,0.0514908098,-0.114496961,-0.33589834,0.958331823,-0.116836973,0.0595453531,-0.340529472,-0.281138659,0.951748431
0.000599694147,-0.316961437,0.863388598,0.0119581921,-0.0629962161,-0.680142403,0.730270386,-0.204702988,1.93156533E-17,-0.0297828931,0.265896261,-0.171316475,1.47864606E-17,0.0223563425,0.154720262,0.24635677,0.0498110019,-0.107667536,-0.336269289,0.963508785,-0.12732245,0.0557331964,-0.339407951,-0.280915529,0.955287218
0.000570314645,-0.316978544,0.863929749,0.0126737747,-0.0617005937,-0.680662036,0.729884684,-0.209513202,1.84517806E-17,-0.0323427841,0.275273323,-0.171614662,1.24446461E-17,0.0211097822,0.160249025,0.243885905,0.0481311977,-0.100838102,-0.336640239,0.968685806,-0.137807935,0.0519210361,-0.33828643,-0.280692428,0.958825946
0.000540935143,-0.316995621,0.864470899,0.0133893266,-0.0604048073,-0.681179941,0.729497015,-0.214323416,1.75879063E-17,-0.0349026732,0.284650415,-0.171912849,1.010283E-17,0.0198632237,0.165777773,0.241415054,0.0464513898,-0.0940086693,-0.337011188,0.973862767,-0.148293421,0.0481088795,-0.337164909,-0.280469298,0.962364733
0.000511555641,-0.317012727,0.86501205,0.0141048422,-0.0591088608,-0.681695998,0.729107499,-0.21913363,1.67240336E-17,-0.0374625623,0.294027507,-0.172211036,7.76101548E-18,0.0186166633,0.171306521,0.238944203,0.0447715819,-0.0871792436,-0.337382138,0.979039788,-0.158778891,0.0442967191,-0.336043388,-0.280246198,0.965903461
0.000482176139,-0.317029804,0.8655532,0.0148203168,-0.0578127764,-0.682210386,0.728716135,-0.223943844,1.58601592E-17,-0.0400224514,0.303404599,-0.172509223,5.41919934E-18,0.0173701048,0.176835284,0.236473337,0.043091774,-0.0803498104,-0.337753087,0.98421675,-0.169264376,0.0404845625,-0.334921867,-0.280023068,0.969442248
0.000421484874,-0.317083299,0.866017878,0.015535837,-0.0566047244,-0.68280071,0.728242993,-0.229523778,1.42367329E-17,-0.0435506701,0.315052062,-0.173048273,4.07455811E-18,0.0156469475,0.18357484,0.234623641,0.0414906554,-0.072149545,-0.339835197,0.988490343,-0.180490032,0.0364069939,-0.333788455,-0.280438572,0.972259581
0.00033521108,-0.317166537,0.86642015,0.0162514001,-0.0554685742,-0.683452845,0.727702916,-0.235732585,1.19927284E-17,-0.0478700437,0.328554541,-0.173784092,3.54463602E-18,0.0135343969,0.191303656,0.233281419,0.0399538204,-0.0628292635,-0.343315393,0.992025852,-0.192320421,0.0321125761,-0.332645297,-0.281375825,0.974487543
0.000248937256,-0.317249805,0.866822422,0.0169669241,-0.0543322749,-0.684103251,0.727160931,-0.241941407,9.74872387E-18,-0.0521894135,0.342057019,-0.174519926,3.01471351E-18,0.0114218462,0.199032485,0.231939211,0.0384169854,-0.0535089746,-0.346795559,0.995561361,-0.204150811,0.0278181601,-0.33150214,-0.282313079,0.976715446
0.000162663462,-0.317333043,0.867224693,0.0176824033,-0.0531958453,-0.684751987,0.726617157,-0.248150215,7.50472018E-18,-0.056508787,0.355559468,-0.175255746,2.48479142E-18,0.00930929556,0.206761301,0.230596989,0.0368801542,-0.0441886932,-0.350275755,0.99909687,-0.2159812,0.0235237442,-0.330358982,-0.283250362,0.978943348
7.63896314E-05,-0.317416281,0.867626965,0.0183978397,-0.0520592779,-0.685398877,0.726071537,-0.254359037,5.26071608E-18,-0.0608281605,0.369061947,-0.17599158,1.95486912E-18,0.00719674444,0.214490116,0.229254782,0.0353433192,-0.034868408,-0.353755951,1.00263238,-0.227811605,0.0192293264,-0.329215825,-0.284187615,0.98117131
-1.11955233E-05,-0.317501009,0.867986798,0.0191444773,-0.0509049557,-0.686033905,0.725534141,-0.260353506,3.32281016E-18,-0.0652092099,0.382675558,-0.176703677,1.30636655E-18,0.005066121,0.22224614,0.228082627,0.0338157639,-0.0255442038,-0.357467979,1.00607944,-0.239729673,0.0149831027,-0.328000724,-0.285127968,0.983413577
-0.000110491805,-0.31759882,0.867968023,0.0201701857,-0.0495929532,-0.686575353,0.725084901,-0.264433682,4.11854757E-18,-0.0701410696,0.397281915,-0.177203923,-4.01131855E-19,0.00277409377,0.230245143,0.228429154,0.0323710702,-0.0161850099,-0.363250792,1.00873661,-0.252430797,0.011167272,-0.326142907,-0.286096126,0.985784471
-0.000209788079,-0.317696661,0.867949188,0.021195842,-0.0482807793,-0.687114596,0.724633276,-0.268513888,4.91428498E-18,-0.0750729367,0.411888272,-0.177704155,-2.10863021E-18,0.000482066709,0.238244146,0.228775695,0.0309263766,-0.00682581542,-0.369033575,1.01139379,-0.265131891,0.00735144038,-0.32428509,-0.287064254,0.988155365
-0.000309084338,-0.317794472,0.867930353,0.0222214311,-0.046968434,-0.687651634,0.724179208,-0.272594064,5.71002239E-18,-0.0800047964,0.426494628,-0.178204402,-3.81612827E-18,-0.00180995988,0.246243149,0.229122221,0.0294816829,0.00253337715,-0.374816388,1.01405108,-0.277833015,0.00353560969,-0.322427273,-0.288032413,0.990526199
-0.000408380642,-0.317892313,0.867911577,0.0232469458,-0.0456559435,-0.688186347,0.723722816,-0.276674271,6.5057598E-18,-0.0849366635,0.441100985,-0.178704634,-5.52362675E-18,-0.004101987,0.254242152,0.229468763,0.0280369893,0.011892573,-0.380599171,1.01670825,-0.290534139,-0.000280222186,-0.320569485,-0.289000571,0.992897093
-0.000507676916,-0.317990154,0.867892742,0.0242723748,-0.0443433151,-0.688718796,0.723264098,-0.280754447,7.30149762E-18,-0.0898685306,0.455707341,-0.179204881,-7.23112523E-18,-0.00639401469,0.262241155,0.229815289,0.0265922956,0.0212517679,-0.386381984,1.01936555,-0.303235233,-0.00409605401,-0.318711668,-0.289968699,0.995267987
-0.000573901983,-0.318138778,0.867568433,0.0252286382,-0.0431359261,-0.689116597,0.722925484,-0.284343123,8.66958818E-18,-0.0950627699,0.470478028,-0.179914728,-7.80266568E-18,-0.00874974485,0.270202368,0.231397465,0.0252413973,0.0305770598,-0.394702315,1.02141786,-0.316192329,-0.00787610281,-0.316840082,-0.291489482,0.99734211
-0.000622401421,-0.318314612,0.86708039,0.0261478201,-0.0419848897,-0.689441621,0.722650588,-0.287668377,1.03444511E-17,-0.100397646,0.48533681,-0.180736914,-7.76535073E-18,-0.0111396201,0.278143346,0.233641922,0.0239407718,0.0398841798,-0.404382765,1.02314591,-0.329286635,-0.0116369724,-0.314961135,-0.29330647,0.999257147
-0.000670900801,-0.318490475,0.866592348,0.0270669423,-0.0408337489,-0.689765036,0.722373962,-0.290993601,1.20193148E-17,-0.105732523,0.500195563,-0.181559116,-7.72803496E-18,-0.0135294944,0.286084354,0.23588638,0.0226401445,0.0491913036,-0.414063215,1.02487409,-0.342380911,-0.015397843,-0.313082188,-0.295123458,1.00117218
-0.000719400239,-0.318666339,0.866104245,0.0279860049,-0.0396825187,-0.690086901,0.722095788,-0.294318825,1.36941777E-17,-0.111067399,0.515054345,-0.182381317,-7.69072002E-18,-0.0159193687,0.294025332,0.238130838,0.0213395189,0.0584984235,-0.423743635,1.02660215,-0.355475217,-0.0191587117,-0.311203241,-0.296940446,1.00308728
-0.000767899677,-0.318842202,0.865616202,0.0289049949,-0.0385311954,-0.690407038,0.721815825,-0.297644049,1.53690423E-17,-0.116402276,0.529913127,-0.183203518,-7.65340425E-18,-0.0183092449,0.30196631,0.240375295,0.0200388934,0.0678055435,-0.433424085,1.02833021,-0.368569523,-0.0229195822,-0.309324294,-0.298757434,1.00500238
-0.000802579918,-0.319052786,0.864976227,0.0297589581,-0.0374305695,-0.690722167,0.721537471,-0.300691664,1.65612279E-17,-0.121832862,0.544875979,-0.184208915,-7.68226458E-18,-0.0207018387,0.309818298,0.242903128,0.0188559722,0.0771643445,-0.444299251,1.02993655,-0.381761372,-0.0267043598,-0.307461113,-0.300887555,1.00691879
-0.000782463001,-0.319401145,0.863733947,0.0303553175,-0.0365312286,-0.691022813,0.72127074,-0.302638441,1.58394549E-17,-0.127643004,0.560251415,-0.185940742,-7.97352976E-18,-0.0231052171,0.317317456,0.246554643,0.0181397907,0.0867280588,-0.459911883,1.03105974,-0.395340115,-0.0305839311,-0.305660337,-0.30425936,1.00884044
-0.000762346142,-0.319749475,0.862491667,0.0309516415,-0.0356318429,-0.691322505,0.721003234,-0.304585248,1.51176803E-17,-0.133453131,0.57562685,-0.18767257,-8.26479494E-18,-0.0255085956,0.324816585,0.250206143,0.0174236093,0.096291773,-0.475524515,1.03218305,-0.408918858,-0.0344635062,-0.303859562,-0.307631135,1.0107621
-0.000742229226,-0.320097834,0.861249328,0.0315479226,-0.0347324014,-0.691621304,0.720734656,-0.306532025,1.43959056E-17,-0.139263257,0.591002345,-0.189404413,-8.55606095E-18,-0.0279119723,0.332315713,0.253857642,0.0167074278,0.105855487,-0.491137147,1.03330636,-0.4224976,-0.0383430794,-0.302058816,-0.31100294,1.01268375
-0.000722112309,-0.320446193,0.860007048,0.0321441628,-0.0338329189,-0.691919148,0.720465124,-0.308478832,1.36741318E-17,-0.145073399,0.60637778,-0.191136241,-8.84732614E-18,-0.0303153507,0.339814842,0.257509172,0.0159912463,0.115419202,-0.506749809,1.03442955,-0.436076343,-0.0422226526,-0.30025804,-0.314374745,1.01460552
-0.00070199545,-0.320794523,0.858764708,0.0327403545,-0.0329333916,-0.692216158,0.720194638,-0.310425609,1.2952358E-17,-0.150883526,0.621753216,-0.192868084,-9.13859132E-18,-0.0327187292,0.34731397,0.261160672,0.0152750639,0.124982916,-0.522362411,1.03555286,-0.449655086,-0.0461022221,-0.298457265,-0.31774655,1.01652718
-0.000221990835,-0.320480376,0.858246744,0.033710517,-0.0311084315,-0.691634238,0.720789909,-0.312889338,1.08707026E-17,-0.159921438,0.644540668,-0.150631204,-7.14122642E-18,-0.0663980842,0.408156186,0.269991815,0.0133683635,0.126875371,-0.526968062,1.03212059,-0.468651891,-0.0410126075,-0.296359241,-0.318099856,1.01691484
0.000409884902,-0.319947451,0.857968032,0.034803994,-0.028977612,-0.690757871,0.721666574,-0.315523773,8.33996664E-18,-0.170025259,0.669775784,-0.0938743278,-4.38807362E-18,-0.110405862,0.486614138,0.280533433,0.0110685127,0.126234487,-0.527938783,1.02718389,-0.489437908,-0.0329610519,-0.294163048,-0.317456394,1.01679599
0.00104176055,-0.319414526,0.857689321,0.0358972289,-0.0268465523,-0.689876437,0.722538054,-0.318158209,5.8092303E-18,-0.180129096,0.695010841,-0.0371174477,-1.63492145E-18,-0.15441364,0.565072119,0.291075081,0.00876866095,0.125593618,-0.528909504,1.0222472,-0.510223925,-0.0249094944,-0.291966826,-0.316812903,1.01667714
0.00167363638,-0.318881601,0.85741055,0.0369902067,-0.0247152988,-0.688989997,0.723404288,-0.320792645,3.27849396E-18,-0.190232918,0.720245957,0.0196394436,1.11823114E-18,-0.198421419,0.643530071,0.301616699,0.00646880921,0.124952741,-0.529880285,1.0173105,-0.531009972,-0.016857937,-0.289770633,-0.316169411,1.01655829
0.00230551208,-0.318348676,0.857131839,0.0380828977,-0.0225838963,-0.68809855,0.724265218,-0.323427051,7.47758556E-19,-0.200336754,0.745481074,0.0763963163,3.8713827E-18,-0.242429197,0.721988022,0.312158316,0.00416895794,0.124311864,-0.530851007,1.01237381,-0.551796019,-0.00880638137,-0.28757441,-0.315525919,1.01643944
0.00293357507,-0.317978084,0.857055783,0.0390817337,-0.0209912099,-0.687579811,0.724752426,-0.326259762,-8.74333837E-19,-0.209992886,0.768106163,0.126355767,6.6447613E-18,-0.283895433,0.792150319,0.323485911,0.00183486601,0.121803641,-0.529105365,1.00810397,-0.570034921,-0.0013801296,-0.286570787,-0.313932329,1.0156014
0.00355282961,-0.317982554,0.857447922,0.0398643315,-0.0206432566,-0.68793124,0.724386156,-0.329550534,-3.97273057E-19,-0.218614772,0.784701586,0.160611778,9.46486527E-18,-0.319490194,0.843147993,0.336629212,-0.000578328327,0.11498145,-0.521084487,1.00537467,-0.582389593,0.00460153818,-0.28832224,-0.310143769,1.01310205
0.00417208439,-0.317987025,0.857840121,0.040646892,-0.0202952847,-0.688282073,0.724019289,-0.332841277,7.97877158E-20,-0.227236658,0.801297069,0.19486779,1.22849696E-17,-0.355084956,0.894145668,0.349772513,-0.00299152243,0.108159259,-0.51306355,1.00264549,-0.594744205,0.0105832061,-0.290073723,-0.306355238,1.01060259
0.00479133939,-0.317991465,0.858232319,0.0414294116,-0.0199472904,-0.688632131,0.723651588,-0.33613205,5.56848579E-19,-0.235858545,0.817892492,0.229123801,1.5105074E-17,-0.390679747,0.945143342,0.362915814,-0.00540471682,0.101337068,-0.505042613,0.999916196,-0.607098877,0.016564874,-0.291825175,-0.302566677,1.00810325
0.00541059393,-0.317995936,0.858624458,0.0422118902,-0.0195992775,-0.688981533,0.723283172,-0.339422822,1.03390928E-18,-0.244480416,0.834487915,0.263379812,1.79251776E-17,-0.426274478,0.996141016,0.376059115,-0.00781791098,0.0945148841,-0.497021735,0.997186959,-0.61945349,0.0225465409,-0.293576658,-0.298778147,1.00560379
0.00602984848,-0.318000406,0.859016657,0.0429943204,-0.019251246,-0.68933022,0.72291404,-0.342713565,1.51097009E-18,-0.253102303,0.851083338,0.297635823,2.07452828E-17,-0.46186927,1.04713869,0.389202416,-0.0102311056,0.0876926929,-0.489000797,0.994457722,-0.631808102,0.0285282098,-0.29532811,-0.294989586,1.00310445
0.00670266803,-0.318227887,0.859079003,0.0438499227,-0.0199993011,-0.689807415,0.722387075,-0.348105192,3.80440133E-18,-0.260913312,0.869015574,0.324092656,2.0342067E-17,-0.489762455,1.08292091,0.401786983,-0.0131692495,0.0815100968,-0.484260112,0.992823899,-0.641676188,0.0332793891,-0.303931773,-0.283277214,0.998775244
0.00738475937,-0.318493962,0.859084189,0.0447181016,-0.0209370516,-0.690305412,0.721831262,-0.353860468,6.41223752E-18,-0.268583983,0.887179196,0.349199474,1.93809096E-17,-0.516322494,1.11606944,0.414274812,-0.0161982607,0.0754382163,-0.480087221,0.991379619,-0.651113808,0.0378175788,-0.313721508,-0.270193249,0.99412936
0.00806685071,-0.318760037,0.859089434,0.0455861911,-0.0218747593,-0.690801978,0.721273899,-0.359615713,9.02007453E-18,-0.276254654,0.905342758,0.374306321,1.84197538E-17,-0.542882621,1.14921784,0.42676267,-0.0192272719,0.0693663359,-0.475914329,0.989935398,-0.660551429,0.0423557647,-0.323511243,-0.257109284,0.989483535
0.00874894205,-0.319026142,0.859094679,0.0464541838,-0.0228124224,-0.691297054,0.720715046,-0.365370989,1.16279103E-17,-0.283925325,0.923506379,0.399413139,1.74585964E-17,-0.569442689,1.18236637,0.439250499,-0.0222562812,0.0632944554,-0.471741438,0.988491118,-0.66998899,0.0468939543,-0.333300978,-0.24402532,0.984837651
0.0094310334,-0.319292217,0.859099925,0.0473220684,-0.0237500276,-0.691790521,0.720154524,-0.371126264,1.42357469E-17,-0.291595995,0.941670001,0.424519956,1.6497439E-17,-0.596002758,1.21551478,0.451738358,-0.0252852924,0.0572225712,-0.467568547,0.987046897,-0.67942661,0.0514321402,-0.343090743,-0.230941355,0.980191767
0.0100577725,-0.319588274,0.85925591,0.0480524898,-0.0247417819,-0.692337513,0.719546914,-0.376374155,6.60681839E-12,-0.298791558,0.957406342,0.446121275,1.46420928E-17,-0.618990719,1.24378812,0.463863939,-0.0279308371,0.0509081744,-0.462329894,0.986265659,-0.68726337,0.0553715415,-0.352166474,-0.219129592,0.975938261
0.0106024435,-0.319928735,0.859635472,0.0485791527,-0.025813859,-0.692964375,0.718870103,-0.380869806,2.30092195E-11,-0.305282712,0.969543874,0.462525159,1.14609712E-17,-0.63668257,1.26483333,0.475452453,-0.0300078336,0.0442342088,-0.455511034,0.986467421,-0.692726552,0.0584231466,-0.360183567,-0.209204093,0.972266436
0.0111471144,-0.320269197,0.860015094,0.0491057076,-0.0268858802,-0.693589687,0.718191624,-0.385365456,3.94116198E-11,-0.311773896,0.981681406,0.478929013,8.27985046E-18,-0.654374421,1.28587842,0.487040967,-0.0320848301,0.0375602432,-0.448692203,0.986669183,-0.698189676,0.0614747554,-0.36820066,-0.199278578,0.968594611
0.0116917854,-0.320609689,0.860394657,0.0496321581,-0.0279578455,-0.69421345,0.717511535,-0.389861077,5.58140201E-11,-0.318265051,0.993818939,0.495332867,5.0987293E-18,-0.672066271,1.30692363,0.498629481,-0.0341618285,0.0308862776,-0.441873372,0.986870944,-0.703652859,0.0645263568,-0.376217753,-0.189353064,0.964922786
0.0122364564,-0.32095015,0.860774219,0.0501584895,-0.0290297419,-0.694835544,0.716829777,-0.394356728,7.22164273E-11,-0.324756235,1.00595641,0.511736751,1.91760773E-18,-0.689758122,1.32796884,0.510217965,-0.0362388231,0.0242123101,-0.435054541,0.987072706,-0.709116042,0.0675779656,-0.384234846,-0.179427549,0.961250961
0.0127811274,-0.321290642,0.861153841,0.0506847054,-0.0301015656,-0.695456147,0.716146469,-0.398852378,8.86188206E-11,-0.331247389,1.01809394,0.528140604,-1.2635128E-18,-0.707449913,1.34901392,0.521806479,-0.0383158214,0.0175383464,-0.42823571,0.987274468,-0.714579165,0.0706295744,-0.392251939,-0.169502035,0.957579136
0.0132457409,-0.321555763,0.861926496,0.0517519824,-0.0303033777,-0.696995199,0.714563608,-0.409950167,5.9503509E-05,-0.333602458,1.03595388,0.551381707,5.26741788E-21,-0.720190525,1.35000002,0.527618527,-0.0413235389,0.01039718,-0.414423227,0.990951717,-0.718672752,0.0748372898,-0.398531497,-0.156775534,0.960033238
0.0137064187,-0.32181716,0.862718463,0.0528455637,-0.0304622371,-0.698575139,0.712932169,-0.421372533,0.000121932069,-0.335754186,1.05409515,0.574958861,1.49280158E-18,-0.732687771,1.35000002,0.533146679,-0.0443770103,0.0032330479,-0.400266945,0.994799733,-0.722698927,0.0791018382,-0.404725611,-0.143911347,0.962788522
0.0141670974,-0.322078586,0.86351043,0.0539388247,-0.0306209065,-0.700150669,0.711296141,-0.432794869,0.00018436063,-0.337905914,1.07223642,0.598536074,2.98033588E-18,-0.745184958,1.35000002,0.538674772,-0.0474304818,-0.00393108372,-0.386110663,0.998647809,-0.726725161,0.0833663866,-0.410919756,-0.131047159,0.965543747
0.0146277752,-0.322339982,0.864302397,0.0550317317,-0.0307793766,-0.701721668,0.709655523,-0.444217235,0.00024678919,-0.340057611,1.09037769,0.622113287,4.46787049E-18,-0.757682204,1.35000002,0.544202864,-0.0504839532,-0.0110952165,-0.371954381,1.00249588,-0.730751336,0.087630935,-0.41711387,-0.118182965,0.968298972
0.015088453,-0.322601408,0.865094364,0.05612427,-0.0309376493,-0.703288198,0.708010316,-0.455639601,0.00030921775,-0.342209339,1.10851896,0.645690501,5.95540428E-18,-0.770179391,1.35000002,0.549730957,-0.0535374247,-0.0182593465,-0.357798129,1.00634396,-0.73477757,0.0918954834,-0.423308015,-0.105318777,0.971054256
0.0155160185,-0.322978526,0.866091669,0.0565138757,-0.0312229916,-0.704914093,0.706347942,-0.466399044,0.000343624677,-0.34359926,1.12515521,0.665409386,7.61893315E-18,-0.779957116,1.35000002,0.553613126,-0.0549538545,-0.0285875313,-0.338479728,1.00941968,-0.737851441,0.0942827165,-0.428938299,-0.0944224522,0.973712921
0.0159109291,-0.323469758,0.867291391,0.0562103391,-0.0316336602,-0.706598938,0.704668522,-0.476504743,0.000350398856,-0.344237983,1.14030755,0.681323588,9.45601443E-18,-0.787053049,1.35000002,0.555872142,-0.0547559634,-0.0420358554,-0.31407088,1.01173365,-0.739986241,0.0948186815,-0.434012592,-0.0854666978,0.976276278
0.0163058415,-0.32396099,0.868491173,0.0559064634,-0.0320441462,-0.708279669,0.702984929,-0.486610472,0.000357173005,-0.344876677,1.15545976,0.69723773,1.12930957E-17,-0.794149041,1.35000002,0.558131158,-0.0545580685,-0.0554841794,-0.289662004,1.01404774,-0.742120981,0.0953546539,-0.439086854,-0.0765109435,0.978839695
0.0167007539,-0.324452221,0.869690955,0.0556022525,-0.0324544422,-0.70995605,0.701297045,-0.496716201,0.000363947183,-0.34551537,1.1706121,0.713151872,1.3130177E-17,-0.801244974,1.35000002,0.560390174,-0.0543601736,-0.0689325035,-0.265253156,1.01636171,-0.744255781,0.0958906189,-0.444161147,-0.0675551891,0.981403112
0.0170956645,-0.324943453,0.870890677,0.0552977175,-0.0328645408,-0.711628258,0.699605107,-0.50682193,0.000370721333,-0.346154064,1.18576431,0.729066014,1.49672575E-17,-0.808340967,1.35000002,0.56264919,-0.0541622788,-0.0823808312,-0.240844294,1.0186758,-0.746390581,0.0964265913,-0.449235409,-0.0585994385,0.983966529
0.0174767729,-0.325430781,0.872048736,0.0549785905,-0.0332617499,-0.713298857,0.697908103,-0.516947269,0.000375826668,-0.346683443,1.20097053,0.744350016,1.67640559E-17,-0.815253317,1.35000002,0.564653993,-0.0539222956,-0.0956215635,-0.216853648,1.02095628,-0.748481989,0.0969040543,-0.45418483,-0.0497996174,0.986483574
0.0176153313,-0.325849175,0.872473776,0.0544083491,-0.033435747,-0.715011477,0.69618994,-0.527417481,0.000351606752,-0.345291734,1.2171241,0.748559952,1.78529813E-17,-0.818939328,1.35000002,0.562191427,-0.0529427603,-0.105214313,-0.200211987,1.02264762,-0.749812007,0.0963534862,-0.456940055,-0.0437399819,0.988186181
0.0177538898,-0.32626754,0.872898817,0.0538377538,-0.0336095355,-0.716719627,0.694467306,-0.537887692,0.000327386835,-0.343900025,1.23327768,0.752769887,1.89419066E-17,-0.822625339,1.35000002,0.559728801,-0.0519632213,-0.114807069,-0.183570325,1.02433896,-0.751142025,0.0958029106,-0.45969528,-0.0376803502,0.989888787
0.0178924464,-0.326685935,0.873323858,0.0532668196,-0.0337831192,-0.718423426,0.692740381,-0.548357964,0.000303166918,-0.342508346,1.24943125,0.756979823,2.0030832E-17,-0.82631135,1.35000002,0.557266235,-0.0509836823,-0.124399826,-0.166928664,1.0260303,-0.752471983,0.0952523425,-0.462450504,-0.0316207148,0.991591394
0.0180310048,-0.32710433,0.873748899,0.0526955575,-0.0339564905,-0.720122695,0.691009164,-0.558828175,0.000278947002,-0.341116637,1.26558483,0.761189759,2.11197574E-17,-0.82999742,1.35000002,0.55480361,-0.050004147,-0.133992568,-0.150287002,1.02772152,-0.753802001,0.094701767,-0.465205729,-0.0255610831,0.99329406
0.0181695633,-0.327522695,0.874173939,0.0521239713,-0.0341296457,-0.721817374,0.689273596,-0.569298387,0.000254727085,-0.339724928,1.28173852,0.765399694,2.22086828E-17,-0.833683431,1.35000002,0.552341044,-0.049024608,-0.143585324,-0.133645341,1.02941287,-0.75513196,0.0941511989,-0.467960954,-0.0195014477,0.994996667
0.0180858783,-0.327920228,0.87438184,0.0516598038,-0.0337726586,-0.723495722,0.687564373,-0.578557551,0.000235628264,-0.337921083,1.29600072,0.756111979,2.14428757E-12,-0.834141433,1.35000002,0.548896134,-0.0476127751,-0.150234461,-0.120795988,1.03072238,-0.756015778,0.0935163349,-0.468230933,-0.0150969485,0.996298611
0.0178566016,-0.328304082,0.874447405,0.0512658693,-0.0330682881,-0.725161791,0.685870767,-0.587023377,0.00021988427,-0.335847199,1.30902374,0.737981915,5.69326487E-12,-0.832484722,1.35000002,0.544807613,-0.0459177457,-0.154955193,-0.110430971,1.03178179,-0.756607354,0.0928262547,-0.466872871,-0.0117767313,0.997338116
0.017627323,-0.328687936,0.87451303,0.0508716144,-0.0323637016,-0.72682339,0.684172809,-0.595489144,0.000204140291,-0.333773315,1.32204688,0.719851851,9.24224326E-12,-0.830828011,1.35000002,0.540719151,-0.0442227162,-0.159675941,-0.100065961,1.03284109,-0.75719893,0.0921361819,-0.465514779,-0.00845651422,0.998377562
0.0173980463,-0.32907179,0.874578595,0.0504770353,-0.0316589102,-0.728480399,0.68247056,-0.603954971,0.000188396298,-0.331699431,1.33507001,0.701721787,1.27912203E-11,-0.82917136,1.35000002,0.53663069,-0.0425276868,-0.164396688,-0.0897009522,1.03390038,-0.757790446,0.0914461017,-0.464156717,-0.00513629755,0.999417067
0.0171687696,-0.329455644,0.87464422,0.0500821434,-0.0309539288,-0.730132818,0.680764079,-0.612420738,0.000172652304,-0.329625577,1.34809315,0.683591783,1.63401983E-11,-0.827514648,1.35000002,0.532542229,-0.0408326574,-0.169117436,-0.0793359354,1.03495979,-0.758382022,0.0907560214,-0.462798625,-0.0018160803,1.00045657
0.0169122741,-0.329894543,0.874708176,0.0495926701,-0.0303102937,-0.731557012,0.679298282,-0.619207025,0.000157759903,-0.327578008,1.35854208,0.660706103,9.58696473E-05,-0.823352218,1.35000002,0.529668152,-0.0388743468,-0.173014611,-0.0710100085,1.03596807,-0.75748229,0.0900497586,-0.461026877,0.000488116697,1.00087368
0.0165068693,-0.330634654,0.874763131,0.0485873185,-0.0300031621,-0.731755733,0.679170668,-0.616805136,0.000147526313,-0.325674385,1.35490799,0.61180377,0.00071621791,-0.805481553,1.35000002,0.533438027,-0.0354757048,-0.172406137,-0.0738393888,1.03669655,-0.748423934,0.0892549455,-0.456992,-0.00276607671,0.997886181
0.0161014665,-0.331374764,0.874818087,0.0475818962,-0.0296959914,-0.731953442,0.67904222,-0.614403248,0.000137292722,-0.323770761,1.35127401,0.562901378,0.00133656629,-0.787610888,1.35000002,0.537207901,-0.0320770629,-0.171797678,-0.0766687691,1.03742516,-0.739365637,0.0884601399,-0.452957094,-0.00602027029,0.994898736
0.0156960618,-0.332114905,0.874873102,0.0465764254,-0.0293887891,-0.732150435,0.678912938,-0.612001359,0.000127059131,-0.321867138,1.34763992,0.513999045,0.00195691432,-0.769740224,1.35000002,0.540977776,-0.0286784191,-0.171189219,-0.079498142,1.03815377,-0.730307341,0.0876653269,-0.448922217,-0.00927446317,0.991911232
0.015290658,-0.332855016,0.874928057,0.0455708951,-0.0290815495,-0.732346535,0.67878294,-0.609599411,0.000116825533,-0.319963545,1.34400594,0.465096682,0.0025772627,-0.751869559,1.35000002,0.544747651,-0.0252797753,-0.17058076,-0.0823275298,1.03888237,-0.721248984,0.0868705139,-0.44488734,-0.012528657,0.988923728
0.0148852542,-0.333595127,0.874983072,0.0445653126,-0.0287742782,-0.73254174,0.678652048,-0.607197523,0.000106591942,-0.318059921,1.34037185,0.41619429,0.00319761108,-0.733998895,1.35000002,0.548517525,-0.0218811315,-0.169972286,-0.0851569101,1.03961086,-0.712190688,0.0860757083,-0.440852433,-0.0157828517,0.985936224
0.0146521395,-0.334166616,0.875150323,0.0439990535,-0.0282467604,-0.731974423,0.679322958,-0.603783727,9.88831016E-05,-0.31316179,1.33604455,0.36906299,0.00377605739,-0.703747511,1.34621179,0.556831896,-0.0195543375,-0.167116106,-0.0893629938,1.0401597,-0.703561366,0.0859073102,-0.437698066,-0.0174839552,0.982982218
0.0144911557,-0.334667474,0.875364542,0.0436166413,-0.0276269838,-0.731086671,0.680328369,-0.59994626,9.22312684E-05,-0.307009965,1.33142686,0.322673112,0.00433696108,-0.668312907,1.34083748,0.567048848,-0.0176762808,-0.163318902,-0.094145447,1.04063332,-0.695111692,0.0860011801,-0.434912354,-0.0185348447,0.98004216
0.014330172,-0.335168332,0.875578761,0.0432341248,-0.0270071384,-0.730197191,0.681332171,-0.596108794,8.55794278E-05,-0.30085817,1.32680929,0.276283234,0.00489786454,-0.632878304,1.33546317,0.577265799,-0.0157982241,-0.159521699,-0.0989279076,1.04110694,-0.686662018,0.0860950425,-0.432126611,-0.0195857342,0.97710216
0.0141691882,-0.335669219,0.87579304,0.0428515114,-0.0263872314,-0.729306042,0.682334423,-0.592271388,7.89275946E-05,-0.294706345,1.32219172,0.229893357,0.00545876846,-0.5974437,1.33008885,0.58748275,-0.0139201684,-0.155724496,-0.103710361,1.04158056,-0.678212345,0.0861889049,-0.429340869,-0.0206366237,0.974162102
0.0140082045,-0.336170077,0.876007259,0.0424687974,-0.0257672668,-0.728413165,0.683335125,-0.588433921,7.22757613E-05,-0.288554549,1.31757414,0.183503479,0.00601967238,-0.562009096,1.32471466,0.597699702,-0.0120421117,-0.151927292,-0.108492821,1.04205406,-0.669762671,0.0862827674,-0.426555127,-0.0216875132,0.971222103
0.0138791883,-0.336627066,0.876197577,0.0421224199,-0.0251217708,-0.727502882,0.684349537,-0.584877551,6.62181628E-05,-0.281390131,1.31356883,0.139396489,0.00633188477,-0.524998844,1.31837046,0.606970608,-0.010361366,-0.148359165,-0.112836406,1.04248536,-0.661714196,0.0864043608,-0.423836112,-0.0226151589,0.968565822
0.0138434488,-0.336955994,0.876317978,0.0418822691,-0.0244018864,-0.726544917,0.685407162,-0.58214134,6.18944687E-05,-0.27127108,1.31135023,0.101950623,0.00591844646,-0.483391106,1.30919623,0.613480985,-0.00925634522,-0.145459473,-0.115899406,1.04279315,-0.654836357,0.0866068378,-0.421311647,-0.0231831949,0.966737509
0.0138077093,-0.337284923,0.876438379,0.0416420028,-0.0236819312,-0.725585043,0.686462998,-0.579405069,5.75707782E-05,-0.261152029,1.30913162,0.0645047575,0.00550500862,-0.441783369,1.30002201,0.619991302,-0.00815132447,-0.142559782,-0.118962407,1.04310095,-0.647958577,0.0868093222,-0.418787211,-0.023751229,0.964909196
0.0137719698,-0.337613851,0.876558781,0.0414016321,-0.0229619164,-0.724623322,0.687517166,-0.576668859,5.32470876E-05,-0.251032978,1.30691314,0.0270588938,0.00509157078,-0.400175631,1.29084778,0.626501679,-0.00704630418,-0.13966009,-0.122025415,1.04340887,-0.641080737,0.0870117992,-0.416262746,-0.024319265,0.963080943
0.0137362303,-0.337942779,0.876679182,0.0411611497,-0.0222418401,-0.723659694,0.688569367,-0.573932648,4.89233935E-05,-0.240913928,1.30469453,-0.0103869755,0.00467813294,-0.358567864,1.28167355,0.633012056,-0.00594128342,-0.136760399,-0.125088409,1.04371667,-0.634202957,0.0872142836,-0.41373831,-0.024887301,0.96125263
0.0137004908,-0.338271707,0.876799583,0.0409205593,-0.0215217099,-0.722694159,0.689619839,-0.571196437,4.4599703E-05,-0.230794892,1.30247593,-0.0478328317,0.00426469464,-0.316960126,1.27249932,0.639522374,-0.00483626314,-0.133860707,-0.128151417,1.04402447,-0.627325118,0.0874167681,-0.411213875,-0.025455337,0.959424317
0.0138391061,-0.338576883,0.876819611,0.0406174697,-0.021365175,-0.722089827,0.690275371,-0.568199992,4.14951028E-05,-0.229539737,1.29771209,-0.0780812278,0.00396782812,-0.289499402,1.25816917,0.641173959,-0.00402251445,-0.135036901,-0.127030715,1.04424548,-0.622572601,0.0876647532,-0.410989732,-0.0250235051,0.958136022
0.0140197976,-0.338876337,0.876815438,0.0402992852,-0.0213446449,-0.721572399,0.690835416,-0.565140843,3.86847059E-05,-0.230423689,1.29233384,-0.106592685,0.00369909313,-0.265452743,1.24259484,0.641652882,-0.0032790571,-0.137196705,-0.124900371,1.04444563,-0.618332922,0.0879237279,-0.411320716,-0.0243503787,0.956977963
0.01420049,-0.339175761,0.876811266,0.0399810709,-0.0213241,-0.721054673,0.691395044,-0.562081635,3.58743055E-05,-0.231307626,1.28695571,-0.135104135,0.00343035837,-0.241406068,1.2270205,0.642131865,-0.00253559975,-0.139356524,-0.122770026,1.04464579,-0.614093304,0.0881827027,-0.411651701,-0.0236772522,0.955819964
0.0143811814,-0.339475214,0.876807094,0.0396628305,-0.0213035401,-0.720536292,0.691954195,-0.559022427,3.3063905E-05,-0.232191578,1.28157759,-0.163615584,0.00316162338,-0.217359409,1.21144617,0.642610848,-0.0017921424,-0.141516328,-0.120639682,1.04484582,-0.609853625,0.0884416774,-0.411982685,-0.0230041258,0.954661906
0.0145618729,-0.339774668,0.876802862,0.0393445641,-0.0212829653,-0.720017433,0.69251287,-0.555963218,3.02535045E-05,-0.233075529,1.27619946,-0.192127034,0.00289288838,-0.193312749,1.19587183,0.643089771,-0.00104868528,-0.143676132,-0.118509337,1.04504597,-0.605614007,0.0887006447,-0.41231367,-0.0223309994,0.953503907
0.0147336759,-0.340053827,0.876873851,0.0393684208,-0.0206327047,-0.719553769,0.693012893,-0.551881313,2.77932195E-05,-0.236662626,1.27385044,-0.215656847,0.00265763211,-0.175870702,1.18412483,0.643043756,-0.000793592364,-0.145137668,-0.113619141,1.04522109,-0.60525161,0.0886636749,-0.412114531,-0.0207357053,0.954015672
0.0148893939,-0.340296268,0.877080798,0.0400113054,-0.018842997,-0.719188869,0.693405688,-0.545948803,2.59664594E-05,-0.245140985,1.27698255,-0.230172545,0.00248295441,-0.170379534,1.17930329,0.642047703,-0.0014221801,-0.145335659,-0.103735067,1.04535115,-0.611904979,0.0880912021,-0.410956144,-0.0174717773,0.957548857
0.0150451129,-0.34053874,0.877287805,0.0406540334,-0.0170531962,-0.718821108,0.6937958,-0.540016294,2.41397011E-05,-0.253619343,1.28011453,-0.244688243,0.00230827671,-0.164888367,1.17448175,0.64105165,-0.00205076765,-0.145533651,-0.0938510001,1.04548132,-0.618558347,0.0875187293,-0.409797728,-0.0142078483,0.961082041
0.015200831,-0.340781182,0.877494752,0.0412966125,-0.0152633265,-0.718450606,0.69418323,-0.534083784,2.23129409E-05,-0.262097687,1.28324664,-0.259203941,0.00213359902,-0.1593972,1.16966033,0.640055656,-0.00267935544,-0.145731658,-0.0839669257,1.04561138,-0.625211716,0.0869462565,-0.408639342,-0.0109439194,0.964615285
0.01535655,-0.341023654,0.8777017,0.0419390276,-0.0134734055,-0.718077302,0.694567919,-0.528151214,2.04861808E-05,-0.27057606,1.28637874,-0.273719609,0.00195892132,-0.153906032,1.16483879,0.639059603,-0.003307943,-0.145929649,-0.0740828589,1.04574144,-0.631865025,0.0863737836,-0.407480955,-0.00767999142,0.96814847
0.0155122681,-0.341266125,0.877908707,0.0425812639,-0.0116834529,-0.717701137,0.694949925,-0.522218704,1.86594207E-05,-0.279054403,1.28951085,-0.288235307,0.00178424362,-0.148414865,1.16001725,0.63806355,-0.00393653102,-0.146127656,-0.0641987845,1.0458715,-0.638518393,0.0858013108,-0.406322569,-0.0044160625,0.971681654
0.0157048777,-0.341435164,0.877922773,0.0431522988,-0.0107885143,-0.717495441,0.695141673,-0.517803311,1.74121105E-05,-0.288832873,1.2922349,-0.297053069,0.00166497391,-0.150658682,1.15902948,0.637000203,-0.00489985431,-0.147443429,-0.0570943356,1.04596031,-0.645520687,0.0855440348,-0.40714103,-0.00263526151,0.9738096
0.0159013029,-0.341596633,0.877916932,0.0437159389,-0.00998610724,-0.717306733,0.695313096,-0.513544738,1.62247161E-05,-0.298745751,1.29491687,-0.305281609,0.00155143347,-0.153702304,1.15843797,0.635929883,-0.00589779019,-0.148874789,-0.0502772965,1.04604483,-0.652558982,0.0853193477,-0.408163905,-0.00100781792,0.975792289
0.0160977282,-0.341758102,0.877911091,0.0442795344,-0.00918368995,-0.71711731,0.695483983,-0.509286165,1.50373226E-05,-0.308658659,1.29759884,-0.31351018,0.0014378929,-0.156745926,1.15784657,0.634859622,-0.00689572608,-0.150306135,-0.0434602611,1.04612935,-0.659597337,0.085094668,-0.40918678,0.000619625789,0.977774918
0.0162941515,-0.341919541,0.87790525,0.0448430814,-0.00838126242,-0.716927052,0.695653975,-0.505027652,1.3849929E-05,-0.318571538,1.30028081,-0.32173875,0.00132435246,-0.159789532,1.15725505,0.633789301,-0.00789366197,-0.151737496,-0.0366432257,1.04621387,-0.666635633,0.0848699808,-0.410209656,0.00224706903,0.979757547
0.0164905768,-0.34208101,0.877899408,0.0454065874,-0.00757882884,-0.716736197,0.695823371,-0.500769079,1.26625346E-05,-0.328484416,1.30296278,-0.32996732,0.0012108119,-0.162833154,1.15666366,0.63271898,-0.00889159832,-0.153168842,-0.0298261866,1.04629838,-0.673673987,0.0846452937,-0.411232561,0.00387451285,0.981740236
0.0166903883,-0.342250735,0.877973735,0.0458421111,-0.00688548665,-0.716431797,0.696115375,-0.499280304,1.16649153E-05,-0.336254746,1.30620193,-0.339197636,0.00111541781,-0.168502867,1.15918839,0.636111617,-0.00975673459,-0.153274328,-0.0256543364,1.04636931,-0.67865932,0.0845016018,-0.411467522,0.00392923225,0.983256042
0.0168942269,-0.342430234,0.878143311,0.0461253673,-0.00632195314,-0.715992689,0.696553588,-0.501087368,1.08931126E-05,-0.341475576,1.31010437,-0.349619955,0.00104161655,-0.177297413,1.16542125,0.64481473,-0.0104638515,-0.151802123,-0.0246300455,1.04642427,-0.681201756,0.0844542831,-0.410764903,0.00211253669,0.984216392
0.0170980673,-0.342609763,0.878312945,0.0464085937,-0.00575841358,-0.715553045,0.696991324,-0.502894402,1.012131E-05,-0.346696377,1.31400681,-0.360042244,0.000967815169,-0.186091959,1.17165399,0.653517842,-0.0111709684,-0.150329918,-0.0236057527,1.04647923,-0.683744192,0.0844069719,-0.410062313,0.000295841251,0.985176742
0.0173019078,-0.342789263,0.87848258,0.0466917828,-0.00519487029,-0.715112865,0.697428584,-0.504701436,9.3495064E-06,-0.351917207,1.31790924,-0.370464563,0.00089401385,-0.194886506,1.17788672,0.662220955,-0.0118780853,-0.148857713,-0.0225814618,1.04653418,-0.686286688,0.0843596533,-0.409359694,-0.0015208543,0.986137092
0.0175057482,-0.342968792,0.878652215,0.0469749346,-0.00463132281,-0.714672089,0.697865188,-0.506508529,8.57770374E-06,-0.357138038,1.32181168,-0.380886883,0.000820212532,-0.203681052,1.18411958,0.670924067,-0.0125852022,-0.147385523,-0.021557169,1.04658914,-0.688829124,0.0843123347,-0.408657104,-0.00333754998,0.987097442
0.0177111439,-0.343148082,0.8788203,0.0472548008,-0.00407671276,-0.714232683,0.698299408,-0.50830996,7.80778919E-06,-0.3623043,1.32566011,-0.391286284,0.000746591715,-0.212404728,1.19030547,0.679589629,-0.013289893,-0.145938918,-0.0205474813,1.04664397,-0.691344202,0.0842705145,-0.407970637,-0.00516102277,0.988042951
0.0181377046,-0.343297422,0.878769338,0.047073435,-0.00479261577,-0.714071989,0.698471427,-0.509315968,7.30621741E-06,-0.35971716,1.32183766,-0.398429543,0.000698620861,-0.211057544,1.18982482,0.682920575,-0.0136498017,-0.148132101,-0.021613175,1.04667974,-0.689972401,0.0850092098,-0.40957877,-0.00794771593,0.986880481
0.0185642652,-0.343446732,0.878718436,0.0468920432,-0.00550851878,-0.713910878,0.698643088,-0.510321975,6.80464609E-06,-0.357130051,1.31801522,-0.405572802,0.000650650007,-0.20971036,1.18934429,0.686251521,-0.0140097095,-0.150325269,-0.0226788688,1.04671538,-0.6886006,0.0857479051,-0.411186904,-0.0107344082,0.985718012
0.0189908259,-0.343596071,0.878667474,0.0467106178,-0.00622441806,-0.71374929,0.698814332,-0.511327982,6.30307431E-06,-0.354542911,1.31419277,-0.412716061,0.000602679094,-0.20836316,1.18886364,0.689582467,-0.0143696181,-0.152518436,-0.0237445645,1.04675114,-0.687228739,0.0864866003,-0.412795037,-0.0135211013,0.984555542
0.0194173865,-0.343745381,0.878616512,0.0465291664,-0.00694031408,-0.713587284,0.6989851,-0.512334049,5.80150299E-06,-0.351955771,1.31037033,-0.41985932,0.00055470824,-0.207015976,1.18838298,0.692913413,-0.0147295268,-0.154711619,-0.0248102583,1.0467869,-0.685856938,0.0872252956,-0.4144032,-0.0163077936,0.983393073
0.0198439471,-0.34389472,0.87856555,0.0463476926,-0.00765620405,-0.713424921,0.69915539,-0.513340056,5.29993167E-06,-0.349368632,1.30654788,-0.427002579,0.000506737386,-0.205668777,1.18790245,0.696244299,-0.0150894346,-0.156904787,-0.0258759521,1.04682255,-0.684485137,0.0879639983,-0.416011333,-0.0190944858,0.982230604
0.020387372,-0.344059765,0.878536344,0.0461266898,-0.00814709719,-0.713314235,0.699277341,-0.514385462,4.89614285E-06,-0.347271055,1.3014183,-0.433509082,0.000468124112,-0.204292014,1.18633235,0.698833048,-0.0155103663,-0.158983245,-0.0261941589,1.0468514,-0.683576763,0.0886266306,-0.417480648,-0.021312004,0.981166124
0.0210236162,-0.344237328,0.878524423,0.0458743088,-0.00845928956,-0.713244915,0.699361026,-0.51546216,4.57001806E-06,-0.345562339,1.29525054,-0.439509839,0.000436943054,-0.202891737,1.18389714,0.700832248,-0.015979765,-0.160970613,-0.0259186756,1.04687452,-0.683036506,0.089228861,-0.418839753,-0.0230774544,0.980179489
0.0216598585,-0.34441486,0.878512502,0.0456219241,-0.00877148099,-0.713175535,0.699444473,-0.516538918,4.24389282E-06,-0.343853623,1.28908277,-0.445510596,0.000405761995,-0.201491475,1.18146181,0.702831447,-0.0164491646,-0.162957966,-0.0256431904,1.04689777,-0.68249625,0.089831084,-0.420198828,-0.024842903,0.979192793
0.0222961027,-0.344592422,0.878500521,0.0453695208,-0.00908367056,-0.713105857,0.69952786,-0.517615616,3.91776803E-06,-0.342144907,1.282915,-0.451511353,0.000374580937,-0.200091213,1.17902648,0.704830647,-0.0169185624,-0.164945319,-0.0253677052,1.04692101,-0.681955934,0.090433307,-0.421557903,-0.0266083535,0.978206098
0.022932345,-0.344769955,0.8784886,0.0451171175,-0.00939585827,-0.71303618,0.699611068,-0.518692374,3.59164324E-06,-0.34043619,1.27674723,-0.45751211,0.000343399879,-0.198690936,1.17659128,0.706829906,-0.017387962,-0.166932672,-0.0250922218,1.04694414,-0.681415677,0.0910355374,-0.422917008,-0.0283738039,0.977219462
0.0235772952,-0.344941676,0.878487527,0.0448408909,-0.00965780858,-0.712977767,0.699684739,-0.519716918,3.27781004E-06,-0.33882606,1.2705195,-0.463186681,0.000313394034,-0.197388247,1.17418349,0.708762527,-0.0178132877,-0.16877985,-0.0248005223,1.04696655,-0.680818737,0.091593273,-0.424147278,-0.0300648026,0.976297975
0.0242943931,-0.345065206,0.878576398,0.0443673395,-0.00950350054,-0.713014126,0.69968003,-0.520309269,3.06582888E-06,-0.338032931,1.26379418,-0.46615845,0.000293126359,-0.196894139,1.17200315,0.710143447,-0.0178734139,-0.169465497,-0.0243744683,1.04698157,-0.679752231,0.0917823762,-0.424310237,-0.0311388895,0.975916386
0.025011491,-0.345188737,0.878665268,0.0438937806,-0.00934919156,-0.713050246,0.699675202,-0.52090162,2.85384795E-06,-0.337239832,1.25706887,-0.469130218,0.000272858684,-0.196400031,1.16982293,0.711524367,-0.0179335419,-0.170151129,-0.0239484143,1.04699671,-0.678685725,0.0919714794,-0.424473196,-0.0322129726,0.975534737
0.0257285908,-0.345312238,0.878754139,0.0434202068,-0.009194877,-0.713086188,0.699670136,-0.521493912,2.64186656E-06,-0.336446702,1.25034356,-0.472101986,0.00025259098,-0.195905924,1.16764271,0.712905288,-0.0179936681,-0.170836776,-0.0235223584,1.04701173,-0.677619278,0.0921605751,-0.424636185,-0.0332870595,0.975153148
0.0264456887,-0.345435768,0.878843069,0.0429466218,-0.0090405615,-0.71312201,0.699664891,-0.522086263,2.42988563E-06,-0.335653573,1.24361813,-0.475073755,0.000232323306,-0.195411816,1.16546249,0.714286149,-0.0180537943,-0.171522424,-0.0230963044,1.04702687,-0.676552773,0.0923496783,-0.424799144,-0.0343611427,0.974771559
0.0271627866,-0.345559299,0.87893194,0.0424730293,-0.00888624322,-0.713157594,0.699659467,-0.522678614,2.21790447E-06,-0.334860474,1.23689282,-0.478045553,0.000212055602,-0.194917709,1.16328216,0.715667069,-0.0181139205,-0.172208056,-0.0226702504,1.04704201,-0.675486267,0.0925387815,-0.424962103,-0.0354352295,0.97438997
0.0278392695,-0.345647514,0.879026234,0.0419754423,-0.0086683901,-0.713333368,0.699513018,-0.523053467,2.05474521E-06,-0.334611297,1.23067653,-0.480235249,0.000196455818,-0.19500567,1.16121197,0.716766834,-0.0180462003,-0.172679976,-0.0221958756,1.04705358,-0.6747787,0.0925142765,-0.424720556,-0.0366529301,0.974270105
0.0284946468,-0.3457174,0.87912339,0.0414653793,-0.00841751602,-0.713581741,0.699293196,-0.52331531,1.91695744E-06,-0.334644824,1.22472477,-0.48201856,0.000183281823,-0.19539611,1.159199,0.717720389,-0.0179120395,-0.173040807,-0.0216963906,1.04706335,-0.674257696,0.0923787653,-0.424268812,-0.0379452668,0.974286199
0.0291500222,-0.345787287,0.879220545,0.0409552939,-0.0081666382,-0.713829875,0.699073017,-0.523577213,1.77916968E-06,-0.334678352,1.21877289,-0.483801842,0.000170107829,-0.195786551,1.15718603,0.718673944,-0.0177778788,-0.173401654,-0.0211969055,1.04707325,-0.673736691,0.0922432616,-0.423817039,-0.0392376035,0.974302351
0.0298053995,-0.345857173,0.879317641,0.0404451936,-0.00791575573,-0.714077592,0.698852479,-0.523839056,1.64138191E-06,-0.334711879,1.21282113,-0.485585123,0.000156933835,-0.196177006,1.15517306,0.719627559,-0.017643718,-0.173762485,-0.0206974223,1.04708302,-0.673215687,0.0921077505,-0.423365295,-0.0405299403,0.974318445
0.0304607749,-0.34592706,0.879414797,0.0399350747,-0.0076648714,-0.71432507,0.698631704,-0.5241009,1.50359415E-06,-0.334745407,1.20686924,-0.487368435,0.00014375984,-0.196567446,1.15315998,0.720581114,-0.0175095573,-0.174123332,-0.0201979373,1.0470928,-0.672694683,0.0919722468,-0.422913551,-0.041822277,0.974334598
0.0310715847,-0.346004099,0.879482985,0.0394834578,-0.00750969397,-0.714655101,0.698321402,-0.524366081,1.37585596E-06,-0.334933758,1.20117807,-0.489195436,0.00013154668,-0.196989745,1.1511358,0.721396148,-0.0174482092,-0.174757212,-0.0196604431,1.04710186,-0.672329128,0.0919293091,-0.422672212,-0.0430032909,0.974411964
0.0315130912,-0.346108437,0.879441381,0.0392541401,-0.00771810208,-0.715299606,0.69767189,-0.52464366,1.28629392E-06,-0.335710257,1.19647694,-0.491188556,0.000122983576,-0.197533056,1.14906919,0.721684754,-0.0176634621,-0.176428318,-0.0189785603,1.04710829,-0.672553957,0.0922380462,-0.42323035,-0.0437614061,0.974722147
0.0319546014,-0.346212775,0.879399776,0.0390247852,-0.00792650227,-0.715943396,0.697021723,-0.524921238,1.19673189E-06,-0.336486787,1.1917758,-0.493181676,0.00011442048,-0.198076352,1.14700258,0.72197336,-0.0178787149,-0.178099424,-0.0182966776,1.04711461,-0.672778785,0.0925467908,-0.423788458,-0.044519525,0.97503233
0.0323961079,-0.346317083,0.879358113,0.0387953967,-0.00813489687,-0.71658659,0.696371019,-0.525198877,1.10716985E-06,-0.337263286,1.18707466,-0.495174795,0.000105857383,-0.198619664,1.14493585,0.722261906,-0.0180939678,-0.179770529,-0.0176147949,1.04712105,-0.673003674,0.092855528,-0.424346566,-0.0452776402,0.975342512
0.0328376181,-0.346421421,0.879316509,0.0385659672,-0.00834328216,-0.717229009,0.69571954,-0.525476456,1.01760781E-06,-0.338039815,1.18237352,-0.497167945,9.72942871E-05,-0.199162975,1.14286923,0.722550511,-0.0183092207,-0.18144165,-0.0169329122,1.04712737,-0.673228502,0.0931642652,-0.424904674,-0.0460357554,0.975652695
0.0332791246,-0.346525729,0.879274845,0.0383364968,-0.00855165906,-0.717870772,0.695067406,-0.525754035,9.28045779E-07,-0.338816345,1.17767251,-0.499161065,8.87311908E-05,-0.199706271,1.14080262,0.722839117,-0.0185244754,-0.183112755,-0.0162510294,1.0471338,-0.673453331,0.0934730023,-0.425462782,-0.0467938706,0.975962877
0.033472199,-0.346614301,0.879168332,0.0384087414,-0.00889953971,-0.71904701,0.693842232,-0.527042091,8.62267541E-07,-0.339638531,1.17654359,-0.50261116,8.24420786E-05,-0.200619578,1.14163899,0.723651826,-0.0190762505,-0.185205236,-0.014929371,1.04713845,-0.674640536,0.0942471102,-0.426421046,-0.0462564901,0.976493895
0.0335862748,-0.346697837,0.879041195,0.0385767929,-0.0092917569,-0.720390856,0.692432463,-0.528651476,8.04052263E-07,-0.340475261,1.17655075,-0.506524563,7.68760729E-05,-0.20165053,1.14339864,0.724631131,-0.0197350364,-0.187431708,-0.0134042734,1.04714262,-0.676133692,0.0951691866,-0.427506596,-0.0453071631,0.977095068
0.0337003507,-0.346781373,0.878914058,0.038744688,-0.00968393777,-0.721731722,0.691019833,-0.530260861,7.45836928E-07,-0.341311991,1.1765579,-0.510437965,7.13100599E-05,-0.202681482,1.14515829,0.725610495,-0.0203938223,-0.189658165,-0.011879175,1.0471468,-0.677626908,0.0960912704,-0.428592116,-0.0443578325,0.97769624
0.0338144265,-0.346864879,0.878786862,0.0389124304,-0.0100760804,-0.723069787,0.689604521,-0.531870186,6.87621593E-07,-0.342148691,1.17656493,-0.514351308,6.57440469E-05,-0.203712434,1.14691782,0.726589859,-0.0210526083,-0.191884637,-0.0103540765,1.04715097,-0.679120123,0.0970133543,-0.429677635,-0.0434085019,0.978297412
0.0339285024,-0.346948415,0.878659725,0.03908002,-0.0104681803,-0.724404991,0.688186526,-0.533479571,6.29406316E-07,-0.342985421,1.17657208,-0.518264711,6.01780303E-05,-0.204743385,1.14867747,0.727569222,-0.0217113961,-0.194111109,-0.00882897899,1.04715514,-0.680613279,0.0979354307,-0.430763185,-0.042459175,0.978898585
0.0338788964,-0.347039729,0.87849772,0.0393165834,-0.0111029055,-0.726121008,0.686352074,-0.535429239,5.77488663E-07,-0.344033599,1.17798412,-0.522475243,5.52141464E-05,-0.206098691,1.15203583,0.728444695,-0.0223855395,-0.19652915,-0.007788911,1.04715884,-0.682051837,0.0990903676,-0.432128221,-0.0414665937,0.979407549
0.0334634073,-0.347148418,0.878257871,0.0397072472,-0.0122800199,-0.72868681,0.683584809,-0.538139582,5.39648738E-07,-0.345554501,1.1825366,-0.527350008,5.15962383E-05,-0.208179027,1.15896809,0.729088128,-0.0230940189,-0.199375436,-0.00783306826,1.04716158,-0.683368206,0.100765802,-0.434118032,-0.0403773375,0.97971034
0.0330479145,-0.347257078,0.878017962,0.0400973037,-0.0134569928,-0.731241167,0.680806518,-0.540849924,5.01808756E-07,-0.347075403,1.18708909,-0.532224834,4.79783303E-05,-0.210259378,1.16590035,0.7297315,-0.0238024984,-0.202221707,-0.00787722506,1.0471642,-0.684684634,0.102441236,-0.436107874,-0.0392880775,0.980013132
0.0326324254,-0.347365737,0.877778113,0.0404867306,-0.0146337682,-0.73378402,0.678017497,-0.543560326,4.63968803E-07,-0.348596305,1.19164157,-0.5370996,4.43604222E-05,-0.212339714,1.17283261,0.730374932,-0.0245109759,-0.205067977,-0.00792138185,1.04716694,-0.686001003,0.104116671,-0.438097686,-0.0381988175,0.980315924
0.0322169326,-0.347474426,0.877538204,0.0408755094,-0.0158102941,-0.73631531,0.675217867,-0.546270669,4.2612885E-07,-0.350117207,1.19619405,-0.541974366,4.07425141E-05,-0.21442005,1.17976499,0.731018305,-0.0252194554,-0.207914263,-0.00796553865,1.04716957,-0.687317371,0.105792105,-0.440087527,-0.0371095575,0.980618715
0.0318014435,-0.347583085,0.877298355,0.041263625,-0.0169865061,-0.738834798,0.672407687,-0.548981011,3.88288896E-07,-0.351638079,1.20074654,-0.546849132,3.7124606E-05,-0.216500387,1.18669724,0.731661737,-0.0259279348,-0.210760534,-0.00800969545,1.04717231,-0.6886338,0.10746754,-0.442077368,-0.0360202976,0.980921507
0.0303604435,-0.347749352,0.876923203,0.0414897427,-0.0188816413,-0.743315518,0.667386115,-0.551640928,3.61831241E-07,-0.352736741,1.2059989,-0.552575409,3.45949702E-05,-0.219363347,1.19936407,0.730908871,-0.0253279973,-0.213652581,-0.0104936305,1.04717422,-0.689195156,0.108726189,-0.444878757,-0.0340996906,0.981385887
0.0287517142,-0.347925007,0.876525879,0.041687306,-0.0208937842,-0.748080254,0.661967993,-0.55429256,3.37235264E-07,-0.353766322,1.21136582,-0.558440983,3.22433298E-05,-0.222354308,1.21296871,0.729927659,-0.0245140586,-0.216552109,-0.0133766131,1.04717588,-0.689633131,0.109916665,-0.447812885,-0.0320431106,0.981876671
0.0271429848,-0.348100662,0.876128614,0.041882541,-0.0229049474,-0.752803385,0.656512082,-0.556944251,3.12639315E-07,-0.354795903,1.21673262,-0.564306557,2.98916893E-05,-0.225345269,1.22657347,0.728946447,-0.0237001199,-0.219451621,-0.0162595939,1.04717767,-0.690071046,0.111107141,-0.450747043,-0.0299865305,0.982367456
0.0255342554,-0.348276317,0.875731289,0.0420754254,-0.0249147974,-0.757484257,0.651019514,-0.559595883,2.88043339E-07,-0.355825484,1.22209954,-0.570172131,2.75400489E-05,-0.22833623,1.24017823,0.727965176,-0.0228861813,-0.222351149,-0.0191425756,1.04717946,-0.690508962,0.112297624,-0.453681171,-0.0279299505,0.9828583
0.0239255279,-0.348451972,0.875334024,0.0422659218,-0.0269229896,-0.762122035,0.645491064,-0.562247574,2.63447362E-07,-0.356855094,1.22746634,-0.576037705,2.51884085E-05,-0.231327191,1.25378299,0.726983964,-0.0220722426,-0.225250676,-0.0220255572,1.04718113,-0.690946937,0.1134881,-0.456615299,-0.0258733705,0.983349085
0.0217178967,-0.348350823,0.874802232,0.0418663099,-0.0290874913,-0.767897844,0.638540506,-0.563868999,2.42379116E-07,-0.357498378,1.2312206,-0.57811439,2.31740505E-05,-0.232398927,1.26844382,0.723050833,-0.0199801549,-0.227604747,-0.0277621262,1.04718268,-0.690131545,0.113619469,-0.458530724,-0.0244469382,0.982839942
0.018647654,-0.347850978,0.874076664,0.0406147614,-0.0314773917,-0.775288522,0.629513621,-0.564006567,2.26391933E-07,-0.357585281,1.23265231,-0.574733794,2.16454846E-05,-0.230706379,1.28462601,0.714865923,-0.016047122,-0.229173183,-0.03760878,1.04718375,-0.687511027,0.112225376,-0.458978891,-0.0239281263,0.980890632
0.0155774113,-0.347351104,0.873351157,0.0393569209,-0.0338636748,-0.78257066,0.620392978,-0.564144135,2.1040475E-07,-0.357672185,1.23408389,-0.571353257,2.01169169E-05,-0.229013845,1.30080831,0.706681013,-0.0121140899,-0.230741635,-0.0474554375,1.04718494,-0.684890449,0.110831283,-0.459427059,-0.0234093126,0.978941321
0.0125071676,-0.346851259,0.872625589,0.0380933136,-0.0362453163,-0.789741158,0.611182451,-0.564281762,1.94417552E-07,-0.357759088,1.23551559,-0.56797266,1.85883509E-05,-0.227321297,1.31699049,0.698496103,-0.00818105694,-0.232310072,-0.0573020913,1.04718614,-0.682269931,0.109437197,-0.459875226,-0.0228905007,0.976992011
0.00943692587,-0.346351415,0.871900082,0.0368244909,-0.0386212841,-0.796796978,0.601886034,-0.564419329,1.78430369E-07,-0.357846022,1.2369473,-0.564592123,1.7059785E-05,-0.225628749,1.33317268,0.690311253,-0.00424802536,-0.233878508,-0.0671487451,1.04718721,-0.679649413,0.108043104,-0.460323393,-0.022371687,0.975042701
0.00636668317,-0.34585157,0.871174514,0.0355510004,-0.0409905724,-0.803735197,0.592507899,-0.564556897,1.62443186E-07,-0.357932925,1.23837888,-0.561211526,1.55312191E-05,-0.2239362,1.34935486,0.682126343,-0.000314992561,-0.23544696,-0.0769954026,1.0471884,-0.677028894,0.106649011,-0.460771531,-0.0218528751,0.97309339
0.00307544065,-0.344244629,0.871545076,0.0340166204,-0.0417781137,-0.812692583,0.580196738,-0.560203075,1.51828246E-07,-0.36008817,1.23523796,-0.548181713,1.45163222E-05,-0.220411271,1.35000002,0.677703321,0.0023855702,-0.226777285,-0.0878576264,1.0464896,-0.669316769,0.103837594,-0.454349846,-0.0214820914,0.970896065
-0.00022497875,-0.342591703,0.871961117,0.0324622504,-0.0424909219,-0.821552932,0.567619205,-0.555662751,1.41436388E-07,-0.362329274,1.23190701,-0.534751236,1.35227538E-05,-0.216810241,1.35000002,0.673436522,0.00503495568,-0.217682496,-0.098762013,1.04576182,-0.661393225,0.100967318,-0.447642863,-0.0211174525,0.968688428
-0.00352539867,-0.340938777,0.872377098,0.0308995266,-0.043193806,-0.830219626,0.554900885,-0.551122427,1.31044516E-07,-0.364570409,1.22857618,-0.52132076,1.25291863E-05,-0.213209212,1.35000002,0.669169724,0.00768434163,-0.208587691,-0.109666407,1.04503405,-0.653469741,0.0980970487,-0.44093588,-0.0207528155,0.966480851
-0.00682581728,-0.33928588,0.872793138,0.0293295644,-0.043886248,-0.838686168,0.542050898,-0.546582103,1.20652658E-07,-0.366811544,1.22524536,-0.507890284,1.15356188E-05,-0.209608182,1.35000002,0.664902866,0.0103337271,-0.199492902,-0.120570801,1.04430628,-0.645546198,0.0952267796,-0.434228897,-0.0203881785,0.964273214
-0.0101262368,-0.337632954,0.873209178,0.0277535152,-0.044567775,-0.846946955,0.529078841,-0.542041779,1.10260785E-07,-0.369052649,1.22191453,-0.494459778,1.05420504E-05,-0.206007153,1.35000002,0.660636067,0.0129831126,-0.190398097,-0.131475195,1.04357851,-0.637622654,0.092356503,-0.427521944,-0.0200235415,0.962065637
-0.0132240141,-0.335831255,0.873925388,0.026780488,-0.0452540368,-0.855586708,0.514981925,-0.536469638,1.01726449E-07,-0.371884048,1.21597695,-0.489894301,9.72600174E-06,-0.201948985,1.35000002,0.659599364,0.0125551177,-0.17904155,-0.140736893,1.04221797,-0.627557039,0.0906125456,-0.420037389,-0.0179900602,0.961655736
-0.016127469,-0.333886862,0.874929368,0.0263827033,-0.0459428765,-0.864546537,0.499752283,-0.529908061,9.49733661E-08,-0.375281483,1.20753956,-0.493829787,9.08018319E-06,-0.197452471,1.35000002,0.661660135,0.00917610526,-0.165516123,-0.148423329,1.04025078,-0.61543721,0.0899486616,-0.411807209,-0.0143562621,0.96296978
-0.019030923,-0.331942469,0.875933349,0.0259763617,-0.0466178618,-0.873242617,0.484354645,-0.523346543,8.82202826E-08,-0.378678918,1.19910228,-0.497765303,8.43436374E-06,-0.192955956,1.35000002,0.663720906,0.00579709373,-0.151990697,-0.15610978,1.03828359,-0.60331744,0.0892847702,-0.403577,-0.010722463,0.964283824
-0.0219343789,-0.329998046,0.876937389,0.0255618189,-0.0472783223,-0.881666124,0.468803048,-0.516784966,8.14671992E-08,-0.382076353,1.19066489,-0.501700819,7.78854519E-06,-0.188459441,1.35000002,0.665781677,0.00241808197,-0.13846527,-0.163796231,1.03631628,-0.59119761,0.0886208788,-0.39534682,-0.00708866492,0.965597808
-0.0248378329,-0.328053653,0.87794137,0.0251394752,-0.0479236469,-0.88980931,0.453112274,-0.510223389,7.47141087E-08,-0.385473818,1.18222761,-0.505636334,7.14272574E-06,-0.183962911,1.35000002,0.667842388,-0.0009609306,-0.124939851,-0.171482682,1.03434908,-0.57907784,0.0879569873,-0.387116641,-0.00345486589,0.966911852
-0.0277254581,-0.326085627,0.878936529,0.0248398688,-0.0484430119,-0.897713661,0.437203199,-0.503532708,6.81057841E-08,-0.388403982,1.17419708,-0.509416819,6.51065648E-06,-0.17957966,1.34968424,0.670229495,-0.00474432809,-0.110805862,-0.179372519,1.03228211,-0.565627038,0.0870722458,-0.378038794,-0.000266654184,0.968454838
-0.0303686764,-0.32375282,0.879794657,0.0265423805,-0.0472415276,-0.906052768,0.419681013,-0.494847834,6.37323581E-08,-0.384120017,1.17244661,-0.510804713,6.09087419E-06,-0.176945016,1.34449351,0.67765516,-0.0147711402,-0.0872760862,-0.190402582,1.02867401,-0.531627178,0.0827777013,-0.355874062,-0.00395796634,0.973532021
-0.0330118947,-0.321420014,0.880652845,0.0282369237,-0.0460204855,-0.914056778,0.401976377,-0.486162961,5.93589284E-08,-0.379836053,1.17069626,-0.512192547,5.67109191E-06,-0.174310356,1.33930266,0.685080767,-0.0247979518,-0.0637463108,-0.201432645,1.02506602,-0.497627318,0.0784831643,-0.3337093,-0.00764927827,0.978609204
-0.0356551111,-0.319087178,0.881510973,0.029921541,-0.0447812416,-0.921715558,0.384109169,-0.477478117,5.49855024E-08,-0.375552118,1.16894579,-0.513580441,5.25130918E-06,-0.171675712,1.33411193,0.692506373,-0.0348247625,-0.0402165353,-0.212462708,1.02145791,-0.463627428,0.0741886199,-0.311544538,-0.0113405902,0.983686388
-0.0382983275,-0.316754371,0.882369161,0.0315942951,-0.0435252003,-0.929020166,0.366099775,-0.468793273,5.06120728E-08,-0.371268153,1.16719544,-0.514968276,4.83152689E-06,-0.169041067,1.32892108,0.699932039,-0.044851575,-0.0166867562,-0.223492771,1.01784992,-0.429627568,0.0698940754,-0.289379776,-0.0150319031,0.988763571
-0.0409415476,-0.314421535,0.883227289,0.0332532823,-0.0422538333,-0.935962796,0.347969025,-0.460108399,4.62386467E-08,-0.366984189,1.16544497,-0.51635617,4.41174461E-06,-0.166406423,1.32373035,0.707357645,-0.0548783876,0.00684301602,-0.234522834,1.01424181,-0.395627707,0.0655995309,-0.267215043,-0.018723214,0.993840754
-0.0435712673,-0.312150985,0.883493662,0.0369176418,-0.0405155085,-0.942498565,0.329685003,-0.461037129,1.22754599E-07,-0.358250737,1.17557228,-0.518969774,4.08175902E-06,-0.165660769,1.32171392,0.71113497,-0.0656547695,0.0274527501,-0.233740047,1.01316643,-0.34572506,0.0546420515,-0.244184375,-0.0197793245,0.997490525
-0.0461924002,-0.309920043,0.883383512,0.0418586209,-0.0384704843,-0.948636413,0.311218172,-0.468081802,2.50730807E-07,-0.346686542,1.19325578,-0.522363186,3.80890037E-06,-0.166116849,1.32171714,0.71259135,-0.0769080073,0.0462048054,-0.225442141,1.01370227,-0.285705417,0.0394457392,-0.22060284,-0.0191589687,1.00023234
-0.048813533,-0.307689101,0.883273363,0.0467870347,-0.0364079252,-0.954393089,0.292607725,-0.475126505,3.78707028E-07,-0.335122377,1.21093941,-0.525756598,3.53604196E-06,-0.166572943,1.32172036,0.71404773,-0.0881612524,0.0649568588,-0.217144236,1.01423812,-0.225685775,0.024249427,-0.197021306,-0.0185386129,1.00297403
-0.0514346659,-0.305458158,0.883163273,0.0516967997,-0.0343303084,-0.959760785,0.273876101,-0.482171178,5.0668325E-07,-0.323558211,1.22862303,-0.529150069,3.26318332E-06,-0.167029038,1.32172358,0.71550405,-0.0994144976,0.0837089196,-0.208846331,1.01477385,-0.165666118,0.00905311387,-0.173439771,-0.017918257,1.00571573
-0.0540557988,-0.303227186,0.883053124,0.056581948,-0.0322402045,-0.964733362,0.255046368,-0.489215881,6.34659443E-07,-0.311994016,1.24630666,-0.53254348,2.9903249E-06,-0.167485118,1.3217268,0.71696043,-0.110667735,0.102460966,-0.200548425,1.01530969,-0.105646484,-0.00614319462,-0.149858236,-0.0172979012,1.00845754
-0.0566296875,-0.301080763,0.882923782,0.0612148568,-0.0303857885,-0.969282687,0.236263707,-0.496284336,7.34266791E-07,-0.300872892,1.26352179,-0.535832942,2.73289243E-06,-0.1678776,1.32189107,0.718878865,-0.121106058,0.119387642,-0.191835165,1.01600468,-0.0469087288,-0.0209523179,-0.127467796,-0.0169653613,1.01096094
-0.0589583293,-0.299372971,0.882694662,0.064672783,-0.0297958013,-0.973342717,0.218022063,-0.503476322,6.86615522E-07,-0.292051435,1.27830589,-0.538582742,2.55553437E-06,-0.167939842,1.32289195,0.723195791,-0.127314255,0.126839027,-0.180965886,1.01752603,0.00517485617,-0.0337515958,-0.111260183,-0.0181268342,1.01222765
-0.061286971,-0.297665179,0.882465541,0.0681112036,-0.0291943531,-0.977054834,0.199680775,-0.510668278,6.38964195E-07,-0.283229977,1.29308999,-0.541332543,2.3781763E-06,-0.168002084,1.32389283,0.727512658,-0.133522451,0.134290397,-0.170096591,1.01904738,0.057258442,-0.0465508737,-0.0950525701,-0.0192883052,1.01349425
-0.0636156127,-0.295957386,0.882236421,0.0715263262,-0.02858207,-0.980414152,0.181259573,-0.517860234,5.91312926E-07,-0.274408519,1.30787396,-0.544082344,2.20081824E-06,-0.168064341,1.32489359,0.731829584,-0.139730662,0.141741782,-0.159227312,1.02056873,0.109342031,-0.0593501516,-0.0788449496,-0.0204497781,1.01476097
-0.0659442544,-0.294249594,0.882007301,0.0749144405,-0.0279596243,-0.983417034,0.162778512,-0.52505219,5.43661599E-07,-0.265587091,1.32265806,-0.546832204,2.02346018E-06,-0.168126583,1.32589447,0.73614651,-0.145938858,0.149193168,-0.148358032,1.02209008,0.161425605,-0.0721494257,-0.0626373366,-0.0216112509,1.01602757
-0.0682728961,-0.292541802,0.88177824,0.0782719404,-0.0273277089,-0.986061037,0.144257799,-0.532244146,4.9601033E-07,-0.256765634,1.33744216,-0.549582005,1.84610224E-06,-0.168188825,1.32689536,0.740463436,-0.152147055,0.156644553,-0.137488738,1.02361143,0.213509202,-0.0849487036,-0.0464297161,-0.0227727219,1.01729429
-0.0702202171,-0.291249782,0.881465912,0.0812125579,-0.027290849,-0.988104582,0.127706736,-0.538517773,4.60231121E-07,-0.249223635,1.34917247,-0.551488578,1.71293425E-06,-0.167076841,1.33016419,0.743704736,-0.156192705,0.161487684,-0.128481001,1.02510822,0.252201051,-0.0949593335,-0.0321628079,-0.0243913401,1.01783538
-0.0720132142,-0.290126026,0.881120026,0.0839774162,-0.0274912585,-0.989780962,0.111917682,-0.544419765,4.29256943E-07,-0.242199495,1.35966682,-0.553053916,1.59765159E-06,-0.165489599,1.33435094,0.746510744,-0.159363091,0.165275186,-0.120226681,1.026595,0.285472751,-0.103841297,-0.0186813753,-0.0261949785,1.01808286
-0.0738062039,-0.28900224,0.880774081,0.0867218971,-0.0276846234,-0.991200924,0.0960912183,-0.550321758,3.98282793E-07,-0.235175356,1.37016118,-0.554619253,1.48236882E-06,-0.163902357,1.33853769,0.749316752,-0.162533492,0.169062689,-0.111972369,1.02808177,0.31874451,-0.112723261,-0.00519993901,-0.0279986188,1.01833034
-0.075599201,-0.287878484,0.880428135,0.0894438326,-0.027870791,-0.992363095,0.080239661,-0.55622375,3.67308644E-07,-0.228151217,1.38065553,-0.556184649,1.36708616E-06,-0.1623151,1.34272444,0.75212276,-0.165703878,0.172850192,-0.103718057,1.02956855,0.352016211,-0.121605225,0.00828149263,-0.0298022572,1.01857781
-0.0773921907,-0.286754698,0.88008225,0.092141144,-0.0280496217,-0.993266881,0.0643754005,-0.562125742,3.36334466E-07,-0.221127078,1.39115,-0.557749987,1.25180338E-06,-0.160727859,1.34691119,0.754928768,-0.168874279,0.176637694,-0.0954637378,1.03105533,0.385287941,-0.130487189,0.021762928,-0.0316058956,1.01882529
-0.0790445358,-0.285717815,0.879818082,0.094488956,-0.027976891,-0.993913054,0.0492555797,-0.567017376,3.08203113E-07,-0.214599103,1.400262,-0.551483512,0.000347388268,-0.156938985,1.35000002,0.757477224,-0.17067951,0.180229917,-0.0880207345,1.03240573,0.415048361,-0.13857083,0.0336127654,-0.0338312425,1.0185858
-0.080301173,-0.284925371,0.879783869,0.0959086195,-0.0272112079,-0.994358599,0.0362223908,-0.569066286,2.88069913E-07,-0.209467128,1.40548491,-0.523182452,0.00166769826,-0.146955818,1.35000002,0.759301126,-0.168643922,0.183272704,-0.0828603506,1.03337216,0.434929729,-0.144408345,0.0408721305,-0.0372430421,1.01697612
-0.0815578029,-0.284132898,0.879749715,0.0973124281,-0.026440436,-0.994632542,0.0231763516,-0.571115196,2.67936713E-07,-0.204335138,1.41070783,-0.494881362,0.00298800832,-0.136972666,1.35000002,0.761125028,-0.166608319,0.186315507,-0.0776999667,1.03433859,0.454811096,-0.150245875,0.0481314957,-0.0406548455,1.01536632
-0.0828144401,-0.283340454,0.879715502,0.0986996442,-0.0256649721,-0.994734704,0.010124227,-0.573164105,2.47803513E-07,-0.199203163,1.41593075,-0.466580272,0.00430831825,-0.126989499,1.35000002,0.76294893,-0.164572731,0.189358309,-0.0725395754,1.03530502,0.474692464,-0.156083405,0.0553908609,-0.0440666452,1.01375663
-0.08407107,-0.282547981,0.879681349,0.100069538,-0.0248852149,-0.994664907,-0.00292722904,-0.575212955,2.27670313E-07,-0.194071174,1.42115366,-0.438279212,0.00562862819,-0.117006339,1.35000002,0.764772832,-0.162537143,0.192401111,-0.0673791915,1.03627145,0.494573832,-0.16192092,0.0626502261,-0.0474784486,1.01214683
-0.0853277072,-0.281755537,0.879647136,0.101421438,-0.0241015777,-0.994423389,-0.0159712471,-0.577261865,2.07537099E-07,-0.188939199,1.42637646,-0.409978122,0.00694893859,-0.10702318,1.35000002,0.766596735,-0.16050154,0.195443898,-0.0622188039,1.03723788,0.514455199,-0.16775845,0.069909595,-0.050890252,1.01053715
-0.0860469267,-0.281281799,0.879416883,0.103178121,-0.0243998822,-0.993935049,-0.0291891545,-0.580584884,1.93129821E-07,-0.184944093,1.42975557,-0.402694941,0.00682084169,-0.093395941,1.35000002,0.767901897,-0.159297615,0.197330981,-0.0579547361,1.03792942,0.527473569,-0.171954647,0.0767928958,-0.0523082614,1.01004255
-0.0866421908,-0.280881554,0.879141331,0.105014987,-0.024944583,-0.993250966,-0.0424519777,-0.584201753,1.80043244E-07,-0.181211218,1.43270922,-0.400259554,0.00635866635,-0.0789281875,1.35000002,0.769087434,-0.158285514,0.198951483,-0.0538974032,1.03855753,0.538908899,-0.17577225,0.083589457,-0.0532663949,1.00980508
-0.0872374475,-0.280481339,0.878865778,0.106833532,-0.0254849661,-0.992387652,-0.0557115078,-0.587818623,1.66956667E-07,-0.177478358,1.43566298,-0.397824198,0.00589649053,-0.064460434,1.35000002,0.77027297,-0.157273397,0.200571984,-0.049840074,1.03918576,0.550344288,-0.179589853,0.0903860107,-0.0542245321,1.00956774
-0.0878327116,-0.280081123,0.878590226,0.108632781,-0.0260207411,-0.991345644,-0.0689605847,-0.591435492,1.5387009E-07,-0.173745483,1.43861663,-0.395388842,0.00543431472,-0.0499926731,1.35000002,0.771458507,-0.156261295,0.202192485,-0.0457827412,1.03981388,0.561779678,-0.183407471,0.0971825719,-0.0551826693,1.00933027
-0.0884279758,-0.279680878,0.878314674,0.110411771,-0.0265516248,-0.990125656,-0.0821920708,-0.595052361,1.40783499E-07,-0.170012608,1.4415704,-0.392953485,0.00497213891,-0.0355249159,1.35000002,0.772644103,-0.155249193,0.203812987,-0.0417254083,1.04044211,0.573215008,-0.187225088,0.103979133,-0.0561408028,1.00909293
-0.0888163,-0.279372603,0.878088295,0.111909524,-0.0275477823,-0.988733292,-0.0955186337,-0.599235654,1.29359236E-07,-0.166872576,1.44425774,-0.39536339,0.00456866808,-0.0229746811,1.35000002,0.773679018,-0.154462203,0.204471946,-0.0380165204,1.04099047,0.584126234,-0.190532669,0.111115552,-0.057203047,1.00899982
-0.0888413563,-0.279225677,0.877948165,0.112929977,-0.0293654688,-0.987164855,-0.109041229,-0.604413211,1.2085296E-07,-0.164773226,1.44647753,-0.40627864,0.00426824577,-0.0137904258,1.35000002,0.774449646,-0.154070392,0.203443035,-0.0349192806,1.04139876,0.594117343,-0.192944989,0.118848555,-0.058448039,1.00916028
-0.0888664201,-0.279078752,0.877807975,0.11392954,-0.0311785229,-0.985408306,-0.122550115,-0.609590769,1.12346683E-07,-0.162673876,1.44869733,-0.41719389,0.00396782393,-0.00460617105,1.35000002,0.775220215,-0.153678581,0.202414125,-0.0318220407,1.04180706,0.604108453,-0.195357308,0.12658155,-0.0596930273,1.00932062
-0.0888914838,-0.278931826,0.877667844,0.1149076,-0.0329859033,-0.983464301,-0.136037588,-0.614768386,1.03840406E-07,-0.160574526,1.45091712,-0.428109139,0.00366740208,0.00457808422,1.35000002,0.775990844,-0.15328677,0.201385215,-0.0287248008,1.04221547,0.614099562,-0.197769627,0.134314552,-0.0609380193,1.00948107
-0.0889165476,-0.278784901,0.877527714,0.115863591,-0.0347865857,-0.981334031,-0.149495989,-0.619945943,9.53341228E-08,-0.158475161,1.45313692,-0.439024389,0.00336698,0.0137623409,1.35000002,0.776761413,-0.152894959,0.200356305,-0.0256275609,1.04262376,0.624090672,-0.200181946,0.142047554,-0.0621830113,1.00964141
-0.0889416039,-0.278637975,0.877387583,0.11679703,-0.0365795493,-0.979018986,-0.162917644,-0.62512356,8.68278534E-08,-0.156375811,1.45535672,-0.449939638,0.00306655816,0.0229465943,1.35000002,0.777532041,-0.152503133,0.199327394,-0.022530321,1.04303205,0.634081781,-0.202594265,0.149780557,-0.0634279996,1.00980175
-0.0886908546,-0.278715879,0.877480567,0.116987705,-0.0384502746,-0.976637661,-0.176108837,-0.630150497,8.10405751E-08,-0.157598287,1.45681977,-0.460490376,0.00286216498,0.0239566062,1.35000002,0.778056324,-0.151497215,0.19714801,-0.0200059321,1.04330981,0.643278837,-0.204209551,0.15667446,-0.0649815127,1.0097295
-0.0884139165,-0.27881518,0.877595782,0.117088638,-0.04032325,-0.974087179,-0.189257652,-0.635163128,7.55114939E-08,-0.159136191,1.45821083,-0.471006542,0.00266689062,0.0241903942,1.35000002,0.778557181,-0.150432974,0.194859371,-0.0175359417,1.04357529,0.652400434,-0.205749154,0.163488701,-0.0665643215,1.00963521
-0.088136971,-0.278914452,0.877710938,0.117168173,-0.0421894081,-0.971357703,-0.20237574,-0.64017576,6.99824128E-08,-0.160674095,1.459602,-0.481522679,0.00247161649,0.0244241823,1.35000002,0.779058099,-0.149368733,0.192570731,-0.0150659503,1.04384065,0.66152209,-0.207288757,0.170302927,-0.0681471378,1.00954092
-0.0878600329,-0.279013753,0.877826095,0.117226265,-0.044047717,-0.968450665,-0.21545592,-0.645188451,6.44533316E-08,-0.162211999,1.46099317,-0.492038846,0.00227634213,0.0246579684,1.35000002,0.779558957,-0.148304492,0.190282091,-0.012595959,1.04410601,0.670643687,-0.20882836,0.177117154,-0.0697299466,1.00944662
-0.0875830874,-0.279113024,0.877941251,0.117262878,-0.0458971523,-0.965367615,-0.228490949,-0.650201082,5.89242539E-08,-0.163749903,1.46238434,-0.502554953,0.002081068,0.0248917565,1.35000002,0.780059874,-0.147240251,0.187993452,-0.0101259686,1.04437149,0.679765344,-0.210367963,0.183931381,-0.0713127553,1.00935221
-0.0870608464,-0.279063821,0.878043115,0.117119819,-0.0476214588,-0.962037504,-0.241865486,-0.654996932,5.42923715E-08,-0.165599942,1.46408772,-0.51049751,0.00191748061,0.0233506709,1.35000002,0.780479431,-0.146109298,0.187732905,-0.00936174393,1.04459381,0.687657535,-0.210183263,0.186991915,-0.0709717125,1.0104301
-0.0862548128,-0.278842807,0.878129721,0.116770148,-0.0492034145,-0.958429396,-0.255650133,-0.659541965,5.06984712E-08,-0.167811066,1.46615267,-0.515462577,0.00179055228,0.0197562054,1.35000002,0.780805051,-0.144901186,0.18981871,-0.0105709489,1.04476631,0.6941275,-0.20800367,0.18570973,-0.0684049278,1.01286411
-0.0854487792,-0.278621793,0.878216326,0.116396226,-0.0507760495,-0.954621911,-0.269389212,-0.664086998,4.71045674E-08,-0.170022205,1.46821749,-0.520427644,0.00166362408,0.0161617417,1.35000002,0.781130612,-0.143693075,0.191904515,-0.011780153,1.0449388,0.700597465,-0.205824077,0.184427544,-0.0658381507,1.01529801
-0.0846427456,-0.278400779,0.878302872,0.115998335,-0.0523384102,-0.950617671,-0.283074409,-0.66863203,4.35106671E-08,-0.172233328,1.47028232,-0.525392771,0.00153669575,0.0125672771,1.35000002,0.781456232,-0.142484963,0.19399032,-0.012989358,1.04511142,0.70706743,-0.203644484,0.183145359,-0.0632713661,1.01773202
-0.0838367045,-0.278179765,0.878389478,0.115576662,-0.0538895205,-0.946418941,-0.29669711,-0.673177063,3.99167632E-08,-0.174444467,1.47234714,-0.530357838,0.00140976754,0.00897281338,1.35000002,0.781781793,-0.141276836,0.196076125,-0.0141985621,1.04528391,0.713537395,-0.201464891,0.181863174,-0.0607045889,1.02016604
-0.0830210298,-0.277953714,0.878476322,0.115124851,-0.055441089,-0.942014217,-0.310293257,-0.677687347,3.63404382E-08,-0.176683232,1.47441864,-0.535308361,0.00128345995,0.00533130299,1.35000002,0.782105803,-0.140066788,0.198183745,-0.0154121378,1.04545557,0.71997571,-0.199264109,0.180592179,-0.058142297,1.02258801
-0.0815251097,-0.277371526,0.878581524,0.114169955,-0.0578714982,-0.936340928,-0.326927841,-0.679746985,3.40044046E-08,-0.180871248,1.47695971,-0.539233446,0.00120095664,-0.00162980217,1.35000002,0.7823174,-0.138720512,0.201830715,-0.0169341564,1.04556775,0.724181175,-0.195568517,0.180110216,-0.0558969937,1.02417016
-0.0800291821,-0.276789308,0.878686666,0.113177925,-0.0602862425,-0.930365443,-0.343477041,-0.681806624,3.16683675E-08,-0.185059279,1.47950077,-0.543158531,0.00111845322,-0.00859090686,1.35000002,0.782529056,-0.137374237,0.205477685,-0.0184561741,1.04567981,0.728386641,-0.191872925,0.179628268,-0.0536516868,1.02575219
-0.0785332546,-0.276207119,0.878791869,0.112149626,-0.0626829863,-0.92409277,-0.359924972,-0.683866322,2.93323303E-08,-0.18924731,1.48204184,-0.547083557,0.00103594991,-0.0155520122,1.35000002,0.782740653,-0.136027962,0.20912464,-0.0199781917,1.04579198,0.732592106,-0.188177317,0.179146305,-0.0514063798,1.02733433
-0.0770373344,-0.275624901,0.878897071,0.111085989,-0.0650594383,-0.91752851,-0.37625587,-0.685925961,2.6996295E-08,-0.193435341,1.4845829,-0.551008642,0.00095344655,-0.0225131158,1.35000002,0.782952309,-0.134681672,0.212771609,-0.0215002093,1.04590416,0.736797571,-0.184481725,0.178664342,-0.0491610728,1.02891636
-0.0755414069,-0.275042713,0.879002273,0.109988108,-0.0674133971,-0.910679638,-0.392454565,-0.687985599,2.46602596E-08,-0.197623372,1.48712397,-0.554933727,0.000870943128,-0.0294742212,1.35000002,0.783163905,-0.133335397,0.216418579,-0.023022227,1.04601622,0.741003036,-0.180786133,0.178182378,-0.0469157659,1.0304985
-0.0739343315,-0.274533272,0.879167974,0.108461194,-0.0701344982,-0.902771115,-0.410270303,-0.688877225,2.27856205E-08,-0.202647746,1.48989105,-0.559870422,0.000804735289,-0.0365157239,1.35000002,0.783333719,-0.132859722,0.219003886,-0.0232955031,1.04610622,0.744377911,-0.177607104,0.181211412,-0.0461978652,1.03106439
-0.072241433,-0.274080008,0.879380405,0.106580481,-0.0731317997,-0.893866777,-0.42929545,-0.688867033,2.12671978E-08,-0.208317786,1.49283254,-0.565588176,0.000751108106,-0.0436192937,1.35000002,0.783471286,-0.133056194,0.220769539,-0.0226047095,1.04617906,0.74711144,-0.174826875,0.186951041,-0.0466591753,1.03084576
-0.0705485418,-0.273626715,0.879592836,0.10464935,-0.0760990232,-0.884546876,-0.448145539,-0.68885684,1.97487751E-08,-0.213987827,1.49577403,-0.571305931,0.000697480922,-0.0507228635,1.35000002,0.783608854,-0.133252665,0.222535193,-0.021913914,1.04625201,0.749845028,-0.172046661,0.19269067,-0.0471204855,1.03062713
-0.0688556507,-0.273173451,0.879805267,0.102670334,-0.079032056,-0.874823153,-0.466794521,-0.688846707,1.82303523E-08,-0.219657868,1.49871552,-0.577023685,0.000643853738,-0.0578264333,1.35000002,0.783746421,-0.133449137,0.224300861,-0.0212231204,1.04632485,0.752578557,-0.169266433,0.1984303,-0.0475817956,1.0304085
-0.0671627596,-0.272720158,0.880017698,0.10064619,-0.0819269717,-0.864709556,-0.485217243,-0.688836515,1.67119278E-08,-0.225327909,1.50165701,-0.582741439,0.000590226555,-0.0649300069,1.35000002,0.783883989,-0.133645594,0.226066515,-0.0205323268,1.04639781,0.755312145,-0.166486204,0.204169944,-0.0480431058,1.03018999
-0.0654816255,-0.272328764,0.880205989,0.0985763595,-0.0847603157,-0.854033828,-0.503710747,-0.688244283,1.52544484E-08,-0.230769321,1.50464165,-0.588684022,0.000538751716,-0.0717756376,1.35000002,0.784016013,-0.133938238,0.227852464,-0.0197976381,1.04646778,0.757935941,-0.164035112,0.210197121,-0.0488378443,1.02981615
-0.0638912767,-0.272414923,0.880208075,0.0964260325,-0.0873983428,-0.841449022,-0.524430335,-0.683158338,1.42674725E-08,-0.234445557,1.50795996,-0.596362591,0.000503894058,-0.0766298249,1.35000002,0.78410542,-0.134973392,0.229794949,-0.0187240634,1.04651511,0.759712756,-0.16412501,0.218444288,-0.0522067845,1.02824461
-0.0623009317,-0.272501111,0.880210102,0.0942135602,-0.0899889469,-0.828334033,-0.544874847,-0.678072393,1.32804976E-08,-0.238121793,1.51127815,-0.604041159,0.000469036371,-0.0814840123,1.35000002,0.784194827,-0.136008561,0.231737435,-0.0176504888,1.04656243,0.76148957,-0.164214909,0.22669147,-0.055575721,1.02667296
-0.0607105866,-0.272587299,0.880212188,0.091942735,-0.0925272703,-0.814710557,-0.565006196,-0.672986448,1.22935226E-08,-0.241798013,1.51459646,-0.611719787,0.000434178684,-0.0863381997,1.35000002,0.784284234,-0.137043715,0.23367992,-0.0165769141,1.04660988,0.763266385,-0.164304793,0.234938636,-0.0589446612,1.02510142
-0.0591202416,-0.272673488,0.880214274,0.0896176174,-0.0950086862,-0.800602913,-0.584787965,-0.667900443,1.13065468E-08,-0.245474249,1.51791477,-0.619398355,0.000399321027,-0.0911923945,1.35000002,0.784373641,-0.138078868,0.235622421,-0.0155033395,1.0466572,0.765043199,-0.164394692,0.243185803,-0.0623136014,1.02352989
-0.0575298965,-0.272759646,0.8802163,0.087242581,-0.0974289104,-0.78603822,-0.604185581,-0.662814498,1.03195719E-08,-0.249150485,1.52123308,-0.627076924,0.00036446334,-0.0960465819,1.35000002,0.784463108,-0.139114037,0.237564906,-0.0144297648,1.04670465,0.766819954,-0.16448459,0.251432985,-0.0656825453,1.02195823
-0.0561652593,-0.27317363,0.880130112,0.0849836022,-0.0993700922,-0.770333171,-0.624091506,-0.655589283,9.56232249E-09,-0.252297252,1.52360213,-0.634028018,0.000337719073,-0.1000361,1.35000002,0.784531653,-0.13955979,0.239020303,-0.0137081146,1.04674101,0.768183231,-0.165462434,0.256640583,-0.0688094646,1.02099597
-0.0549143143,-0.273752719,0.879999459,0.0827456787,-0.101038814,-0.753727198,-0.644080341,-0.647286475,8.92078944E-09,-0.255177289,1.52549303,-0.640612543,0.000315061567,-0.103590071,1.35000002,0.784589827,-0.139708668,0.240230352,-0.0131637314,1.04677176,0.769338131,-0.166887552,0.260317147,-0.07181447,1.02034056
-0.053663373,-0.274331808,0.879868746,0.080447875,-0.102640808,-0.736581266,-0.663657308,-0.638983727,8.2792555E-09,-0.258057326,1.52738392,-0.647197127,0.000292404089,-0.10714405,1.35000002,0.784647942,-0.13985756,0.241440415,-0.0126193482,1.04680264,0.77049309,-0.168312654,0.26399368,-0.0748194829,1.01968515
-0.052412428,-0.274910897,0.879738092,0.0780947506,-0.104172595,-0.718929172,-0.6827811,-0.630680919,7.63772157E-09,-0.260937363,1.52927494,-0.653781712,0.000269746612,-0.110698022,1.35000002,0.784706056,-0.140006438,0.242650464,-0.0120749651,1.0468334,0.77164799,-0.169737771,0.267670244,-0.0778244957,1.01902974
-0.0511614829,-0.275489986,0.879607379,0.0756912529,-0.105631188,-0.700808167,-0.701413512,-0.62237817,6.99618763E-09,-0.2638174,1.53116584,-0.660366297,0.000247089105,-0.114251994,1.35000002,0.784764171,-0.140155315,0.243860513,-0.0115305819,1.04686415,0.772802949,-0.171162874,0.271346807,-0.0808295012,1.01837432
-0.0499741398,-0.276128352,0.879485011,0.0733312666,-0.106888868,-0.682290196,-0.719498038,-0.613909543,6.40301234E-09,-0.266901255,1.53271866,-0.666368127,0.000226139557,-0.117732041,1.35000002,0.784817934,-0.13984035,0.244463265,-0.010981828,1.04689264,0.773870826,-0.172649801,0.274099708,-0.0838940814,1.01784182
-0.0490184948,-0.276982635,0.879392684,0.0712445453,-0.107618384,-0.66342181,-0.737030506,-0.604836881,5.98601568E-09,-0.270727605,1.53303957,-0.670247197,0.000211412189,-0.120942757,1.35000002,0.784855664,-0.137835577,0.242853507,-0.0104171485,1.04691267,0.774621487,-0.174361899,0.273487687,-0.0871756896,1.01775718
-0.0480628498,-0.277836919,0.879300416,0.0691058412,-0.108277231,-0.644070446,-0.754104495,-0.59576422,5.56901858E-09,-0.274553955,1.5333606,-0.674126267,0.000196684821,-0.124153472,1.35000002,0.784893453,-0.135830805,0.241243765,-0.00985246897,1.0469327,0.775372207,-0.176074013,0.272875667,-0.0904572979,1.01767266
-0.0471072048,-0.278691232,0.879208148,0.0669192746,-0.108863838,-0.62427336,-0.770683706,-0.586691558,5.15202148E-09,-0.278380305,1.53368151,-0.678005338,0.000181957454,-0.127364188,1.35000002,0.784931242,-0.133826032,0.239634007,-0.00928778853,1.04695261,0.776122928,-0.177786127,0.272263646,-0.0937389061,1.01758802
-0.0461515598,-0.279545516,0.87911588,0.0646892041,-0.109376945,-0.604070127,-0.786734521,-0.577618897,4.73502437E-09,-0.282206655,1.53400254,-0.681884348,0.0001672301,-0.130574897,1.35000002,0.784969032,-0.13182126,0.23802425,-0.00872310903,1.04697263,0.776873648,-0.179498225,0.271651596,-0.0970205069,1.01750338
-0.0451959148,-0.280399799,0.879023612,0.0624203198,-0.109815858,-0.583503127,-0.80222702,-0.568546236,4.31802771E-09,-0.286033005,1.53432345,-0.685763419,0.000152502733,-0.13378562,1.35000002,0.785006821,-0.129816487,0.236414507,-0.00815842953,1.04699266,0.777624309,-0.181210339,0.271039575,-0.100302115,1.01741874
-0.0445214286,-0.281447649,0.87900722,0.0605641641,-0.110340595,-0.562740803,-0.816994309,-0.56276381,4.01278655E-09,-0.289174348,1.53319979,-0.688907743,0.000141722325,-0.136776581,1.35000002,0.785034418,-0.127708435,0.234861746,-0.00765385153,1.04700732,0.778173864,-0.181828976,0.265920997,-0.0994572341,1.01814747
-0.0439329632,-0.282554686,0.879014075,0.0588024557,-0.110843405,-0.541613698,-0.831210256,-0.557988107,3.74173892E-09,-0.292106152,1.53163409,-0.691827297,0.000132149551,-0.139700308,1.35000002,0.785058975,-0.125568792,0.233326435,-0.00716766156,1.04702032,0.778661788,-0.182113051,0.259423554,-0.0973498225,1.01912487
-0.0433444977,-0.283661723,0.879020989,0.057000149,-0.111274466,-0.520106435,-0.844901383,-0.553212404,3.47069062E-09,-0.295037955,1.53006828,-0.694746852,0.000122576763,-0.142624035,1.35000002,0.785083532,-0.123429134,0.231791109,-0.0066814716,1.04703331,0.779149771,-0.182397127,0.252926141,-0.0952424034,1.02010238
-0.0427560359,-0.28476876,0.879027843,0.0551606826,-0.111632794,-0.498260498,-0.858039558,-0.548436701,3.19964277E-09,-0.297969729,1.52850258,-0.697666347,0.000113003967,-0.145547763,1.35000002,0.785108089,-0.121289477,0.230255798,-0.0061952821,1.0470463,0.779637694,-0.182681203,0.246428728,-0.0931349918,1.02107978
-0.0421675704,-0.285875797,0.879034698,0.053287752,-0.111917846,-0.47611928,-0.870600462,-0.543660998,2.9285947E-09,-0.300901532,1.52693689,-0.700585902,0.000103431179,-0.14847149,1.35000002,0.785132647,-0.119149826,0.228720486,-0.00570909213,1.0470593,0.780125678,-0.182965279,0.2399313,-0.0910275728,1.02205729
-0.0416975468,-0.287139773,0.879045844,0.051315818,-0.112231515,-0.453680038,-0.882578671,-0.540554464,2.95880853E-09,-0.30263868,1.52561009,-0.703142107,9.49173773E-05,-0.151000306,1.34979081,0.785154521,-0.116951041,0.227410734,-0.00558055937,1.04707086,0.780559659,-0.182381034,0.232497901,-0.0886224434,1.02322268
-0.0414838158,-0.288743317,0.879066288,0.0491583236,-0.112693205,-0.430823505,-0.89402163,-0.541059911,3.64090869E-09,-0.301790893,1.5248003,-0.704912186,8.86950656E-05,-0.152674571,1.34912884,0.785170436,-0.114624329,0.226589113,-0.00622594357,1.04707932,0.780876815,-0.179917887,0.22303921,-0.085573107,1.02479446
-0.0412700847,-0.290346891,0.879086733,0.0469643623,-0.113081373,-0.40764007,-0.904895842,-0.541565359,4.32300862E-09,-0.300943077,1.52399063,-0.706682265,8.2472754E-05,-0.154348835,1.34846699,0.78518641,-0.112297609,0.225767493,-0.00687132776,1.04708779,0.781193972,-0.17745474,0.213580519,-0.0825237706,1.02636623
-0.0410563536,-0.291950434,0.879107177,0.044738166,-0.113394983,-0.384174585,-0.915177584,-0.542070806,5.00510877E-09,-0.30009526,1.52318084,-0.708452344,7.62504424E-05,-0.1560231,1.34780502,0.785202384,-0.109970897,0.224945873,-0.00751671195,1.04709625,0.781511188,-0.174991593,0.204121828,-0.0794744343,1.02793813
-0.0408426225,-0.293554008,0.879127562,0.0424841456,-0.113633431,-0.360473573,-0.924846649,-0.542576253,5.68720893E-09,-0.299247444,1.52237105,-0.710222363,7.00281307E-05,-0.15769735,1.34714305,0.785218358,-0.107644178,0.224124253,-0.00816209614,1.04710484,0.781828344,-0.172528446,0.194663122,-0.0764250904,1.0295099
-0.0406288914,-0.295157582,0.879148006,0.0402068906,-0.113796569,-0.336585045,-0.933886647,-0.543081701,6.36930908E-09,-0.298399627,1.52156126,-0.711992443,6.38058191E-05,-0.159371614,1.3464812,0.785234272,-0.105317459,0.223302618,-0.00880748034,1.0471133,0.7821455,-0.170065299,0.185204431,-0.0733757541,1.0310818
-0.0410448313,-0.297423333,0.879217267,0.0365856513,-0.114317209,-0.311190397,-0.942737341,-0.543064296,6.10093265E-09,-0.299814552,1.52220666,-0.713352919,5.9470407E-05,-0.160537913,1.34534144,0.785245419,-0.103992604,0.222878292,-0.00887284894,1.04711914,0.782366514,-0.16555582,0.179230943,-0.0707664415,1.03164697
-0.0415578485,-0.299791217,0.879294038,0.0327235758,-0.114820689,-0.285293669,-0.950974703,-0.542966306,5.6860161E-09,-0.301578313,1.5230763,-0.714650214,5.54259022E-05,-0.161625892,1.34412801,0.78525579,-0.102822214,0.222515225,-0.0088487938,1.04712462,0.782572627,-0.160730839,0.173794806,-0.0682249665,1.03205693
-0.0420708694,-0.302159071,0.879370749,0.0288317855,-0.115238115,-0.259147912,-0.958504677,-0.542868257,5.2711E-09,-0.303342104,1.52394605,-0.715947568,5.13814011E-05,-0.16271387,1.34291458,0.785266161,-0.101651825,0.222152159,-0.00882473774,1.04713011,0.7827788,-0.155905873,0.168358654,-0.065683499,1.03246689
-0.0425838865,-0.304526925,0.87944752,0.0249190517,-0.115568422,-0.232812047,-0.965309083,-0.542770267,4.8561839E-09,-0.305105865,1.5248158,-0.717244864,4.73368964E-05,-0.163801849,1.34170115,0.785276532,-0.100481436,0.221789092,-0.00880068261,1.04713559,0.782984972,-0.151080906,0.162922502,-0.063142024,1.03287697
-0.0430969074,-0.306894809,0.879524291,0.0209942758,-0.115811087,-0.20634608,-0.971374452,-0.542672217,4.44126735E-09,-0.306869656,1.52568543,-0.718542218,4.32923953E-05,-0.164889827,1.34048784,0.785286903,-0.0993110389,0.221426025,-0.00877662655,1.04714108,0.783191144,-0.146255925,0.157486364,-0.0606005527,1.03328693
-0.0437756851,-0.309321076,0.87952131,0.0171527639,-0.115898222,-0.18046385,-0.976578832,-0.544457257,2.23075608E-06,-0.307533324,1.52624047,-0.718609273,3.98378616E-05,-0.166734502,1.34001911,0.785295725,-0.0988020748,0.221540302,-0.00884020329,1.04714572,0.783367217,-0.141569644,0.151603639,-0.0583032332,1.03375316
-0.0446864255,-0.311829031,0.87940681,0.0134174367,-0.115810238,-0.155352384,-0.980955422,-0.548877478,7.57317912E-06,-0.306657463,1.52635515,-0.716954708,3.72089344E-05,-0.169638112,1.34059238,0.78530246,-0.0992187038,0.222322613,-0.00902641192,1.0471493,0.783501208,-0.137077421,0.145095959,-0.0563475899,1.03429806
-0.0455971621,-0.314337015,0.879292309,0.00966667384,-0.115645036,-0.130093783,-0.984686911,-0.553297698,1.29156024E-05,-0.305781573,1.52646995,-0.715300083,3.45800072E-05,-0.172541723,1.34116578,0.785309255,-0.0996353403,0.223104909,-0.00921262149,1.04715288,0.783635199,-0.132585213,0.138588294,-0.0543919429,1.03484309
-0.0465079024,-0.316845,0.879177809,0.00590792857,-0.115402706,-0.104738139,-0.987763822,-0.557717919,1.82580261E-05,-0.304905713,1.52658463,-0.713645518,3.195108E-05,-0.175445333,1.34173918,0.78531599,-0.100051969,0.22388722,-0.00939883012,1.04715645,0.78376925,-0.128093004,0.132080629,-0.0524362996,1.03538799
-0.0474186428,-0.319352955,0.879063249,0.00214871252,-0.115083776,-0.0793361217,-0.990180254,-0.56213814,2.36004489E-05,-0.304029852,1.5266993,-0.711990952,2.93221528E-05,-0.178348944,1.34231257,0.785322726,-0.100468606,0.224669516,-0.00958503876,1.04716003,0.783903241,-0.123600788,0.12557295,-0.0504806526,1.0359329
-0.0483293831,-0.321860939,0.878948748,-0.00160347717,-0.114689261,-0.0539386049,-0.991934776,-0.566558421,2.89428717E-05,-0.303153992,1.52681398,-0.710336387,2.66932275E-05,-0.181252554,1.34288597,0.785329461,-0.100885235,0.225451827,-0.00977124833,1.04716361,0.784037232,-0.119108573,0.119065285,-0.0485250093,1.03647792
-0.0491066538,-0.324004292,0.879387796,-0.00452710735,-0.11272952,-0.0317127742,-0.993109286,-0.57522428,2.7309914E-05,-0.303262383,1.52769804,-0.708035052,2.49541699E-05,-0.183365345,1.34416389,0.785333931,-0.0997967944,0.224059314,-0.0111948038,1.04716599,0.784125865,-0.112667821,0.119148731,-0.0476757213,1.03707409
-0.0498793833,-0.326135248,0.879845679,-0.00742554152,-0.110658474,-0.00954009779,-0.993784964,-0.584034562,2.54397964E-05,-0.303404212,1.52860832,-0.705711782,2.32453676E-05,-0.185451239,1.3454659,0.785338342,-0.0986571759,0.222592875,-0.0126604289,1.04716825,0.784213006,-0.10616082,0.119456269,-0.0468640476,1.03767192
-0.0506521165,-0.328266233,0.880303502,-0.0103224432,-0.108529918,0.0126543781,-0.993959069,-0.592844784,2.35696789E-05,-0.303546041,1.52951849,-0.703388453,2.15365653E-05,-0.187537149,1.3467679,0.785342693,-0.0975175649,0.221126437,-0.0141260531,1.04717064,0.784300089,-0.0996538177,0.119763806,-0.0460523739,1.03826988
-0.0514248498,-0.330397189,0.880761385,-0.0132134184,-0.106347039,0.0348370261,-0.993630707,-0.601655066,2.16995595E-05,-0.303687871,1.53042865,-0.701065183,1.9827763E-05,-0.189623043,1.34806979,0.785347104,-0.0963779464,0.219659984,-0.0155916782,1.0471729,0.784387171,-0.0931468084,0.120071344,-0.045240704,1.03886771
-0.0521975793,-0.332528144,0.881219208,-0.0160941053,-0.104113266,0.0569742844,-0.992801785,-0.610465288,1.9829442E-05,-0.30382973,1.53133893,-0.698741853,1.81189607E-05,-0.191708952,1.34937179,0.785351455,-0.095238328,0.218193546,-0.0170573033,1.04717529,0.784474313,-0.0866398066,0.120378882,-0.0444290303,1.03946567
-0.0531515926,-0.334933668,0.882034302,-0.0170011632,-0.102318645,0.0840978175,-0.991044521,-0.612016022,1.82980293E-05,-0.30785504,1.53187048,-0.703735948,1.67196467E-05,-0.198452502,1.34861779,0.78026557,-0.0985509604,0.216018707,-0.0194613226,1.04717708,0.781601071,-0.0804329365,0.107193708,-0.0482479222,1.03961587
-0.0542746484,-0.337595165,0.883182406,-0.0160613433,-0.100882858,0.115953803,-0.987987578,-0.606797397,1.70824514E-05,-0.31550169,1.53204894,-0.715553463,1.56089245E-05,-0.20953925,1.34594667,0.770433009,-0.106015243,0.213183299,-0.0227403827,1.04717863,0.775967419,-0.0745059252,0.0814267397,-0.0563847609,1.03934872
-0.0553977042,-0.340256691,0.884330511,-0.0151026193,-0.0993394852,0.14776963,-0.983904302,-0.601578712,1.58668754E-05,-0.32314831,1.53222752,-0.727370918,1.44982041E-05,-0.220625997,1.34327567,0.760600448,-0.113479532,0.210347891,-0.0260194428,1.04718006,0.770333767,-0.0685789213,0.0556597784,-0.0645216033,1.03908145
-0.0565207601,-0.342918187,0.885478616,-0.0141278859,-0.0976928324,0.179446444,-0.978803098,-0.596360028,1.46512984E-05,-0.33079496,1.53240609,-0.739188373,1.33874819E-05,-0.231712744,1.34060454,0.750767887,-0.120943822,0.207512483,-0.029298503,1.04718161,0.764700115,-0.0626519099,0.0298928097,-0.072658442,1.03881431
-0.0576438196,-0.345579714,0.88662672,-0.0131401857,-0.0959481969,0.210886553,-0.97270143,-0.591141403,1.34357215E-05,-0.338441581,1.53258455,-0.751005828,1.22767606E-05,-0.242799491,1.33793342,0.740935326,-0.128408104,0.204677075,-0.0325775631,1.04718304,0.759066403,-0.056724906,0.00412584934,-0.0807952806,1.03854704
-0.0587495565,-0.348176748,0.887733817,-0.012148302,-0.0940795615,0.241994545,-0.965629399,-0.585692942,1.22489982E-05,-0.345940769,1.5326618,-0.762556016,1.11924037E-05,-0.253640622,1.3352443,0.731502652,-0.13523601,0.201923683,-0.0359218977,1.04718459,0.753430903,-0.0506803729,-0.0204390474,-0.0884964317,1.03824365
-0.0596172251,-0.349887729,0.888276756,-0.0112213911,-0.0916707218,0.272856981,-0.957611382,-0.577085853,1.14588729E-05,-0.351413459,1.53134751,-0.770431578,1.0470435E-05,-0.261105627,1.33230758,0.727567196,-0.133316472,0.200297758,-0.0401634797,1.04718554,0.74777019,-0.0430204272,-0.0284808427,-0.090208903,1.03744209
-0.0604848973,-0.35159871,0.888819695,-0.0102797691,-0.0891593546,0.303544223,-0.948580921,-0.568478823,1.06687485E-05,-0.356886119,1.53003311,-0.77830714,9.74846625E-06,-0.268570632,1.32937086,0.72363174,-0.131396919,0.198671833,-0.0444050655,1.04718649,0.742109418,-0.0353604779,-0.0365226381,-0.0919213742,1.03664064
-0.0613525659,-0.353309721,0.889362633,-0.00932625588,-0.0865525156,0.333959728,-0.938558757,-0.559871733,9.87862313E-06,-0.362358779,1.52871883,-0.786182761,9.02649663E-06,-0.276035666,1.32643402,0.719696283,-0.129477382,0.197045907,-0.0486466475,1.04718757,0.736448646,-0.0277005322,-0.0445644334,-0.0936338454,1.03583908
-0.0622202381,-0.355020702,0.889905632,-0.00836379081,-0.083858192,0.364008993,-0.927574933,-0.551264644,9.0884987E-06,-0.367831439,1.52740443,-0.794058323,8.30452791E-06,-0.283500671,1.3234973,0.715760827,-0.127557844,0.195419982,-0.0528882295,1.04718852,0.730787873,-0.0200405847,-0.052606225,-0.0953463092,1.03503764
-0.0630879104,-0.356731683,0.89044857,-0.00739539182,-0.081085138,0.393601149,-0.915668368,-0.542657614,8.29837336E-06,-0.373304099,1.52609015,-0.801933885,7.58255919E-06,-0.290965676,1.32056057,0.711825371,-0.125638291,0.193794057,-0.0571298152,1.04718959,0.725127101,-0.0123806372,-0.0606480204,-0.0970587805,1.03423607
-0.0637140051,-0.358217984,0.890633404,-0.00778480619,-0.0790780485,0.42272529,-0.902767718,-0.532414913,7.67919937E-06,-0.378362387,1.52356684,-0.80861491,7.01679437E-06,-0.295275807,1.32001078,0.711639166,-0.125440001,0.19224444,-0.0571159869,1.04719031,0.721617579,-0.00768172136,-0.0613161549,-0.0939148813,1.03366196
-0.0641908795,-0.359565526,0.890597105,-0.00901188608,-0.0775040239,0.451526523,-0.888839483,-0.521161854,7.16561817E-06,-0.383164734,1.52029681,-0.814558029,6.54751466E-06,-0.297637254,1.32093549,0.71376878,-0.126304895,0.190741941,-0.054473646,1.04719102,0.719436824,-0.00481179636,-0.0574296713,-0.0877712667,1.03322816
-0.0646677539,-0.360913068,0.890560746,-0.0102324784,-0.0758465081,0.479928106,-0.873963237,-0.509908855,6.65203697E-06,-0.38796708,1.51702678,-0.820501149,6.07823449E-06,-0.299998701,1.32186019,0.715898454,-0.127169788,0.189239442,-0.0518313088,1.04719162,0.717256069,-0.00194187101,-0.0535431877,-0.081627652,1.03279436
-0.0651446283,-0.36226061,0.890524387,-0.0114427721,-0.0741102993,0.507840335,-0.858181119,-0.498655856,6.13845577E-06,-0.392769396,1.51375675,-0.826444268,5.60895478E-06,-0.302360117,1.32278478,0.718028069,-0.128034696,0.187736928,-0.0491889678,1.04719222,0.715075314,0.000928054214,-0.0496567041,-0.0754840374,1.03236055
-0.0656215027,-0.363608152,0.890488088,-0.0126390569,-0.0723009855,0.535178244,-0.841544509,-0.487402827,5.62487503E-06,-0.397571743,1.51048672,-0.832387388,5.13967507E-06,-0.304721564,1.32370949,0.720157743,-0.128899589,0.186234429,-0.0465466306,1.04719293,0.712894559,0.00379797979,-0.0457702205,-0.0693404227,1.03192687
-0.0660890564,-0.364825487,0.890462279,-0.0139470091,-0.0705675557,0.561857343,-0.824100673,-0.476007283,5.14158501E-06,-0.402473211,1.50703573,-0.838169813,4.69807355E-06,-0.306660175,1.32492697,0.722615242,-0.129549518,0.184762299,-0.0439228192,1.04713702,0.711806178,0.00592262996,-0.042246785,-0.063422747,1.03167689
-0.0665106326,-0.365400523,0.890488625,-0.0158811621,-0.0694678202,0.587952495,-0.805750489,-0.463908464,4.8077577E-06,-0.407863766,1.50269127,-0.843159199,4.39304176E-06,-0.306512564,1.32758856,0.726690769,-0.129138753,0.183440015,-0.0413904265,1.04680264,0.716107965,0.00436997227,-0.0405146889,-0.0586198717,1.03233421
-0.0669322088,-0.365975559,0.89051491,-0.0178051982,-0.0682931766,0.613527179,-0.786513507,-0.451809645,4.47392995E-06,-0.413254321,1.49834681,-0.848148584,4.08800997E-06,-0.306364924,1.33025014,0.730766237,-0.128728002,0.18211773,-0.0388580374,1.04646814,0.720409751,0.00281731482,-0.0387825891,-0.0538170002,1.03299153
-0.067353785,-0.366550565,0.890541255,-0.0197130814,-0.0670467764,0.638498604,-0.766443551,-0.439710796,4.14010219E-06,-0.418644875,1.49400234,-0.85313797,3.78297818E-06,-0.306217313,1.33291173,0.734841764,-0.128317237,0.180795446,-0.0363256447,1.04613376,0.724711597,0.00126465736,-0.0370504893,-0.0490141287,1.03364897
-0.0677753612,-0.367125601,0.890567541,-0.0215989146,-0.0657324418,0.662789524,-0.74560231,-0.427611977,3.80627444E-06,-0.42403543,1.48965788,-0.858127415,3.47794639E-06,-0.306069672,1.33557343,0.738917232,-0.127906471,0.179473147,-0.0337932557,1.04579926,0.729013383,-0.000288000301,-0.0353183895,-0.0442112572,1.03430629
-0.0681969449,-0.367700636,0.890593886,-0.0234570131,-0.0643546283,0.686328888,-0.724058628,-0.415513158,3.47244668E-06,-0.429425985,1.48531342,-0.863116801,3.1729146E-06,-0.305922061,1.33823502,0.742992699,-0.127495721,0.178150862,-0.0312608629,1.04546487,0.73331517,-0.00184065755,-0.0335862935,-0.0394083858,1.03496361
-0.0685545728,-0.367719024,0.890666127,-0.0250676423,-0.0631048381,0.706818759,-0.704128265,-0.404375404,3.22261099E-06,-0.434628755,1.48027158,-0.867693961,2.94462961E-06,-0.305923849,1.33916533,0.746043384,-0.126302019,0.177335054,-0.0296744574,1.04498053,0.736873329,-0.00350032351,-0.0344129354,-0.0353990495,1.03559816
-0.0688872039,-0.367519766,0.890756309,-0.0265769344,-0.0618763939,0.725906372,-0.684488833,-0.393613517,3.00562306E-06,-0.439758092,1.47495711,-0.87210989,2.74635886E-06,-0.30598411,1.33941841,0.748693228,-0.12480212,0.176717326,-0.0284580085,1.04443753,0.740140617,-0.00520183844,-0.0362402573,-0.0317000449,1.03622401
-0.0692198277,-0.367320478,0.890846431,-0.0280684419,-0.0605993234,0.74447453,-0.664302349,-0.38285163,2.78863513E-06,-0.444887429,1.46964264,-0.876525819,2.54808833E-06,-0.30604437,1.33967161,0.751343071,-0.123302221,0.176099598,-0.0272415597,1.04389453,0.743407905,-0.00690335315,-0.0380675793,-0.0280010439,1.03684974
-0.0695524588,-0.36712119,0.890936613,-0.0295387376,-0.0592764243,0.762479842,-0.643613279,-0.372089744,2.5716472E-06,-0.450016767,1.46432817,-0.880941808,2.34981758E-06,-0.30610463,1.33992469,0.753992915,-0.121802323,0.175481871,-0.0260251109,1.04335153,0.746675253,-0.00860486832,-0.0398949012,-0.0243020412,1.03747547
-0.0698850825,-0.366921932,0.891026795,-0.030984547,-0.0579107925,0.779883027,-0.622469902,-0.361327857,2.35465927E-06,-0.455146104,1.4590137,-0.885357738,2.15154705E-06,-0.306164891,1.34017789,0.756642759,-0.120302424,0.174864143,-0.024808662,1.04280865,0.749942541,-0.0103063826,-0.0417222232,-0.0206030402,1.0381012
-0.0701798201,-0.366609901,0.89106077,-0.0324169546,-0.0565073416,0.796101451,-0.601646602,-0.351065248,1.05795834E-05,-0.459673703,1.45360684,-0.888945043,1.97195845E-06,-0.305569589,1.34021854,0.759042978,-0.11923226,0.175008148,-0.0240390617,1.04220545,0.752901971,-0.0121841747,-0.0436828993,-0.0170549396,1.03870785
-0.0703717098,-0.365991861,0.890942156,-0.0338675566,-0.055071611,0.810325563,-0.582402527,-0.342157871,4.17201591E-05,-0.462567896,1.44794893,-0.890282989,1.84308237E-06,-0.303194851,1.33968222,0.760765374,-0.119328581,0.177219898,-0.0244824439,1.04143906,0.755025744,-0.0145404749,-0.0460055694,-0.0139164627,1.03926289
-0.070563592,-0.36537385,0.890823483,-0.0353010222,-0.0536016151,0.824105024,-0.562789202,-0.333250493,7.28607338E-05,-0.465462089,1.44229102,-0.891620934,1.71420652E-06,-0.300820112,1.33914602,0.762487769,-0.119424909,0.179431632,-0.0249258243,1.04067254,0.757149458,-0.016896775,-0.0483282395,-0.0107779857,1.03981793
-0.0707554817,-0.364755809,0.89070487,-0.0367147923,-0.0520997941,0.837414443,-0.542839587,-0.324343115,0.000104001316,-0.468356282,1.43663311,-0.892958879,1.58533055E-06,-0.298445374,1.33860981,0.764210165,-0.11952123,0.181643382,-0.0253692064,1.03990614,0.759273231,-0.0192530751,-0.0506509095,-0.00763950823,1.04037297
-0.070947364,-0.364137769,0.890586257,-0.0381064229,-0.0505687594,0.850230694,-0.522588313,-0.315435767,0.00013514189,-0.471250474,1.4309752,-0.894296825,1.45645458E-06,-0.296070635,1.33807349,0.76593262,-0.119617559,0.183855131,-0.0258125868,1.03913975,0.761396945,-0.0216093753,-0.0529735759,-0.00450103171,1.04092789
-0.0711392537,-0.363519758,0.890467584,-0.0394735746,-0.0490112752,0.86253345,-0.502071559,-0.306528389,0.000166282465,-0.474144667,1.42531729,-0.89563477,1.32757862E-06,-0.293695897,1.33753729,0.767655015,-0.11971388,0.186066866,-0.0262559671,1.03837323,0.763520718,-0.0239656754,-0.055296246,-0.00136255403,1.04148293
-0.0709559619,-0.362722278,0.889957964,-0.0407997146,-0.0474449992,0.874554992,-0.480872095,-0.299466401,0.000740965887,-0.473837674,1.42010236,-0.898216009,1.23567042E-06,-0.290313691,1.33445251,0.7677055,-0.125216588,0.189613134,-0.0294568259,1.03653252,0.765035272,-0.0280272085,-0.0605363399,0.00158964435,1.0418787
-0.0706900656,-0.361885279,0.889362276,-0.0421003997,-0.0458506979,0.886125684,-0.459245831,-0.292810678,0.00143531628,-0.472825885,1.41498506,-0.901070952,1.15190107E-06,-0.286709726,1.33080673,0.767387867,-0.131909579,0.193453193,-0.0332647711,1.03445542,0.766415715,-0.032464169,-0.0664187297,0.00450083148,1.04223943
-0.0704241768,-0.361048281,0.888766527,-0.0433769524,-0.0442268103,0.89717114,-0.437317044,-0.286154956,0.00212966674,-0.471814096,1.40986764,-0.903925896,1.06813172E-06,-0.283105731,1.32716095,0.767070293,-0.138602555,0.197293252,-0.0370727219,1.0323782,0.767796159,-0.0369011275,-0.072301127,0.00741201872,1.04260015
-0.0701582879,-0.360211283,0.888170838,-0.0446270332,-0.0425762646,0.907670915,-0.4151254,-0.279499233,0.00282401708,-0.470802307,1.40475035,-0.906780839,9.84362373E-07,-0.279501736,1.32351518,0.76675266,-0.145295545,0.201133326,-0.0408806689,1.03030109,0.769176543,-0.0413380861,-0.0781835169,0.010323205,1.04296088
-0.0698923916,-0.359374285,0.88757509,-0.0458484292,-0.0409021266,0.91760695,-0.392711729,-0.27284354,0.00351836765,-0.469790488,1.39963293,-0.909635782,9.00593022E-07,-0.275897741,1.3198694,0.766435027,-0.151988521,0.204973385,-0.0446886159,1.02822387,0.770556986,-0.0457750447,-0.0840659142,0.0132343927,1.04332161
-0.0695167482,-0.358512074,0.886837542,-0.0464278422,-0.0395817906,0.926771164,-0.370638639,-0.268375367,0.00469581969,-0.467847824,1.39465046,-0.912584543,8.27669282E-07,-0.272977561,1.31547701,0.761660993,-0.158714309,0.209569901,-0.0488649644,1.02625716,0.770979464,-0.0501489267,-0.0932711139,0.0160253402,1.04331446
-0.0689541474,-0.357606858,0.885858417,-0.045938611,-0.0388776809,0.935099661,-0.349237442,-0.267633319,0.00669615669,-0.464319557,1.3898977,-0.915693164,7.73219199E-07,-0.271222085,1.3098129,0.74929601,-0.165495962,0.215454921,-0.0536688305,1.02447867,0.769770205,-0.0544153638,-0.10813617,0.0186114796,1.04268062
-0.0683915541,-0.356701672,0.884879231,-0.045424372,-0.0381519869,0.942945182,-0.327620685,-0.266891271,0.00869649462,-0.46079129,1.38514495,-0.918801725,7.18769115E-07,-0.269466609,1.30414879,0.736931026,-0.172277614,0.221339941,-0.0584726967,1.02270007,0.768560946,-0.0586817972,-0.123001225,0.0211976189,1.04204679
-0.0678289533,-0.355796486,0.883900046,-0.0448858626,-0.0374058075,0.950294077,-0.305822223,-0.266149253,0.0106968312,-0.457263023,1.38039219,-0.921910346,6.64319032E-07,-0.267711133,1.29848468,0.724566042,-0.179059267,0.227224961,-0.0632765591,1.02092159,0.767351747,-0.0629482344,-0.137866288,0.0237837583,1.04141283
-0.0672663599,-0.35489127,0.882920921,-0.0443239659,-0.0366403311,0.957134783,-0.283876747,-0.265407205,0.0126971686,-0.453734726,1.37563944,-0.925018907,6.09868948E-07,-0.265955657,1.29282057,0.712201059,-0.185840935,0.233109981,-0.0680804253,1.01914299,0.766142488,-0.0672146678,-0.152731344,0.0263698995,1.04077899
-0.0667037591,-0.353986084,0.881941736,-0.0437396355,-0.0358568393,0.96345824,-0.261819541,-0.264665157,0.0146975061,-0.450206459,1.37088668,-0.928127468,5.55418865E-07,-0.264200181,1.28715646,0.699836075,-0.192622587,0.238995001,-0.0728842914,1.0173645,0.764933228,-0.0714811087,-0.1675964,0.0289560389,1.04014516
-0.0662404969,-0.353396505,0.880848646,-0.0441238061,-0.0347082429,0.969358027,-0.239151537,-0.264184445,0.0139789348,-0.449607074,1.36776793,-0.929197192,5.18506738E-07,-0.266297251,1.28206801,0.686818063,-0.197219923,0.245860279,-0.0775029436,1.01868796,0.761233866,-0.0706674382,-0.178626239,0.0305544343,1.03924167
-0.0657858402,-0.352834284,0.879745662,-0.0445703268,-0.0335081406,0.97474122,-0.216264799,-0.263726383,0.01302478,-0.449261457,1.3647908,-0.930090249,4.8311415E-07,-0.268728167,1.2770294,0.673743427,-0.201628,0.252810508,-0.0821055397,1.02028024,0.757318795,-0.0694136024,-0.189323768,0.0320672467,1.03831494
-0.0653311834,-0.352272063,0.878642678,-0.0449925028,-0.0322883576,0.979587913,-0.193237558,-0.263268292,0.012070626,-0.448915839,1.36181366,-0.930983305,4.47721646E-07,-0.271159053,1.2719909,0.66066885,-0.206036076,0.259760737,-0.0867081359,1.02187252,0.753403723,-0.068159759,-0.200021297,0.0335800573,1.03738821
-0.064876534,-0.351709813,0.877539694,-0.0453896001,-0.031050913,0.983889699,-0.170107991,-0.2628102,0.0111164721,-0.448570222,1.35883641,-0.931876302,4.12329086E-07,-0.273589939,1.26695228,0.647594213,-0.210444152,0.266710937,-0.0913107395,1.0234648,0.749488652,-0.0669059232,-0.21071884,0.0350928679,1.03646135
-0.0644218773,-0.351147592,0.87643671,-0.0457610227,-0.0297979042,0.987640679,-0.14691484,-0.262352139,0.0101623172,-0.448224604,1.35585928,-0.932769358,3.76936526E-07,-0.276020825,1.26191366,0.634519577,-0.214852229,0.273661166,-0.0959133357,1.02505708,0.745573521,-0.0656520799,-0.221416369,0.0366056822,1.03553462
-0.0638989881,-0.350695074,0.875716746,-0.0468723997,-0.0279021859,0.99093765,-0.122748338,-0.261060447,0.00936531369,-0.448645711,1.3532517,-0.934156001,3.47373629E-07,-0.280870825,1.25644064,0.62594676,-0.217595533,0.279580027,-0.099252969,1.02654374,0.741921902,-0.0641223565,-0.22514686,0.0369123146,1.03523731
-0.063299343,-0.350365967,0.875427604,-0.0488196053,-0.0252766926,0.9937253,-0.09740486,-0.258831024,0.00874508638,-0.449929237,1.35106003,-0.93609792,3.24368472E-07,-0.288442075,1.25047898,0.622437954,-0.218466133,0.284338742,-0.101171888,1.02791178,0.738566577,-0.0622822903,-0.221040189,0.0358621255,1.03564835
-0.0626996979,-0.350036889,0.875138462,-0.05073772,-0.0226300936,0.995859385,-0.0719547421,-0.256601632,0.00812485907,-0.451212794,1.34886825,-0.938039839,3.01363315E-07,-0.296013325,1.24451721,0.618929148,-0.219336733,0.289097428,-0.103090808,1.02927971,0.735211253,-0.0604422241,-0.216933519,0.03481194,1.03605938
-0.0621000528,-0.349707782,0.874849319,-0.0526228249,-0.0199675933,0.997333765,-0.046448309,-0.254372209,0.00750463223,-0.45249635,1.34667647,-0.939981759,2.78358158E-07,-0.303584576,1.23855543,0.615420341,-0.220207334,0.293856144,-0.105009727,1.03064775,0.731855989,-0.058602158,-0.212826848,0.0337617509,1.03647029
-0.0615004078,-0.349378675,0.874560118,-0.0544712134,-0.0172944982,0.998145998,-0.0209363159,-0.252142817,0.00688440539,-0.453779876,1.34448469,-0.941923678,2.55353001E-07,-0.311155796,1.23259366,0.611911535,-0.221077934,0.29861483,-0.106928647,1.03201568,0.728500664,-0.0567620918,-0.208720163,0.0327115618,1.03688133
-0.0609008633,-0.349048823,0.874274433,-0.0562823489,-0.0146120135,0.998297632,0.00456334697,-0.249864355,0.00626872899,-0.455098629,1.34230542,-0.943859696,2.32516626E-07,-0.318772525,1.22665393,0.608485103,-0.221939787,0.303352237,-0.108836271,1.03337359,0.725200772,-0.0549750589,-0.204640493,0.0316756107,1.03729701
-0.0603060648,-0.348684072,0.874149084,-0.0581923015,-0.0117245,0.997736275,0.031597767,-0.245295376,0.00586558133,-0.458061635,1.34070671,-0.94551909,2.17563283E-07,-0.328512996,1.22174311,0.608906567,-0.222392604,0.307094127,-0.110216334,1.03426278,0.724489987,-0.0556651875,-0.201822042,0.0313045494,1.03793383
-0.0597112626,-0.348319292,0.874023795,-0.0600637235,-0.00882088672,0.996429384,0.0586774871,-0.240726411,0.00546243414,-0.461024612,1.33910811,-0.947178543,2.02609939E-07,-0.338253498,1.21683216,0.609327972,-0.222845435,0.310836047,-0.111596406,1.03515196,0.723779202,-0.0563553162,-0.199003577,0.0309334919,1.03857076
-0.0591164641,-0.347954512,0.873898447,-0.0618921705,-0.00590761472,0.994375527,0.0857418254,-0.236157432,0.00505928649,-0.463987619,1.33750951,-0.948837996,1.87656582E-07,-0.347994,1.21192122,0.609749377,-0.223298252,0.314577967,-0.112976477,1.03604114,0.723068476,-0.0570454448,-0.196185127,0.0305624306,1.03920758
-0.0585216619,-0.347589761,0.873773098,-0.0636735186,-0.00299121509,0.991578817,0.112730041,-0.231588468,0.00465613883,-0.466950595,1.3359108,-0.950497389,1.72703238E-07,-0.357734472,1.20701027,0.610170841,-0.223751068,0.318319857,-0.11435654,1.03693032,0.72235769,-0.0577355698,-0.193366662,0.0301913712,1.03984439
-0.0579268634,-0.347224981,0.873647749,-0.0654039308,-7.82290153E-05,0.988048136,0.139581963,-0.227019489,0.00425299164,-0.469913602,1.3343122,-0.952156842,1.57749895E-07,-0.367474973,1.20209932,0.610592246,-0.2242039,0.322061777,-0.115736611,1.0378195,0.721646905,-0.0584256984,-0.190548211,0.0298203118,1.04048133
-0.0572507791,-0.346776009,0.873602569,-0.0671786442,0.0027710828,0.983704984,0.166745141,-0.221616581,0.00393045694,-0.474514753,1.33254659,-0.95388931,1.45786601E-07,-0.378020197,1.19811296,0.612479091,-0.224404693,0.325338364,-0.116793469,1.03853095,0.721672297,-0.060690783,-0.188582003,0.0291421395,1.04099083
-0.0565137006,-0.346263826,0.873617411,-0.0689780861,0.00558232842,0.978517115,0.194203347,-0.215587914,0.00366841117,-0.48034513,1.33065557,-0.955676496,1.36066916E-07,-0.389169246,1.19482028,0.615465462,-0.224416375,0.328265816,-0.117607795,1.03910887,0.722250044,-0.06413766,-0.187255278,0.0282335225,1.04140472
-0.0557766259,-0.345751643,0.873632312,-0.0707260519,0.00839429535,0.972542763,0.221557707,-0.209559247,0.00340636517,-0.486175507,1.32876468,-0.957463741,1.26347246E-07,-0.400318325,1.19152761,0.618451834,-0.224428073,0.331193238,-0.118422128,1.0396868,0.722827733,-0.0675845295,-0.185928568,0.0273249056,1.04181874
-0.0550395474,-0.34523949,0.873647153,-0.0724182054,0.0112002753,0.96579361,0.248742551,-0.203530595,0.0031443194,-0.492005855,1.32687366,-0.959250987,1.16627561E-07,-0.411467373,1.18823493,0.621438265,-0.224439755,0.334120691,-0.119236454,1.04026473,0.72340548,-0.0710313991,-0.184601858,0.0264162887,1.04223263
-0.0543024689,-0.344727308,0.873662055,-0.0740505978,0.0139935911,0.958286881,0.275693446,-0.197501928,0.00288227363,-0.497836232,1.32498276,-0.961038172,1.06907883E-07,-0.422616452,1.18494225,0.624424636,-0.224451438,0.337048143,-0.120050788,1.04084277,0.723983228,-0.0744782686,-0.183275133,0.0255076718,1.04264665
-0.0535966568,-0.344245821,0.873663485,-0.0755768716,0.0167617481,0.950077534,0.302257925,-0.191448599,0.00263138581,-0.503821015,1.32301748,-0.962810338,9.76020829E-08,-0.433811694,1.18182099,0.627463996,-0.224605903,0.339890569,-0.120896734,1.04138625,0.724709272,-0.0778601468,-0.181877792,0.0247597881,1.04304302
-0.0531165749,-0.343985856,0.873567939,-0.0767355487,0.019474728,0.941372931,0.327947319,-0.185217187,0.00246105599,-0.510920584,1.32051539,-0.964473784,9.12842921E-08,-0.445340455,1.17993724,0.630885661,-0.225791097,0.342119336,-0.121970996,1.04168141,0.726505756,-0.0807727873,-0.179970458,0.0251723379,1.04331207
-0.0526364893,-0.34372592,0.873472333,-0.07783968,0.022179665,0.931944072,0.353453308,-0.178985775,0.00229072617,-0.518020213,1.31801343,-0.96613723,8.49665014E-08,-0.456869185,1.1780535,0.634307325,-0.226976305,0.344348103,-0.123045251,1.04197645,0.728302181,-0.0836854205,-0.178063139,0.0255848859,1.04358113
-0.0521564037,-0.343465954,0.873376787,-0.0788865164,0.0248704385,0.921808779,0.378717691,-0.172754377,0.00212039636,-0.525119781,1.31551147,-0.967800677,7.86487107E-08,-0.468397945,1.17616987,0.637728989,-0.228161514,0.346576869,-0.124119505,1.04227149,0.730098665,-0.086598061,-0.176155806,0.0259974357,1.04385018
-0.051676318,-0.343206018,0.873281181,-0.0798736513,0.0275409874,0.910989225,0.403683424,-0.166522965,0.00195006665,-0.53221935,1.3130095,-0.969464123,7.2330927E-08,-0.479926676,1.17428613,0.641150653,-0.229346722,0.348805606,-0.12519376,1.04256666,0.731895149,-0.0895106941,-0.174248487,0.0264099855,1.04411924
-0.0511962362,-0.342946053,0.873185635,-0.0807991475,0.0301854145,0.899512589,0.428295881,-0.160291553,0.00177973683,-0.539318979,1.31050754,-0.97112751,6.60131363E-08,-0.491455436,1.1724025,0.644572258,-0.230531916,0.351034373,-0.126268014,1.0428617,0.733691573,-0.0924233273,-0.172341153,0.0268225353,1.04438841
-0.0508513339,-0.342859924,0.873109043,-0.0813526288,0.0325220674,0.887275636,0.452842265,-0.15413776,0.00164946914,-0.546812713,1.30771875,-0.973104835,6.11813107E-08,-0.50309819,1.17153394,0.647638023,-0.231321841,0.353045017,-0.127036765,1.0431416,0.735780716,-0.0963678584,-0.173061758,0.0273862593,1.04449403
-0.0505724102,-0.342858642,0.873041749,-0.0816935673,0.0347028486,0.874272048,0.47725293,-0.148021862,0.00153875479,-0.554498851,1.3047899,-0.975235224,5.70747467E-08,-0.514796555,1.17116106,0.6505301,-0.231918827,0.354949176,-0.1276564,1.043414,0.738012731,-0.100816034,-0.175064966,0.0280237664,1.04452002
-0.0502934866,-0.342857361,0.872974455,-0.0819720104,0.0368603915,0.860572577,0.501334965,-0.141905963,0.00142804044,-0.56218493,1.30186117,-0.977365673,5.29681827E-08,-0.52649498,1.17078805,0.653422177,-0.232515827,0.356853336,-0.12827602,1.04368639,0.740244687,-0.105264209,-0.177068189,0.0286612753,1.04454601
-0.0500145629,-0.342856079,0.872907102,-0.0821871683,0.038989637,0.846207261,0.525031805,-0.135790065,0.0013173261,-0.569871068,1.29893231,-0.979496121,4.88616188E-08,-0.538193345,1.17041504,0.656314254,-0.233112812,0.358757496,-0.128895655,1.04395878,0.742476702,-0.109712377,-0.179071411,0.0292987823,1.044572
-0.0497356392,-0.342854798,0.872839808,-0.0823386535,0.0410857238,0.831210732,0.54828918,-0.129674152,0.00120661175,-0.577557206,1.29600358,-0.98162657,4.47550548E-08,-0.54989171,1.17004204,0.659206271,-0.233709797,0.360661656,-0.12951529,1.04423118,0.744708657,-0.114160553,-0.181074634,0.0299362913,1.04459798
-0.049513571,-0.342916071,0.872765899,-0.0823871568,0.0430454537,0.815547526,0.571175694,-0.123772927,0.00110451377,-0.585175335,1.29295373,-0.983937204,4.09680894E-08,-0.561483085,1.17013454,0.66160351,-0.234465986,0.362269282,-0.129862592,1.04448235,0.746892452,-0.119171299,-0.183729142,0.0305216797,1.0443517
-0.0494903401,-0.343196273,0.872668684,-0.0822326988,0.0446270145,0.798971772,0.594045639,-0.118622482,0.00103254942,-0.592555821,1.28948092,-0.986878097,3.82988219E-08,-0.572700024,1.17185497,0.662270188,-0.235778883,0.362839878,-0.129257485,1.04465938,0.748907804,-0.126149505,-0.188661411,0.0309247971,1.04315352
-0.0494671054,-0.343476444,0.872571528,-0.0820118189,0.0461765528,0.78171432,0.616493762,-0.11347203,0.000960585079,-0.599936306,1.28600812,-0.98981899,3.5629558E-08,-0.583917022,1.17357552,0.662936926,-0.237091795,0.363410443,-0.128652379,1.04483652,0.750923097,-0.133127704,-0.193593666,0.0313279144,1.04195523
-0.0494438745,-0.343756616,0.872474372,-0.0817247331,0.0476901717,0.763813436,0.638463616,-0.108321577,0.000888620736,-0.607316732,1.28253531,-0.992759883,3.29602905E-08,-0.59513396,1.17529595,0.663603604,-0.238404706,0.363981038,-0.128047273,1.04501355,0.75293839,-0.140105918,-0.198525935,0.0317310318,1.04075706
-0.0494206399,-0.344036788,0.872377217,-0.081372112,0.0491642058,0.745312333,0.659902215,-0.103171125,0.000816656393,-0.614697218,1.27906251,-0.995700777,3.0291023E-08,-0.606350958,1.17701638,0.664270282,-0.239717603,0.364551634,-0.127442181,1.04519057,0.754953742,-0.147084117,-0.20345819,0.0321341492,1.03955889
-0.049397409,-0.344316959,0.872280061,-0.0809551552,0.0505953021,0.726258516,0.680760562,-0.0980206802,0.00074469205,-0.622077703,1.2755897,-0.99864161,2.76217573E-08,-0.617567897,1.17873693,0.664937019,-0.241030514,0.365122199,-0.126837075,1.0453676,0.756969035,-0.154062316,-0.208390459,0.0325372666,1.03836071
-0.0498302728,-0.344381809,0.872309268,-0.0800836757,0.0505186431,0.708877981,0.698946774,-0.0933718011,0.000692190311,-0.629098654,1.27185237,-1.00154531,2.56743888E-08,-0.627550125,1.18209481,0.660319507,-0.242344782,0.360836267,-0.126878545,1.04549682,0.758815229,-0.16057317,-0.216091454,0.0305780377,1.03666878
-0.0503972955,-0.344383299,0.872375667,-0.0790459737,0.0499791503,0.691678226,0.716125011,-0.0888704583,0.000645413471,-0.636013925,1.26803732,-1.00443804,2.3939366E-08,-0.637169182,1.18593431,0.654147685,-0.243659467,0.355121791,-0.127110213,1.04561186,0.760611594,-0.16694653,-0.224606887,0.0279239211,1.03483176
-0.0509643219,-0.344384789,0.872442067,-0.0779602155,0.0494094007,0.674048781,0.732897878,-0.0843691155,0.000598636689,-0.642929137,1.26422226,-1.00733078,2.22043415E-08,-0.64678818,1.18977392,0.647975862,-0.244974136,0.349407285,-0.127341881,1.04572701,0.762408018,-0.173319906,-0.233122319,0.0252698045,1.03299475
-0.0515313447,-0.34438628,0.872508526,-0.0768282339,0.0488103479,0.656020164,0.749234557,-0.0798677728,0.000551859848,-0.649844408,1.26040709,-1.01022351,2.04693187E-08,-0.656407237,1.19361341,0.641804039,-0.246288806,0.343692809,-0.12757355,1.04584205,0.764204443,-0.179693282,-0.241637751,0.0226156879,1.03115761
-0.0520983711,-0.34438777,0.872574925,-0.0756521448,0.0481831282,0.637625337,0.765107334,-0.07536643,0.000505083008,-0.65675962,1.25659204,-1.01311612,1.87342959E-08,-0.666026294,1.19745302,0.635632217,-0.247603491,0.337978303,-0.127805233,1.04595709,0.766000867,-0.186066642,-0.250153184,0.0199615732,1.0293206
-0.0526369549,-0.344293654,0.872615337,-0.0744036809,0.0473683625,0.620922923,0.778893411,-0.0709647015,0.000463595265,-0.663802564,1.25275409,-1.01491559,1.71954522E-08,-0.676788568,1.20043802,0.628664076,-0.248769507,0.330561906,-0.128421888,1.04605925,0.767594159,-0.191862836,-0.258591026,0.0166865792,1.02717435
-0.053115949,-0.343999118,0.87260139,-0.0730633289,0.046198938,0.608237624,0.789033771,-0.0667717159,0.000433190347,-0.671113133,1.24886799,-1.01442409,1.60676876E-08,-0.689946353,1.20163274,0.620027363,-0.249624059,0.319579214,-0.129845247,1.046134,0.768761814,-0.196449608,-0.266866297,0.0121105853,1.02438021
-0.0535949469,-0.343704611,0.872587383,-0.071702458,0.0450162999,0.595380366,0.798970878,-0.0625787228,0.000402785401,-0.678423643,1.244982,-1.01393259,1.49399213E-08,-0.703104198,1.20282733,0.61139071,-0.250478595,0.308596551,-0.131268606,1.04620886,0.769929469,-0.201036379,-0.275141597,0.00753459241,1.02158606
-0.054073941,-0.343410105,0.872573435,-0.0703221187,0.0438213609,0.582361102,0.808696449,-0.0583857372,0.000372380484,-0.685734153,1.24109602,-1.01344109,1.38121568E-08,-0.716262043,1.20402205,0.602753997,-0.251333147,0.297613889,-0.132691965,1.0462836,0.771097183,-0.20562315,-0.283416867,0.00295859808,1.01879203
-0.0545529351,-0.343115598,0.872559428,-0.0689234287,0.0426151045,0.569190383,0.818202853,-0.0541927516,0.000341975538,-0.693044722,1.23720992,-1.01294959,1.26843922E-08,-0.729419887,1.20521665,0.594117284,-0.252187669,0.286631197,-0.134115338,1.04635847,0.772264838,-0.210209906,-0.291692138,-0.0016173945,1.01599789
-0.0550319292,-0.342821091,0.872545481,-0.0675075278,0.0413984954,0.555878937,0.827482641,-0.0499997661,0.00031157062,-0.700355232,1.23332393,-1.01245809,1.15566277E-08,-0.742577672,1.20641124,0.585480571,-0.253042221,0.275648534,-0.135538697,1.04643333,0.773432493,-0.214796677,-0.299967438,-0.00619338872,1.01320374
-0.055738952,-0.342184067,0.872432232,-0.063895762,0.0389217027,0.561362624,0.82418102,-0.0433560982,0.000290460244,-0.715036213,1.22541654,-1.00195217,1.07736113E-08,-0.765578866,1.2038008,0.577275872,-0.253635526,0.254533708,-0.139595807,1.04609597,0.774243236,-0.217981309,-0.303552836,-0.0131454859,1.00430679
-0.0564790294,-0.341497362,0.872304618,-0.0599585772,0.0362577811,0.569523454,0.818983197,-0.0363572314,0.000270697026,-0.730785429,1.21692634,-0.989994705,1.00405648E-08,-0.790006816,1.20063865,0.569133699,-0.254190981,0.231950298,-0.144034654,1.04569888,0.775002182,-0.220962703,-0.306458473,-0.0204419792,0.994525254
-0.0572191067,-0.340810686,0.872177005,-0.05601364,0.0335891135,0.577619672,0.813689053,-0.0293583591,0.000250933837,-0.746534646,1.20843613,-0.978037238,9.30751742E-09,-0.814434767,1.19747663,0.560991585,-0.254746437,0.209366888,-0.148473501,1.0453018,0.775761127,-0.223944098,-0.30936411,-0.0277384743,0.984743714
-0.0579591803,-0.340124011,0.872049451,-0.0520623252,0.0309166256,0.585648477,0.808300436,-0.0223594904,0.000231170634,-0.762283862,1.19994593,-0.966079831,8.57447002E-09,-0.838862658,1.19431448,0.552849472,-0.255301893,0.186783493,-0.152912363,1.04490471,0.776520133,-0.226925507,-0.312269777,-0.0350349657,0.974962175
-0.0586992577,-0.339437306,0.871921837,-0.048106011,0.0282412637,0.593607008,0.802819371,-0.0153606189,0.00021140743,-0.778033078,1.19145572,-0.954122365,7.84142262E-09,-0.863290608,1.19115245,0.544707298,-0.255857348,0.164200082,-0.157351211,1.04450762,0.777279079,-0.229906902,-0.315175414,-0.0423314609,0.965180695
-0.0597563945,-0.338930428,0.871572256,-0.0437284224,0.0257822983,0.607598364,0.79262048,-0.0105549209,0.00019457539,-0.79764837,1.18195176,-0.937096536,7.21709714E-09,-0.888225555,1.1870786,0.537128866,-0.255876809,0.140225202,-0.161406681,1.04270911,0.777925491,-0.232446119,-0.316334605,-0.0493761078,0.955555439
-0.0612446852,-0.338668078,0.870920777,-0.0387456864,0.0236001313,0.629575908,0.775613248,-0.00873160269,0.000181729309,-0.822520912,1.1710695,-0.913178444,6.74061651E-09,-0.913850129,1.18176472,0.530316949,-0.255167365,0.114358127,-0.164940834,1.03900456,0.778418839,-0.23438403,-0.315118909,-0.056078285,0.946142852
-0.0627329797,-0.338405699,0.870269358,-0.0337213501,0.0213944055,0.651093125,0.757946551,-0.00690828497,0.000168883227,-0.847393513,1.16018713,-0.889260411,6.26413588E-09,-0.939474702,1.17645097,0.523505092,-0.254457921,0.0884910375,-0.168474987,1.03530014,0.778912187,-0.236321941,-0.313903213,-0.0627804622,0.936730206
-0.0642212704,-0.338143319,0.869617939,-0.0286673978,0.0191703737,0.672096074,0.739660501,-0.00508496724,0.000156037146,-0.872266054,1.14930475,-0.865342379,5.78765524E-09,-0.965099216,1.17113709,0.516693175,-0.253748477,0.0626239628,-0.172009125,1.03159559,0.779405534,-0.238259852,-0.312687516,-0.069482632,0.92731756
-0.0657095611,-0.337880969,0.86896646,-0.0235960614,0.0169334151,0.692534506,0.720799804,-0.00326164928,0.000143191064,-0.897138596,1.13842249,-0.841424286,5.31117461E-09,-0.990723789,1.16582334,0.509881258,-0.253039032,0.0367568731,-0.175543278,1.02789116,0.779898882,-0.240197748,-0.31147179,-0.0761848092,0.917904913
-0.0671978518,-0.337618589,0.868315041,-0.0185196623,0.0146889966,0.712362707,0.701413274,-0.00143833109,0.000130344983,-0.922011137,1.12754011,-0.817506254,4.83469398E-09,-1.01634836,1.16050947,0.503069341,-0.252329588,0.0108897882,-0.179077432,1.02418673,0.78039223,-0.242135659,-0.310256094,-0.0828869864,0.908492267
-0.0683443323,-0.340148777,0.870613456,-0.0178342666,0.0136196213,0.734357655,0.678391695,-0.0238751378,0.000288328563,-0.924964011,1.10678899,-0.779342711,0.00290244538,-1.01293135,1.14850354,0.488932192,-0.230748907,-0.00327968993,-0.173926815,1.02302015,0.780717373,-0.225040421,-0.282810569,-0.09629298,0.907798648
-0.0694817156,-0.342753202,0.87299031,-0.0172454491,0.0125640463,0.755751967,0.65451026,-0.0469568484,0.000450853317,-0.927334189,1.08577549,-0.7408005,0.00588204106,-1.00874221,1.13631976,0.474600315,-0.208613411,-0.0171382166,-0.16854535,1.02192104,0.781038046,-0.207439214,-0.254667759,-0.109877191,0.907336712
-0.0706190988,-0.345357627,0.875367105,-0.0166379232,0.011493871,0.776399612,0.62991637,-0.0700385571,0.000613378012,-0.929704368,1.064762,-0.702258289,0.00886163581,-1.0045532,1.12413597,0.460268408,-0.1864779,-0.030996738,-0.163163885,1.02082193,0.781358719,-0.189838022,-0.226524949,-0.123461396,0.906874835
-0.0717564896,-0.347962022,0.877743959,-0.0160135403,0.0104123857,0.796235442,0.604685247,-0.0931202695,0.000775902765,-0.932074487,1.0437485,-0.663716078,0.011841232,-1.00036418,1.11195207,0.445936501,-0.164342389,-0.0448552668,-0.157782421,1.01972282,0.781679392,-0.17223683,-0.198382139,-0.137045607,0.906412959
-0.0728938729,-0.350566447,0.880120814,-0.0153743075,0.00932297949,0.815202057,0.578897536,-0.116201982,0.00093842746,-0.934444666,1.022735,-0.625173867,0.0148208281,-0.99617517,1.09976828,0.431604624,-0.142206892,-0.0587137938,-0.152400941,1.01862371,0.782000065,-0.154635623,-0.170239329,-0.150629804,0.905951083
-0.0736926496,-0.352811694,0.881285489,-0.0153499916,0.00851448253,0.833251774,0.552615106,-0.138998061,0.000981503865,-0.919289291,1.01592767,-0.595680952,0.0156908892,-0.977956057,1.09231997,0.419690043,-0.12602891,-0.0684904829,-0.147316471,1.0184269,0.782261848,-0.141353488,-0.141197547,-0.167410553,0.906267583
-0.0741843879,-0.354731232,0.881351054,-0.0158817321,0.00795578025,0.850485504,0.525698423,-0.161535144,0.000916271412,-0.888242781,1.02200162,-0.574393332,0.0146481497,-0.947015345,1.08916545,0.409967363,-0.115252845,-0.0745660141,-0.14250131,1.01904845,0.782470286,-0.131987616,-0.11134059,-0.187089726,0.907289863
-0.0746761262,-0.3566508,0.881416619,-0.0163984932,0.0073875403,0.866889358,0.498176128,-0.184072241,0.00085103896,-0.857196271,1.0280757,-0.553105772,0.0136054102,-0.916074634,1.08601105,0.400244683,-0.104476795,-0.0806415379,-0.137686133,1.01966989,0.782678723,-0.122621737,-0.0814836398,-0.2067689,0.908312082
-0.0751678646,-0.358570337,0.881482184,-0.0168986078,0.00681147259,0.882408857,0.470130444,-0.206609339,0.000785806507,-0.826149762,1.03414965,-0.531818211,0.0125626707,-0.885133862,1.08285654,0.390521973,-0.0937007368,-0.0867170617,-0.132870972,1.02029145,0.782887161,-0.113255866,-0.0516266935,-0.226448089,0.909334362
-0.0756596029,-0.360489905,0.881547689,-0.0173805766,0.00622936478,0.896998048,0.441648632,-0.229146421,0.000720574113,-0.795103252,1.0402236,-0.510530591,0.0115199303,-0.854193151,1.07970202,0.380799294,-0.0829246789,-0.0927925855,-0.128055796,1.02091289,0.783095598,-0.103889987,-0.0217697397,-0.246127263,0.910356641
-0.0761477053,-0.362368941,0.881604314,-0.0179897379,0.00564894406,0.910613,0.412829846,-0.251736611,0.000657049473,-0.764287233,1.04789519,-0.490637451,0.010509776,-0.823311329,1.07818174,0.373677611,-0.0729777813,-0.0979498401,-0.122999795,1.02161145,0.783298552,-0.0949430764,0.00840015151,-0.266493857,0.91145277
-0.0765908733,-0.36374715,0.881550491,-0.0203996226,0.00513570104,0.923224211,0.383685589,-0.274983346,0.000614647404,-0.736321628,1.0753268,-0.487990707,0.00990264025,-0.793157339,1.09687328,0.398725539,-0.0732860118,-0.0917496383,-0.114965096,1.02326274,0.783434033,-0.091177918,0.0424406379,-0.295362502,0.913461983
-0.0770340413,-0.365125358,0.881496668,-0.0227968358,0.00461548986,0.934936643,0.354051769,-0.298230112,0.000572245393,-0.708356023,1.10275829,-0.485343963,0.00929550454,-0.763003349,1.11556494,0.423773497,-0.0735942423,-0.085549444,-0.10693039,1.02491415,0.783569515,-0.0874127522,0.0764811262,-0.324231148,0.915471137
-0.0774772018,-0.366503567,0.881442845,-0.0251739081,0.00408986257,0.945707738,0.324016154,-0.321476847,0.000529843324,-0.680390418,1.1301899,-0.482697219,0.00868836883,-0.73284936,1.13425648,0.448821425,-0.0739024729,-0.0793492496,-0.0988956913,1.02656543,0.783704996,-0.0836475939,0.110521615,-0.353099793,0.91748035
-0.0779203698,-0.367881775,0.881389022,-0.0275235269,0.00356042804,0.955503702,0.293670595,-0.344723612,0.000487441284,-0.652424753,1.1576215,-0.480050474,0.00808123313,-0.70269537,1.15294802,0.473869383,-0.0742107034,-0.0731490478,-0.0908609852,1.02821672,0.783840477,-0.0798824355,0.14456211,-0.381968439,0.919489563
-0.0783635378,-0.369259983,0.881335199,-0.029838644,0.00302882609,0.964299619,0.263109565,-0.367970347,0.000445039273,-0.624459147,1.18505299,-0.47740373,0.00747409742,-0.67254138,1.17163956,0.498917311,-0.0745189339,-0.0669488534,-0.0828262866,1.02986813,0.783975959,-0.0761172771,0.178602591,-0.410837084,0.921498775
-0.0791299865,-0.369968861,0.881263673,-0.0327389054,0.00246102759,0.972066402,0.232398242,-0.387465775,0.000411914807,-0.603107035,1.21168709,-0.478689253,0.00695556682,-0.647706211,1.19147563,0.518871188,-0.0751743019,-0.0600151792,-0.0767502561,1.03115809,0.784081817,-0.0733912736,0.206076965,-0.435914993,0.923155248
-0.0800902843,-0.370276362,0.881181479,-0.0359897204,0.00186797127,0.978853166,0.201364279,-0.404711902,0.000384353276,-0.58572042,1.23784304,-0.482332557,0.00649016444,-0.626060247,1.21199787,0.535770655,-0.0760378167,-0.052641701,-0.0718486533,1.03223145,0.784169853,-0.0712883472,0.229614273,-0.458719939,0.924600244
-0.0810505748,-0.370583862,0.881099224,-0.0392110273,0.00127166708,0.984653413,0.170054317,-0.421957999,0.000356791716,-0.568333805,1.26399899,-0.485975891,0.00602476206,-0.604414284,1.2325201,0.552670121,-0.0769013315,-0.0452682227,-0.0669470504,1.03330481,0.784257948,-0.0691854283,0.253151566,-0.481524855,0.926045239
-0.0820108727,-0.370891362,0.881017029,-0.0423928015,0.000673937437,0.989445567,0.138563648,-0.439204127,0.000329230184,-0.550947189,1.29015493,-0.489619195,0.00555935968,-0.582768321,1.25304234,0.569569647,-0.0777648464,-0.0378947444,-0.0620454438,1.03437817,0.784345984,-0.0670825019,0.276688874,-0.504329801,0.927490175
-0.0829711705,-0.371198893,0.880934834,-0.045525372,7.66198646E-05,0.993217289,0.106989324,-0.456450224,0.000301668653,-0.533560574,1.31631088,-0.493262529,0.0050939573,-0.561122358,1.27356458,0.586469114,-0.0786283612,-0.0305212662,-0.0571438447,1.03545153,0.78443408,-0.064979583,0.300226152,-0.527134776,0.92893517
-0.0839450732,-0.37139535,0.880827188,-0.0486596972,-0.000531431811,0.995963693,0.0754196271,-0.472696841,0.000275800092,-0.517390251,1.34091866,-0.496901423,0.0046571428,-0.540672302,1.29240179,0.602295995,-0.0795140415,-0.0235247128,-0.0526238047,1.03645897,0.784516573,-0.0628510043,0.322307646,-0.548817813,0.930344701
-0.0849829242,-0.371070206,0.880599856,-0.0520297363,-0.00120044092,0.997687757,0.0437109359,-0.484247983,0.000257885113,-0.506933928,1.3582536,-0.500519693,0.00435463106,-0.525840402,1.30332267,0.613083899,-0.0805038586,-0.0182989221,-0.0498963222,1.0371567,0.784573138,-0.0606018975,0.337549776,-0.56523025,0.931587756
-0.0860207751,-0.370745063,0.880372524,-0.0553571619,-0.00187034905,0.998394489,0.0118564917,-0.495799094,0.000239970104,-0.496477604,1.37558866,-0.504137874,0.00405211933,-0.511008441,1.31424356,0.623871863,-0.0814936832,-0.0130731305,-0.0471688397,1.03785431,0.784629703,-0.058352787,0.352791935,-0.581642687,0.932830811
-0.0870586336,-0.37041989,0.880145252,-0.0586314164,-0.00253909058,0.998075128,-0.0200461466,-0.507350206,0.000222055096,-0.48602128,1.39292359,-0.507756114,0.00374960806,-0.496176541,1.32516432,0.634659767,-0.0824835002,-0.00784733798,-0.044441361,1.03855205,0.784686267,-0.0561036803,0.368034065,-0.598055124,0.934073865
-0.0880964845,-0.370094746,0.87991792,-0.0618423857,-0.00320460345,0.996730506,-0.0518986285,-0.518901348,0.000204140102,-0.475564957,1.41025853,-0.511374354,0.00344709656,-0.48134464,1.3360852,0.645447731,-0.0834733248,-0.00262154778,-0.0417138785,1.03924978,0.784742773,-0.0538545735,0.383276224,-0.614467561,0.93531692
-0.0891343355,-0.369769603,0.879690647,-0.064980574,-0.00386486156,0.994370699,-0.0836033672,-0.53045243,0.000186225108,-0.465108633,1.42759347,-0.514992595,0.00314458506,-0.46651271,1.34700608,0.656235695,-0.0844631419,0.00260424451,-0.038986396,1.03994751,0.784799337,-0.0516054668,0.398518354,-0.630879998,0.936559975
-0.0899220556,-0.36926645,0.879482746,-0.0680591166,-0.00461702747,0.990998626,-0.115187973,-0.540264487,0.000172861386,-0.456735879,1.44098437,-0.517527401,0.00291892607,-0.455111623,1.35000002,0.664366663,-0.0866912678,0.00691408617,-0.037336126,1.04046786,0.784841418,-0.0493425652,0.410420269,-0.644919693,0.937752068
-0.0906153098,-0.368696064,0.879282176,-0.0710841864,-0.00540405465,0.986596465,-0.14678283,-0.549419701,0.000161216638,-0.449150085,1.45288563,-0.519652963,0.0027222936,-0.445006341,1.35000002,0.671494126,-0.089387089,0.0108779827,-0.0360927135,1.04092145,0.784878016,-0.047074452,0.421060562,-0.658063173,0.938924968
-0.0913085639,-0.368125647,0.879081666,-0.0740422383,-0.00618713396,0.981168509,-0.178291544,-0.558574915,0.000149571875,-0.441564262,1.46478689,-0.521778524,0.00252566114,-0.434901059,1.35000002,0.67862165,-0.0920829177,0.0148418797,-0.0348492973,1.04137492,0.784914672,-0.0448063388,0.431700885,-0.671206653,0.940097809
-0.0920018107,-0.367555261,0.878881097,-0.0769238994,-0.00696382765,0.974728286,-0.209616229,-0.567730129,0.000137927127,-0.433978468,1.47668815,-0.523904085,0.00232902868,-0.424795777,1.35000002,0.685749114,-0.0947787389,0.0188057739,-0.033605881,1.04182839,0.78495127,-0.0425382257,0.442341179,-0.684350193,0.941270709
-0.0926950648,-0.366984874,0.878680527,-0.079720512,-0.00773175946,0.967298925,-0.240660802,-0.576885283,0.000126282379,-0.426392645,1.48858941,-0.526029646,0.00213239598,-0.414690465,1.35000002,0.692876637,-0.0974745601,0.0227696709,-0.0323624648,1.04228187,0.784987867,-0.0402701125,0.452981502,-0.697493672,0.94244355
-0.0933096558,-0.366451383,0.878548265,-0.0823727697,-0.00848696381,0.95891118,-0.271352321,-0.585209608,0.000115763338,-0.418388546,1.49965203,-0.528150558,0.00195477228,-0.405190527,1.35000002,0.69933784,-0.100369759,0.0262810793,-0.0311761517,1.04269159,0.785021126,-0.0380964689,0.462815404,-0.709594071,0.943520248
-0.0937180966,-0.36601463,0.878594935,-0.0848079771,-0.00922980066,0.949531198,-0.301849246,-0.591356635,0.000108194246,-0.409288287,1.50851715,-0.530259371,0.00182696106,-0.397276938,1.35000002,0.704053223,-0.10378743,0.0286067203,-0.0301394798,1.04298639,0.785045505,-0.0361703821,0.470536172,-0.718960822,0.944344699
-0.0941265449,-0.365577906,0.878641665,-0.0871631876,-0.0099653583,0.939146042,-0.332126588,-0.597503603,0.000100625162,-0.400188029,1.51738214,-0.532368243,0.00169914996,-0.389363348,1.35000002,0.708768547,-0.1072051,0.0309323613,-0.029102806,1.0432812,0.785069883,-0.0342442952,0.478256941,-0.728327572,0.945169151
-0.0945349932,-0.365141153,0.878688335,-0.0894306377,-0.0106913121,0.927781999,-0.362089187,-0.60365057,9.30560782E-05,-0.3910878,1.52624726,-0.534477055,0.00157133886,-0.381449759,1.35000002,0.71348393,-0.110622764,0.0332580023,-0.0280661341,1.04357588,0.785094202,-0.0323182084,0.485977709,-0.737694383,0.945993662
-0.0949434415,-0.3647044,0.878735006,-0.0916032866,-0.0114054186,0.915474415,-0.391644418,-0.609797537,8.54869868E-05,-0.381987542,1.53511238,-0.536585867,0.00144352776,-0.37353614,1.35000002,0.718199253,-0.114040434,0.0355836451,-0.0270294603,1.04387069,0.78511858,-0.0303921215,0.493698478,-0.747061133,0.946818113
-0.0953518823,-0.364267647,0.878781676,-0.0936751068,-0.0121055553,0.902267456,-0.420703918,-0.615944505,7.79179027E-05,-0.372887284,1.54397738,-0.53869468,0.00131571665,-0.36562255,1.35000002,0.722914577,-0.117458105,0.0379092842,-0.0259927884,1.04416549,0.785142958,-0.0284660365,0.501419246,-0.756427944,0.947642624
-0.0949941799,-0.363757193,0.878529131,-0.0947126374,-0.011343088,0.892037332,-0.441780716,-0.609290659,9.13067561E-05,-0.345043421,1.55095243,-0.53218323,0.00122513936,-0.351272166,1.35000002,0.725942433,-0.121491469,0.039331153,-0.0372267403,1.04377747,0.785160482,-0.0221348647,0.507314265,-0.759881973,0.945694745
-0.0944757015,-0.363231272,0.878213823,-0.0955064744,-0.0102690337,0.882138491,-0.461090833,-0.599950671,0.000109093569,-0.313266277,1.55753088,-0.523862839,0.00114237552,-0.335571021,1.35000002,0.728616178,-0.125654027,0.0405633636,-0.0510356426,1.04324603,0.785176575,-0.0148793021,0.512826145,-0.762095213,0.943165123
-0.0939572304,-0.36270535,0.877898514,-0.0962557718,-0.00918920524,0.871813715,-0.480199099,-0.590610623,0.000126880375,-0.281489134,1.56410933,-0.515542448,0.00105961179,-0.319869906,1.35000002,0.731289923,-0.129816592,0.0417955741,-0.0648445487,1.04271472,0.785192668,-0.00762373907,0.518338084,-0.764308453,0.940635443
-0.093438752,-0.362179428,0.877583206,-0.0969594419,-0.0081051318,0.861077309,-0.499078304,-0.581270576,0.000144667196,-0.24971199,1.57068765,-0.507221997,0.00097684795,-0.304168761,1.35000002,0.733963668,-0.133979157,0.0430277847,-0.0786534548,1.04218328,0.785208821,-0.000368174631,0.523850024,-0.766521752,0.938105822
-0.0929202735,-0.361653507,0.877267897,-0.0976165533,-0.00701835705,0.849945009,-0.517701864,-0.571930528,0.000162454002,-0.217934862,1.5772661,-0.498901606,0.000894084107,-0.288467616,1.35000002,0.736637414,-0.138141721,0.0442599952,-0.0924623534,1.04165184,0.785224915,0.00688738748,0.529361904,-0.768734992,0.9355762
-0.0924629495,-0.361298025,0.876925766,-0.0984941721,-0.00620301999,0.840551794,-0.532666147,-0.561860383,0.00858375151,-0.18055521,1.58907735,-0.494297624,0.000829161727,-0.273933858,1.35000002,0.739193738,-0.14221552,0.0442298651,-0.101853043,1.04146314,0.785238862,0.0133860074,0.535108864,-0.771881878,0.934335053
-0.0921067223,-0.361224324,0.87653935,-0.0997916684,-0.00583757553,0.834469914,-0.541910946,-0.550583243,0.0308979098,-0.133913383,1.60953975,-0.495837748,0.000793735206,-0.261330009,1.35000002,0.741555989,-0.146142557,0.0421128087,-0.103939444,1.04184055,0.785249352,0.0186332315,0.541244328,-0.776572347,0.935224116
-0.0917505026,-0.361150622,0.876152933,-0.101077206,-0.00547128404,0.828282297,-0.551091492,-0.539306164,0.053212069,-0.0872715488,1.63000214,-0.497377872,0.000758308743,-0.248726159,1.35000002,0.74391824,-0.150069594,0.0399957485,-0.106025845,1.04221809,0.785259783,0.0238804556,0.547379792,-0.781262755,0.936113179
-0.0913942754,-0.361076951,0.875766516,-0.102350295,-0.00510428008,0.821991205,-0.560204387,-0.528029025,0.07552623,-0.0406297185,1.65046453,-0.498917967,0.000722882221,-0.236122295,1.35000002,0.746280491,-0.153996632,0.0378786922,-0.108112246,1.04259551,0.785270274,0.0291276816,0.553515255,-0.785953224,0.937002242
-0.0910380557,-0.36100325,0.875380099,-0.103610434,-0.0047367001,0.815598786,-0.569245994,-0.516751945,0.0978403836,0.00601210073,1.67092693,-0.500458062,0.0006874557,-0.223518446,1.35000002,0.748642743,-0.157923669,0.0357616358,-0.110198647,1.04297304,0.785280764,0.0343749039,0.559650719,-0.790643692,0.937891304
-0.0906818286,-0.360929549,0.874993682,-0.104857191,-0.00436868286,0.809107721,-0.578213274,-0.505474806,0.120154545,0.0526539348,1.69138932,-0.501998186,0.000652029179,-0.210914582,1.35000002,0.751004994,-0.161850706,0.0336445794,-0.112285048,1.04335058,0.785291195,0.039622128,0.565786183,-0.795334101,0.938780367
-0.0902879164,-0.361075312,0.874546289,-0.106180005,-0.00305377925,0.804683924,-0.584123611,-0.493751198,0.148139924,0.097500056,1.71146011,-0.504598677,0.000610819086,-0.203783378,1.35000002,0.752483666,-0.16503869,0.0286335442,-0.113079384,1.04193664,0.785298288,0.0462828837,0.57066381,-0.799436152,0.939533055
-0.0898910537,-0.361238331,0.874094129,-0.10750407,-0.00166418462,0.800383627,-0.589767873,-0.481992543,0.176570266,0.142205283,1.73150003,-0.507282436,0.000569155207,-0.197081551,1.35000002,0.753893077,-0.168168694,0.0233954564,-0.113772355,1.04038227,0.785305083,0.0530545451,0.575442731,-0.803492069,0.940275013
-0.0894941837,-0.36140132,0.873641908,-0.108822443,-0.000274380611,0.796039701,-0.595380783,-0.470233858,0.205000609,0.186910525,1.75154006,-0.509966135,0.000527491327,-0.190379724,1.35000002,0.755302429,-0.171298683,0.0181573667,-0.114465326,1.0388279,0.785311878,0.0598262064,0.580221593,-0.807547927,0.941017032
-0.0890973136,-0.361564308,0.873189747,-0.110134915,0.00111540745,0.791652977,-0.600961387,-0.458475202,0.233430937,0.231615752,1.77157998,-0.512649834,0.000485827419,-0.183677882,1.35000002,0.756711841,-0.174428686,0.0129192788,-0.115158297,1.03727353,0.785318673,0.066597864,0.585000515,-0.811603844,0.94175899
-0.088700451,-0.361727327,0.872737586,-0.111441255,0.00250495528,0.787223995,-0.606508851,-0.446716547,0.261861265,0.276320994,1.7916199,-0.515333533,0.00044416351,-0.176976055,1.35000002,0.758121252,-0.177558675,0.00768118957,-0.115851268,1.03571916,0.785325468,0.0733695254,0.589779437,-0.815659702,0.942501009
-0.0883691236,-0.361759156,0.872354567,-0.112606592,0.00388241676,0.782765448,-0.612031937,-0.437288612,0.289078921,0.318606257,1.80840135,-0.517926455,0.000409441913,-0.172032088,1.35000002,0.759230256,-0.180081427,0.00218896172,-0.115532897,1.03421974,0.78533113,0.0796085596,0.59377861,-0.81944716,0.943111956
-0.0881095007,-0.361647487,0.872047126,-0.113618627,0.00524707697,0.778277636,-0.617533207,-0.430409998,0.314970076,0.358244538,1.82161844,-0.520420074,0.000382313796,-0.169010893,1.35000002,0.76001066,-0.18193993,-0.0035812445,-0.114108309,1.03278053,0.7853356,0.0852650106,0.596924901,-0.822941005,0.943579614
-0.0878498703,-0.361535847,0.871739745,-0.114624739,0.00661163917,0.773747683,-0.62300241,-0.423531413,0.340861231,0.397882849,1.83483553,-0.522913694,0.000355185679,-0.165989682,1.35000002,0.760791123,-0.183798447,-0.00935145188,-0.112683728,1.0313412,0.785340011,0.0909214616,0.600071251,-0.826434851,0.944047272
-0.0875902399,-0.361424208,0.871432364,-0.115624778,0.00797588564,0.769176424,-0.628438473,-0.416652799,0.366752386,0.43752113,1.84805262,-0.525407374,0.000328057562,-0.162968487,1.35000002,0.761571586,-0.185656965,-0.0151216574,-0.11125914,1.02990198,0.785344422,0.0965779126,0.603217542,-0.829928696,0.94451493
-0.087330617,-0.361312568,0.871124923,-0.116618566,0.00933959708,0.764564574,-0.63384068,-0.409774214,0.392643541,0.477159441,1.86126971,-0.527900994,0.000300929445,-0.159947276,1.35000002,0.762352049,-0.187515482,-0.0208918639,-0.109834559,1.02846277,0.785348833,0.102234364,0.606363893,-0.833422482,0.944982588
-0.0870745927,-0.36120078,0.87082231,-0.117597401,0.01067915,0.759934068,-0.639184654,-0.402994603,0.418293625,0.516553044,1.8742969,-0.530365109,0.000274066697,-0.156994537,1.35000002,0.763116837,-0.18933031,-0.0266342554,-0.108321689,1.02704608,0.785353184,0.107797317,0.609495819,-0.83691746,0.945453763
-0.0869438574,-0.361084998,0.870686769,-0.118273407,0.0112040862,0.756010771,-0.643687487,-0.399658114,0.43555817,0.547436595,1.88072217,-0.531802356,0.000256433297,-0.156422824,1.35000002,0.763337493,-0.1896258,-0.0314092115,-0.103738256,1.02641428,0.785356104,0.110108294,0.612126589,-0.84045136,0.946047068
-0.086813122,-0.360969216,0.870551229,-0.118945189,0.0117286798,0.75205946,-0.648167491,-0.396321595,0.452822715,0.578320146,1.88714731,-0.533239603,0.000238799897,-0.155851111,1.35000002,0.76355809,-0.189921275,-0.0361841694,-0.09915483,1.02578259,0.785358965,0.112419263,0.614757419,-0.843985319,0.946640432
-0.0866823867,-0.360853404,0.870415688,-0.119612671,0.0122528719,0.748080552,-0.65262413,-0.392985106,0.47008726,0.609203696,1.89357245,-0.53467685,0.000221166498,-0.155279413,1.35000002,0.763778687,-0.19021675,-0.0409591272,-0.0945713967,1.02515078,0.785361826,0.114730239,0.617388189,-0.847519219,0.947233737
-0.0865516514,-0.360737622,0.870280087,-0.120275788,0.0127766086,0.744074523,-0.657056868,-0.389648616,0.487351805,0.640087187,1.89999771,-0.536114097,0.000203533113,-0.1547077,1.35000002,0.763999283,-0.19051224,-0.0457340851,-0.0899879634,1.02451897,0.785364687,0.117041208,0.620019019,-0.851053119,0.947827041
-0.0864209235,-0.36062181,0.870144546,-0.120934457,0.0132998284,0.740041792,-0.661465228,-0.386312097,0.50461638,0.670970738,1.90642285,-0.537551343,0.000185899713,-0.154135987,1.35000002,0.76421988,-0.190807715,-0.050509043,-0.0854045376,1.02388728,0.785367608,0.119352184,0.622649789,-0.854587078,0.948420346
-0.0863807127,-0.36051172,0.870085299,-0.121441685,0.0132567128,0.736711442,-0.665080726,-0.384861946,0.517740548,0.699999213,1.91120028,-0.540900528,0.000171835389,-0.154881582,1.35000002,0.764339507,-0.190709114,-0.0534898639,-0.0804034248,1.02404821,0.785369873,0.119932458,0.62553668,-0.85918355,0.948667645
-0.0864065215,-0.360405803,0.870081604,-0.121839173,0.0128007038,0.733896732,-0.668121994,-0.384787351,0.527845562,0.727674901,1.91477609,-0.545643866,0.000160373689,-0.156587765,1.35000002,0.764385462,-0.190323144,-0.0551623739,-0.0750977248,1.02478731,0.78537178,0.119250692,0.628610313,-0.864554882,0.948662639
-0.0864323229,-0.360299855,0.870077968,-0.122234531,0.0123444507,0.731069028,-0.671151698,-0.384712726,0.537950635,0.75535059,1.91835201,-0.550387204,0.000148911975,-0.158293948,1.35000002,0.764431417,-0.189937174,-0.0568348877,-0.0697920322,1.02552629,0.785373628,0.11856892,0.631683946,-0.869926214,0.948657572
-0.0864581317,-0.360193908,0.870074332,-0.122627743,0.0118879788,0.72822839,-0.67416954,-0.384638131,0.548055649,0.783026278,1.92192781,-0.555130541,0.000137450275,-0.160000131,1.35000002,0.764477432,-0.189551204,-0.0585074015,-0.0644863322,1.02626538,0.785375476,0.117887147,0.634757519,-0.875297606,0.948652565
-0.0864839405,-0.360087961,0.870070636,-0.123018801,0.0114313131,0.725375175,-0.677175522,-0.384563506,0.558160663,0.810701966,1.92550373,-0.559873939,0.000125988561,-0.161706313,1.35000002,0.764523387,-0.189165235,-0.0601799153,-0.0591806397,1.02700436,0.785377383,0.117205381,0.637831151,-0.880668938,0.948647559
-0.0865115374,-0.359991848,0.870059311,-0.123402506,0.0109680425,0.72270906,-0.679958224,-0.384506792,0.5679214,0.837734818,1.92901886,-0.564742148,0.000115042945,-0.163403094,1.35000002,0.764570892,-0.188811198,-0.0617592484,-0.0540874638,1.02772772,0.785378873,0.116487093,0.640828907,-0.885757208,0.948630035
-0.0865512937,-0.359962136,0.869995892,-0.123749949,0.0104610948,0.721388638,-0.681303918,-0.384571314,0.575350463,0.86041373,1.93212354,-0.570456266,0.000107592838,-0.165036201,1.35000002,0.764628828,-0.188673452,-0.062707454,-0.0504337251,1.02834463,0.785378039,0.115521483,0.643312752,-0.888928115,0.948527992
-0.08659105,-0.359932452,0.869932473,-0.124096915,0.00995410047,0.720065296,-0.68264699,-0.384635806,0.582779527,0.883092701,1.93522823,-0.576170444,0.00010014273,-0.166669324,1.35000002,0.764686763,-0.188535705,-0.0636556596,-0.0467799902,1.02896166,0.785377145,0.11455588,0.645796597,-0.892099082,0.948425949
-0.0866308063,-0.35990274,0.869869053,-0.124443404,0.00944706425,0.718739152,-0.683987319,-0.384700328,0.59020859,0.905771613,1.93833292,-0.581884563,9.26926223E-05,-0.168302432,1.35000002,0.764744639,-0.188397974,-0.0646038577,-0.0431262515,1.02957857,0.78537631,0.11359027,0.648280382,-0.89526999,0.948323905
-0.0866705626,-0.359873027,0.869805634,-0.124789394,0.00893999171,0.717410207,-0.685324907,-0.38476482,0.597637653,0.928450584,1.94143748,-0.587598741,8.52425146E-05,-0.169935539,1.35000002,0.764802575,-0.188260227,-0.0655520633,-0.0394725129,1.03019547,0.785375416,0.11262466,0.650764227,-0.898440897,0.948221862
-0.0867103189,-0.359843343,0.869742274,-0.125134885,0.00843289029,0.71607846,-0.686659873,-0.384829313,0.605066657,0.951129496,1.94454217,-0.59331286,7.7792407E-05,-0.171568647,1.35000002,0.764860511,-0.188122481,-0.0665002689,-0.035818778,1.0308125,0.785374582,0.111659057,0.653248072,-0.901611865,0.948119879
-0.0867206678,-0.359839082,0.869678736,-0.125379592,0.00775695546,0.715529323,-0.68719548,-0.38465187,0.609695435,0.968740761,1.94724166,-0.598444998,7.2112809E-05,-0.173000872,1.35000002,0.764927268,-0.188073963,-0.0669351891,-0.0329353437,1.03147471,0.785373271,0.110380039,0.65529263,-0.903809011,0.94804424
-0.0867171213,-0.35984683,0.869615138,-0.125576735,0.00700120348,0.715350628,-0.687353671,-0.384360045,0.613000274,0.983956218,1.94974959,-0.603302002,6.72702372E-05,-0.174338132,1.35000002,0.764998198,-0.188067615,-0.0671274513,-0.030416077,1.03215826,0.78537184,0.108952865,0.657129526,-0.90554589,0.94798106
-0.0867135674,-0.359854609,0.869551539,-0.125773802,0.00624544639,0.715171397,-0.687511384,-0.384068221,0.616305113,0.999171674,1.95225751,-0.608159006,6.24276654E-05,-0.175675392,1.35000002,0.765069127,-0.188061267,-0.0673197135,-0.0278968103,1.03284192,0.785370409,0.107525684,0.658966362,-0.90728271,0.947917938
-0.0867100134,-0.359862357,0.869488001,-0.125970766,0.00548968371,0.714991748,-0.687668622,-0.383776397,0.619610012,1.01438713,1.95476544,-0.61301595,5.75850972E-05,-0.177012652,1.35000002,0.765140116,-0.188054919,-0.0675119758,-0.0253775455,1.03352547,0.785368919,0.106098503,0.660803258,-0.90901953,0.947854757
-0.0867064595,-0.359870106,0.869424403,-0.126167655,0.00473391917,0.714811563,-0.687825382,-0.383484542,0.622914851,1.02960253,1.95727336,-0.617872953,5.27425291E-05,-0.178349912,1.35000002,0.765211046,-0.188048571,-0.067704238,-0.0228582807,1.03420913,0.785367489,0.104671329,0.662640095,-0.910756409,0.947791636
-0.0866892859,-0.359853506,0.869385183,-0.126293927,0.00387253845,0.714787304,-0.687832832,-0.383284748,0.623498857,1.04146421,1.96106863,-0.62264359,4.82886753E-05,-0.180189386,1.35000002,0.765297949,-0.188058659,-0.0675438419,-0.020495424,1.0349195,0.785365224,0.103020988,0.664329529,-0.9123469,0.947696745
-0.0866263136,-0.35975495,0.8694278,-0.126183003,0.00265625492,0.715287387,-0.687338948,-0.383394122,0.614940345,1.04205656,1.96918941,-0.627124012,4.51410051E-05,-0.183716431,1.35000002,0.765438437,-0.188123927,-0.0661984086,-0.0186581369,1.03571999,0.785360277,0.100620769,0.665523469,-0.913445592,0.947495222
-0.0865633488,-0.359656394,0.869470477,-0.126071841,0.00143995951,0.71578598,-0.686843753,-0.383503497,0.606381774,1.04264879,1.9773103,-0.631604433,4.19933349E-05,-0.187243462,1.35000002,0.765578985,-0.188189194,-0.0648529753,-0.0168208517,1.03652048,0.78535533,0.0982205495,0.66671741,-0.914544284,0.947293758
-0.0865003765,-0.359557867,0.869513094,-0.125960395,0.000223658397,0.716283143,-0.686347187,-0.383612871,0.597823203,1.04324102,1.98543108,-0.636084855,3.88456647E-05,-0.190770507,1.35000002,0.765719473,-0.188254461,-0.0635075495,-0.0149835655,1.03732097,0.785350382,0.0958203301,0.667911291,-0.915642977,0.947092295
-0.0864374042,-0.359459311,0.869555712,-0.125848725,-0.000992640387,0.716778934,-0.685849249,-0.383722246,0.589264631,1.04383326,1.99355197,-0.640565276,3.56979945E-05,-0.194297537,1.35000002,0.765860021,-0.188319728,-0.0621621199,-0.0131462803,1.03812146,0.785345376,0.0934201106,0.669105232,-0.916741729,0.946890771
-0.0863744393,-0.359360754,0.869598329,-0.125736803,-0.00220893021,0.717273235,-0.685349941,-0.38383162,0.58070606,1.04442549,2.00167274,-0.645045698,3.25503242E-05,-0.197824582,1.35000002,0.766000569,-0.188384995,-0.0608166903,-0.0113089941,1.03892195,0.785340428,0.0910198912,0.670299172,-0.917840421,0.946689308
-0.086208418,-0.359198421,0.869736671,-0.125427917,-0.003972359,0.718570352,-0.684038579,-0.384503007,0.552191496,1.02468443,2.0037415,-0.648328066,3.02616336E-05,-0.202585652,1.35000002,0.766501904,-0.188559473,-0.0579055995,-0.00908151455,1.03950393,0.785315156,0.0869772062,0.671006739,-0.918051779,0.946179748
-0.0860132799,-0.359018028,0.869902074,-0.125062466,-0.005890409,0.720089078,-0.682492793,-0.385333151,0.518038273,0.99919796,2.00410008,-0.65127188,2.8215647E-05,-0.207695395,1.35000002,0.767105162,-0.188764811,-0.0545521267,-0.00674378546,1.04002428,0.785284102,0.0824704468,0.671576917,-0.918012381,0.945583105
-0.0858181342,-0.358837664,0.870067418,-0.124695942,-0.00780844036,0.721601665,-0.680941224,-0.386163324,0.48388505,0.97371155,2.00445867,-0.654215693,2.61696605E-05,-0.212805137,1.35000002,0.767708421,-0.188970149,-0.0511986576,-0.0044060559,1.04054451,0.785253048,0.0779636875,0.672147036,-0.917973042,0.944986463
-0.0856229961,-0.358657271,0.870232821,-0.124328367,-0.00972640235,0.723108292,-0.679383874,-0.386993468,0.449731857,0.948225141,2.00481725,-0.657159507,2.41236758E-05,-0.217914879,1.35000002,0.768311739,-0.189175487,-0.0478451848,-0.00206832727,1.04106486,0.785222054,0.0734569281,0.672717214,-0.917933643,0.94438988
-0.0854278579,-0.358476907,0.870398164,-0.123959728,-0.0116442489,0.7246086,-0.677820742,-0.387823641,0.415578634,0.922738731,2.00517583,-0.660103321,2.20776892E-05,-0.223024622,1.35000002,0.768914998,-0.189380825,-0.0444917157,0.000269402401,1.04158521,0.785191,0.0689501613,0.673287332,-0.917894304,0.943793237
-0.0854004025,-0.358380705,0.870509267,-0.123771831,-0.0136935208,0.726602495,-0.675678968,-0.389113843,0.384373546,0.888409913,2.00021982,-0.661579251,2.02680458E-05,-0.227846831,1.35000002,0.769551158,-0.189614519,-0.0406260267,0.00258791563,1.04204535,0.785160303,0.0637625828,0.673939824,-0.917531252,0.943200827
-0.0857133195,-0.35845536,0.870510221,-0.123950474,-0.0160097741,0.729596734,-0.672360539,-0.391337872,0.359152824,0.83613193,1.98447585,-0.660075366,1.89381553E-05,-0.232085347,1.35000002,0.770254135,-0.189905807,-0.0357205942,0.00486742239,1.04238367,0.785130203,0.0571929924,0.674759448,-0.916511238,0.94261694
-0.0860262364,-0.358530045,0.870511174,-0.124125987,-0.0183257852,0.732572675,-0.669024825,-0.393561929,0.333932102,0.783853948,1.96873188,-0.658571482,1.76082649E-05,-0.236323863,1.35000002,0.770957053,-0.19019708,-0.0308151618,0.00714692939,1.04272187,0.785100162,0.0506234057,0.675579071,-0.915491223,0.942033052
-0.0863391533,-0.358604699,0.870512128,-0.124298364,-0.0206413791,0.735530138,-0.665672123,-0.395785958,0.30871138,0.731575906,1.95298779,-0.657067597,1.62783745E-05,-0.240562379,1.35000002,0.77166003,-0.190488353,-0.0259097274,0.00942643639,1.04306006,0.785070062,0.0440538153,0.676398695,-0.914471209,0.941449165
-0.0866520703,-0.358679384,0.870513082,-0.124467567,-0.022956375,0.738468766,-0.662302554,-0.398010015,0.283490658,0.679297924,1.93724382,-0.655563772,1.4948484E-05,-0.24480091,1.35000002,0.772362947,-0.190779641,-0.021004295,0.0117059434,1.04339826,0.785040021,0.0374842286,0.677218318,-0.913451254,0.940865338
-0.0869649872,-0.358754039,0.870514035,-0.12463361,-0.0252706036,0.7413885,-0.658916593,-0.400234044,0.258269936,0.627019942,1.92149973,-0.654059887,1.36185936E-05,-0.249039426,1.35000002,0.773065865,-0.191070914,-0.0160988625,0.0139854504,1.04373658,0.785009921,0.0309146419,0.678037882,-0.91243124,0.940281451
-0.0874668062,-0.358776838,0.870542884,-0.124576502,-0.0270093251,0.744044542,-0.655857384,-0.405624926,0.240820661,0.5765149,1.90192056,-0.651284218,1.26984924E-05,-0.252066761,1.35000002,0.773362398,-0.190427661,-0.0121252257,0.0154448003,1.04397058,0.785017729,0.0257403012,0.677494466,-0.911257982,0.940016091
-0.0879942998,-0.358792603,0.870575547,-0.124487132,-0.0286695585,0.746653259,-0.65283221,-0.411446065,0.224427193,0.52625072,1.8818202,-0.648335814,1.18340631E-05,-0.254929572,1.35000002,0.773603737,-0.189657435,-0.00827817805,0.0167927276,1.04419041,0.785030663,0.0207555126,0.676765859,-0.910063982,0.939793944
-0.088521786,-0.358808368,0.870608151,-0.124395415,-0.0303293075,0.749248147,-0.649794698,-0.417267174,0.208033726,0.475986511,1.86171997,-0.645387411,1.09696339E-05,-0.257792383,1.35000002,0.773845077,-0.188887224,-0.00443113083,0.018140655,1.04441023,0.785043597,0.015770724,0.676037252,-0.908869922,0.939571857
-0.0890492722,-0.358824104,0.870640814,-0.124301381,-0.0319884792,0.751828969,-0.646745026,-0.423088312,0.191640243,0.425722301,1.84161973,-0.642438948,1.01052055E-05,-0.260655195,1.35000002,0.774086416,-0.188116997,-0.000584083085,0.0194885824,1.04463005,0.785056531,0.0107859345,0.675308645,-0.907675862,0.939349771
-0.0895767659,-0.358839869,0.870673418,-0.124205023,-0.0336469822,0.754395545,-0.643683434,-0.428909421,0.175246775,0.375458121,1.82151937,-0.639490545,9.24077631E-06,-0.263517976,1.35000002,0.774327695,-0.187346786,0.00326296361,0.0208365098,1.04484987,0.785069466,0.00580114732,0.674580097,-0.906481862,0.939127684
-0.0900490209,-0.358855486,0.870723963,-0.123986095,-0.0349536128,0.756700695,-0.640944481,-0.435106844,0.161324784,0.330165327,1.80290079,-0.637388408,8.50666856E-06,-0.265326083,1.35000002,0.774434865,-0.186287209,0.00623196363,0.0219163783,1.04503655,0.785083711,0.00185144623,0.673371613,-0.905146778,0.938984692
-0.0904482901,-0.358870953,0.870798171,-0.123606682,-0.0357957743,0.758669615,-0.63863951,-0.441801548,0.150669038,0.291442603,1.78624046,-0.636404634,7.94479001E-06,-0.265740365,1.35000002,0.77436465,-0.184845209,0.00804056227,0.0226419885,1.04517949,0.785099506,-0.000730314758,0.671528935,-0.903625369,0.938946307
-0.0908475593,-0.358886421,0.870872319,-0.123226009,-0.0366376005,0.760631025,-0.636328101,-0.448496222,0.140013278,0.252719879,1.76958001,-0.635420859,7.38291101E-06,-0.266154617,1.35000002,0.774294436,-0.183403224,0.00984916091,0.0233675987,1.04532242,0.785115361,-0.00331207574,0.669686258,-0.902103961,0.938907921
-0.091246821,-0.358901888,0.870946527,-0.122844115,-0.0374790654,0.762584805,-0.634010315,-0.455190927,0.129357517,0.21399717,1.75291967,-0.634437084,6.82103246E-06,-0.266568899,1.35000002,0.774224281,-0.181961223,0.0116577605,0.0240932088,1.04546523,0.785131216,-0.00589383719,0.66784358,-0.900582552,0.938869536
-0.0916460901,-0.358917326,0.871020675,-0.122460984,-0.0383201428,0.764530957,-0.631686211,-0.461885631,0.118701771,0.175274462,1.73625922,-0.63345331,6.25915345E-06,-0.266983151,1.35000002,0.774154067,-0.180519223,0.0134663591,0.0248188172,1.04560816,0.785147071,-0.00847559795,0.666000903,-0.899061143,0.938831091
-0.0920453593,-0.358932793,0.871094823,-0.122076631,-0.039160803,0.7664693,-0.629355788,-0.468580335,0.10804601,0.136551723,1.71959877,-0.632469535,5.6972749E-06,-0.267397404,1.35000002,0.774083853,-0.179077238,0.0152749578,0.0255444273,1.04575098,0.785162926,-0.0110573592,0.664158225,-0.897539735,0.938792706
-0.0924186334,-0.358817965,0.871388614,-0.12069238,-0.0398939401,0.768643081,-0.626920879,-0.476893246,0.101049259,0.11096587,1.70993316,-0.623889029,5.33229831E-06,-0.257616818,1.35000002,0.773676872,-0.175203219,0.0171414111,0.0251402911,1.04584479,0.785158038,-0.0136014232,0.659449041,-0.895154238,0.937375307
-0.0927914008,-0.358700603,0.871686578,-0.119287238,-0.0406245254,0.770811558,-0.624475658,-0.48523733,0.0941230133,0.085633181,1.70040226,-0.615162075,4.97111705E-06,-0.24763976,1.35000002,0.773263395,-0.171282336,0.0190089792,0.0247143824,1.04593778,0.785152793,-0.0161447618,0.654684663,-0.892752051,0.935931265
-0.0931641757,-0.358583272,0.871984541,-0.117880493,-0.0413545892,0.772969961,-0.622022212,-0.493581414,0.0871967748,0.060300488,1.69087136,-0.60643518,4.60993533E-06,-0.237662688,1.35000002,0.772849917,-0.167361438,0.0208765473,0.0242884718,1.04603064,0.785147488,-0.0186880995,0.649920285,-0.890349925,0.934487283
-0.0935369432,-0.35846591,0.872282505,-0.1164722,-0.0420840979,0.775118053,-0.61956048,-0.501925528,0.0802705362,0.0349678025,1.68134046,-0.597708285,4.24875361E-06,-0.22768563,1.35000002,0.77243644,-0.163440555,0.0227441154,0.0238625631,1.0461235,0.785142243,-0.0212314371,0.645155907,-0.887947798,0.933043242
-0.0939097181,-0.358348578,0.872580528,-0.115062416,-0.0428130329,0.777255952,-0.617090762,-0.510269582,0.0733442977,0.00963510852,1.67180967,-0.58898133,3.88757189E-06,-0.217708573,1.35000002,0.772022903,-0.159519672,0.0246116854,0.0234366544,1.04621637,0.785136938,-0.0237747747,0.640391529,-0.885545611,0.931599259
-0.0942580476,-0.358281195,0.872929752,-0.113445215,-0.0436658859,0.779004574,-0.615122199,-0.518165588,0.0677063689,-0.0119473701,1.66471016,-0.579876602,3.6613535E-06,-0.205935925,1.35000002,0.771499336,-0.155161932,0.0269444752,0.0225306563,1.04629195,0.785133958,-0.026289288,0.634747028,-0.882783592,0.930100977
-0.0945848227,-0.35825786,0.873324215,-0.111645304,-0.0446281359,0.780411839,-0.613596916,-0.525666475,0.0632043108,-0.0302233882,1.65975451,-0.570438802,3.5541284E-06,-0.192580178,1.35000002,0.770878732,-0.150419027,0.02968744,0.0212013777,1.04635239,0.785133004,-0.0287783854,0.628326476,-0.879704177,0.928554893
-0.0949115977,-0.358234525,0.873718679,-0.109844401,-0.0455900207,0.781812489,-0.612066209,-0.533167362,0.0587022565,-0.0484994091,1.65479875,-0.561000943,3.44690307E-06,-0.179224432,1.35000002,0.770258069,-0.145676121,0.0324304067,0.0198720992,1.04641271,0.785132051,-0.0312674828,0.621905923,-0.876624763,0.927008867
-0.0952383801,-0.35821119,0.874113142,-0.108042568,-0.0465515219,0.783206463,-0.610530376,-0.540668249,0.0542002022,-0.0667754263,1.6498431,-0.551563144,3.33967796E-06,-0.165868685,1.35000002,0.769637465,-0.140933216,0.0351733714,0.0185428206,1.04647315,0.785131037,-0.0337565802,0.61548537,-0.873545349,0.925462782
-0.0955651551,-0.358187854,0.874507546,-0.106239848,-0.0475126244,0.78459394,-0.608989418,-0.548169136,0.0496981442,-0.0850514472,1.64488733,-0.542125344,3.23245285E-06,-0.152512938,1.35000002,0.769016802,-0.13619031,0.0379163362,0.017213542,1.04653347,0.785130084,-0.0362456813,0.609064817,-0.870465934,0.923916698
-0.0958587602,-0.358148217,0.874946237,-0.104210533,-0.0484927185,0.785992742,-0.607457101,-0.555659711,0.04532497,-0.102561928,1.6397711,-0.529953301,0.0019708816,-0.13788718,1.35000002,0.76843226,-0.130967408,0.0405357219,0.015959166,1.04659212,0.785130382,-0.0387039036,0.602137089,-0.867360175,0.922167659
-0.0957799405,-0.357925743,0.875881493,-0.0996449292,-0.0496900901,0.787580848,-0.606067777,-0.563034952,0.0423986539,-0.111478351,1.63285327,-0.487086236,0.026029028,-0.109003969,1.35000002,0.76825279,-0.120355874,0.0417677984,0.0155456392,1.04663134,0.785144567,-0.040815521,0.589514971,-0.863958478,0.918140113
-0.0957011208,-0.357703269,0.87681669,-0.0950762704,-0.0508862473,0.789148092,-0.604662299,-0.570410132,0.0394723378,-0.120394774,1.62593532,-0.444219202,0.0500871725,-0.0801207498,1.35000002,0.76807332,-0.109744333,0.0429998711,0.0151321134,1.04667056,0.785158813,-0.0429271422,0.576892853,-0.860556781,0.914112508
-0.0956223086,-0.357480794,0.877751887,-0.0905049071,-0.0520810857,0.790694237,-0.60324055,-0.577785313,0.0365460217,-0.129311204,1.61901736,-0.401352167,0.0741453171,-0.0512375385,1.35000002,0.767893851,-0.0991327986,0.0442319475,0.0147185875,1.0467099,0.785172999,-0.0450387597,0.564270794,-0.857155085,0.910084963
-0.0955434889,-0.35725832,0.878687143,-0.0859311968,-0.0532744974,0.792219222,-0.601802588,-0.585160494,0.0336197019,-0.138227627,1.61209941,-0.358485103,0.0982034653,-0.0223543178,1.35000002,0.767714381,-0.088521257,0.0454640202,0.0143050617,1.04674911,0.785187244,-0.0471503809,0.551648676,-0.853753388,0.906057358
-0.0954646692,-0.357035846,0.87962234,-0.0813555345,-0.0544664115,0.793722928,-0.600348771,-0.592535675,0.0306933876,-0.147144049,1.60518146,-0.315618068,0.122261614,0.0065289028,1.35000002,0.767534971,-0.0779097229,0.0466960967,0.0138915358,1.04678833,0.78520143,-0.0492619984,0.539026558,-0.850351691,0.902029812
-0.095136784,-0.356991857,0.880404234,-0.0774432346,-0.0558331497,0.794297993,-0.599979877,-0.599013746,0.0284145027,-0.154143274,1.5983665,-0.277517706,0.150494933,0.0381246842,1.35000002,0.767407894,-0.0690705478,0.0484145619,0.0135445483,1.0468148,0.785214424,-0.0511731654,0.527736366,-0.846562088,0.899479568
-0.0946639627,-0.35705176,0.88109684,-0.0739165619,-0.0573016703,0.794331789,-0.600241661,-0.60496974,0.0265123788,-0.160026833,1.5916115,-0.242191195,0.181157902,0.0712989867,1.35000002,0.767311275,-0.0612627603,0.050416071,0.0132362805,1.04683399,0.785226703,-0.0529676899,0.517221272,-0.842546701,0.897789121
-0.094191134,-0.357111633,0.881789505,-0.0703886747,-0.0587693825,0.794353724,-0.600494564,-0.610925734,0.0246102531,-0.165910393,1.58485663,-0.206864685,0.211820871,0.104473278,1.35000002,0.767214715,-0.0534549728,0.0524175763,0.0129280137,1.04685318,0.785238981,-0.0547622107,0.506706119,-0.838531315,0.896098614
-0.0937183052,-0.357171535,0.882482171,-0.0668597519,-0.0602362491,0.794364274,-0.600738704,-0.616881788,0.0227081273,-0.171793938,1.57810163,-0.171538189,0.242483824,0.137647584,1.35000002,0.767118096,-0.0456471816,0.0544190854,0.0126197468,1.04687226,0.78525126,-0.0565567315,0.496191025,-0.834515929,0.894408107
-0.0932454839,-0.357231408,0.883174777,-0.0633299351,-0.0617021844,0.794362903,-0.600973964,-0.622837782,0.0208060015,-0.177677497,1.57134676,-0.136211663,0.273146808,0.170821875,1.35000002,0.767021537,-0.0378393941,0.0564205945,0.0123114791,1.04689145,0.785263598,-0.0583512522,0.485675901,-0.830500543,0.8927176
-0.0927567109,-0.357339323,0.883819282,-0.0600276776,-0.063328512,0.794111788,-0.601475537,-0.628891945,0.0190253668,-0.18327859,1.56545961,-0.104284406,0.304000199,0.207347825,1.35000002,0.766955614,-0.0305768959,0.0590049364,0.0119262142,1.04686391,0.785272598,-0.0604207888,0.475540012,-0.826372325,0.891326487
-0.0921965167,-0.35766232,0.884247959,-0.0577471331,-0.0656768084,0.792780936,-0.603200138,-0.635385871,0.0177889857,-0.187614307,1.56345975,-0.0875848904,0.3357068,0.258888334,1.35000002,0.76702714,-0.0257571731,0.0642002299,0.0111960163,1.04662764,0.785266876,-0.0637223348,0.467102945,-0.821738601,0.891276658
-0.0916363299,-0.357985318,0.884676695,-0.0554655753,-0.0680241957,0.791437685,-0.60491538,-0.641879857,0.0165526029,-0.191950023,1.5614599,-0.0708853751,0.367413372,0.310428858,1.35000002,0.767098665,-0.0209374502,0.0693955272,0.0104658185,1.04639137,0.785261214,-0.0670238882,0.458665878,-0.817104876,0.891226768
-0.0910761356,-0.358308315,0.885105431,-0.0531831346,-0.0703705773,0.790082276,-0.606621444,-0.648373783,0.0153162219,-0.19628574,1.55946004,-0.0541858599,0.399119943,0.361969382,1.35000002,0.767170191,-0.0161177274,0.0745908245,0.00973562058,1.0461551,0.785255551,-0.0703254342,0.45022884,-0.812471151,0.891176879
-0.0905159488,-0.358631313,0.885534167,-0.0508999005,-0.0727158338,0.788714647,-0.608317971,-0.654867709,0.0140798399,-0.200621471,1.55746031,-0.0374863409,0.430826515,0.413509905,1.35000002,0.767241716,-0.0112980036,0.0797861218,0.0090054227,1.04591882,0.785249889,-0.0736269802,0.441791773,-0.807837367,0.89112699
-0.0899557546,-0.35895431,0.885962844,-0.0486159883,-0.0750598684,0.787334979,-0.61000514,-0.661361635,0.012843458,-0.204957187,1.55546045,-0.0207868274,0.462533087,0.465050429,1.35000002,0.767313182,-0.00647828123,0.0849814191,0.00827522483,1.04568267,0.785244167,-0.0769285262,0.433354706,-0.803203642,0.891077161
-0.0894944146,-0.359239429,0.886310399,-0.046684023,-0.0770329535,0.785828829,-0.611849427,-0.666511118,0.0119242007,-0.208899438,1.55389857,-0.00776135689,0.488217175,0.50963676,1.35000002,0.767367542,-0.00265267421,0.0895957351,0.00767605286,1.04536712,0.785247862,-0.0797302499,0.425745279,-0.79846704,0.8919999
-0.0890691057,-0.35951075,0.88662833,-0.0448799133,-0.0788703263,0.784270704,-0.613746583,-0.671170533,0.0111205531,-0.212698236,1.55249631,0.00392471952,0.511705697,0.551687837,1.35000002,0.767415583,0.000810521829,0.0939982608,0.0071246475,1.04502273,0.785254955,-0.0823497623,0.418437541,-0.793692827,0.893277228
-0.0886437967,-0.35978204,0.886946201,-0.0430751927,-0.0807067454,0.782702625,-0.615635931,-0.675829887,0.0103169046,-0.216497049,1.55109406,0.0156107945,0.535194278,0.593738914,1.35000002,0.767463624,0.00427371776,0.0984007791,0.00657324214,1.04467833,0.785261989,-0.0849692747,0.411129802,-0.788918674,0.894554555
-0.0882184803,-0.36005336,0.887264132,-0.0412699319,-0.0825421512,0.781124711,-0.617517591,-0.680489302,0.00951325614,-0.220295861,1.5496918,0.0272968709,0.558682799,0.63579005,1.35000002,0.767511725,0.00773691433,0.102803305,0.00602183677,1.04433393,0.785269082,-0.0875887871,0.403822094,-0.784144521,0.895831883
-0.0877931714,-0.360324681,0.887582064,-0.0394641869,-0.0843764544,0.779536843,-0.619391322,-0.685148716,0.00870960858,-0.224094674,1.54828966,0.0389829464,0.582171321,0.677841127,1.35000002,0.767559767,0.0112001095,0.107205831,0.00547043141,1.04398954,0.785276175,-0.0902082995,0.396514356,-0.779370368,0.89710921
-0.087429978,-0.360548586,0.887850821,-0.0378698073,-0.0860270336,0.777951419,-0.621254385,-0.6895082,0.00798561517,-0.227308586,1.54679835,0.050375998,0.600255489,0.711967349,1.35000002,0.767665267,0.0142887142,0.111280665,0.0049592522,1.04380548,0.785283387,-0.0926826373,0.389934391,-0.774947405,0.898467958
-0.0872240141,-0.360652506,0.887995064,-0.0368110836,-0.0872145668,0.776389003,-0.623104036,-0.693108678,0.00746324379,-0.229042038,1.54508185,0.0610273406,0.604659975,0.726034045,1.35000002,0.767916024,0.0164291449,0.114526071,0.00454989495,1.04402757,0.785290837,-0.0947895199,0.385196507,-0.771413565,0.900032759
-0.0870180503,-0.360756427,0.888139367,-0.0357520357,-0.0884014145,0.774820089,-0.62494874,-0.696709156,0.00694087241,-0.23077549,1.54336524,0.0716786832,0.60906446,0.740100741,1.35000002,0.76816684,0.0185695775,0.117771477,0.00414053816,1.04424953,0.785298347,-0.0968964025,0.380458653,-0.767879665,0.901597619
-0.0868120864,-0.360860348,0.88828367,-0.0346926711,-0.0895875245,0.773244679,-0.62678808,-0.700309634,0.00641850103,-0.232508942,1.54164863,0.0823300257,0.613468945,0.754167438,1.35000002,0.768417597,0.0207100101,0.121016882,0.00373118091,1.04447162,0.785305858,-0.0990032777,0.375720769,-0.764345765,0.90316242
-0.0866061226,-0.360964268,0.888427913,-0.0336330235,-0.0907728598,0.771662772,-0.628622055,-0.703910112,0.00589613011,-0.234242395,1.53993213,0.0929813609,0.617873371,0.768234074,1.35000002,0.768668413,0.0228504408,0.124262288,0.0033218239,1.04469359,0.785313308,-0.10111016,0.370982915,-0.760811925,0.904727221
-0.0864001587,-0.361068189,0.888572216,-0.0325731263,-0.0919574127,0.770074427,-0.630450785,-0.707510591,0.00537375873,-0.235975847,1.53821552,0.103632703,0.622277856,0.78230077,1.35000002,0.76891923,0.0249908734,0.127507687,0.00291246665,1.04491568,0.785320818,-0.103217043,0.366245061,-0.757278025,0.906292081
-0.086444445,-0.360746861,0.888695002,-0.0318080448,-0.0915988907,0.769414604,-0.63134712,-0.709540665,0.00500378339,-0.238044724,1.53626585,0.122259088,0.606903017,0.764705002,1.35000002,0.769348085,0.0265890453,0.126374736,0.00337925414,1.04507291,0.785326123,-0.103019625,0.364168912,-0.7556687,0.907735109
-0.0865387097,-0.360340595,0.888813496,-0.0311018098,-0.0909321457,0.768939734,-0.632056773,-0.7112571,0.0046642418,-0.240180567,1.53426957,0.142478123,0.587578177,0.740786016,1.35000002,0.769812465,0.028078923,0.124367401,0.00402101222,1.04521728,0.785331011,-0.102362037,0.362624347,-0.754443645,0.909153879
-0.086632967,-0.35993436,0.88893199,-0.030395519,-0.0902652442,0.768463552,-0.632765412,-0.712973535,0.00432470068,-0.242316425,1.53227317,0.162697151,0.568253279,0.716867089,1.35000002,0.770276904,0.0295688044,0.122360073,0.00466277031,1.04536164,0.785335839,-0.101704441,0.361079752,-0.753218591,0.910572648
-0.0867272317,-0.359528124,0.889050424,-0.0296891835,-0.0895982087,0.767986238,-0.633473039,-0.71468997,0.00398515956,-0.244452268,1.53027689,0.182916194,0.54892838,0.692948103,1.35000002,0.770741343,0.0310586821,0.120352738,0.0053045284,1.04550588,0.785340726,-0.101046853,0.359535187,-0.751993537,0.911991358
-0.0868214965,-0.359121859,0.889168918,-0.0289827939,-0.0889310166,0.767507434,-0.634179533,-0.716406465,0.00364561798,-0.246588126,1.52828062,0.203135222,0.529603541,0.669029176,1.35000002,0.771205723,0.0325485617,0.118345402,0.00594628649,1.04565024,0.785345614,-0.100389257,0.357990593,-0.750768542,0.913410127
-0.0869101137,-0.358939469,0.889097273,-0.0292737354,-0.0881415978,0.766370296,-0.63564992,-0.717340708,0.0033516977,-0.249269426,1.52627599,0.209093958,0.504933476,0.640624583,1.35000002,0.771324694,0.0317018256,0.116386607,0.00620444817,1.04577518,0.785349786,-0.0991396829,0.359214127,-0.750483036,0.914915621
-0.0869896635,-0.359116346,0.888720393,-0.0311651174,-0.087155126,0.764169097,-0.638340235,-0.717019618,0.0031309959,-0.252826154,1.5242579,0.192165911,0.471684784,0.605020881,1.35000002,0.770889223,0.0271049831,0.114505723,0.0058469642,1.04586899,0.785353005,-0.0969400182,0.364880294,-0.751705408,0.916560292
-0.0870692134,-0.359293222,0.888343513,-0.0330560692,-0.0861671641,0.761955142,-0.641020179,-0.716698587,0.0029102941,-0.256382853,1.5222398,0.175237864,0.438436091,0.569417179,1.35000002,0.770453751,0.0225081388,0.112624831,0.00548948022,1.04596281,0.785356164,-0.0947403535,0.37054646,-0.75292778,0.918204963
-0.0871487632,-0.359470069,0.887966633,-0.0349464975,-0.0851777643,0.759728491,-0.643689454,-0.716377497,0.00268959231,-0.259939581,1.52022171,0.158309817,0.405187398,0.533813477,1.35000002,0.77001828,0.0179112963,0.110743947,0.0051319967,1.04605663,0.785359323,-0.0925406814,0.376212597,-0.754150212,0.919849575
-0.0872283205,-0.359646946,0.887589753,-0.0368362963,-0.0841869563,0.757489264,-0.64634794,-0.716056406,0.00246889051,-0.26349631,1.5182035,0.14138177,0.371938705,0.498209745,1.35000002,0.769582808,0.0133144539,0.108863056,0.00477451272,1.04615033,0.785362482,-0.0903410167,0.381878763,-0.755372584,0.921494246
-0.0873078704,-0.359823823,0.887212873,-0.0387253799,-0.0831948146,0.75523752,-0.648995578,-0.715735316,0.00224818871,-0.267053038,1.5161854,0.124453731,0.338690013,0.462606043,1.35000002,0.769147277,0.00871761143,0.106982172,0.00441702874,1.04624414,0.785365701,-0.0881413519,0.38754493,-0.756594956,0.923138916
-0.0869856402,-0.36002782,0.886641443,-0.0416506827,-0.0825605243,0.751846671,-0.652821362,-0.716468573,0.00209965254,-0.271005601,1.51650429,0.0918842629,0.316313028,0.418762475,1.35000002,0.769006789,0.000549999473,0.10498862,0.00514421891,1.04630733,0.785367787,-0.0853031427,0.39677614,-0.75952673,0.924664974
-0.0866351277,-0.360233724,0.886056364,-0.0446478464,-0.0819484591,0.748349011,-0.656707644,-0.717276096,0.00195619627,-0.274986029,1.51698756,0.0582137555,0.294701338,0.374338865,1.35000002,0.768887043,-0.00786896702,0.10298714,0.0059477617,1.04636836,0.785369873,-0.082419984,0.406258345,-0.762578845,0.926182687
-0.0862846151,-0.360439658,0.885471284,-0.047643546,-0.0813333467,0.744823575,-0.660570145,-0.71808356,0.00181274011,-0.278966457,1.51747096,0.02454325,0.273089617,0.329915285,1.35000002,0.768767238,-0.0162879322,0.100985654,0.00675130449,1.04642928,0.7853719,-0.0795368329,0.41574052,-0.765630901,0.9277004
-0.0859341025,-0.360645562,0.884886205,-0.0506374501,-0.0807152614,0.741270959,-0.664408326,-0.718891025,0.00166928384,-0.282946885,1.51795423,-0.00912726019,0.251477927,0.285491675,1.35000002,0.768647492,-0.0247069001,0.0989841744,0.00755484728,1.04649031,0.785373986,-0.0766536742,0.425222695,-0.768683016,0.929218054
-0.08558359,-0.360851496,0.884301126,-0.0536292382,-0.0800942779,0.737691402,-0.668221772,-0.719698548,0.00152582768,-0.286927342,1.5184375,-0.0427977592,0.229866222,0.24106808,1.35000002,0.768527746,-0.0331258662,0.0969826952,0.00835839007,1.04655123,0.785376012,-0.0737705231,0.43470487,-0.771735072,0.930735767
-0.0852803737,-0.360990763,0.883751333,-0.0564145111,-0.0795502439,0.734607339,-0.671447217,-0.720934749,0.00140670233,-0.289148033,1.52076495,-0.0746556297,0.211919978,0.203687698,1.35000002,0.768490374,-0.0408157036,0.0950206742,0.00936891418,1.04660189,0.785377324,-0.071078673,0.443652481,-0.775006652,0.932076097
-0.0850274786,-0.361059159,0.883238971,-0.0589813963,-0.0790891349,0.732060492,-0.674057543,-0.722626925,0.00131345587,-0.289497077,1.52505386,-0.104585536,0.19787237,0.173798606,1.35000002,0.76854074,-0.0477300324,0.0931006223,0.0105995862,1.04664159,0.78537786,-0.0685903057,0.452031463,-0.778511703,0.933227777
-0.0847745836,-0.361127526,0.88272661,-0.0615472272,-0.0786264166,0.729498863,-0.676654398,-0.72431916,0.00122020929,-0.289846092,1.52934277,-0.134515449,0.183824763,0.143909529,1.35000002,0.768591106,-0.0546443574,0.0911805704,0.0118302582,1.04668117,0.785378397,-0.066101931,0.460410476,-0.782016814,0.934379458
-0.0845216811,-0.361195922,0.882214248,-0.0641118437,-0.0781621188,0.726922572,-0.679237783,-0.726011395,0.00112696283,-0.290195107,1.53363168,-0.164445356,0.169777155,0.114020437,1.35000002,0.768641472,-0.0615586862,0.0892605186,0.0130609302,1.04672086,0.785378933,-0.0636135638,0.468789488,-0.785521865,0.93553108
-0.084268786,-0.361264318,0.881701887,-0.0666750968,-0.0776962638,0.724331737,-0.681807399,-0.727703571,0.00103371625,-0.290544152,1.53792059,-0.194375262,0.155729562,0.0841313526,1.35000002,0.768691838,-0.0684730113,0.0873404667,0.0142916013,1.04676044,0.78537941,-0.0611251928,0.477168471,-0.789026916,0.936682761
-0.0840205774,-0.361330807,0.88119328,-0.0692161545,-0.0772328228,0.721764445,-0.684324801,-0.729331017,0.000941609906,-0.290887237,1.54213345,-0.224075988,0.14185372,0.0546381772,1.35000002,0.768747687,-0.0753208846,0.0854303911,0.015517069,1.04679966,0.785379946,-0.0586761832,0.485479921,-0.792508006,0.937822402
-0.0839019939,-0.361345023,0.880787075,-0.0711849704,-0.0768772885,0.720235407,-0.68577224,-0.729169488,0.000880999723,-0.291066736,1.544245,-0.247445807,0.132722765,0.0360818729,1.35000002,0.768955648,-0.0803329796,0.0837958753,0.0165987555,1.04682541,0.785379827,-0.0573144853,0.491924435,-0.795326173,0.938628554
-0.0837834105,-0.361359268,0.880380929,-0.073153235,-0.0765210986,0.718700349,-0.687213957,-0.7290079,0.000820389483,-0.291246235,1.54635656,-0.270815641,0.123591825,0.0175255649,1.35000002,0.769163549,-0.0853450745,0.0821613669,0.017680442,1.04685116,0.785379708,-0.0559527837,0.498368979,-0.798144341,0.939434707
-0.083664827,-0.361373514,0.879974723,-0.075120911,-0.076164268,0.717159152,-0.688649952,-0.728846312,0.000759779243,-0.291425705,1.54846799,-0.29418546,0.114460886,-0.0010307437,1.35000002,0.76937151,-0.0903571695,0.0805268511,0.0187621284,1.04687691,0.785379589,-0.0545910858,0.504813552,-0.800962508,0.94024086
-0.0835462436,-0.36138773,0.879568577,-0.0770879462,-0.0758067891,0.715611875,-0.690080047,-0.728684783,0.000699169002,-0.291605204,1.55057955,-0.317555279,0.105329938,-0.0195870474,1.35000002,0.76957947,-0.0953692719,0.0788923427,0.019843813,1.04690266,0.785379469,-0.0532293878,0.511258066,-0.803780675,0.941047072
-0.0834276602,-0.361401975,0.879162371,-0.0790542886,-0.0754486769,0.714058638,-0.6915043,-0.728523195,0.000638558762,-0.291784674,1.5526911,-0.340925097,0.0961989984,-0.0381433554,1.35000002,0.769787371,-0.100381367,0.0772578269,0.0209254995,1.04692841,0.78537935,-0.0518676862,0.517702579,-0.806598842,0.941853225
-0.0833468661,-0.361406147,0.87880367,-0.080782786,-0.0750196129,0.713012338,-0.692430317,-0.727876306,0.000590364507,-0.292175233,1.55450571,-0.360260934,0.0889385268,-0.0542434044,1.35000002,0.770005465,-0.10460601,0.0755458102,0.021832617,1.04694891,0.785379112,-0.0505889021,0.523346126,-0.809126318,0.942469239
-0.0832928568,-0.361403227,0.878478646,-0.0823429376,-0.0745403841,0.712326169,-0.69300431,-0.726885557,0.000550967874,-0.292715311,1.55610991,-0.376738429,0.0830034092,-0.0686030164,1.35000002,0.77023077,-0.108272694,0.0737788752,0.02261604,1.04696572,0.785378754,-0.0493688732,0.528421998,-0.811447859,0.942950606
-0.0832388401,-0.361400306,0.878153622,-0.0839027986,-0.0740608796,0.711637557,-0.693575859,-0.725894749,0.000511571183,-0.293255389,1.55771422,-0.393215895,0.0770682991,-0.0829626396,1.35000002,0.770456076,-0.111939378,0.0720119402,0.0233994629,1.04698241,0.785378456,-0.0481488407,0.53349787,-0.81376946,0.943431914
-0.0831848308,-0.361397356,0.877828598,-0.0854623839,-0.0735811293,0.710946441,-0.694145024,-0.724904001,0.00047217455,-0.293795466,1.55931842,-0.40969336,0.0711331889,-0.0973222479,1.35000002,0.770681381,-0.115606062,0.0702450052,0.0241828859,1.04699922,0.785378098,-0.0469288081,0.538573802,-0.816091001,0.943913281
-0.0831308141,-0.361394435,0.877503574,-0.0870216489,-0.0731011257,0.710252881,-0.694711745,-0.723913252,0.000432777888,-0.294335574,1.56092262,-0.426170826,0.0651980713,-0.111681871,1.35000002,0.770906687,-0.119272739,0.0684780702,0.024966307,1.04701602,0.7853778,-0.0457087792,0.543649673,-0.818412542,0.944394588
-0.0830870867,-0.361390144,0.87719506,-0.0885086432,-0.0725760385,0.709645152,-0.695199847,-0.722429872,0.000395251467,-0.295281351,1.56269383,-0.44124043,0.0595447086,-0.125890344,1.35000002,0.771111906,-0.122733757,0.0666692033,0.0256490801,1.04703188,0.785377681,-0.0444568247,0.548456609,-0.820603549,0.94482094
-0.0831089094,-0.36137709,0.876991451,-0.0895368233,-0.0717650801,0.709597766,-0.695200682,-0.717807233,0.000369643647,-0.298812628,1.56552875,-0.447337955,0.0556868874,-0.139135674,1.35000002,0.771189272,-0.124884076,0.0645931214,0.0256904364,1.04704285,0.785378993,-0.0430014357,0.551549554,-0.821963012,0.944897175
-0.0831307322,-0.361364037,0.876787841,-0.0905648619,-0.0709540099,0.709549189,-0.695200324,-0.713184655,0.000344035827,-0.302343905,1.56836367,-0.453435481,0.0518290624,-0.152381003,1.35000002,0.771266639,-0.127034396,0.0625170469,0.0257317908,1.04705369,0.785380304,-0.0415460467,0.554642439,-0.823322415,0.944973409
-0.0831525549,-0.361350983,0.876584232,-0.091592744,-0.0701428056,0.709499419,-0.695198774,-0.708562016,0.000318428007,-0.305875182,1.5711987,-0.459533036,0.0479712412,-0.165626332,1.35000002,0.771344006,-0.129184723,0.0604409687,0.0257731453,1.04706466,0.785381615,-0.0400906578,0.557735384,-0.824681818,0.945049584
-0.0831743702,-0.36133793,0.876380622,-0.0926204771,-0.0693314895,0.709448397,-0.695196033,-0.703939438,0.000292820187,-0.30940643,1.57403362,-0.465630561,0.0441134162,-0.178871661,1.35000002,0.771421373,-0.13133505,0.0583648868,0.0258144997,1.04707551,0.785382926,-0.0386352688,0.560828269,-0.826041281,0.945125818
-0.083196193,-0.361324877,0.876177013,-0.0936480463,-0.0685200617,0.709396243,-0.695192218,-0.6993168,0.000267212366,-0.312937707,1.57686853,-0.471728086,0.040255595,-0.192117006,1.35000002,0.77149868,-0.133485377,0.0562888086,0.0258558542,1.04708636,0.785384238,-0.0371798798,0.563921213,-0.827400684,0.945201993
-0.0832756013,-0.361226678,0.876137555,-0.093928881,-0.0676062927,0.709615231,-0.695020139,-0.689651608,0.000247752847,-0.321384311,1.59024537,-0.464916468,0.0373240113,-0.21004045,1.35000002,0.771508634,-0.133759722,0.0544903129,0.0252912566,1.0470947,0.785383403,-0.0359433554,0.565025985,-0.828763843,0.944802046
-0.0833813623,-0.361089498,0.876173198,-0.0938678682,-0.0666456744,0.709958196,-0.694770992,-0.677678049,0.000231107755,-0.33208093,1.60844791,-0.452195525,0.034816429,-0.23010537,1.35000002,0.771487713,-0.133175313,0.0528188832,0.0244492758,1.04710174,0.785381496,-0.0348070227,0.565220714,-0.83012867,0.944184005
-0.0834871307,-0.360952318,0.876208901,-0.0938067511,-0.0656849742,0.710300326,-0.69452101,-0.665704489,0.000214462678,-0.34277755,1.62665033,-0.439474583,0.032308843,-0.25017029,1.35000002,0.771466792,-0.132590905,0.0511474572,0.0236072969,1.04710877,0.785379648,-0.0336706862,0.565415442,-0.831493497,0.943566024
-0.0835928917,-0.360815138,0.876244545,-0.0937455222,-0.064724192,0.710641682,-0.694270194,-0.653730929,0.000197817586,-0.3534742,1.64485288,-0.42675364,0.0298012588,-0.270235211,1.35000002,0.77144587,-0.132006496,0.0494760275,0.0227653161,1.0471158,0.7853778,-0.0325343497,0.56561017,-0.832858324,0.942948043
-0.0836986527,-0.360677928,0.876280248,-0.093684189,-0.0637633428,0.710982203,-0.694018662,-0.641757429,0.000181172509,-0.36417082,1.6630553,-0.414032727,0.0272936728,-0.290300131,1.35000002,0.771424949,-0.131422088,0.0478045978,0.0219233371,1.04712296,0.785375953,-0.0313980132,0.565804899,-0.834223151,0.942330062
-0.0838286653,-0.360530436,0.87634629,-0.0934307352,-0.0625929758,0.711527526,-0.693600357,-0.626753867,0.000188979306,-0.375248879,1.68359697,-0.39759022,0.0249935072,-0.310857862,1.35000002,0.771347404,-0.130241141,0.0455610417,0.0210302975,1.04712939,0.78537488,-0.0298788846,0.565569699,-0.835726619,0.941676199
-0.0840370059,-0.360349536,0.876510382,-0.092556335,-0.0607454926,0.712733924,-0.69264251,-0.601959407,0.00027579788,-0.387559414,1.71169758,-0.369122207,0.0233635772,-0.333007991,1.35000002,0.771086812,-0.127132609,0.0414687581,0.0199722704,1.04713404,0.78537637,-0.0271228291,0.563945353,-0.837678194,0.940906346
-0.0842453539,-0.360168636,0.876674473,-0.0916813165,-0.058897581,0.713935733,-0.691680253,-0.577164948,0.000362616498,-0.399869978,1.73979807,-0.340654194,0.0217336472,-0.355158091,1.35000002,0.770826221,-0.124024063,0.0373764746,0.0189142451,1.04713857,0.78537786,-0.0243667737,0.562321007,-0.839629829,0.940136552
-0.084453702,-0.359987736,0.876838565,-0.0908056945,-0.057049267,0.715132773,-0.690713286,-0.552370548,0.000449435087,-0.412180513,1.76789868,-0.312186182,0.0201037172,-0.37730822,1.35000002,0.770565629,-0.120915517,0.033284191,0.0178562179,1.04714322,0.78537935,-0.0216107201,0.560696661,-0.841581404,0.939366758
-0.0846620426,-0.359806865,0.877002656,-0.0899294838,-0.0552005917,0.716325164,-0.689741969,-0.527576089,0.000536253676,-0.424491078,1.79599917,-0.283718169,0.0184737854,-0.399458349,1.35000002,0.770305037,-0.117806971,0.0291919075,0.0167981908,1.04714775,0.78538084,-0.0188546646,0.559072316,-0.843532979,0.938596904
-0.0848703906,-0.359625965,0.877166808,-0.0890526921,-0.0533515885,0.717512846,-0.688766003,-0.50278163,0.000623072265,-0.436801612,1.82409978,-0.255250156,0.0168438554,-0.421608478,1.35000002,0.770044506,-0.114698432,0.0250996239,0.0157401636,1.0471524,0.78538239,-0.0160986092,0.55744791,-0.845484555,0.93782711
-0.0850204006,-0.35957247,0.877261102,-0.0882445425,-0.0514935441,0.718765438,-0.687704563,-0.480247915,0.000614427088,-0.447088361,1.84408915,-0.230878145,0.0156627093,-0.43897894,1.35000002,0.769731104,-0.111625567,0.0206773486,0.0145817921,1.04656971,0.785383463,-0.0128374239,0.555481195,-0.846405268,0.937500477
-0.0851545855,-0.359553546,0.877336562,-0.0874545202,-0.0496327393,0.720032096,-0.68661648,-0.458327204,0.000579895859,-0.456826329,1.86187899,-0.207616806,0.0146032544,-0.455053359,1.35000002,0.769403398,-0.10856238,0.0161655899,0.013396211,1.04582775,0.785384417,-0.00943926629,0.553421617,-0.847046375,0.937294066
-0.0852887779,-0.359534621,0.877411962,-0.0866638944,-0.0477715656,0.721293807,-0.68552351,-0.436406493,0.00054536463,-0.466564298,1.87966895,-0.184355482,0.0135437995,-0.471127778,1.35000002,0.769075692,-0.105499186,0.0116538331,0.0122106308,1.04508567,0.78538543,-0.00604110863,0.551362038,-0.847687483,0.937087655
-0.0854229629,-0.359515667,0.877487421,-0.0858726725,-0.0459100679,0.722550571,-0.68442601,-0.414485782,0.000510833401,-0.476302266,1.89745891,-0.161094159,0.0124843447,-0.487202197,1.35000002,0.768747985,-0.102435999,0.00714207534,0.0110250497,1.04434371,0.785386384,-0.00264295097,0.549302459,-0.84832865,0.936881185
-0.0855571553,-0.359496742,0.877562821,-0.0850808695,-0.0440482832,0.723802328,-0.683323741,-0.392565101,0.000476302201,-0.486040235,1.91524875,-0.137832835,0.0114248907,-0.503276587,1.35000002,0.768420279,-0.0993728116,0.00263031898,0.00983946864,1.04360175,0.785387337,0.000755205867,0.54724288,-0.848969758,0.936674774
-0.0856870189,-0.359471262,0.877620935,-0.0844943598,-0.0427369848,0.724759638,-0.68246454,-0.375738502,0.000491298211,-0.494483143,1.92869377,-0.121762544,0.010490587,-0.515809178,1.35000002,0.768107951,-0.0969951078,-0.00027741745,0.00873042457,1.04305518,0.785386086,0.00304186158,0.54562813,-0.849770963,0.936493218
-0.0858083963,-0.359432906,0.877645075,-0.0843125656,-0.0425089449,0.725145817,-0.682090938,-0.368932396,0.000603718276,-0.500378549,1.93359196,-0.119837597,0.0098024644,-0.521374643,1.35000002,0.767825961,-0.0959658176,-2.99153471E-05,0.00777193438,1.04289293,0.785380483,0.00314210355,0.544888318,-0.85088712,0.936360657
-0.0859297663,-0.35939455,0.877669215,-0.0841307491,-0.0422808938,0.725531697,-0.681717098,-0.362126291,0.00071613834,-0.506273985,1.93849015,-0.11791265,0.00911434088,-0.526940107,1.35000002,0.767543912,-0.0949365273,0.000217586727,0.00681344466,1.04273057,0.78537488,0.00324234553,0.544148564,-0.852003217,0.936228037
-0.0860511437,-0.359356195,0.877693295,-0.0839488879,-0.0420528241,0.72591728,-0.681342959,-0.355320215,0.000828558463,-0.512169421,1.94338834,-0.115987703,0.00842621829,-0.532505631,1.35000002,0.767261922,-0.0939072371,0.000465088844,0.00585495448,1.04256833,0.785369217,0.0033425875,0.543408751,-0.853119373,0.936095476
-0.0861725137,-0.359317839,0.877717435,-0.0837670043,-0.0418247432,0.726302683,-0.680968702,-0.34851411,0.000940978527,-0.518064857,1.94828653,-0.114062756,0.00773809571,-0.538071096,1.35000002,0.766979873,-0.0928779468,0.000712590874,0.00489646476,1.04240608,0.785363615,0.00344282947,0.542668939,-0.85423553,0.935962856
-0.0862938836,-0.359279484,0.877741516,-0.0835850835,-0.0415966399,0.72668767,-0.680594027,-0.341708004,0.00105339859,-0.523960292,1.95318472,-0.112137809,0.00704997312,-0.54363656,1.35000002,0.766697884,-0.0918486565,0.000960092992,0.00393797457,1.04224372,0.785358012,0.00354307145,0.541929185,-0.855351627,0.935830295
-0.086464718,-0.359468967,0.877585888,-0.084269993,-0.0419474728,0.726601183,-0.680580378,-0.34868145,0.00100805867,-0.515746236,1.94259477,-0.127815664,0.00664148713,-0.535863876,1.35000002,0.766578913,-0.0930218548,0.00200255727,0.00371685019,1.04250896,0.785359561,0.00269260886,0.542550862,-0.85520792,0.936428189
-0.0866418332,-0.359687358,0.877407372,-0.0850648582,-0.0423717499,0.726454377,-0.680612087,-0.357403666,0.000942697225,-0.505741537,1.93003917,-0.145727515,0.00626849057,-0.526398361,1.35000002,0.766480625,-0.0944745764,0.00314591127,0.00358930603,1.04282844,0.785362065,0.00172149099,0.543345392,-0.854904294,0.937118828
-0.0868189409,-0.35990575,0.877228916,-0.0858596489,-0.0427959859,0.726306856,-0.680643082,-0.366125911,0.000877335784,-0.495736867,1.91748357,-0.163639367,0.00589549402,-0.516932905,1.35000002,0.766382277,-0.0959272981,0.00428926572,0.00346176163,1.04314792,0.785364568,0.000750372827,0.544139922,-0.854600668,0.937809467
-0.0869960561,-0.360124141,0.8770504,-0.0866543725,-0.0432201922,0.726158798,-0.680673659,-0.374848127,0.000811974343,-0.485732168,1.90492797,-0.181551203,0.00552249746,-0.507467389,1.35000002,0.766283989,-0.0973800197,0.00543261971,0.00333421747,1.0434674,0.785367072,-0.000220745045,0.544934392,-0.854297042,0.938500047
-0.0871731639,-0.360342562,0.876871943,-0.0874490067,-0.0436443575,0.726010084,-0.68070358,-0.383570343,0.000746612845,-0.475727469,1.89237237,-0.199463055,0.00514950044,-0.498001933,1.35000002,0.766185701,-0.0988327414,0.0065759737,0.00320667308,1.04378688,0.785369515,-0.00119186321,0.545728922,-0.853993416,0.939190686
-0.0873626173,-0.360469073,0.876662612,-0.0883948728,-0.0439682193,0.72579509,-0.680789769,-0.396295279,0.000689907698,-0.462617427,1.87715769,-0.220682472,0.0048009078,-0.485764652,1.35000002,0.766161978,-0.10073866,0.00714894012,0.00361999124,1.04405749,0.785371721,-0.00200435729,0.547165453,-0.853666306,0.939996481
-0.087567918,-0.360477537,0.876413643,-0.0895349607,-0.0441632159,0.725494802,-0.680948198,-0.414161712,0.00064432167,-0.445518553,1.85852742,-0.246150509,0.00448366161,-0.469967008,1.35000002,0.7662341,-0.103226706,0.00698923646,0.00472805323,1.04426503,0.785373449,-0.00261309766,0.549426615,-0.853309035,0.940950215
-0.0877732262,-0.360486001,0.876164675,-0.0906749368,-0.0443581603,0.725193501,-0.681105614,-0.432028145,0.0005987357,-0.42841965,1.83989716,-0.271618545,0.00416641589,-0.454169333,1.35000002,0.766306162,-0.105714753,0.00682953279,0.00583611475,1.04447269,0.785375178,-0.0032218378,0.551687837,-0.852951705,0.941903949
-0.0879785269,-0.360494494,0.875915706,-0.0918147787,-0.044553034,0.724891126,-0.681262016,-0.449894577,0.000553149672,-0.411320776,1.82126689,-0.297086567,0.00384916971,-0.438371688,1.35000002,0.766378224,-0.108202808,0.0066698296,0.00694417674,1.04468036,0.785376906,-0.00383057795,0.553948998,-0.852594376,0.942857683
-0.0881838351,-0.360502958,0.875666797,-0.0929544941,-0.0447478481,0.724587798,-0.681417525,-0.46776104,0.000507563644,-0.394221902,1.8026365,-0.322554588,0.00353192375,-0.422574013,1.35000002,0.766450286,-0.110690854,0.00651012594,0.00805223826,1.04488802,0.785378635,-0.00443931855,0.55621016,-0.852237105,0.943811417
-0.0883891433,-0.360511452,0.875417829,-0.0940940604,-0.0449425913,0.724283218,-0.68157202,-0.485627472,0.000461977615,-0.377122998,1.78400624,-0.34802261,0.0032146778,-0.406776369,1.35000002,0.766522408,-0.113178901,0.00635042228,0.00916029979,1.04509568,0.785380363,-0.00504805846,0.558471382,-0.851879776,0.944765151
-0.0885791406,-0.360243887,0.875273764,-0.095004864,-0.0449455641,0.724061966,-0.68168062,-0.503114223,0.000432152185,-0.369406074,1.76870954,-0.368919432,0.00300713675,-0.399657071,1.35000002,0.766662538,-0.11556112,0.00613763602,0.0107246088,1.04523158,0.785378993,-0.00555387139,0.56092602,-0.852256536,0.945412159
-0.088768959,-0.359973013,0.875130951,-0.095912829,-0.0449461788,0.723841012,-0.681788027,-0.520596385,0.000402516889,-0.36180231,1.75345314,-0.38976112,0.00280091912,-0.392642468,1.35000002,0.766803503,-0.117942065,0.00592420949,0.01229442,1.04536653,0.785377622,-0.00605844194,0.563382983,-0.852642179,0.946055472
-0.08895877,-0.35970214,0.874988139,-0.0968207046,-0.0449467562,0.723619342,-0.681894839,-0.538078547,0.000372881594,-0.354198575,1.73819673,-0.410602808,0.00259470171,-0.385627866,1.35000002,0.766944468,-0.12032301,0.00571078295,0.0138642322,1.04550159,0.785376191,-0.00656301295,0.565839946,-0.853027821,0.946698725
-0.0891485885,-0.359431267,0.874845386,-0.0977284983,-0.0449472964,0.723397195,-0.682001114,-0.555560708,0.000343246298,-0.34659481,1.72294033,-0.431444496,0.00238848408,-0.378613263,1.35000002,0.767085373,-0.122703955,0.00549735641,0.0154340453,1.04563653,0.78537482,-0.00706758397,0.568296909,-0.853413403,0.947342038
-0.0893384069,-0.359160393,0.874702573,-0.09863621,-0.0449477956,0.723174334,-0.682106733,-0.57304287,0.000313611032,-0.338991076,1.70768392,-0.452286154,0.00218226644,-0.371598661,1.35000002,0.767226338,-0.125084892,0.00528392987,0.0170038566,1.04577148,0.785373449,-0.00757215498,0.570753872,-0.853799045,0.947985291
-0.089492172,-0.358974665,0.874596238,-0.0993646532,-0.0449422114,0.723104,-0.682075858,-0.587481081,0.000289560499,-0.333695173,1.69397092,-0.468977779,0.00201491057,-0.366409421,1.35000002,0.767322183,-0.126999184,0.00527298776,0.0182437338,1.04588103,0.785371184,-0.00799053535,0.572803974,-0.854056776,0.948533893
-0.0896150395,-0.358861923,0.874521136,-0.0999394506,-0.0449314304,0.723164678,-0.681928217,-0.599309802,0.000270297576,-0.330377728,1.6815809,-0.482111752,0.00188086927,-0.362784982,1.35000002,0.767379284,-0.128513411,0.00543562695,0.019200772,1.04596877,0.785368264,-0.00833502878,0.57450527,-0.854204953,0.949001193
-0.0897379145,-0.358749181,0.874446034,-0.100514218,-0.0449206345,0.723225176,-0.681780338,-0.611138523,0.000251034624,-0.327060252,1.669191,-0.495245755,0.00174682785,-0.359160513,1.35000002,0.767436445,-0.130027652,0.00559826614,0.0201578103,1.04605651,0.785365283,-0.0086795222,0.576206505,-0.85435313,0.949468553
-0.089860782,-0.358636439,0.874370933,-0.101088956,-0.0449098274,0.723285437,-0.681632221,-0.622967243,0.000231771686,-0.323742777,1.65680099,-0.508379698,0.00161278644,-0.355536073,1.35000002,0.767493546,-0.131541893,0.00576090533,0.0211148504,1.04614425,0.785362363,-0.00902401563,0.577907801,-0.854501307,0.949935853
-0.0899836496,-0.358523697,0.874295831,-0.101663642,-0.044898998,0.723345339,-0.681483865,-0.634795964,0.000212508749,-0.320425302,1.64441097,-0.5215137,0.00147874502,-0.351911634,1.35000002,0.767550707,-0.133056134,0.00592354406,0.0220718887,1.04623199,0.785359383,-0.00936850905,0.579609036,-0.854649484,0.950403214
-0.0901042968,-0.358406752,0.874229729,-0.10221117,-0.0448524617,0.723432243,-0.68131274,-0.64589417,0.000193844346,-0.317608267,1.6328069,-0.53361696,0.00134886859,-0.348960608,1.35000002,0.767597973,-0.134526968,0.00607538503,0.0229591969,1.04631698,0.785356939,-0.00964189135,0.581249833,-0.854746521,0.950805306
-0.0902021676,-0.358246684,0.874255836,-0.102480203,-0.0444395654,0.723798394,-0.680910289,-0.649494231,0.000181323441,-0.319927484,1.62926877,-0.535140753,0.00126174162,-0.352921695,1.35000002,0.767544091,-0.135552377,0.00611638976,0.0231308043,1.04637408,0.785359561,-0.00918539148,0.582269609,-0.854318917,0.950538099
-0.0903000385,-0.358086586,0.874282002,-0.102749184,-0.0440266468,0.724164188,-0.680507541,-0.653094292,0.000168802537,-0.32224673,1.62573075,-0.536664605,0.00117461476,-0.356882751,1.35000002,0.767490208,-0.13657777,0.0061573945,0.0233024117,1.04643106,0.785362244,-0.00872889068,0.583289385,-0.853891253,0.950270891
-0.0903979093,-0.357926518,0.874308169,-0.103018127,-0.0436137058,0.724529624,-0.680104434,-0.656694353,0.000156281618,-0.324565947,1.62219262,-0.538188398,0.00108748779,-0.360843837,1.35000002,0.767436266,-0.137603164,0.0061983997,0.023474019,1.04648817,0.785364866,-0.00827238988,0.584309161,-0.85346365,0.950003684
-0.0904957801,-0.357766449,0.874334276,-0.103286996,-0.0432007387,0.724894643,-0.679700911,-0.660294414,0.000143760713,-0.326885164,1.61865449,-0.53971225,0.00100036093,-0.364804924,1.35000002,0.767382383,-0.138628572,0.00623940444,0.0236456264,1.04654515,0.785367548,-0.00781589001,0.585328996,-0.853035986,0.949736476
-0.0905936509,-0.357606351,0.874360442,-0.103555821,-0.0427877493,0.725259304,-0.67929709,-0.663894475,0.000131239794,-0.32920441,1.61511648,-0.541236043,0.000913233962,-0.36876601,1.35000002,0.767328501,-0.139653966,0.00628040964,0.0238172337,1.04660213,0.785370171,-0.00735938968,0.586348772,-0.852608383,0.949469268
-0.0907451138,-0.357290894,0.874646723,-0.102571964,-0.0418482162,0.726263404,-0.678431451,-0.655028284,0.000142343284,-0.335624248,1.62928736,-0.520304859,0.000845596893,-0.378182709,1.35000002,0.767112136,-0.13789694,0.00508614583,0.0236877222,1.04664648,0.78537184,-0.00604519481,0.584575474,-0.852154732,0.948446929
-0.0909268335,-0.356887698,0.87507993,-0.100880183,-0.0406111069,0.727624357,-0.677301109,-0.639123261,0.00016678586,-0.344359428,1.65345728,-0.486694872,0.000788964389,-0.390679866,1.35000002,0.76680392,-0.13456887,0.00319441012,0.0233881921,1.04668355,0.785372913,-0.00424671825,0.581225157,-0.851686358,0.946998179
-0.0911085606,-0.356484503,0.875513196,-0.0991876125,-0.0393736735,0.728979826,-0.676165581,-0.623218298,0.000191228435,-0.353094637,1.67762733,-0.453084856,0.000732331886,-0.403176993,1.35000002,0.766495764,-0.131240785,0.00130267395,0.0230886601,1.0467205,0.785374045,-0.00244824123,0.577874839,-0.851217926,0.945549428
-0.0912902802,-0.356081307,0.875946403,-0.0974942893,-0.0381359421,0.730329871,-0.675025105,-0.607313275,0.000215671011,-0.361829817,1.70179725,-0.41947484,0.000675699383,-0.41567412,1.35000002,0.766187608,-0.127912715,-0.000589061587,0.02278913,1.04675758,0.785375118,-0.000649764959,0.574524522,-0.850749552,0.944100738
-0.0914720073,-0.355678111,0.876379609,-0.0958002657,-0.0368979424,0.731674373,-0.673879445,-0.591408253,0.000240113586,-0.370564997,1.72596729,-0.385864824,0.000619066879,-0.428171277,1.35000002,0.765879452,-0.124584638,-0.0024807977,0.0224895999,1.04679465,0.785376251,0.00114871201,0.571174204,-0.850281179,0.942651987
-0.0916315019,-0.355262816,0.876795948,-0.0941288695,-0.0356347486,0.732940137,-0.67280674,-0.574678242,0.00025676185,-0.379107773,1.75052309,-0.351912916,0.000566190109,-0.440550238,1.35000002,0.765583932,-0.121272244,-0.0045688739,0.0222028811,1.04682922,0.785377383,0.00309545826,0.567965984,-0.85001266,0.941311777
-0.0916959271,-0.354795843,0.877139986,-0.0925565138,-0.0342645943,0.733887792,-0.672062576,-0.554418862,0.000240068563,-0.386827499,1.77672946,-0.316498399,0.000529378944,-0.452423662,1.35000002,0.765342653,-0.118026942,-0.00749683008,0.0219709668,1.04685342,0.785378754,0.0056764544,0.565365672,-0.850599229,0.940435648
-0.0917603448,-0.354328901,0.877484024,-0.0909835845,-0.0328942165,0.734831214,-0.671314478,-0.534159541,0.000223375275,-0.394547224,1.80293596,-0.281083882,0.000492567837,-0.464297056,1.35000002,0.765101373,-0.114781633,-0.0104247862,0.0217390526,1.0468775,0.785380065,0.00825745054,0.562765419,-0.851185739,0.93955946
-0.09182477,-0.353861928,0.877828121,-0.0894101337,-0.0315236449,0.735770404,-0.670562565,-0.51390022,0.000206681987,-0.402266949,1.82914233,-0.24566938,0.00045575673,-0.47617048,1.35000002,0.764860094,-0.111536331,-0.0133527424,0.0215071384,1.04690158,0.785381377,0.0108384462,0.560165107,-0.851772249,0.938683331
-0.0918891877,-0.353394955,0.878172159,-0.0878361613,-0.0301528927,0.736705244,-0.669806719,-0.49364084,0.000189988699,-0.409986645,1.85534883,-0.210254863,0.000418945594,-0.488043904,1.35000002,0.764618814,-0.108291022,-0.0162806995,0.0212752242,1.04692566,0.785382748,0.0134194428,0.557564855,-0.852358758,0.937807202
-0.0919536054,-0.352928013,0.878516197,-0.0862617195,-0.0287819933,0.737635911,-0.669046998,-0.47338149,0.000173295412,-0.41770637,1.88155532,-0.174840346,0.000382134487,-0.499917299,1.35000002,0.764377534,-0.105045721,-0.0192086548,0.0210433118,1.04694974,0.785384059,0.0160004403,0.554964542,-0.852945268,0.936931014
-0.0919970125,-0.3528229,0.87863785,-0.0856801122,-0.0288491491,0.737769186,-0.668971777,-0.469404787,0.000164343059,-0.42057988,1.89488459,-0.167496309,0.000391529553,-0.503108323,1.35000002,0.76437068,-0.103564844,-0.0187172908,0.0205464642,1.04696763,0.785367906,0.0159036368,0.553375483,-0.852233171,0.936199427
-0.0920330286,-0.352845043,0.878681302,-0.0854477137,-0.0294220448,0.737622857,-0.669137955,-0.471154124,0.000158112962,-0.421749145,1.90368545,-0.170023739,0.000417173869,-0.503246069,1.35000002,0.764446199,-0.102704473,-0.0170234591,0.0199564509,1.04698336,0.785345614,0.0148651358,0.552142024,-0.851064384,0.935518682
-0.0920690522,-0.352867186,0.878724694,-0.0852152929,-0.0299949292,0.73747623,-0.669303834,-0.47290349,0.000151882865,-0.422918409,1.91248631,-0.172551185,0.000442818186,-0.503383815,1.35000002,0.764521778,-0.101844095,-0.0153296273,0.0193664357,1.04699898,0.785323262,0.0138266357,0.550908625,-0.849895597,0.934837937
-0.0921050683,-0.352889329,0.878768146,-0.0849828273,-0.0305677988,0.737329185,-0.669469416,-0.474652857,0.000145652753,-0.424087673,1.9212873,-0.17507863,0.000468462502,-0.503521502,1.35000002,0.764597356,-0.100983717,-0.0136357946,0.0187764224,1.04701459,0.78530097,0.0127881356,0.549675167,-0.848726809,0.934157133
-0.0921410844,-0.352911472,0.878811598,-0.0847503319,-0.031140659,0.737181902,-0.6696347,-0.476402193,0.000139422657,-0.425256938,1.93008816,-0.177606061,0.000494106847,-0.503659248,1.35000002,0.764672875,-0.100123338,-0.0119419629,0.0181864072,1.04703033,0.785278678,0.0117496345,0.548441708,-0.847558022,0.933476388
-0.0921533182,-0.353045106,0.878759921,-0.0849414766,-0.0318737701,0.736913383,-0.669871449,-0.480928749,0.000132511661,-0.421619892,1.93197143,-0.185970157,0.000508581521,-0.498603255,1.35000002,0.764869034,-0.100277834,-0.0101842666,0.0179058202,1.0470444,0.785265326,0.0104602538,0.548252106,-0.846447051,0.933171153
-0.0921073705,-0.353451401,0.878475666,-0.0861688331,-0.0329988822,0.736347675,-0.670282185,-0.492248863,0.000123935111,-0.406225681,1.9169333,-0.208611786,0.000495733228,-0.480842531,1.35000002,0.765360117,-0.102914885,-0.0082703447,0.0183821507,1.04705453,0.785274029,0.0085571697,0.550615966,-0.845477581,0.933784485
-0.0920614302,-0.353857696,0.878191411,-0.0873959064,-0.0341238938,0.735779524,-0.670690715,-0.503568947,0.000115358547,-0.39083147,1.90189505,-0.231253415,0.000482884934,-0.463081777,1.35000002,0.765851259,-0.105551936,-0.00635642279,0.0188584831,1.04706478,0.785282671,0.00665408513,0.552979827,-0.844508171,0.934397876
-0.0920154825,-0.354263961,0.877907157,-0.0886227265,-0.0352488011,0.735209048,-0.671097159,-0.514889061,0.00010678199,-0.375437289,1.88685691,-0.253895044,0.00047003667,-0.445321053,1.35000002,0.766342342,-0.108188987,-0.00444250088,0.0193348136,1.04707491,0.785291374,0.00475100102,0.555343688,-0.843538702,0.935011208
-0.0919695422,-0.354670256,0.877622902,-0.0898492262,-0.0363735817,0.734636068,-0.671501219,-0.526209176,9.82054335E-05,-0.360043079,1.87181866,-0.276536673,0.000457188376,-0.427560329,1.35000002,0.766833484,-0.110826038,-0.00252857897,0.0198111441,1.04708517,0.785300016,0.00284791645,0.557707548,-0.842569232,0.935624599
-0.0919235945,-0.355076551,0.877338707,-0.0910754353,-0.0374982394,0.734060824,-0.671903253,-0.53752929,8.96288766E-05,-0.344648898,1.85678053,-0.299178302,0.000444340083,-0.409799576,1.35000002,0.767324567,-0.113463089,-0.000614657591,0.0202874765,1.0470953,0.785308719,0.000944832631,0.560071409,-0.841599762,0.936237931
-0.0918234289,-0.355338961,0.877078414,-0.0921780765,-0.0381986722,0.733806431,-0.671991289,-0.548774838,8.34966122E-05,-0.332721919,1.83939004,-0.321443081,0.000418415293,-0.394710898,1.35000002,0.767681777,-0.11606729,-2.06580062E-05,0.0212369561,1.04710257,0.785314858,-0.000337338279,0.562795997,-0.840762019,0.936935723
-0.091712974,-0.355574042,0.87682271,-0.0932571888,-0.0388185792,0.73361218,-0.672019005,-0.560006261,7.78281028E-05,-0.321452796,1.82155335,-0.343636364,0.00039000946,-0.380129218,1.35000002,0.768013537,-0.118665263,0.00032290956,0.0222762078,1.04710913,0.785320461,-0.00150170177,0.565589011,-0.83994925,0.937649488
-0.0916025117,-0.355809152,0.876567066,-0.0943361521,-0.0394384265,0.733416736,-0.672045648,-0.571237683,7.21595861E-05,-0.310183644,1.80371666,-0.365829676,0.000361603597,-0.365547508,1.35000002,0.768345356,-0.121263236,0.000666477077,0.0233154614,1.04711568,0.785326123,-0.00266606524,0.568382084,-0.839136481,0.938363254
-0.0914920568,-0.356044233,0.876311362,-0.0954149663,-0.0400582105,0.73322016,-0.672071218,-0.582469106,6.64910767E-05,-0.298914522,1.78587997,-0.388022959,0.000333197764,-0.350965828,1.35000002,0.768677175,-0.123861209,0.00101004471,0.024354713,1.04712236,0.785331786,-0.0038304287,0.571175098,-0.838323712,0.93907702
-0.091381602,-0.356279343,0.876055658,-0.0964936167,-0.0406779274,0.733022332,-0.672095716,-0.593700528,6.0822571E-05,-0.2876454,1.76804328,-0.410216242,0.000304791931,-0.336384118,1.35000002,0.769008934,-0.126459181,0.00135361217,0.0253939647,1.04712892,0.785337389,-0.00499479193,0.573968112,-0.837510943,0.939790845
-0.0912659615,-0.356511503,0.87583518,-0.0974119827,-0.0412324518,0.732770622,-0.672203839,-0.603141129,5.59295477E-05,-0.278973073,1.75094783,-0.429241449,0.000280272187,-0.324434549,1.35000002,0.769261658,-0.128710449,0.00162637373,0.0263384078,1.04713464,0.785340548,-0.00603775401,0.576367199,-0.836684525,0.940405846
-0.0911422595,-0.356739134,0.875669479,-0.0980806947,-0.0416854583,0.732435942,-0.672443509,-0.609790981,5.22450136E-05,-0.274347454,1.73500752,-0.443329543,0.000261808396,-0.316586822,1.35000002,0.769391179,-0.130421445,0.00178879371,0.0271351058,1.04713893,0.785339832,-0.00689152814,0.578152359,-0.835836887,0.940867007
-0.0910185501,-0.356966734,0.875503838,-0.0987493247,-0.04213842,0.732100606,-0.672682464,-0.616440773,4.85604833E-05,-0.269721866,1.7190671,-0.457417667,0.000243344592,-0.308739096,1.35000002,0.7695207,-0.132132426,0.00195121369,0.0279318038,1.04714322,0.785339117,-0.00774530182,0.579937577,-0.83498925,0.941328168
-0.0908948481,-0.357194364,0.875338197,-0.0994178876,-0.042591352,0.731764615,-0.672920942,-0.623090625,4.48759529E-05,-0.265096247,1.70312679,-0.471505761,0.000224880801,-0.30089134,1.35000002,0.769650221,-0.133843422,0.00211363379,0.0287285019,1.04714751,0.785338461,-0.00859907642,0.581722736,-0.834141552,0.941789329
-0.0907711387,-0.357421994,0.875172555,-0.100086369,-0.0430442467,0.731428087,-0.673158884,-0.629740417,4.11914225E-05,-0.260470659,1.68718636,-0.485593885,0.000206417011,-0.293043613,1.35000002,0.769779742,-0.135554418,0.00227605365,0.029525198,1.0471518,0.785337746,-0.00945284963,0.583507895,-0.833293915,0.94225049
-0.0906474367,-0.357649595,0.875006855,-0.10075476,-0.0434971079,0.731090963,-0.67339623,-0.636390269,3.75068885E-05,-0.25584507,1.67124593,-0.499681979,0.000187953206,-0.285195857,1.35000002,0.769909263,-0.137265399,0.00243847375,0.0303218961,1.0471561,0.785337031,-0.0103066238,0.585293114,-0.832446277,0.942711651
-0.0905273855,-0.357701093,0.87498945,-0.100831874,-0.0435501002,0.730758667,-0.673741877,-0.636482239,3.50361479E-05,-0.257403791,1.66374636,-0.499292076,0.000175571913,-0.287760913,1.35000002,0.769817829,-0.137749821,0.00228541903,0.0303345472,1.04715896,0.785338104,-0.0104115,0.585740268,-0.831311047,0.942463934
-0.0904075652,-0.357741565,0.874981284,-0.100872055,-0.0435781144,0.730426431,-0.6740942,-0.636164665,3.2641201E-05,-0.259348691,1.65677392,-0.497998059,0.000163570454,-0.290976226,1.35000002,0.769712627,-0.138157651,0.00211266405,0.0302982368,1.04716182,0.785339296,-0.0104696108,0.586103857,-0.830157936,0.942171931
-0.090287745,-0.357782066,0.874973118,-0.100912221,-0.0436061174,0.730094135,-0.674446464,-0.635847151,3.02462558E-05,-0.26129362,1.64980137,-0.496704042,0.00015156898,-0.294191509,1.35000002,0.769607365,-0.138565481,0.00193990918,0.0302619282,1.04716456,0.785340488,-0.0105277216,0.586467505,-0.829004765,0.941879928
-0.0901679248,-0.357822567,0.874964952,-0.100952342,-0.0436341092,0.729761541,-0.674798369,-0.635529578,2.78513126E-05,-0.263238519,1.64282882,-0.495410025,0.000139567521,-0.297406822,1.35000002,0.769502103,-0.138973296,0.00176715432,0.0302256178,1.04716742,0.78534168,-0.0105858324,0.586831093,-0.827851593,0.941587985
-0.0900481045,-0.357863039,0.874956787,-0.100992449,-0.0436620936,0.729428828,-0.675150275,-0.635212064,2.54563656E-05,-0.265183449,1.63585639,-0.494116008,0.000127566047,-0.300622106,1.35000002,0.769396901,-0.139381126,0.00159439933,0.0301893074,1.04717016,0.785342872,-0.0106439423,0.587194681,-0.826698422,0.941295981
-0.0899564177,-0.357707053,0.875152826,-0.099989906,-0.0430022553,0.729737937,-0.675007761,-0.621422887,3.42551903E-05,-0.269005358,1.64307487,-0.470133841,0.000117629439,-0.306917131,1.35000002,0.769194961,-0.137361124,-0.000306979811,0.0299014449,1.04717243,0.785345197,-0.00944815762,0.585528374,-0.826036811,0.940406859
-0.0898938254,-0.357347816,0.875560105,-0.0979083776,-0.0416307449,0.730706871,-0.674350381,-0.593700349,5.46315605E-05,-0.274768651,1.66497099,-0.422685683,0.000109828492,-0.316397458,1.35000002,0.768893123,-0.132830054,-0.00399624882,0.0293534063,1.04717433,0.785348713,-0.00695548719,0.581762612,-0.825883508,0.938900232
-0.0898312405,-0.356988579,0.875967383,-0.095826067,-0.0402589031,0.73167026,-0.673687875,-0.565977752,7.50079344E-05,-0.280531943,1.68686712,-0.375237525,0.000102027538,-0.325877756,1.35000002,0.768591225,-0.128298983,-0.00768551743,0.0288053658,1.04717612,0.78535217,-0.00446281675,0.57799679,-0.825730145,0.937393606
-0.0897686556,-0.356629342,0.876374662,-0.0937430188,-0.0388867445,0.732628107,-0.673020184,-0.538255155,9.53842973E-05,-0.286295235,1.70876324,-0.327789366,9.42265833E-05,-0.335358083,1.35000002,0.768289387,-0.123767912,-0.0113747865,0.0282573253,1.04717791,0.785355687,-0.00197014655,0.574230969,-0.825576842,0.935886979
-0.0897060633,-0.356270105,0.87678194,-0.0916592851,-0.0375143066,0.73358041,-0.672347426,-0.510532558,0.000115760675,-0.292058527,1.73065925,-0.280341178,8.6425629E-05,-0.344838411,1.35000002,0.76798749,-0.119236849,-0.015064056,0.0277092867,1.0471797,0.785359204,0.000522524118,0.570465147,-0.825423539,0.934380352
-0.0896413401,-0.355922073,0.877177775,-0.0896276906,-0.0361990072,0.734488487,-0.671701789,-0.483474493,0.00013782797,-0.298088312,1.75225925,-0.233905509,7.873914E-05,-0.354521155,1.35000002,0.767697573,-0.114806831,-0.0186009631,0.0271453913,1.04718149,0.785362303,0.00293944613,0.566800416,-0.825298131,0.932898998
-0.0895277858,-0.355830431,0.877311528,-0.0888020247,-0.0361950137,0.734510362,-0.67178762,-0.471603066,0.000198538808,-0.310207933,1.76708984,-0.210608661,7.36685251E-05,-0.368830264,1.35000002,0.767680645,-0.11268618,-0.0186558627,0.0262191538,1.04718268,0.78535676,0.00362525857,0.565444946,-0.8258093,0.931994319
-0.0894142389,-0.355738789,0.877445281,-0.0879762992,-0.0361909978,0.73453176,-0.671873093,-0.459731638,0.000259249646,-0.322327554,1.78192055,-0.187311813,6.8597903E-05,-0.383139372,1.35000002,0.767663777,-0.110565528,-0.0187107641,0.0252929162,1.04718387,0.785351157,0.00431107124,0.564089537,-0.826320469,0.931089699
-0.0893006846,-0.355647147,0.877579093,-0.087150529,-0.0361869596,0.734552741,-0.671958148,-0.447860211,0.000319960498,-0.334447205,1.79675126,-0.164014965,6.35272881E-05,-0.39744845,1.35000002,0.767646849,-0.108444877,-0.0187656637,0.0243666805,1.04718506,0.785345614,0.00499688368,0.562734127,-0.826831639,0.93018502
-0.0891871378,-0.355555505,0.877712846,-0.0863246694,-0.0361828916,0.734573126,-0.672042608,-0.435988784,0.000380671321,-0.346566826,1.81158185,-0.140718117,5.8456666E-05,-0.411757559,1.35000002,0.767629921,-0.106324226,-0.0188205652,0.023440443,1.04718626,0.785340011,0.00568269659,0.561378717,-0.827342808,0.9292804
-0.0890735835,-0.355463862,0.877846599,-0.0854987726,-0.0361788012,0.734593034,-0.672126651,-0.424117357,0.000441382173,-0.358686447,1.82641256,-0.117421277,5.33860475E-05,-0.426066637,1.35000002,0.767613053,-0.104203574,-0.0188754648,0.0225142054,1.04718745,0.785334468,0.00636850903,0.560023308,-0.827853978,0.928375721
-0.0889397562,-0.35556367,0.877818942,-0.0855445713,-0.0369651839,0.733983457,-0.672743678,-0.426476806,0.000449354353,-0.363078743,1.83072412,-0.120280437,0.00011002033,-0.430566788,1.35000002,0.767846286,-0.1042412,-0.0171520431,0.0221193023,1.0471884,0.785330892,0.00593629153,0.560078621,-0.828282714,0.928269446
-0.0887919664,-0.355795324,0.877680123,-0.0861902237,-0.0382956415,0.732938349,-0.673725545,-0.438633025,0.000421020522,-0.362151444,1.82779408,-0.141145751,0.000209133097,-0.428314328,1.35000002,0.768251717,-0.105764605,-0.0142043978,0.0220901798,1.04718912,0.785328686,0.00473440764,0.561105132,-0.828654647,0.928712785
-0.0886441767,-0.356026947,0.877541304,-0.0868354961,-0.0396259427,0.731890082,-0.674704552,-0.450789213,0.000392686692,-0.361224115,1.82486415,-0.162011057,0.000308245857,-0.426061869,1.35000002,0.768657148,-0.10728801,-0.0112567535,0.0220610555,1.04718995,0.785326481,0.00353252375,0.562131584,-0.829026639,0.929156125
-0.088496387,-0.356258601,0.877402484,-0.0874804258,-0.0409560874,0.730838776,-0.675680757,-0.462945431,0.000364352862,-0.360296816,1.8219341,-0.182876363,0.000407358631,-0.423809409,1.35000002,0.769062638,-0.108811416,-0.00830910821,0.0220319312,1.04719067,0.785324335,0.0023306394,0.563158095,-0.829398572,0.929599464
-0.0883485973,-0.356490225,0.877263725,-0.0881249756,-0.0422860496,0.729784429,-0.676654041,-0.47510162,0.000336019031,-0.359369516,1.81900418,-0.203741685,0.000506471377,-0.421556979,1.35000002,0.769468069,-0.110334821,-0.00536146387,0.0220028087,1.04719138,0.78532213,0.00112875563,0.564184606,-0.829770565,0.930042803
-0.0881979614,-0.356717706,0.877117217,-0.0887963548,-0.0435869843,0.728729129,-0.677620351,-0.487787277,0.00030887092,-0.35734272,1.81469905,-0.225409091,0.000586031354,-0.417847782,1.35000002,0.769864023,-0.111952499,-0.00254274998,0.0220443327,1.04719222,0.785320938,-4.39107098E-05,0.565293908,-0.830124915,0.930564046
-0.0880301893,-0.356920272,0.876924753,-0.0896310657,-0.0447144918,0.727684379,-0.678559065,-0.503655851,0.000288850773,-0.348706424,1.80212677,-0.251898378,0.00054804812,-0.405381382,1.35000002,0.770202756,-0.114136852,-0.000499115558,0.0225105658,1.04719269,0.785325944,-0.00104093144,0.566901326,-0.830373645,0.931553841
-0.0878624246,-0.357122809,0.87673229,-0.0904654264,-0.0458418392,0.726636767,-0.679495156,-0.519524395,0.000268830656,-0.340070128,1.78955448,-0.278387666,0.000510064943,-0.39291501,1.35000002,0.770541549,-0.116321214,0.00154451875,0.0229767971,1.04719317,0.785330892,-0.00203795219,0.568508744,-0.830622375,0.932543576
-0.0876946598,-0.357325375,0.876539826,-0.0912994221,-0.0469690077,0.725586236,-0.680428565,-0.535393,0.000248810509,-0.331433803,1.77698231,-0.304876953,0.000472081709,-0.38044861,1.35000002,0.770880342,-0.118505567,0.00358815328,0.0234430302,1.04719365,0.785335898,-0.00303497328,0.570116162,-0.830871046,0.93353337
-0.0875268951,-0.357527912,0.876347363,-0.092133075,-0.0480959937,0.724532843,-0.681359351,-0.551261544,0.000228790392,-0.322797507,1.76441002,-0.331366211,0.000434098503,-0.367982209,1.35000002,0.771219075,-0.120689929,0.00563178724,0.0239092633,1.04719412,0.785340905,-0.00403199391,0.571723521,-0.831119776,0.934523106
-0.0873591229,-0.357730448,0.8761549,-0.0929663405,-0.0492227674,0.723476648,-0.682287276,-0.567130089,0.00020877026,-0.314161211,1.75183773,-0.357855499,0.000396115298,-0.355515808,1.35000002,0.771557868,-0.122874282,0.00767542189,0.0243754964,1.04719472,0.785345852,-0.00502901478,0.573330939,-0.831368506,0.9355129
-0.0872214213,-0.357878268,0.876010001,-0.0936215669,-0.0501009673,0.722562313,-0.68310225,-0.579379201,0.000193605621,-0.309152931,1.73884583,-0.378754318,0.000367343018,-0.346856803,1.35000002,0.771823943,-0.12473008,0.00926370919,0.0249230918,1.04719508,0.785346866,-0.00598767633,0.574715018,-0.831812441,0.936366498
-0.0870970264,-0.358001828,0.875886202,-0.0941978544,-0.0508690067,0.721710324,-0.68386656,-0.59002459,0.000180592266,-0.305752099,1.72566783,-0.397176206,0.000342651765,-0.339884728,1.35000002,0.772057891,-0.126440302,0.0106502492,0.0255067348,1.04719543,0.78534615,-0.00692934263,0.576000154,-0.832342923,0.937159777
-0.086972639,-0.358125389,0.875762343,-0.0947739333,-0.0516369343,0.720856667,-0.684629381,-0.60066998,0.00016757891,-0.302351296,1.71248996,-0.415598094,0.000317960512,-0.332912624,1.35000002,0.77229178,-0.128150538,0.0120367901,0.0260903798,1.04719567,0.785345435,-0.00787100941,0.57728523,-0.832873404,0.937953055
-0.0868482441,-0.358248979,0.875638545,-0.0953497961,-0.052404739,0.72000134,-0.685390592,-0.61131537,0.000154565569,-0.298950464,1.69931197,-0.434019953,0.000293269288,-0.325940549,1.35000002,0.772525668,-0.129860759,0.0134233302,0.0266740248,1.04719603,0.78534472,-0.00881267525,0.578570366,-0.833403826,0.938746333
-0.0867238566,-0.358372539,0.875514686,-0.0959254503,-0.0531724356,0.719144523,-0.686150372,-0.621960819,0.000141552213,-0.295549631,1.6861341,-0.452441841,0.000268578035,-0.318968445,1.35000002,0.772759616,-0.13157098,0.0148098702,0.0272576697,1.04719639,0.785343945,-0.00975434203,0.579855442,-0.833934307,0.939539611
-0.0865915343,-0.358505011,0.875398219,-0.0964769125,-0.0537487045,0.71838063,-0.686827898,-0.6303702,0.000129647102,-0.29304257,1.67408037,-0.46777153,0.000245989533,-0.313183129,1.35000002,0.772922695,-0.133196905,0.015819937,0.0277214441,1.04719663,0.785344243,-0.0103916787,0.581060648,-0.83424747,0.94024384
-0.0864345506,-0.358665228,0.875304639,-0.0969537497,-0.0537300184,0.717910051,-0.687254131,-0.631825924,0.000121188423,-0.293314964,1.66552281,-0.473485112,0.000229940226,-0.311088413,1.35000002,0.772865713,-0.134560704,0.015659241,0.0278124493,1.04719687,0.78534776,-0.0100826053,0.582017362,-0.833885014,0.940670967
-0.0862775669,-0.358825415,0.875211,-0.0974305198,-0.0537113026,0.717438996,-0.687679887,-0.633281708,0.000112729744,-0.293587387,1.65696526,-0.479198664,0.000213890919,-0.308993697,1.35000002,0.772808731,-0.135924503,0.0154985432,0.0279034544,1.0471971,0.785351217,-0.00977353193,0.582974017,-0.833522558,0.941098154
-0.0861205831,-0.358985633,0.875117421,-0.0979072303,-0.0536925495,0.716967523,-0.688105285,-0.634737432,0.000104271065,-0.29385978,1.6484077,-0.484912246,0.000197841611,-0.306898981,1.35000002,0.772751749,-0.137288302,0.0153378462,0.0279944595,1.04719734,0.785354733,-0.00946445856,0.583930731,-0.833160102,0.94152534
-0.0859635994,-0.35914582,0.875023782,-0.0983838812,-0.0536737666,0.716495633,-0.688530207,-0.636193216,9.58123856E-05,-0.294132203,1.63985026,-0.490625829,0.000181792289,-0.304804236,1.35000002,0.772694767,-0.138652086,0.0151771503,0.0280854646,1.04719758,0.785358191,-0.00915538613,0.584887385,-0.832797647,0.941952527
-0.0858066157,-0.359306037,0.874930203,-0.098860465,-0.0536549464,0.716023207,-0.688954711,-0.637649,8.73537065E-05,-0.294404596,1.6312927,-0.496339381,0.000165742982,-0.30270952,1.35000002,0.772637784,-0.140015885,0.0150164533,0.0281764697,1.04719782,0.785361707,-0.00884631276,0.58584404,-0.832435191,0.942379653
-0.0857463926,-0.359133929,0.875209451,-0.097563535,-0.0527310669,0.716536999,-0.688676715,-0.616412818,0.000100711761,-0.297939003,1.6470021,-0.463228464,0.000154151916,-0.306098908,1.35000002,0.772369444,-0.137046978,0.0129816597,0.0277071763,1.04719794,0.785364211,-0.00746992184,0.583315849,-0.833367109,0.941387236
-0.0857113302,-0.358875453,0.875585675,-0.0958050787,-0.0515716374,0.717303872,-0.688212872,-0.589277387,0.000119741526,-0.302321434,1.66902018,-0.420024335,0.000143719866,-0.31091398,1.35000002,0.772046089,-0.132951692,0.0104596568,0.0270922203,1.04719806,0.785366476,-0.00581605965,0.579881728,-0.834635556,0.940025687
-0.0856762603,-0.358616948,0.87596184,-0.0940460935,-0.0504119247,0.71806699,-0.687745452,-0.562141955,0.000138771284,-0.306703866,1.69103825,-0.376820207,0.000133287816,-0.315729052,1.35000002,0.771722794,-0.128856421,0.00793765485,0.0264772661,1.04719818,0.7853688,-0.00416219793,0.576447606,-0.835904002,0.938664138
-0.0856411904,-0.358358473,0.876338005,-0.092286624,-0.0492519476,0.718826294,-0.687274516,-0.535006523,0.000157801041,-0.311086297,1.71305633,-0.333616078,0.000122855767,-0.320544124,1.35000002,0.771399438,-0.124761134,0.00541565195,0.0258623101,1.0471983,0.785371065,-0.00250833598,0.573013425,-0.837172449,0.937302649
-0.085606128,-0.358099997,0.87671423,-0.0905266851,-0.0480917282,0.719581902,-0.686799884,-0.507871091,0.000176830814,-0.315468729,1.73507452,-0.290411919,0.00011242371,-0.325359195,1.35000002,0.771076083,-0.120665856,0.00289364858,0.0252473541,1.04719841,0.78537333,-0.00085447391,0.569579303,-0.838440895,0.9359411
-0.0855506584,-0.357729703,0.877065718,-0.0888259262,-0.0465713516,0.720464706,-0.686200976,-0.479932785,0.000207451725,-0.321839005,1.75914705,-0.245817095,0.000103247752,-0.333285898,1.35000002,0.770709097,-0.116706558,-0.000603017397,0.0247137174,1.04719853,0.785375357,0.00161705562,0.566652417,-0.839933097,0.934722781
-0.0854562968,-0.357146293,0.877370119,-0.0872380957,-0.0443642288,0.721591592,-0.685366333,-0.450463533,0.000260174857,-0.331999809,1.78713703,-0.198570415,9.64669161E-05,-0.347145945,1.35000002,0.770258665,-0.113006555,-0.00595818972,0.0243351404,1.04719865,0.785376847,0.00564772915,0.564692795,-0.841852009,0.933777571
-0.0853619426,-0.356562883,0.87767452,-0.0856494084,-0.042156633,0.722711742,-0.684525251,-0.420994282,0.000312897988,-0.342160583,1.81512702,-0.151323751,8.96860802E-05,-0.361005962,1.35000002,0.769808292,-0.109306552,-0.011313363,0.0239565615,1.04719877,0.785378277,0.00967840292,0.562733233,-0.843770921,0.93283236
-0.085267581,-0.355979443,0.877978921,-0.0840598941,-0.0399486236,0.723825157,-0.683677673,-0.39152503,0.000365621119,-0.352321357,1.843117,-0.104077071,8.29052515E-05,-0.374866009,1.35000002,0.76935792,-0.105606548,-0.0166685358,0.0235779844,1.04719877,0.785379767,0.0137090757,0.560773611,-0.845689833,0.93188715
-0.0851732194,-0.355396032,0.878283322,-0.0824696273,-0.0377402715,0.724931836,-0.682823837,-0.362055749,0.000418344251,-0.362482131,1.8711071,-0.0568303913,7.61244155E-05,-0.388726056,1.35000002,0.768907547,-0.101906545,-0.0220237076,0.0231994074,1.04719889,0.785381258,0.0177397504,0.558813989,-0.847608745,0.93094188
-0.0850788653,-0.354812622,0.878587723,-0.0808786377,-0.0355316326,0.726031601,-0.681963623,-0.332586497,0.000471067382,-0.372642905,1.89909708,-0.00958372839,6.93435868E-05,-0.402586073,1.35000002,0.768457174,-0.098206535,-0.0273788795,0.0228208285,1.04719901,0.785382748,0.0217704233,0.556854427,-0.849527657,0.929996669
-0.0850503892,-0.35486877,0.87862432,-0.0805116594,-0.0356629156,0.72602421,-0.682008088,-0.329966307,0.000565625262,-0.378137648,1.90821493,-0.0063923467,6.63904284E-05,-0.407774895,1.35000002,0.768341362,-0.096739307,-0.0268358793,0.0219638124,1.04719901,0.785358846,0.021603873,0.555741012,-0.849392116,0.928958952
-0.0850296989,-0.355000466,0.878629386,-0.0802892894,-0.0360705629,0.725886285,-0.682159662,-0.330517173,0.000665124157,-0.383081317,1.91510391,-0.00840424374,6.38893471E-05,-0.411939561,1.35000002,0.768265069,-0.0955357775,-0.0255962592,0.0210502874,1.04719913,0.785331964,0.0209415983,0.554727554,-0.849013865,0.927910268
-0.0850090086,-0.355132163,0.878634393,-0.0800668821,-0.0364781991,0.725748122,-0.682311058,-0.331068069,0.000764622993,-0.388024956,1.9219929,-0.0104161408,6.13882657E-05,-0.416104227,1.35000002,0.768188775,-0.094332248,-0.0243566372,0.0201367624,1.04719913,0.785305023,0.0202793255,0.553714097,-0.848635614,0.926861584
-0.0849883109,-0.355263829,0.8786394,-0.0798444673,-0.0368858315,0.725609839,-0.682462335,-0.331618935,0.000864121888,-0.392968595,1.92888188,-0.0124280388,5.88871881E-05,-0.420268923,1.35000002,0.768112481,-0.0931287259,-0.023117017,0.0192232374,1.04719913,0.785278082,0.0196170509,0.552700639,-0.848257363,0.9258129
-0.0849676207,-0.355395526,0.878644407,-0.0796220303,-0.0372934565,0.725471258,-0.682613313,-0.332169831,0.000963620725,-0.397912264,1.93577087,-0.0144399349,5.63861067E-05,-0.424433589,1.35000002,0.768036187,-0.0919251963,-0.0218773969,0.0183097124,1.04719925,0.7852512,0.0189547762,0.551687181,-0.847879171,0.924764276
-0.0849223956,-0.355648726,0.878525436,-0.0799690038,-0.038040407,0.724960685,-0.683073878,-0.341065437,0.000989892869,-0.395473003,1.93318188,-0.0301647484,5.49140459E-05,-0.420881122,1.35000002,0.76807332,-0.0921791345,-0.0203420445,0.0180256218,1.04719925,0.78524071,0.0179117676,0.551733673,-0.847088456,0.92439574
-0.0848465413,-0.35605368,0.878251672,-0.0810267627,-0.0392109752,0.723983407,-0.683919013,-0.360380471,0.000924732885,-0.383815259,1.91875851,-0.0630117655,5.47268392E-05,-0.407692909,1.35000002,0.768252134,-0.0942528844,-0.0184374377,0.0185274538,1.04719937,0.785250843,0.0163933691,0.553103626,-0.845782638,0.924876571
-0.0847706795,-0.356458604,0.877977908,-0.0820841864,-0.0403813869,0.723003089,-0.684761286,-0.379695505,0.000859572785,-0.372157544,1.90433526,-0.0958587825,5.45396324E-05,-0.394504666,1.35000002,0.768430889,-0.0963266343,-0.0165328309,0.0190292876,1.04719937,0.785260916,0.0148749696,0.554473579,-0.844476879,0.925357342
-0.0846948177,-0.356863528,0.877704084,-0.0831412822,-0.0415516421,0.722019851,-0.685600817,-0.399010539,0.000794412743,-0.360499829,1.88991189,-0.1287058,5.4352422E-05,-0.381316453,1.35000002,0.768609703,-0.0984003842,-0.014628225,0.0195311215,1.04719937,0.785270989,0.0133565702,0.555843592,-0.84317112,0.925838172
-0.0846189633,-0.357268453,0.87743032,-0.0841980204,-0.0427217074,0.721033454,-0.686437368,-0.418325543,0.000729252701,-0.348842114,1.87548852,-0.161552817,5.41652153E-05,-0.36812821,1.35000002,0.768788517,-0.100474134,-0.0127236182,0.0200329535,1.04719949,0.785281122,0.0118381716,0.557213545,-0.841865361,0.926319003
-0.0845431015,-0.357673377,0.877156556,-0.0852543935,-0.0438915826,0.720044196,-0.687271059,-0.437640578,0.0006640926,-0.337184399,1.86106527,-0.194399834,5.39780085E-05,-0.354939997,1.35000002,0.768967271,-0.102547884,-0.0108190114,0.0205347873,1.04719949,0.785291195,0.0103197722,0.558583558,-0.840559602,0.926799774
-0.0844552666,-0.357973009,0.876898229,-0.0862541199,-0.0446869209,0.719528913,-0.687634706,-0.45477742,0.000621351239,-0.327917337,1.84281373,-0.22421886,5.05275457E-05,-0.343830615,1.35000002,0.76922816,-0.104715884,-0.0100384215,0.0215631425,1.04719949,0.785293818,0.0094129201,0.560052812,-0.839346468,0.927965283
-0.0843673721,-0.358272105,0.876640022,-0.0872534066,-0.0454803221,0.719014466,-0.687994659,-0.471903443,0.000578720996,-0.318662167,1.82454312,-0.254022866,4.70609048E-05,-0.332731545,1.35000002,0.769489408,-0.106884345,-0.00926340371,0.0225941073,1.04719949,0.785296381,0.00850910041,0.561522543,-0.838133752,0.92913425
-0.0842794701,-0.358571202,0.876381755,-0.0882525221,-0.0462736301,0.718498647,-0.68835324,-0.489029497,0.000536090753,-0.309406966,1.80627263,-0.283826917,4.35942638E-05,-0.321632475,1.35000002,0.769750714,-0.109052807,-0.00848838594,0.023625074,1.04719961,0.785298944,0.00760528119,0.562992334,-0.836921096,0.930303156
-0.0841915756,-0.358870298,0.876123548,-0.0892514437,-0.0470668413,0.717981279,-0.688710332,-0.506155491,0.000493460509,-0.300151795,1.78800213,-0.313630909,4.01276229E-05,-0.310533404,1.35000002,0.770011961,-0.111221276,-0.00771336816,0.0246560387,1.04719961,0.785301507,0.00670146151,0.564462066,-0.83570838,0.931472063
-0.0841036811,-0.359169424,0.875865281,-0.0902501941,-0.0478599593,0.71746248,-0.689066112,-0.523281574,0.000450830266,-0.290896595,1.76973152,-0.34343493,3.6660982E-05,-0.299434334,1.35000002,0.770273209,-0.113389738,-0.00693834992,0.0256870054,1.04719961,0.78530401,0.00579764182,0.565931857,-0.834495723,0.93264097
-0.0840332285,-0.359378308,0.875654459,-0.0911150947,-0.0483200885,0.717137158,-0.689258754,-0.537202835,0.000416337949,-0.285345525,1.75291216,-0.367650032,3.38561076E-05,-0.291929424,1.35000002,0.770402253,-0.115343839,-0.0067243143,0.0267208815,1.04719961,0.785308421,0.00519634224,0.567557037,-0.834047079,0.933724463
-0.0839773044,-0.359511971,0.875483096,-0.0918684974,-0.0485027246,0.716973662,-0.689315915,-0.548452973,0.000388628279,-0.282881677,1.73730206,-0.387206942,3.16027945E-05,-0.287420154,1.35000002,0.770421028,-0.11711929,-0.0069778366,0.0277571846,1.04719961,0.785314381,0.00484718103,0.569311738,-0.834235251,0.934736788
-0.0839213878,-0.359645665,0.875311732,-0.0926218629,-0.0486853383,0.71680975,-0.689372778,-0.559703171,0.000360918639,-0.28041783,1.72169197,-0.406763852,2.93494759E-05,-0.282910883,1.35000002,0.770439804,-0.118894733,-0.00723135844,0.0287934877,1.04719961,0.785320342,0.00449802028,0.571066439,-0.834423482,0.935749054
-0.0838654712,-0.359779358,0.875140369,-0.0933751538,-0.0488679186,0.71664536,-0.689429164,-0.570953369,0.000333208969,-0.277953982,1.70608187,-0.426320761,2.70961609E-05,-0.278401613,1.35000002,0.770458579,-0.120670177,-0.00748488074,0.0298297908,1.04719973,0.785326302,0.00414885953,0.5728212,-0.834611654,0.936761379
-0.0838095546,-0.359913051,0.874969006,-0.0941283926,-0.0490504652,0.716480553,-0.689485073,-0.582203567,0.000305499329,-0.275490135,1.69047189,-0.445877671,2.48428441E-05,-0.273892343,1.35000002,0.770477355,-0.122445621,-0.00773840304,0.0308660921,1.04719973,0.785332263,0.00379969855,0.574575901,-0.834799826,0.937773705
-0.0837679803,-0.360046685,0.874797463,-0.0948933139,-0.0492249206,0.716339886,-0.689513981,-0.593035221,0.00027871842,-0.27318728,1.67525303,-0.464672685,2.26650536E-05,-0.269751221,1.35000002,0.770496607,-0.124230124,-0.00793274119,0.031835407,1.04719973,0.785337627,0.00341381598,0.57638824,-0.835082829,0.938769042
-0.0838618502,-0.360179991,0.874624789,-0.095769085,-0.0493232049,0.716431081,-0.689291,-0.599915087,0.000260707166,-0.272404492,1.66372919,-0.476273775,2.12003979E-05,-0.269086063,1.35000002,0.770520389,-0.126100227,-0.00756825833,0.032172218,1.04719973,0.785337806,0.00268119923,0.578744709,-0.836261094,0.939604104
-0.0839557126,-0.360313296,0.874452055,-0.0966447741,-0.0494214445,0.71652174,-0.689067543,-0.606795013,0.000242695882,-0.271621734,1.65220535,-0.487874836,1.97357422E-05,-0.268420935,1.35000002,0.770544112,-0.127970338,-0.00720377546,0.0325090289,1.04719973,0.785337925,0.00194858271,0.581101179,-0.837439358,0.940439224
-0.0840495825,-0.360446602,0.87427932,-0.0975203887,-0.0495196395,0.716611743,-0.688843489,-0.613674879,0.000224684598,-0.270838976,1.64068151,-0.499475926,1.82710864E-05,-0.267755777,1.35000002,0.770567834,-0.129840434,-0.00683929259,0.0328458361,1.04719973,0.785338044,0.00121596619,0.583457649,-0.838617623,0.941274345
-0.0841434523,-0.360579878,0.874106586,-0.0983959064,-0.0496178009,0.71670121,-0.688618839,-0.620554805,0.000206673329,-0.270056188,1.62915766,-0.511076987,1.68064307E-05,-0.267090648,1.35000002,0.770591617,-0.131710544,-0.00647480972,0.0331826471,1.04719973,0.785338223,0.00048334949,0.585814118,-0.839795887,0.942109406
-0.0842373222,-0.360713184,0.873933852,-0.0992713496,-0.0497159138,0.71679002,-0.688393652,-0.627434731,0.000188662059,-0.26927343,1.61763382,-0.522678077,1.5341775E-05,-0.26642549,1.35000002,0.770615339,-0.13358064,-0.00611032685,0.033519458,1.04719973,0.785338342,-0.000249266945,0.588170588,-0.840974092,0.942944527
-0.0850510597,-0.36117813,0.873506129,-0.101525843,-0.0505784862,0.715772092,-0.689060688,-0.629471362,0.000174723857,-0.265827686,1.60755408,-0.528256834,1.42083381E-05,-0.263371438,1.35000002,0.771236837,-0.137745708,-0.00173596502,0.0324384458,1.04719973,0.784733951,-0.00242545549,0.591261744,-0.840784371,0.942786634
-0.0862590745,-0.361824691,0.872938633,-0.104534641,-0.0518592373,0.71413964,-0.690208554,-0.628855288,0.000163016521,-0.260923356,1.59826529,-0.530537069,1.32563137E-05,-0.259008914,1.35000002,0.772185683,-0.143167749,0.00483465707,0.0305808727,1.04719973,0.783798456,-0.00539230602,0.594755292,-0.8398453,0.942084968
-0.0874670893,-0.362471253,0.872371197,-0.107541971,-0.0531392582,0.712496579,-0.691346228,-0.628239214,0.000151309199,-0.256019056,1.5889765,-0.532817304,1.23042882E-05,-0.25464642,1.35000002,0.77313453,-0.14858979,0.0114052789,0.0287233014,1.04719973,0.782862902,-0.00835915655,0.598248839,-0.838906288,0.941383243
-0.0886751041,-0.363117814,0.871803701,-0.110547736,-0.0544185005,0.710843086,-0.692473829,-0.627623081,0.000139601863,-0.251114756,1.57968771,-0.535097539,1.13522638E-05,-0.250283927,1.35000002,0.774083376,-0.154011846,0.0179759022,0.0268657301,1.04719973,0.781927407,-0.0113260075,0.601742327,-0.837967277,0.940681517
-0.0898831189,-0.363764375,0.871236265,-0.113551803,-0.0556969158,0.709179163,-0.693591177,-0.627007008,0.000127894542,-0.246210456,1.57039893,-0.537377775,1.04002384E-05,-0.245921403,1.35000002,0.775032222,-0.159433886,0.0245465226,0.0250081588,1.04719973,0.780991912,-0.0142928576,0.605235875,-0.837028205,0.939979792
-0.0919200629,-0.364035398,0.870829523,-0.116226852,-0.056270428,0.70777452,-0.69453603,-0.626016676,0.000122773898,-0.241490528,1.5614177,-0.539061189,9.8134542E-06,-0.241842225,1.35000002,0.775187612,-0.165025979,0.0325346626,0.024317326,1.04719973,0.779577315,-0.016871782,0.606702924,-0.835170925,0.936517775
-0.0973472893,-0.362770349,0.871080041,-0.11756245,-0.0539638735,0.707464755,-0.694809854,-0.623495519,0.000144592719,-0.237524763,1.55369484,-0.538303554,1.07204978E-05,-0.238921821,1.35000002,0.772097707,-0.171313569,0.046320416,0.0283984318,1.04719973,0.776203454,-0.017864095,0.599881709,-0.829557955,0.921766043
-0.102774516,-0.36150533,0.871330619,-0.118897237,-0.0516568795,0.707149863,-0.695078552,-0.620974362,0.000166411555,-0.233558998,1.54597187,-0.537545919,1.16275423E-05,-0.236001417,1.35000002,0.769007862,-0.177601144,0.0601061694,0.0324795395,1.04719973,0.772829592,-0.0188564062,0.593060493,-0.823945045,0.90701437
-0.10820175,-0.360240281,0.871581137,-0.120231152,-0.0493494794,0.706829727,-0.695342243,-0.618453205,0.000188230377,-0.229593217,1.53824902,-0.536788225,1.25345859E-05,-0.233081013,1.35000002,0.765917957,-0.183888733,0.0738919303,0.0365606435,1.04719973,0.769455671,-0.0198487192,0.586239278,-0.818332076,0.892262697
-0.113628976,-0.358975261,0.871831656,-0.121564195,-0.0470417477,0.706504524,-0.695600867,-0.615931988,0.000210049198,-0.225627452,1.53052604,-0.536030591,1.34416296E-05,-0.230160624,1.35000002,0.762828052,-0.190176323,0.08767768,0.0406417511,1.04719973,0.76608181,-0.0208410304,0.579418063,-0.812719107,0.877511024
-0.119056202,-0.357710212,0.872082233,-0.122896329,-0.0447337255,0.706174254,-0.695854485,-0.61341083,0.000231868034,-0.221661687,1.52280319,-0.535272956,1.43486741E-05,-0.22724022,1.35000002,0.759738147,-0.196463913,0.101463437,0.0447228588,1.04719973,0.762707889,-0.0218333434,0.572596848,-0.807106137,0.862759352
-0.125835285,-0.351985604,0.870404541,-0.121822193,-0.0401367061,0.70765686,-0.694816709,-0.6098364,0.000628855079,-0.218158185,1.51623988,-0.532647312,1.38819451E-05,-0.225150704,1.35000002,0.75180912,-0.201113179,0.123722367,0.0477470979,1.04719973,0.75857842,-0.024014527,0.562519073,-0.800751925,0.843721032
-0.133072689,-0.344749123,0.868073225,-0.119928062,-0.0347616747,0.709731281,-0.693318367,-0.605904818,0.00115303241,-0.2148114,1.51006973,-0.529388368,1.29494774E-05,-0.223342881,1.35000002,0.742239535,-0.20520702,0.148853883,0.0504130386,1.04719973,0.754192829,-0.0265987646,0.551337242,-0.794146419,0.823229551
-0.140310079,-0.337512612,0.865741849,-0.11802911,-0.0293848738,0.711778164,-0.691792905,-0.601973236,0.00167720998,-0.211464614,1.50389957,-0.526129425,1.20170089E-05,-0.221535057,1.35000002,0.73266989,-0.209300861,0.173985422,0.053078983,1.04719973,0.749807179,-0.0291830041,0.540155411,-0.787540913,0.802738011
-0.147547469,-0.330276102,0.863410473,-0.116125576,-0.0240069441,0.71379739,-0.690240443,-0.598041654,0.00220138719,-0.208117843,1.49772942,-0.522870481,1.10845403E-05,-0.219727248,1.35000002,0.723100305,-0.213394701,0.19911693,0.0557449199,1.04719973,0.745421529,-0.0317672417,0.528973579,-0.780935347,0.78224653
-0.154784873,-0.323039621,0.861079156,-0.114217646,-0.0186285004,0.715788484,-0.688661158,-0.594110131,0.00272556464,-0.204771057,1.49155927,-0.519611478,1.01520718E-05,-0.217919424,1.35000002,0.71353066,-0.217488542,0.224248469,0.0584108643,1.04719973,0.741035938,-0.0343514793,0.517791748,-0.774329841,0.76175499
-0.16087012,-0.316246599,0.858959854,-0.1132688,-0.0158001129,0.717254579,-0.687361956,-0.58984834,0.003039737,-0.201401427,1.48511767,-0.515270531,9.31545401E-06,-0.21662508,1.34981441,0.700994492,-0.221156612,0.258170813,0.0607995354,1.04719973,0.733623862,-0.0404737145,0.511020184,-0.768196464,0.745686114
-0.164230347,-0.31050247,0.857342243,-0.114595868,-0.0190028604,0.717529953,-0.68677336,-0.584805548,0.00285721431,-0.197977737,1.4780339,-0.508370459,8.70553504E-06,-0.216545224,1.34918976,0.681441724,-0.223817617,0.312884808,0.0625324324,1.04719973,0.719053924,-0.0549638756,0.514679492,-0.763179839,0.740077376
-0.167590588,-0.30475834,0.855724633,-0.115921527,-0.0222054832,0.717796326,-0.686176121,-0.579762757,0.00267469138,-0.194554031,1.47095025,-0.501470327,8.09561607E-06,-0.216465354,1.3485651,0.661889017,-0.226478636,0.367598802,0.0642653257,1.04719973,0.704483926,-0.0694540292,0.518338799,-0.758163214,0.734468699
-0.17095083,-0.299014241,0.854107022,-0.117245786,-0.0254078675,0.718053818,-0.685570419,-0.574720025,0.00249216869,-0.19113034,1.46386647,-0.494570255,7.4856971E-06,-0.216385484,1.34794056,0.642336309,-0.229139656,0.422312796,0.065998219,1.04719973,0.689913929,-0.0839441866,0.521998167,-0.753146589,0.728860021
-0.174311057,-0.293270111,0.852489412,-0.118568555,-0.0286098868,0.71830231,-0.684956074,-0.569677234,0.00230964576,-0.187706649,1.45678282,-0.487670153,6.87577813E-06,-0.216305628,1.34731591,0.622783542,-0.23180066,0.47702679,0.0677311122,1.04719973,0.675343931,-0.0984343439,0.525657475,-0.748129964,0.723251343
-0.177671298,-0.287526011,0.850871801,-0.119889796,-0.0318114311,0.71854198,-0.684333324,-0.564634442,0.00212712283,-0.184282959,1.44969904,-0.480770051,6.26585916E-06,-0.216225758,1.34669125,0.603230834,-0.23446168,0.531740785,0.069464013,1.04719973,0.660773993,-0.112924509,0.529316783,-0.743113339,0.717642665
-0.178226188,-0.28792423,0.848993063,-0.119481839,-0.0334340893,0.719386041,-0.68343997,-0.567419589,0.0019850242,-0.185644358,1.44440627,-0.477596134,5.83686005E-06,-0.217732117,1.34410882,0.597049654,-0.236333355,0.55249989,0.0658857375,1.04719973,0.653708935,-0.118312702,0.528392375,-0.746563256,0.727363527
-0.17827633,-0.289427608,0.847067356,-0.118762456,-0.0347726233,0.720337093,-0.68249613,-0.571613193,0.00185019872,-0.187866703,1.43943572,-0.475092649,5.44041313E-06,-0.219523877,1.34117424,0.593274355,-0.238063022,0.567149699,0.0613518655,1.04719973,0.647994161,-0.122063234,0.526643217,-0.751536489,0.739842534
-0.178326458,-0.290930986,0.845141649,-0.118042573,-0.0361110233,0.721285164,-0.681549489,-0.575806797,0.00171537336,-0.190089047,1.43446517,-0.472589135,5.04396576E-06,-0.221315622,1.33823967,0.589498997,-0.239792675,0.581799507,0.0568179898,1.04719973,0.642279446,-0.125813767,0.524894059,-0.756509781,0.752321541
-0.1783766,-0.292434394,0.843215883,-0.117322214,-0.0374492742,0.722230375,-0.680600166,-0.580000401,0.00158054789,-0.192311406,1.42949474,-0.470085651,4.64751838E-06,-0.223107383,1.33530498,0.585723698,-0.241522342,0.596449316,0.0522841141,1.04719973,0.636564732,-0.1295643,0.523144901,-0.761483014,0.764800549
-0.178426743,-0.293937773,0.841290176,-0.116601378,-0.0387873575,0.723172486,-0.679647923,-0.584193945,0.00144572242,-0.19453375,1.42452419,-0.467582166,4.251071E-06,-0.224899128,1.3323704,0.58194834,-0.243251994,0.611099184,0.0477502383,1.04719973,0.630849957,-0.133314833,0.521395743,-0.766456246,0.777279556
-0.177865356,-0.29603231,0.839894712,-0.115436167,-0.0380361229,0.724465013,-0.678511739,-0.587321877,0.00132967159,-0.197781473,1.41852438,-0.464839965,3.90982996E-06,-0.226822123,1.32852542,0.579110801,-0.242440328,0.615977228,0.0302367844,1.04464388,0.629170895,-0.131617323,0.518149257,-0.77024287,0.78949976
-0.176378489,-0.299021512,0.839301705,-0.113596946,-0.0341221429,0.726279438,-0.677089036,-0.588836908,0.00124203495,-0.202581018,1.41096675,-0.46173656,3.65213896E-06,-0.228943735,1.32330251,0.577692449,-0.237782478,0.606066406,-0.00692043826,1.03821993,0.63359952,-0.121674515,0.512636542,-0.772233605,0.801328182
-0.174891606,-0.302010685,0.838708699,-0.111754864,-0.0302070938,0.728076518,-0.675650001,-0.590351999,0.00115439843,-0.207380563,1.40340924,-0.458633155,3.39444841E-06,-0.231065333,1.31807971,0.576274157,-0.233124644,0.596155524,-0.0440776572,1.03179598,0.638028204,-0.111731716,0.507123888,-0.774224341,0.813156605
-0.173404738,-0.304999888,0.838115752,-0.109910093,-0.0262912624,0.729856253,-0.674194753,-0.59186703,0.00106676191,-0.212180108,1.39585161,-0.455529749,3.13675764E-06,-0.233186945,1.31285691,0.574855864,-0.228466809,0.586244702,-0.0812348798,1.02537203,0.64245683,-0.101788916,0.501611173,-0.776215076,0.824985027
-0.171917856,-0.307989091,0.837522745,-0.108062722,-0.0223749205,0.731618285,-0.672723234,-0.593382061,0.000979125383,-0.216979653,1.3882941,-0.452426314,2.87906687E-06,-0.235308558,1.307634,0.573437572,-0.223808974,0.57633388,-0.118392102,1.01894808,0.646885455,-0.0918461084,0.496098489,-0.778205812,0.83681345
-0.170430988,-0.310978293,0.836929739,-0.106212914,-0.0184583589,0.733362615,-0.67123574,-0.594897151,0.000891488802,-0.221779197,1.38073647,-0.449322909,2.6213761E-06,-0.237430155,1.3024112,0.572019219,-0.219151124,0.566422999,-0.155549318,1.01252413,0.65131408,-0.0819033086,0.490585804,-0.780196548,0.848641932
-0.169237658,-0.313976884,0.837138176,-0.1031093,-0.0164002478,0.734466612,-0.670565665,-0.602848351,0.000832936494,-0.228450954,1.38066328,-0.452082902,2.44920625E-06,-0.241535753,1.30720448,0.584163666,-0.213549361,0.563340783,-0.206682786,1.00798762,0.659660101,-0.0749460384,0.489078462,-0.792647719,0.856363297
-0.168060377,-0.316975981,0.837390423,-0.0999355689,-0.0144432886,0.735525131,-0.669930637,-0.611151159,0.00077597273,-0.235224947,1.38099873,-0.455163151,2.28170734E-06,-0.245749712,1.31254482,0.597048879,-0.207896039,0.560631573,-0.258579612,1.00355411,0.668220043,-0.0681518167,0.487789899,-0.805670142,0.863860369
-0.166883081,-0.319975078,0.83764261,-0.0967602134,-0.012486062,0.736572385,-0.669285238,-0.619453967,0.000719009025,-0.241998956,1.38133419,-0.45824337,2.11420843E-06,-0.249963671,1.31788516,0.609934092,-0.202242717,0.557922304,-0.310476422,0.999120653,0.676780045,-0.0613576062,0.486501306,-0.818692625,0.871357441
-0.1657058,-0.322974175,0.837894857,-0.093583405,-0.0105286557,0.737608254,-0.668629527,-0.627756715,0.000662045262,-0.248772949,1.38166964,-0.461323619,1.94670929E-06,-0.25417763,1.3232255,0.622819245,-0.196589395,0.555213094,-0.362373233,0.9946872,0.685340047,-0.054563392,0.485212743,-0.831715107,0.878854573
-0.164528504,-0.325973272,0.838147044,-0.0904052407,-0.00857116189,0.738632619,-0.667963505,-0.636059523,0.000605081499,-0.255546957,1.38200521,-0.464403838,1.77921038E-06,-0.258391589,1.32856584,0.635704458,-0.190936074,0.552503824,-0.414270043,0.990253806,0.693899989,-0.0477691777,0.48392418,-0.84473753,0.886351645
-0.163102001,-0.328396857,0.838479817,-0.0875785798,-0.00788411126,0.739031136,-0.667907953,-0.640536726,0.000558057684,-0.260802329,1.38225067,-0.466569155,6.46996068E-06,-0.26164636,1.33242822,0.646750808,-0.184971973,0.549665332,-0.45671767,0.987037063,0.700974166,-0.0434197634,0.483416557,-0.85281539,0.889938235
-0.16142486,-0.330241531,0.838893533,-0.0851058066,-0.00847482216,0.738804698,-0.668470502,-0.641166329,0.000521031267,-0.264530331,1.38240564,-0.467814267,1.60470172E-05,-0.263936371,1.33480406,0.655947745,-0.178695276,0.546696842,-0.489661545,0.985044122,0.706553876,-0.0415292718,0.483694404,-0.855920017,0.889591813
-0.15974772,-0.332086235,0.839307249,-0.0826324224,-0.00906548742,0.738573253,-0.66902858,-0.641795933,0.00048400482,-0.268258333,1.38256061,-0.469059348,2.56240746E-05,-0.266226381,1.33718002,0.665144742,-0.172418579,0.543728411,-0.522605419,0.983051181,0.712133646,-0.0396387801,0.483972251,-0.859024704,0.889245391
-0.158070579,-0.333930939,0.839721024,-0.0801584646,-0.00965609122,0.738336802,-0.669582129,-0.642425597,0.000446978374,-0.271986336,1.38271558,-0.47030443,3.52011339E-05,-0.268516421,1.33955586,0.674341679,-0.166141883,0.540759921,-0.555549264,0.98105824,0.717713356,-0.0377482884,0.484250069,-0.862129331,0.888898909
-0.156393424,-0.335775644,0.84013474,-0.0776839852,-0.0102466233,0.738095343,-0.670131028,-0.643055201,0.000409951928,-0.275714338,1.38287067,-0.471549541,4.47781858E-05,-0.270806432,1.3419317,0.683538616,-0.159865201,0.537791431,-0.588493109,0.979065299,0.723293126,-0.0358577967,0.484527916,-0.865234017,0.888552487
-0.154709473,-0.337568671,0.840480983,-0.075208053,-0.0110149877,0.737823904,-0.670699954,-0.643372595,0.000373559305,-0.279221773,1.38339722,-0.473151892,5.37175656E-05,-0.272900254,1.34424341,0.692578197,-0.153508723,0.53522402,-0.620982349,0.977049828,0.728758276,-0.0343908295,0.484771222,-0.868119299,0.888022184
-0.152893037,-0.33835718,0.839514375,-0.072711654,-0.0152431438,0.737055779,-0.6717363,-0.637619555,0.000349492126,-0.278440177,1.39115059,-0.481701642,5.025672E-05,-0.27117908,1.34530938,0.698558271,-0.145600766,0.540455937,-0.644631207,0.9745965,0.731994569,-0.0411595963,0.484342664,-0.866738677,0.883916795
-0.151076585,-0.33914569,0.838547826,-0.070213154,-0.019471271,0.73626852,-0.672755301,-0.631866515,0.000325424946,-0.277658552,1.39890397,-0.490251362,4.6795878E-05,-0.269457906,1.34637523,0.704538345,-0.137692809,0.545687854,-0.668280005,0.972143114,0.735230863,-0.0479283631,0.483914107,-0.865357995,0.879811406
-0.149260148,-0.3399342,0.837581217,-0.0677127615,-0.0236990415,0.735462308,-0.673757076,-0.626113415,0.000301357766,-0.276876956,1.40665746,-0.498801112,4.33350324E-05,-0.267736733,1.34744108,0.71051842,-0.129784852,0.550919771,-0.691928804,0.969689786,0.738467097,-0.0546971299,0.483485579,-0.863977373,0.875706017
-0.147443697,-0.34072268,0.836614668,-0.0652106777,-0.0279261321,0.734637141,-0.674741507,-0.620360374,0.000277290557,-0.276095331,1.41441083,-0.507350862,3.98741904E-05,-0.26601553,1.34850705,0.716498435,-0.121876895,0.556151688,-0.715577602,0.967236459,0.741703391,-0.0614658967,0.483057022,-0.86259675,0.871600628
-0.14562726,-0.34151119,0.835648119,-0.062707074,-0.0321522169,0.733793139,-0.675708413,-0.614607334,0.000253223378,-0.275313735,1.4221642,-0.515900552,3.64133484E-05,-0.264294356,1.3495729,0.722478509,-0.113968939,0.561383605,-0.73922646,0.964783132,0.744939685,-0.0682346672,0.482628495,-0.861216068,0.867495239
-0.143668205,-0.34198904,0.834289372,-0.0594074316,-0.0366686955,0.733418465,-0.676183224,-0.6083588,0.000234204068,-0.274522185,1.42765391,-0.524508178,3.36806224E-05,-0.262105167,1.35000002,0.727204323,-0.105834655,0.56981051,-0.760559916,0.964105844,0.744983315,-0.0741356313,0.487014711,-0.869344532,0.868246615
-0.141613796,-0.342259139,0.832668304,-0.0555739105,-0.0413794108,0.733344734,-0.676317096,-0.601778984,0.000218560395,-0.27372402,1.4316299,-0.533154488,3.14348072E-05,-0.259603024,1.35000002,0.73109138,-0.0975490138,0.580373943,-0.780345142,0.964616299,0.742891848,-0.0794562846,0.49462074,-0.883831978,0.872245789
-0.139559373,-0.342529237,0.831047297,-0.05173802,-0.0460889898,0.733243942,-0.676426113,-0.595199108,0.000202916723,-0.272925824,1.43560588,-0.541800797,2.91889937E-05,-0.25710088,1.35000002,0.734978378,-0.0892633721,0.590937436,-0.800130367,0.965126753,0.74080044,-0.0847769305,0.50222677,-0.898319364,0.876245022
-0.13750495,-0.342799306,0.829426289,-0.0479001924,-0.0507969223,0.73311621,-0.676510155,-0.588619292,0.00018727305,-0.272127628,1.43958187,-0.550447106,2.69431803E-05,-0.254598737,1.35000002,0.738865435,-0.0809777305,0.601500869,-0.819915593,0.965637207,0.738708973,-0.0900975764,0.509832799,-0.912806809,0.880244195
-0.135450527,-0.343069404,0.827805281,-0.0440608338,-0.055502668,0.732961357,-0.676569223,-0.582039475,0.000171629377,-0.271329463,1.44355786,-0.559093416,2.4697365E-05,-0.252096593,1.35000002,0.742752492,-0.0726920813,0.612064362,-0.839700758,0.966147661,0.736617565,-0.0954182297,0.517438769,-0.927294195,0.884243429
-0.133418113,-0.343200147,0.826238155,-0.0400217846,-0.0599957593,0.73278594,-0.676626742,-0.575613201,0.000156804861,-0.270603508,1.44736874,-0.566564798,2.25685908E-05,-0.249872908,1.35000002,0.746436,-0.0645826161,0.622182012,-0.858763635,0.966603875,0.732809544,-0.101080351,0.529986501,-0.946161449,0.888098836
-0.131510705,-0.342538714,0.8249771,-0.0348521397,-0.0632931516,0.732619822,-0.676792145,-0.570059836,0.000146636477,-0.27028805,1.45024085,-0.567357659,2.11050756E-05,-0.249231964,1.35000002,0.748962581,-0.0574745461,0.629765511,-0.873720586,0.966751635,0.719244361,-0.108683422,0.570623279,-0.989924133,0.891136885
-0.129603311,-0.341877311,0.823716104,-0.0296805687,-0.0665885583,0.732426167,-0.676932096,-0.564506531,0.000136468079,-0.269972622,1.45311296,-0.56815058,1.96415622E-05,-0.248591036,1.35000002,0.751489162,-0.0503664762,0.63734901,-0.888677597,0.966899395,0.705679178,-0.116286501,0.611260116,-1.03368688,0.894174993
-0.127695903,-0.341215909,0.822455108,-0.0245076548,-0.0698815882,0.732204795,-0.677046537,-0.558953166,0.000126299696,-0.269657195,1.45598507,-0.568943441,1.8178047E-05,-0.247950092,1.35000002,0.754015744,-0.0432584099,0.644932508,-0.903634548,0.967047095,0.692113996,-0.123889573,0.651896894,-1.07744956,0.897213042
-0.12578851,-0.340554476,0.821194053,-0.0193339847,-0.0731718838,0.731956005,-0.677135527,-0.553399801,0.000116131312,-0.269341767,1.4588573,-0.569736302,1.67145336E-05,-0.247309148,1.35000002,0.756542325,-0.0361503363,0.652516007,-0.918591499,0.967194855,0.678548813,-0.131492659,0.692533672,-1.12121224,0.90025115
-0.123881109,-0.339893073,0.819933057,-0.0141601441,-0.07645908,0.731679618,-0.677198946,-0.547846496,0.000105962929,-0.269026339,1.46172941,-0.570529222,1.52510192E-05,-0.24666822,1.35000002,0.759068906,-0.0290422682,0.660099566,-0.93354845,0.967342615,0.664983571,-0.139095724,0.73317045,-1.16497493,0.903289258
-0.122848816,-0.339161932,0.818205714,-0.0111450758,-0.0785048977,0.731459856,-0.67725879,-0.545809507,9.82856436E-05,-0.272241443,1.46349072,-0.561631739,1.4146045E-05,-0.24968797,1.35000002,0.760976493,-0.0266105942,0.663134098,-0.947539091,0.96837616,0.643679023,-0.145578757,0.767430127,-1.19906187,0.90220356
-0.122191653,-0.33840093,0.816278517,-0.00905519444,-0.080019109,0.731267631,-0.677320123,-0.54527992,9.16761928E-05,-0.27696991,1.4647758,-0.548580408,1.31947609E-05,-0.254276931,1.35000002,0.76261878,-0.0261834953,0.664218664,-0.96111542,0.969789445,0.61905688,-0.151581675,0.798956156,-1.22900116,0.899350226
-0.121534482,-0.337639898,0.814351261,-0.00696522696,-0.0815328211,0.731070697,-0.677377045,-0.544750273,8.5066742E-05,-0.281698406,1.466061,-0.535529077,1.22434767E-05,-0.258865863,1.35000002,0.764261007,-0.0257563964,0.66530329,-0.974691749,0.971202672,0.594434738,-0.157584593,0.830482185,-1.25894058,0.896496832
-0.120877318,-0.336878866,0.812424064,-0.00487520965,-0.0830459744,0.730868697,-0.677429378,-0.544220626,7.84572912E-05,-0.286426902,1.46734607,-0.522477806,1.12921925E-05,-0.263454825,1.35000002,0.765903294,-0.0253292955,0.666387916,-0.988268077,0.972615957,0.569812536,-0.163587511,0.862008214,-1.28887987,0.893643498
-0.120220155,-0.336117864,0.810496807,-0.00278518884,-0.0845585614,0.730661929,-0.677477181,-0.543691039,7.18478404E-05,-0.291155368,1.46863127,-0.509426475,1.03409084E-05,-0.268043786,1.35000002,0.767545581,-0.0249021966,0.667472482,-1.00184441,0.974029183,0.545190394,-0.169590428,0.893534243,-1.31881917,0.890790164
-0.119631648,-0.335419267,0.808586299,-0.00109139027,-0.085943222,0.730760992,-0.677200913,-0.542875886,6.58174249E-05,-0.295775533,1.47011399,-0.500119746,9.4737261E-06,-0.27175042,1.35000002,0.769043982,-0.0249635335,0.667856693,-1.01442409,0.975610197,0.521714807,-0.173821986,0.923180401,-1.34391987,0.885748863
-0.119248807,-0.334907651,0.80672586,-0.000584224064,-0.0869461372,0.731787205,-0.675964117,-0.541205704,6.15212848E-05,-0.300071269,1.47218835,-0.502028525,8.85843929E-06,-0.272814453,1.35000002,0.770111442,-0.0264877863,0.66614306,-1.02401888,0.977693558,0.501673281,-0.172748193,0.947196126,-1.35452819,0.874154568
-0.118865974,-0.334396034,0.80486542,-7.70499028E-05,-0.0879487395,0.732810736,-0.674724758,-0.539535522,5.72251447E-05,-0.304366976,1.47426283,-0.503937304,8.24315157E-06,-0.273878515,1.35000002,0.771178961,-0.0280120391,0.664429486,-1.03361368,0.979776978,0.481631726,-0.171674386,0.971211851,-1.3651365,0.862560213
-0.118483134,-0.333884418,0.80300498,0.000430126471,-0.0889509991,0.733831406,-0.673482776,-0.537865341,5.2929001E-05,-0.308662713,1.47633719,-0.505846083,7.62786385E-06,-0.274942577,1.35000002,0.77224642,-0.029536292,0.662715852,-1.04320836,0.98186034,0.461590171,-0.170600593,0.995227575,-1.37574482,0.850965858
-0.118100293,-0.333372802,0.80114454,0.000937298988,-0.0899529085,0.734849274,-0.67223829,-0.536195159,4.86328572E-05,-0.312958419,1.47841167,-0.507754803,7.01257659E-06,-0.276006609,1.35000002,0.77331388,-0.0310605448,0.661002278,-1.05280316,0.983943701,0.441548616,-0.169526801,1.01924324,-1.38635314,0.839371562
-0.117717452,-0.332861185,0.799284101,0.00144446222,-0.0909544677,0.735864282,-0.670991123,-0.534524977,4.43367171E-05,-0.317254156,1.48048604,-0.509663582,6.39728887E-06,-0.277070671,1.35000002,0.774381399,-0.0325847976,0.659288645,-1.06239796,0.986027062,0.421507061,-0.168452993,1.04325902,-1.39696157,0.827777207
-0.117445976,-0.331890792,0.798303962,0.00033004224,-0.0930866301,0.736767828,-0.669707477,-0.532082677,4.41291922E-05,-0.320044279,1.48124158,-0.509204745,5.95198981E-06,-0.278596818,1.35000002,0.774835885,-0.0371759683,0.659334123,-1.06454957,0.985720158,0.407441586,-0.163220391,1.04951322,-1.39841294,0.812851191
-0.117202222,-0.330806166,0.797542989,-0.00118816504,-0.0954995304,0.737636983,-0.668408751,-0.529448211,4.49396357E-05,-0.322459579,1.48166871,-0.508156478,5.54901317E-06,-0.280238032,1.35000002,0.775137722,-0.0425307304,0.659817636,-1.06484795,0.984818161,0.394863963,-0.156952366,1.05134535,-1.39758456,0.797095597
-0.116958469,-0.32972157,0.796782017,-0.00270638964,-0.0979114696,0.73849833,-0.667102873,-0.526813686,4.57500792E-05,-0.324874878,1.48209596,-0.507108152,5.14603653E-06,-0.281879276,1.35000002,0.77543956,-0.0478854887,0.660301089,-1.06514645,0.983916104,0.38228637,-0.150684327,1.05317748,-1.39675617,0.781340003
-0.116714716,-0.328636944,0.796021044,-0.00422458258,-0.100322373,0.739351928,-0.665789962,-0.52417922,4.65605226E-05,-0.327290177,1.48252308,-0.506059825,4.74306034E-06,-0.28352049,1.35000002,0.775741398,-0.0532402471,0.660784543,-1.06544495,0.983014047,0.369708776,-0.144416302,1.05500972,-1.39592779,0.765584409
-0.116470963,-0.327552319,0.795260072,-0.00574269751,-0.102732174,0.740197778,-0.664470136,-0.521544695,4.73709661E-05,-0.329705477,1.48295021,-0.505011499,4.34008371E-06,-0.285161704,1.35000002,0.776043177,-0.0585950054,0.661268055,-1.06574333,0.98211205,0.357131183,-0.138148263,1.05684185,-1.3950994,0.749828815
-0.116263203,-0.326756746,0.795393348,-0.00745673291,-0.104942642,0.740594506,-0.663665116,-0.517387807,4.68171929E-05,-0.3314358,1.48049569,-0.502602637,3.98661359E-06,-0.286571354,1.35000002,0.776445568,-0.0640091598,0.65906775,-1.060619,0.980474412,0.347809821,-0.132316843,1.05375683,-1.38863182,0.737555683
-0.116121992,-0.326495558,0.797180057,-0.00953320786,-0.106785849,0.740168989,-0.663819075,-0.510416031,4.3741049E-05,-0.331899583,1.47271287,-0.497678012,3.72467753E-06,-0.287552893,1.35000002,0.777033806,-0.0695331395,0.651905298,-1.04546821,0.977476776,0.344509155,-0.127292708,1.0415802,-1.37173784,0.731721401
-0.115980782,-0.32623437,0.798966765,-0.011609653,-0.108628266,0.739737689,-0.663967788,-0.503444254,4.06649051E-05,-0.332363397,1.46493006,-0.492753416,3.46274169E-06,-0.288534403,1.35000002,0.777621984,-0.0750571191,0.644742906,-1.03031731,0.974479198,0.341208458,-0.122268572,1.02940369,-1.35484374,0.72588712
-0.115839571,-0.325973183,0.800753534,-0.0136860181,-0.11046984,0.739300549,-0.664111376,-0.496472448,3.75887612E-05,-0.33282721,1.45714736,-0.487828821,3.20080585E-06,-0.289515913,1.35000002,0.778210223,-0.0805810988,0.637580454,-1.01516652,0.971481562,0.337907761,-0.117244437,1.01722717,-1.33794963,0.720052838
-0.11569836,-0.325711995,0.802540243,-0.0157622546,-0.112310506,0.738857448,-0.664249599,-0.489500672,3.45126173E-05,-0.333290994,1.44936454,-0.482904196,2.93887001E-06,-0.290497452,1.35000002,0.778798461,-0.086105071,0.630418003,-1.00001574,0.968483925,0.334607095,-0.112220295,1.00505054,-1.32105553,0.714218557
-0.115557149,-0.325450838,0.804326952,-0.017838316,-0.114150256,0.738408685,-0.664382637,-0.482528865,3.14364734E-05,-0.333754808,1.44158173,-0.4779796,2.67693395E-06,-0.291478962,1.35000002,0.779386699,-0.0916290507,0.62325561,-0.984864831,0.965486288,0.331306398,-0.10719616,0.992874026,-1.30416155,0.708384335
-0.116603889,-0.326454222,0.803752661,-0.0182849355,-0.115211904,0.737110734,-0.66562736,-0.492117614,2.9330773E-05,-0.333137333,1.45176816,-0.48201263,2.49763843E-06,-0.289340228,1.35000002,0.779789329,-0.0917944312,0.62705344,-0.98833847,0.96374619,0.338286757,-0.105565406,0.978639781,-1.29831493,0.714187264
-0.117780648,-0.327596039,0.802919984,-0.0185531639,-0.11618796,0.73571682,-0.666991055,-0.503518701,2.73312744E-05,-0.332401544,1.46392107,-0.487025976,2.32738716E-06,-0.286859989,1.35000002,0.780171633,-0.0913733616,0.632050872,-0.99385041,0.962143719,0.346392274,-0.104306027,0.96418035,-1.29367745,0.721263766
-0.1189574,-0.328737825,0.802087307,-0.0188213009,-0.117163435,0.73431927,-0.668351531,-0.514919817,2.53317776E-05,-0.331665725,1.47607398,-0.492039323,2.1571359E-06,-0.28437975,1.35000002,0.780553997,-0.0909522921,0.637048244,-0.99936235,0.960541308,0.35449779,-0.103046641,0.94972086,-1.28903997,0.728340328
-0.12013416,-0.329879642,0.80125463,-0.0190893505,-0.118138358,0.732918262,-0.669708788,-0.526320994,2.33322808E-05,-0.330929935,1.48822677,-0.49705267,1.98688463E-06,-0.281899512,1.35000002,0.780936301,-0.0905312225,0.642045617,-1.00487423,0.958938837,0.362603337,-0.101787262,0.935261428,-1.28440237,0.73541683
-0.121310912,-0.331021428,0.800421953,-0.0193573032,-0.119112708,0.731513739,-0.671062768,-0.537722111,2.13327839E-05,-0.330194116,1.50037968,-0.502066016,1.81663336E-06,-0.279419303,1.35000002,0.781318665,-0.090110153,0.64704299,-1.01038611,0.957336366,0.370708853,-0.100527883,0.920801997,-1.27976489,0.742493391
-0.122901641,-0.33233285,0.799927533,-0.0195318479,-0.119448915,0.728812635,-0.673930764,-0.553557456,1.96494002E-05,-0.330311358,1.51203525,-0.50754571,1.6732921E-06,-0.277108848,1.35000002,0.781230807,-0.09097635,0.653876543,-1.01393783,0.956372321,0.380736351,-0.0982170776,0.906516492,-1.27762604,0.751202285
-0.124994852,-0.333850175,0.799843848,-0.0195925329,-0.11900752,0.724519014,-0.678620279,-0.574775279,1.83497268E-05,-0.331464052,1.52308691,-0.513591409,1.56261547E-06,-0.275004536,1.35000002,0.780572176,-0.0934050679,0.662939012,-1.01511014,0.956183195,0.393096834,-0.0946300179,0.892442107,-1.27851999,0.761892617
-0.12708807,-0.335367471,0.799760103,-0.0196524318,-0.118561253,0.720195651,-0.683282793,-0.595993102,1.70500534E-05,-0.332616746,1.53413856,-0.519637167,1.45193883E-06,-0.272900194,1.35000002,0.779913545,-0.0958337933,0.672001481,-1.01628244,0.955994129,0.405457318,-0.0910429507,0.878367782,-1.27941406,0.772582948
-0.129181281,-0.336884767,0.799676359,-0.019711528,-0.118110135,0.715842724,-0.687917531,-0.617210925,1.575038E-05,-0.333769441,1.54519033,-0.525682867,1.34126208E-06,-0.270795882,1.35000002,0.779254913,-0.0982625186,0.68106395,-1.01745474,0.955805004,0.417817771,-0.0874558911,0.864293456,-1.28030801,0.78327328
-0.131274492,-0.338402063,0.799592614,-0.019769825,-0.117654271,0.711461127,-0.692524135,-0.638428748,1.44507067E-05,-0.334922135,1.55624199,-0.531728625,1.23058544E-06,-0.26869154,1.35000002,0.778596282,-0.100691244,0.690126419,-1.01862693,0.955615878,0.430178255,-0.0838688239,0.850219071,-1.28120208,0.793963611
-0.133368939,-0.339918554,0.799506187,-0.0198272094,-0.117194451,0.70704031,-0.697112918,-0.659643054,1.31519682E-05,-0.33607474,1.56728411,-0.537780762,1.11998827E-06,-0.2665883,1.35000002,0.777940035,-0.103119984,0.699175954,-1.01981068,0.955430388,0.442534387,-0.080286704,0.83615154,-1.28208983,0.804647923
-0.136060536,-0.341036111,0.798118591,-0.0198345929,-0.117095828,0.697249174,-0.706922054,-0.679147303,1.23071814E-05,-0.337186903,1.57365799,-0.546942174,1.04804974E-06,-0.265003055,1.35000002,0.778419077,-0.10555838,0.701973557,-1.02655327,0.956986368,0.452780008,-0.079105027,0.825384736,-1.27994514,0.812436521
-0.138752133,-0.342153668,0.796730936,-0.0198381636,-0.116974629,0.68731755,-0.716601789,-0.698651612,1.14623936E-05,-0.338299066,1.58003199,-0.556103528,9.76111096E-07,-0.26341781,1.35000002,0.77889812,-0.107996777,0.704771101,-1.03329575,0.958542347,0.46302563,-0.07792335,0.814617932,-1.27780032,0.82022506
-0.141443729,-0.343271226,0.795343339,-0.0198379215,-0.116830885,0.677250862,-0.726146281,-0.718155861,1.06176058E-05,-0.339411229,1.58640587,-0.56526494,9.04172509E-07,-0.261832595,1.35000002,0.779377162,-0.110435173,0.707568645,-1.04003835,0.960098326,0.473271251,-0.0767416731,0.803851128,-1.27565563,0.828013659
-0.144135326,-0.344388783,0.793955743,-0.0198338591,-0.116664663,0.667054832,-0.735549986,-0.73766017,9.77281798E-06,-0.340523392,1.59277976,-0.574426353,8.32233923E-07,-0.26024735,1.35000002,0.779856205,-0.112873569,0.710366249,-1.04678082,0.961654305,0.483516872,-0.0755599961,0.793084323,-1.27351081,0.835802197
-0.146826923,-0.34550637,0.792568088,-0.0198259857,-0.116476096,0.656735599,-0.744807661,-0.757164419,8.92803109E-06,-0.341635555,1.59915376,-0.583587766,7.60295336E-07,-0.258662105,1.35000002,0.780335248,-0.115311958,0.713163793,-1.05352342,0.963210285,0.493762493,-0.0743783191,0.782317519,-1.27136612,0.843590736
-0.149463639,-0.346396953,0.791299462,-0.0197491199,-0.117141895,0.64399457,-0.755750418,-0.769301176,8.24657582E-06,-0.342127979,1.60243535,-0.586419165,7.02264686E-07,-0.25663048,1.35000002,0.780721664,-0.116843767,0.712877214,-1.05908966,0.964265406,0.502778351,-0.0764283612,0.772813439,-1.26415086,0.849221826
-0.152055889,-0.347103655,0.790127277,-0.0196127575,-0.118480876,0.629158974,-0.767943144,-0.77546829,7.69746384E-06,-0.342118263,1.6032114,-0.584121525,6.55503243E-07,-0.254237115,1.35000002,0.781033039,-0.11764098,0.71009165,-1.06370294,0.964914739,0.510797739,-0.0810969844,0.764332414,-1.25282705,0.85310477
-0.15464814,-0.347810328,0.788955033,-0.0194689985,-0.119777046,0.614076912,-0.77986151,-0.781635404,7.14835187E-06,-0.342108548,1.60398746,-0.581823885,6.087418E-07,-0.25184378,1.35000002,0.781344414,-0.118438199,0.707306087,-1.06831622,0.965564013,0.518817127,-0.0857656002,0.755851388,-1.24150324,0.856987715
-0.157240406,-0.34851703,0.787782848,-0.019317992,-0.121028908,0.598764956,-0.791491807,-0.787802458,6.5992399E-06,-0.342098832,1.60476339,-0.579526246,5.61980357E-07,-0.249450415,1.35000002,0.781655788,-0.119235419,0.704520583,-1.0729295,0.966213286,0.526836514,-0.090434216,0.747370362,-1.23017955,0.860870659
-0.159832656,-0.349223733,0.786610663,-0.0191599131,-0.122235119,0.58324033,-0.802821457,-0.793969572,6.05012838E-06,-0.342089117,1.60553944,-0.577228606,5.15218915E-07,-0.247057065,1.35000002,0.781967163,-0.120032638,0.70173502,-1.07754278,0.966862559,0.534855902,-0.0951028392,0.738889337,-1.21885574,0.864753604
-0.162351891,-0.349911511,0.78554064,-0.0189626999,-0.12331178,0.567307949,-0.814000189,-0.799353838,5.52076426E-06,-0.341949463,1.60619771,-0.574635744,4.7016988E-07,-0.244570851,1.35000002,0.782267332,-0.120636858,0.698576987,-1.08189285,0.967517257,0.542776227,-0.0997610167,0.730334997,-1.20735884,0.868487656
-0.164233491,-0.350434184,0.785363376,-0.0184752718,-0.123613372,0.549265385,-0.826248109,-0.797902226,5.16384171E-06,-0.340675414,1.60582817,-0.569464922,4.40074047E-07,-0.241273746,1.35000002,0.782469749,-0.119555786,0.692166626,-1.08394516,0.968218863,0.549831808,-0.104328021,0.721139848,-1.19434965,0.870921791
-0.16611509,-0.350956857,0.785186112,-0.0179782752,-0.12385647,0.530932903,-0.838120878,-0.796450675,4.80691915E-06,-0.339401335,1.60545862,-0.5642941,4.09978213E-07,-0.237976655,1.35000002,0.782672107,-0.118474714,0.685756266,-1.08599734,0.968920469,0.556887388,-0.108895034,0.711944759,-1.18134058,0.873355925
-0.167996705,-0.35147953,0.785008788,-0.0174723938,-0.124040537,0.512335896,-0.849600315,-0.794999063,4.4499966E-06,-0.338127285,1.60508895,-0.559123337,3.79882408E-07,-0.234679565,1.35000002,0.782874525,-0.117393643,0.679345906,-1.08804965,0.969622135,0.563942969,-0.113462046,0.70274967,-1.1683315,0.87579
-0.169878304,-0.352002203,0.784831524,-0.0169583485,-0.124165282,0.493500829,-0.860669732,-0.793547511,4.09307404E-06,-0.336853206,1.6047194,-0.553952515,3.49786575E-07,-0.231382474,1.35000002,0.783076882,-0.116312571,0.672935486,-1.09010184,0.970323741,0.570998609,-0.118029058,0.69355458,-1.15532243,0.878224134
-0.171759903,-0.352524877,0.78465426,-0.0164368954,-0.124230683,0.474455297,-0.871314347,-0.7920959,3.73615103E-06,-0.335579157,1.60434985,-0.548781693,3.19690741E-07,-0.228085384,1.35000002,0.7832793,-0.115231499,0.666525126,-1.09215415,0.971025407,0.57805419,-0.12259607,0.684359431,-1.14231324,0.880658209
-0.17304647,-0.352780193,0.78399682,-0.0159076061,-0.122876257,0.455550164,-0.881545484,-0.791891813,3.46081583E-06,-0.334168732,1.6054014,-0.546908379,7.31157058E-07,-0.223936871,1.35000002,0.783435404,-0.11363595,0.661717594,-1.0998497,0.971512735,0.586233914,-0.124269441,0.676465988,-1.13602459,0.885142446
-0.174016967,-0.352893472,0.783084333,-0.0153697496,-0.120738998,0.436586171,-0.891391337,-0.792350233,3.22881624E-06,-0.332685888,1.60720778,-0.546786487,1.37716108E-06,-0.219336107,1.35000002,0.783567011,-0.111767143,0.657761395,-1.11054277,0.971886277,0.595010817,-0.124405846,0.66926384,-1.13330555,0.890715599
-0.17498748,-0.35300678,0.782171845,-0.0148242554,-0.118543811,0.417401552,-0.900834918,-0.792808712,2.99681642E-06,-0.331203014,1.60901427,-0.546664655,2.02316505E-06,-0.214735359,1.35000002,0.783698559,-0.109898336,0.653805196,-1.12123585,0.97225982,0.603787661,-0.124542251,0.662061691,-1.13058639,0.896288753
-0.175957978,-0.353120059,0.781259298,-0.0142718693,-0.116293654,0.398022652,-0.909862578,-0.79326719,2.76481683E-06,-0.329720169,1.61082065,-0.546542764,2.66916913E-06,-0.210134596,1.35000002,0.783830106,-0.108029522,0.649848998,-1.13192892,0.972633421,0.612564564,-0.124678664,0.654859543,-1.12786734,0.901861906
-0.176928475,-0.353233367,0.780346811,-0.0137133691,-0.113991745,0.37847662,-0.918462455,-0.793725669,2.53281701E-06,-0.328237295,1.61262715,-0.546420932,3.31517322E-06,-0.205533847,1.35000002,0.783961654,-0.106160715,0.645892799,-1.14262199,0.973006964,0.621341407,-0.124815069,0.647657394,-1.1251483,0.907435
-0.177860692,-0.353257835,0.779913902,-0.0132391714,-0.111937381,0.359202564,-0.926427662,-0.792974234,2.31733748E-06,-0.326646686,1.61404037,-0.546674073,3.77971151E-06,-0.201114535,1.35000002,0.784083843,-0.10522633,0.64225316,-1.15004182,0.972836077,0.630376339,-0.125035942,0.640598834,-1.12127531,0.912134051
-0.178642988,-0.35293445,0.781358659,-0.0131109199,-0.110997871,0.341395319,-0.933250606,-0.787485898,2.16653757E-06,-0.324634194,1.61391473,-0.548395455,3.53377982E-06,-0.197405636,1.35000002,0.784169316,-0.107950367,0.639852822,-1.14464676,0.97053355,0.64042151,-0.125587553,0.634102345,-1.11288452,0.913410902
-0.179425299,-0.352611095,0.782803416,-0.0129777389,-0.110016793,0.323443651,-0.939740479,-0.781997502,2.01573789E-06,-0.322621703,1.61378896,-0.550116837,3.28784813E-06,-0.193696722,1.35000002,0.784254849,-0.110674404,0.637452543,-1.13925159,0.968231022,0.65046674,-0.126139164,0.627605855,-1.10449362,0.914687753
-0.180207595,-0.35228774,0.784248114,-0.0128397625,-0.108995102,0.305366874,-0.945889115,-0.776509106,1.86493799E-06,-0.320609212,1.61366332,-0.551838219,3.04191644E-06,-0.189987823,1.35000002,0.784340382,-0.11339844,0.635052204,-1.13385653,0.965928555,0.660511911,-0.126690775,0.621109366,-1.09610283,0.915964603
-0.180989891,-0.351964384,0.785692871,-0.0126971416,-0.107933946,0.287184834,-0.951690018,-0.77102077,1.71413819E-06,-0.318596721,1.61353755,-0.553559661,2.79598476E-06,-0.186278909,1.35000002,0.784425855,-0.116122484,0.632651865,-1.12846136,0.963626027,0.670557141,-0.127242386,0.614612877,-1.08771205,0.917241454
-0.181772202,-0.351641029,0.787137568,-0.0125500439,-0.106834561,0.26891765,-0.957137406,-0.765532374,1.5633384E-06,-0.3165842,1.6134119,-0.555281043,2.55005307E-06,-0.18257001,1.35000002,0.784511387,-0.118846521,0.630251586,-1.12306619,0.961323559,0.680602312,-0.127793998,0.608116388,-1.07932127,0.918518305
-0.181779206,-0.351391375,0.787238479,-0.0123411417,-0.105112813,0.254289269,-0.961319923,-0.763326705,1.45232411E-06,-0.313050598,1.61507761,-0.563827634,2.4121789E-06,-0.175604925,1.35000002,0.781817198,-0.120432854,0.63487947,-1.12863111,0.960764527,0.68802911,-0.125800997,0.603207529,-1.08135068,0.922297418
-0.181533009,-0.351165771,0.786900461,-0.0121106347,-0.103175767,0.240810469,-0.964996517,-0.762193203,1.35430423E-06,-0.309020162,1.61732852,-0.574603438,2.30959745E-06,-0.167576328,1.35000002,0.77821511,-0.121647604,0.641802847,-1.13777566,0.960775018,0.694600701,-0.122976899,0.598817289,-1.08678353,0.926893771
-0.181286812,-0.350940168,0.786562443,-0.0118776299,-0.101217456,0.227278605,-0.968482494,-0.761059642,1.25628435E-06,-0.304989696,1.61957932,-0.585379183,2.207016E-06,-0.159547746,1.35000002,0.774613023,-0.122862346,0.648726285,-1.14692032,0.960785508,0.701172292,-0.120152801,0.59442699,-1.09221625,0.931490123
-0.1810406,-0.350714564,0.786224425,-0.0116422605,-0.0992389992,0.213701576,-0.971775472,-0.75992614,1.15826447E-06,-0.300959259,1.62183022,-0.596154988,2.10443432E-06,-0.15151915,1.35000002,0.771010935,-0.124077097,0.655649662,-1.15606487,0.960795939,0.707743883,-0.117328696,0.59003669,-1.09764898,0.936086535
-0.180794403,-0.350488961,0.785886407,-0.0114046717,-0.0972415954,0.200087577,-0.974873781,-0.758792639,1.06024459E-06,-0.296928823,1.62408102,-0.606930792,2.00185286E-06,-0.143490568,1.35000002,0.767408848,-0.125291839,0.66257304,-1.16520941,0.960806429,0.714315414,-0.114504598,0.585646391,-1.10308182,0.940682888
-0.180628583,-0.350274265,0.785533667,-0.0111418581,-0.0956309289,0.187679768,-0.977500379,-0.757327855,9.72659222E-07,-0.293878466,1.62555289,-0.617338836,1.89276227E-06,-0.136505291,1.35000002,0.764003575,-0.126694947,0.669178486,-1.17229199,0.960542381,0.720187485,-0.112461686,0.581834257,-1.10794961,0.944738209
-0.180646658,-0.350084633,0.785147071,-0.0108246002,-0.094933413,0.178074509,-0.979367137,-0.755105078,9.08946276E-07,-0.293070346,1.62524235,-0.62690562,1.76877938E-06,-0.131906956,1.35000002,0.761048436,-0.128529027,0.675056398,-1.17465723,0.959650397,0.724458992,-0.112206027,0.579344749,-1.11152506,0.947555542
-0.180664733,-0.349894971,0.784760535,-0.0105062127,-0.0942265615,0.168449476,-0.981140018,-0.752882302,8.45233387E-07,-0.292262226,1.62493193,-0.636472404,1.64479661E-06,-0.127308622,1.35000002,0.758093297,-0.130363092,0.68093431,-1.17702234,0.958758414,0.728730559,-0.111950368,0.576855302,-1.1151005,0.950372934
-0.180682808,-0.349705309,0.784373999,-0.0101867868,-0.0935105756,0.158807412,-0.982818544,-0.750659525,7.81520441E-07,-0.291454077,1.62462139,-0.646039188,1.52081373E-06,-0.122710288,1.35000002,0.755138159,-0.132197157,0.686812222,-1.17938745,0.95786643,0.733002067,-0.111694701,0.574365854,-1.11867595,0.953190327
-0.180700883,-0.349515647,0.783987463,-0.00986641459,-0.092785649,0.149151132,-0.984402061,-0.748436809,7.17807552E-07,-0.290645957,1.62431097,-0.655605972,1.39683095E-06,-0.118111961,1.35000002,0.75218302,-0.134031221,0.692690134,-1.18175256,0.956974447,0.737273574,-0.111439042,0.571876347,-1.12225139,0.956007719
-0.180718958,-0.349325985,0.783600926,-0.00954518933,-0.0920520127,0.139483407,-0.985890329,-0.746214032,6.54094606E-07,-0.289837837,1.62400043,-0.665172756,1.27284807E-06,-0.113513626,1.35000002,0.749227881,-0.135865286,0.698568046,-1.18411767,0.956082463,0.741545141,-0.111183383,0.569386899,-1.12582684,0.958825111
-0.180902347,-0.349176347,0.783916295,-0.00934894383,-0.0924248844,0.13288407,-0.986768484,-0.740491033,6.09436654E-07,-0.289680719,1.62072384,-0.667268038,1.18594505E-06,-0.111230947,1.35000002,0.750609875,-0.137498438,0.698791981,-1.18008626,0.954840958,0.744539142,-0.11301326,0.567599475,-1.1233989,0.958916306
-0.181113899,-0.349033535,0.78435123,-0.00917370431,-0.0929838344,0.126802698,-0.987517595,-0.734171987,5.68023211E-07,-0.289634436,1.61694205,-0.668091178,1.10535586E-06,-0.10934256,1.35000002,0.752730429,-0.139097363,0.698053181,-1.17496562,0.953539908,0.747315645,-0.115198262,0.565931618,-1.11994886,0.958543301
-0.181325451,-0.348890722,0.784786165,-0.00899810437,-0.0935392901,0.120716095,-0.988229215,-0.727853,5.26609824E-07,-0.289588153,1.61316037,-0.668914318,1.02476668E-06,-0.107454181,1.35000002,0.754850984,-0.140696287,0.697314322,-1.16984499,0.952238858,0.750092149,-0.117383257,0.564263701,-1.11649871,0.958170235
-0.181537002,-0.348747879,0.7852211,-0.00882216636,-0.0940912068,0.114625007,-0.988903463,-0.721533954,4.85196438E-07,-0.289541841,1.6093787,-0.669737399,9.4417743E-07,-0.105565801,1.35000002,0.756971538,-0.142295226,0.696575522,-1.16472447,0.950937808,0.752868652,-0.119568251,0.562595844,-1.11304855,0.957797229
-0.181748554,-0.348605067,0.785655975,-0.00864591077,-0.0946395174,0.108530097,-0.989540279,-0.715214908,4.43783023E-07,-0.289495558,1.60559702,-0.670560539,8.63588241E-07,-0.103677422,1.35000002,0.759092093,-0.143894151,0.695836663,-1.15960383,0.949636757,0.755645156,-0.121753253,0.560927987,-1.10959852,0.957424223
-0.181649312,-0.348623753,0.785708129,-0.00857953634,-0.0946342424,0.104574382,-0.989967167,-0.712132156,4.0823781E-07,-0.288823158,1.60248733,-0.672127128,7.9441827E-07,-0.102171853,1.35000002,0.760153055,-0.144530475,0.696199059,-1.15697014,0.9491992,0.758028209,-0.122519433,0.559380114,-1.10908306,0.958197236
-0.181093186,-0.348879874,0.785197556,-0.0086750444,-0.0938194171,0.103767149,-0.990128875,-0.713806927,3.81319097E-07,-0.287230313,1.60036564,-0.674786747,7.42035297E-07,-0.101229057,1.35000002,0.75965631,-0.143751696,0.698180199,-1.15799224,0.950031102,0.759832919,-0.121199869,0.55800879,-1.11288178,0.960654795
-0.180537075,-0.349136025,0.784686983,-0.00877053943,-0.0930044502,0.102959752,-0.990289152,-0.715481639,3.54400385E-07,-0.285637468,1.59824395,-0.677446306,6.89652325E-07,-0.10028626,1.35000002,0.759159565,-0.142972931,0.700161397,-1.15901446,0.950863004,0.761637688,-0.119880304,0.556637406,-1.1166805,0.963112354
-0.179980949,-0.349392146,0.784176469,-0.00886602327,-0.0921893641,0.102152221,-0.990448177,-0.71715641,3.27481672E-07,-0.284044623,1.59612226,-0.680105865,6.37269352E-07,-0.0993434638,1.35000002,0.75866282,-0.142194152,0.702142596,-1.16003668,0.951694906,0.763442397,-0.118560739,0.555266082,-1.12047923,0.965569973
-0.179424837,-0.349648267,0.783665895,-0.00896149501,-0.091374144,0.101344548,-0.990605772,-0.718831182,3.00562959E-07,-0.282451779,1.59400058,-0.682765424,5.84886379E-07,-0.0984006673,1.35000002,0.758166015,-0.141415387,0.704123735,-1.1610589,0.952526808,0.765247107,-0.117241174,0.553894699,-1.12427783,0.968027532
-0.178868711,-0.349904388,0.783155322,-0.00905695558,-0.0905588195,0.100536764,-0.990762115,-0.720505893,2.73644275E-07,-0.280858934,1.59187889,-0.685424984,5.3250335E-07,-0.0974578708,1.35000002,0.75766927,-0.140636608,0.706104934,-1.16208112,0.95335871,0.767051816,-0.115921609,0.552523375,-1.12807655,0.970485151
-0.1780985,-0.350420684,0.782718301,-0.00921539683,-0.0900620222,0.106528379,-0.990179658,-0.719388902,2.55725013E-07,-0.283006519,1.59071434,-0.686554074,4.97633039E-07,-0.101836562,1.35000002,0.758956373,-0.139594421,0.709713638,-1.15851021,0.953786075,0.768253207,-0.116692163,0.551859736,-1.13070929,0.971966863
-0.177318245,-0.350949168,0.782284796,-0.00937645044,-0.0895765498,0.112835586,-0.989523232,-0.71814096,2.38227841E-07,-0.28532958,1.5895946,-0.687611341,4.63584087E-07,-0.106464848,1.35000002,0.76032716,-0.138539881,0.713398755,-1.15472388,0.954194486,0.769426286,-0.117560752,0.551229358,-1.13328719,0.973402858
-0.176537991,-0.351477653,0.781851232,-0.00953713525,-0.0890874192,0.119138621,-0.988826871,-0.716893077,2.20730684E-07,-0.287652642,1.58847487,-0.688668609,4.29535163E-07,-0.111093134,1.35000002,0.761697948,-0.13748534,0.717083812,-1.15093744,0.954602957,0.770599365,-0.11842934,0.550598919,-1.13586521,0.974838793
-0.175757736,-0.352006167,0.781417727,-0.00969743077,-0.08859469,0.125436708,-0.988090456,-0.715645134,2.03233526E-07,-0.289975673,1.58735514,-0.689725935,3.95486239E-07,-0.115721419,1.35000002,0.763068736,-0.1364308,0.720768869,-1.14715111,0.955011368,0.771772444,-0.119297929,0.549968481,-1.13844323,0.976274729
-0.174977481,-0.352534652,0.780984163,-0.00985731743,-0.0880984217,0.131729081,-0.987313986,-0.714397192,1.85736369E-07,-0.292298734,1.58623528,-0.690783203,3.61437287E-07,-0.120349705,1.35000002,0.764439523,-0.13537626,0.724453926,-1.14336479,0.955419779,0.772945523,-0.120166518,0.549338102,-1.14102113,0.977710724
-0.174187541,-0.352942467,0.781368494,-0.0102383848,-0.0883115903,0.141547203,-0.985931396,-0.709070802,1.71335188E-07,-0.296462923,1.5851897,-0.689555466,3.33413027E-07,-0.125545263,1.35000002,0.76577574,-0.134329543,0.726111889,-1.13716745,0.955122232,0.773910999,-0.123261884,0.548514545,-1.13793898,0.976212025
-0.173388109,-0.353232235,0.782552719,-0.0108350124,-0.0892096087,0.154806107,-0.983849227,-0.699755371,1.59962042E-07,-0.302427858,1.58421671,-0.686092794,3.11281241E-07,-0.131295621,1.35000002,0.76707828,-0.133290455,0.725787222,-1.12861204,0.954134166,0.774673522,-0.128535166,0.5475021,-1.12932098,0.971843064
-0.172588676,-0.353522032,0.783736885,-0.0114299385,-0.0900918543,0.168042824,-0.981587768,-0.690439999,1.48588882E-07,-0.308392823,1.58324361,-0.682630122,2.89149426E-07,-0.137045994,1.35000002,0.768380761,-0.132251382,0.725462556,-1.12005663,0.9531461,0.775435984,-0.133808449,0.546489656,-1.12070298,0.967474163
-0.171789244,-0.3538118,0.78492111,-0.0120228371,-0.0909578055,0.18125008,-0.979147851,-0.681124628,1.37215736E-07,-0.314357758,1.5822705,-0.679167449,2.67017612E-07,-0.142796367,1.35000002,0.769683301,-0.131212309,0.725137889,-1.11150122,0.952158034,0.776198506,-0.139081731,0.545477211,-1.11208498,0.963105202
-0.170989811,-0.354101598,0.786105335,-0.0126133878,-0.0918070227,0.194420725,-0.976531148,-0.671809196,1.25842575E-07,-0.320322692,1.5812974,-0.675704777,2.44885825E-07,-0.14854674,1.35000002,0.770985782,-0.130173221,0.724813223,-1.1029458,0.951169968,0.776961029,-0.144355014,0.544464767,-1.10346699,0.958736241
-0.170168191,-0.354387283,0.787276566,-0.0132221822,-0.0926318765,0.20785296,-0.973674417,-0.662581146,1.14691964E-07,-0.326188445,1.58019686,-0.672314048,2.23187001E-07,-0.154280901,1.35000002,0.772262812,-0.129206106,0.724242985,-1.09446275,0.950215638,0.77765274,-0.149485022,0.543322623,-1.09498835,0.954392314
-0.168971732,-0.354603946,0.788228631,-0.0141811073,-0.0933101326,0.226395026,-0.969452083,-0.654827476,1.07299982E-07,-0.33037886,1.57694328,-0.670138657,2.08801325E-07,-0.159741431,1.35000002,0.773109436,-0.129454315,0.719525337,-1.08720028,0.949831188,0.777149856,-0.152195215,0.539990783,-1.08886266,0.950470805
-0.167775288,-0.354820609,0.789180756,-0.0151360426,-0.0939553156,0.244877338,-0.964872241,-0.647073805,9.9907993E-08,-0.334569305,1.5736897,-0.667963266,1.94415648E-07,-0.165201962,1.35000002,0.77395606,-0.129702523,0.714807749,-1.07993782,0.949446678,0.776646972,-0.154905394,0.536658943,-1.08273697,0.946549237
-0.166578829,-0.355037272,0.790132821,-0.0160859283,-0.0945665687,0.263279438,-0.959938705,-0.639320195,9.25160109E-08,-0.33875972,1.57043612,-0.665787876,1.80029971E-07,-0.170662493,1.35000002,0.774802744,-0.129950732,0.710090101,-1.07267523,0.949062169,0.776144087,-0.157615572,0.533327103,-1.07661128,0.942627728
-0.16538237,-0.355253935,0.791084945,-0.0170297287,-0.0951432511,0.281581253,-0.954656839,-0.631566525,8.51240287E-08,-0.342950165,1.56718254,-0.663612485,1.65644295E-07,-0.176123008,1.35000002,0.775649369,-0.130198926,0.705372512,-1.06541276,0.948677659,0.775641203,-0.160325766,0.529995263,-1.07048547,0.938706219
-0.164185926,-0.355470568,0.79203701,-0.017966425,-0.0956847891,0.299762964,-0.949033082,-0.623812854,7.77320466E-08,-0.34714058,1.56392896,-0.661437094,1.51258632E-07,-0.181583539,1.35000002,0.776495993,-0.130447134,0.700654864,-1.05815029,0.948293149,0.775138319,-0.163035944,0.526663423,-1.06435978,0.934784651
-0.162739187,-0.355969489,0.791681409,-0.0194385238,-0.0958985388,0.319469035,-0.942531288,-0.62056601,1.12299212E-07,-0.347542793,1.56176734,-0.661495626,1.3992549E-07,-0.184274495,1.35000002,0.777027309,-0.131177157,0.696638465,-1.05799592,0.949877203,0.771731257,-0.161802009,0.532001793,-1.07759523,0.933610916
-0.161129907,-0.356651723,0.790476382,-0.0212571155,-0.095878236,0.340133518,-0.935235143,-0.620246232,1.74118654E-07,-0.345484585,1.56031489,-0.663005054,1.30574975E-07,-0.185166612,1.35000002,0.777353764,-0.132220119,0.693077505,-1.06245804,0.952739835,0.766438007,-0.1580064,0.542971551,-1.10340559,0.934221804
-0.159520641,-0.357333958,0.789271355,-0.0230673831,-0.0958114788,0.360655665,-0.927478075,-0.619926512,2.35938074E-07,-0.343426347,1.55886257,-0.664514542,1.2122446E-07,-0.186058745,1.35000002,0.777680218,-0.133263081,0.689516544,-1.06692028,0.955602467,0.761144698,-0.154210776,0.55394125,-1.12921584,0.934832752
-0.15791136,-0.358016163,0.788066328,-0.0248666778,-0.0956982747,0.381005347,-0.919270575,-0.619606793,2.97757509E-07,-0.341368139,1.55741012,-0.666024029,1.11873931E-07,-0.186950862,1.35000002,0.778006732,-0.134306043,0.685955584,-1.0713824,0.95846504,0.755851388,-0.150415167,0.564910948,-1.1550262,0.935443699
-0.15630208,-0.358698398,0.7868613,-0.0266523995,-0.0955388397,0.401153177,-0.910625041,-0.619287014,3.59576944E-07,-0.339309931,1.55595779,-0.667533457,1.02523416E-07,-0.187842995,1.35000002,0.778333187,-0.135349005,0.682394624,-1.07584465,0.961327672,0.750558138,-0.146619558,0.575880706,-1.18083644,0.936054587
-0.154675409,-0.359314263,0.785706937,-0.0286092889,-0.0952553898,0.421321958,-0.901440918,-0.619498253,4.10320155E-07,-0.336589396,1.55481386,-0.669119775,9.36853581E-08,-0.188561276,1.35000002,0.778563499,-0.136722803,0.678507328,-1.0801034,0.964116633,0.744980991,-0.142821983,0.589802921,-1.20934594,0.936546743
-0.1529551,-0.359572828,0.784825504,-0.0315621868,-0.0944991857,0.442630619,-0.891151965,-0.622569084,4.01408244E-07,-0.330301791,1.55533111,-0.671119809,8.76073543E-08,-0.188343301,1.35000002,0.778275728,-0.139878377,0.672862411,-1.08326638,0.966509044,0.737874985,-0.139013872,0.619627118,-1.25239229,0.936399221
-0.151234791,-0.359831363,0.78394407,-0.0345023572,-0.0936876908,0.463724822,-0.880335987,-0.625639975,3.92496332E-07,-0.324014187,1.55584848,-0.673119903,8.15293504E-08,-0.188125327,1.35000002,0.777987957,-0.143033937,0.667217493,-1.08642936,0.968901455,0.730768979,-0.135205761,0.649451315,-1.29543865,0.93625164
-0.149514481,-0.360089898,0.783062577,-0.0374247134,-0.0928220972,0.484567612,-0.869009554,-0.628710866,3.83584421E-07,-0.317726552,1.55636573,-0.675119936,7.54513394E-08,-0.187907353,1.35000002,0.777700186,-0.146189511,0.661572635,-1.08959234,0.971293807,0.723662972,-0.131397665,0.679275513,-1.338485,0.936104119
-0.147794172,-0.360348433,0.782181144,-0.0403242372,-0.0919038877,0.505123198,-0.857192099,-0.631781697,3.7467251E-07,-0.311438948,1.5568831,-0.67712003,6.93733355E-08,-0.187689379,1.35000002,0.777412474,-0.149345085,0.655927718,-1.09275532,0.973686218,0.716557026,-0.127589554,0.70909965,-1.38153136,0.935956538
-0.146073863,-0.360606968,0.78129971,-0.0431960337,-0.0909347758,0.525357187,-0.844905257,-0.634852588,3.6576057E-07,-0.305151343,1.55740035,-0.679120064,6.32953316E-08,-0.187471405,1.35000002,0.777124703,-0.152500659,0.65028286,-1.09591818,0.97607857,0.70945102,-0.12378145,0.738923848,-1.42457771,0.935808957
-0.145159736,-0.36040324,0.780937135,-0.0461351126,-0.0893786028,0.544993699,-0.832385063,-0.637925982,3.4666084E-07,-0.301905066,1.55955303,-0.680609822,5.87212128E-08,-0.190009296,1.35000002,0.777419806,-0.154127374,0.643656671,-1.09699845,0.9778862,0.701955557,-0.119555488,0.757019877,-1.4376086,0.923646152
-0.144579798,-0.360007912,0.780789733,-0.0490940996,-0.087547265,0.564254284,-0.819476902,-0.641000509,3.23337844E-07,-0.299919516,1.56238341,-0.681887925,5.47705099E-08,-0.193689585,1.35000002,0.777956605,-0.155120328,0.63662374,-1.09721541,0.979451358,0.694298625,-0.115156315,0.770254195,-1.4381969,0.906502545
-0.143999875,-0.359612584,0.780642271,-0.0520293601,-0.0856656656,0.583225727,-0.806102991,-0.644075036,3.00014875E-07,-0.297933966,1.56521392,-0.683166087,5.0819807E-08,-0.197369874,1.35000002,0.778493345,-0.156113282,0.629590809,-1.09743237,0.981016457,0.686641693,-0.110757135,0.783488452,-1.4387852,0.889358938
-0.143419936,-0.359217256,0.780494869,-0.0549360178,-0.0837368295,0.601876259,-0.792284727,-0.647149503,2.76691907E-07,-0.295948416,1.56804442,-0.684444249,4.68691042E-08,-0.201050177,1.35000002,0.779030085,-0.157106236,0.622557878,-1.09764934,0.982581615,0.678984821,-0.106357962,0.79672271,-1.43937349,0.872215331
-0.142840013,-0.358821929,0.780347407,-0.0578093156,-0.08176402,0.62017554,-0.778045595,-0.65022403,2.5336891E-07,-0.293962866,1.57087481,-0.685722411,4.29184013E-08,-0.204730466,1.35000002,0.779566884,-0.158099189,0.615524888,-1.09786618,0.984146774,0.671327889,-0.101958789,0.809957027,-1.43996179,0.855071723
-0.142800257,-0.358604521,0.780484915,-0.0608258694,-0.0798032433,0.637476802,-0.76390779,-0.653168142,2.32146235E-07,-0.292620867,1.57415032,-0.685064614,3.93234707E-08,-0.208303005,1.35000002,0.779932082,-0.158810481,0.608218729,-1.09646535,0.984652817,0.664971888,-0.0983921066,0.820370436,-1.43690407,0.838485539
-0.144319758,-0.358900636,0.781445026,-0.0643382818,-0.0779568478,0.652695417,-0.750847578,-0.65573585,2.16986294E-07,-0.293136567,1.57871044,-0.678818464,3.67555124E-08,-0.211564496,1.35000002,0.779802263,-0.158708692,0.600123763,-1.09039474,0.982101679,0.662371159,-0.0972285122,0.822641253,-1.42332208,0.823508501
-0.145839259,-0.359196782,0.782405138,-0.0678280815,-0.0760755464,0.667659521,-0.737456977,-0.658303499,2.01826353E-07,-0.293652266,1.58327055,-0.672572374,3.41875577E-08,-0.214826003,1.35000002,0.779672384,-0.158606917,0.592028856,-1.084324,0.979550481,0.659770429,-0.0960649177,0.824912071,-1.40973997,0.808531463
-0.14735876,-0.359492928,0.78336519,-0.0712908059,-0.0741616115,0.682349563,-0.723751903,-0.660871208,1.86666412E-07,-0.294167966,1.58783078,-0.666326284,3.16195994E-08,-0.218087494,1.35000002,0.779542506,-0.158505142,0.58393389,-1.07825327,0.976999283,0.6571697,-0.0949013233,0.827182949,-1.39615798,0.793554485
-0.148878261,-0.359789073,0.784325302,-0.0747221187,-0.072217457,0.696747124,-0.709749639,-0.663438916,1.71506471E-07,-0.294683665,1.59239089,-0.660080194,2.90516411E-08,-0.221348986,1.35000002,0.779412627,-0.158403367,0.575838983,-1.07218254,0.974448144,0.65456897,-0.0937377289,0.829453766,-1.38257587,0.778577447
-0.150397763,-0.360085219,0.785285413,-0.0781177878,-0.0702456012,0.71083498,-0.695468724,-0.666006625,1.5634653E-07,-0.295199364,1.59695101,-0.653834045,2.64836864E-08,-0.224610478,1.35000002,0.779282749,-0.158301592,0.567744017,-1.06611192,0.971896946,0.651968241,-0.0925741345,0.831724584,-1.36899388,0.763600409
-0.153863788,-0.361037672,0.785352588,-0.0800051093,-0.067977488,0.722012699,-0.683868408,-0.673499763,1.4547193E-07,-0.297960192,1.6023308,-0.652932525,2.46416256E-08,-0.227166086,1.35000002,0.779576242,-0.153760374,0.563903153,-1.06583881,0.971020877,0.654172421,-0.0909132212,0.829605162,-1.36110032,0.756613791
-0.157793418,-0.362146467,0.785207152,-0.0815226287,-0.0656259879,0.732395649,-0.672788203,-0.6821661,1.35617967E-07,-0.301255733,1.60790575,-0.653303862,2.29724542E-08,-0.229553595,1.35000002,0.779970586,-0.148161829,0.561075509,-1.06694663,0.970543742,0.65752095,-0.0891338587,0.826440096,-1.35456169,0.75153023
-0.161723047,-0.363255233,0.785061657,-0.0830213651,-0.063257806,0.742608428,-0.661542654,-0.690832376,1.25764004E-07,-0.304551274,1.61348081,-0.653675199,2.13032827E-08,-0.231941089,1.35000002,0.780364931,-0.142563269,0.558247864,-1.06805444,0.970066607,0.660869539,-0.0873545036,0.823275089,-1.34802294,0.746446669
-0.165652677,-0.364364028,0.784916222,-0.0845002383,-0.0608746335,0.752643645,-0.650139749,-0.699498653,1.15910041E-07,-0.307846785,1.61905587,-0.654046535,1.96341112E-08,-0.234328583,1.35000002,0.780759275,-0.136964723,0.55542022,-1.06916225,0.969589472,0.664218068,-0.085575141,0.820110023,-1.34148419,0.741363108
-0.169582307,-0.365472794,0.784770787,-0.0859581977,-0.0584781691,0.762494087,-0.638587654,-0.70816499,1.06056085E-07,-0.311142325,1.62463081,-0.654417872,1.79649398E-08,-0.236716077,1.35000002,0.781153619,-0.131366163,0.552592576,-1.07027006,0.969112337,0.667566597,-0.0837957785,0.816945016,-1.33494556,0.736279547
-0.173469052,-0.366609693,0.784483671,-0.0876779407,-0.0566803962,0.770174026,-0.629231215,-0.712520003,9.74367964E-08,-0.313199013,1.62858188,-0.65299201,1.72808292E-08,-0.237191111,1.35000002,0.780997276,-0.12780799,0.553436279,-1.07005751,0.968399525,0.671072245,-0.0827002227,0.814630032,-1.32873201,0.733188868
-0.177278861,-0.367796957,0.78394264,-0.0898966193,-0.0559716113,0.774216473,-0.623999,-0.709143519,9.10317226E-08,-0.313034058,1.62962031,-0.648343086,1.8363286E-08,-0.234236449,1.35000002,0.779853225,-0.1279089,0.560863912,-1.06747711,0.967264056,0.674859643,-0.0828309655,0.813839555,-1.32310164,0.733671963
-0.181088656,-0.368984252,0.783401608,-0.0921111703,-0.0552599728,0.778221309,-0.618735373,-0.705767035,8.46266488E-08,-0.312869072,1.63065875,-0.643694162,1.9445741E-08,-0.231281772,1.35000002,0.778709173,-0.128009826,0.568291605,-1.0648967,0.966128528,0.678646982,-0.0829617083,0.813049078,-1.31747127,0.734155118
-0.184898466,-0.370171517,0.782860577,-0.0943212733,-0.0545455962,0.782188118,-0.61344111,-0.702390552,7.8221575E-08,-0.312704116,1.6316973,-0.639045238,2.0528196E-08,-0.228327096,1.35000002,0.777565181,-0.128110737,0.575719297,-1.06231642,0.96499306,0.68243432,-0.0830924511,0.812258601,-1.31184101,0.734638214
-0.188708276,-0.371358812,0.782319486,-0.0965266004,-0.0538285859,0.786116242,-0.608117104,-0.699014068,7.18165012E-08,-0.31253913,1.63273573,-0.634396315,2.1610651E-08,-0.225372419,1.35000002,0.77642113,-0.128211662,0.583146989,-1.05973601,0.963857591,0.686221719,-0.0832231939,0.811468124,-1.30621064,0.735121369
-0.192518085,-0.372546077,0.781778455,-0.0987268314,-0.0531090423,0.790005088,-0.60276401,-0.695637584,6.54114203E-08,-0.312374145,1.63377428,-0.629747391,2.26931061E-08,-0.222417742,1.35000002,0.775277078,-0.128312573,0.590574682,-1.05715561,0.962722063,0.690009058,-0.0833539367,0.810677648,-1.30058026,0.735604465
-0.195213392,-0.374280661,0.781660438,-0.102716476,-0.0553376637,0.790535808,-0.601198912,-0.678459406,6.10426483E-08,-0.3086209,1.62981629,-0.61153084,2.14626823E-08,-0.217503831,1.35000002,0.766567647,-0.136108115,0.610709369,-1.0546124,0.963731706,0.688338876,-0.0891800523,0.819277227,-1.29487324,0.73941946
-0.19779624,-0.37607047,0.781585157,-0.10688486,-0.0578627996,0.790710986,-0.600003183,-0.659888506,5.68793475E-08,-0.304505557,1.62535429,-0.591945171,1.99988754E-08,-0.212392211,1.35000002,0.757094741,-0.144680098,0.632126212,-1.052073,0.964957833,0.686118007,-0.0955808759,0.828824401,-1.28915846,0.743570685
-0.200379089,-0.377860278,0.781509876,-0.11105071,-0.0603865758,0.790866137,-0.598792195,-0.641317546,5.27160502E-08,-0.300390244,1.62089229,-0.572359562,1.85350668E-08,-0.207280591,1.35000002,0.747621894,-0.153252065,0.653543115,-1.04953361,0.966183901,0.683897138,-0.101981699,0.838371515,-1.28344357,0.747721851
-0.202961951,-0.379650086,0.781434536,-0.115213722,-0.0629087985,0.79100132,-0.597566068,-0.622746646,4.85527529E-08,-0.2962749,1.61643028,-0.552773893,1.707126E-08,-0.202168971,1.35000002,0.738149047,-0.161824048,0.674960017,-1.04699421,0.967410028,0.681676269,-0.108382523,0.847918689,-1.2777288,0.751873076
-0.2055448,-0.381439865,0.781359255,-0.119373605,-0.0654293001,0.791116595,-0.596325099,-0.604175746,4.43894521E-08,-0.292159557,1.61196816,-0.533188283,1.56074531E-08,-0.197057366,1.35000002,0.72867614,-0.170396015,0.69637686,-1.04445481,0.968636096,0.6794554,-0.114783347,0.857465804,-1.27201402,0.756024241
-0.207243979,-0.38285318,0.780387521,-0.123935632,-0.0693427995,0.790428221,-0.595864713,-0.580370307,4.08945375E-08,-0.2884067,1.60640991,-0.508347511,1.43786414E-08,-0.192592368,1.34990084,0.715527236,-0.177592069,0.72401464,-1.04412758,0.971416056,0.674006462,-0.121902049,0.871824622,-1.26870763,0.762009561
-0.207900316,-0.383822143,0.778357923,-0.128970951,-0.0748999193,0.788775325,-0.596313596,-0.550387502,3.81883929E-08,-0.285081625,1.599558,-0.477305025,1.34271536E-08,-0.188890487,1.34968472,0.698040128,-0.183164343,0.758993804,-1.04641104,0.976029694,0.664748013,-0.129867926,0.891861796,-1.26824343,0.770159364
-0.208556652,-0.384791136,0.776328325,-0.133999377,-0.0804534331,0.78707546,-0.596727312,-0.520404696,3.54822483E-08,-0.28175655,1.59270608,-0.446262568,1.24756649E-08,-0.185188591,1.34946859,0.680553079,-0.188736632,0.793972969,-1.04869449,0.980643392,0.655489564,-0.137833804,0.911898971,-1.26777923,0.778309166
-0.209212989,-0.385760099,0.774298728,-0.139020041,-0.0860023573,0.785329044,-0.597105682,-0.490421891,3.27761072E-08,-0.278431475,1.58585417,-0.415220112,1.15241772E-08,-0.181486696,1.34925258,0.66306603,-0.194308922,0.828952074,-1.05097795,0.98525703,0.646231115,-0.145799682,0.931936145,-1.26731503,0.786458969
-0.209869325,-0.386729062,0.77226913,-0.144032061,-0.0915457308,0.783536315,-0.597448766,-0.460439086,3.00699625E-08,-0.27510637,1.57900226,-0.384177655,1.05726885E-08,-0.177784815,1.34903646,0.645578921,-0.199881211,0.863931239,-1.05326128,0.989870667,0.636972666,-0.153765559,0.951973319,-1.26685095,0.794608772
-0.210516348,-0.387675196,0.770190597,-0.149025932,-0.0970848948,0.78169018,-0.59776777,-0.430428386,2.73723799E-08,-0.271824509,1.57216203,-0.353106707,9.62421076E-09,-0.174136862,1.34880376,0.628063381,-0.205435872,0.899055481,-1.05575716,0.994473279,0.627664566,-0.16169779,0.972155511,-1.26656246,0.802826822
-0.21014142,-0.386116773,0.762749314,-0.153071523,-0.102877259,0.778992355,-0.59929657,-0.397359163,2.5613387E-08,-0.273277432,1.5666101,-0.318913221,9.00574371E-09,-0.176401466,1.34676588,0.607427835,-0.209057853,0.950084031,-1.08153868,0.997861505,0.612915516,-0.16594179,1.00823259,-1.28553116,0.818526387
-0.209766507,-0.38455835,0.755308032,-0.157108814,-0.108664669,0.776247442,-0.600790083,-0.364289939,2.3854394E-08,-0.274730325,1.56105816,-0.284719706,8.38727665E-09,-0.178666055,1.34472799,0.58679229,-0.212679833,1.00111258,-1.10732007,1.00124979,0.598166466,-0.170185789,1.04430962,-1.30449998,0.834225953
-0.209391594,-0.382999927,0.74786669,-0.161137089,-0.114446104,0.773456037,-0.602247894,-0.331220716,2.20954011E-08,-0.276183248,1.55550623,-0.25052622,7.76880871E-09,-0.180930659,1.34269011,0.566156745,-0.216301829,1.05214119,-1.13310146,1.00463796,0.583417416,-0.174429774,1.08038664,-1.32346869,0.849925518
-0.209016681,-0.381441504,0.740425408,-0.165155649,-0.120220535,0.770618916,-0.603669822,-0.298151493,2.03364063E-08,-0.27763617,1.5499543,-0.216332734,7.15034165E-09,-0.183195263,1.34065223,0.54552114,-0.219923809,1.1031698,-1.15888286,1.00802624,0.568668425,-0.178673774,1.11646366,-1.34243751,0.865625143
-0.208641768,-0.379883051,0.732984126,-0.169163749,-0.125986904,0.767736077,-0.605055571,-0.26508227,1.85774134E-08,-0.279089093,1.54440236,-0.182139248,6.53187415E-09,-0.185459867,1.33861423,0.524885595,-0.22354579,1.15419829,-1.18466425,1.01141453,0.553919375,-0.182917774,1.15254068,-1.36140633,0.881324708
-0.208218992,-0.377910078,0.721149027,-0.1712199,-0.128623873,0.766259074,-0.60579437,-0.229441687,0.000250313169,-0.292721033,1.54332948,-0.14564544,6.03449468E-09,-0.19959183,1.33700132,0.507423818,-0.22487843,1.2065171,-1.22980177,1.01413941,0.539333224,-0.18213506,1.19669998,-1.40098917,0.891988397
-0.207758516,-0.37561053,0.705853105,-0.171744749,-0.128800884,0.76591444,-0.606043994,-0.191775769,0.000697756244,-0.315945923,1.54578459,-0.107339747,5.63249092E-09,-0.223071262,1.33572328,0.49246189,-0.224407852,1.25985205,-1.29018545,1.01634181,0.524875283,-0.177392989,1.24722552,-1.45680892,0.898685634
-0.207298055,-0.373310983,0.690557182,-0.172269508,-0.12897782,0.765569329,-0.606293261,-0.154109851,0.00114519929,-0.339170843,1.54823971,-0.0690340698,5.23048671E-09,-0.246550694,1.33444512,0.477499932,-0.223937258,1.31318688,-1.35056901,1.0185442,0.510417402,-0.172650918,1.29775095,-1.51262879,0.905382812
-0.20683758,-0.371011466,0.675261319,-0.172794178,-0.129154712,0.76522398,-0.606542289,-0.116443932,0.00159264239,-0.362395734,1.55069494,-0.0307283867,4.82848295E-09,-0.270030111,1.33316708,0.462538004,-0.223466665,1.36652184,-1.41095257,1.02074659,0.49595955,-0.167908847,1.3482765,-1.56844866,0.91208005
-0.206377104,-0.368711919,0.659965396,-0.173318788,-0.129331544,0.764878273,-0.606791019,-0.0787780061,0.00204008562,-0.385620654,1.55315006,0.007577301,4.42647918E-09,-0.293509543,1.33188891,0.447576076,-0.222996086,1.41985679,-1.47133625,1.02294898,0.481501639,-0.163166791,1.39880192,-1.62426841,0.918777227
-0.205967948,-0.366432786,0.644674003,-0.173521355,-0.129174232,0.764605701,-0.607110023,-0.0419406891,0.00242699706,-0.409564197,1.5556041,0.0444590971,4.03991596E-09,-0.318043768,1.33065581,0.43315056,-0.222434998,1.47114325,-1.53155923,1.02506685,0.467189491,-0.158563584,1.44775331,-1.67938602,0.925602555
-0.205975071,-0.364319175,0.629419088,-0.171110764,-0.126305684,0.764923692,-0.607996523,-0.0118253948,0.00232284958,-0.439337939,1.55804968,0.0697896853,3.77861342E-09,-0.351134896,1.32978809,0.423076898,-0.221139714,1.50581098,-1.59048021,1.02649844,0.454059571,-0.155086964,1.48393381,-1.72880638,0.933467507
-0.205982193,-0.362205595,0.614164174,-0.168697491,-0.123435125,0.765230298,-0.608874023,0.0182899032,0.00221870188,-0.469111651,1.56049526,0.095120281,3.51731111E-09,-0.384226024,1.32892025,0.413003236,-0.219844446,1.54047859,-1.64940119,1.02793002,0.440929651,-0.15161033,1.52011442,-1.77822685,0.941332459
-0.205989316,-0.360091984,0.598909318,-0.16628167,-0.12056265,0.76552552,-0.609742403,0.0484051965,0.00211455417,-0.498885363,1.56294096,0.120450877,3.25600857E-09,-0.417317152,1.32805252,0.402929574,-0.218549162,1.57514632,-1.70832217,1.02936149,0.427799702,-0.14813371,1.55629492,-1.82764721,0.949197412
-0.205996454,-0.357978374,0.583654404,-0.163863361,-0.11768841,0.765809238,-0.610601723,0.0785204992,0.00201040646,-0.528659105,1.56538653,0.145781472,2.99470604E-09,-0.45040831,1.3271848,0.392855912,-0.217253879,1.60981405,-1.76724303,1.03079307,0.414669782,-0.144657075,1.59247553,-1.87706769,0.957062304
-0.206003577,-0.355864793,0.568399489,-0.161442727,-0.114812538,0.766081572,-0.611451864,0.108635791,0.00190625899,-0.558432817,1.56783211,0.171112061,2.73340373E-09,-0.483499408,1.32631695,0.382782251,-0.21595861,1.64448166,-1.82616401,1.03222466,0.401539862,-0.141180456,1.62865603,-1.92648816,0.964927256
-0.206727207,-0.353433341,0.556814194,-0.159745365,-0.112896398,0.76570642,-0.612723172,0.132855415,0.00182466779,-0.586718678,1.56895089,0.189831838,2.53247023E-09,-0.51505816,1.32735348,0.373495907,-0.215088293,1.67114007,-1.87151229,1.03332555,0.386544257,-0.139943838,1.65647781,-1.96449089,0.970975161
-0.207819819,-0.350838214,0.547118604,-0.158420295,-0.111474343,0.764997542,-0.614211082,0.1540391,0.00175469217,-0.614238322,1.56938648,0.205147386,2.36262365E-09,-0.545827746,1.3293705,0.364614964,-0.214436799,1.69367409,-1.90987146,1.03425598,0.370587975,-0.139860719,1.67999518,-1.9966141,0.976087391
-0.208912432,-0.348243088,0.537423015,-0.15709421,-0.110051557,0.764283717,-0.615695119,0.175222769,0.00168471644,-0.641758025,1.56982207,0.220462948,2.19277707E-09,-0.576597393,1.33138752,0.35573402,-0.213785306,1.7162081,-1.9482305,1.03518653,0.354631692,-0.139777601,1.70351255,-2.02873731,0.981199563
-0.210005045,-0.345647961,0.527727425,-0.155767113,-0.108628064,0.763565004,-0.617175162,0.196406439,0.0016147407,-0.669277728,1.57025778,0.235778511,2.02293049E-09,-0.607366979,1.33340454,0.346853077,-0.213133827,1.73874211,-1.98658967,1.03611708,0.33867538,-0.139694482,1.72702992,-2.06086063,0.986311793
-0.211097658,-0.343052804,0.518031776,-0.154439002,-0.107203878,0.762841284,-0.618651152,0.217590109,0.00154476508,-0.696797371,1.57069337,0.251094073,1.85308391E-09,-0.638136625,1.33542156,0.337972134,-0.212482333,1.76127613,-2.02494884,1.03704762,0.322719097,-0.139611363,1.75054729,-2.09298396,0.991423965
-0.21227251,-0.340476066,0.509152055,-0.15314804,-0.105963759,0.76207,-0.620134413,0.237585559,0.00148330443,-0.723300993,1.5710181,0.265502274,7.51913421E-06,-0.667757332,1.33751559,0.329916179,-0.211643323,1.78215039,-2.0604825,1.03790963,0.305915624,-0.139455929,1.77233255,-2.12273955,0.996037781
-0.213755876,-0.33796829,0.503333449,-0.151999325,-0.105416268,0.761134684,-0.621657252,0.253122807,0.00145379244,-0.745992243,1.57092702,0.276506186,4.32417655E-05,-0.693067312,1.33989847,0.324955434,-0.210100755,1.79679751,-2.08541608,1.03851438,0.285933524,-0.139029175,1.78761876,-2.14361167,0.998781621
-0.215239257,-0.335460514,0.497514814,-0.150849879,-0.104868263,0.760195673,-0.623177052,0.268660039,0.00142428034,-0.768683434,1.57083595,0.287510067,7.89643964E-05,-0.718377292,1.34228134,0.319994718,-0.208558187,1.81144464,-2.11034942,1.03911924,0.265951425,-0.138602421,1.80290508,-2.16448402,1.00152552
-0.216722637,-0.332952708,0.491696209,-0.149699688,-0.104319736,0.759252965,-0.624693811,0.284197271,0.00139476836,-0.791374683,1.57074475,0.298513979,0.000114687027,-0.743687332,1.34466422,0.315033972,-0.207015604,1.82609177,-2.13528275,1.03972411,0.24596931,-0.138175681,1.81819129,-2.18535614,1.00426936
-0.218206003,-0.330444932,0.485877573,-0.148548782,-0.103770725,0.758306682,-0.62620765,0.299734503,0.00136525626,-0.814065874,1.57065368,0.30951786,0.000150409658,-0.768997312,1.34704709,0.310073227,-0.205473036,1.84073877,-2.16021609,1.04032898,0.225987226,-0.137748927,1.83347762,-2.20622849,1.0070132
-0.219689384,-0.327937156,0.480058968,-0.14739719,-0.103221215,0.757356703,-0.627718449,0.315271735,0.00133574428,-0.836757123,1.5705626,0.320521772,0.000186132282,-0.794307292,1.34942997,0.305112511,-0.203930452,1.8553859,-2.18514967,1.04093373,0.206005126,-0.137322173,1.84876394,-2.22710061,1.00975704
-0.220846772,-0.325351566,0.476256996,-0.146391392,-0.103391252,0.756405056,-0.629071712,0.32760188,0.00128286274,-0.855786979,1.57050288,0.328494102,0.000190981009,-0.816425562,1.35000002,0.300213516,-0.200110704,1.86613286,-2.20344377,1.04137754,0.183881775,-0.134352863,1.85997987,-2.23990154,1.01110244
-0.22190167,-0.322741538,0.473089129,-0.145431131,-0.103787318,0.755451262,-0.630374134,0.338923573,0.00122263329,-0.873665631,1.57045305,0.335513264,0.000186122139,-0.837540209,1.35000002,0.295333952,-0.195574939,1.87565351,-2.21965051,1.0417707,0.161085144,-0.130584121,1.86991596,-2.25016451,1.01200819
-0.222956568,-0.320131481,0.469921261,-0.144470304,-0.104182988,0.754494548,-0.63167423,0.350245297,0.00116240385,-0.891544282,1.5704031,0.342532396,0.000181263269,-0.858654916,1.35000002,0.290454388,-0.191039175,1.88517416,-2.23585725,1.04216385,0.138288528,-0.126815364,1.87985194,-2.26042747,1.01291382
-0.224011466,-0.317521423,0.466753393,-0.143508956,-0.104578294,0.753535032,-0.632972062,0.36156702,0.0011021744,-0.909422874,1.57035327,0.349551529,0.000176404399,-0.879769623,1.35000002,0.285574824,-0.186503425,1.89469469,-2.25206399,1.042557,0.115491912,-0.123046622,1.88978803,-2.27069044,1.01381958
-0.225066349,-0.314911395,0.463585496,-0.142547071,-0.10497319,0.752572775,-0.634267509,0.372888714,0.00104194495,-0.927301526,1.57030344,0.356570691,0.000171545529,-0.900884271,1.35000002,0.28069526,-0.181967661,1.90421534,-2.26827073,1.04295015,0.0926952884,-0.119277872,1.89972413,-2.28095341,1.01472521
-0.226060435,-0.31246382,0.460969359,-0.141900003,-0.105525218,0.751350403,-0.635768414,0.382644504,0.00100234465,-0.943482637,1.56967843,0.362616181,0.000168437648,-0.920062721,1.35000002,0.276219249,-0.178257748,1.91269922,-2.28271246,1.04330051,0.0712797791,-0.115081154,1.90857828,-2.28939033,1.01543999
-0.226919845,-0.310376018,0.459574699,-0.14195019,-0.10642536,0.749553204,-0.637725651,0.388933271,0.00100841769,-0.955905318,1.56777978,0.36650607,0.000169206527,-0.934954286,1.35000002,0.272636652,-0.176376298,1.91888762,-2.29324698,1.04355609,0.0529220775,-0.109936923,1.91503668,-2.2937839,1.01573181
-0.227779254,-0.308288217,0.45818004,-0.141999245,-0.107324667,0.747749984,-0.639677823,0.395222038,0.00101449061,-0.968327999,1.56588125,0.370395929,0.000169975392,-0.94984585,1.35000002,0.269054085,-0.174494833,1.92507601,-2.30378127,1.04381156,0.0345643759,-0.104792684,1.92149508,-2.29817772,1.01602364
-0.228638664,-0.306200415,0.456785411,-0.142047182,-0.10822314,0.745940864,-0.641624928,0.401510805,0.00102056365,-0.98075074,1.56398261,0.374285817,0.000170744272,-0.964737356,1.35000002,0.265471488,-0.172613382,1.9312644,-2.31431556,1.04406714,0.0162066761,-0.0996484458,1.9279536,-2.3025713,1.01631546
-0.229498073,-0.304112613,0.455390751,-0.142094001,-0.109120749,0.744125962,-0.643567026,0.407799572,0.00102663669,-0.99317342,1.56208408,0.378175676,0.000171513137,-0.979628921,1.35000002,0.261888891,-0.170731917,1.93745279,-2.32485008,1.04432261,-0.00215102895,-0.0945042148,1.934412,-2.30696511,1.0166074
-0.230357483,-0.302024841,0.453996092,-0.142139703,-0.110017493,0.742305279,-0.645503998,0.414088339,0.00103270961,-1.00559616,1.56018543,0.382065564,0.000172282002,-0.994520485,1.35000002,0.258306324,-0.168850467,1.94364107,-2.33538437,1.04457819,-0.0205087271,-0.0893599764,1.94087052,-2.31135869,1.01689923
-0.230930299,-0.300452352,0.453303337,-0.142343715,-0.110742956,0.739969373,-0.648012161,0.41777724,0.00153871602,-1.01320755,1.55433202,0.38562125,0.000164731915,-1.00334013,1.34793711,0.253266454,-0.167264134,1.9479636,-2.34274244,1.04475665,-0.0327064209,-0.0839462578,1.94538164,-2.31294107,1.01668978
-0.23145704,-0.298962742,0.452723414,-0.142571524,-0.111439638,0.737541974,-0.650604665,0.421048135,0.00212510373,-1.02004528,1.54784274,0.389123172,0.00015584426,-1.01118362,1.34554267,0.247992247,-0.165725246,1.95198607,-2.34958982,1.04492283,-0.0439136811,-0.0784892142,1.9495796,-2.31407166,1.01639974
-0.231983781,-0.297473133,0.45214349,-0.14279747,-0.112134866,0.735104859,-0.653188705,0.424319029,0.00271149166,-1.02688313,1.54135346,0.392625123,0.000146956605,-1.01902699,1.34314811,0.242718056,-0.164186373,1.95600855,-2.35643697,1.04508889,-0.0551209413,-0.0730321631,1.95377767,-2.315202,1.01610959
-0.232510507,-0.295983523,0.451563597,-0.143021539,-0.112828627,0.732658148,-0.655764282,0.427589923,0.00329787959,-1.03372085,1.53486419,0.396127075,0.00013806895,-1.02687037,1.34075356,0.237443879,-0.162647486,1.96003103,-2.36328435,1.04525506,-0.0663282052,-0.0675751194,1.95797563,-2.31633234,1.01581955
-0.233037248,-0.294493884,0.450983673,-0.143243715,-0.113520876,0.730201781,-0.658330977,0.430860788,0.00388426729,-1.0405587,1.52837479,0.399628997,0.000129181295,-1.03471386,1.338359,0.232169688,-0.161108598,1.96405351,-2.37013173,1.04542112,-0.0775354654,-0.0621180721,1.9621737,-2.31746268,1.01552951
-0.233053416,-0.293463081,0.451459199,-0.143006414,-0.11353565,0.728252053,-0.660536051,0.432871819,0.00459740125,-1.04429889,1.51943147,0.403725833,0.0007383232,-1.03912759,1.33130562,0.225145921,-0.158044174,1.96570027,-2.37599206,1.04152679,-0.0839259475,-0.0575358495,1.96576512,-2.31854391,1.0051378
-0.232340425,-0.293087482,0.453442067,-0.142114401,-0.112584129,0.727033436,-0.662231624,0.433083594,0.00549154775,-1.04361534,1.50698316,0.408672214,0.00223010499,-1.03864348,1.31759846,0.215623483,-0.152801037,1.96395433,-2.38044286,1.03183353,-0.0834373534,-0.0542030074,1.96849048,-2.31955504,0.980319202
-0.231627434,-0.292711914,0.455424935,-0.141221538,-0.111631922,0.725810409,-0.663923323,0.433295339,0.00638569426,-1.0429318,1.49453485,0.413618624,0.00372188701,-1.03815937,1.3038913,0.206101045,-0.147557899,1.96220839,-2.38489366,1.02214015,-0.0829487517,-0.050870169,1.97121584,-2.32056618,0.955500662
-0.230914444,-0.292336315,0.457407773,-0.140327796,-0.110679016,0.724582911,-0.665610969,0.433507085,0.00727984076,-1.04224813,1.48208666,0.418565005,0.00521366904,-1.03767526,1.29018414,0.196578607,-0.142314762,1.96046233,-2.38934422,1.01244688,-0.0824601576,-0.0475373268,1.97394109,-2.32157707,0.930682123
-0.230201453,-0.291960746,0.45939064,-0.13943322,-0.109725468,0.723351121,-0.667294502,0.43371886,0.00817398727,-1.04156458,1.46963835,0.423511386,0.00670545083,-1.03719115,1.2764771,0.187056184,-0.137071624,1.95871639,-2.39379501,1.00275362,-0.0819715559,-0.0442044884,1.97666645,-2.32258821,0.905863583
-0.229488447,-0.291585177,0.461373508,-0.138537824,-0.108771265,0.72211498,-0.668974042,0.433930606,0.00906813424,-1.04088104,1.45719016,0.428457797,0.00819723308,-1.03670704,1.26276994,0.177533746,-0.131828487,1.95697045,-2.39824581,0.993060291,-0.0814829618,-0.0408716463,1.97939169,-2.32359934,0.881045043
-0.227987513,-0.290697604,0.470911533,-0.137328073,-0.107759804,0.72229147,-0.669196546,0.430745721,0.00900546275,-1.03143787,1.43622935,0.431055814,0.0118003553,-1.02889967,1.24009621,0.168258116,-0.125739083,1.94337416,-2.37490845,0.963244796,-0.0740385726,-0.037876904,1.96478868,-2.29824328,0.847737849
-0.226455614,-0.289789915,0.480746448,-0.136105612,-0.106745817,0.722521722,-0.669360101,0.427427322,0.00890518818,-1.02165043,1.41493404,0.433561563,0.0154864565,-1.02080464,1.21706998,0.158992201,-0.119616412,1.92931211,-2.35047889,0.932638586,-0.0663208142,-0.0348954462,1.94950449,-2.27185082,0.814097047
-0.224923715,-0.288882226,0.490581393,-0.134882808,-0.105731554,0.722750187,-0.669521987,0.424108952,0.00880491268,-1.01186299,1.39363885,0.436067283,0.0191725567,-1.0127095,1.19404376,0.149726272,-0.113493748,1.91525006,-2.32604933,0.902032316,-0.0586030558,-0.0319139883,1.93422043,-2.2454586,0.780456245
-0.223391816,-0.287974536,0.500416338,-0.133659661,-0.104717024,0.722976685,-0.669682205,0.420790553,0.00870463811,-1.00207543,1.37234354,0.438573033,0.0228586569,-1.00461447,1.17101753,0.140460342,-0.107371084,1.90118802,-2.30162001,0.871426046,-0.0508853011,-0.0289325323,1.91893637,-2.21906638,0.746815503
-0.221859902,-0.287066877,0.510251284,-0.132436171,-0.103702217,0.723201334,-0.669840574,0.417472184,0.00860436261,-0.992288053,1.35104823,0.441078782,0.0265447572,-0.996519327,1.14799142,0.131194428,-0.101248421,1.88712597,-2.27719045,0.840819776,-0.0431675427,-0.0259510744,1.90365219,-2.19267392,0.713174701
-0.220244721,-0.285879552,0.523188591,-0.131674588,-0.103261262,0.723423958,-0.669818461,0.408019722,0.00888960343,-0.976992786,1.32827127,0.436026394,0.0310141481,-0.985396981,1.12328219,0.123732485,-0.095862411,1.86383724,-2.23920059,0.814742684,-0.034332417,-0.0226562731,1.87743783,-2.15161061,0.687511444
-0.218550339,-0.284426272,0.539076626,-0.131352544,-0.103366241,0.723645866,-0.6696257,0.392733186,0.00954150315,-0.956459165,1.30408514,0.423785567,0.0362285152,-0.971395493,1.09697223,0.117986307,-0.0911770239,1.83177328,-2.18831372,0.79297334,-0.0244345739,-0.0190634523,1.8408277,-2.0965941,0.669435561
-0.216855943,-0.282973021,0.554964602,-0.1310305,-0.103471227,0.723867714,-0.669432878,0.377446681,0.0101934038,-0.935925543,1.279899,0.41154474,0.041442886,-0.957393944,1.07066226,0.112240128,-0.0864916369,1.79970932,-2.13742685,0.771203995,-0.0145367309,-0.0154706324,1.80421758,-2.04157734,0.651359677
-0.215161547,-0.281519741,0.570852578,-0.130708411,-0.103576168,0.724089324,-0.669239879,0.362160176,0.0108453035,-0.915391862,1.25571287,0.399303913,0.0466572531,-0.943392456,1.04435241,0.106493957,-0.0818062425,1.76764536,-2.08653998,0.74943465,-0.0046388912,-0.0118778134,1.76760745,-1.9865607,0.633283794
-0.213467151,-0.28006646,0.586740613,-0.130386308,-0.103681102,0.724310875,-0.66904676,0.346873671,0.0114972042,-0.894858241,1.23152673,0.387063056,0.0518716238,-0.929390967,1.01804245,0.100747772,-0.0771208555,1.7355814,-2.03565311,0.727665246,0.0052589518,-0.00828499254,1.73099744,-1.93154395,0.615207911
-0.211810023,-0.278728217,0.602479875,-0.130078122,-0.103773534,0.724523008,-0.6688627,0.330785543,0.0120593151,-0.873842299,1.20753717,0.374117285,0.0568832159,-0.915099561,0.991854966,0.0952479839,-0.0725374743,1.70315599,-1.98506069,0.706770957,0.0151643595,-0.00477616908,1.69423544,-1.87695205,0.598018825
-0.210708141,-0.279104233,0.616003036,-0.129977778,-0.103680134,0.724598467,-0.668814898,0.302751303,0.0112833716,-0.845638812,1.18647754,0.350665987,0.0588729791,-0.896488369,0.967492223,0.0934199914,-0.0694742054,1.66534376,-1.93885672,0.69891715,0.0251825191,-0.00251909299,1.65521145,-1.82868993,0.594044924
-0.20960626,-0.279480219,0.629526198,-0.129877433,-0.103586726,0.724673867,-0.668767095,0.274717063,0.0105074281,-0.817435384,1.16541791,0.327214688,0.0608627424,-0.877877176,0.94312942,0.0915919915,-0.0664109439,1.62753165,-1.89265275,0.691063285,0.0352006778,-0.000262016576,1.61618733,-1.78042781,0.590071082
-0.208504364,-0.279856205,0.643049359,-0.129777074,-0.103493311,0.724749327,-0.668719292,0.246682823,0.00973148458,-0.789231956,1.14435828,0.30376339,0.0628525019,-0.859265983,0.918766677,0.089763999,-0.0633476749,1.58971953,-1.84644878,0.683209479,0.0452188365,0.0019950592,1.57716334,-1.73216558,0.58609724
-0.207402483,-0.280232191,0.656572521,-0.129676729,-0.103399903,0.724824727,-0.668671489,0.218648583,0.00895554107,-0.761028469,1.12329865,0.280312091,0.0648422688,-0.84065479,0.894403934,0.0879360065,-0.0602844097,1.5519073,-1.80024493,0.675355673,0.0552369989,0.00425213575,1.53813922,-1.68390346,0.582123399
-0.206300601,-0.280608177,0.670095682,-0.129576385,-0.103306487,0.724900186,-0.668623626,0.190614343,0.00817959756,-0.732824981,1.10223913,0.256860793,0.0668320358,-0.822043598,0.870041192,0.0861080065,-0.0572211444,1.51409519,-1.75404096,0.667501807,0.0652551576,0.00650921231,1.49911523,-1.63564122,0.578149557
-0.205728352,-0.282205224,0.681686044,-0.129163846,-0.102706999,0.724935174,-0.668757796,0.15518406,0.00756920734,-0.699709296,1.0871259,0.225907236,0.0682558864,-0.798890114,0.852103174,0.0878673568,-0.0548083335,1.47549284,-1.71295321,0.664348483,0.0758451968,0.00732588582,1.46089244,-1.59458876,0.578215837
-0.205490157,-0.284572363,0.69205749,-0.128554299,-0.10178826,0.724944055,-0.669006109,0.115089089,0.00706323236,-0.663495421,1.07576323,0.190221995,0.069322817,-0.772871792,0.838217318,0.0918892473,-0.052805759,1.43639207,-1.67509234,0.664159656,0.0867959186,0.00723409606,1.42317498,-1.55808342,0.580830336
-0.205251962,-0.286939472,0.702428877,-0.127944559,-0.100869372,0.724951923,-0.669253588,0.074994117,0.00655725738,-0.627281606,1.06440055,0.154536739,0.0703897402,-0.746853471,0.824331462,0.0959111452,-0.0508031882,1.39729142,-1.63723159,0.663970828,0.0977466404,0.00714230677,1.38545752,-1.52157807,0.583444774
-0.205013767,-0.289306611,0.712800264,-0.127334684,-0.0999503657,0.724958897,-0.669500172,0.0348991528,0.0060512824,-0.591067731,1.05303776,0.118851498,0.0714566708,-0.72083509,0.810445607,0.0999330357,-0.0488006175,1.35819066,-1.59937072,0.66378206,0.108697362,0.00705051702,1.34774005,-1.48507273,0.586059213
-0.204775572,-0.29167375,0.723171651,-0.126724631,-0.0990312174,0.724964917,-0.669745922,-0.00519582443,0.00554530695,-0.554853857,1.04167509,0.0831662491,0.0725236014,-0.694816768,0.796559751,0.103954926,-0.046798043,1.31908989,-1.56150985,0.663593233,0.119648084,0.00695872772,1.31002259,-1.44856739,0.588673651
-0.204614818,-0.294225842,0.732875109,-0.126155347,-0.0981977358,0.724774897,-0.670181692,-0.0436004139,0.00506828818,-0.520558059,1.03195667,0.0486318767,0.0726446956,-0.668896258,0.7842502,0.108806297,-0.0449738055,1.28125381,-1.52526069,0.664427102,0.130984142,0.00641940488,1.27350295,-1.41369545,0.592445314
-0.204849988,-0.297723681,0.739163578,-0.125794977,-0.0978025422,0.72358495,-0.67159164,-0.0733619109,0.00473932503,-0.496069491,1.03064609,0.0199820492,0.0679296032,-0.643476069,0.780000448,0.117898881,-0.0440614112,1.24988377,-1.49725211,0.670489788,0.144290537,0.00359179359,1.24310791,-1.38717496,0.602134049
-0.205085173,-0.30122149,0.745452046,-0.125434145,-0.0974069908,0.722392261,-0.672999024,-0.103123412,0.00441036141,-0.471580893,1.02933538,-0.00866778009,0.0632145107,-0.61805588,0.775750697,0.126991466,-0.0431490168,1.21851385,-1.46924353,0.676552474,0.157596916,0.000764181954,1.21271288,-1.36065447,0.611822724
-0.205320358,-0.304719299,0.751740515,-0.125072822,-0.0970110595,0.72119689,-0.674403965,-0.13288492,0.00408139825,-0.447092324,1.02802479,-0.0373176076,0.0584994219,-0.592635691,0.771500945,0.13608405,-0.0422366224,1.1871438,-1.44123507,0.682615161,0.170903295,-0.00206342945,1.18231785,-1.33413398,0.6215114
-0.205555528,-0.308217138,0.758028924,-0.124711066,-0.0966147855,0.719998956,-0.675806403,-0.162646413,0.00375243463,-0.422603726,1.02671409,-0.0659674406,0.0537843294,-0.567215443,0.767251134,0.145176634,-0.041324228,1.15577388,-1.41322649,0.688677847,0.184209675,-0.0048910412,1.15192282,-1.30761349,0.631200135
-0.205790713,-0.311714947,0.764317393,-0.124348842,-0.0962181538,0.71879828,-0.677206397,-0.192407921,0.00342347147,-0.398115158,1.02540338,-0.0946172625,0.0490692407,-0.541795254,0.763001382,0.154269204,-0.0404118337,1.12440383,-1.38521791,0.694740534,0.197516054,-0.00771865202,1.12152779,-1.281093,0.64088881
-0.205967993,-0.31512478,0.767870665,-0.124194399,-0.0961493179,0.717510164,-0.678609133,-0.214391813,0.00317670824,-0.39181152,1.05137992,-0.119739078,0.0455323383,-0.521760821,0.789594948,0.172176167,-0.043015413,1.09901881,-1.36207628,0.705724895,0.214526385,-0.0125799803,1.09685802,-1.26135576,0.654973447
-0.206122056,-0.318499327,0.770327866,-0.12412291,-0.0962115824,0.716185391,-0.680011392,-0.23325929,0.00296288193,-0.39279446,1.08829021,-0.143447235,0.0424675271,-0.503884435,0.82854718,0.19361499,-0.0470278189,1.0760318,-1.34088469,0.718681335,0.233020857,-0.0182562061,1.07448244,-1.24433661,0.670819461
-0.206276119,-0.321873903,0.772785127,-0.12405096,-0.0962735042,0.714857876,-0.681411088,-0.252126753,0.00274905586,-0.39377743,1.12520051,-0.1671554,0.0394027159,-0.486008078,0.867499471,0.215053812,-0.0510402285,1.05304492,-1.31969309,0.731637776,0.251515329,-0.0239324309,1.05210674,-1.22731745,0.686665535
-0.206430197,-0.32524848,0.775242388,-0.123978533,-0.0963350534,0.713527679,-0.68280828,-0.270994216,0.00253522955,-0.39476037,1.16211081,-0.190863565,0.0363379084,-0.468131691,0.906451702,0.236492649,-0.0550526343,1.03005803,-1.29850161,0.744594216,0.270009816,-0.0296086576,1.02973104,-1.2102983,0.702511609
-0.20658426,-0.328623027,0.777699649,-0.123905666,-0.0963962525,0.71219486,-0.684202969,-0.289861679,0.00232140347,-0.39574331,1.19902098,-0.214571714,0.0332730971,-0.450255305,0.945403934,0.257931471,-0.0590650439,1.00707102,-1.27731001,0.757550657,0.288504303,-0.0352848805,1.00735533,-1.19327903,0.718357623
-0.20672521,-0.331761897,0.779670656,-0.123625346,-0.0965302661,0.710831881,-0.685650647,-0.305111706,0.0021273559,-0.400762945,1.23498905,-0.233811513,0.0304917786,-0.437743247,0.983854592,0.281428486,-0.0639506057,0.98562938,-1.25691986,0.770277381,0.308018714,-0.0413890593,0.986295283,-1.17765534,0.733617723
-0.206829607,-0.334244609,0.780287981,-0.122768216,-0.0968675464,0.709388793,-0.68724972,-0.310291409,0.00198836881,-0.417020082,1.26833391,-0.240612045,0.0284996536,-0.440164745,1.02090895,0.310655236,-0.071266897,0.968489408,-1.23876071,0.782364488,0.330372512,-0.0486845896,0.9688977,-1.1659162,0.747246623
-0.206934005,-0.336727321,0.780905306,-0.121910386,-0.0972043052,0.70794183,-0.688845098,-0.315471083,0.00184938184,-0.433277249,1.30167878,-0.247412592,0.0265075266,-0.442586243,1.05796337,0.339881986,-0.0785831809,0.951349497,-1.22060168,0.794451594,0.352726281,-0.0559801161,0.951500177,-1.15417707,0.760875463
-0.207038417,-0.339210033,0.781522632,-0.121051908,-0.0975405425,0.706490993,-0.69043678,-0.320650786,0.00171039475,-0.449534386,1.33502352,-0.254213125,0.0245153997,-0.445007741,1.09501767,0.369108737,-0.0858994722,0.934209526,-1.20244253,0.806538701,0.375080079,-0.0632756501,0.934102595,-1.14243793,0.774504364
-0.207142815,-0.341692775,0.782139957,-0.120192751,-0.0978762284,0.705036223,-0.692024589,-0.32583046,0.00157140777,-0.465791523,1.36836839,-0.261013687,0.0225232746,-0.44742924,1.13207197,0.398335487,-0.0932157636,0.917069614,-1.18428338,0.818625748,0.397433877,-0.0705711767,0.916705072,-1.1306988,0.788133264
-0.207247213,-0.344175488,0.782757282,-0.119332954,-0.0982113704,0.703577638,-0.693608582,-0.331010163,0.00143242069,-0.482048661,1.40171325,-0.267814219,0.0205311477,-0.449850738,1.16912639,0.427562237,-0.100532055,0.899929643,-1.16612422,0.830712855,0.419787645,-0.0778667033,0.899307489,-1.11895967,0.801762104
-0.207281947,-0.346658409,0.782035053,-0.117388099,-0.0976718888,0.702366412,-0.695242226,-0.352272779,0.00133306242,-0.479821146,1.42229605,-0.29065001,0.0191070195,-0.443315923,1.19434869,0.451418161,-0.103582993,0.887649894,-1.1620214,0.84063226,0.44284296,-0.081830658,0.886903226,-1.11912358,0.812137365
-0.207300827,-0.349141419,0.781008005,-0.115195356,-0.09693259,0.701205969,-0.696881831,-0.37719506,0.00124272169,-0.47338745,1.4399749,-0.317134619,0.0178121384,-0.434743077,1.21687853,0.474051952,-0.105663352,0.876476049,-1.16111696,0.850058436,0.466057897,-0.0850365013,0.875635147,-1.12199593,0.821772218
-0.207319707,-0.351624429,0.779980958,-0.113001511,-0.0961923897,0.70003897,-0.698515058,-0.402117372,0.00115238095,-0.466953754,1.45765364,-0.343619257,0.0165172555,-0.42617026,1.23940837,0.496685773,-0.10774371,0.865302205,-1.16021264,0.859484553,0.489272833,-0.088242352,0.864367068,-1.12486839,0.83140707
-0.207338586,-0.35410741,0.77895385,-0.110806592,-0.0954512656,0.698865354,-0.700141549,-0.427039653,0.00106204022,-0.460520059,1.4753325,-0.370103866,0.0152223753,-0.417597413,1.26193833,0.519319534,-0.109824061,0.854128361,-1.1593082,0.86891073,0.512487769,-0.0914482027,0.853098989,-1.12774074,0.841041923
-0.207357466,-0.35659042,0.777926803,-0.108610682,-0.0947092697,0.697685242,-0.701761603,-0.451961935,0.000971699425,-0.454086363,1.49301124,-0.396588475,0.0139274932,-0.409024596,1.28446817,0.541953385,-0.11190442,0.842954516,-1.15840387,0.878336847,0.535702705,-0.0946540534,0.841830909,-1.13061321,0.850676775
-0.207327008,-0.358817816,0.777162969,-0.106630646,-0.0941731706,0.696746647,-0.703068674,-0.475545645,0.000892898766,-0.443503082,1.50838912,-0.420951128,0.0127980243,-0.397848129,1.3022058,0.561695814,-0.113448791,0.832836688,-1.15667868,0.886308074,0.555952132,-0.0976180658,0.83111012,-1.13204575,0.859031975
-0.20721069,-0.360600531,0.776857078,-0.105027236,-0.0939963013,0.696235895,-0.703839183,-0.496800333,0.00083417655,-0.425700068,1.51976335,-0.44162184,0.0119563509,-0.382141739,1.31160545,0.57640779,-0.114060611,0.824556053,-1.15352571,0.891748011,0.571041822,-0.100161336,0.821341515,-1.1309731,0.865160584
-0.207094371,-0.362383246,0.776551187,-0.103423454,-0.0938191041,0.695722759,-0.704607248,-0.518055022,0.000775454275,-0.407897055,1.5311377,-0.462292552,0.0111146774,-0.366435319,1.32100511,0.591119766,-0.114672437,0.816275418,-1.15037274,0.897187889,0.586131513,-0.102704599,0.811572909,-1.12990034,0.871289253
-0.206978068,-0.364165962,0.776245296,-0.101819322,-0.0936415866,0.695207298,-0.70537293,-0.53930968,0.000716732,-0.390094042,1.54251206,-0.482963234,0.010273004,-0.350728929,1.33040476,0.605831742,-0.115284257,0.807994843,-1.14721966,0.902627766,0.601221204,-0.10524787,0.801804245,-1.12882769,0.877417862
-0.206861749,-0.365948647,0.775939405,-0.100214839,-0.0934637487,0.694689393,-0.706136167,-0.560564399,0.000658009783,-0.372291028,1.55388641,-0.503633976,0.00943132956,-0.335022509,1.33980453,0.620543659,-0.115896076,0.799714208,-1.14406669,0.908067644,0.616310894,-0.107791133,0.792035639,-1.12775505,0.883546531
-0.206745431,-0.367731363,0.775633574,-0.0986100286,-0.093285583,0.694169104,-0.706896961,-0.581819057,0.000599287509,-0.354488015,1.56526077,-0.524304628,0.00858965609,-0.319316119,1.34920418,0.635255635,-0.116507895,0.791433573,-1.14091361,0.913507521,0.631400585,-0.110334404,0.782267034,-1.1266824,0.88967514
-0.206636533,-0.369560748,0.77430743,-0.0975386798,-0.0934429616,0.693596482,-0.707586467,-0.596714556,0.000559377775,-0.338751972,1.57285023,-0.540005088,0.00801762566,-0.305093229,1.35000002,0.645254374,-0.116013601,0.789968848,-1.14554846,0.918759823,0.640971541,-0.112059087,0.778489053,-1.13295376,0.895995021
-0.206528336,-0.371394426,0.772886992,-0.0965165049,-0.0936312452,0.69301796,-0.708268285,-0.611021817,0.000521208334,-0.32320711,1.58008957,-0.555245697,0.00747053791,-0.291007578,1.35000002,0.654817164,-0.115416981,0.789134562,-1.1509037,0.92399472,0.650031984,-0.113708049,0.775265217,-1.1399045,0.902332604
-0.206420138,-0.373228103,0.771466553,-0.0954941511,-0.0938193426,0.692438126,-0.708948851,-0.625329018,0.000483038806,-0.307662278,1.58732891,-0.570486367,0.00692345016,-0.276921928,1.35000002,0.664379954,-0.114820369,0.788300335,-1.15625894,0.929229617,0.659092426,-0.115357012,0.77204144,-1.14685524,0.908670187
-0.206311926,-0.37506181,0.770046055,-0.0944716111,-0.0940072536,0.69185698,-0.709627926,-0.639636278,0.000444869307,-0.292117417,1.59456825,-0.585727036,0.00637636241,-0.262836277,1.35000002,0.673942745,-0.114223748,0.787466109,-1.16161418,0.934464514,0.668152869,-0.117005974,0.768817604,-1.15380597,0.91500777
-0.206203729,-0.376895487,0.768625617,-0.0934488922,-0.0941950008,0.691274524,-0.71030575,-0.653943539,0.000406699808,-0.276572585,1.60180759,-0.600967646,0.00582927465,-0.248750612,1.35000002,0.683505476,-0.113627136,0.786631882,-1.16696942,0.939699411,0.677213311,-0.118654937,0.765593827,-1.16075671,0.921345294
-0.205999643,-0.379014283,0.766050637,-0.0941990167,-0.0960758924,0.690842271,-0.710375309,-0.654410899,0.000374751457,-0.265601933,1.60778332,-0.603415847,0.00537135545,-0.238224104,1.35000002,0.69000572,-0.117144234,0.793528318,-1.17481971,0.945359647,0.682534277,-0.123785965,0.771020651,-1.17014039,0.928004086
-0.205685541,-0.381460249,0.762151003,-0.0969820321,-0.0998983085,0.690571964,-0.709736109,-0.638998389,0.000349941285,-0.259879678,1.61230934,-0.591185927,0.00501574809,-0.231781363,1.35000002,0.692992032,-0.125381425,0.809294999,-1.18553281,0.951507866,0.683564544,-0.132912323,0.786373377,-1.18231559,0.935031295
-0.205371439,-0.383906215,0.758251369,-0.0997629911,-0.103718661,0.690285802,-0.709080637,-0.62358588,0.000325131114,-0.254157424,1.61683536,-0.578955948,0.00466014119,-0.225338623,1.35000002,0.695978284,-0.133618608,0.825061679,-1.19624591,0.957656145,0.68459487,-0.142038688,0.801726043,-1.19449079,0.942058563
-0.205057323,-0.386352152,0.754351735,-0.102541707,-0.107536688,0.689983904,-0.708409011,-0.60817337,0.000300320942,-0.248435184,1.62136137,-0.566726029,0.00430453429,-0.218895882,1.35000002,0.698964536,-0.141855791,0.840828359,-1.20695889,0.963804364,0.685625136,-0.151165053,0.81707871,-1.20666599,0.949085832
-0.204743221,-0.388798118,0.750452042,-0.10531798,-0.111352131,0.689666331,-0.707721174,-0.592760861,0.0002755108,-0.242712945,1.62588739,-0.554496109,0.00394892739,-0.212453142,1.35000002,0.701950848,-0.150092989,0.856595099,-1.21767199,0.969952643,0.686655402,-0.160291418,0.832431376,-1.2188412,0.9561131
-0.204432875,-0.391210109,0.746540964,-0.108109713,-0.115165845,0.689351499,-0.706996202,-0.577094555,0.000250839803,-0.237166211,1.63031483,-0.541992664,0.00359531515,-0.20611909,1.35000002,0.704746783,-0.158300027,0.872536957,-1.22845829,0.976071298,0.687462866,-0.169354871,0.848000526,-1.23110616,0.96310544
-0.204353094,-0.391536832,0.741926849,-0.112008318,-0.119044214,0.690157771,-0.704957485,-0.545847058,0.000234713181,-0.242393821,1.62869132,-0.512700438,0.00336417067,-0.206457213,1.35000002,0.695857942,-0.164656311,0.899232626,-1.24373734,0.980374038,0.67459327,-0.174556449,0.876857877,-1.24888146,0.967954278
-0.204273298,-0.391863555,0.737312734,-0.115903445,-0.122918859,0.690939903,-0.702893615,-0.514599502,0.000218586574,-0.247621432,1.6270678,-0.483408183,0.00313302595,-0.20679535,1.35000002,0.686969101,-0.171012595,0.925928295,-1.25901639,0.984676778,0.661723614,-0.179758012,0.905715227,-1.26665688,0.972803175
-0.204193503,-0.392190307,0.732698619,-0.119794704,-0.126789376,0.691697776,-0.700805068,-0.483351946,0.000202459953,-0.252849042,1.62544429,-0.454115927,0.00290188147,-0.207133472,1.35000002,0.678080201,-0.177368879,0.952624023,-1.27429545,0.988979518,0.648853958,-0.18495959,0.934572577,-1.28443217,0.977652073
-0.204113722,-0.39251703,0.728084564,-0.123681694,-0.130655408,0.692431569,-0.698692024,-0.452104419,0.000186333345,-0.258076668,1.62382078,-0.424823672,0.00267073698,-0.207471609,1.35000002,0.66919136,-0.183725163,0.979319692,-1.28957462,0.993282259,0.635984361,-0.190161154,0.963429868,-1.30220759,0.982500911
-0.204033926,-0.392843753,0.723470449,-0.127564013,-0.134516492,0.693140984,-0.69655472,-0.420856863,0.000170206738,-0.263304263,1.62219727,-0.395531416,0.00243959227,-0.207809731,1.35000002,0.66030252,-0.190081462,1.00601542,-1.30485368,0.997584999,0.623114705,-0.195362732,0.992287219,-1.31998289,0.987349808
-0.203986168,-0.391819358,0.715904832,-0.131457925,-0.137882128,0.693935513,-0.694378078,-0.381261468,0.00015727694,-0.281438619,1.61965835,-0.3555381,0.00225426815,-0.221098542,1.35000002,0.645766616,-0.192040399,1.04236352,-1.33259153,1.0000695,0.605601668,-0.195901319,1.03058553,-1.34883869,0.989995778
-0.203962937,-0.389760554,0.706079662,-0.135360807,-0.140868351,0.694792569,-0.692168295,-0.335274875,0.000146794642,-0.309454471,1.61641836,-0.307351947,0.00210402417,-0.244302467,1.35000002,0.626907289,-0.190632701,1.08610177,-1.36986792,1.00116205,0.584533572,-0.192869887,1.07611203,-1.38617778,0.990955293
-0.203939706,-0.38770172,0.696254432,-0.13925992,-0.14385061,0.69562906,-0.689937711,-0.289288253,0.000136312345,-0.337470323,1.61317837,-0.259165794,0.00195378019,-0.267506391,1.35000002,0.608047962,-0.189225003,1.1298399,-1.40714443,1.00225461,0.563465476,-0.189838469,1.12163842,-1.42351675,0.991914749
-0.20391649,-0.385642916,0.686429203,-0.143154919,-0.146828592,0.696444809,-0.687686563,-0.243301675,0.000125830047,-0.365486145,1.6099385,-0.210979655,0.0018035362,-0.29071033,1.35000002,0.589188695,-0.187817305,1.17357802,-1.44442081,1.00334716,0.54239738,-0.186807051,1.16716492,-1.46085584,0.992874265
-0.203893259,-0.383584112,0.676604033,-0.147045478,-0.149802074,0.697239757,-0.685415089,-0.197315067,0.000115347742,-0.393501997,1.60669851,-0.162793502,0.00165329233,-0.313914239,1.35000002,0.570329368,-0.186409608,1.21731627,-1.48169732,1.00443971,0.521329284,-0.183775619,1.21269131,-1.49819481,0.993833721
-0.203920513,-0.381531477,0.666469872,-0.150686041,-0.152415186,0.698027313,-0.683243215,-0.152087986,0.00010941059,-0.422278345,1.60452628,-0.115418002,0.00150918646,-0.338575691,1.35000002,0.551711321,-0.184579775,1.26108372,-1.52085292,1.00550282,0.500612855,-0.180255011,1.2583698,-1.53697538,0.994789243
-0.204329744,-0.379525632,0.653998375,-0.152468681,-0.152335092,0.698905349,-0.681966841,-0.112608172,0.000137866562,-0.456809521,1.61043322,-0.0741766542,0.00141152786,-0.374266177,1.35000002,0.534919322,-0.179555669,1.30507314,-1.57422817,1.00634336,0.482557476,-0.173032776,1.30519879,-1.58666444,0.995714724
-0.204738989,-0.377519786,0.641526818,-0.154250473,-0.152254105,0.699779391,-0.680686653,-0.0731283575,0.000166322556,-0.491340667,1.61634016,-0.0329353139,0.00131386938,-0.409956634,1.35000002,0.518127263,-0.174531564,1.34906244,-1.62760341,1.00718379,0.464502066,-0.165810525,1.35202789,-1.63635349,0.996640265
-0.205148235,-0.375513941,0.629055262,-0.156031445,-0.152172312,0.700649679,-0.679402649,-0.0336485542,0.00019477852,-0.525871813,1.6222471,0.0083060218,0.00121621077,-0.44564712,1.35000002,0.501335204,-0.169507459,1.39305174,-1.68097866,1.00802433,0.446446687,-0.15858829,1.39885688,-1.68604255,0.997565746
-0.205557466,-0.373508096,0.616583765,-0.157811537,-0.15208964,0.701515973,-0.678114891,0.0058312621,0.0002232345,-0.560402989,1.62815404,0.0495473705,0.00111855217,-0.481337607,1.35000002,0.484543175,-0.164483353,1.43704116,-1.7343539,1.00886488,0.428391308,-0.151366055,1.44568598,-1.7357316,0.998491228
-0.205966711,-0.37150225,0.604112208,-0.159590691,-0.152006134,0.702378273,-0.676823258,0.0453110784,0.000251690479,-0.594934165,1.63406098,0.0907887146,0.00102089357,-0.517028093,1.35000002,0.467751145,-0.159459248,1.48103046,-1.78772914,1.00970542,0.410335898,-0.144143805,1.49251497,-1.78542066,0.999416709
-0.206915408,-0.369754225,0.592491865,-0.159401581,-0.151790664,0.702641547,-0.676643014,0.0771285892,0.000291517354,-0.624924839,1.63662815,0.124117501,0.000946036016,-0.550201952,1.35000002,0.457356006,-0.155955806,1.51757395,-1.83283091,1.01157963,0.395799339,-0.141883388,1.52948499,-1.82944334,1.00175881
-0.20813334,-0.368134886,0.581296384,-0.158230215,-0.151509404,0.702606022,-0.677017629,0.105122015,0.000337019213,-0.652649462,1.63752854,0.153497308,0.000882557943,-0.582119882,1.35000002,0.45015344,-0.153211311,1.55040121,-1.8738035,1.01396966,0.38301897,-0.142099291,1.56153452,-1.87063801,1.00480783
-0.209351256,-0.366515517,0.570100844,-0.157058612,-0.151227906,0.702569544,-0.677391231,0.133115441,0.000382521073,-0.680374026,1.63842881,0.182877108,0.000819079869,-0.614037812,1.35000002,0.442950845,-0.1504668,1.58322859,-1.91477597,1.01635981,0.370238572,-0.142315209,1.59358394,-1.91183281,1.00785685
-0.210569188,-0.364896148,0.558905363,-0.155886739,-0.15094617,0.702531874,-0.67776376,0.161108866,0.000428022933,-0.70809865,1.6393292,0.212256908,0.000755601854,-0.645955682,1.35000002,0.435748279,-0.147722304,1.61605585,-1.95574856,1.01874983,0.357458204,-0.142531112,1.62563348,-1.95302749,1.01090598
-0.21178712,-0.363276809,0.547709882,-0.154714629,-0.150664195,0.702493072,-0.678135157,0.189102292,0.000473524793,-0.735823274,1.64022958,0.241636708,0.000692123722,-0.677873611,1.35000002,0.428545684,-0.144977793,1.64888322,-1.99672115,1.02113998,0.344677806,-0.14274703,1.6576829,-1.99422228,1.013955
-0.213007048,-0.361488014,0.537400424,-0.153669551,-0.150203854,0.702574849,-0.678390086,0.215397611,0.0005146935,-0.761012793,1.63970017,0.268157244,0.000635086675,-0.707118988,1.35000002,0.419930309,-0.140887246,1.67921686,-2.0345757,1.02334821,0.330721706,-0.141117916,1.68729353,-2.03228307,1.01677203
-0.214234188,-0.359089434,0.530280292,-0.153082356,-0.149102122,0.70309341,-0.678228557,0.235581011,0.000540265988,-0.777077794,1.63402486,0.284386486,0.000601232518,-0.726745009,1.35000002,0.406229913,-0.131951928,1.70057511,-2.06120801,1.02490175,0.312533826,-0.132848054,1.70812571,-2.05906463,1.01875389
-0.215461314,-0.356690824,0.52316016,-0.152494878,-0.148000106,0.703610718,-0.678065896,0.255764395,0.000565838476,-0.793142796,1.62834966,0.300615758,0.000567378418,-0.74637109,1.35000002,0.392529488,-0.123016611,1.72193336,-2.08784008,1.02645528,0.294345945,-0.124578185,1.72895777,-2.08584619,1.02073574
-0.216688439,-0.354292244,0.516040027,-0.151907116,-0.146897823,0.704126716,-0.677901864,0.275947779,0.000591410906,-0.809207857,1.62267435,0.316845,0.00053352426,-0.765997112,1.35000002,0.378829092,-0.114081286,1.74329162,-2.11447239,1.02800882,0.276158094,-0.116308324,1.74978995,-2.11262774,1.02271771
-0.21791558,-0.351893663,0.508919895,-0.151319072,-0.145795256,0.704641283,-0.67773658,0.296131164,0.000616983394,-0.825272858,1.61699903,0.333074242,0.000499670103,-0.785623193,1.35000002,0.365128666,-0.105145968,1.76464975,-2.14110446,1.02956235,0.257970214,-0.108038455,1.77062213,-2.13940907,1.02469957
-0.219142705,-0.349495053,0.501799762,-0.150730759,-0.144692406,0.705154717,-0.677570045,0.316314548,0.000642555882,-0.84133786,1.61132383,0.349303514,0.000465815974,-0.805249214,1.35000002,0.35142827,-0.0962106511,1.786008,-2.16773677,1.03111601,0.239782333,-0.0997685939,1.79145432,-2.16619062,1.02668142
-0.220139742,-0.346904814,0.496752471,-0.150932565,-0.142666146,0.705997765,-0.677076757,0.328751951,0.00680627022,-0.841568589,1.5964514,0.359416783,0.00351602607,-0.807920814,1.34278226,0.338049501,-0.0905471519,1.8016268,-2.18721223,1.03225207,0.223030955,-0.0880519375,1.80668843,-2.18577552,1.02813077
-0.221067175,-0.34425661,0.492332131,-0.151372522,-0.14035973,0.706936657,-0.67648077,0.338846445,0.0148265585,-0.837009907,1.5787971,0.367680222,0.0074990578,-0.805464268,1.33338153,0.324768037,-0.0858732685,1.81550968,-2.20452309,1.0332619,0.206714079,-0.0752927363,1.82022929,-2.20318341,1.02941895
-0.221994609,-0.341608405,0.48791182,-0.151811466,-0.1380523,0.707870722,-0.675880194,0.348940969,0.0228468459,-0.832451284,1.5611428,0.375943631,0.0114820898,-0.803007722,1.32398069,0.311486572,-0.0811993852,1.82939255,-2.22183394,1.03427172,0.190397188,-0.0625335425,1.83377028,-2.22059131,1.03070724
-0.222922042,-0.338960171,0.48349148,-0.152249366,-0.135743946,0.708800018,-0.675275028,0.359035462,0.0308671352,-0.827892661,1.54348862,0.38420707,0.0154651217,-0.800551176,1.31457984,0.298205107,-0.0765255019,1.84327543,-2.23914504,1.03528154,0.174080297,-0.0497743487,1.84731114,-2.23799944,1.03199542
-0.223849475,-0.336311966,0.47907117,-0.152686253,-0.133434713,0.709724545,-0.674665332,0.369129956,0.0388874188,-0.823334038,1.52583432,0.392470479,0.0194481537,-0.79809463,1.30517912,0.284923613,-0.0718516186,1.85715818,-2.2564559,1.03629136,0.157763407,-0.037015155,1.860852,-2.25540733,1.03328359
-0.224726319,-0.333780885,0.475156099,-0.152987391,-0.131163269,0.710664332,-0.674053013,0.375096798,0.0493979007,-0.813197911,1.50762773,0.397733718,0.0269462075,-0.790602803,1.29563558,0.273685455,-0.068648845,1.86949527,-2.27183938,1.03718877,0.142926306,-0.0257726368,1.87288523,-2.27087712,1.03361928
-0.225494772,-0.331500918,0.472324044,-0.152998835,-0.128973722,0.711642802,-0.673440158,0.372216284,0.0652459264,-0.791106999,1.48823714,0.396566272,0.0419784486,-0.772318184,1.28578639,0.266826928,-0.0685992911,1.87851918,-2.28309155,1.03784513,0.131260991,-0.0177809987,1.88168681,-2.28219223,1.03191316
-0.22626321,-0.329220951,0.469491959,-0.15300937,-0.126783386,0.71261704,-0.67282325,0.3693358,0.0810939521,-0.769016087,1.46884668,0.395398796,0.0570106916,-0.754033566,1.2759372,0.2599684,-0.0685497373,1.88754296,-2.29434347,1.0385015,0.119595692,-0.00978936162,1.89048839,-2.29350758,1.03020692
-0.227031648,-0.326940954,0.466659904,-0.153018951,-0.12459223,0.713586867,-0.672202229,0.366455287,0.0969419777,-0.746925116,1.4494561,0.394231349,0.0720429346,-0.735749006,1.26608789,0.253109872,-0.0685001761,1.89656687,-2.30559564,1.03915787,0.107930385,-0.00179772382,1.89928997,-2.30482268,1.0285008
-0.227800086,-0.324660987,0.463827819,-0.153027594,-0.122400343,0.714552343,-0.671577036,0.363574773,0.112790003,-0.724834204,1.43006563,0.393063903,0.0870751739,-0.717464387,1.2562387,0.24625136,-0.0684506223,1.90559065,-2.3168478,1.03981423,0.096265085,0.00619391212,1.90809155,-2.31613779,1.02679467
-0.228568524,-0.32238099,0.460995764,-0.153035298,-0.120207742,0.715513349,-0.67094779,0.360694289,0.128638029,-0.702743292,1.41067505,0.391896427,0.102107413,-0.699179828,1.24638951,0.239392832,-0.0684010684,1.91461456,-2.32809997,1.0404706,0.0845997781,0.0141855506,1.91689312,-2.32745314,1.02508843
-0.228404477,-0.321124524,0.459488958,-0.151842445,-0.118418999,0.715844452,-0.671183765,0.352418453,0.13342616,-0.680670738,1.39033711,0.385482371,0.108612522,-0.680159986,1.23059881,0.232046023,-0.0653588176,1.92089546,-2.33593178,1.03462982,0.0803176984,0.0198053084,1.92301929,-2.33532882,1.01526666
-0.228099212,-0.32002303,0.458182842,-0.150467113,-0.116690896,0.716077089,-0.671547949,0.343325496,0.13653931,-0.658600926,1.36985576,0.378273755,0.113826238,-0.661028802,1.21390843,0.22462526,-0.0618633404,1.92676091,-2.34324551,1.02780521,0.0771537721,0.0250658561,1.92874038,-2.34268379,1.00421584
-0.227793932,-0.318921566,0.456876755,-0.14909099,-0.114962183,0.71630609,-0.671908617,0.334232569,0.139652476,-0.636531115,1.34937441,0.37106511,0.119039945,-0.641897619,1.19721794,0.217204496,-0.0583678596,1.93262637,-2.35055947,1.02098048,0.0739898533,0.0303264037,1.93446136,-2.35003853,0.993165016
-0.227488667,-0.317820072,0.455570638,-0.147714153,-0.113232881,0.716531515,-0.672266006,0.325139642,0.142765626,-0.614461362,1.32889295,0.363856494,0.12425366,-0.622766435,1.18052745,0.209783733,-0.0548723824,1.93849194,-2.3578732,1.01415586,0.0708259344,0.0355869494,1.94018245,-2.3573935,0.982114136
-0.227183387,-0.316718608,0.454264522,-0.146336541,-0.111503035,0.716753244,-0.672619939,0.316046715,0.145878777,-0.592391551,1.3084116,0.356647849,0.129467368,-0.603635252,1.16383696,0.20236297,-0.0513769016,1.9443574,-2.36518717,1.00733113,0.0676620081,0.0408474989,1.94590342,-2.36474848,0.971063316
-0.226632237,-0.315633357,0.456806391,-0.14515014,-0.110087998,0.717048109,-0.672795773,0.306484997,0.144674882,-0.570520401,1.28872812,0.349839211,0.131184056,-0.583631575,1.14561403,0.194370985,-0.0476274379,1.94532919,-2.36012554,0.990467727,0.0655170009,0.0449927412,1.94664872,-2.36004567,0.949606597
-0.225739881,-0.314570606,0.464687884,-0.144229636,-0.109110244,0.71744746,-0.672727346,0.296272755,0.137480453,-0.548924863,1.27015197,0.34358564,0.128048107,-0.56241709,1.12526464,0.185586348,-0.0435255319,1.93951023,-2.33789158,0.95967412,0.0647858828,0.047590334,1.94048929,-2.33861184,0.913710415
-0.22484751,-0.313507855,0.472569346,-0.143308848,-0.108132258,0.71784538,-0.67265749,0.286060542,0.130286023,-0.527329326,1.25157571,0.33733207,0.12491215,-0.541202605,1.10491526,0.176801711,-0.0394236259,1.93369138,-2.31565785,0.928880513,0.0640547648,0.0501879305,1.93432987,-2.31717777,0.877814174
-0.223955154,-0.312445104,0.480450839,-0.142387778,-0.107154064,0.71824187,-0.672586381,0.275848329,0.123091586,-0.505733788,1.23299944,0.3310785,0.121776201,-0.519988179,1.08456576,0.16801706,-0.0353217199,1.92787242,-2.29342389,0.898086905,0.0633236393,0.052785527,1.92817044,-2.2957437,0.841917932
-0.223062798,-0.311382353,0.488332301,-0.141466424,-0.106175669,0.71863699,-0.672513962,0.265636086,0.115897149,-0.48413825,1.2144233,0.324824929,0.118640251,-0.498773694,1.06421638,0.159232423,-0.031219814,1.92205346,-2.27118993,0.867293298,0.0625925213,0.0553831235,1.92201114,-2.27430964,0.80602169
-0.222170442,-0.310319602,0.496213764,-0.140544787,-0.10519705,0.719030559,-0.672440112,0.255423874,0.108702719,-0.462542742,1.19584703,0.318571359,0.115504295,-0.477559209,1.04386687,0.150447786,-0.027117908,1.91623461,-2.24895597,0.836499751,0.0618613996,0.0579807162,1.91585171,-2.25287557,0.770125449
-0.221370593,-0.30900076,0.512143254,-0.140587226,-0.10574539,0.71935606,-0.671997011,0.228005767,0.101728596,-0.440553993,1.18596971,0.295170099,0.110076256,-0.455416799,1.02912772,0.145572916,-0.026554646,1.88532758,-2.19989777,0.813121974,0.0631559342,0.0582407936,1.88363099,-2.19904566,0.746466577
-0.220573694,-0.307673752,0.528328717,-0.140660226,-0.106342234,0.719678879,-0.67154175,0.20004037,0.0947614834,-0.418552756,1.17636907,0.271223426,0.104575306,-0.433244884,1.0145669,0.140822411,-0.0261039436,1.85362256,-2.14998651,0.789980173,0.0645149052,0.0584265143,1.85058129,-2.14418507,0.723196924
-0.219776779,-0.306346744,0.544514179,-0.140733153,-0.106939025,0.72000134,-0.671086013,0.172074988,0.0877943709,-0.39655149,1.16676855,0.247276723,0.0990743563,-0.41107294,1.00000608,0.13607192,-0.0256532412,1.82191753,-2.10007501,0.766838312,0.0658738688,0.0586122386,1.81753159,-2.08932471,0.69992733
-0.21897988,-0.305019736,0.560699642,-0.14080596,-0.10753572,0.720323145,-0.67062974,0.144109592,0.0808272585,-0.374550253,1.15716791,0.223330036,0.0935734063,-0.388900995,0.985445321,0.131321415,-0.0252025388,1.79021251,-2.05016375,0.743696511,0.0672328398,0.0587979592,1.78448188,-2.03446412,0.676657677
-0.218182981,-0.303692728,0.576885104,-0.140878692,-0.108132355,0.720644593,-0.670173168,0.116144203,0.0738601461,-0.352549016,1.14756739,0.199383363,0.0880724564,-0.366729081,0.970884562,0.12657091,-0.0247518364,1.75850749,-2.00025225,0.72055465,0.0685918033,0.0589836836,1.75143218,-1.97960377,0.653388083
-0.217563212,-0.303584218,0.592393041,-0.140996709,-0.108497672,0.720465362,-0.670281947,0.0822239518,0.0681598857,-0.328308791,1.14171445,0.169687137,0.0833933577,-0.342740089,0.962217093,0.122991093,-0.0254320409,1.72267652,-1.95121896,0.704152226,0.0721458793,0.0589357428,1.71457493,-1.92691159,0.638317049
-0.217107266,-0.304602593,0.607274413,-0.141156599,-0.108649038,0.719823003,-0.670913577,0.0427963659,0.0636312589,-0.301997811,1.13932776,0.134673491,0.0794743374,-0.317070603,0.959000111,0.120493963,-0.0271581635,1.68302977,-1.90299761,0.69398272,0.0777301043,0.0586717017,1.674196,-1.87622476,0.63082844
-0.21665132,-0.305620998,0.622155845,-0.141316399,-0.108800322,0.719180107,-0.671544671,0.00336877839,0.0591026358,-0.27568686,1.13694096,0.0996598452,0.0755553171,-0.291401118,0.955783129,0.117996834,-0.0288842842,1.64338303,-1.85477638,0.683813214,0.0833143294,0.0584076568,1.6338172,-1.82553792,0.623339832
-0.216195375,-0.306639403,0.637037218,-0.14147605,-0.108951509,0.718536556,-0.672175229,-0.0360588133,0.0545740128,-0.24937588,1.13455427,0.0646461919,0.0716362968,-0.265731633,0.952566087,0.115499713,-0.0306104068,1.60373628,-1.80655503,0.673643649,0.088898547,0.0581436157,1.59343839,-1.77485108,0.615851283
-0.215739429,-0.307657778,0.65191859,-0.141635582,-0.109102584,0.717892289,-0.672805071,-0.0754863918,0.0500453934,-0.223064914,1.13216758,0.0296325497,0.0677172765,-0.240062177,0.949349105,0.113002583,-0.0323365293,1.56408954,-1.7583338,0.663474143,0.0944827721,0.0578795709,1.55305958,-1.72416425,0.608362675
-0.215310574,-0.308878839,0.666515589,-0.141759992,-0.109188803,0.717247248,-0.673452497,-0.114276938,0.0456275158,-0.197008952,1.13021708,-0.00519434642,0.0637845621,-0.214391828,0.94699645,0.110810153,-0.0340947695,1.52456641,-1.71102667,0.653912187,0.100181162,0.057453014,1.51290774,-1.67442298,0.601460278
-0.215242326,-0.312797874,0.6773265,-0.141418293,-0.108412571,0.716598094,-0.674340189,-0.144587055,0.0426839106,-0.174347565,1.13407493,-0.0375350937,0.0596695766,-0.188710079,0.956149876,0.112673908,-0.0362805724,1.48668885,-1.67588866,0.652437866,0.107399352,0.0548630394,1.47577798,-1.63726795,0.602360725
-0.215174064,-0.31671688,0.688137352,-0.141076326,-0.107636131,0.715947688,-0.675226629,-0.174897179,0.0397403054,-0.151686177,1.13793278,-0.0698758438,0.0555545911,-0.163028315,0.965303242,0.114537656,-0.038466379,1.44881129,-1.64075065,0.650963545,0.114617534,0.0522730649,1.4386481,-1.60011303,0.603261232
-0.215105817,-0.320635915,0.698948264,-0.140734062,-0.106859468,0.715295732,-0.676111639,-0.205207303,0.0367967002,-0.129024804,1.14179051,-0.102216594,0.0514396057,-0.137346551,0.974456668,0.116401412,-0.040652182,1.41093373,-1.60561275,0.649489224,0.121835724,0.049683094,1.40151823,-1.562958,0.60416168
-0.215037569,-0.32455492,0.709759116,-0.140391558,-0.106082611,0.714642525,-0.676995456,-0.235517427,0.0338530988,-0.106363423,1.14564836,-0.134557337,0.0473246239,-0.111664809,0.983610094,0.118265159,-0.0428379886,1.37305605,-1.57047474,0.648014903,0.129053921,0.0470931195,1.36438847,-1.52580309,0.605062187
-0.214969322,-0.328473955,0.720570028,-0.140048772,-0.105305545,0.713987887,-0.677877963,-0.265827537,0.0309094917,-0.0837020352,1.14950621,-0.166898087,0.0432096384,-0.0859830454,0.992763519,0.120128915,-0.0450237915,1.33517849,-1.53533673,0.646540582,0.136272103,0.0445031449,1.32725859,-1.48864806,0.605962634
-0.215030953,-0.333165348,0.728648007,-0.139300704,-0.104243308,0.713587701,-0.678617179,-0.286547422,0.0286048763,-0.0751069933,1.15648556,-0.189056814,0.0399879217,-0.0734812245,1.00261247,0.126143545,-0.0464798249,1.302562,-1.50681531,0.647436976,0.14668873,0.039881859,1.2945081,-1.45863521,0.61033988
-0.215172127,-0.338329673,0.735052526,-0.138304248,-0.103006274,0.713342309,-0.679267645,-0.30139488,0.0266915336,-0.0751251876,1.16537654,-0.204980806,0.0373131819,-0.0690498799,1.01288736,0.134699866,-0.0474889912,1.27316701,-1.48234546,0.649784982,0.159063861,0.0340167359,1.26443923,-1.43299556,0.616846025
-0.2153133,-0.343494028,0.741457045,-0.137307361,-0.101768918,0.713094711,-0.679916084,-0.316242367,0.024778191,-0.0751433894,1.17426741,-0.220904782,0.0346384421,-0.0646185353,1.02316225,0.143256202,-0.0484981574,1.24377203,-1.45787549,0.652133048,0.171438992,0.0281516127,1.23437047,-1.40735602,0.62335217
-0.215454489,-0.348658353,0.747861564,-0.136310086,-0.100531258,0.712844968,-0.680562437,-0.331089824,0.0228648484,-0.0751615912,1.18315828,-0.236828759,0.0319637023,-0.060187187,1.03343713,0.151812539,-0.0495073274,1.21437705,-1.43340564,0.654481053,0.183814123,0.0222864915,1.2043016,-1.38171649,0.629858315
-0.215595663,-0.353822708,0.754266083,-0.135312378,-0.0992933065,0.712593079,-0.681206822,-0.345937312,0.0209515058,-0.0751797855,1.19204915,-0.252752751,0.0292889625,-0.0557558388,1.04371202,0.16036886,-0.0505164936,1.18498206,-1.40893567,0.656829119,0.196189255,0.0164213665,1.17423272,-1.35607684,0.63636446
-0.21576272,-0.358869523,0.760141253,-0.134088889,-0.097911492,0.712292433,-0.681962669,-0.358139217,0.019152388,-0.0783566833,1.20283985,-0.26619187,0.0267739017,-0.0544823967,1.05569744,0.169582874,-0.051365938,1.15653789,-1.38615584,0.660018563,0.208583817,0.0107364459,1.14497876,-1.33248448,0.643406153
-0.216055661,-0.363344759,0.763442636,-0.131768346,-0.0958307683,0.711759508,-0.683265746,-0.357476562,0.0179087147,-0.0968934074,1.22286856,-0.267547965,0.0250353217,-0.0685649216,1.07600069,0.181995004,-0.0514386855,1.13271749,-1.37159491,0.667299449,0.221072868,0.00592779042,1.11968696,-1.31884694,0.653052151
-0.216348588,-0.367820024,0.766743958,-0.129446164,-0.0937488377,0.711218178,-0.684560835,-0.356813908,0.0166650414,-0.115430132,1.24289715,-0.26890403,0.0232967399,-0.0826474428,1.09630394,0.19440712,-0.051511433,1.10889721,-1.35703385,0.674580395,0.233561933,0.00111913506,1.09439528,-1.30520952,0.66269809
-0.21664153,-0.37229529,0.77004528,-0.127122462,-0.0916658044,0.710668683,-0.685847998,-0.356151253,0.0154213691,-0.133966848,1.26292586,-0.270260125,0.02155816,-0.096729964,1.11660719,0.206819236,-0.0515841842,1.08507693,-1.34247279,0.681861281,0.246050984,-0.00368951936,1.0691036,-1.29157209,0.672344089
-0.216934457,-0.376770556,0.773346603,-0.124797277,-0.0895817056,0.710110724,-0.687127113,-0.355488598,0.0141776968,-0.15250358,1.28295457,-0.27161622,0.0198195782,-0.110812485,1.13691044,0.219231367,-0.0516569316,1.06125653,-1.32791185,0.689142227,0.258540034,-0.00849817507,1.04381192,-1.27793455,0.681990087
-0.217227399,-0.381245822,0.776647925,-0.122470707,-0.0874966234,0.70954448,-0.688398123,-0.354825944,0.0129340235,-0.171040311,1.30298328,-0.272972286,0.0180809963,-0.124895014,1.15721369,0.231643483,-0.0517296791,1.03743625,-1.3133508,0.696423113,0.271029115,-0.013306831,1.01852012,-1.26429713,0.691636086
-0.217309579,-0.384703875,0.779094636,-0.121420801,-0.0870668963,0.707618892,-0.690617085,-0.361119419,0.0120041566,-0.185929909,1.31889427,-0.280012995,0.0167810973,-0.137225837,1.17427564,0.248963028,-0.0567865148,1.01757705,-1.29326582,0.704518557,0.285812765,-0.0191389993,0.997520387,-1.24804318,0.702318966
-0.21731019,-0.387768179,0.781210482,-0.120864034,-0.0872772411,0.705160916,-0.693197429,-0.370105743,0.0111957686,-0.199407667,1.33321118,-0.289254338,0.0156510193,-0.148878545,1.19008291,0.268182337,-0.0637727752,0.999251306,-1.27104247,0.712929368,0.301484704,-0.0253673885,0.978182077,-1.23077631,0.713403344
-0.217310801,-0.390832454,0.783326328,-0.120305687,-0.0874864608,0.70269376,-0.695768774,-0.379092067,0.0103873815,-0.21288541,1.3475281,-0.29849568,0.0145209422,-0.160531253,1.20589018,0.287401646,-0.0707590431,0.98092556,-1.24881911,0.72134012,0.317156643,-0.0315957777,0.958843708,-1.21350956,0.724487662
-0.217311412,-0.393896729,0.785442173,-0.119745769,-0.0876945332,0.700217426,-0.698331118,-0.388078392,0.00957899448,-0.226363152,1.36184514,-0.307737023,0.0133908652,-0.172183976,1.22169733,0.306620926,-0.0777453035,0.962599814,-1.22659576,0.729750872,0.332828581,-0.0378241651,0.939505398,-1.19624269,0.73557198
-0.217312008,-0.396961033,0.787558019,-0.119184285,-0.0879014358,0.697731912,-0.700884163,-0.397064716,0.00877060648,-0.23984091,1.37616205,-0.316978365,0.0122607872,-0.183836684,1.2375046,0.325840235,-0.0847315714,0.944274068,-1.20437241,0.738161623,0.34850052,-0.0440525562,0.920167089,-1.17897594,0.746656358
-0.217149273,-0.39985159,0.789317012,-0.118359245,-0.0881937742,0.695282996,-0.703416348,-0.406579524,0.00803897064,-0.250622422,1.38914859,-0.327663094,0.0112380041,-0.193406045,1.25186837,0.34751609,-0.0924827456,0.92638135,-1.18256211,0.746452272,0.366615057,-0.0502662957,0.900878608,-1.16213846,0.757922411
-0.216547713,-0.402275473,0.790117145,-0.116828568,-0.0887174383,0.692946374,-0.705907762,-0.417514026,0.00751351938,-0.254160821,1.398561,-0.342225283,0.0105034532,-0.197378755,1.26235461,0.375791192,-0.102288775,0.909651816,-1.16186106,0.754420102,0.39129138,-0.0564406849,0.88172394,-1.14645422,0.769676566
-0.215946138,-0.404699326,0.790917277,-0.115296148,-0.0892398506,0.69059974,-0.708389163,-0.428448528,0.00698806765,-0.257699192,1.40797341,-0.356787503,0.00976890326,-0.201351464,1.27284086,0.404066265,-0.112094797,0.892922342,-1.14116013,0.762387931,0.415967703,-0.0626150742,0.862569273,-1.13076997,0.781430781
-0.215344578,-0.407123208,0.79171747,-0.113762051,-0.089760989,0.688243151,-0.710860431,-0.43938306,0.00646261591,-0.261237592,1.41738582,-0.371349692,0.00903435331,-0.205324173,1.2833271,0.432341337,-0.121900827,0.876192808,-1.1204592,0.770355761,0.440643996,-0.0687894672,0.843414605,-1.11508572,0.793184936
-0.214743018,-0.409547091,0.792517602,-0.112226367,-0.0902808458,0.685876787,-0.713321626,-0.450317562,0.00593716372,-0.264775991,1.42679822,-0.385911882,0.00829980243,-0.209296897,1.29381335,0.46061644,-0.131706864,0.859463334,-1.09975827,0.778323591,0.465320319,-0.0749638528,0.824259937,-1.09940147,0.804939151
-0.214141443,-0.411970973,0.793317735,-0.110689148,-0.0907993987,0.683500826,-0.71577245,-0.461252064,0.00541171199,-0.268314391,1.43621051,-0.400474101,0.00756525202,-0.213269606,1.30429959,0.488891512,-0.141512886,0.8427338,-1.07905722,0.78629142,0.489996642,-0.0811382383,0.805105269,-1.08371735,0.816693366
-0.213340953,-0.414558023,0.792164564,-0.107385963,-0.0910847113,0.682022393,-0.717647135,-0.478319734,0.00503736269,-0.266555369,1.44867611,-0.424037397,0.00704193348,-0.21231474,1.31277812,0.509315133,-0.142572835,0.835502088,-1.07875395,0.79794836,0.509753883,-0.0849973038,0.791525304,-1.08513343,0.827450752
-0.212497279,-0.417180479,0.790587246,-0.103697553,-0.091318056,0.680728674,-0.719386101,-0.496718973,0.00469581876,-0.263646245,1.46180463,-0.44955492,0.00656447606,-0.210290059,1.32082081,0.528034151,-0.14173393,0.830332398,-1.08287907,0.810406268,0.528443098,-0.0883536786,0.779155612,-1.09026229,0.837991714
-0.211653605,-0.419802964,0.789009929,-0.100007124,-0.0915497318,0.679422379,-0.721111953,-0.515118241,0.0043542753,-0.260737121,1.47493303,-0.475072443,0.00608701818,-0.208265364,1.3288635,0.546753109,-0.140895024,0.825162709,-1.08700418,0.822864115,0.547132313,-0.0917100534,0.76678592,-1.09539115,0.848532736
-0.210809916,-0.422425419,0.787432611,-0.0963148624,-0.0917797238,0.678103626,-0.722824633,-0.53351748,0.00401273184,-0.257827967,1.48806155,-0.500589967,0.00560956029,-0.206240684,1.33690619,0.565472066,-0.140056118,0.819993019,-1.09112942,0.835322022,0.565821588,-0.0950664282,0.754416227,-1.10052001,0.859073699
-0.209966242,-0.425047904,0.785855293,-0.0926209837,-0.0920080319,0.676772416,-0.724523962,-0.551916718,0.00367118814,-0.254918844,1.50118995,-0.52610749,0.00513210287,-0.204216003,1.34494889,0.584191084,-0.139217213,0.814823329,-1.09525454,0.84777993,0.584510803,-0.098422803,0.742046535,-1.10564888,0.869614661
-0.209161684,-0.427413255,0.784634173,-0.0897164568,-0.0925939381,0.675551951,-0.725952446,-0.565438092,0.00337410951,-0.252540857,1.51215684,-0.547468901,0.00471680425,-0.20261088,1.35000002,0.600473046,-0.137708604,0.808465362,-1.09922779,0.859327435,0.599531233,-0.103127204,0.732056379,-1.10878086,0.877974808
-0.208423167,-0.429344535,0.784014523,-0.0881462693,-0.0937855989,0.674532413,-0.726939261,-0.570723593,0.00315210619,-0.251059651,1.51947403,-0.561813056,0.00440645684,-0.201714158,1.35000002,0.612640381,-0.135069266,0.800101042,-1.10294437,0.869337976,0.608357251,-0.110107645,0.726083875,-1.10854101,0.8826527
-0.207684666,-0.431275785,0.783394873,-0.086575523,-0.0949767232,0.673508823,-0.727921784,-0.576009154,0.00293010287,-0.249578446,1.52679133,-0.576157212,0.00409610942,-0.200817421,1.35000002,0.624807715,-0.132429913,0.791736722,-1.10666096,0.879348516,0.617183208,-0.117088079,0.72011137,-1.10830128,0.887330592
-0.206946149,-0.433207065,0.782775223,-0.0850042701,-0.0961673036,0.672481239,-0.728900015,-0.581294656,0.00270809955,-0.248097241,1.53410852,-0.590501428,0.003785762,-0.199920699,1.35000002,0.63697505,-0.129790574,0.783372402,-1.11037755,0.889359057,0.626009166,-0.124068514,0.714138865,-1.10806143,0.892008483
-0.206207648,-0.435138315,0.782155573,-0.0834325179,-0.097357288,0.671449721,-0.729873896,-0.586580217,0.00248609623,-0.246616036,1.5414257,-0.604845583,0.00347541459,-0.199023977,1.35000002,0.649142385,-0.127151221,0.775008082,-1.11409414,0.899369597,0.634835184,-0.131048948,0.708166361,-1.1078217,0.896686375
-0.205469131,-0.437069595,0.781535983,-0.0818603113,-0.0985466912,0.670414269,-0.730843484,-0.591865718,0.00226409291,-0.24513483,1.54874301,-0.619189739,0.00316506717,-0.198127255,1.35000002,0.661309719,-0.124511883,0.766643763,-1.11781073,0.909380138,0.643661141,-0.138029382,0.702193856,-1.10758185,0.901364267
-0.205098867,-0.438467622,0.780816793,-0.0816061869,-0.0995228365,0.669360101,-0.731705427,-0.590765595,0.00211375463,-0.245242044,1.55151117,-0.626132548,0.00295490306,-0.198033616,1.35000002,0.668694496,-0.120233484,0.75324899,-1.12682474,0.91827023,0.644749999,-0.14586325,0.70125401,-1.10757315,0.906440139
-0.204759628,-0.439820707,0.780089259,-0.0814628825,-0.100480795,0.668302715,-0.732556522,-0.5891276,0.00196945248,-0.245483056,1.55389631,-0.632451952,0.00275317719,-0.198007613,1.35000002,0.675676405,-0.115817025,0.739430547,-1.13628507,0.927065909,0.64518714,-0.153769001,0.700738072,-1.10758388,0.911549509
-0.204420388,-0.441173822,0.779361665,-0.081319347,-0.10143847,0.667243421,-0.73340559,-0.587489605,0.00182515022,-0.245724067,1.55628133,-0.638771355,0.00255145133,-0.197981611,1.35000002,0.682658374,-0.111400567,0.725612044,-1.14574528,0.935861588,0.64562434,-0.161674738,0.700222194,-1.10759461,0.916658878
-0.204081148,-0.442526907,0.778634131,-0.0811755806,-0.102395862,0.66618228,-0.734252512,-0.58585161,0.00168084807,-0.245965078,1.55866647,-0.645090759,0.00234972546,-0.197955608,1.35000002,0.689640284,-0.106984116,0.711793542,-1.15520549,0.944657266,0.64606154,-0.169580489,0.699706256,-1.10760534,0.921768248
-0.203741908,-0.443880022,0.777906597,-0.0810316056,-0.103352971,0.66511935,-0.735097587,-0.584213614,0.00153654593,-0.24620609,1.56105149,-0.651410162,0.00214799959,-0.197929606,1.35000002,0.696622193,-0.102567658,0.697975099,-1.16466582,0.953453004,0.64649868,-0.177486226,0.699190319,-1.10761607,0.926877558
-0.203511238,-0.445105582,0.776883423,-0.0810138732,-0.10426265,0.664339364,-0.735676169,-0.582630873,0.00141611614,-0.247296348,1.56128311,-0.654161513,0.00197964604,-0.198331058,1.35000002,0.699539781,-0.0981822312,0.686940074,-1.17886591,0.960133016,0.645926237,-0.183268428,0.698662579,-1.11097431,0.932354987
-0.20340167,-0.446188837,0.775530457,-0.0811371356,-0.105119616,0.663876057,-0.735958755,-0.581109762,0.00132231973,-0.249334082,1.55911195,-0.652932227,0.00184852409,-0.199209377,1.35000002,0.697922945,-0.0938314199,0.67901051,-1.19835413,0.964452744,0.644227326,-0.186681479,0.698121667,-1.11806738,0.938242912
-0.203292117,-0.447272092,0.774177551,-0.0812603086,-0.10597647,0.663412094,-0.736240685,-0.579588652,0.00122852332,-0.251371831,1.55694091,-0.651702881,0.00171740237,-0.200087711,1.35000002,0.696306109,-0.0894806087,0.671080887,-1.21784234,0.968772471,0.642528415,-0.190094516,0.697580755,-1.12516057,0.944130898
-0.203182548,-0.448355377,0.772824585,-0.0813833922,-0.106833205,0.662947357,-0.736521721,-0.578067541,0.00113472692,-0.253409564,1.55476987,-0.650473535,0.00158628053,-0.200966045,1.35000002,0.694689274,-0.08512979,0.663151324,-1.23733056,0.973092198,0.640829504,-0.193507567,0.697039902,-1.13225365,0.950018883
-0.20307298,-0.449438632,0.77147162,-0.0815064013,-0.107689835,0.662481964,-0.736802042,-0.576546431,0.00104093039,-0.255447298,1.55259871,-0.649244189,0.00145515869,-0.201844379,1.35000002,0.693072438,-0.0807789788,0.65522176,-1.25681877,0.977411926,0.639130652,-0.196920604,0.69649899,-1.13934672,0.955906868
-0.202967823,-0.450520724,0.770109117,-0.0816356614,-0.108536109,0.662071168,-0.737032831,-0.57501334,0.000947889581,-0.257496387,1.55037749,-0.647926211,0.00132509309,-0.202734083,1.35000002,0.691288948,-0.07641837,0.647439361,-1.27639854,0.981674731,0.637380004,-0.200232193,0.695931137,-1.14658105,0.961767614
-0.203049377,-0.451553017,0.768339753,-0.0820338652,-0.108947188,0.664003909,-0.735186994,-0.572971106,0.000886921945,-0.260027975,1.54602802,-0.642844856,0.00123986392,-0.204106674,1.35000002,0.682430685,-0.0716419518,0.64590621,-1.2998637,0.983519971,0.633433461,-0.199237049,0.694220543,-1.15980947,0.966472805
-0.203130916,-0.45258531,0.766570389,-0.0824314803,-0.109357461,0.665931642,-0.733335674,-0.570928812,0.000825954252,-0.262559593,1.54167855,-0.637763441,0.00115463475,-0.205479264,1.35000002,0.673572481,-0.0668655336,0.644373,-1.32332885,0.985365212,0.629486978,-0.198241904,0.692509949,-1.17303801,0.971177995
-0.20321247,-0.453617603,0.764801085,-0.0828284696,-0.109766908,0.667854428,-0.731478751,-0.568886518,0.000764986617,-0.265091181,1.53732908,-0.632682085,0.00106940558,-0.206851855,1.35000002,0.664714217,-0.0620891154,0.642839849,-1.34679401,0.987210453,0.625540435,-0.19724676,0.690799356,-1.18626642,0.975883186
-0.203294024,-0.454649866,0.763031721,-0.0832248405,-0.110175543,0.669772267,-0.729616463,-0.566844225,0.000704018923,-0.267622799,1.53297961,-0.627600729,0.000984176411,-0.208224446,1.35000002,0.655856013,-0.0573126972,0.641306639,-1.37025917,0.989055753,0.621593893,-0.196251616,0.689088702,-1.19949496,0.980588377
-0.203375563,-0.455682158,0.761262417,-0.0836205781,-0.11058335,0.67168504,-0.727748692,-0.564801931,0.000643051288,-0.270154387,1.52863014,-0.622519314,0.000898947299,-0.209597036,1.35000002,0.64699775,-0.052536279,0.639773488,-1.39372432,0.990900993,0.61764735,-0.195256472,0.687378109,-1.21272337,0.985293567
-0.203270987,-0.456390202,0.761416137,-0.0806998685,-0.107960455,0.677657664,-0.722919226,-0.569952667,0.000594318495,-0.269361734,1.5291003,-0.631056368,0.000830821693,-0.215732783,1.35000002,0.639733255,-0.0446150154,0.634325981,-1.39985847,0.981701493,0.613818586,-0.186935052,0.675647914,-1.22074819,0.983824074
-0.203027889,-0.456856936,0.763000906,-0.0752970949,-0.103064574,0.686561167,-0.715780616,-0.580455601,0.000554689614,-0.266095549,1.53315663,-0.649726808,0.000775422726,-0.225412756,1.35000002,0.633654535,-0.0343536995,0.625965774,-1.3930968,0.964283764,0.610077441,-0.173162222,0.656462252,-1.22490096,0.977760017
-0.202784806,-0.4573237,0.764585674,-0.0698782131,-0.0981477126,0.695342362,-0.708507538,-0.590958595,0.000515060732,-0.262829334,1.53721309,-0.668397188,0.000720023818,-0.235092729,1.35000002,0.627575874,-0.0240923874,0.617605567,-1.38633513,0.946865976,0.606336355,-0.159389392,0.63727659,-1.22905374,0.97169596
-0.202541724,-0.457790434,0.766170382,-0.0644462183,-0.0932125747,0.703996539,-0.701104164,-0.60146153,0.000475431851,-0.259563148,1.54126942,-0.687067568,0.000664624851,-0.244772702,1.35000002,0.621497214,-0.0138310706,0.60924542,-1.37957346,0.929448187,0.60259521,-0.145616561,0.618090928,-1.23320651,0.965631902
-0.202298641,-0.458257198,0.767755151,-0.0590040833,-0.0882618725,0.712518811,-0.693574369,-0.611964464,0.000435802998,-0.256296962,1.54532576,-0.705737948,0.000609225885,-0.254452676,1.35000002,0.615418553,-0.00356975873,0.600885212,-1.37281179,0.912030458,0.598854065,-0.131843731,0.598905265,-1.2373594,0.959567904
-0.202090532,-0.458723724,0.769182384,-0.0537411831,-0.0835171491,0.720690668,-0.686106265,-0.622661233,0.00039789002,-0.253207594,1.54923916,-0.723402858,0.000556225714,-0.263485044,1.35000002,0.609198332,0.00650414126,0.593081713,-1.36730933,0.896324158,0.594717205,-0.118676998,0.580399513,-1.24151266,0.954074025
-0.202130198,-0.459188521,0.769494355,-0.0497917235,-0.0803115219,0.727243781,-0.679843664,-0.634730458,0.000372131122,-0.251370847,1.55213904,-0.73394531,0.000520216417,-0.267930269,1.35000002,0.601975143,0.0152505441,0.589221358,-1.37072635,0.892740786,0.587777436,-0.109803326,0.566709638,-1.24566984,0.952618778
-0.20216985,-0.459653348,0.769806266,-0.0458355136,-0.0770961195,0.733720481,-0.673505425,-0.646799684,0.000346372253,-0.2495341,1.55503905,-0.744487822,0.000484207092,-0.272375494,1.35000002,0.594751954,0.0239969473,0.585360944,-1.37414324,0.889157355,0.580837667,-0.100929648,0.553019762,-1.24982691,0.95116353
-0.202209502,-0.460118175,0.770118237,-0.041873835,-0.0738719553,0.740118742,-0.667093515,-0.658868968,0.000320613384,-0.247697353,1.55793905,-0.755030274,0.000448197767,-0.276820719,1.35000002,0.587528765,0.0327433497,0.58150053,-1.37756026,0.885573983,0.573897839,-0.0920559689,0.539329886,-1.25398397,0.949708283
-0.202249154,-0.460583001,0.770430148,-0.0379079692,-0.0706400797,0.746436477,-0.66061002,-0.670938194,0.000294854515,-0.245860606,1.56083906,-0.765572786,0.000412188441,-0.281265914,1.35000002,0.580305576,0.0414897501,0.577640176,-1.38097715,0.881990612,0.56695807,-0.0831822976,0.525640011,-1.25814104,0.948253036
-0.202288821,-0.461047798,0.770742059,-0.0339392088,-0.0674015507,0.75267154,-0.654057145,-0.683007479,0.000269095617,-0.24402386,1.56373906,-0.776115239,0.000376179116,-0.285711139,1.35000002,0.573082447,0.0502361543,0.573779762,-1.38439417,0.87840718,0.560018301,-0.0743086189,0.511950076,-1.26229823,0.946797788
-0.202257648,-0.461357176,0.77033323,-0.0313072577,-0.0650691912,0.757430196,-0.64891088,-0.690227151,0.000249413832,-0.243835688,1.56428754,-0.781496763,0.000348665199,-0.289379358,1.35000002,0.56445837,0.0557178929,0.572776079,-1.39057887,0.87831533,0.550558507,-0.0681537241,0.503309846,-1.26788032,0.947505414
-0.202192232,-0.461591363,0.769575834,-0.0293208919,-0.0631742328,0.761474609,-0.644442201,-0.695101917,0.000232670573,-0.244444683,1.56369901,-0.784382761,0.000325259141,-0.292671889,1.35000002,0.555157006,0.0596210323,0.573153794,-1.39810205,0.879911721,0.539880216,-0.0633134693,0.49711132,-1.27415144,0.949258864
-0.202126816,-0.461825579,0.768818498,-0.0273330584,-0.0612763241,0.765486062,-0.639944732,-0.699976683,0.000215927299,-0.245053664,1.56311035,-0.787268758,0.000301853084,-0.29596439,1.35000002,0.545855582,0.0635241717,0.573531508,-1.40562522,0.881508112,0.529201925,-0.0584732145,0.490912765,-1.28042257,0.951012373
-0.202061415,-0.462059766,0.768061101,-0.0253440179,-0.0593757182,0.769463897,-0.63541925,-0.704851449,0.00019918404,-0.245662659,1.56252182,-0.790154696,0.000278447027,-0.299256921,1.35000002,0.536554217,0.0674273148,0.573909223,-1.4131484,0.883104503,0.518523574,-0.0536329597,0.48471421,-1.28669369,0.952765822
-0.201995999,-0.462293953,0.767303705,-0.0233540256,-0.0574726574,0.773407638,-0.63086623,-0.709726274,0.000182440766,-0.246271655,1.56193316,-0.793040693,0.00025504097,-0.302549422,1.35000002,0.527252853,0.0713304579,0.574286878,-1.42067158,0.884700894,0.507845283,-0.0487927049,0.478515655,-1.29296482,0.954519272
-0.20194526,-0.462475598,0.766716301,-0.021810133,-0.0559951551,0.776442647,-0.627316415,-0.713507056,0.000169454899,-0.246743977,1.56147671,-0.795279026,0.000236887528,-0.305103064,1.35000002,0.520038784,0.074357681,0.574579835,-1.42650652,0.885939062,0.499563336,-0.0450386629,0.473708153,-1.29782867,0.955879271
-0.20194526,-0.462475598,0.766716301,-0.021810133,-0.0559951551,0.776442647,-0.627316415,-0.713507056,0.000169454899,-0.246743977,1.56147671,-0.795279026,0.000236887528,-0.305103064,1.35000002,0.520038784,0.074357681,0.574579835,-1.42650652,0.885939062,0.499563336,-0.0450386629,0.473708153,-1.29782867,0.955879271
-0.20194526,-0.462475598,0.766716301,-0.021810133,-0.0559951551,0.776442647,-0.627316415,-0.713507056,0.000169454899,-0.246743977,1.56147671,-0.795279026,0.000236887528,-0.305103064,1.35000002,0.520038784,0.074357681,0.574579835,-1.42650652,0.885939062,0.499563336,-0.0450386629,0.473708153,-1.29782867,0.955879271
-0.20194526,-0.462475598,0.766716301,-0.021810133,-0.0559951551,0.776442647,-0.627316415,-0.713507056,0.000169454899,-0.246743977,1.56147671,-0.795279026,0.000236887528,-0.305103064,1.35000002,0.520038784,0.074357681,0.574579835,-1.42650652,0.885939062,0.499563336,-0.0450386629,0.473708153,-1.29782867,0.955879271
