0.026995060965418816,-0.31033414602279663,0.8779418468475342,-0.046513237059116364,-0.10591378808021545,-0.6436582803726196,0.7565202116966248,1.1812946796417236,2.5129773479140582e-17,-0.33376583456993103,0.8296855688095093,0.3224603533744812,1.4978930639245047e-16,-0.1012372076511383,0.2301546037197113,0.18387828767299652,-0.006672367453575134,-0.4021106958389282,-0.051111623644828796,0.7949918508529663,-0.10237249732017517,0.12949787080287933,-0.5191126465797424,-0.057919297367334366,0.776743471622467
0.02634054608643055,-0.3082253038883209,0.8777639865875244,-0.04149520397186279,-0.09876731038093567,-0.6492869257926941,0.7529606223106384,1.2591382265090942,1.5481729065862955e-17,-0.35140424966812134,0.9421577453613281,0.3005252778530121,1.1072159914879548e-16,-0.18140466511249542,0.2915935516357422,0.1328687220811844,-0.020678585395216942,-0.40057095885276794,-0.014600293710827827,0.870867133140564,-0.17881739139556885,0.11071860790252686,-0.5206828117370605,-0.029162177816033363,0.856719434261322
0.02553524635732174,-0.3059322237968445,0.8772404193878174,-0.03865236043930054,-0.09328974038362503,-0.6552397012710571,0.7486414313316345,1.334946632385254,0.0125172920525074,-0.34643685817718506,1.0444644689559937,0.23408649861812592,6.952263127839555e-17,-0.26570141315460205,0.3526981472969055,0.07934673875570297,-0.03126034140586853,-0.39867204427719116,0.009957115165889263,0.9217993021011353,-0.24864017963409424,0.09262923151254654,-0.5217034816741943,-0.012483161874115467,0.9053381085395813
0.02267736755311489,-0.30305296182632446,0.8751354217529297,-0.03869854286313057,-0.08816492557525635,-0.6641883850097656,0.7413387298583984,1.4017218351364136,0.07796118408441544,-0.29465049505233765,1.1671257019042969,0.12529172003269196,4.116257523217004e-17,-0.3595159947872162,0.424535870552063,-0.016217142343521118,-0.04246802628040314,-0.4032279849052429,0.029658682644367218,0.9541067481040955,-0.34465357661247253,0.061983853578567505,-0.5223668813705444,-0.002503015100955963,0.9345604181289673
0.018795110285282135,-0.3022964298725128,0.8703902959823608,-0.048869650810956955,-0.08827371150255203,-0.6705129146575928,0.735004723072052,1.435937762260437,0.1477467268705368,-0.19326452910900116,1.2401793003082275,0.023717503994703293,2.3073443156107487e-09,-0.37807679176330566,0.4448111951351166,-0.12210400402545929,-0.05342292785644531,-0.4447382688522339,0.049713484942913055,0.9322842359542847,-0.38414466381073,0.027894239872694016,-0.5227981209754944,-0.02301429957151413,0.9285141229629517
0.01601889356970787,-0.2998008728027344,0.8657097816467285,-0.057950083166360855,-0.08660523593425751,-0.6704307198524475,0.7346181869506836,1.4516255855560303,0.2289949655532837,-0.05244828015565872,1.3017933368682861,-0.0507841557264328,0.02934436872601509,-0.29506993293762207,0.44941622018814087,-0.2547087073326111,-0.07016278803348541,-0.4723395109176636,0.05918733403086662,0.9071935415267944,-0.40107953548431396,0.0022962652146816254,-0.521171510219574,-0.03104117140173912,0.9131006002426147
0.013769721612334251,-0.29523783922195435,0.862064003944397,-0.06780099868774414,-0.08189824223518372,-0.6631177067756653,0.7409254908561707,1.4395512342453003,0.32988566160202026,0.11732770502567291,1.378129243850708,-0.1419072151184082,0.08909521251916885,-0.12821784615516663,0.4559090733528137,-0.3862431049346924,-0.07853357493877411,-0.4902803301811218,0.05660698562860489,0.8836467266082764,-0.38541674613952637,-0.018912484869360924,-0.507116973400116,-0.04637083411216736,0.8913098573684692
0.01148041058331728,-0.2917943596839905,0.8593906760215759,-0.07394570857286453,-0.07552594691514969,-0.6539355516433716,0.7491302490234375,1.3972536325454712,0.4123550057411194,0.2868541479110718,1.4529356956481934,-0.2242971956729889,0.15172725915908813,0.08869422972202301,0.49747705459594727,-0.4934059977531433,-0.0797979086637497,-0.5019418597221375,0.057084038853645325,0.8534866571426392,-0.34817981719970703,-0.02954437956213951,-0.48600298166275024,-0.06142748147249222,0.8681188821792603
0.009065601974725723,-0.28991860151290894,0.8584062457084656,-0.07768157869577408,-0.06735395640134811,-0.6451050639152527,0.7571449875831604,1.3094744682312012,0.47919052839279175,0.47763732075691223,1.5363128185272217,-0.30374571681022644,0.22246617078781128,0.35805806517601013,0.6212246417999268,-0.5627073049545288,-0.06984265893697739,-0.5095218420028687,0.06105770915746689,0.819934070110321,-0.2918218672275543,-0.03413958102464676,-0.4603460431098938,-0.07175154983997345,0.8411632776260376
0.007532964460551739,-0.28868454694747925,0.8584054708480835,-0.07960694283246994,-0.05316600576043129,-0.6424165964126587,0.7603532075881958,1.222397804260254,0.5485185980796814,0.6527209877967834,1.629664659500122,-0.3835483193397522,0.33107471466064453,0.5847784280776978,0.7772150039672852,-0.6336996555328369,-0.05233185365796089,-0.513846218585968,0.06974904239177704,0.8650944828987122,-0.25966876745224,-0.046064216643571854,-0.4348682761192322,-0.0472438745200634,0.8749690651893616
0.0065002101473510265,-0.2879832983016968,0.8592346906661987,-0.08087716996669769,-0.04103880748152733,-0.6397678256034851,0.7631983757019043,1.0999183654785156,0.5878124237060547,0.8526140451431274,1.7224839925765991,-0.4632338881492615,0.4421640634536743,0.7912626266479492,0.9524768590927124,-0.6819241642951965,-0.036054160445928574,-0.5158168077468872,0.07588008791208267,0.8994954824447632,-0.2378748506307602,-0.05785170942544937,-0.412470281124115,-0.02981921099126339,0.8972272872924805
0.006937459576874971,-0.2885596752166748,0.8599861860275269,-0.07971688359975815,-0.032613229006528854,-0.6401225328445435,0.763429582118988,0.9049270749092102,0.547633707523346,1.103083848953247,1.8063852787017822,-0.5407434105873108,0.5339375734329224,1.0041619539260864,1.1555969715118408,-0.7134124040603638,-0.029774053022265434,-0.5134789347648621,0.07986532896757126,0.9222882986068726,-0.2385621815919876,-0.06417116522789001,-0.3969986140727997,-0.01705854758620262,0.9108000993728638
0.009196504019200802,-0.2897487282752991,0.8609670996665955,-0.07901238650083542,-0.02423236332833767,-0.6433682441711426,0.7610828876495361,0.6792000532150269,0.42354342341423035,1.3238260746002197,1.8557871580123901,-0.5916123390197754,0.6389898061752319,1.1937708854675293,1.2996697425842285,-0.7338118553161621,-0.02484099008142948,-0.511660099029541,0.08245573192834854,0.9408655166625977,-0.2587888538837433,-0.07254955172538757,-0.38170671463012695,-0.008582103066146374,0.9173779487609863
0.010913113132119179,-0.2901982069015503,0.8636612892150879,-0.08335961401462555,-0.013365657068789005,-0.6419379711151123,0.7620946168899536,0.4630090296268463,0.2753032147884369,1.43770432472229,1.8166301250457764,-0.5880351066589355,0.7549350261688232,1.3487730026245117,1.350000023841858,-0.7144166827201843,0.0014153309166431427,-0.5158386826515198,0.08413949608802795,0.9126989841461182,-0.2107110619544983,-0.0869683101773262,-0.3477822244167328,-0.03676125779747963,0.8778977394104004
0.010493110865354538,-0.29109472036361694,0.8666382431983948,-0.08798405528068542,-0.0013358788564801216,-0.6408833265304565,0.7625782489776611,0.27930209040641785,0.1789470762014389,1.4811885356903076,1.7120293378829956,-0.5662644505500793,0.8709898591041565,1.4635637998580933,1.350000023841858,-0.6874188780784607,0.03563327714800835,-0.5185548067092896,0.08523394167423248,0.9155462980270386,-0.1327710896730423,-0.10476715862751007,-0.315173476934433,-0.05986965820193291,0.8646030426025391
0.008787143975496292,-0.2921180725097656,0.8702090978622437,-0.094706691801548,0.010645105503499508,-0.6409121155738831,0.7616750597953796,0.1366264373064041,0.11631559580564499,1.4683339595794678,1.5803663730621338,-0.5468684434890747,0.9869081377983093,1.5519261360168457,1.350000023841858,-0.6413784027099609,0.07806220650672913,-0.5203202366828918,0.08594533056020737,0.934831976890564,-0.03584856539964676,-0.12684214115142822,-0.29043227434158325,-0.08321482688188553,0.8615146279335022
0.0078495554625988,-0.2926172614097595,0.8725754022598267,-0.0996294617652893,0.0207554642111063,-0.6419646739959717,0.7599502801895142,0.028333984315395355,0.0756051316857338,1.4442083835601807,1.4635615348815918,-0.534773588180542,1.1208255290985107,1.616536021232605,1.350000023841858,-0.6165669560432434,0.108312226831913,-0.5214678049087524,0.08640773594379425,0.9639099836349487,0.03884478658437729,-0.14499765634536743,-0.2730001211166382,-0.09454317390918732,0.872672438621521
0.0071054548025131226,-0.29319295287132263,0.8741962313652039,-0.10309814661741257,0.029197989031672478,-0.6405143737792969,0.7604338526725769,-0.06043654680252075,0.04914333298802376,1.4099645614624023,1.3469053506851196,-0.5237667560577393,1.2823412418365479,1.664615273475647,1.350000023841858,-0.6065587401390076,0.13099677860736847,-0.5222136974334717,0.08670829981565475,0.9800198078155518,0.09976471215486526,-0.1598682701587677,-0.26019346714019775,-0.10233280062675476,0.8759921789169312
0.006342074368149042,-0.2940390110015869,0.8749274015426636,-0.10464643687009811,0.033843204379081726,-0.6364321112632751,0.763451337814331,-0.13596737384796143,0.03194316476583481,1.3642430305480957,1.2239681482315063,-0.5159235000610352,1.4576362371444702,1.6950616836547852,1.350000023841858,-0.6085102558135986,0.1416778564453125,-0.5226985216140747,0.08690366894006729,0.9939886331558228,0.14936839044094086,-0.16688120365142822,-0.25241819024086,-0.10589896887540817,0.8850873112678528
0.0055010076612234116,-0.29574054479599,0.8747953176498413,-0.1039540097117424,0.03578158840537071,-0.6297975182533264,0.768939733505249,-0.18279866874217987,0.020763056352734566,1.295421838760376,1.0965033769607544,-0.5246936082839966,1.6582353115081787,1.7044017314910889,1.350000023841858,-0.6226822733879089,0.14224669337272644,-0.5230136513710022,0.08703065663576126,1.0064889192581177,0.18951094150543213,-0.16649524867534637,-0.24774867296218872,-0.10599419474601746,0.8998486399650574
0.0038968301378190517,-0.2968452572822571,0.8736398220062256,-0.10099486261606216,0.033592794090509415,-0.631952166557312,0.7676639556884766,-0.1787942498922348,0.013495986349880695,1.187075138092041,0.9679487943649292,-0.5545758008956909,1.8731313943862915,1.7038159370422363,1.350000023841858,-0.6309487223625183,0.13247472047805786,-0.5232185125350952,0.08711320161819458,1.0125197172164917,0.21813882887363434,-0.1560141146183014,-0.2434990406036377,-0.10225022584199905,0.9225216507911682
0.0009508325019851327,-0.2935144007205963,0.8732911348342896,-0.09546355158090591,0.013717911206185818,-0.6479026079177856,0.7555930018424988,-0.09051647782325745,0.008772390894591808,0.8678695559501648,0.8291815519332886,-0.6781259179115295,2.2091147899627686,1.7477211952209473,1.350000023841858,-0.6029386520385742,0.09001488983631134,-0.5233516693115234,0.08716685324907303,0.980028510093689,0.20556503534317017,-0.11458383500576019,-0.2458030730485916,-0.10883082449436188,0.9565643668174744
-0.0004615808720700443,-0.2908538281917572,0.8756494522094727,-0.09237268567085266,-0.0032611247152090073,-0.6679553389549255,0.7384390830993652,0.05144578963518143,0.005702053662389517,0.43706366419792175,0.9105114936828613,-0.8274393677711487,2.5002851486206055,1.8466206789016724,1.350000023841858,-0.5324113965034485,0.0648210346698761,-0.5234382152557373,0.08720172941684723,0.9487744569778442,0.15511064231395721,-0.0847594290971756,-0.2518429458141327,-0.11973526328802109,0.96988844871521
-0.0002913062635343522,-0.2899392247200012,0.8755519390106201,-0.09180885553359985,-0.013584445230662823,-0.6827200055122375,0.7247620224952698,0.1394575834274292,0.0037063348572701216,0.05062943696975708,1.1368348598480225,-0.9749467372894287,2.7099852561950684,1.9671330451965332,1.350000023841858,-0.461788147687912,0.05652012676000595,-0.5234944820404053,0.08722439408302307,0.9355924725532532,0.07930149137973785,-0.07391482591629028,-0.2623676657676697,-0.12226773053407669,0.9692378640174866
0.0012080511078238487,-0.2897751033306122,0.8757141828536987,-0.0901058092713356,-0.01906571164727211,-0.690037727355957,0.7178895473480225,0.20360329747200012,0.002409117529168725,-0.22338202595710754,1.3558540344238281,-1.064927577972412,2.813995122909546,2.0699970722198486,1.350000023841858,-0.46105629205703735,0.03942061960697174,-0.5235310792922974,0.08723912388086319,0.9614430665969849,-0.005591653287410736,-0.07082326710224152,-0.2894788384437561,-0.0717741996049881,0.9822583198547363
0.0025848927907645702,-0.28899121284484863,0.8759531378746033,-0.08839242160320282,-0.02300647459924221,-0.6977742314338684,0.7104706764221191,0.24957653880119324,0.0015659263590350747,-0.40374955534935,1.5285530090332031,-1.115180253982544,2.8780884742736816,2.1377358436584473,1.350000023841858,-0.46956098079681396,0.023393085226416588,-0.5235548615455627,0.08543481677770615,0.9788011908531189,-0.0745246633887291,-0.06802308559417725,-0.30401933193206787,-0.03699643164873123,0.9910950064659119
0.002396882977336645,-0.28727537393569946,0.87621009349823,-0.08660608530044556,-0.025092707946896553,-0.7124830484390259,0.6958718299865723,0.2771620452404022,0.001017852104268968,-0.5186625719070435,1.688899278640747,-1.1468199491500854,2.970297336578369,2.183635711669922,1.350000023841858,-0.4525880813598633,0.018074793741106987,-0.5235702991485596,0.08460472524166107,0.9676154255867004,-0.1404290646314621,-0.0682993158698082,-0.28376126289367676,-0.06140375882387161,0.9918630719184875
0.003438943764194846,-0.2875572741031647,0.8759698271751404,-0.08470667153596878,-0.02638407051563263,-0.719136118888855,0.6891819834709167,0.2982334494590759,0.0006616038153879344,-0.5960359573364258,1.822265863418579,-1.142958641052246,2.9950361251831055,2.2124290466308594,1.350000023841858,-0.47719788551330566,0.004066020250320435,-0.5235803127288818,0.08297434449195862,0.9858608245849609,-0.20794816315174103,-0.06882914900779724,-0.2949998378753662,-0.0294117983430624,1.0002789497375488
0.004569838754832745,-0.28840553760528564,0.8758659362792969,-0.08318597823381424,-0.026350056752562523,-0.7274790406227112,0.6805586218833923,0.3201367259025574,0.00043004247709177434,-0.6479328870773315,1.919857382774353,-1.1346626281738281,3.0100109577178955,2.2310585975646973,1.350000023841858,-0.5032861828804016,-0.0077545298263430595,-0.5235868692398071,0.07893647253513336,0.9935603141784668,-0.2589164078235626,-0.06911543756723404,-0.2989576756954193,-0.008778185583651066,1.0032317638397217
0.004915222525596619,-0.2881510257720947,0.876523494720459,-0.08326603472232819,-0.024012049660086632,-0.7448946833610535,0.6615301370620728,0.3526398539543152,0.00027952759410254657,-0.6845634579658508,1.9950025081634521,-1.1453595161437988,3.0560622215270996,2.2443110942840576,1.350000023841858,-0.5293229222297668,-0.015514608472585678,-0.5235911011695862,0.06362594664096832,0.9668456315994263,-0.2837892770767212,-0.07233560085296631,-0.26813408732414246,-0.046199969947338104,0.9920370578765869
0.005921827629208565,-0.2907421588897705,0.8766250610351562,-0.0822300985455513,-0.01765519566833973,-0.7565206289291382,0.648539125919342,0.37709128856658936,0.00018169292889069766,-0.7088915109634399,2.062591552734375,-1.137223482131958,3.0575554370880127,2.2511518001556396,1.350000023841858,-0.585670530796051,-0.021446075290441513,-0.5235938429832458,0.06005434691905975,0.9778904914855957,-0.3112320899963379,-0.07772883027791977,-0.2641245126724243,-0.022606737911701202,0.9974112510681152
0.007131829857826233,-0.29423701763153076,0.8760448694229126,-0.08168221265077591,-0.01242564246058464,-0.7703337073326111,0.6322654485702515,0.38723042607307434,0.00011810039723059162,-0.7187368273735046,2.121333122253418,-1.1316742897033691,3.056917428970337,2.254249334335327,1.350000023841858,-0.6545485854148865,-0.03328824043273926,-0.5235956311225891,0.05376937985420227,0.9866870641708374,-0.33818942308425903,-0.08233548700809479,-0.2658221125602722,-0.004172169603407383,0.9994112849235535
0.007529988884925842,-0.29913008213043213,0.8747363090515137,-0.08621899038553238,-0.009534443728625774,-0.7890106439590454,0.6082249879837036,0.39021408557891846,7.676525274291635e-05,-0.7071772813796997,2.1620802879333496,-1.1716395616531372,3.086500406265259,2.2588539123535156,1.350000023841858,-0.7003458738327026,-0.04437210410833359,-0.5235968232154846,0.026136789470911026,0.9844732284545898,-0.3348439633846283,-0.0915883481502533,-0.27177006006240845,-0.010524295270442963,0.9794806241989136
0.006689178291708231,-0.3041735589504242,0.873214602470398,-0.09458120167255402,-0.0050993915647268295,-0.8046857118606567,0.5860966444015503,0.38209104537963867,4.989746958017349e-05,-0.682585597038269,2.185201406478882,-1.2481497526168823,3.1057815551757812,2.262380599975586,1.350000023841858,-0.7301141023635864,-0.039594616740942,-0.5235975980758667,-0.009792115539312363,0.9970439672470093,-0.2832423150539398,-0.10549644380807877,-0.2824363112449646,-0.021461904048919678,0.9531823396682739
0.005304282531142235,-0.30946844816207886,0.8728412389755249,-0.09865588694810867,-0.004440756514668465,-0.8197507858276367,0.5641418695449829,0.35781410336494446,5.493067146744579e-05,-0.652552604675293,2.2018935680389404,-1.297577977180481,3.118267059326172,2.2646727561950684,1.350000023841858,-0.7494634389877319,-0.03182150796055794,-0.5235980749130249,-0.0022654980421066284,1.0145984888076782,-0.24473118782043457,-0.10785128176212311,-0.299437940120697,-0.019295629113912582,0.9360912442207336
0.002651909366250038,-0.31399330496788025,0.8711315989494324,-0.11032811552286148,-0.004432141315191984,-0.833378791809082,0.5415605902671814,0.3285413384437561,3.570505214156583e-05,-0.6186600923538208,2.205146074295044,-1.376744031906128,3.126430034637451,2.266162633895874,1.350000023841858,-0.7620404958724976,-0.02377147041261196,-0.5235983729362488,-0.032903145998716354,1.0260089635849,-0.17748703062534332,-0.11444047093391418,-0.3282960057258606,-0.031003069132566452,0.8970227241516113
0.0005559275159612298,-0.31753742694854736,0.8720666766166687,-0.11429433524608612,-0.008194041438400745,-0.8470925688743591,0.5189449191093445,0.2965334355831146,5.938554386375472e-05,-0.5814306735992432,2.2102832794189453,-1.420804738998413,3.1317081451416016,2.2671310901641846,1.350000023841858,-0.770215630531311,-0.019426189363002777,-0.5235985517501831,-0.013658649288117886,1.0334258079528809,-0.13336627185344696,-0.1053665354847908,-0.3464564085006714,-0.03260105475783348,0.8827260136604309
-0.0021897675469517708,-0.32048124074935913,0.8725368976593018,-0.11967264860868454,-0.009981716983020306,-0.8596600890159607,0.4965514838695526,0.2685529887676239,5.5431788496207446e-05,-0.5503202080726624,2.211519241333008,-1.4586725234985352,3.1351542472839355,2.267760753631592,1.350000023841858,-0.7755294442176819,-0.010788749903440475,-0.5235986709594727,0.0007917508482933044,1.038246750831604,-0.09622366726398468,-0.10251957178115845,-0.3606579303741455,-0.03824479877948761,0.8695676326751709
-0.005093189887702465,-0.3229118287563324,0.8729516267776489,-0.12468433380126953,-0.01026444137096405,-0.8705723285675049,0.4758699834346771,0.24771931767463684,5.2341951231937855e-05,-0.5234023928642273,2.211219549179077,-1.4878644943237305,3.137392044067383,2.26816987991333,1.350000023841858,-0.7789834141731262,-0.00017206324264407158,-0.5235987901687622,0.010279237292706966,1.0413804054260254,-0.06494172662496567,-0.1028335690498352,-0.3698112964630127,-0.04502059891819954,0.8600729703903198
-0.0074224043637514114,-0.3247271478176117,0.8738213777542114,-0.12692639231681824,-0.009913495741784573,-0.8788840174674988,0.4597328305244446,0.22949209809303284,0.0001869776169769466,-0.4941349923610687,2.2143595218658447,-1.5002377033233643,3.1388344764709473,2.2684359550476074,1.350000023841858,-0.7812284827232361,0.010851593688130379,-0.523598849773407,0.019951332360506058,1.04341721534729,-0.04238910600543022,-0.10292399674654007,-0.37346380949020386,-0.045025553554296494,0.8574752807617188
-0.008778966963291168,-0.3256434202194214,0.8746396899223328,-0.12874257564544678,-0.00925533939152956,-0.8848709464073181,0.4475969970226288,0.21932795643806458,0.00013552888412959874,-0.4711928367614746,2.217252492904663,-1.5083117485046387,3.1397831439971924,2.268608808517456,1.350000023841858,-0.782687783241272,0.02153296023607254,-0.5235989093780518,0.01799457147717476,1.044741153717041,-0.02255789004266262,-0.10345210134983063,-0.37323540449142456,-0.047389283776283264,0.8586441874504089
-0.009074313566088676,-0.3259781301021576,0.8759289383888245,-0.12743906676769257,-0.008435750380158424,-0.88829106092453,0.441165566444397,0.21410119533538818,0.00012132561823818833,-0.45061105489730835,2.2268242835998535,-1.5005886554718018,3.140374183654785,2.268721103668213,1.350000023841858,-0.7836363315582275,0.027405470609664917,-0.5235989093780518,0.014606254175305367,1.045601725578308,-0.013419486582279205,-0.10310368239879608,-0.36757785081863403,-0.041262879967689514,0.8688462972640991
-0.008206206373870373,-0.3260383605957031,0.877406120300293,-0.12440426647663116,-0.008129316382110119,-0.8888457417488098,0.44092026352882385,0.21441739797592163,9.982007031794637e-05,-0.43439483642578125,2.241635799407959,-1.4860258102416992,3.1407408714294434,2.268794059753418,1.350000023841858,-0.7842528820037842,0.024527106434106827,-0.5235989093780518,0.006012439727783203,1.0461610555648804,-0.013807117938995361,-0.10094183683395386,-0.35524338483810425,-0.03608212620019913,0.8862184882164001
-0.006535159423947334,-0.3253827691078186,0.8790736198425293,-0.11998270452022552,-0.007872715592384338,-0.8861720561981201,0.4474831521511078,0.2203570455312729,7.929799903649837e-05,-0.42742258310317993,2.256761312484741,-1.4650893211364746,3.140434741973877,2.268841505050659,1.350000023841858,-0.7846536636352539,0.017693709582090378,-0.5235989093780518,0.0005829355213791132,1.0465246438980103,-0.023696545511484146,-0.09796756505966187,-0.33478596806526184,-0.031737059354782104,0.912385106086731
-0.0042305001989007,-0.3239780366420746,0.8808032274246216,-0.11382794380187988,-0.008808241225779057,-0.878634512424469,0.46364524960517883,0.23257318139076233,6.245174881769344e-05,-0.43214455246925354,2.2643420696258545,-1.4420990943908691,3.1313438415527344,2.2688724994659424,1.350000023841858,-0.7849141359329224,0.006334101315587759,-0.5235989093780518,0.004069030750542879,1.0310554504394531,-0.03874145448207855,-0.089887335896492,-0.30578482151031494,-0.03608902543783188,0.9371386766433716
-0.0009311772882938385,-0.31970807909965515,0.8826331496238708,-0.10797947645187378,-0.01310131885111332,-0.8676621913909912,0.4851093590259552,0.23333391547203064,4.059369894093834e-05,-0.45216143131256104,2.252157211303711,-1.4467051029205322,3.1349291801452637,2.268892526626587,1.350000023841858,-0.7850834727287292,-0.0061642760410904884,-0.5235989093780518,0.00763461459428072,0.9856473207473755,-0.03923438489437103,-0.07418264448642731,-0.259272962808609,-0.08127379417419434,0.95405113697052
0.002283463254570961,-0.31613829731941223,0.8845375776290894,-0.09964956343173981,-0.015593273565173149,-0.8493218421936035,0.5181497931480408,0.22884738445281982,0.00020749805844388902,-0.4738306403160095,2.247133493423462,-1.4360592365264893,3.0828278064727783,2.2689056396484375,1.350000023841858,-0.7823597192764282,-0.003851082408800721,-0.5235989093780518,0.028346113860607147,0.9836023449897766,-0.04757677763700485,-0.05805197358131409,-0.24750182032585144,-0.05133844539523125,0.9778161644935608
0.0063972133211791515,-0.3115841746330261,0.8856511116027832,-0.09278599172830582,-0.023383930325508118,-0.8261628746986389,0.5552467107772827,0.2173795998096466,0.00041357355075888336,-0.4968993365764618,2.248213768005371,-1.444740653038025,3.009751558303833,2.268914222717285,1.350000023841858,-0.7776708602905273,-0.008286142721772194,-0.5235989093780518,0.04481007531285286,0.9788417816162109,-0.06587590277194977,-0.035226430743932724,-0.25017982721328735,-0.027699751779437065,0.9978169202804565
0.011147580109536648,-0.30693313479423523,0.8852288126945496,-0.08731015771627426,-0.03666727989912033,-0.7977809309959412,0.5954645276069641,0.2060243934392929,0.003595824586227536,-0.5100339651107788,2.2559187412261963,-1.487649917602539,2.9344100952148438,2.2689197063446045,1.350000023841858,-0.7720005512237549,-0.021956944838166237,-0.5235989093780518,0.05813804641366005,0.9722952246665955,-0.10730374604463577,-0.009208359755575657,-0.2753918170928955,-0.010300153866410255,1.0138795375823975
0.0167731661349535,-0.3027593791484833,0.8815196752548218,-0.08277188986539841,-0.05845792964100838,-0.7656905055046082,0.6351768970489502,0.1860601156949997,0.024477241560816765,-0.498238205909729,2.2751855850219727,-1.5167522430419922,2.8482842445373535,2.2653746604919434,1.350000023841858,-0.7665557861328125,-0.059111565351486206,-0.5235989093780518,0.06833281368017197,0.9685683250427246,-0.19221776723861694,0.013721097260713577,-0.33968594670295715,-0.00039670243859291077,1.0255415439605713
0.022516541182994843,-0.2974115014076233,0.874830424785614,-0.07707934081554413,-0.07940585166215897,-0.732686460018158,0.6715087890625,0.1752386838197708,0.0631621778011322,-0.4560149312019348,2.322443723678589,-1.5356688499450684,2.7521891593933105,2.2594962120056152,1.350000023841858,-0.7633428573608398,-0.09967014193534851,-0.5206606984138489,0.07495959848165512,0.9701464772224426,-0.29558026790618896,0.02481086179614067,-0.4040526747703552,-0.007413767743855715,1.0324335098266602
0.027543434873223305,-0.2914271354675293,0.8654187321662903,-0.07155793160200119,-0.09520047158002853,-0.6983480453491211,0.7057806849479675,0.18709756433963776,0.11359208822250366,-0.3955337107181549,2.393279790878296,-1.5479646921157837,2.6411943435668945,2.2447056770324707,1.350000023841858,-0.7624852657318115,-0.13002684712409973,-0.5159105062484741,0.07926701009273529,0.9720056653022766,-0.4061312675476074,0.01874029077589512,-0.44589388370513916,-0.048368897289037704,1.036899209022522
0.031933803111314774,-0.2863553762435913,0.8537046909332275,-0.06656253337860107,-0.109438955783844,-0.6659757494926453,0.7348937392234802,0.21580523252487183,0.16628648340702057,-0.3417046368122101,2.4413819313049316,-1.5559570789337158,2.552314281463623,2.219630002975464,1.350000023841858,-0.7623460292816162,-0.15923607349395752,-0.5118681788444519,0.08206682652235031,0.9709014892578125,-0.5081855654716492,0.003736991435289383,-0.47309064865112305,-0.11501065641641617,1.0366780757904053
0.03568967431783676,-0.2833019495010376,0.8393428325653076,-0.06337814778089523,-0.12062812596559525,-0.6380038261413574,0.7578807473182678,0.2591341733932495,0.22774505615234375,-0.29188668727874756,2.47265362739563,-1.5611519813537598,2.487562894821167,2.1817383766174316,1.350000023841858,-0.7648541927337646,-0.18409982323646545,-0.5107473731040955,0.08314108848571777,0.9693193435668945,-0.6047954559326172,-0.024687880650162697,-0.49076855182647705,-0.19141104817390442,1.0259274244308472
0.038337815552949905,-0.2818896770477295,0.8370481729507446,-0.0632011890411377,-0.1292179375886917,-0.6140525937080383,0.7760462164878845,0.32266440987586975,0.31114524602890015,-0.23031559586524963,2.4929802417755127,-1.5645287036895752,2.4467999935150146,2.1140172481536865,1.350000023841858,-0.7699645757675171,-0.20378705859184265,-0.5130566954612732,0.0811930000782013,0.9674891829490662,-0.6680063009262085,-0.0532587468624115,-0.5022591948509216,-0.2645969092845917,1.011732816696167
0.04066809266805649,-0.28046590089797974,0.8367737531661987,-0.06522097438573837,-0.133423313498497,-0.6016243100166321,0.7848519682884216,0.38352543115615845,0.408341646194458,-0.17358091473579407,2.506192684173584,-1.5667235851287842,2.4189250469207764,2.033316135406494,1.350000023841858,-0.7746179103851318,-0.21716958284378052,-0.5167461633682251,0.07713748514652252,0.9642937183380127,-0.7090933322906494,-0.06956985592842102,-0.5077890753746033,-0.3179043233394623,0.9973980188369751
0.043581798672676086,-0.27899858355522156,0.8365480899810791,-0.06815577298402786,-0.13342314958572388,-0.6018795967102051,0.784406840801239,0.4395504891872406,0.5094473958015442,-0.13279208540916443,2.5147807598114014,-1.568150281906128,2.404834508895874,1.9557747840881348,1.350000023841858,-0.7783907651901245,-0.22627496719360352,-0.5191446542739868,0.06907335668802261,0.9632315039634705,-0.7357999086380005,-0.06779782474040985,-0.5056749582290649,-0.3585700988769531,0.9852327108383179
0.047380805015563965,-0.2778294086456299,0.8359353542327881,-0.07104948908090591,-0.13101060688495636,-0.6104809641838074,0.7778825163841248,0.4882713556289673,0.6048584580421448,-0.1082422062754631,2.5203628540039062,-1.5689820051193237,2.412278652191162,1.8895257711410522,1.350000023841858,-0.7808432579040527,-0.2323717623949051,-0.5207036733627319,0.05775097757577896,0.9639260172843933,-0.75315922498703,-0.04723544418811798,-0.49901583790779114,-0.39326637983322144,0.9763678312301636
0.05165715888142586,-0.2781022787094116,0.8352100849151611,-0.07210279256105423,-0.12633582949638367,-0.6235471367835999,0.7681337594985962,0.521331250667572,0.6822265386581421,-0.09248867630958557,2.523991346359253,-1.569284200668335,2.4342992305755615,1.8436405658721924,1.350000023841858,-0.7824373841285706,-0.23335707187652588,-0.5217170119285583,0.05110479146242142,0.9683578014373779,-0.7644428014755249,-0.001505902037024498,-0.4918636977672577,-0.4240860939025879,0.9724913835525513
0.05477403104305267,-0.27971455454826355,0.8324922323226929,-0.07044288516044617,-0.12450703233480453,-0.6473946571350098,0.7486093640327454,0.522813081741333,0.6948182582855225,-0.09409479796886444,2.5263497829437256,-1.569814682006836,2.52402400970459,1.7890267372131348,1.350000023841858,-0.7792154550552368,-0.24331125617027283,-0.5223757028579712,0.04710814356803894,0.9313356876373291,-0.7717770934104919,0.07561475038528442,-0.5027364492416382,-0.4018280506134033,0.9416552186012268
0.05590236932039261,-0.28396910429000854,0.8296122550964355,-0.06661772727966309,-0.12057922780513763,-0.6738410592079163,0.7259207963943481,0.5503342747688293,0.6975710391998291,-0.09149952977895737,2.5278828144073486,-1.5701594352722168,2.592226982116699,1.758764624595642,1.350000023841858,-0.772274374961853,-0.24978196620941162,-0.5228038430213928,0.04706413298845291,0.9133409261703491,-0.7765443921089172,0.1593790501356125,-0.5100383162498474,-0.3575202524662018,0.9236375093460083
0.05385904014110565,-0.28984734416007996,0.8258536458015442,-0.06325818598270416,-0.11703475564718246,-0.698555052280426,0.7030804753303528,0.602262020111084,0.7283302545547485,-0.0772491917014122,2.528869152069092,-1.5703835487365723,2.663269519805908,1.759809970855713,1.350000023841858,-0.760777473449707,-0.2539879083633423,-0.5230821371078491,0.03584175556898117,0.9081024527549744,-0.7796431183815002,0.22055429220199585,-0.5147845149040222,-0.3157789409160614,0.9147084951400757
0.048717327415943146,-0.29713910818099976,0.8208550810813904,-0.06073663756251335,-0.1142522394657135,-0.7221693992614746,0.6795063614845276,0.6573368310928345,0.7866217494010925,-0.07019735872745514,2.5228755474090576,-1.5705292224884033,2.7604751586914062,1.7871659994125366,1.350000023841858,-0.744852602481842,-0.2567217946052551,-0.5232629776000977,0.011881162412464619,0.9067596197128296,-0.7816572785377502,0.2545907199382782,-0.5178695917129517,-0.28173765540122986,0.912918210029602
0.042252976447343826,-0.3060009777545929,0.8145015239715576,-0.06018124893307686,-0.11275091022253036,-0.7472807765007019,0.6521018743515015,0.7062121629714966,0.8641242980957031,-0.07082629203796387,2.5182077884674072,-1.5706238746643066,2.866032361984253,1.8252894878387451,1.350000023841858,-0.7152665853500366,-0.25849881768226624,-0.5233805179595947,-0.02927435003221035,0.9129320979118347,-0.7829664945602417,0.2694081664085388,-0.5198748707771301,-0.2576937675476074,0.9180464744567871
0.035484008491039276,-0.3166944980621338,0.807558000087738,-0.060515131801366806,-0.112015001475811,-0.7707854509353638,0.6242438554763794,0.7324577569961548,0.9257432818412781,-0.07535682618618011,2.5068299770355225,-1.5706853866577148,2.9624764919281006,1.8538904190063477,1.350000023841858,-0.6767922043800354,-0.25965386629104614,-0.5234568119049072,-0.07690224051475525,0.9366269111633301,-0.7838174700737,0.2743545174598694,-0.5211783051490784,-0.23958177864551544,0.9389673471450806
0.02907569147646427,-0.3275032937526703,0.8015733361244202,-0.06076910346746445,-0.11143818497657776,-0.7880666255950928,0.6023617386817932,0.7313121557235718,0.957288384437561,-0.07851853221654892,2.4849331378936768,-1.570725440979004,3.0251660346984863,1.8711458444595337,1.350000023841858,-0.6459358334541321,-0.26040464639663696,-0.5234662294387817,-0.11529679596424103,0.972071647644043,-0.7843706011772156,0.2732800841331482,-0.5220255255699158,-0.22573047876358032,0.9740110635757446
0.023126021027565002,-0.336017906665802,0.7970864772796631,-0.059336330741643906,-0.11254604905843735,-0.7981716990470886,0.5888416767120361,0.698875904083252,0.9500434994697571,-0.07962140440940857,2.4563379287719727,-1.570751428604126,3.0659141540527344,1.889805793762207,1.350000023841858,-0.6181626915931702,-0.26089268922805786,-0.5235126614570618,-0.13937944173812866,0.9903979301452637,-0.7847301363945007,0.2730702757835388,-0.5225762128829956,-0.21915525197982788,0.9996271729469299
0.017099343240261078,-0.3425271213054657,0.7944545745849609,-0.05520164221525192,-0.11266081035137177,-0.799795925617218,0.5870151519775391,0.6547273993492126,0.9094858169555664,-0.07970915734767914,2.434037923812866,-1.5707683563232422,3.092400074005127,1.9110931158065796,1.350000023841858,-0.6193077564239502,-0.2612099051475525,-0.5235427618026733,-0.13860636949539185,0.9904516339302063,-0.784963846206665,0.2726186513900757,-0.5229341983795166,-0.21778976917266846,1.016277551651001
0.012036141939461231,-0.34629160165786743,0.793357789516449,-0.05131494998931885,-0.11226190626621246,-0.7951973080635071,0.593654215335846,0.6049717664718628,0.8447595834732056,-0.07884765416383743,2.4213080406188965,-1.5707793235778809,3.090085983276367,1.9414279460906982,1.350000023841858,-0.6431926488876343,-0.26141607761383057,-0.5235624313354492,-0.12535294890403748,0.9831352829933167,-0.7851157784461975,0.2691037058830261,-0.5231668949127197,-0.22345015406608582,1.0271003246307373
0.008446015417575836,-0.34757930040359497,0.7938693761825562,-0.04878539219498634,-0.11133036017417908,-0.786643922328949,0.6053237915039062,0.5631634593009949,0.7648023366928101,-0.07499698549509048,2.4071760177612305,-1.570786476135254,3.0404462814331055,1.9876539707183838,1.350000023841858,-0.6816638112068176,-0.26155009865760803,-0.5235752463340759,-0.10466152429580688,0.9726575613021851,-0.7852145433425903,0.2634202241897583,-0.5233181118965149,-0.23326647281646729,1.034135103225708
0.004945763852447271,-0.34823745489120483,0.7947197556495667,-0.0493977926671505,-0.10998581349849701,-0.7721337080001831,0.6239171028137207,0.5332008600234985,0.704920768737793,-0.07184584438800812,2.4045796394348145,-1.5707910060882568,2.966754674911499,2.037875175476074,1.350000023841858,-0.717942476272583,-0.25603628158569336,-0.5235835313796997,-0.09874767810106277,0.9789032340049744,-0.7852787375450134,0.2483881413936615,-0.5234163999557495,-0.25977417826652527,1.0387077331542969
0.00299375900067389,-0.3475903868675232,0.7964950799942017,-0.04896456375718117,-0.11054545640945435,-0.7600585222244263,0.6385086178779602,0.5163823366165161,0.6208532452583313,-0.07140621542930603,2.4087398052215576,-1.5707941055297852,2.8969786167144775,2.0917677879333496,1.350000023841858,-0.7415518760681152,-0.2529900372028351,-0.5235889554023743,-0.0848199874162674,0.9638144373893738,-0.7853204607963562,0.2429143786430359,-0.5234802961349487,-0.28384774923324585,1.0290956497192383
0.0011702212505042553,-0.3468793034553528,0.7986168265342712,-0.04837464913725853,-0.11039939522743225,-0.7469648718833923,0.6538465619087219,0.5325416326522827,0.5463109016418457,-0.07645803689956665,2.4169347286224365,-1.570796012878418,2.833833932876587,2.1402995586395264,1.350000023841858,-0.7568979859352112,-0.2438211292028427,-0.523592472076416,-0.07362854480743408,0.9567469358444214,-0.785347580909729,0.2360202968120575,-0.5235217809677124,-0.30779826641082764,1.0196665525436401
-0.0003546964726410806,-0.3458092510700226,0.8004723191261292,-0.0467790812253952,-0.1101011335849762,-0.7365801930427551,0.6656869053840637,0.5690993070602417,0.5048383474349976,-0.07504227012395859,2.423440933227539,-1.5707972049713135,2.7848126888275146,2.1705610752105713,1.350000023841858,-0.7668730020523071,-0.23321294784545898,-0.5235947370529175,-0.060659803450107574,0.9526696801185608,-0.7853652238845825,0.23351946473121643,-0.5235487818717957,-0.3258967995643616,1.013345718383789
-0.0023291371762752533,-0.3440571129322052,0.8010008931159973,-0.044431671500205994,-0.11077386885881424,-0.7293308973312378,0.6736701130867004,0.6205960512161255,0.5086877942085266,-0.07224366813898087,2.4365835189819336,-1.5707981586456299,2.776292324066162,2.1892755031585693,1.350000023841858,-0.7733567357063293,-0.22245272994041443,-0.5235962271690369,-0.05028337985277176,0.9468718767166138,-0.7853766679763794,0.23368406295776367,-0.5235663652420044,-0.3421676456928253,1.009462594985962
-0.004387557040899992,-0.3421873152256012,0.7995123863220215,-0.041768625378608704,-0.11311694234609604,-0.7256284952163696,0.6774386763572693,0.6748440265655518,0.5527652502059937,-0.0645320937037468,2.454435110092163,-1.570798635482788,2.803217649459839,2.202425718307495,1.350000023841858,-0.7775711417198181,-0.2153276801109314,-0.5235971808433533,-0.04636082053184509,0.9323636293411255,-0.7837851047515869,0.23613333702087402,-0.5235777497291565,-0.3574570417404175,1.0009914636611938
-0.006134627386927605,-0.3410172760486603,0.7971562147140503,-0.038030657917261124,-0.1161116287112236,-0.7258774638175964,0.6768852472305298,0.7247182130813599,0.6233593225479126,-0.054423168301582336,2.472336530685425,-1.5707991123199463,2.8674893379211426,2.209052562713623,1.350000023841858,-0.7803105115890503,-0.21314901113510132,-0.523597776889801,-0.040426503866910934,0.9196265935897827,-0.7801012992858887,0.24334947764873505,-0.5235852003097534,-0.3668794631958008,1.0002837181091309
-0.006649631075561047,-0.34151092171669006,0.7951706051826477,-0.03224673494696617,-0.11893705278635025,-0.7302704453468323,0.6719518303871155,0.752159833908081,0.690531849861145,-0.03309446573257446,2.4740428924560547,-1.5707993507385254,2.9538800716400146,2.2057113647460938,1.350000023841858,-0.7820910811424255,-0.2154546082019806,-0.5235981941223145,-0.022519275546073914,0.9198631048202515,-0.7803708910942078,0.25765806436538696,-0.5235900282859802,-0.3721131682395935,1.0150038003921509
-0.0032034351024776697,-0.34359967708587646,0.7953037023544312,-0.02515644021332264,-0.12153875082731247,-0.7355656027793884,0.6659870147705078,0.7486014366149902,0.7145721912384033,-0.011493719182908535,2.4635636806488037,-1.5707995891571045,3.019533634185791,2.1814699172973633,1.350000023841858,-0.7832484841346741,-0.22102096676826477,-0.5132651329040527,-0.00698934867978096,0.9424939155578613,-0.7821303606033325,0.27807125449180603,-0.5235931277275085,-0.38734525442123413,1.0262724161148071
0.005254124756902456,-0.3453468382358551,0.7995240688323975,-0.013565901666879654,-0.12376745045185089,-0.743330180644989,0.6572349667549133,0.675075888633728,0.6568801999092102,0.0019713458605110645,2.4380035400390625,-1.5707995891571045,3.0622527599334717,2.1173911094665527,1.350000023841858,-0.784000813961029,-0.2290860116481781,-0.4852874279022217,0.017562877386808395,0.9785629510879517,-0.7832739949226379,0.3188270330429077,-0.5235951542854309,-0.39387810230255127,1.0335969924926758
0.015836721286177635,-0.3460550606250763,0.80528724193573,0.0010293368250131607,-0.12654352188110352,-0.756131649017334,0.6420674324035645,0.5711865425109863,0.5358761548995972,0.01703156717121601,2.397411346435547,-1.5707995891571045,3.0900206565856934,2.049311399459839,1.350000023841858,-0.7844898104667664,-0.24053552746772766,-0.44134658575057983,0.038641419261693954,1.0025858879089355,-0.7840173840522766,0.3783981204032898,-0.523596465587616,-0.37482649087905884,1.0383579730987549
0.025950338691473007,-0.34604912996292114,0.8122429847717285,0.017979029566049576,-0.1287989616394043,-0.7680288553237915,0.6270719170570374,0.4802473187446594,0.3886365592479706,0.04127081483602524,2.347598075866699,-1.5707995891571045,3.108069896697998,1.989736795425415,1.350000023841858,-0.7848076224327087,-0.24797773361206055,-0.3846142292022705,0.05334920808672905,1.0182008743286133,-0.7845005989074707,0.4443005323410034,-0.5235973596572876,-0.3435567319393158,1.0414526462554932
0.034280575811862946,-0.3444105386734009,0.8186473846435547,0.033161137253046036,-0.13130249083042145,-0.7779033184051514,0.613617479801178,0.4081156849861145,0.2528226673603058,0.07363463193178177,2.2972464561462402,-1.5707995891571045,3.119800329208374,1.9392211437225342,1.350000023841858,-0.7850142121315002,-0.25281503796577454,-0.3283930718898773,0.06133069843053818,1.028350591659546,-0.7848146557807922,0.5027656555175781,-0.5235978960990906,-0.3124850392341614,1.043464183807373
0.04060189425945282,-0.3418866693973541,0.8238561749458313,0.04687584936618805,-0.13414697349071503,-0.784817636013031,0.6032150983810425,0.35856544971466064,0.1643347293138504,0.10645492374897003,2.25823712348938,-1.5707995891571045,3.1271281242370605,1.8896737098693848,1.350000023841858,-0.7851485013961792,-0.2559535503387451,-0.27656394243240356,0.06567408889532089,1.0349478721618652,-0.785018801689148,0.5521111488342285,-0.5235982537269592,-0.29267406463623047,1.044771671295166
0.045276422053575516,-0.33914119005203247,0.8278156518936157,0.06055328994989395,-0.1364084780216217,-0.7886871695518494,0.5964046716690063,0.33458495140075684,0.1068175733089447,0.1402384638786316,2.232377767562866,-1.5707995891571045,3.115490436553955,1.8364825248718262,1.3251173496246338,-0.7852358222007751,-0.25799769163131714,-0.22734618186950684,0.06460638344287872,1.0392347574234009,-0.785151481628418,0.5952482223510742,-0.5231752991676331,-0.2788065969944,1.045621633529663
0.049094051122665405,-0.3349863886833191,0.8303638696670532,0.07151901721954346,-0.13731934130191803,-0.790169358253479,0.5930099487304688,0.32446664571762085,0.06943541765213013,0.17406755685806274,2.225773572921753,-1.5707995891571045,3.0741705894470215,1.7803181409835815,1.2828879356384277,-0.7852925658226013,-0.259307324886322,-0.19193914532661438,0.0655464306473732,1.042022466659546,-0.7852346897125244,0.6258400678634644,-0.5175465941429138,-0.27297917008399963,1.0461740493774414
0.055262014269828796,-0.3317006230354309,0.8320884704589844,0.08604303747415543,-0.13635382056236267,-0.7959365844726562,0.5835145711898804,0.3413248062133789,0.05374464765191078,0.21133261919021606,2.237203598022461,-1.5707995891571045,2.9983291625976562,1.7223002910614014,1.2104830741882324,-0.7853294610977173,-0.26017916202545166,-0.15078023076057434,0.06278587877750397,1.0438345670700073,-0.7852917909622192,0.6661285161972046,-0.4936414957046509,-0.2683047354221344,1.0465331077575684
0.061346881091594696,-0.33006179332733154,0.8323997259140015,0.10113423317670822,-0.13488933444023132,-0.799656867980957,0.5763034224510193,0.3745950162410736,0.07178083062171936,0.2507285177707672,2.2670629024505615,-1.5707995891571045,2.9107604026794434,1.6648423671722412,1.122779130935669,-0.785353422164917,-0.2607461214065552,-0.11475422233343124,0.059590600430965424,1.0450124740600586,-0.7853289246559143,0.7044618129730225,-0.4738110303878784,-0.26159340143203735,1.0467665195465088
0.06610080599784851,-0.32822346687316895,0.8309682607650757,0.11329056322574615,-0.1337367445230484,-0.8031904697418213,0.5693547129631042,0.41043466329574585,0.16211718320846558,0.2903873324394226,2.3307552337646484,-1.5707995891571045,2.829744338989258,1.6162710189819336,0.997596263885498,-0.7853689789772034,-0.26111462712287903,-0.08926013112068176,0.05043022334575653,1.0457780361175537,-0.7853530645370483,0.7327894568443298,-0.44968706369400024,-0.2685883939266205,1.0452067852020264
0.06925744563341141,-0.3259001672267914,0.8286525011062622,0.12201627343893051,-0.13378015160560608,-0.8033848404884338,0.5672633647918701,0.43067485094070435,0.2900417447090149,0.32226306200027466,2.400742769241333,-1.5707995891571045,2.7642550468444824,1.6039845943450928,0.838343620300293,-0.7853791117668152,-0.26135414838790894,-0.0728771835565567,0.03766300529241562,1.0462756156921387,-0.7853687405586243,0.7512024641036987,-0.43586933612823486,-0.28365427255630493,1.036468744277954
0.07121284306049347,-0.3241076171398163,0.8263674974441528,0.12847848236560822,-0.13444070518016815,-0.8010842204093933,0.568931519985199,0.43451738357543945,0.4272577166557312,0.3467456102371216,2.4462382793426514,-1.5707995891571045,2.7332944869995117,1.6450250148773193,0.6359478235244751,-0.7853856682777405,-0.26150983572006226,-0.06012212112545967,0.022651106119155884,1.0465991497039795,-0.7853789329528809,0.7631708383560181,-0.43408724665641785,-0.29852527379989624,1.0239399671554565
0.07230015099048615,-0.323082834482193,0.8243517875671387,0.1305839568376541,-0.13543114066123962,-0.7989457845687866,0.5712196826934814,0.4246669411659241,0.5485225915908813,0.3647313117980957,2.4758102893829346,-1.5707995891571045,2.752074956893921,1.7519776821136475,0.4133729636669159,-0.7853899598121643,-0.26161104440689087,-0.05526769161224365,0.006734015420079231,1.046809434890747,-0.7853855490684509,0.765503466129303,-0.4410584568977356,-0.3053596615791321,1.014533519744873
0.07236039638519287,-0.3223908543586731,0.8223491311073303,0.1259087175130844,-0.1360209584236145,-0.800750195980072,0.5696002244949341,0.4003193974494934,0.6350096464157104,0.37720972299575806,2.4950320720672607,-1.5707995891571045,2.804009437561035,1.9122083187103271,0.26869240403175354,-0.7853927612304688,-0.2616768479347229,-0.06676970422267914,-0.0061330972239375114,1.0469460487365723,-0.7853899002075195,0.7551072835922241,-0.4427192211151123,-0.3076956570148468,1.0151287317276
0.07148750126361847,-0.3227587342262268,0.8205581307411194,0.11741679161787033,-0.13701224327087402,-0.8025307059288025,0.5686699151992798,0.3738638460636139,0.679984986782074,0.3854545056819916,2.507526159286499,-1.5707995891571045,2.847041368484497,2.0370590686798096,0.17465005815029144,-0.785394549369812,-0.261719286441803,-0.09118618071079254,-0.0075134290382266045,1.0470349788665771,-0.785392701625824,0.7381322979927063,-0.44801977276802063,-0.30897578597068787,1.0263361930847168
0.07112934440374374,-0.32324904203414917,0.8199084997177124,0.10853661596775055,-0.137287899851799,-0.8058834075927734,0.565618097782135,0.34417814016342163,0.6832844614982605,0.3874392509460449,2.5156474113464355,-1.5707995891571045,2.882952928543091,2.1182138919830322,0.11352253705263138,-0.7853957414627075,-0.26174718141555786,-0.11636795103549957,0.00010014325380325317,1.0470926761627197,-0.785394549369812,0.7238696813583374,-0.44842594861984253,-0.31082332134246826,1.0336384773254395
0.07093044370412827,-0.3237117528915405,0.820194661617279,0.101705402135849,-0.13698066771030426,-0.8093507289886475,0.5619997382164001,0.31433844566345215,0.6512595415115356,0.3822699785232544,2.5209262371063232,-1.5707995891571045,2.9105539321899414,2.170964479446411,0.07378964871168137,-0.7853965163230896,-0.2617653012275696,-0.133955180644989,0.008469993248581886,1.0471302270889282,-0.7853957414627075,0.7153522372245789,-0.44447243213653564,-0.3170240819454193,1.0383849143981934
0.06986717134714127,-0.32417023181915283,0.820616602897644,0.09699729084968567,-0.13667526841163635,-0.810279130935669,0.5615684390068054,0.2894301116466522,0.6006730198860168,0.3719351291656494,2.524357557296753,-1.5707995891571045,2.926271915435791,2.2052524089813232,0.04796326905488968,-0.7853969931602478,-0.2617771029472351,-0.14440849423408508,0.011685213074088097,1.0471546649932861,-0.7853965163230896,0.7093309760093689,-0.44266313314437866,-0.3282921612262726,1.0414701700210571
0.06784936040639877,-0.32474252581596375,0.8208054304122925,0.09347088634967804,-0.13619406521320343,-0.8079238533973694,0.5656620264053345,0.27403903007507324,0.5496941208839417,0.3602350354194641,2.526587724685669,-1.5707995891571045,2.9264838695526123,2.227539539337158,0.031176123768091202,-0.7853972911834717,-0.26178476214408875,-0.15311986207962036,0.012296007946133614,1.0471705198287964,-0.7853969931602478,0.7013184428215027,-0.4457961320877075,-0.34108299016952515,1.04347562789917
0.06550388038158417,-0.32563310861587524,0.8205040097236633,0.09185970574617386,-0.13564059138298035,-0.8037154674530029,0.5720182657241821,0.26959463953971863,0.5068545341491699,0.3478385806083679,2.5280375480651855,-1.5707995891571045,2.915576934814453,2.2420260906219482,0.020264480262994766,-0.7853975296020508,-0.2617897391319275,-0.15998423099517822,0.012473402544856071,1.0471807718276978,-0.7853972911834717,0.6939443349838257,-0.45156556367874146,-0.35268768668174744,1.0447790622711182
0.06289453059434891,-0.32706576585769653,0.8192593455314636,0.09123658388853073,-0.13508059084415436,-0.7983038425445557,0.5797759294509888,0.2763841450214386,0.4843631684780121,0.3366737961769104,2.528979778289795,-1.5707995891571045,2.9029574394226074,2.2514424324035645,0.013171911239624023,-0.7853976488113403,-0.2617926597595215,-0.16937756538391113,0.01406950131058693,1.0471874475479126,-0.785397469997406,0.6854411959648132,-0.46123969554901123,-0.36348074674606323,1.0456264019012451
0.06110314279794693,-0.32836490869522095,0.8173139691352844,0.09161528944969177,-0.13435152173042297,-0.7939466238021851,0.5858370661735535,0.29834023118019104,0.49018606543540955,0.326617568731308,2.529592275619507,-1.5707995891571045,2.893188953399658,2.2575631141662598,0.008561741560697556,-0.7853977680206299,-0.26179438829421997,-0.17928025126457214,0.016336239874362946,1.047191858291626,-0.7853975296020508,0.6785920858383179,-0.4679117202758789,-0.3722875416278839,1.0461771488189697
0.06044921651482582,-0.3284493386745453,0.8151978254318237,0.09291478246450424,-0.13453629612922668,-0.7901666164398193,0.5906805396080017,0.32935014367103577,0.5232139229774475,0.3170681297779083,2.5299904346466064,-1.5707995891571045,2.897885322570801,2.2615413665771484,0.005565132014453411,-0.7853978276252747,-0.26179543137550354,-0.18600380420684814,0.01769745722413063,1.0471947193145752,-0.7853975296020508,0.6743022799491882,-0.47403526306152344,-0.37745633721351624,1.044627070426941
0.06107538193464279,-0.3273404836654663,0.8132897019386292,0.09461067616939545,-0.13561800122261047,-0.7885590195655823,0.5923100709915161,0.3627811074256897,0.5763250589370728,0.3082708716392517,2.5302491188049316,-1.5707995891571045,2.923165798187256,2.264127254486084,0.0036173355765640736,-0.7853978872299194,-0.2617960572242737,-0.1891876459121704,0.018866779282689095,1.0471965074539185,-0.7853975296020508,0.6731727719306946,-0.47695350646972656,-0.3784639537334442,1.0425065755844116
0.06261768192052841,-0.32513952255249023,0.8115841150283813,0.0951131284236908,-0.13719458878040314,-0.789172887802124,0.5910476446151733,0.38960328698158264,0.6400681734085083,0.3020220696926117,2.5304174423217773,-1.5707995891571045,2.96640682220459,2.26580810546875,0.0023512679617851973,-0.7853978872299194,-0.2617965340614319,-0.19240093231201172,0.01900595799088478,1.047197699546814,-0.7853976488113403,0.6716980934143066,-0.47668302059173584,-0.3746568560600281,1.04228937625885
0.06469424068927765,-0.32345157861709595,0.8101437091827393,0.09246857464313507,-0.13929936289787292,-0.7901682257652283,0.5896435379981995,0.4056946635246277,0.6994571089744568,0.2989773452281952,2.530526638031006,-1.5707995891571045,3.0134332180023193,2.2669007778167725,0.001528324093669653,-0.7853978872299194,-0.2617849111557007,-0.20077742636203766,0.019117724150419235,1.0471985340118408,-0.7853977680206299,0.6630096435546875,-0.4802834987640381,-0.37194791436195374,1.0440078973770142
0.06815851479768753,-0.32248741388320923,0.8098212480545044,0.08869746327400208,-0.14001117646694183,-0.7955860495567322,0.5827284455299377,0.41113436222076416,0.7550011873245239,0.2977682650089264,2.530597686767578,-1.5707995891571045,3.0582642555236816,2.267611026763916,0.0009934105910360813,-0.7853978872299194,-0.2617892920970917,-0.2062721997499466,0.016649113968014717,1.047199010848999,-0.7853978276252747,0.6551633477210999,-0.47625553607940674,-0.36406949162483215,1.0451250076293945
0.07160679996013641,-0.32302582263946533,0.8098686337471008,0.08381103724241257,-0.1391201764345169,-0.8022386431694031,0.574486255645752,0.4062787890434265,0.7988710403442383,0.2971290946006775,2.530643939971924,-1.5707995891571045,3.0874271392822266,2.2680726051330566,0.0006457168492488563,-0.7853978872299194,-0.2617923319339752,-0.21217632293701172,0.010235529392957687,1.0471992492675781,-0.7853978872299194,0.6449629664421082,-0.47051650285720825,-0.3501518964767456,1.045851230621338
0.07456496357917786,-0.32440221309661865,0.8101418018341064,0.07766839861869812,-0.1372634917497635,-0.8092160820960999,0.565946638584137,0.3917273283004761,0.8301283717155457,0.2961176633834839,2.5306739807128906,-1.5707995891571045,3.1063809394836426,2.2683725357055664,0.00041971594328060746,-0.7853978872299194,-0.26179423928260803,-0.21931400895118713,0.0008822605013847351,1.0471994876861572,-0.7853978872299194,0.631499707698822,-0.4657108783721924,-0.3300812244415283,1.046323299407959
0.07696370035409927,-0.32589030265808105,0.8103336095809937,0.07030172646045685,-0.1347997486591339,-0.8160339593887329,0.5576515793800354,0.37148889899253845,0.8542584180831909,0.2941644787788391,2.530693531036377,-1.5707995891571045,3.1186716556549072,2.2685675621032715,0.0002728153485804796,-0.7853736281394958,-0.26179563999176025,-0.22820016741752625,-0.011660675518214703,1.0471996068954468,-0.7853978872299194,0.6138303875923157,-0.4635051488876343,-0.30313941836357117,1.0466301441192627
0.07854072749614716,-0.3288516104221344,0.8102562427520752,0.06203104928135872,-0.132319837808609,-0.8213292360305786,0.5514180064201355,0.352980375289917,0.8735940456390381,0.28975725173950195,2.5307061672210693,-1.5707995891571045,3.126676321029663,2.2686944007873535,0.0001773299736669287,-0.7829097509384155,-0.261796236038208,-0.23943689465522766,-0.026545541360974312,1.0471985340118408,-0.7853978872299194,0.5912747383117676,-0.47150516510009766,-0.26543694734573364,1.0468295812606812
0.0792689397931099,-0.33317795395851135,0.8096829652786255,0.053449638187885284,-0.12995795905590057,-0.8249320983886719,0.5474861860275269,0.34114792943000793,0.8930262327194214,0.27729418873786926,2.530714511871338,-1.5707995891571045,3.1318960189819336,2.2687768936157227,0.00011526447633514181,-0.7809852361679077,-0.26179713010787964,-0.2538190186023712,-0.03988458961248398,1.0471376180648804,-0.7853978872299194,0.5658714771270752,-0.48829418420791626,-0.21993772685527802,1.0469591617584229
0.07937805354595184,-0.3375696539878845,0.808486819267273,0.042852334678173065,-0.1269778609275818,-0.8270177841186523,0.5459687113761902,0.3341115415096283,0.905358076095581,0.24518807232379913,2.530719757080078,-1.5707995891571045,3.135288715362549,2.2688305377960205,7.49219034332782e-05,-0.7817469239234924,-0.26179778575897217,-0.2779519259929657,-0.04700280725955963,1.0465304851531982,-0.7853978872299194,0.5343391299247742,-0.5006508827209473,-0.18849965929985046,1.0470434427261353
0.0785725936293602,-0.341773122549057,0.8061010241508484,0.030398525297641754,-0.12454409152269363,-0.8262131810188293,0.5485767722129822,0.3197740912437439,0.9135873317718506,0.20089629292488098,2.5307233333587646,-1.5707995891571045,3.1374940872192383,2.2688653469085693,4.8699992476031184e-05,-0.783024787902832,-0.2617982029914856,-0.31471848487854004,-0.04453278332948685,1.0364266633987427,-0.7853978872299194,0.49713319540023804,-0.5086827278137207,-0.1866394579410553,1.047098159790039
0.07602732628583908,-0.3447049558162689,0.8024542927742004,0.013692745938897133,-0.12257447838783264,-0.8240241408348083,0.5529667139053345,0.3033185601234436,0.9175787568092346,0.15652963519096375,2.5292561054229736,-1.5707995891571045,3.138927459716797,2.2686972618103027,0.01359605323523283,-0.7838553786277771,-0.2617985010147095,-0.3691027760505676,-0.031702399253845215,1.0126292705535889,-0.7853978872299194,0.4498365521430969,-0.5139034390449524,-0.20137205719947815,1.0471336841583252
0.0718567818403244,-0.34737181663513184,0.7986595630645752,-0.002684694714844227,-0.1224740669131279,-0.8160763382911682,0.5648118257522583,0.2867821156978607,0.8961690664291382,0.11635798960924149,2.5172719955444336,-1.5707995891571045,3.139859199523926,2.262902021408081,0.1414787471294403,-0.7843952775001526,-0.26127320528030396,-0.4212093949317932,-0.020124100148677826,0.9862679839134216,-0.7853978872299194,0.4003933370113373,-0.5172968506813049,-0.24990200996398926,1.047156810760498
0.0673445388674736,-0.350013792514801,0.7984347343444824,-0.010491743683815002,-0.12034367024898529,-0.7994783520698547,0.5884231328964233,0.2744259834289551,0.8652752637863159,0.10497123748064041,2.5019712448120117,-1.5707995891571045,3.0903525352478027,2.2448861598968506,0.555263876914978,-0.7847462296485901,-0.2469310760498047,-0.4537031054496765,-0.004508300684392452,0.9615020751953125,-0.7853978872299194,0.36479395627975464,-0.5195010304450989,-0.3077065348625183,1.0343701839447021
0.06370386481285095,-0.3527809977531433,0.800495982170105,-0.016503050923347473,-0.11872821301221848,-0.771697461605072,0.6245912909507751,0.26803064346313477,0.8414762020111084,0.1083092987537384,2.509580612182617,-1.5701258182525635,2.9935898780822754,2.2532851696014404,0.910556972026825,-0.7849743366241455,-0.22587423026561737,-0.47816622257232666,0.010535161010921001,0.9717928171157837,-0.7853978872299194,0.32854437828063965,-0.5205063819885254,-0.3922504782676697,1.025771141052246
0.06160026788711548,-0.353931188583374,0.8020989894866943,-0.02144519053399563,-0.11700952053070068,-0.7478400468826294,0.6531340479850769,0.27257823944091797,0.8081913590431213,0.11469504982233047,2.5169825553894043,-1.5700931549072266,2.924086093902588,2.258760690689087,1.1416419744491577,-0.7851225733757019,-0.21039369702339172,-0.4940676689147949,0.014136327430605888,0.9628555774688721,-0.7853978872299194,0.3037359416484833,-0.5215887427330017,-0.43679356575012207,1.0050837993621826
0.06030872464179993,-0.3553609549999237,0.8038399815559387,-0.02362576313316822,-0.11785876750946045,-0.7230134606361389,0.6802960634231567,0.2903132736682892,0.7687184810638428,0.13150568306446075,2.521794080734253,-1.559727668762207,2.867060899734497,2.2606348991394043,1.2918472290039062,-0.7852189540863037,-0.20165659487247467,-0.5044036507606506,0.02284213900566101,0.9654964804649353,-0.7785269021987915,0.29008376598358154,-0.5222923159599304,-0.48562783002853394,0.990591824054718
0.05914094299077988,-0.35632383823394775,0.8039681911468506,-0.025198714807629585,-0.11960986256599426,-0.7054916024208069,0.6980974078178406,0.3091791570186615,0.7117272615432739,0.13874313235282898,2.5249216556549072,-1.5636029243469238,2.8631653785705566,2.258944034576416,1.350000023841858,-0.7852815985679626,-0.19845369458198547,-0.5111219882965088,0.02249900810420513,0.9486148357391357,-0.7591426372528076,0.2894132733345032,-0.522749662399292,-0.5024621486663818,0.978868842124939
0.058980099856853485,-0.3566366136074066,0.8043791055679321,-0.024143463000655174,-0.12156761437654495,-0.6900259852409363,0.713093638420105,0.338672399520874,0.6806412935256958,0.14627762138843536,2.526954412460327,-1.5654069185256958,2.8505287170410156,2.2606217861175537,1.350000023841858,-0.7853223085403442,-0.19307208061218262,-0.5154889225959778,0.032143864780664444,0.9514487981796265,-0.7475245594978333,0.2911337614059448,-0.5230469107627869,-0.5277106165885925,0.9774852991104126
0.0582699179649353,-0.3564155697822571,0.8033691644668579,-0.02230033464729786,-0.1207435205578804,-0.6849483251571655,0.7181709408760071,0.3598473072052002,0.6654554605484009,0.13967080414295197,2.528275728225708,-1.5672943592071533,2.8819329738616943,2.250962495803833,1.350000023841858,-0.7853487730026245,-0.18276052176952362,-0.5183274149894714,0.03578392043709755,0.9315998554229736,-0.7384204268455505,0.2949509620666504,-0.5232401490211487,-0.5117167234420776,0.9780063033103943
0.058055393397808075,-0.35638439655303955,0.8033169507980347,-0.01999046467244625,-0.12085473537445068,-0.676659107208252,0.7260351181030273,0.38591131567955017,0.671801745891571,0.13878579437732697,2.529134750366211,-1.5675467252731323,2.882025718688965,2.256427764892578,1.350000023841858,-0.7853659987449646,-0.1691790670156479,-0.5201724767684937,0.0471564456820488,0.9505159854888916,-0.752332866191864,0.2810574173927307,-0.5233657360076904,-0.5402725338935852,0.9865084290504456
0.05836872011423111,-0.3549724817276001,0.8015366792678833,-0.0186229906976223,-0.117447629570961,-0.6821775436401367,0.721451997756958,0.40075352787971497,0.6935316324234009,0.12428447604179382,2.5296928882598877,-1.5686852931976318,2.9235897064208984,2.242757797241211,1.350000023841858,-0.7853771448135376,-0.1561441272497177,-0.5213717222213745,0.044280264526605606,0.9222844839096069,-0.7578099966049194,0.27823323011398315,-0.5234473943710327,-0.4981979727745056,0.9811813235282898
0.059377409517765045,-0.35370293259620667,0.7999105453491211,-0.018049875274300575,-0.11483988165855408,-0.688484787940979,0.7158734202384949,0.4106597304344177,0.7205208539962769,0.1003192812204361,2.5300557613372803,-1.569425344467163,2.960354804992676,2.2319324016571045,1.350000023841858,-0.7853844165802002,-0.14687460660934448,-0.5221512317657471,0.03945985808968544,0.9028105735778809,-0.7629469037055969,0.27457356452941895,-0.5235004425048828,-0.4602554440498352,0.9783369302749634
0.061045095324516296,-0.3523552417755127,0.798599898815155,-0.018357053399086,-0.11325887590646744,-0.6948136687278748,0.709978461265564,0.42209646105766296,0.7435137629508972,0.07280070334672928,2.5302915573120117,-1.56990647315979,2.986382007598877,2.226428508758545,1.350000023841858,-0.7853891253471375,-0.14185553789138794,-0.5226579308509827,0.03340144455432892,0.8896065950393677,-0.767475962638855,0.27130621671676636,-0.5235349535942078,-0.4281197190284729,0.9763335585594177
0.06319547444581985,-0.3509855270385742,0.7975230813026428,-0.02044837735593319,-0.11269955337047577,-0.7010009288787842,0.7039022445678711,0.43418627977371216,0.7551251649856567,0.04498802497982979,2.530444860458374,-1.5702190399169922,3.0001795291900635,2.2270007133483887,1.350000023841858,-0.7853922247886658,-0.14170262217521667,-0.5229873061180115,0.0218066219240427,0.8828138709068298,-0.7699042558670044,0.2671601176261902,-0.5235573649406433,-0.4052344560623169,0.9742616415023804
0.06524185836315155,-0.35017460584640503,0.7975191473960876,-0.024008849635720253,-0.11096461117267609,-0.7050328254699707,0.7000279426574707,0.4460528492927551,0.7454302310943604,0.025425463914871216,2.5305445194244385,-1.5704221725463867,3.0040488243103027,2.2337472438812256,1.350000023841858,-0.7853941917419434,-0.14035451412200928,-0.5232014060020447,0.007631255313754082,0.8793637752532959,-0.7722660303115845,0.26006385684013367,-0.5235719084739685,-0.3912227153778076,0.9674046039581299
0.06673139333724976,-0.3498300611972809,0.7985036373138428,-0.028956610709428787,-0.10840485990047455,-0.7063849568367004,0.6988778710365295,0.44131115078926086,0.715266764163971,0.02919067069888115,2.530609369277954,-1.570554256439209,2.9981420040130615,2.246060848236084,1.350000023841858,-0.7853955030441284,-0.13821028172969818,-0.5233405232429504,-0.008844295516610146,0.8818202018737793,-0.7752069234848022,0.24946874380111694,-0.5235813856124878,-0.39082270860671997,0.9586490988731384
0.06740719079971313,-0.3504929840564728,0.8003160357475281,-0.03544235974550247,-0.10660209506750107,-0.7004664540290833,0.704788327217102,0.4141521453857422,0.6744629144668579,0.0546262226998806,2.530651569366455,-1.5634300708770752,2.9620842933654785,2.2540650367736816,1.350000023841858,-0.7853963375091553,-0.13504958152770996,-0.5234310030937195,-0.02841946855187416,0.9113121032714844,-0.7787733674049377,0.22964593768119812,-0.5235875248908997,-0.4212456941604614,0.9581639766693115
0.06734184175729752,-0.35143524408340454,0.8021607398986816,-0.041453417390584946,-0.1046968474984169,-0.6934592723846436,0.7116420865058899,0.3455319106578827,0.590873658657074,0.07917294651269913,2.527944564819336,-1.5543560981750488,2.9260568618774414,2.259267807006836,1.350000023841858,-0.7853968739509583,-0.13428260385990143,-0.523489773273468,-0.04719424247741699,0.9457660913467407,-0.7810911536216736,0.2104969471693039,-0.5235915184020996,-0.4469113051891327,0.9619861841201782
0.0691479966044426,-0.3547131419181824,0.8038224577903748,-0.042793527245521545,-0.10308273881673813,-0.6922096014022827,0.713013768196106,0.19312404096126556,0.39350488781929016,0.13659745454788208,2.498746633529663,-1.5601112842559814,2.9071807861328125,2.2626495361328125,1.350000023841858,-0.7853972315788269,-0.14325091242790222,-0.523527979850769,-0.04837536811828613,0.9712179899215698,-0.7825984954833984,0.21154320240020752,-0.5235941410064697,-0.45322611927986145,0.9722744226455688
0.06798207014799118,-0.3591618537902832,0.8052087426185608,-0.037169840186834335,-0.10249554365873337,-0.6865074038505554,0.7189024090766907,0.047415174543857574,0.25577816367149353,0.20107392966747284,2.4179654121398926,-1.563852310180664,2.9363293647766113,2.264847755432129,1.350000023841858,-0.785397469997406,-0.14404869079589844,-0.5235528349876404,-0.024035725742578506,0.9928120374679565,-0.7835782766342163,0.2208050638437271,-0.5235958099365234,-0.4599807560443878,0.998498260974884
0.06653500348329544,-0.364388108253479,0.807460606098175,-0.028045734390616417,-0.09921509027481079,-0.6762277483940125,0.7294421792030334,-0.07505352050065994,0.16625580191612244,0.2403060644865036,2.3065929412841797,-1.566283941268921,2.9868221282958984,2.241492748260498,1.350000023841858,-0.7853976488113403,-0.12935888767242432,-0.5224761962890625,0.014920033514499664,0.9994231462478638,-0.7842151522636414,0.22708290815353394,-0.5235969424247742,-0.4615670442581177,1.015543818473816
0.06719391793012619,-0.3681585192680359,0.8121337294578552,-0.014354510232806206,-0.09416483342647552,-0.6659638285636902,0.7398777604103088,-0.17507654428482056,0.10806626826524734,0.26090729236602783,2.1775248050689697,-1.5678644180297852,3.040947914123535,2.1866395473480225,1.350000023841858,-0.7853977680206299,-0.10927723348140717,-0.4968061149120331,0.0402412936091423,1.016144871711731,-0.7846291065216064,0.24385365843772888,-0.5235976576805115,-0.45550477504730225,1.0266234874725342
0.06916029006242752,-0.3705188035964966,0.816109299659729,-0.004356477875262499,-0.08933888375759125,-0.6558816432952881,0.7495457530021667,-0.2559235692024231,0.07024307548999786,0.27305734157562256,2.047062397003174,-1.5688917636871338,3.076125144958496,2.117737293243408,1.350000023841858,-0.7853978276252747,-0.09111607074737549,-0.4747801423072815,0.05670011043548584,1.027014136314392,-0.7848981618881226,0.2526279389858246,-0.5235981345176697,-0.4459245800971985,1.033825159072876
0.07275374233722687,-0.3676404356956482,0.8237196207046509,0.010766472667455673,-0.07800578325986862,-0.646100640296936,0.7591792345046997,-0.2900657057762146,0.04565799608826637,0.27213311195373535,1.8763654232025146,-1.5695595741271973,3.0990378856658936,2.0497756004333496,1.350000023841858,-0.7853978872299194,-0.06094124913215637,-0.42871153354644775,0.06739834696054459,1.0340790748596191,-0.7850731015205383,0.28060829639434814,-0.5235984325408936,-0.39379051327705383,1.038506269454956
0.07688382267951965,-0.36344438791275024,0.831818699836731,0.0260478463023901,-0.06500215083360672,-0.6349096894264221,0.7694061994552612,-0.3084337115287781,0.029677696526050568,0.2592991590499878,1.6970548629760742,-1.5699937343597412,3.113931179046631,1.9998648166656494,1.350000023841858,-0.7853978872299194,-0.02944301813840866,-0.3768281936645508,0.0743521973490715,1.0386713743209839,-0.785186767578125,0.3104536533355713,-0.5235986113548279,-0.338315486907959,1.0410535335540771
0.08151835203170776,-0.35894495248794556,0.8388091921806335,0.038553837686777115,-0.053752344101667404,-0.6248376369476318,0.7779474854469299,-0.32625824213027954,0.01929050125181675,0.22693511843681335,1.5243046283721924,-1.5702757835388184,3.1236119270324707,1.9761013984680176,1.350000023841858,-0.7853978872299194,-0.004450258798897266,-0.3301559090614319,0.0788721963763237,1.0416563749313354,-0.7852606773376465,0.33624202013015747,-0.5235987305641174,-0.29500633478164673,1.0388230085372925
0.08569130301475525,-0.35604482889175415,0.8433055877685547,0.04693002253770828,-0.046103667467832565,-0.619012176990509,0.7826212048530579,-0.35203516483306885,0.012538825161755085,0.17388612031936646,1.365947961807251,-1.5704591274261475,3.129904270172119,1.9715381860733032,1.350000023841858,-0.7853978872299194,0.009789899922907352,-0.2987164855003357,0.08181019872426987,1.043596625328064,-0.7853087186813354,0.35465434193611145,-0.5235987901687622,-0.26962244510650635,1.0389010906219482
0.08866137266159058,-0.3576284646987915,0.8436992764472961,0.04410795494914055,-0.04415923357009888,-0.6205300688743591,0.7816948890686035,-0.4039428234100342,0.008150235749781132,0.13194826245307922,1.2487943172454834,-1.5705783367156982,3.133910894393921,1.9660437107086182,1.350000023841858,-0.7852868437767029,0.008299135603010654,-0.3074437975883484,0.083719901740551,1.0448577404022217,-0.7853399515151978,0.3463183343410492,-0.523598849773407,-0.269313782453537,1.0417985916137695
0.09050244092941284,-0.36124515533447266,0.8410332202911377,0.03157694265246391,-0.04792603477835655,-0.627035915851593,0.7768732309341431,-0.46600568294525146,0.0052976529113948345,0.08787456899881363,1.15857994556427,-1.5706558227539062,3.1365582942962646,1.9780323505401611,1.350000023841858,-0.7853257060050964,-0.00868021696805954,-0.3478515148162842,0.08496120572090149,1.0456774234771729,-0.7853602170944214,0.3176316022872925,-0.5235989093780518,-0.29697754979133606,1.0436890125274658
0.09127368032932281,-0.3650234341621399,0.8353770971298218,0.012551150284707546,-0.05600849539041519,-0.6334452629089355,0.7716557383537292,-0.5279096961021423,0.003443474182859063,0.048051293939352036,1.0956718921661377,-1.570494532585144,3.1317601203918457,2.0101778507232666,1.350000023841858,-0.7853509783744812,-0.03490182384848595,-0.40923255681991577,0.08551055938005447,1.0406367778778076,-0.7853733897209167,0.2757386565208435,-0.5235989093780518,-0.34871768951416016,1.0449178218841553
0.09198029339313507,-0.36648812890052795,0.8296241164207458,-0.0011918289819732308,-0.06697205454111099,-0.6349084377288818,0.7696782350540161,-0.5781213641166687,0.002238258020952344,0.009281940758228302,1.0516746044158936,-1.543257713317871,3.125056743621826,2.0575737953186035,1.350000023841858,-0.7853674292564392,-0.06336752325296402,-0.4492604732513428,0.07349183410406113,1.0392602682113647,-0.7853819727897644,0.24807044863700867,-0.5235989093780518,-0.4136139154434204,1.0438340902328491
0.09266157448291779,-0.36772602796554565,0.8235330581665039,-0.010901710949838161,-0.07986849546432495,-0.6323539018630981,0.770474374294281,-0.6077989935874939,0.0014548676554113626,-0.02824357897043228,1.0226601362228394,-1.486001968383789,3.1263537406921387,2.1032581329345703,1.350000023841858,-0.785378098487854,-0.09180372953414917,-0.47527894377708435,0.052599336951971054,1.0417468547821045,-0.7853875756263733,0.2303512692451477,-0.5235989093780518,-0.48125404119491577,1.039971113204956
0.09307563304901123,-0.3693484663963318,0.8171037435531616,-0.017096206545829773,-0.0934901013970375,-0.628730833530426,0.7717932462692261,-0.6190061569213867,0.0009456639527343214,-0.06285523623228073,1.004062533378601,-1.4194413423538208,3.131624221801758,2.138084888458252,1.350000023841858,-0.785385012626648,-0.11630287021398544,-0.492190957069397,0.029698530212044716,1.0436546802520752,-0.7853912115097046,0.2212190330028534,-0.5235989093780518,-0.544802725315094,1.0363627672195435
0.09372854232788086,-0.3721453547477722,0.811924159526825,-0.01630898006260395,-0.10542088747024536,-0.625791072845459,0.7726616263389587,-0.6327469944953918,0.0006146815721876919,-0.09824454039335251,0.9981282949447632,-1.3580363988876343,3.1351118087768555,2.158210277557373,1.350000023841858,-0.7853895425796509,-0.13421985507011414,-0.5031837821006775,0.033456746488809586,1.0448955297470093,-0.7853935360908508,0.2289426028728485,-0.5213531255722046,-0.612098753452301,1.0340107679367065
0.09499797224998474,-0.3748078942298889,0.8083651065826416,-0.013651295565068722,-0.11199822276830673,-0.6271414160728455,0.770690381526947,-0.6421254873275757,0.00039954300154931843,-0.12943562865257263,1.002543330192566,-1.3563024997711182,3.1373791694641113,2.161489963531494,1.350000023841858,-0.7853924632072449,-0.13928891718387604,-0.5103290677070618,0.04640623927116394,1.0457019805908203,-0.785395085811615,0.24426937103271484,-0.5116499662399292,-0.6590723991394043,1.0349562168121338
0.09652329981327057,-0.3761121332645416,0.8063654899597168,-0.011601756326854229,-0.11317165940999985,-0.6348219513893127,0.7642373442649841,-0.6690652370452881,0.0002597029379103333,-0.1548139750957489,1.0447418689727783,-1.4310615062713623,3.138853073120117,2.1643881797790527,1.350000023841858,-0.7853943705558777,-0.1341627985239029,-0.514973521232605,0.06070732697844505,1.0462262630462646,-0.7844465374946594,0.2637912929058075,-0.4744649827480316,-0.7171103954315186,1.0346311330795288
0.09985716640949249,-0.37723657488822937,0.8062499761581421,-0.011885331012308598,-0.11070363968610764,-0.641462504863739,0.7590318322181702,-0.6730411052703857,0.00016880690236575902,-0.17165499925613403,1.072959065437317,-1.4799692630767822,3.1398110389709473,2.1449265480041504,1.350000023841858,-0.785395622253418,-0.12181242555379868,-0.5179924368858337,0.07000303268432617,1.0465669631958008,-0.7837361693382263,0.27196061611175537,-0.4486103653907776,-0.7374413013458252,1.0376464128494263
0.10459943115711212,-0.3774978518486023,0.8079231977462769,-0.013103106059134007,-0.10517232865095139,-0.6466552019119263,0.7553834319114685,-0.6673530340194702,0.00010972448217216879,-0.18030278384685516,1.091949462890625,-1.5117599964141846,3.1404337882995605,2.106520175933838,1.350000023841858,-0.7853963971138,-0.10363716632127762,-0.5176872611045837,0.07604524493217468,1.0467884540557861,-0.7835679054260254,0.273891806602478,-0.4254593849182129,-0.7407689094543457,1.0401201248168945
0.10964727401733398,-0.37720680236816406,0.8105276226997375,-0.014436693862080574,-0.09806819260120392,-0.6502179503440857,0.7532535195350647,-0.6574000120162964,7.132090831873938e-05,-0.1862277090549469,1.1048110723495483,-1.532423973083496,3.140838623046875,2.0581798553466797,1.350000023841858,-0.785396933555603,-0.08293942362070084,-0.5150020122528076,0.07997268438339233,1.0469324588775635,-0.7833007574081421,0.27345943450927734,-0.40157270431518555,-0.7392656207084656,1.0420554876327515
0.11384040862321854,-0.3763628602027893,0.812969982624054,-0.015512404032051563,-0.09095559269189835,-0.653118908405304,0.7516130805015564,-0.6479725241661072,4.635858931578696e-05,-0.19010969996452332,1.1136865615844727,-1.5458555221557617,3.141101360321045,2.0155792236328125,1.350000023841858,-0.7853972911834717,-0.06426571309566498,-0.5123540163040161,0.08252551406621933,1.0470260381698608,-0.7834253311157227,0.27307868003845215,-0.3772194981575012,-0.7358750700950623,1.0438547134399414
0.11642111837863922,-0.376329243183136,0.8148703575134277,-0.016155831515789032,-0.08444536477327347,-0.6551011800765991,0.7506332993507385,-0.6432139873504639,3.013308196386788e-05,-0.19421085715293884,1.118650197982788,-1.5545859336853027,3.1411776542663574,1.9868879318237305,1.350000023841858,-0.7853975296020508,-0.049855779856443405,-0.5109939575195312,0.08418485522270203,1.0470869541168213,-0.7841142416000366,0.27098825573921204,-0.3536919057369232,-0.7371565103530884,1.0450255870819092
0.1174384206533432,-0.3766275942325592,0.8162194490432739,-0.018155578523874283,-0.07964721322059631,-0.6564059257507324,0.7499719858169556,-0.6437404155731201,1.9586503185564652e-05,-0.19998028874397278,1.1207033395767212,-1.5602607727050781,3.1406731605529785,1.9794427156448364,1.350000023841858,-0.7853976488113403,-0.041893113404512405,-0.5139958262443542,0.08526342362165451,1.0471265316009521,-0.7845635414123535,0.2639201879501343,-0.33469662070274353,-0.7446987628936768,1.0457866191864014
0.1175745353102684,-0.3753909468650818,0.8174905776977539,-0.02049805037677288,-0.07678245007991791,-0.6582659482955933,0.7485787868499756,-0.6466232538223267,1.2731226888718084e-05,-0.2071390450000763,1.120570182800293,-1.563497543334961,3.140322685241699,1.9994122982025146,1.350000023841858,-0.7853977680206299,-0.041129276156425476,-0.5173534154891968,0.08596449345350266,1.0471522808074951,-0.7848555445671082,0.2592256963253021,-0.3235420286655426,-0.7492339015007019,1.046281337738037
0.11723116040229797,-0.3732454180717468,0.8177886009216309,-0.02330944500863552,-0.07789662480354309,-0.6596769690513611,0.7471379637718201,-0.64922034740448,8.275296750070993e-06,-0.21473564207553864,1.1174662113189697,-1.5359511375427246,3.140538215637207,2.040189743041992,1.350000023841858,-0.7853978276252747,-0.05196184664964676,-0.5195393562316895,0.07793572545051575,1.0471689701080322,-0.7850453853607178,0.2538048028945923,-0.3261829912662506,-0.7519940137863159,1.0444731712341309
0.11737106740474701,-0.3729400038719177,0.8164849281311035,-0.024113625288009644,-0.08303757011890411,-0.6607427000999451,0.7456154227256775,-0.6422368288040161,5.37894266017247e-06,-0.22255617380142212,1.113932490348816,-1.4941599369049072,3.14080548286438,2.0814318656921387,1.350000023841858,-0.7853978872299194,-0.07538211345672607,-0.5209602117538452,0.06865192204713821,1.0471798181533813,-0.7851687669754028,0.2514137625694275,-0.34013956785202026,-0.7596714496612549,1.0420622825622559
0.11796356737613678,-0.37626558542251587,0.8131250143051147,-0.02095973677933216,-0.09399581700563431,-0.6605123281478882,0.7446132302284241,-0.6310818195343018,3.49631250173843e-06,-0.22077345848083496,1.1214532852172852,-1.4693992137908936,3.1408660411834717,2.117872476577759,1.350000023841858,-0.7853978872299194,-0.11236165463924408,-0.5218837857246399,0.06790409982204437,1.0471868515014648,-0.7852489948272705,0.2557411193847656,-0.36148330569267273,-0.7929412126541138,1.0391418933868408
0.11908585578203201,-0.3808678388595581,0.8084815740585327,-0.015834536403417587,-0.1092495545744896,-0.6613255143165588,0.7419315576553345,-0.6224034428596497,3.8775747270847205e-06,-0.16309714317321777,1.21060311794281,-1.5048894882202148,3.140596389770508,2.150122880935669,1.350000023841858,-0.7853978872299194,-0.15641465783119202,-0.5224841237068176,0.07468093931674957,1.0471913814544678,-0.7853010892868042,0.26716920733451843,-0.3884429633617401,-0.8308790922164917,1.0382499694824219
0.12308672070503235,-0.38378652930259705,0.8056442737579346,-0.010900953784584999,-0.12362955510616302,-0.6621567606925964,0.7390164136886597,-0.5780580043792725,5.34508544660639e-05,-0.07020646333694458,1.3311080932617188,-1.5279581546783447,3.1409130096435547,2.1223957538604736,1.350000023841858,-0.7853978872299194,-0.19329434633255005,-0.5152812004089355,0.07908587902784348,1.0471943616867065,-0.7853350043296814,0.28243255615234375,-0.42846280336380005,-0.8226075172424316,1.0412107706069946
0.13282953202724457,-0.37912383675575256,0.8106365203857422,0.0047174966894090176,-0.13353681564331055,-0.6671852469444275,0.73280930519104,-0.5011863708496094,3.4743239666568115e-05,0.0574808306992054,1.4547903537750244,-1.5429527759552002,3.1411499977111816,2.0673317909240723,1.350000023841858,-0.7853978872299194,-0.21727097034454346,-0.45949888229370117,0.08194909244775772,1.0471962690353394,-0.7853569984436035,0.3425867259502411,-0.4617604613304138,-0.7630681991577148,1.0433069467544556
0.14617693424224854,-0.3695092499256134,0.819389820098877,0.0257460605353117,-0.14024926722049713,-0.6742448210716248,0.7246111035346985,-0.40295934677124023,2.2583186364499852e-05,0.1865607500076294,1.5732696056365967,-1.552699327468872,3.1413040161132812,2.0067405700683594,1.350000023841858,-0.7853978872299194,-0.23285578191280365,-0.376718670129776,0.08381018042564392,1.0471975803375244,-0.7853713035583496,0.42085912823677063,-0.48340368270874023,-0.680715799331665,1.0446693897247314
0.16340553760528564,-0.3574812412261963,0.8296908140182495,0.05156886950135231,-0.14326922595500946,-0.6872991323471069,0.7102354764938354,-0.29639410972595215,1.4679131709272042e-05,0.3118155598640442,1.687654733657837,-1.5590345859527588,3.141404151916504,1.9511600732803345,1.3274941444396973,-0.7853978872299194,-0.24298590421676636,-0.2713784873485565,0.08287477493286133,1.0471984148025513,-0.7853806018829346,0.511506199836731,-0.4781927764415741,-0.5953455567359924,1.0455551147460938
0.18356367945671082,-0.34529146552085876,0.8392079472541809,0.07768037915229797,-0.14418631792068481,-0.707237184047699,0.6877439022064209,-0.18862782418727875,9.542251973471139e-06,0.43558254837989807,1.8046653270721436,-1.5631523132324219,3.1414690017700195,1.906499981880188,1.2453978061676025,-0.7853978872299194,-0.24957048892974854,-0.1488402783870697,0.056860409677028656,1.047199010848999,-0.7853866815567017,0.5944833755493164,-0.44823628664016724,-0.5133410692214966,1.0461307764053345
0.20651620626449585,-0.33409613370895386,0.8469500541687012,0.1026432141661644,-0.14477506279945374,-0.7333540916442871,0.6562746167182922,-0.10331922024488449,0.028322583064436913,0.5535564422607422,1.9229331016540527,-1.565828800201416,3.1415114402770996,1.8789784908294678,1.1114534139633179,-0.7853978872299194,-0.25385046005249023,-0.007203482091426849,-0.007939975708723068,1.0471992492675781,-0.7853906154632568,0.661292314529419,-0.3916878402233124,-0.44835537672042847,1.0465049743652344
0.22925354540348053,-0.32495900988578796,0.8520192503929138,0.12615162134170532,-0.14295360445976257,-0.7602223753929138,0.6210570931434631,-0.05549473315477371,0.08988696336746216,0.666465163230896,2.0358080863952637,-1.5675685405731201,3.1415390968322754,1.8845875263214111,0.9283228516578674,-0.7853978872299194,-0.2566324472427368,0.1372484266757965,-0.0940946415066719,1.0266270637512207,-0.7853931784629822,0.7046738862991333,-0.3097873330116272,-0.4098852872848511,1.046748161315918
0.24696069955825806,-0.3197840750217438,0.8543815016746521,0.1434754878282547,-0.13928331434726715,-0.7830582857131958,0.5889266133308411,-0.045165348798036575,0.1803007423877716,0.7740782499313354,2.139383316040039,-1.5686993598937988,3.141556739807129,1.9389078617095947,0.6852384805679321,-0.7853978872299194,-0.2584407329559326,0.26595062017440796,-0.18732653558254242,0.9783322811126709,-0.7853948473930359,0.7169716954231262,-0.22742138803005219,-0.4032965898513794,1.0469062328338623
0.2568449378013611,-0.3179406523704529,0.8545901775360107,0.15351760387420654,-0.1340111792087555,-0.7984035611152649,0.5665907263755798,-0.04810943454504013,0.29322680830955505,0.8721224069595337,2.2311081886291504,-1.569434404373169,3.141568183898926,2.0538132190704346,0.44540515542030334,-0.7853978872299194,-0.2596161365509033,0.3675711750984192,-0.27342191338539124,0.9217900037765503,-0.7853959202766418,0.7037708759307861,-0.1585441529750824,-0.42152026295661926,1.047008991241455
0.26131194829940796,-0.31752926111221313,0.8600103855133057,0.1621318906545639,-0.12808358669281006,-0.8092783093452454,0.5498876571655273,-0.048686206340789795,0.41735517978668213,0.9592297077178955,2.3093338012695312,-1.5699121952056885,3.141575813293457,2.1291041374206543,0.28951334953308105,-0.7853978872299194,-0.2603801488876343,0.45265334844589233,-0.3463951349258423,0.8737518787384033,-0.7853966355323792,0.6865319013595581,-0.09216656535863876,-0.46669113636016846,1.0470757484436035
0.2620086073875427,-0.3171137273311615,0.8615543842315674,0.17137692868709564,-0.1220804825425148,-0.8150951862335205,0.5397647619247437,-0.05213109776377678,0.5355085730552673,1.0395081043243408,2.3731493949890137,-1.5702228546142578,3.141580581665039,2.1780431270599365,0.18818366527557373,-0.7853978872299194,-0.26087674498558044,0.5255842804908752,-0.4107070863246918,0.8435934782028198,-0.7843770384788513,0.6748812794685364,-0.02599797025322914,-0.5452075600624084,1.047119140625
0.26052093505859375,-0.31855788826942444,0.8557966947555542,0.18089160323143005,-0.11670742183923721,-0.8179673552513123,0.5334669351577759,-0.054123327136039734,0.6475398540496826,1.114654541015625,2.4188432693481445,-1.5704247951507568,3.1415839195251465,2.209853410720825,0.12231937795877457,-0.7853978872299194,-0.2611995339393616,0.5877241492271423,-0.4679381847381592,0.836090087890625,-0.7760581970214844,0.6706399917602539,0.048505570739507675,-0.65834641456604,1.0471473932266235
0.2578938603401184,-0.3205564022064209,0.8481748104095459,0.19027554988861084,-0.11280994117259979,-0.8165777325630188,0.5331696271896362,-0.04693666845560074,0.7583365440368652,1.185071587562561,2.445178747177124,-1.5705559253692627,3.1415858268737793,2.230530261993408,0.07950758934020996,-0.7853978872299194,-0.26140934228897095,0.6388163566589355,-0.5159248113632202,0.8450644016265869,-0.7425969243049622,0.674008846282959,0.1365976780653,-0.7667684555053711,1.0471657514572144
0.25521722435951233,-0.3223085403442383,0.8417792320251465,0.19824500381946564,-0.11062457412481308,-0.8117023706436157,0.5381452441215515,-0.03206561878323555,0.8621118068695068,1.249503254890442,2.4496004581451416,-1.570641279220581,3.141587257385254,2.2439701557159424,0.051679931581020355,-0.7853978872299194,-0.26154571771621704,0.6787095069885254,-0.5555346012115479,0.8635914325714111,-0.6780565977096558,0.6793508529663086,0.23717081546783447,-0.8547439575195312,1.0471776723861694
0.25279366970062256,-0.32318055629730225,0.8372654914855957,0.20479147136211395,-0.11026544868946075,-0.8056531548500061,0.5448164939880371,-0.013774951919913292,0.9642934799194336,1.3077055215835571,2.431424856185913,-1.5706968307495117,3.1415882110595703,2.2527060508728027,0.03359195590019226,-0.7853978872299194,-0.26163434982299805,0.7087264060974121,-0.5856329202651978,0.8811699151992798,-0.5903588533401489,0.6820003390312195,0.34650832414627075,-0.9210518598556519,1.0342286825180054
0.25201189517974854,-0.32516762614250183,0.8330432176589966,0.2108786255121231,-0.1119825467467308,-0.8027359843254089,0.5464476943016052,0.011026103049516678,1.0636416673660278,1.353072166442871,2.3958113193511963,-1.570732831954956,3.1415886878967285,2.2583844661712646,0.02183477021753788,-0.7853978872299194,-0.26169198751449585,0.7335298657417297,-0.605763852596283,0.8982165455818176,-0.49180349707603455,0.68199622631073,0.46163564920425415,-0.9739493131637573,1.005852460861206
0.2524079382419586,-0.3281616270542145,0.8284891843795776,0.21614423394203186,-0.11535529792308807,-0.8017409443855286,0.5451479554176331,0.042403027415275574,1.1521403789520264,1.3805367946624756,2.3474647998809814,-1.570756196975708,3.1415891647338867,2.262075424194336,0.014192599803209305,-0.7853752374649048,-0.2617294192314148,0.7531833648681641,-0.6169039011001587,0.9139153957366943,-0.3873509168624878,0.6770714521408081,0.5759677886962891,-1.015560269355774,0.965312123298645
0.25255700945854187,-0.3315879702568054,0.8261071443557739,0.222690612077713,-0.11557899415493011,-0.8021540641784668,0.5418480038642883,0.08000989258289337,1.228798508644104,1.3858436346054077,2.289346218109131,-1.5707714557647705,3.141589641571045,2.264474391937256,0.009225189685821533,-0.7728615999221802,-0.25772711634635925,0.769829511642456,-0.621426522731781,0.9275323152542114,-0.28949519991874695,0.6647202372550964,0.6923778057098389,-1.0482349395751953,0.9098033308982849
0.2524750828742981,-0.33386892080307007,0.8255326747894287,0.2285016030073166,-0.11372097581624985,-0.804023802280426,0.5370291471481323,0.12112763524055481,1.2871638536453247,1.3727614879608154,2.227719783782959,-1.5707814693450928,3.141589641571045,2.266033887863159,0.005996373016387224,-0.7495829463005066,-0.25237396359443665,0.7811237573623657,-0.6219756603240967,0.9447710514068604,-0.20385757088661194,0.6435309648513794,0.8051493167877197,-1.0752816200256348,0.8416378498077393
0.25206178426742554,-0.3361709713935852,0.8257757425308228,0.23452724516391754,-0.10830799490213394,-0.8071885704994202,0.5307663679122925,0.16685418784618378,1.3241534233093262,1.3403851985931396,2.1690468788146973,-1.5707879066467285,3.141589641571045,2.26704740524292,0.0038976422511041164,-0.7139549851417542,-0.24232074618339539,0.7877634167671204,-0.6186203956604004,0.9598068594932556,-0.13285914063453674,0.6155108213424683,0.9105361104011536,-1.0937600135803223,0.7645475268363953
0.25092771649360657,-0.3388211131095886,0.8263863325119019,0.2410414218902588,-0.09947989881038666,-0.8110803365707397,0.5235947370529175,0.21710452437400818,1.3348298072814941,1.291611671447754,2.1191954612731934,-1.5707919597625732,3.141589641571045,2.2677061557769775,0.00253346748650074,-0.6665923595428467,-0.22980326414108276,0.7925378084182739,-0.6132216453552246,0.9774346947669983,-0.0800078883767128,0.5866197943687439,1.0046899318695068,-1.1079185009002686,0.6918793320655823
0.2490769922733307,-0.3420334458351135,0.8269243240356445,0.24845007061958313,-0.08696401864290237,-0.8145126700401306,0.5169903039932251,0.274436354637146,1.3142262697219849,1.2268279790878296,2.08496356010437,-1.5707945823669434,3.141589641571045,2.268134355545044,0.0016467537498101592,-0.6089306473731995,-0.21507805585861206,0.799932599067688,-0.6085100173950195,0.9922813177108765,-0.043380361050367355,0.5609291791915894,1.0872927904129028,-1.118269681930542,0.6299329996109009
0.24685338139533997,-0.34560897946357727,0.827143669128418,0.25653132796287537,-0.07159347087144852,-0.8173983693122864,0.5108091235160828,0.3516309857368469,1.2548213005065918,1.139495611190796,2.0691192150115967,-1.5707964897155762,3.141589641571045,2.2684128284454346,0.0010703898733481765,-0.5428969264030457,-0.19923624396324158,0.8136141300201416,-0.6046470403671265,0.9986066818237305,-0.020485788583755493,0.5384315252304077,1.1608238220214844,-1.1240102052688599,0.5742960572242737
0.24494971334934235,-0.348629891872406,0.8268301486968994,0.26225534081459045,-0.05680515244603157,-0.8193040490150452,0.5066914558410645,0.45581334829330444,1.1552762985229492,1.0291804075241089,2.0629725456237793,-1.5707976818084717,3.141589641571045,2.2685937881469727,0.0006957533769309521,-0.477069616317749,-0.1866241991519928,0.8296375274658203,-0.6037079095840454,0.9948104619979858,-0.0057699051685631275,0.5175265669822693,1.2218055725097656,-1.126065731048584,0.5217058062553406
0.24408745765686035,-0.34903350472450256,0.8256415128707886,0.2642563283443451,-0.042493633925914764,-0.8169151544570923,0.5108937621116638,0.6089078187942505,0.9986166954040527,0.8913810849189758,2.0400006771087646,-1.570798397064209,3.141589641571045,2.2687113285064697,0.00045223967754282057,-0.41466638445854187,-0.17954283952713013,0.8499590158462524,-0.6098645329475403,0.9741892218589783,0.008816840127110481,0.4967758059501648,1.2715106010437012,-1.1230456829071045,0.46241694688796997
0.2438281923532486,-0.34736984968185425,0.8230991959571838,0.2642643451690674,-0.028351275250315666,-0.8119878768920898,0.5196501016616821,0.755950391292572,0.8353325724601746,0.7630797624588013,1.9854483604431152,-1.5707988739013672,3.141589641571045,2.2687878608703613,0.00029395578894764185,-0.35873186588287354,-0.17505444586277008,0.8778618574142456,-0.6262099742889404,0.9494718313217163,0.021381322294473648,0.4771180748939514,1.316479206085205,-1.1201997995376587,0.404846727848053
0.243058443069458,-0.3450438678264618,0.8189132213592529,0.26607125997543335,-0.013417687267065048,-0.8046810626983643,0.5305793285369873,0.889354944229126,0.6954390406608582,0.6547950506210327,1.907463550567627,-1.5707991123199463,3.141589641571045,2.2688374519348145,0.00019107125990558416,-0.311953604221344,-0.17051450908184052,0.9181606769561768,-0.6490998268127441,0.9195848703384399,0.03410543501377106,0.4604892134666443,1.3616061210632324,-1.115019679069519,0.3542223870754242
0.24173855781555176,-0.34323155879974365,0.8143868446350098,0.2681542634963989,0.0006063158507458866,-0.7991839051246643,0.5379571914672852,0.9836785197257996,0.5953690409660339,0.5787004828453064,1.82716965675354,-1.5707993507385254,3.141589641571045,2.2688698768615723,0.00012419631821103394,-0.27053898572921753,-0.16396132111549377,0.9588614702224731,-0.6698566675186157,0.8965644836425781,0.03948148339986801,0.44532376527786255,1.4023698568344116,-1.1108214855194092,0.31616994738578796
0.23966321349143982,-0.34100013971328735,0.8097338676452637,0.27087801694869995,0.013951626606285572,-0.7937943339347839,0.5443536639213562,1.0442038774490356,0.5219351053237915,0.52618807554245,1.7524380683898926,-1.5707995891571045,3.141589641571045,2.268890857696533,8.072760101640597e-05,-0.23524272441864014,-0.15772540867328644,0.9997862577438354,-0.6859226226806641,0.8789187669754028,0.04077617824077606,0.43314605951309204,1.4411842823028564,-1.1081573963165283,0.2900770306587219
0.23721620440483093,-0.33838510513305664,0.8049389719963074,0.2755225598812103,0.026989445090293884,-0.7873644232749939,0.5508322715759277,1.0857027769088745,0.46403968334198,0.4871580898761749,1.682145357131958,-1.5707995891571045,3.141589641571045,2.268904447555542,5.2472940296866e-05,-0.20788657665252686,-0.15361112356185913,1.0414396524429321,-0.6980221271514893,0.8600817918777466,0.04071766883134842,0.42627039551734924,1.478224515914917,-1.1015461683273315,0.2677965760231018
0.2348424643278122,-0.33498266339302063,0.8001689910888672,0.2801083028316498,0.03751975670456886,-0.7804268002510071,0.5577325224876404,1.1160662174224854,0.4287082850933075,0.4616883099079132,1.6173021793365479,-1.5707995891571045,3.141589641571045,2.2689132690429688,3.4107408282579854e-05,-0.18933610618114471,-0.15102005004882812,1.079153299331665,-0.7088512182235718,0.8358147144317627,0.04116035997867584,0.4224444627761841,1.508385419845581,-1.0932514667510986,0.24627631902694702
0.23230524361133575,-0.332006573677063,0.7952175140380859,0.285983145236969,0.0478285551071167,-0.772669792175293,0.5647188425064087,1.1395204067230225,0.39977163076400757,0.4409900903701782,1.5554358959197998,-1.5707995891571045,3.141589641571045,2.268918991088867,2.2169813746586442e-05,-0.17655803263187408,-0.14892730116844177,1.117375135421753,-0.7193243503570557,0.8089599013328552,0.04226059839129448,0.421386182308197,1.5375139713287354,-1.0852348804473877,0.22633138298988342
0.2294946312904358,-0.32947060465812683,0.7902697324752808,0.292409211397171,0.05924755707383156,-0.7635974884033203,0.5726303458213806,1.160300612449646,0.36698049306869507,0.42031991481781006,1.4952788352966309,-1.5707995891571045,3.141589641571045,2.268922805786133,1.4410378753382247e-05,-0.1672126054763794,-0.14587444067001343,1.1558952331542969,-0.7296571731567383,0.7796106934547424,0.04305856302380562,0.4215591549873352,1.5658817291259766,-1.0776169300079346,0.20711930096149445
0.22660288214683533,-0.32719072699546814,0.7856800556182861,0.2982003390789032,0.070271335542202,-0.7546250224113464,0.5802409052848816,1.184360146522522,0.3293294310569763,0.3967211842536926,1.4381141662597656,-1.5707995891571045,3.141589641571045,2.268925189971924,9.366745871375315e-06,-0.16030025482177734,-0.14175200462341309,1.1906745433807373,-0.740329384803772,0.7488024830818176,0.04237256199121475,0.4219163656234741,1.5903148651123047,-1.0687685012817383,0.1868455708026886
0.2239435613155365,-0.3250306248664856,0.7816122770309448,0.30219361186027527,0.07937406003475189,-0.7459037899971008,0.5882229208946228,1.2150992155075073,0.2932627201080322,0.37033572793006897,1.3861775398254395,-1.5707995891571045,3.141589641571045,2.2689268589019775,6.088384452596074e-06,-0.1570562720298767,-0.1375884711742401,1.2190923690795898,-0.7530826330184937,0.7177931070327759,0.04263019934296608,0.42142254114151,1.608101725578308,-1.062231183052063,0.16754448413848877
0.22148454189300537,-0.3229343891143799,0.7779706716537476,0.30494409799575806,0.08650169521570206,-0.7368243336677551,0.5971736907958984,1.2548034191131592,0.26066887378692627,0.3395741581916809,1.3409852981567383,-1.5707995891571045,3.141589641571045,2.268927812576294,3.957449735025875e-06,-0.15802955627441406,-0.13467980921268463,1.2421845197677612,-0.7678045034408569,0.6895572543144226,0.04633386433124542,0.4205228090286255,1.6203432083129883,-1.0569051504135132,0.15094217658042908
0.21949784457683563,-0.3207288980484009,0.7747660875320435,0.3063759207725525,0.09188387542963028,-0.728752851486206,0.6054836511611938,1.2956486940383911,0.23488092422485352,0.30494028329849243,1.3015806674957275,-1.5707995891571045,3.141589641571045,2.2689285278320312,2.572342282292084e-06,-0.16066309809684753,-0.1317639946937561,1.2602770328521729,-0.7846256494522095,0.6658042669296265,0.050395719707012177,0.4175766706466675,1.6280488967895508,-1.0530918836593628,0.13748271763324738
0.217948317527771,-0.31872835755348206,0.7717947959899902,0.30647221207618713,0.09620600193738937,-0.722134530544281,0.6126506924629211,1.3324096202850342,0.22100432217121124,0.2685602605342865,1.26804518699646,-1.5707995891571045,3.141589641571045,2.2689290046691895,1.6720224493838032e-06,-0.1627417504787445,-0.12824954092502594,1.2748640775680542,-0.8042253851890564,0.6479161977767944,0.05345682054758072,0.41166454553604126,1.6330833435058594,-1.052695870399475,0.12843437492847443
0.21688130497932434,-0.3165287673473358,0.769160270690918,0.3045508563518524,0.09950415790081024,-0.7165714502334595,0.6195749044418335,1.3557860851287842,0.21936503052711487,0.22965750098228455,1.241194486618042,-1.5707995891571045,3.141589641571045,2.2689292430877686,1.0868145636777626e-06,-0.1648072451353073,-0.1237446516752243,1.2855511903762817,-0.8259750604629517,0.6329851746559143,0.055919498205184937,0.4034057855606079,1.6339664459228516,-1.054922103881836,0.12208923697471619
0.2164621353149414,-0.31354188919067383,0.7663471102714539,0.30122506618499756,0.10186643153429031,-0.7120397090911865,0.6260080933570862,1.3590738773345947,0.22785282135009766,0.1882162094116211,1.2252936363220215,-1.5707995891571045,3.141589641571045,2.2689294815063477,7.064294322844944e-07,-0.16709807515144348,-0.11907025426626205,1.2953368425369263,-0.8511180877685547,0.6236047744750977,0.059058867394924164,0.39361709356307983,1.6334855556488037,-1.0605669021606445,0.12001176178455353
0.21673768758773804,-0.3098241090774536,0.7630915641784668,0.29693353176116943,0.10326426476240158,-0.7101578116416931,0.6299546360969543,1.3378329277038574,0.24494311213493347,0.1495673805475235,1.2239307165145874,-1.5707995891571045,3.141589641571045,2.2689297199249268,4.591791196162376e-07,-0.16705673933029175,-0.11297345161437988,1.3054046630859375,-0.8795208930969238,0.6209876537322998,0.06027727574110031,0.3827510178089142,1.633392333984375,-1.0682258605957031,0.12128370255231857
0.21710842847824097,-0.30563104152679443,0.7593357563018799,0.29135915637016296,0.10349341481924057,-0.7099259495735168,0.6327749490737915,1.288848638534546,0.2619819641113281,0.11639890819787979,1.2398077249526978,-1.5707995891571045,3.141589641571045,2.2689297199249268,2.984664035921014e-07,-0.1662074774503708,-0.106206975877285,1.3152141571044922,-0.9118892550468445,0.6238551139831543,0.06092727929353714,0.371675968170166,1.6325675249099731,-1.0797470808029175,0.12589547038078308
0.2176106870174408,-0.30066773295402527,0.7552033066749573,0.28480130434036255,0.10239249467849731,-0.7113711833953857,0.6343145966529846,1.2070460319519043,0.26447898149490356,0.09091758728027344,1.2729833126068115,-1.5707995891571045,3.141589641571045,2.2689297199249268,1.9400314954509668e-07,-0.16568244993686676,-0.09933041781187057,1.3239620923995972,-0.9479497671127319,0.6309574842453003,0.06091071665287018,0.3608662486076355,1.6309351921081543,-1.0969622135162354,0.13370990753173828
0.21902340650558472,-0.29777973890304565,0.7510482668876648,0.27982455492019653,0.09994889795780182,-0.71729576587677,0.6302342414855957,1.1008062362670898,0.2623462677001953,0.08096292614936829,1.3059736490249634,-1.5707995891571045,3.141589641571045,2.2689297199249268,1.2610203725671454e-07,-0.16385473310947418,-0.09177564084529877,1.3311234712600708,-0.9849554896354675,0.6415937542915344,0.05710234493017197,0.3494817018508911,1.629563808441162,-1.1142690181732178,0.14358994364738464
0.220191091299057,-0.29649636149406433,0.7468265295028687,0.2772998809814453,0.09959269315004349,-0.7228832244873047,0.6250007748603821,0.9639043211936951,0.2375583052635193,0.08240261673927307,1.3216438293457031,-1.5707995891571045,3.141589641571045,2.2689297199249268,8.196631995360804e-08,-0.16188113391399384,-0.08300894498825073,1.342905044555664,-1.0168437957763672,0.6523253917694092,0.055220723152160645,0.34010857343673706,1.6321357488632202,-1.132826566696167,0.1576104611158371
0.22281792759895325,-0.2990681529045105,0.7424266338348389,0.27900683879852295,0.09912879019975662,-0.7313870787620544,0.6143302321434021,0.7994607090950012,0.18148939311504364,0.09251643717288971,1.306992769241333,-1.5707995891571045,3.141589641571045,2.2689297199249268,5.327810725930249e-08,-0.1630241423845291,-0.07378610968589783,1.3569413423538208,-1.0498666763305664,0.6649788618087769,0.05266859382390976,0.33587098121643066,1.6358129978179932,-1.1448545455932617,0.16924020648002625
0.22564111649990082,-0.30282407999038696,0.7385255098342896,0.2798035740852356,0.09549222141504288,-0.743191659450531,0.600214421749115,0.6538888216018677,0.11833252012729645,0.10079751908779144,1.2781628370285034,-1.5707995891571045,3.141589641571045,2.2689297199249268,3.463076936327525e-08,-0.1624978929758072,-0.06909613311290741,1.360672950744629,-1.086280345916748,0.6800839900970459,0.04804912954568863,0.330272912979126,1.6336760520935059,-1.1606099605560303,0.18122148513793945
0.22805365920066833,-0.3069920539855957,0.7374107241630554,0.27801835536956787,0.08957003057003021,-0.7558565139770508,0.5859726071357727,0.5384639501571655,0.0769161805510521,0.09650753438472748,1.2456903457641602,-1.5707995891571045,3.141589641571045,2.2689297199249268,2.2509999197950492e-08,-0.15971797704696655,-0.0698605552315712,1.3531395196914673,-1.1271560192108154,0.694370687007904,0.043839696794748306,0.32043442130088806,1.6238436698913574,-1.1876144409179688,0.19908322393894196
0.2300298511981964,-0.312356561422348,0.7382686138153076,0.27408328652381897,0.0836615189909935,-0.7669744491577148,0.5741336345672607,0.47429490089416504,0.04999551549553871,0.07098673284053802,1.2228593826293945,-1.5707995891571045,3.141589641571045,2.2689297199249268,1.4631498679307242e-08,-0.15461452305316925,-0.07641439884901047,1.3371326923370361,-1.1691181659698486,0.7062685489654541,0.04230763763189316,0.3087940216064453,1.6085059642791748,-1.2202298641204834,0.2211795300245285
0.23228943347930908,-0.31678634881973267,0.7399005889892578,0.2681492269039154,0.07559564709663391,-0.7776731848716736,0.563565194606781,0.4528009295463562,0.03249708563089371,0.024262921884655952,1.216301441192627,-1.5707995891571045,3.141589641571045,2.2689297199249268,9.510474185958628e-09,-0.15074516832828522,-0.09057381004095078,1.3123586177825928,-1.210242748260498,0.7151658535003662,0.043149933218955994,0.29857563972473145,1.588590383529663,-1.2534693479537964,0.24374839663505554
0.2350073754787445,-0.32068318128585815,0.7426365613937378,0.259835809469223,0.06547306478023529,-0.7856621146202087,0.5576143264770508,0.4725220501422882,0.02112310566008091,-0.04147274047136307,1.2355048656463623,-1.5707995891571045,3.141589641571045,2.2689297199249268,6.1818079544195825e-09,-0.15112259984016418,-0.11148732900619507,1.2779110670089722,-1.2476173639297485,0.7181131839752197,0.049529291689395905,0.29064783453941345,1.5608303546905518,-1.2845685482025146,0.2650429606437683
0.2388218641281128,-0.32376712560653687,0.7465354204177856,0.2492445707321167,0.050959307700395584,-0.7917569875717163,0.5553386807441711,0.5302003622055054,0.013730018399655819,-0.10390760749578476,1.2825108766555786,-1.5707995891571045,3.141589641571045,2.2689297199249268,4.018175125963808e-09,-0.16114281117916107,-0.14076316356658936,1.2311618328094482,-1.279016375541687,0.71633380651474,0.06318975985050201,0.2879393696784973,1.5263561010360718,-1.311906337738037,0.283729612827301
0.2429724931716919,-0.32594937086105347,0.7498533725738525,0.2364179641008377,0.033452119678258896,-0.7948396801948547,0.5578686594963074,0.6079181432723999,0.008924511261284351,-0.14913974702358246,1.3511769771575928,-1.5707995891571045,3.141589641571045,2.2689297199249268,2.611813654240791e-09,-0.17855405807495117,-0.17496201395988464,1.1774048805236816,-1.305273175239563,0.714948296546936,0.08042506873607635,0.29014086723327637,1.4898622035980225,-1.3371081352233887,0.30077511072158813
0.2462896853685379,-0.32749778032302856,0.751750648021698,0.22261570394039154,0.015870198607444763,-0.7950165867805481,0.564038097858429,0.6873149871826172,0.009963037446141243,-0.1813000738620758,1.4324417114257812,-1.5707995891571045,3.141589641571045,2.2689297199249268,1.697678775336442e-09,-0.2007903754711151,-0.2053128480911255,1.1249172687530518,-1.3259937763214111,0.7171481251716614,0.09547794610261917,0.2951464056968689,1.4556899070739746,-1.363086223602295,0.3173741102218628
0.24814867973327637,-0.3283669352531433,0.7525414824485779,0.20948271453380585,0.0018871165812015533,-0.7910172343254089,0.5748087763786316,0.7599570751190186,0.013794990256428719,-0.204014390707016,1.5188910961151123,-1.5707995891571045,3.141589641571045,2.2689297199249268,1.103491187315342e-09,-0.2286062240600586,-0.22507499158382416,1.0808742046356201,-1.3395025730133057,0.7246063351631165,0.10366713255643845,0.30448487401008606,1.4275963306427002,-1.392167329788208,0.3329131305217743
0.24906499683856964,-0.3275906443595886,0.7526311278343201,0.19716238975524902,-0.01011427491903305,-0.7838613986968994,0.5887155532836914,0.8197892904281616,0.021258778870105743,-0.2198571264743805,1.604897141456604,-1.5707995891571045,3.141589641571045,2.2689297199249268,7.172692439993966e-10,-0.2622080445289612,-0.23792344331741333,1.0443475246429443,-1.345192790031433,0.7369558215141296,0.10212238132953644,0.32333439588546753,1.407843828201294,-1.4343488216400146,0.34866905212402344
0.24995452165603638,-0.32499960064888,0.7530579566955566,0.18578240275382996,-0.02192649245262146,-0.7740074396133423,0.6049104332923889,0.8648744821548462,0.03641844913363457,-0.22895868122577667,1.6856157779693604,-1.5707995891571045,3.1415810585021973,2.2689297199249268,4.662250030484927e-10,-0.3001309931278229,-0.24627310037612915,1.0137479305267334,-1.3388869762420654,0.7494080066680908,0.08879204094409943,0.35736578702926636,1.4011181592941284,-1.5024222135543823,0.3697163462638855
0.250186562538147,-0.3206290304660797,0.7543677687644958,0.17604276537895203,-0.034900736063718796,-0.761884868144989,0.6223523020744324,0.8928090333938599,0.0554695799946785,-0.2336658537387848,1.757056474685669,-1.5707995891571045,3.133852481842041,2.2689297199249268,3.030462270015022e-10,-0.340472549200058,-0.2516981363296509,0.986534595489502,-1.3203871250152588,0.7584673166275024,0.059989698231220245,0.4105612635612488,1.4147034883499146,-1.5986788272857666,0.4004146456718445
0.24858608841896057,-0.31490784883499146,0.7564014196395874,0.16860777139663696,-0.04849637299776077,-0.7468093633651733,0.6414790153503418,0.9054887294769287,0.07568790018558502,-0.23497739434242249,1.8202929496765137,-1.5707995891571045,3.1124937534332275,2.2689297199249268,1.9698002950985227e-10,-0.37918680906295776,-0.25522008538246155,0.9618948698043823,-1.291427731513977,0.7633756399154663,0.02207811363041401,0.4825384020805359,1.436194658279419,-1.7199444770812988,0.43346869945526123
0.24489925801753998,-0.3082345426082611,0.757969856262207,0.1635471135377884,-0.06126325577497482,-0.7295433282852173,0.661260724067688,0.9052356481552124,0.09597086906433105,-0.23295743763446808,1.876695156097412,-1.5707995891571045,3.079237699508667,2.2689297199249268,1.2803701154862068e-10,-0.41988444328308105,-0.2575196325778961,0.941893994808197,-1.2584917545318604,0.7696733474731445,-0.023968005552887917,0.5607024431228638,1.4600036144256592,-1.8637382984161377,0.4648230969905853
0.24041780829429626,-0.3016754686832428,0.7583938241004944,0.16002261638641357,-0.07267484813928604,-0.7111652493476868,0.6807019114494324,0.8963364958763123,0.11544617265462875,-0.22649753093719482,1.9293047189712524,-1.5707995891571045,3.0409061908721924,2.2689297199249268,8.322404571048381e-11,-0.46267783641815186,-0.2590174078941345,0.9266440272331238,-1.2267534732818604,0.7803332805633545,-0.07089955359697342,0.6339513063430786,1.4744620323181152,-2.0120227336883545,0.48432713747024536
0.23601944744586945,-0.29657265543937683,0.758632481098175,0.1553233116865158,-0.08317939192056656,-0.6937190294265747,0.6983622312545776,0.8817400932312012,0.13348062336444855,-0.21505504846572876,1.9795640707015991,-1.5707995891571045,2.999030590057373,2.2689297199249268,5.4095637691542464e-11,-0.5060181021690369,-0.25999096035957336,0.9093378782272339,-1.1975185871124268,0.7927747964859009,-0.11494414508342743,0.6865293383598328,1.4810779094696045,-2.148982524871826,0.4904022216796875
0.234183669090271,-0.29170042276382446,0.7611122131347656,0.15069299936294556,-0.09192215651273727,-0.680457353591919,0.7112100124359131,0.8615881204605103,0.14768598973751068,-0.19993235170841217,2.028801918029785,-1.5707995891571045,2.951500654220581,2.2689297199249268,3.516215096865949e-11,-0.5500720739364624,-0.259562611579895,0.8911851644515991,-1.1598223447799683,0.7969329357147217,-0.14275723695755005,0.7208802700042725,1.4881130456924438,-2.2520477771759033,0.5016137361526489
0.2351778894662857,-0.28759247064590454,0.763791561126709,0.14836136996746063,-0.09915187209844589,-0.6702964305877686,0.7203197479248047,0.8359788060188293,0.15529270470142365,-0.1826132833957672,2.076904058456421,-1.5707995891571045,2.8996992111206055,2.2689297199249268,2.2855396394905192e-11,-0.5934653282165527,-0.25948843359947205,0.8793574571609497,-1.1173838376998901,0.7988573312759399,-0.15440265834331512,0.7430859804153442,1.4983127117156982,-2.3190419673919678,0.5236961841583252
0.2379654496908188,-0.2843419015407562,0.7659167051315308,0.14844532310962677,-0.10491421073675156,-0.6616227030754089,0.7274698615074158,0.8060066103935242,0.15618431568145752,-0.1643979847431183,2.124070167541504,-1.5707995891571045,2.845090627670288,2.2689297199249268,1.4856005314811682e-11,-0.6363319158554077,-0.26000308990478516,0.8753389716148376,-1.0730057954788208,0.8003612160682678,-0.15150244534015656,0.7573758959770203,1.5137083530426025,-2.3625881671905518,0.5597805976867676
0.24142701923847198,-0.28240326046943665,0.7715326547622681,0.14945392310619354,-0.10958539694547653,-0.6536116003990173,0.7337890267372131,0.7744839191436768,0.15214160084724426,-0.14641258120536804,2.171036958694458,-1.5707995891571045,2.787006139755249,2.2689297199249268,9.656407617963936e-12,-0.6795526146888733,-0.26063162088394165,0.8747794032096863,-1.0301377773284912,0.8018398880958557,-0.13784420490264893,0.7665687799453735,1.529339075088501,-2.3908932209014893,0.6024320125579834
0.24464857578277588,-0.2817237973213196,0.777010440826416,0.15046320855617523,-0.11149492859840393,-0.6464316248893738,0.7396321892738342,0.7429577112197876,0.14416062831878662,-0.12908831238746643,2.2175817489624023,-1.5707995891571045,2.7261099815368652,2.2689297199249268,6.276666686400034e-12,-0.7165881395339966,-0.26104021072387695,0.8754168748855591,-0.9933791160583496,0.8072913289070129,-0.12121406942605972,0.7685792446136475,1.543299913406372,-2.4092915058135986,0.6447148323059082
0.24742235243320465,-0.28202182054519653,0.7818460464477539,0.15037161111831665,-0.10979727655649185,-0.641228199005127,0.7444187998771667,0.7126882076263428,0.13311061263084412,-0.11296434700489044,2.26393985748291,-1.5707995891571045,2.662442684173584,2.2689297199249268,4.0798328257429795e-12,-0.7406715750694275,-0.2613057792186737,0.873978316783905,-0.9644440412521362,0.8181949853897095,-0.10631033778190613,0.7627846002578735,1.5549983978271484,-2.421250343322754,0.6826892495155334
0.25000253319740295,-0.28304389119148254,0.7861979007720947,0.14928027987480164,-0.1056550145149231,-0.6379463076591492,0.7480487823486328,0.683910608291626,0.11922288686037064,-0.09824394434690475,2.3098669052124023,-1.5707995891571045,2.595672607421875,2.2689297199249268,2.6518891249605048e-12,-0.7563258409500122,-0.2614784240722656,0.8698277473449707,-0.9419485330581665,0.8335086107254028,-0.0931103527545929,0.750916063785553,1.5634230375289917,-2.4290237426757812,0.7153140306472778
0.25253230333328247,-0.28492724895477295,0.790009617805481,0.1476721465587616,-0.0997675359249115,-0.6364554762840271,0.7504424452781677,0.6569833755493164,0.10124506056308746,-0.08493507653474808,2.3545403480529785,-1.5707995891571045,2.5258939266204834,2.2689297199249268,1.723718715505862e-12,-0.7665010690689087,-0.2615906298160553,0.8640990853309631,-0.9253983497619629,0.8548539876937866,-0.08212588727474213,0.7354927659034729,1.5685865879058838,-2.4340763092041016,0.7413660883903503
0.25493165850639343,-0.2874147295951843,0.7934012413024902,0.14595367014408112,-0.09279200434684753,-0.6361786127090454,0.7519069314002991,0.6311624646186829,0.0776490867137909,-0.0727517232298851,2.3968276977539062,-1.5707995891571045,2.4525747299194336,2.2689297199249268,1.1204223313021622e-12,-0.7731149792671204,-0.261663556098938,0.8572902083396912,-0.9125927686691284,0.880313515663147,-0.0732630044221878,0.7163596153259277,1.5708197355270386,-2.4373605251312256,0.7608538866043091
0.25690194964408875,-0.2899045944213867,0.7965478897094727,0.14470945298671722,-0.08521044254302979,-0.635951042175293,0.7532361149787903,0.6056268811225891,0.05070080608129501,-0.061987485736608505,2.437025547027588,-1.5707995891571045,2.3779513835906982,2.2689297199249268,7.282784401582698e-13,-0.7774140238761902,-0.2617109417915344,0.8499032855033875,-0.9008511304855347,0.9061665534973145,-0.06173571199178696,0.6970376968383789,1.5711395740509033,-2.439495325088501,0.7783914804458618
0.2579711675643921,-0.29257306456565857,0.7991153001785278,0.143932044506073,-0.07832732051610947,-0.6359369158744812,0.7541437745094299,0.5812475681304932,0.03295555338263512,-0.05316753312945366,2.4698212146759033,-1.5707995891571045,2.3000640869140625,2.2689297199249268,4.733681979382509e-13,-0.78020840883255,-0.2617417573928833,0.8424373865127563,-0.8915004730224609,0.9355648756027222,-0.049914006143808365,0.6815225481987,1.5704600811004639,-2.440882921218872,0.7934515476226807
0.2583462595939636,-0.2962266802787781,0.8011863231658936,0.14401067793369293,-0.07268842309713364,-0.6365290880203247,0.7541936039924622,0.5614110231399536,0.02142110839486122,-0.04699777439236641,2.4911391735076904,-1.5707995891571045,2.215186595916748,2.2689297199249268,3.0769768785861296e-13,-0.7820247411727905,-0.26176178455352783,0.8356050252914429,-0.8836992383003235,0.970341682434082,-0.04246584326028824,0.6699112057685852,1.570219874382019,-2.4417848587036133,0.803343653678894
0.25795280933380127,-0.3018503487110138,0.8020932674407959,0.14563901722431183,-0.068302221596241,-0.6372451782226562,0.7536861300468445,0.5509123802185059,0.01392371952533722,-0.04389556124806404,2.504995822906494,-1.5707370042800903,2.1206202507019043,2.2689297199249268,2.0000551236888653e-13,-0.7832053303718567,-0.26177480816841125,0.8326546549797058,-0.8821299076080322,0.9972414970397949,-0.04431848227977753,0.6632145643234253,1.5690054893493652,-2.442330837249756,0.7992002367973328
0.25790220499038696,-0.3092145323753357,0.8025611639022827,0.14868879318237305,-0.06459113210439682,-0.6405888795852661,0.7505767345428467,0.5567004680633545,0.009050417691469193,-0.04451502114534378,2.51275634765625,-1.550939679145813,2.00893497467041,2.2689297199249268,1.2999893045720357e-13,-0.7839727401733398,-0.26178327202796936,0.8311529159545898,-0.8829398155212402,1.0147268772125244,-0.05221743509173393,0.6634023785591125,1.5693327188491821,-2.4377288818359375,0.7845844030380249
0.257353812456131,-0.31719064712524414,0.802443265914917,0.1518028825521469,-0.06139494851231575,-0.6428322792053223,0.7483002543449402,0.5778183341026306,0.005882771220058203,-0.051311127841472626,2.516223192214966,-1.4900047779083252,1.8638288974761963,2.2689297199249268,8.450481118896583e-14,-0.7844715714454651,-0.2617887854576111,0.8297523260116577,-0.8872030973434448,1.0260924100875854,-0.0635809376835823,0.6671085953712463,1.5683321952819824,-2.425867795944214,0.7584502696990967
0.2553655803203583,-0.3258506655693054,0.8022397756576538,0.15379612147808075,-0.058193057775497437,-0.6405982375144958,0.7500628232955933,0.6089680790901184,0.00382380117662251,-0.06894676387310028,2.516608715057373,-1.3618049621582031,1.6488171815872192,2.2689273357391357,5.491822478004803e-14,-0.7847958207130432,-0.2617923617362976,0.8219972848892212,-0.8933751583099365,1.0334800481796265,-0.06877224892377853,0.6742100119590759,1.5616484880447388,-2.4161362648010254,0.7228426933288574
0.25091513991355896,-0.3361412286758423,0.8011757135391235,0.15113268792629242,-0.05562283471226692,-0.6336579322814941,0.7566655278205872,0.6368049383163452,0.002485470613464713,-0.09031036496162415,2.5143728256225586,-1.2037079334259033,1.4037432670593262,2.2671165466308594,3.57082256558644e-14,-0.7836403846740723,-0.26179468631744385,0.7989665269851685,-0.9094613790512085,1.0382819175720215,-0.05656467005610466,0.6701185703277588,1.5408239364624023,-2.4095776081085205,0.6878241896629333
0.245334655046463,-0.3451687693595886,0.7990899085998535,0.14376899600028992,-0.052602581679821014,-0.6219226121902466,0.7679685950279236,0.6650264263153076,0.0016155558405444026,-0.11586053669452667,2.507823944091797,-1.0217740535736084,1.1286107301712036,2.25944185256958,2.3211169314710234e-14,-0.7741872668266296,-0.2601233124732971,0.7662314176559448,-0.9336261749267578,1.0379812717437744,-0.036482807248830795,0.6509031057357788,1.4956649541854858,-2.38535213470459,0.6357744932174683
0.23061969876289368,-0.35042834281921387,0.8209328651428223,0.13163340091705322,-0.034805893898010254,-0.6035752296447754,0.78559410572052,0.7597658038139343,0.001050111255608499,-0.1840849369764328,2.4660427570343018,-0.7560357451438904,0.7335995435714722,2.243028402328491,1.5085317977420187e-14,-0.6780056953430176,-0.23804710805416107,0.6572023630142212,-0.8091254830360413,1.0411627292633057,-0.0641825720667839,0.5933688879013062,1.4353983402252197,-2.344395637512207,0.50240159034729
0.22214540839195251,-0.356033056974411,0.8445488214492798,0.11059112846851349,-0.023400751873850822,-0.5871087312698364,0.8015767931938171,0.8817404508590698,0.005184170324355364,-0.26020342111587524,2.4193756580352783,-0.5664450526237488,0.47683969140052795,2.229001760482788,9.80704910726396e-15,-0.5562697052955627,-0.2241431623697281,0.5075647830963135,-0.6436656713485718,1.0432757139205933,-0.07103770226240158,0.5149096846580505,1.3343231678009033,-2.2826969623565674,0.3691520094871521
0.21645915508270264,-0.3612366318702698,0.8628214001655579,0.09031641483306885,-0.019585536792874336,-0.5719203352928162,0.815086841583252,1.0154454708099365,0.07410351186990738,-0.3522201180458069,2.371877670288086,-0.4395713806152344,0.3099457919597626,2.218475580215454,6.370791023766137e-15,-0.47768980264663696,-0.211709663271904,0.35545438528060913,-0.47756314277648926,1.0441112518310547,-0.04976729676127434,0.44091784954071045,1.2067749500274658,-2.169515609741211,0.2975409924983978
0.2118241786956787,-0.36578983068466187,0.8733978271484375,0.07475722581148148,-0.020436005666851997,-0.5550235509872437,0.828216552734375,1.129916787147522,0.18646153807640076,-0.4557509124279022,2.332686185836792,-0.3517371714115143,0.20146475732326508,2.210646629333496,4.139785014762405e-15,-0.4491814970970154,-0.20295129716396332,0.22261275351047516,-0.33898311853408813,1.0311497449874878,-0.0051813796162605286,0.386949360370636,1.0678991079330444,-2.045290231704712,0.2953173816204071
0.20759832859039307,-0.36967504024505615,0.8777252435684204,0.06235804781317711,-0.024190347641706467,-0.536884605884552,0.8410000801086426,1.2269712686538696,0.3058856725692749,-0.556715190410614,2.315985679626465,-0.28986531496047974,0.13095209002494812,2.204725742340088,2.6861104588163636e-15,-0.46134889125823975,-0.19863027334213257,0.10906527936458588,-0.23483936488628387,1.0147038698196411,0.062213946133852005,0.3484756350517273,0.9212322235107422,-1.8979589939117432,0.35705894231796265
0.20425397157669067,-0.3745063543319702,0.8784265518188477,0.05210680887103081,-0.027621760964393616,-0.5194060802459717,0.8524900078773499,1.285223364830017,0.40539345145225525,-0.6348098516464233,2.3115227222442627,-0.2445887327194214,0.0851188525557518,2.199875593185425,1.7407559387480338e-15,-0.5006367564201355,-0.1957395076751709,0.012430958449840546,-0.15197883546352386,1.0094233751296997,0.1403183788061142,0.3227733075618744,0.7969959378242493,-1.7406821250915527,0.46170270442962646
0.20087742805480957,-0.38131457567214966,0.876433789730072,0.04347529262304306,-0.03229460492730141,-0.5009148716926575,0.8638004660606384,1.2889888286590576,0.48516902327537537,-0.682576060295105,2.3302745819091797,-0.2053758054971695,0.05532725155353546,2.193425178527832,1.131238229683891e-15,-0.5651228427886963,-0.1984565407037735,-0.0703086405992508,-0.08513187617063522,1.0062226057052612,0.2297671139240265,0.3075798749923706,0.6992902755737305,-1.5824002027511597,0.5791729688644409
0.1956484019756317,-0.3901107907295227,0.8733078241348267,0.033920496702194214,-0.03954381123185158,-0.4769550561904907,0.8773822784423828,1.241604208946228,0.5409477353096008,-0.7100711464881897,2.381239414215088,-0.1682540476322174,0.03596271201968193,2.1851086616516113,7.362405083578458e-16,-0.6422191262245178,-0.20383182168006897,-0.13863825798034668,-0.04001583158969879,0.9978780746459961,0.3362255096435547,0.29539695382118225,0.6162713766098022,-1.4270650148391724,0.6934891939163208
0.1887122243642807,-0.4017546772956848,0.8695214986801147,0.020816467702388763,-0.04836619272828102,-0.4528002142906189,0.890055775642395,1.1359789371490479,0.5623723268508911,-0.7285077571868896,2.433561086654663,-0.14001606404781342,0.02337576262652874,2.1716151237487793,4.761637005846228e-16,-0.6923316717147827,-0.2059812992811203,-0.21065349876880646,-0.007207760587334633,0.9862511157989502,0.4416387677192688,0.285291850566864,0.5338270664215088,-1.2927594184875488,0.7959445714950562
0.17970508337020874,-0.4157584011554718,0.8661588430404663,0.003944920375943184,-0.05366324260830879,-0.43015938997268677,0.9011479616165161,0.9540548324584961,0.5555965304374695,-0.7251019477844238,2.4675700664520264,-0.13008251786231995,0.015194245614111423,2.1464223861694336,3.169645198926671e-16,-0.7249048948287964,-0.1934477686882019,-0.2850065231323242,0.01853650063276291,0.9829872250556946,0.5244723558425903,0.2706296741962433,0.4581816494464874,-1.2139393091201782,0.8610323071479797
0.16917969286441803,-0.4305037558078766,0.8638463020324707,-0.014640049077570438,-0.05386478826403618,-0.4070654809474945,0.9116917848587036,0.724150538444519,0.49629130959510803,-0.738996148109436,2.489675998687744,-0.12389564514160156,0.009876259602606297,2.1082401275634766,2.0512231600698888e-16,-0.7460774183273315,-0.16439607739448547,-0.3531474471092224,0.03650965914130211,0.9861088991165161,0.5825494527816772,0.24419888854026794,0.38767436146736145,-1.1657280921936035,0.8984156847000122
0.15664365887641907,-0.4451967477798462,0.8620288372039795,-0.031722746789455414,-0.054419342428445816,-0.38016557693481445,0.9227709770202637,0.4688973128795624,0.41176581382751465,-0.7673221230506897,2.504044771194458,-0.0911770910024643,0.011090380139648914,2.0576462745666504,1.30280139148824e-16,-0.7598395943641663,-0.1296786218881607,-0.41186246275901794,0.050321996212005615,1.0000298023223877,0.6234700083732605,0.2142927050590515,0.32769113779067993,-1.1472041606903076,0.9275726079940796
0.14323961734771729,-0.4592110812664032,0.8604574203491211,-0.043878600001335144,-0.05700773373246193,-0.3515283465385437,0.9334091544151306,0.20740042626857758,0.31965458393096924,-0.7655624151229858,2.5122294425964355,-0.006877940148115158,0.017421767115592957,1.9976027011871338,8.236674110553925e-17,-0.7687849998474121,-0.10004712641239166,-0.45097023248672485,0.0525478720664978,1.0086168050765991,0.6525083780288696,0.19107267260551453,0.2754947543144226,-1.1312223672866821,0.9477657079696655
0.13120615482330322,-0.4715806841850281,0.857309103012085,-0.04848643019795418,-0.06549128144979477,-0.33563363552093506,0.9384614825248718,-0.03886429965496063,0.23531833291053772,-0.6851853132247925,2.4833292961120605,0.1835079938173294,0.03607132285833359,1.937382698059082,5.2456224336589236e-17,-0.774599552154541,-0.09690963476896286,-0.4763903021812439,0.05117161571979523,1.01595139503479,0.6638567447662354,0.1907888948917389,0.24133923649787903,-1.133146047592163,0.9666471481323242
0.12342153489589691,-0.4832912087440491,0.8537225127220154,-0.04712003096938133,-0.0755874440073967,-0.32827237248420715,0.9403741359710693,-0.23531924188137054,0.15982508659362793,-0.550729513168335,2.3798532485961914,0.3785557150840759,0.025053156539797783,1.8832895755767822,3.547139063807045e-17,-0.778378963470459,-0.10855953395366669,-0.4929133653640747,0.056045468896627426,1.0256657600402832,0.6644351482391357,0.20401771366596222,0.22324910759925842,-1.1442456245422363,0.9824420213699341
0.11941175162792206,-0.49289774894714355,0.8499264717102051,-0.04153919965028763,-0.0875401422381401,-0.32220903038978577,0.9416965842247009,-0.3686569929122925,0.10388632863759995,-0.39518803358078003,2.194807529449463,0.5756677389144897,0.016284551471471786,1.7903249263763428,1.6715834563316544e-17,-0.7808355689048767,-0.13319207727909088,-0.5021525025367737,0.06256461143493652,1.0332026481628418,0.6631336808204651,0.2304304540157318,0.21243681013584137,-1.1584700345993042,0.9920657277107239
0.11672213673591614,-0.49943482875823975,0.8474488258361816,-0.03692363575100899,-0.0957670509815216,-0.3179505169391632,0.9425352811813354,-0.4495748281478882,0.06752610951662064,-0.2983328402042389,2.029810905456543,0.7245527505874634,0.010584957897663116,1.6506677865982056,1.8686268117924012e-17,-0.7824323773384094,-0.14769822359085083,-0.5072815418243408,0.06917634606361389,1.0381016731262207,0.6679344177246094,0.2486106902360916,0.20494580268859863,-1.1634314060211182,0.9949556589126587
0.11491315066814423,-0.5045973658561707,0.8446603417396545,-0.03336714580655098,-0.10176700353622437,-0.32676461338996887,0.9390181303024292,-0.5212976932525635,0.043891970068216324,-0.24526455998420715,1.8910564184188843,0.8451733589172363,0.006880222354084253,1.4944326877593994,2.0857259883851086e-17,-0.7834703326225281,-0.15985146164894104,-0.5129926204681396,0.07540667057037354,1.0412859916687012,0.6742022037506104,0.2607753872871399,0.20628321170806885,-1.1643617153167725,0.994724690914154
0.11340790241956711,-0.5092544555664062,0.8408479690551758,-0.029111463576555252,-0.10634399950504303,-0.35221490263938904,0.9294020533561707,-0.5973364114761353,0.028529779985547066,-0.21533524990081787,1.7626664638519287,0.9527750015258789,0.004472144413739443,1.3492999076843262,1.7457706384935753e-17,-0.7841449975967407,-0.1771494597196579,-0.5167048573493958,0.07955760508775711,1.043355941772461,0.6756700873374939,0.2696511149406433,0.2241048663854599,-1.1685633659362793,0.9928980469703674
0.11186282336711884,-0.5120101571083069,0.8367141485214233,-0.02649643085896969,-0.10902730375528336,-0.3881274461746216,0.9147502779960632,-0.6573434472084045,0.018547533079981804,-0.1962715983390808,1.6544826030731201,1.0191738605499268,0.0029068938456475735,1.247406244277954,2.1385937483113328e-17,-0.7845835089683533,-0.19638913869857788,-0.5191177725791931,0.07793629169464111,1.044701337814331,0.6784547567367554,0.2713545560836792,0.24650609493255615,-1.160447120666504,0.9937360882759094
0.10839532315731049,-0.5140811204910278,0.831788182258606,-0.024574168026447296,-0.10653931647539139,-0.44052526354789734,0.8910571932792664,-0.7042273283004761,0.012055904604494572,-0.18787893652915955,1.558328628540039,1.0672192573547363,0.0018894809763878584,1.1724601984024048,1.7105850222135297e-17,-0.7848685383796692,-0.21925660967826843,-0.5206862092018127,0.0753706693649292,1.0455758571624756,0.6718249917030334,0.254791259765625,0.2826273441314697,-1.1532609462738037,0.993701696395874
0.10120661556720734,-0.5142389535903931,0.8288125395774841,-0.02731918729841709,-0.09403574466705322,-0.5172167420387268,0.8502339124679565,-0.7736174464225769,0.007836338132619858,-0.19377663731575012,1.4551565647125244,1.176166296005249,0.0012281625531613827,1.1002777814865112,0.05731263384222984,-0.7819750308990479,-0.23414644598960876,-0.521705687046051,0.07953421026468277,1.0461442470550537,0.6551442742347717,0.19981400668621063,0.32809698581695557,-1.1568598747253418,0.9883126020431519
0.09701550751924515,-0.5080930590629578,0.8290103077888489,-0.03511223942041397,-0.07930080592632294,-0.5884786248207092,0.8038479089736938,-0.8331077098846436,0.00509361969307065,-0.20513446629047394,1.381981611251831,1.2567024230957031,0.056235093623399734,1.0251606702804565,0.30757585167884827,-0.7722757458686829,-0.24382483959197998,-0.522368311882019,0.0822405070066452,1.0465137958526611,0.637337327003479,0.13617414236068726,0.3548312783241272,-1.1489847898483276,0.9825669527053833
0.09648632258176804,-0.500973105430603,0.8316994905471802,-0.04611442610621452,-0.06582242250442505,-0.6442886590957642,0.7605478167533875,-0.8796042203903198,0.0033108526840806007,-0.21912658214569092,1.3366843461990356,1.27269446849823,0.10202834755182266,0.9278000593185425,0.6930497288703918,-0.7658605575561523,-0.2501158118247986,-0.5220258235931396,0.08399960398674011,1.0467538833618164,0.622999370098114,0.08245885372161865,0.3583383560180664,-1.141796350479126,0.9788832664489746
0.09894357621669769,-0.494486927986145,0.8355321884155273,-0.059137437492609024,-0.05323706194758415,-0.6853117346763611,0.7238898277282715,-0.9119477272033691,0.0021520541049540043,-0.22905263304710388,1.3296949863433838,1.2003144025802612,0.15467306971549988,0.770290732383728,1.0002622604370117,-0.7637318968772888,-0.2542049288749695,-0.5225764513015747,0.08514301478862762,1.046910047531128,0.6098203063011169,0.038479212671518326,0.34592369198799133,-1.1357636451721191,0.9742816090583801
0.10236810147762299,-0.49021780490875244,0.8390239477157593,-0.07069146633148193,-0.0430450476706028,-0.7131094336509705,0.6961500644683838,-0.9346050024032593,0.0014579262351617217,-0.23155477643013,1.3386284112930298,1.1100326776504517,0.21859562397003174,0.5874657034873962,1.1999504566192627,-0.7653987407684326,-0.2568628489971161,-0.5229343175888062,0.08588623255491257,1.0470114946365356,0.5959377884864807,0.007506819441914558,0.3290789723396301,-1.1352394819259644,0.9713176488876343
0.1048407107591629,-0.487540602684021,0.8415353298187256,-0.07918156683444977,-0.0364803671836853,-0.7308946847915649,0.6768991351127625,-0.9535772800445557,0.0009791140910238028,-0.228365957736969,1.3510726690292358,1.028639316558838,0.2784709632396698,0.40666550397872925,1.3297476768493652,-0.7691584825515747,-0.2585905194282532,-0.5231669545173645,0.08636932075023651,1.0470774173736572,0.5816458463668823,-0.010119464248418808,0.3123089671134949,-1.1392120122909546,0.9707717299461365
0.10575336962938309,-0.4859393835067749,0.8431050181388855,-0.08401890099048615,-0.034335989505052567,-0.7424867749214172,0.6636831760406494,-0.9667661786079407,0.0006364241125993431,-0.22574451565742493,1.3647187948226929,0.9736171960830688,0.3250678777694702,0.24051634967327118,1.350000023841858,-0.7740689516067505,-0.25971347093582153,-0.5224813222885132,0.08668333292007446,1.0471203327178955,0.5670526623725891,-0.014543574303388596,0.29940444231033325,-1.1483474969863892,0.9724687337875366
0.10502536594867706,-0.48501771688461304,0.8437063694000244,-0.08588238060474396,-0.03568674996495247,-0.7501626014709473,0.6546807289123535,-0.9737507104873657,0.0004136756469961256,-0.2255333811044693,1.371438980102539,0.9358214139938354,0.35470789670944214,0.095737025141716,1.350000023841858,-0.7780340909957886,-0.26044338941574097,-0.5220717191696167,0.0868874341249466,1.0471482276916504,0.5530880689620972,-0.010462096892297268,0.2937037944793701,-1.16282320022583,0.9747380018234253
0.10304015874862671,-0.48470181226730347,0.8433070182800293,-0.08510976284742355,-0.0386073961853981,-0.756572961807251,0.647196352481842,-0.9792221784591675,0.0002688891545403749,-0.22619053721427917,1.3710339069366455,0.9133524298667908,0.37722456455230713,-0.02033912017941475,1.350000023841858,-0.7806114554405212,-0.2609178423881531,-0.5219503045082092,0.08702010661363602,1.047166347503662,0.5413553714752197,-0.0016332240775227547,0.29456520080566406,-1.1739346981048584,0.9769517183303833
0.09993250668048859,-0.48512810468673706,0.8419241905212402,-0.08225080370903015,-0.04268806427717209,-0.7618541121482849,0.6410856246948242,-0.9819647073745728,0.0001747779460856691,-0.2285091131925583,1.3632680177688599,0.8998496532440186,0.3932480812072754,-0.11089169234037399,1.350000023841858,-0.7822867035865784,-0.26122623682022095,-0.5225273370742798,0.08710633963346481,1.047178030014038,0.5332457423210144,0.010907781310379505,0.30154648423194885,-1.1851588487625122,0.9787333011627197
0.09652210772037506,-0.4856122136116028,0.8397969007492065,-0.07766736298799515,-0.04721072316169739,-0.7658650279045105,0.6365451216697693,-0.9828598499298096,0.00011360565986251459,-0.23496204614639282,1.351381540298462,0.9009547233581543,0.41744646430015564,-0.1683836579322815,1.350000023841858,-0.78337562084198,-0.2614266872406006,-0.5229024291038513,0.08716239035129547,1.0471856594085693,0.5296987295150757,0.02548389881849289,0.3134467899799347,-1.1915796995162964,0.9804746508598328
0.09339258074760437,-0.4862552285194397,0.8372624516487122,-0.07228626310825348,-0.052266333252191544,-0.7677329182624817,0.6345306038856506,-0.9828713536262512,7.384367927443236e-05,-0.24495232105255127,1.3379825353622437,0.9220110177993774,0.4487488269805908,-0.20312830805778503,1.350000023841858,-0.7840834259986877,-0.2613920569419861,-0.5231462121009827,0.08719882369041443,1.0471906661987305,0.532238781452179,0.04210779070854187,0.32747700810432434,-1.1952433586120605,0.9833412170410156
0.09047602117061615,-0.4860319495201111,0.8349376916885376,-0.06653004139661789,-0.05628908798098564,-0.7681829929351807,0.6342713832855225,-0.9805203676223755,4.799839007318951e-05,-0.2557957172393799,1.3287830352783203,0.9724794626235962,0.4919159412384033,-0.21896904706954956,1.350000023841858,-0.784543514251709,-0.25674667954444885,-0.5233047008514404,0.08722250908613205,1.0471938848495483,0.5401678681373596,0.05550527572631836,0.34435904026031494,-1.1941235065460205,0.9857288599014282
0.08751397579908371,-0.48498332500457764,0.833340048789978,-0.06110971048474312,-0.05844413861632347,-0.7656410932540894,0.6376860737800598,-0.9840364456176758,3.119895336567424e-05,-0.26582592725753784,1.3235549926757812,1.0610127449035645,0.5506343841552734,-0.2207016497850418,1.350000023841858,-0.7848425507545471,-0.24640241265296936,-0.5234076976776123,0.0872379019856453,1.0471959114074707,0.5542316436767578,0.06386136263608932,0.36070358753204346,-1.1859654188156128,0.9868408441543579
0.08478473126888275,-0.48369061946868896,0.8324868679046631,-0.05726008489727974,-0.06101536378264427,-0.7591607570648193,0.6455024480819702,-0.984264612197876,2.0279318050597794e-05,-0.27373409271240234,1.325896143913269,1.1754860877990723,0.6084717512130737,-0.22743475437164307,1.350000023841858,-0.7850369215011597,-0.23546288907527924,-0.5234746336936951,0.08724790811538696,1.0471973419189453,0.5755549669265747,0.07414110004901886,0.37618470191955566,-1.1782103776931763,0.9878489971160889
0.08259566873311996,-0.4821817874908447,0.8329999446868896,-0.054523877799510956,-0.061582617461681366,-0.7490649223327637,0.6573708057403564,-0.9846627712249756,1.3181555914343335e-05,-0.2766118049621582,1.33534836769104,1.3055167198181152,0.6655596494674683,-0.24310582876205444,1.350000023841858,-0.7851632833480835,-0.22037149965763092,-0.5223067998886108,0.08725441247224808,1.0471982955932617,0.6033886671066284,0.08233536779880524,0.3877730667591095,-1.1618925333023071,0.9883579015731812
0.0810350850224495,-0.4811024069786072,0.8337512016296387,-0.052928097546100616,-0.06382203102111816,-0.7368541955947876,0.6709480285644531,-0.9903719425201416,8.568011253373697e-06,-0.275433748960495,1.345967411994934,1.4281704425811768,0.7075108289718628,-0.2798856496810913,1.350000023841858,-0.785245418548584,-0.21145671606063843,-0.5200145840644836,0.08725863695144653,1.04719877243042,0.636451005935669,0.09650275111198425,0.40065664052963257,-1.1507222652435303,0.9890639781951904
0.0803738385438919,-0.4803834855556488,0.8346074223518372,-0.0521908663213253,-0.06684671342372894,-0.7250097990036011,0.6834972500801086,-0.9898629784584045,5.569207132793963e-06,-0.2683802843093872,1.3581464290618896,1.5424189567565918,0.7357180118560791,-0.33358055353164673,1.350000023841858,-0.7852166891098022,-0.2080797702074051,-0.517061710357666,0.0872613862156868,1.0471992492675781,0.6738578677177429,0.11354217678308487,0.4144408702850342,-1.142113208770752,0.990080714225769
0.08058927953243256,-0.48035484552383423,0.8351297378540039,-0.05174657329916954,-0.07165573537349701,-0.714401364326477,0.6941313743591309,-0.9763710498809814,3.6199844544171356e-06,-0.25563907623291016,1.3722436428070068,1.6407253742218018,0.7532781362533569,-0.4006657004356384,1.350000023841858,-0.7837088108062744,-0.21266064047813416,-0.5134941339492798,0.08726317435503006,1.0471994876861572,0.7122263312339783,0.13532213866710663,0.43112868070602417,-1.1401606798171997,0.991124153137207
0.08188451081514359,-0.48068612813949585,0.8351720571517944,-0.05122219771146774,-0.07849277555942535,-0.705242931842804,0.7027428150177002,-0.9534528255462646,2.352989895371138e-06,-0.24092066287994385,1.3831815719604492,1.7176737785339355,0.7712905406951904,-0.47178134322166443,1.350000023841858,-0.7819516658782959,-0.225297749042511,-0.5090225338935852,0.08726433664560318,1.0471996068954468,0.7378349304199219,0.16185157001018524,0.4492710828781128,-1.145200252532959,0.9916092157363892
0.08359135687351227,-0.4806394577026367,0.8353034853935242,-0.05115488916635513,-0.0853586420416832,-0.6979047656059265,0.7092432975769043,-0.9197624921798706,1.5294433524104534e-06,-0.2278880476951599,1.38896906375885,1.7751952409744263,0.7945119142532349,-0.5315765142440796,1.350000023841858,-0.7758505344390869,-0.23795178532600403,-0.5054991245269775,0.08726508915424347,1.0471997261047363,0.7544819712638855,0.1861993670463562,0.46831169724464417,-1.1521949768066406,0.9913454055786133
0.08557930588722229,-0.48040151596069336,0.8357999324798584,-0.05158225819468498,-0.08979865163564682,-0.693244457244873,0.7132233381271362,-0.8791272640228271,9.941381904354785e-07,-0.21330790221691132,1.3922377824783325,1.8139615058898926,0.8307709097862244,-0.5791568756103516,1.350000023841858,-0.7669664621353149,-0.24629828333854675,-0.5033540725708008,0.08726558089256287,1.0471997261047363,0.7653025388717651,0.2016279250383377,0.4873974919319153,-1.153906226158142,0.9890090227127075
0.08812662959098816,-0.4800994396209717,0.836622953414917,-0.05229063704609871,-0.09161890298128128,-0.6931291222572327,0.7130523324012756,-0.8410696983337402,6.461897896770097e-07,-0.19889695942401886,1.3891541957855225,1.827298641204834,0.8809252977371216,-0.6168248057365417,1.350000023841858,-0.7579355239868164,-0.2517235279083252,-0.5010033845901489,0.08726590126752853,1.0471997261047363,0.7723331451416016,0.20685015618801117,0.5073886513710022,-1.146191120147705,0.9851343631744385
0.09134843945503235,-0.47976428270339966,0.8374760150909424,-0.05328381434082985,-0.0911564901471138,-0.6988946199417114,0.7073879241943359,-0.7985697984695435,4.2002335476354347e-07,-0.18731915950775146,1.381394624710083,1.8085718154907227,0.9330196380615234,-0.6497133374214172,1.350000023841858,-0.7505672574043274,-0.255249947309494,-0.4984602630138397,0.08726610988378525,1.0471997261047363,0.7769027948379517,0.2012682557106018,0.5276631116867065,-1.1307711601257324,0.9806863069534302
0.09483037889003754,-0.47969621419906616,0.8380233645439148,-0.055298883467912674,-0.08903617411851883,-0.7089170217514038,0.6974605917930603,-0.7503199577331543,2.7301516070110665e-07,-0.1864466667175293,1.3690085411071777,1.7138434648513794,0.9559403657913208,-0.6824745535850525,1.350000023841858,-0.7462247610092163,-0.25754213333129883,-0.49824392795562744,0.08726624399423599,1.0471997261047363,0.7798734307289124,0.18840661644935608,0.5441548824310303,-1.115536093711853,0.9760950803756714
0.0983092188835144,-0.4759606122970581,0.840682864189148,-0.05003764107823372,-0.08753509819507599,-0.7269934415817261,0.6792011857032776,-0.6156316995620728,1.7745985303463385e-07,-0.20350219309329987,1.2670949697494507,1.4503967761993408,0.8097676038742065,-0.6712925434112549,1.350000023841858,-0.7266431450843811,-0.25633496046066284,-0.47667405009269714,0.08726633340120316,1.0471997261047363,0.781807005405426,0.1717316210269928,0.5603914260864258,-1.0642085075378418,0.9684672355651855
0.10021796077489853,-0.47408390045166016,0.8433123826980591,-0.04389318451285362,-0.0831705704331398,-0.7435173988342285,0.6620709300041199,-0.4796143174171448,1.1534890376196927e-07,-0.23736703395843506,1.1352388858795166,1.1376527547836304,0.6213870048522949,-0.6210905313491821,1.350000023841858,-0.7186752557754517,-0.24705232679843903,-0.4549090266227722,0.08726638555526733,1.0471997261047363,0.7830638289451599,0.16255977749824524,0.5705223083496094,-1.0348191261291504,0.9744751453399658
0.10190652310848236,-0.47285541892051697,0.8463623523712158,-0.03847214952111244,-0.07587216794490814,-0.7580234408378601,0.6466558575630188,-0.33369454741477966,7.49767821162095e-08,-0.2699277698993683,1.033337950706482,0.796171247959137,0.42945152521133423,-0.5383679270744324,1.350000023841858,-0.7275497317314148,-0.22998645901679993,-0.4336751103401184,0.08726642280817032,1.0471997261047363,0.7694072127342224,0.15964414179325104,0.5655779838562012,-1.029505968093872,0.987392783164978
0.1037645936012268,-0.4722214341163635,0.8490179777145386,-0.036204997450113297,-0.06752961128950119,-0.7718225717544556,0.6312042474746704,-0.19489315152168274,4.873490766499344e-08,-0.31827512383461,1.002973198890686,0.48758846521377563,0.27915579080581665,-0.46404778957366943,1.350000023841858,-0.7477965950965881,-0.21040190756320953,-0.4203249216079712,0.08726644515991211,1.0471997261047363,0.7535380721092224,0.15524716675281525,0.5473127961158752,-1.0439373254776,1.000328779220581
0.10588638484477997,-0.47188693284988403,0.8514272570610046,-0.037892457097768784,-0.055530279874801636,-0.7848724722862244,0.6159998178482056,-0.0730658620595932,3.1677689804610054e-08,-0.4042970538139343,1.0918384790420532,0.19952228665351868,0.18145126104354858,-0.40343573689460754,1.350000023841858,-0.7609570622444153,-0.18526294827461243,-0.4212462306022644,0.0872664600610733,1.0471997261047363,0.7298562526702881,0.13784778118133545,0.50340735912323,-1.0372833013534546,1.0167237520217896
0.10600443184375763,-0.47515732049942017,0.849956214427948,-0.04750954732298851,-0.051312703639268875,-0.800921618938446,0.5946716070175171,0.0037597492337226868,2.059049819536085e-08,-0.42647063732147217,1.3369799852371216,-0.05225580930709839,0.11794331669807434,-0.360347718000412,1.350000023841858,-0.769511342048645,-0.18468135595321655,-0.44402068853378296,0.0872664675116539,1.0471997261047363,0.7260103821754456,0.13547955453395844,0.47897249460220337,-1.1004407405853271,1.0065690279006958
0.1053941398859024,-0.47671639919281006,0.8522902727127075,-0.04828124865889549,-0.03961268067359924,-0.817266047000885,0.5728664398193359,0.07643602043390274,1.3383822938806134e-08,-0.46319836378097534,1.598630666732788,-0.2028094381093979,0.07666315138339996,-0.34075456857681274,1.350000023841858,-0.7750716209411621,-0.15825636684894562,-0.445494681596756,0.0872664749622345,1.0463180541992188,0.7467847466468811,0.10538912564516068,0.44093549251556396,-1.0705223083496094,1.0204750299453735
0.10368048399686813,-0.4768752455711365,0.8538057208061218,-0.051611170172691345,-0.03029528260231018,-0.8320614695549011,0.5514454245567322,0.13258056342601776,8.699484688179382e-09,-0.5091439485549927,1.7881593704223633,-0.30164435505867004,0.049831047654151917,-0.3270471692085266,1.350000023841858,-0.7786858081817627,-0.13520590960979462,-0.4535921812057495,0.0872664824128151,1.0372028350830078,0.7602993249893188,0.07874735444784164,0.397231787443161,-1.0346734523773193,1.0295801162719727
0.10163853317499161,-0.4765920042991638,0.8544921875,-0.055897269397974014,-0.023972196504473686,-0.8448713421821594,0.5315009951591492,0.1632717251777649,5.654664736454151e-09,-0.5493254661560059,1.920264720916748,-0.3685464859008789,0.032390180975198746,-0.318874716758728,1.350000023841858,-0.7810350656509399,-0.11611276865005493,-0.4641580581665039,0.0872664824128151,1.0334911346435547,0.7690838575363159,0.05900496244430542,0.36393800377845764,-1.019176721572876,1.03377103805542
0.09981861710548401,-0.4755457043647766,0.8547301292419434,-0.05877497419714928,-0.02059612236917019,-0.8547044992446899,0.5153654217720032,0.17243480682373047,3.675531878855054e-09,-0.5862442851066589,2.00579833984375,-0.40595728158950806,0.02105361595749855,-0.319692999124527,1.350000023841858,-0.7825620770454407,-0.10061381757259369,-0.471200168132782,0.0872664824128151,1.0303642749786377,0.7747912406921387,0.04505222290754318,0.34178951382637024,-1.0119099617004395,1.034583330154419
0.09790711104869843,-0.47437429428100586,0.8540317416191101,-0.06257862597703934,-0.020169904455542564,-0.8604646921157837,0.5052499771118164,0.17134860157966614,2.389095588029022e-09,-0.6175148487091064,2.0585150718688965,-0.421119749546051,0.013684850186109543,-0.3321119248867035,1.350000023841858,-0.7835546135902405,-0.09383091330528259,-0.48015499114990234,0.0872664824128151,1.032796025276184,0.7784278392791748,0.03922559320926666,0.3338313698768616,-1.0333545207977295,1.027951717376709
0.09651464968919754,-0.47383683919906616,0.8530617356300354,-0.06497908383607864,-0.02215557172894478,-0.8639295697212219,0.4989114999771118,0.16961336135864258,1.552912021196562e-09,-0.6395130753517151,2.087963581085205,-0.40967103838920593,0.008895152248442173,-0.3559851050376892,1.350000023841858,-0.7841997742652893,-0.09332172572612762,-0.4850282669067383,0.0872664824128151,1.0348228216171265,0.7807353734970093,0.03965568169951439,0.33490997552871704,-1.058693766593933,1.0212301015853882
0.09583460539579391,-0.4728201627731323,0.8517762422561646,-0.06675152480602264,-0.02584320493042469,-0.8656826615333557,0.4954492151737213,0.16887891292572021,1.0093927915733047e-09,-0.6537454724311829,2.1027674674987793,-0.37995946407318115,0.005781848914921284,-0.38277146220207214,1.350000023841858,-0.784619152545929,-0.09878857433795929,-0.48817163705825806,0.0872664824128151,1.0363126993179321,0.7822394371032715,0.04366646707057953,0.34096264839172363,-1.080893635749817,1.0163524150848389
0.09493884444236755,-0.4725074768066406,0.8501805067062378,-0.06760811060667038,-0.030198095366358757,-0.8664261698722839,0.49378424882888794,0.17082172632217407,6.561052812159573e-10,-0.6643538475036621,2.1029975414276123,-0.3350188732147217,0.0037582016084343195,-0.40828800201416016,1.350000023841858,-0.7848917245864868,-0.10865156352519989,-0.49043479561805725,0.0872664824128151,1.0401160717010498,0.783219039440155,0.04877559095621109,0.351284384727478,-1.1034702062606812,1.0143643617630005
0.09362861514091492,-0.47376298904418945,0.8484174013137817,-0.06746287643909454,-0.03436474874615669,-0.8658189177513123,0.4945962727069855,0.17334160208702087,3.7425772461574525e-05,-0.663576602935791,2.083603620529175,-0.26682108640670776,0.002442830940708518,-0.4246535003185272,1.350000023841858,-0.7850688695907593,-0.12121355533599854,-0.49228209257125854,0.0872664824128151,1.042595386505127,0.7838989496231079,0.05516452342271805,0.3606719970703125,-1.119676947593689,1.0122214555740356
0.09211605787277222,-0.4766169488430023,0.8463214635848999,-0.0681929662823677,-0.03994964808225632,-0.8659006953239441,0.4939330220222473,0.17704609036445618,2.4420314730377868e-05,-0.6579572558403015,2.050736904144287,-0.1862817406654358,0.0015878400299698114,-0.43872272968292236,1.350000023841858,-0.7851840257644653,-0.13985764980316162,-0.49444544315338135,0.0872664824128151,1.044206976890564,0.7843582630157471,0.06791555136442184,0.36836928129196167,-1.1343072652816772,1.0100961923599243
0.09008811414241791,-0.48179930448532104,0.8437837958335876,-0.06977963447570801,-0.04615283012390137,-0.8687602877616882,0.48811501264572144,0.18591322004795074,1.587343831488397e-05,-0.6511397957801819,2.008883237838745,-0.10654354840517044,0.0010320959845557809,-0.45279353857040405,1.350000023841858,-0.7852588891983032,-0.16309323906898499,-0.4975040555000305,0.0872664824128151,1.0452544689178467,0.7846300601959229,0.08689010888338089,0.3747888207435608,-1.1470168828964233,1.0072706937789917
0.08748568594455719,-0.4885507822036743,0.8414385318756104,-0.0728173702955246,-0.05187433212995529,-0.8751051425933838,0.47560226917266846,0.1965826451778412,1.0317735359421931e-05,-0.6445319652557373,1.9614851474761963,-0.037010423839092255,0.0006708623841404915,-0.467643678188324,1.350000023841858,-0.7853075265884399,-0.18521764874458313,-0.5009375810623169,0.0872664824128151,1.0459353923797607,0.7847681045532227,0.10901637375354767,0.38090747594833374,-1.1581758260726929,1.004331350326538
0.08518791198730469,-0.49483388662338257,0.8398082256317139,-0.07783302664756775,-0.057080939412117004,-0.8834487199783325,0.45847803354263306,0.20617225766181946,2.4617896997369826e-05,-0.6388782262802124,1.915001630783081,0.018457947298884392,0.0004360605380497873,-0.4836401343345642,1.350000023841858,-0.7853391766548157,-0.20501941442489624,-0.5038374066352844,0.0872664824128151,1.0463778972625732,0.7836686372756958,0.1319890171289444,0.38775068521499634,-1.171299934387207,1.0029513835906982
0.08330050855875015,-0.5000714063644409,0.8387876749038696,-0.08367642015218735,-0.06144820526242256,-0.8924582004547119,0.4390225112438202,0.21554356813430786,7.884361548349261e-05,-0.6324406266212463,1.8713364601135254,0.06251843273639679,0.0002834393526427448,-0.4991302490234375,1.350000023841858,-0.7853597402572632,-0.22196733951568604,-0.5056391954421997,0.0872664824128151,1.0466656684875488,0.7793072462081909,0.15316757559776306,0.39608466625213623,-1.1858742237091064,1.0025830268859863
0.08193399757146835,-0.5040936470031738,0.838392972946167,-0.08917983621358871,-0.06469863653182983,-0.8998754620552063,0.42200136184692383,0.22583399713039398,0.00013892755669075996,-0.6249732971191406,1.831636905670166,0.09951937943696976,0.00018423557048663497,-0.5132415294647217,1.350000023841858,-0.7853730916976929,-0.2353835254907608,-0.5059763789176941,0.0872664824128151,1.0468525886535645,0.7720955610275269,0.16922278702259064,0.40369224548339844,-1.2015235424041748,1.002255916595459
0.08104321360588074,-0.5068032145500183,0.8387858867645264,-0.09351227432489395,-0.06689692288637161,-0.9050520062446594,0.40946438908576965,0.23715649545192719,0.00019007199443876743,-0.6166785955429077,1.7951037883758545,0.13308942317962646,0.00011975311645073816,-0.5259416103363037,1.350000023841858,-0.7853817939758301,-0.24421843886375427,-0.5036932229995728,0.0872664824128151,1.0469741821289062,0.7629872560501099,0.1795552372932434,0.4097222685813904,-1.2163665294647217,1.001401424407959
0.08053293824195862,-0.5087703466415405,0.8398125171661377,-0.09604451805353165,-0.06832749396562576,-0.9082079529762268,0.40157827734947205,0.25103214383125305,0.0001848058309406042,-0.6086212396621704,1.762920618057251,0.16679176688194275,7.783952605677769e-05,-0.5374608039855957,1.350000023841858,-0.7853874564170837,-0.24998003244400024,-0.49821269512176514,0.0872664824128151,1.0470530986785889,0.7521802186965942,0.1856420636177063,0.41436290740966797,-1.2277930974960327,1.0000392198562622
0.0800466537475586,-0.5098921060562134,0.8411967754364014,-0.09717357903718948,-0.06956794112920761,-0.9103062152862549,0.3963083028793335,0.26823705434799194,0.00016229554603341967,-0.6006665229797363,1.7342077493667603,0.20221127569675446,5.059568866272457e-05,-0.5458240509033203,1.350000023841858,-0.785391092300415,-0.2537510395050049,-0.49006056785583496,0.0872664824128151,1.0471044778823853,0.7394446730613708,0.1886683702468872,0.4191988706588745,-1.236452579498291,0.9985744953155518
0.0801408588886261,-0.510067343711853,0.8430553674697876,-0.096993587911129,-0.07097441703081131,-0.9110510349273682,0.3943866193294525,0.29275617003440857,0.0001590878382558003,-0.5850025415420532,1.7055885791778564,0.2503446936607361,3.288719744887203e-05,-0.5485423803329468,1.350000023841858,-0.785393476486206,-0.2551943063735962,-0.47860461473464966,0.0872664824128151,1.0471378564834595,0.7237739562988281,0.19007772207260132,0.42899131774902344,-1.2522541284561157,0.9921553134918213
0.08081261068582535,-0.5094248652458191,0.8451889753341675,-0.09565979242324829,-0.07255635410547256,-0.9115377068519592,0.39329859614372253,0.32077038288116455,0.00013494977611117065,-0.564876139163971,1.6789331436157227,0.3051609396934509,2.137667797796894e-05,-0.5467565059661865,1.350000023841858,-0.7853950262069702,-0.25473639369010925,-0.46419206261634827,0.0872664824128151,1.0471595525741577,0.7071247696876526,0.19013452529907227,0.4391803741455078,-1.262540340423584,0.9863991737365723
0.08109332621097565,-0.5086150169372559,0.846718430519104,-0.09348340332508087,-0.07473709434270859,-0.9129301905632019,0.39017143845558167,0.3473305106163025,8.77962083905004e-05,-0.5512186884880066,1.6564230918884277,0.35445666313171387,3.3475553209427744e-05,-0.5424578785896301,1.350000023841858,-0.7853960394859314,-0.25550922751426697,-0.4497279226779938,0.0872664824128151,1.0471737384796143,0.6903529167175293,0.18934857845306396,0.4470638036727905,-1.2617497444152832,0.9858819246292114
0.08154135942459106,-0.5066990852355957,0.8481433987617493,-0.0906125158071518,-0.07660878449678421,-0.9136881828308105,0.38870856165885925,0.376751184463501,5.7067543821176514e-05,-0.5382041931152344,1.6341851949691772,0.41320163011550903,9.778580715646967e-05,-0.5302262306213379,1.350000023841858,-0.7853966951370239,-0.2540726661682129,-0.43581295013427734,0.0872664824128151,1.0471829175949097,0.6728321313858032,0.18592068552970886,0.4565957188606262,-1.26600980758667,0.9819453954696655
0.0823274552822113,-0.5043742656707764,0.849308431148529,-0.08747650682926178,-0.07887537777423859,-0.9135715365409851,0.389247328042984,0.4063034653663635,3.709390148287639e-05,-0.5280902981758118,1.6135718822479248,0.4751121699810028,0.00027735321782529354,-0.5124363899230957,1.350000023841858,-0.7853971123695374,-0.25341132283210754,-0.4224897623062134,0.0872664824128151,1.0471888780593872,0.6559203863143921,0.1823878288269043,0.4649209678173065,-1.2682545185089111,0.9787473678588867
0.0835898146033287,-0.501995325088501,0.850523829460144,-0.08437205106019974,-0.08065295219421387,-0.9125707745552063,0.39190685749053955,0.43357014656066895,2.4111035600071773e-05,-0.5201160311698914,1.5955229997634888,0.5358378291130066,0.00044316041748970747,-0.4930691719055176,1.350000023841858,-0.7853974103927612,-0.2517061233520508,-0.4101748764514923,0.0872664824128151,1.0471928119659424,0.6409707069396973,0.1787596046924591,0.47091782093048096,-1.2675355672836304,0.9761066436767578
0.08498028665781021,-0.4994538426399231,0.8515722155570984,-0.0819171890616417,-0.08189187943935394,-0.9116194844245911,0.3943769931793213,0.4579806625843048,1.567217259434983e-05,-0.5146414041519165,1.580674648284912,0.5965922474861145,0.0005722771165892482,-0.47363317012786865,1.350000023841858,-0.7853975892066956,-0.24908247590065002,-0.4003470838069916,0.0872664824128151,1.047195315361023,0.628018856048584,0.17486844956874847,0.47478848695755005,-1.263617992401123,0.9738445281982422
0.08628245443105698,-0.4970168471336365,0.8523769378662109,-0.08033597469329834,-0.08250114321708679,-0.9106429219245911,0.3968237638473511,0.4794582724571228,1.018691182252951e-05,-0.5120499134063721,1.5699774026870728,0.6572982668876648,0.0006346293957903981,-0.4564310610294342,1.350000023841858,-0.7853977084159851,-0.2458876371383667,-0.3939335346221924,0.0872664824128151,1.047196865081787,0.6176649332046509,0.170981764793396,0.4756110906600952,-1.2576173543930054,0.9719059467315674
0.08736766874790192,-0.49485304951667786,0.852965235710144,-0.07968872785568237,-0.0824238508939743,-0.909233808517456,0.40018731355667114,0.49614182114601135,6.621492502745241e-06,-0.5118259191513062,1.5623308420181274,0.7167022228240967,0.0006416188552975655,-0.4431052803993225,1.350000023841858,-0.7853977680206299,-0.2421557903289795,-0.39125901460647583,0.0872664824128151,1.047197937965393,0.6103927493095398,0.16727620363235474,0.47303473949432373,-1.250969648361206,0.9703185558319092
0.08808805793523788,-0.4928314685821533,0.8533574938774109,-0.0795995220541954,-0.08186894655227661,-0.9076064229011536,0.4039950966835022,0.5083308219909668,4.303969944885466e-06,-0.5135367512702942,1.5563342571258545,0.7754429578781128,0.0007209080504253507,-0.43154019117355347,1.350000023841858,-0.7853978276252747,-0.23859336972236633,-0.39122477173805237,0.0872664824128151,1.0471985340118408,0.6056607961654663,0.1641525775194168,0.4683506488800049,-1.2434314489364624,0.96910160779953
0.08879131078720093,-0.4907757639884949,0.8536727428436279,-0.07958457618951797,-0.08107389509677887,-0.9067623615264893,0.4060485363006592,0.5154192447662354,2.797580464175553e-06,-0.5176374912261963,1.5513638257980347,0.8303482532501221,0.0006726314895786345,-0.4220588207244873,1.350000023841858,-0.7853978872299194,-0.235733300447464,-0.391549289226532,0.0872664824128151,1.047199010848999,0.6026029586791992,0.1611642688512802,0.46140581369400024,-1.2285276651382446,0.969937801361084
0.08931751549243927,-0.48855799436569214,0.8538511991500854,-0.08011353015899658,-0.07996024191379547,-0.9060547351837158,0.4077412784099579,0.5192720890045166,1.818427222133323e-06,-0.5235216021537781,1.5482330322265625,0.8827877640724182,0.0017614646349102259,-0.4129817485809326,1.350000023841858,-0.7853978872299194,-0.2332705855369568,-0.39371973276138306,0.0872664824128151,1.0471992492675781,0.6010733842849731,0.15861232578754425,0.45322224497795105,-1.2140272855758667,0.9724476337432861
0.08954521268606186,-0.4865407347679138,0.8539761304855347,-0.08106209337711334,-0.07855643332004547,-0.904931366443634,0.4103133976459503,0.5215197205543518,1.1819776091215317e-06,-0.5309150218963623,1.547418236732483,0.9330184459686279,0.004540155176073313,-0.40339094400405884,1.350000023841858,-0.7853978872299194,-0.2314351201057434,-0.3973613381385803,0.0872664824128151,1.0471994876861572,0.6003502011299133,0.15722784399986267,0.4443918466567993,-1.2030816078186035,0.9746489524841309
0.08980139344930649,-0.48453980684280396,0.8540924787521362,-0.0823524221777916,-0.07702041417360306,-0.9032177925109863,0.4141058623790741,0.5242316722869873,7.682854175072862e-07,-0.5390785932540894,1.5512125492095947,0.9791059494018555,0.009300194680690765,-0.39328351616859436,1.350000023841858,-0.7853978872299194,-0.23034249246120453,-0.40192699432373047,0.0872664824128151,1.0471996068954468,0.6002258658409119,0.15709426999092102,0.4355758726596832,-1.1952462196350098,0.9766024351119995
0.08995762467384338,-0.4827226996421814,0.8542841672897339,-0.08317282050848007,-0.07517688721418381,-0.9007301926612854,0.41966158151626587,0.529178261756897,4.99385521379736e-07,-0.5467435717582703,1.559037208557129,1.0212513208389282,0.016156617552042007,-0.3824799060821533,1.350000023841858,-0.7853978872299194,-0.2291787564754486,-0.40635064244270325,0.0872664824128151,1.0471997261047363,0.6002115607261658,0.1571609377861023,0.42776942253112793,-1.1897130012512207,0.9782452583312988
0.08985195308923721,-0.481584370136261,0.8540952801704407,-0.08533696830272675,-0.07414355874061584,-0.8956812024116516,0.4300878047943115,0.5350728631019592,3.246005633172899e-07,-0.5516913533210754,1.5814484357833862,1.048022747039795,0.030008938163518906,-0.370836466550827,1.350000023841858,-0.7853978872299194,-0.2308603823184967,-0.41429537534713745,0.0872664824128151,1.0471997261047363,0.601117730140686,0.1613709032535553,0.4210241436958313,-1.199267864227295,0.9762636423110962
0.0905204713344574,-0.4797287583351135,0.8568522930145264,-0.07826430350542068,-0.06623167544603348,-0.8940902352333069,0.4359939992427826,0.5360032320022583,2.1099036473515298e-07,-0.5676656365394592,1.6437275409698486,1.0853853225708008,0.019506432116031647,-0.370960533618927,1.350000023841858,-0.7853978872299194,-0.21167239546775818,-0.4049037992954254,0.0872664824128151,1.0471997261047363,0.5853647589683533,0.14452503621578217,0.40497034788131714,-1.1431777477264404,0.990845799446106
0.09046557545661926,-0.47738224267959595,0.8575457334518433,-0.07672394812107086,-0.06328853219747543,-0.8880521059036255,0.44885575771331787,0.5329943299293518,1.3714372926187934e-07,-0.5757955312728882,1.6935102939605713,1.102876901626587,0.021383248269557953,-0.366374671459198,1.350000023841858,-0.7853978872299194,-0.20587319135665894,-0.40682804584503174,0.0872664824128151,1.0471997261047363,0.575380802154541,0.14083705842494965,0.39654308557510376,-1.1371015310287476,0.9948117136955261
0.09058907628059387,-0.4756689965724945,0.8569995164871216,-0.07782485336065292,-0.06276620924472809,-0.8797096014022827,0.46488136053085327,0.5338128805160522,8.914341975696516e-08,-0.5770471096038818,1.7395169734954834,1.1122500896453857,0.03364187851548195,-0.36008763313293457,1.350000023841858,-0.7853978872299194,-0.20854058861732483,-0.41529834270477295,0.0872664824128151,1.0471997261047363,0.5687785744667053,0.14461782574653625,0.38935691118240356,-1.148651361465454,0.9941062927246094
0.0909823477268219,-0.473791241645813,0.8560687303543091,-0.08011143654584885,-0.06243465840816498,-0.8690772652626038,0.48413708806037903,0.5403730869293213,5.794322177621325e-08,-0.5725627541542053,1.7837750911712646,1.1241023540496826,0.04931403696537018,-0.35781681537628174,1.350000023841858,-0.7853978872299194,-0.21278133988380432,-0.42768770456314087,0.0872664824128151,1.0471997261047363,0.5653836727142334,0.14887291193008423,0.38048458099365234,-1.1642158031463623,0.9929486513137817
0.09152688831090927,-0.4705212116241455,0.854680597782135,-0.08329872786998749,-0.06268303096294403,-0.8581332564353943,0.5027320384979248,0.5523428320884705,0.00010584320989437401,-0.5616686940193176,1.8261133432388306,1.1458942890167236,0.07528744637966156,-0.361354798078537,1.350000023841858,-0.7853978872299194,-0.21831737458705902,-0.4426877498626709,0.0872664824128151,1.0471997261047363,0.5648895502090454,0.15336838364601135,0.369530588388443,-1.1761577129364014,0.9924270510673523
0.09205121546983719,-0.4665192663669586,0.8533486127853394,-0.08596275746822357,-0.06235283985733986,-0.8466407656669617,0.5214613676071167,0.5688374042510986,0.0003573849971871823,-0.5421327948570251,1.868720293045044,1.1700451374053955,0.11134817451238632,-0.37610918283462524,1.350000023841858,-0.7853978872299194,-0.22121164202690125,-0.4576999247074127,0.0872664824128151,1.0428353548049927,0.5671020746231079,0.1556929051876068,0.3572157621383667,-1.1809618473052979,0.9910686016082764
0.0920427143573761,-0.462689071893692,0.8522787094116211,-0.08685769885778427,-0.0623268224298954,-0.8320440649986267,0.5443103909492493,0.5693361759185791,0.010606070049107075,-0.5076301097869873,1.9221820831298828,1.1778775453567505,0.1574331521987915,-0.4241074323654175,1.350000023841858,-0.7853978872299194,-0.22372296452522278,-0.46912682056427,0.0872664824128151,1.0345256328582764,0.5725111365318298,0.1595248579978943,0.34507718682289124,-1.1836270093917847,0.9873150587081909
0.09116588532924652,-0.45786213874816895,0.850963294506073,-0.08722322434186935,-0.06447076797485352,-0.8158862590789795,0.5679482221603394,0.5514461994171143,0.031572289764881134,-0.494620680809021,1.990617275238037,1.2001500129699707,0.19972944259643555,-0.5085747241973877,1.350000023841858,-0.7853978872299194,-0.22897028923034668,-0.47838157415390015,0.0872664824128151,1.0237038135528564,0.5820778608322144,0.16663764417171478,0.33280542492866516,-1.182214617729187,0.9849971532821655
0.08881203830242157,-0.45317763090133667,0.8497570753097534,-0.08574230968952179,-0.06737147271633148,-0.7990924119949341,0.5912365913391113,0.518614649772644,0.08804561197757721,-0.528698205947876,2.0748140811920166,1.241044044494629,0.2554927468299866,-0.6425414085388184,1.350000023841858,-0.7844165563583374,-0.23261597752571106,-0.4840627908706665,0.0872664824128151,1.0103510618209839,0.5947332382202148,0.17290857434272766,0.32336726784706116,-1.1751824617385864,0.9832189679145813
0.08514650166034698,-0.4492170214653015,0.849197268486023,-0.08259306102991104,-0.06973493099212646,-0.7785457372665405,0.6182087063789368,0.4778621196746826,0.1776968538761139,-0.6040417551994324,2.1659815311431885,1.2900004386901855,0.31215599179267883,-0.8208943009376526,1.350000023841858,-0.7839502692222595,-0.2310301959514618,-0.4863913357257843,0.0872664824128151,0.9999871850013733,0.6105561852455139,0.1753867268562317,0.3157767057418823,-1.1656928062438965,0.9835699200630188
0.08118153363466263,-0.4454764723777771,0.849064826965332,-0.07916941493749619,-0.07234825193881989,-0.7545679807662964,0.6473986506462097,0.4434519410133362,0.25673630833625793,-0.667741596698761,2.23769211769104,1.3187098503112793,0.35508644580841064,-0.9725967645645142,1.350000023841858,-0.7842683792114258,-0.22723081707954407,-0.4870365858078003,0.0872664824128151,0.9927000403404236,0.6277605295181274,0.17651137709617615,0.31005725264549255,-1.1572400331497192,0.9852582812309265
0.07726544141769409,-0.442171573638916,0.8488883972167969,-0.07575146853923798,-0.07677598297595978,-0.7286847829818726,0.676302969455719,0.4175181984901428,0.3263500928878784,-0.7158024311065674,2.2991957664489746,1.3374882936477661,0.38669025897979736,-1.0891516208648682,1.350000023841858,-0.7831119298934937,-0.2263733446598053,-0.4865033030509949,0.0872664824128151,0.989507257938385,0.6435637474060059,0.1799568235874176,0.30934938788414,-1.155973196029663,0.9883189797401428
0.07420296967029572,-0.4394701421260834,0.8487282991409302,-0.07203584909439087,-0.08163787424564362,-0.7022063136100769,0.7035995721817017,0.40264564752578735,0.39180511236190796,-0.7422057390213013,2.3512022495269775,1.35016930103302,0.4137650728225708,-1.1664402484893799,1.350000023841858,-0.7814480662345886,-0.22736790776252747,-0.4849119782447815,0.0872664824128151,0.986748456954956,0.6596953868865967,0.18482643365859985,0.3125564455986023,-1.1573317050933838,0.9920182228088379
0.07302100956439972,-0.4369562864303589,0.8495151400566101,-0.06507813930511475,-0.08235199749469757,-0.6814178228378296,0.7243292331695557,0.3893973231315613,0.4306539297103882,-0.7502142786979675,2.3753511905670166,1.3107314109802246,0.4210445284843445,-1.2090702056884766,1.350000023841858,-0.7809772491455078,-0.22248044610023499,-0.47306162118911743,0.08279146999120712,0.9373619556427002,0.7036755681037903,0.1792663335800171,0.30228254199028015,-1.0742518901824951,1.002172827720642
0.07174476981163025,-0.43589359521865845,0.8502041697502136,-0.06297037750482559,-0.08330481499433517,-0.6571478247642517,0.7464930415153503,0.3917149305343628,0.47453123331069946,-0.7405299544334412,2.4032328128814697,1.2824289798736572,0.43825989961624146,-1.2129335403442383,1.350000023841858,-0.7776259183883667,-0.2159363329410553,-0.474055677652359,0.08435717225074768,0.9515016674995422,0.732035756111145,0.17480334639549255,0.3188254237174988,-1.0928668975830078,1.0011513233184814
0.07195642590522766,-0.4345960021018982,0.8526428937911987,-0.05634453147649765,-0.07906617224216461,-0.6396253705024719,0.7625308036804199,0.380723774433136,0.48044276237487793,-0.7183247804641724,2.413097381591797,1.169960856437683,0.41526615619659424,-1.169169545173645,1.350000023841858,-0.7714914083480835,-0.19943879544734955,-0.46109458804130554,0.08537543565034866,0.9222373962402344,0.750712513923645,0.15748248994350433,0.3116092085838318,-1.0275968313217163,1.002089262008667
0.07247278094291687,-0.43515902757644653,0.8559016585350037,-0.051998965442180634,-0.06962331384420395,-0.6219972372055054,0.7781826257705688,0.3647928237915039,0.451964795589447,-0.6936519145965576,2.411106586456299,1.0101253986358643,0.36467665433883667,-1.08310866355896,1.350000023841858,-0.7715545892715454,-0.17092448472976685,-0.4505334198474884,0.08603730797767639,0.9071973562240601,0.7628524303436279,0.129638671875,0.29694414138793945,-0.9640154838562012,1.0007596015930176
0.07418501377105713,-0.43763720989227295,0.8605620861053467,-0.04588624835014343,-0.05571535974740982,-0.6039999723434448,0.7937092781066895,0.3364425599575043,0.38148733973503113,-0.6692298650741577,2.3953793048858643,0.8337002992630005,0.27725955843925476,-0.9713448286056519,1.350000023841858,-0.7763997316360474,-0.1340077519416809,-0.43060410022735596,0.08646751940250397,0.9209240078926086,0.7707433700561523,0.09483794867992401,0.2936103641986847,-0.9151180982589722,1.0008301734924316
0.07683613896369934,-0.44003579020500183,0.8658134937286377,-0.03867664560675621,-0.04150241240859032,-0.5893852710723877,0.8058577179908752,0.300056517124176,0.2843339443206787,-0.6385819315910339,2.3752100467681885,0.6689330339431763,0.18022119998931885,-0.8474905490875244,1.350000023841858,-0.7795491218566895,-0.0971725657582283,-0.4029940068721771,0.08674716204404831,0.9571352601051331,0.7758724689483643,0.06004627048969269,0.3048374354839325,-0.8850162029266357,1.0039339065551758
0.08028200268745422,-0.4417680501937866,0.8702623844146729,-0.032818593084812164,-0.030728833749890327,-0.5790390372276306,0.8140592575073242,0.26112496852874756,0.1848222315311432,-0.6086779832839966,2.36017107963562,0.522394061088562,0.11714377254247665,-0.7486006617546082,1.350000023841858,-0.7815961837768555,-0.06799125671386719,-0.37701356410980225,0.08692892640829086,0.9886578917503357,0.779206395149231,0.03364235535264015,0.31571248173713684,-0.8605755567550659,1.0117321014404297
0.08332474529743195,-0.4434034824371338,0.8740249872207642,-0.02567782998085022,-0.02124735154211521,-0.5769993662834167,0.8160642981529236,0.23145465552806854,0.12013444304466248,-0.5749814510345459,2.3425862789154053,0.4034031927585602,0.07614345103502274,-0.6754451990127563,1.350000023841858,-0.7829267978668213,-0.04196380451321602,-0.34894198179244995,0.08704707026481628,1.0091476440429688,0.7813734412193298,0.009912298992276192,0.3331083357334137,-0.8420391082763672,1.0107901096343994
0.08616752922534943,-0.4457559287548065,0.8776994943618774,-0.014784196391701698,-0.012795726768672466,-0.5806170105934143,0.813942015171051,0.19908738136291504,0.07808738201856613,-0.5340640544891357,2.304298162460327,0.3054325580596924,0.04949324205517769,-0.61855149269104,1.350000023841858,-0.7837916612625122,-0.018327143043279648,-0.3110078275203705,0.08712386339902878,1.0224659442901611,0.7827812433242798,-0.011100895702838898,0.36405277252197266,-0.8316084146499634,1.0022244453430176
0.08825764060020447,-0.44788098335266113,0.8812795877456665,-0.0027129007503390312,-0.005028714891523123,-0.5876535177230835,0.8090925812721252,0.16401512920856476,0.050773393362760544,-0.4907108247280121,2.2539615631103516,0.22671140730381012,0.03217263147234917,-0.5720133185386658,1.350000023841858,-0.7843538522720337,0.0055384160950779915,-0.2683560252189636,0.08717378228902817,1.0311228036880493,0.7815613746643066,-0.03161102533340454,0.40292757749557495,-0.8289722204208374,0.9869935512542725
0.09021475911140442,-0.44813913106918335,0.8875586986541748,0.020578041672706604,0.0054964330047369,-0.5934421420097351,0.8045948147773743,0.13670089840888977,0.03300270438194275,-0.43067434430122375,2.152988910675049,0.16473190486431122,0.020912209525704384,-0.5144410133361816,1.350000023841858,-0.7462117671966553,0.030103636905550957,-0.1783292293548584,0.08720622956752777,1.0367498397827148,0.7751809358596802,-0.054621126502752304,0.476312518119812,-0.8255608677864075,0.9557708501815796
0.09166260063648224,-0.4479760527610779,0.8961778879165649,0.04876656457781792,0.043571729212999344,-0.6004243493080139,0.7970031499862671,0.1066664606332779,0.021451758220791817,-0.355517715215683,2.104984760284424,0.14210891723632812,0.013592957518994808,-0.42155003547668457,1.350000023841858,-0.37935152649879456,-0.04425375908613205,0.03181379288434982,0.056275881826877594,1.040407419204712,0.7125753164291382,-0.11746259778738022,0.5910025835037231,-0.8356460332870483,0.9559757709503174
0.09268912672996521,-0.4470885992050171,0.8898189067840576,0.0680389404296875,0.07498656213283539,-0.6104249954223633,0.7855756282806396,0.07886134088039398,0.013943642377853394,-0.305799663066864,2.0582399368286133,0.12385638803243637,0.00883542187511921,-0.34450531005859375,1.350000023841858,-0.09470601379871368,-0.12036383897066116,0.19280433654785156,0.03164028376340866,1.0427848100662231,0.6345006823539734,-0.15950386226177216,0.69405198097229,-0.8590908050537109,0.9597011804580688
0.09327781200408936,-0.4453146457672119,0.881243884563446,0.08256153762340546,0.10081689059734344,-0.6199224591255188,0.7737672328948975,0.05746082216501236,0.009063366800546646,-0.2655903697013855,2.0107195377349854,0.11216915398836136,0.005743023939430714,-0.2849668860435486,1.350000023841858,0.08048336207866669,-0.16986612975597382,0.3231376111507416,0.014604231342673302,1.04433012008667,0.5582065582275391,-0.18631160259246826,0.7847412824630737,-0.8813186883926392,0.9623171091079712
0.0935279130935669,-0.4422155022621155,0.8723167777061462,0.09525732696056366,0.12125086784362793,-0.6278749704360962,0.7628874778747559,0.04218021407723427,0.00589118804782629,-0.23413771390914917,1.9608154296875,0.10375310480594635,0.0037329653277993202,-0.24560722708702087,1.350000023841858,0.18006488680839539,-0.20204263925552368,0.43079689145088196,0.002342705149203539,1.0453345775604248,0.49413448572158813,-0.20359236001968384,0.8662445545196533,-0.8989952802658081,0.9638237953186035
0.09404140710830688,-0.4386707544326782,0.8640627861022949,0.10558220744132996,0.1351689249277115,-0.634059488773346,0.7540227174758911,0.025450995191931725,0.003829271998256445,-0.20423102378845215,1.9076250791549683,0.10047537088394165,0.002426427323371172,-0.2164463847875595,1.350000023841858,0.23355285823345184,-0.22295735776424408,0.5143555402755737,-0.00979262962937355,1.0459873676300049,0.450490266084671,-0.21468892693519592,0.9329748153686523,-0.9150342345237732,0.9591323137283325
0.09449899941682816,-0.4348626136779785,0.8566986322402954,0.11448096483945847,0.14510947465896606,-0.6387364864349365,0.7468956112861633,0.015341122634708881,0.0024890266358852386,-0.17335495352745056,1.8565195798873901,0.10439798980951309,0.0015771776670590043,-0.19009020924568176,1.350000023841858,0.2590637803077698,-0.2365519255399704,0.5847882032394409,-0.029587045311927795,1.0464117527008057,0.421834260225296,-0.2224138081073761,0.9884754419326782,-0.9306363463401794,0.9505031108856201
0.09501710534095764,-0.43164852261543274,0.8508188128471375,0.12158738821744919,0.15115800499916077,-0.6426008939743042,0.741236686706543,0.009566583670675755,0.0016178672667592764,-0.1383461356163025,1.8158674240112305,0.10929781943559647,0.001025165431201458,-0.161997988820076,1.350000023841858,0.2709929347038269,-0.24538840353488922,0.6289796233177185,-0.030611295253038406,1.0466876029968262,0.40514105558395386,-0.22628754377365112,1.0327064990997314,-0.9497662782669067,0.9449070692062378
0.09542534500360489,-0.42872440814971924,0.8466072082519531,0.12710246443748474,0.1545395851135254,-0.6454871296882629,0.7370948195457458,0.0029688598588109016,0.0010516137117519975,-0.10523554682731628,1.8003966808319092,0.11377842724323273,0.0006663575186394155,-0.1296650916337967,1.350000023841858,0.2759256064891815,-0.25113213062286377,0.6582884788513184,-0.031262632459402084,1.0468668937683105,0.39697355031967163,-0.2267909049987793,1.064684271812439,-0.968981921672821,0.9394223690032959
0.09552593529224396,-0.4262629449367523,0.8441011905670166,0.13109269738197327,0.1563432812690735,-0.6479735374450684,0.7338268756866455,-0.0061655789613723755,0.0006835488602519035,-0.06947358697652817,1.8251341581344604,0.11024543642997742,0.00043313237256370485,-0.08971043676137924,1.350000023841858,0.28061655163764954,-0.25486552715301514,0.6747081875801086,-0.031169483438134193,1.0469834804534912,0.39408689737319946,-0.22509773075580597,1.0848193168640137,-0.9881620407104492,0.9356027841567993
0.09559263288974762,-0.42462238669395447,0.843822717666626,0.1322670578956604,0.15592804551124573,-0.6518306136131287,0.7302799224853516,0.017105886712670326,0.00044430673005990684,-0.051907047629356384,1.8736600875854492,0.12810678780078888,0.0002815360203385353,-0.0580560639500618,1.350000023841858,0.29486051201820374,-0.257292240858078,0.6742379665374756,-0.031044844537973404,1.0470592975616455,0.39363956451416016,-0.22137212753295898,1.089016318321228,-1.0048437118530273,0.9295666813850403
0.09556540846824646,-0.4227519631385803,0.846440315246582,0.12739834189414978,0.15102222561836243,-0.657814085483551,0.7268030643463135,0.047752153128385544,0.00028879937599413097,-0.053796350955963135,1.9470270872116089,0.1526181995868683,0.0001829984103096649,-0.048358164727687836,1.350000023841858,0.33011889457702637,-0.25886958837509155,0.6464640498161316,-0.028264369815587997,1.04710853099823,0.3981020450592041,-0.2147946059703827,1.0681614875793457,-1.018485188484192,0.9226735830307007
0.09535105526447296,-0.42122960090637207,0.8509104251861572,0.11878260970115662,0.1434733122587204,-0.6638450026512146,0.7243037223815918,0.06730565428733826,0.00018771959003061056,-0.10256655514240265,2.0426127910614014,0.19183948636054993,0.00011894896306330338,-0.06733936071395874,1.350000023841858,0.3818478584289551,-0.25989487767219543,0.5993140935897827,-0.022625215351581573,1.0471404790878296,0.4079236090183258,-0.20569276809692383,1.0293822288513184,-1.027535080909729,0.9170197248458862
0.0951092466711998,-0.42150938510894775,0.856475830078125,0.10948259383440018,0.13276953995227814,-0.6707065105438232,0.721483588218689,0.14349345862865448,0.0001220177291543223,-0.20124737918376923,2.104602336883545,0.25921931862831116,7.731682126177475e-05,-0.13864000141620636,1.350000023841858,0.44566476345062256,-0.2605613172054291,0.5370224118232727,-0.01594841107726097,1.047161340713501,0.4243844747543335,-0.1930011808872223,0.9806389808654785,-1.0321011543273926,0.9146473407745361
0.09495161473751068,-0.4235428273677826,0.8623417019844055,0.09923585504293442,0.11811354756355286,-0.6757919788360596,0.72076815366745,0.22088655829429626,0.0002814201870933175,-0.34848976135253906,2.1569488048553467,0.3292650878429413,5.025593054597266e-05,-0.2579198181629181,1.350000023841858,0.5207760334014893,-0.26099449396133423,0.46112775802612305,-0.00876335334032774,1.0471748113632202,0.447922021150589,-0.17309147119522095,0.9252156615257263,-1.0340147018432617,0.9149089455604553
0.09478454291820526,-0.4263235330581665,0.8675811290740967,0.08963753283023834,0.10062865167856216,-0.6761577129364014,0.724327027797699,0.28748831152915955,0.0005711867706850171,-0.5157260894775391,2.2019829750061035,0.40893423557281494,3.266635394538753e-05,-0.41368862986564636,1.350000023841858,0.5952585935592651,-0.2612760663032532,0.37877798080444336,0.0002932571806013584,1.0471835136413574,0.4772946536540985,-0.1466606855392456,0.8721266388893127,-1.0332701206207275,0.918903112411499
0.09479153156280518,-0.4295738935470581,0.8716336488723755,0.08322320133447647,0.08258912712335587,-0.6711727976799011,0.7319698333740234,0.34224098920822144,0.000372242066077888,-0.6423159837722778,2.2325849533081055,0.4693846106529236,2.123312879120931e-05,-0.5392065048217773,1.350000023841858,0.6487371325492859,-0.2614591121673584,0.30315279960632324,0.005431691184639931,1.0471892356872559,0.5078558921813965,-0.11703231930732727,0.8294006586074829,-1.0271382331848145,0.9227606058120728
0.09413015097379684,-0.43269670009613037,0.8744372129440308,0.0793423131108284,0.0643569752573967,-0.6617916226387024,0.7426943778991699,0.40028226375579834,0.00024195732839871198,-0.7903838157653809,2.2605810165405273,0.5489414930343628,1.380153298669029e-05,-0.7089830040931702,1.350000023841858,0.6857243180274963,-0.2615780830383301,0.23243092000484467,0.015602593310177326,1.0471930503845215,0.5415095090866089,-0.08779799193143845,0.8023014068603516,-1.0297638177871704,0.9294497966766357
0.09394089877605438,-0.436680406332016,0.8764805793762207,0.07718652486801147,0.048055436462163925,-0.6497538685798645,0.7546872496604919,0.44378527998924255,0.0001572722540004179,-0.8992913961410522,2.2738797664642334,0.5971361994743347,8.970996532298159e-06,-0.8329719305038452,1.350000023841858,0.7129084467887878,-0.26165539026260376,0.16893182694911957,0.023631474003195763,1.0471954345703125,0.5671449899673462,-0.058639757335186005,0.7820536494255066,-1.0299336910247803,0.933809757232666
0.09339629858732224,-0.4403976500034332,0.877831220626831,0.0760318711400032,0.03256988897919655,-0.6352909803390503,0.7678305506706238,0.4834699034690857,0.00010222696437267587,-1.0157530307769775,2.286212921142578,0.6438626050949097,5.831147518620128e-06,-0.9630523920059204,1.350000023841858,0.7319641709327698,-0.2616514265537262,0.1093844547867775,0.034631285816431046,1.0471969842910767,0.589443564414978,-0.03079409897327423,0.774070143699646,-1.0450828075408936,0.9351407289505005
0.0936504602432251,-0.44360843300819397,0.8787696957588196,0.07544920593500137,0.01786908321082592,-0.6214308738708496,0.7796228528022766,0.5057547688484192,6.644752284046263e-05,-1.1007755994796753,2.2910890579223633,0.6619055271148682,3.7902457279415103e-06,-1.0562622547149658,1.350000023841858,0.745995044708252,-0.2615481913089752,0.05400313436985016,0.04266355186700821,1.0471980571746826,0.601692795753479,-0.002163207158446312,0.7681571245193481,-1.0564589500427246,0.9357508420944214
0.09428878128528595,-0.4460984468460083,0.8796365261077881,0.07358374446630478,0.004118090961128473,-0.605336606502533,0.7925503849983215,0.5089237093925476,4.3190888391109183e-05,-1.1635942459106445,2.2940011024475098,0.662165105342865,2.463659711793298e-06,-1.124485969543457,1.350000023841858,0.7548102140426636,-0.258231520652771,0.0013856962323188782,0.05132478103041649,1.04719877243042,0.6074531674385071,0.028679758310317993,0.759048342704773,-1.0714681148529053,0.9373626708984375
0.09489286690950394,-0.44845283031463623,0.8804594278335571,0.07117348909378052,-0.00909233558923006,-0.5904925465583801,0.8038471341133118,0.4980624318122864,2.8074076908524148e-05,-1.2122219800949097,2.2958571910858154,0.6511406302452087,1.601378698978806e-06,-1.1749398708343506,1.350000023841858,0.7591270208358765,-0.2515330910682678,-0.048120878636837006,0.059864550828933716,1.0471992492675781,0.6095967888832092,0.06034567952156067,0.7457876205444336,-1.0910693407058716,0.9407389163970947
0.09575210511684418,-0.45110052824020386,0.8811918497085571,0.06881668418645859,-0.021536419168114662,-0.5792333483695984,0.8119662404060364,0.4790012836456299,1.8248148990096524e-05,-1.2505009174346924,2.2951841354370117,0.6331870555877686,1.0408961088614888e-06,-1.210997223854065,1.350000023841858,0.7603909969329834,-0.24250715970993042,-0.09429757297039032,0.06696580350399017,1.0471994876861572,0.6093106865882874,0.09217573702335358,0.7294027209281921,-1.1126502752304077,0.9439316987991333
0.09714919328689575,-0.4541859030723572,0.8817402720451355,0.06680352240800858,-0.0322100855410099,-0.5716145038604736,0.8171638250350952,0.45857536792755127,1.186129611596698e-05,-1.2800766229629517,2.2932705879211426,0.6133747100830078,6.765824309695745e-07,-1.2360024452209473,1.350000023841858,0.7548449039459229,-0.23254072666168213,-0.13523197174072266,0.07313773781061172,1.0471996068954468,0.605573296546936,0.12153645604848862,0.7131392359733582,-1.1343134641647339,0.9467840194702148
0.09856776893138885,-0.45659977197647095,0.8823513984680176,0.06343043595552444,-0.04283597692847252,-0.5690784454345703,0.8187132477760315,0.43989020586013794,7.70984206610592e-06,-1.2998733520507812,2.2909114360809326,0.6002339720726013,4.3977857444588153e-07,-1.2486317157745361,1.350000023841858,0.7398799657821655,-0.2193901240825653,-0.17267626523971558,0.0764828622341156,1.0471997261047363,0.6041618585586548,0.14771562814712524,0.6911791563034058,-1.152015209197998,0.9452905654907227
0.09981546550989151,-0.4591817259788513,0.8827114105224609,0.05961604788899422,-0.0524669773876667,-0.5731760263442993,0.8155748844146729,0.42399781942367554,5.011397206544643e-06,-1.3080378770828247,2.2882721424102783,0.5974675416946411,2.8585606060005375e-07,-1.2469429969787598,1.350000023841858,0.7140835523605347,-0.2060673087835312,-0.20614713430404663,0.07924508303403854,1.0471997261047363,0.6048171520233154,0.16932913661003113,0.6704626083374023,-1.1639864444732666,0.943060040473938
0.10147729516029358,-0.4627278447151184,0.8827837705612183,0.05574851110577583,-0.05888517200946808,-0.5834105014801025,0.8081192970275879,0.41161978244781494,1.3908515029470436e-05,-1.3006212711334229,2.2840535640716553,0.6111106872558594,1.8580642802135117e-07,-1.2238318920135498,1.350000023841858,0.6785042881965637,-0.19431659579277039,-0.23055607080459595,0.0805831253528595,1.0471997261047363,0.6069494485855103,0.18519435822963715,0.6534804105758667,-1.170357584953308,0.940639853477478
0.10242807865142822,-0.46618640422821045,0.8828317523002625,0.05046157166361809,-0.06365624070167542,-0.6016998291015625,0.7945809364318848,0.4002859890460968,0.0003212833253201097,-1.2767895460128784,2.2771623134613037,0.6435983777046204,1.2077417466116458e-07,-1.1726469993591309,1.350000023841858,0.6358300447463989,-0.18086178600788116,-0.24949327111244202,0.0815238356590271,1.0471997261047363,0.6096946597099304,0.1955694556236267,0.6399823427200317,-1.1690090894699097,0.9355074763298035
0.10283557325601578,-0.4689851403236389,0.8827222585678101,0.043888870626688004,-0.06757733970880508,-0.6250131130218506,0.7764441967010498,0.3865741789340973,0.000864549889229238,-1.2395994663238525,2.264366626739502,0.6950584053993225,0.020041367039084435,-1.0916852951049805,1.350000023841858,0.5882202982902527,-0.1671919822692871,-0.2662760317325592,0.08353026956319809,1.0471997261047363,0.6105766296386719,0.20227690041065216,0.6339284777641296,-1.1589057445526123,0.9283708333969116
0.10257111489772797,-0.47043848037719727,0.8824598789215088,0.035477232187986374,-0.07250891625881195,-0.6510041952133179,0.7547697424888611,0.36833417415618896,0.008309629745781422,-1.1983400583267212,2.245303153991699,0.7568000555038452,0.06485580652952194,-0.9955606460571289,1.350000023841858,0.5371351838111877,-0.15263469517230988,-0.2852424681186676,0.08483793586492538,1.0471997261047363,0.6091065406799316,0.20977604389190674,0.6368590593338013,-1.1381514072418213,0.916985034942627
0.10172168910503387,-0.4710192084312439,0.8817650079727173,0.0251716747879982,-0.07927094399929047,-0.678277850151062,0.7300833463668823,0.34763216972351074,0.021898886188864708,-1.156194806098938,2.2209229469299316,0.8161841630935669,0.12739209830760956,-0.8979804515838623,1.350000023841858,0.4820248782634735,-0.1389891356229782,-0.3099779188632965,0.08568792790174484,1.0471997261047363,0.6089285016059875,0.21905027329921722,0.6481890678405762,-1.1057662963867188,0.9017524719238281
0.10077930986881256,-0.4726962149143219,0.8804644346237183,0.013570908457040787,-0.08568406105041504,-0.7028307318687439,0.706047534942627,0.3299436569213867,0.0378853864967823,-1.1137478351593018,2.1969258785247803,0.8698188066482544,0.1963626742362976,-0.8091135025024414,1.350000023841858,0.41980352997779846,-0.12682895362377167,-0.33854323625564575,0.08624042570590973,1.0471997261047363,0.6134982109069824,0.22524431347846985,0.6620022654533386,-1.0679768323898315,0.8869168758392334
0.09952151775360107,-0.4753584861755371,0.8784681558609009,0.000355191295966506,-0.09071684628725052,-0.7238699793815613,0.6839463114738464,0.31561678647994995,0.05637320131063461,-1.0692155361175537,2.175201892852783,0.915642499923706,0.26188063621520996,-0.7362435460090637,1.350000023841858,0.34794753789901733,-0.11519333720207214,-0.3708387017250061,0.08659955114126205,1.0471997261047363,0.6246427297592163,0.2224724292755127,0.6717734336853027,-1.0314812660217285,0.8757741451263428
0.09780388325452805,-0.47868257761001587,0.8760290145874023,-0.014528431929647923,-0.09317401051521301,-0.7413296699523926,0.6644831895828247,0.3059731423854828,0.0766395628452301,-1.0223636627197266,2.1585850715637207,0.9557074308395386,0.31859904527664185,-0.680902361869812,1.350000023841858,0.26345548033714294,-0.10239990800619125,-0.40353184938430786,0.08683297783136368,1.0471997261047363,0.6491928696632385,0.20905271172523499,0.6698148846626282,-1.0047110319137573,0.8747515678405762
0.09516382217407227,-0.48252373933792114,0.8726972937583923,-0.030572500079870224,-0.0933416336774826,-0.7560960650444031,0.6470481753349304,0.30215907096862793,0.09860926866531372,-0.9741653203964233,2.1468799114227295,0.9923542141914368,0.3679320812225342,-0.6404651403427124,1.350000023841858,0.16832083463668823,-0.09052684903144836,-0.4394407272338867,0.08698470890522003,1.0471997261047363,0.6853877902030945,0.187748983502388,0.6556152701377869,-0.9875248670578003,0.8816112875938416
0.09206108748912811,-0.4857480525970459,0.8686729073524475,-0.04396907985210419,-0.08937589824199677,-0.7681574821472168,0.632465660572052,0.30186036229133606,0.120419442653656,-0.926616907119751,2.140084981918335,1.021627426147461,0.4119906425476074,-0.6117593050003052,1.350000023841858,0.05764311924576759,-0.08342490345239639,-0.468727171421051,0.08708333224058151,1.0471997261047363,0.72025066614151,0.15841595828533173,0.6356363296508789,-0.9749933481216431,0.8921780586242676
0.08886297792196274,-0.4880894720554352,0.8645384311676025,-0.053082894533872604,-0.08239893615245819,-0.7772262096405029,0.6215400099754333,0.306810587644577,0.13914121687412262,-0.8815062642097473,2.1388485431671143,1.0446290969848633,0.4520180821418762,-0.5917180776596069,1.350000023841858,-0.06243100389838219,-0.08034142851829529,-0.48793187737464905,0.08714743703603745,1.0471997261047363,0.7430518865585327,0.12705537676811218,0.6135520339012146,-0.9635090231895447,0.9031425714492798
0.08578620851039886,-0.48912203311920166,0.8603990077972412,-0.058554574847221375,-0.07518581300973892,-0.7834692001342773,0.6140801310539246,0.31591370701789856,0.15087920427322388,-0.8413102626800537,2.143059015274048,1.066190242767334,0.4850209355354309,-0.5779967308044434,1.350000023841858,-0.18431396782398224,-0.08180750906467438,-0.5004153251647949,0.08718910813331604,1.0471997261047363,0.757872998714447,0.0983811467885971,0.5929599404335022,-0.9527581930160522,0.9149258732795715
0.08299565315246582,-0.48973599076271057,0.856229841709137,-0.06123312562704086,-0.06862527877092361,-0.7871035933494568,0.6099255084991455,0.3270350694656372,0.15418420732021332,-0.8067724704742432,2.1514697074890137,1.082409143447876,0.5091646909713745,-0.5687718391418457,1.350000023841858,-0.3048490881919861,-0.08764266967773438,-0.5085296034812927,0.08721619099378586,1.0471997261047363,0.7675067186355591,0.07526315003633499,0.5761199593544006,-0.9467617869377136,0.9276787042617798
0.08059072494506836,-0.4904845356941223,0.8519620895385742,-0.061932776123285294,-0.06287223845720291,-0.7892067432403564,0.607753336429596,0.33956050872802734,0.1523854285478592,-0.7758828401565552,2.162003517150879,1.08693265914917,0.5241409540176392,-0.5624108910560608,1.350000023841858,-0.42343682050704956,-0.09779487550258636,-0.5138038992881775,0.08723379671573639,1.0471997261047363,0.7737686634063721,0.057146668434143066,0.5646862983703613,-0.948818564414978,0.9388748407363892
0.07868903875350952,-0.49109068512916565,0.8476428389549255,-0.06167100742459297,-0.05839342996478081,-0.7917346358299255,0.6049323678016663,0.35199299454689026,0.14863640069961548,-0.7473932504653931,2.173394203186035,1.0805398225784302,0.5296785831451416,-0.5557941198348999,1.350000023841858,-0.5377136468887329,-0.11247684061527252,-0.5172321796417236,0.08724524080753326,1.0471997261047363,0.7778388857841492,0.04301617294549942,0.5578519105911255,-0.9557381868362427,0.9469681978225708
0.0768444612622261,-0.49264538288116455,0.8436501622200012,-0.06039831042289734,-0.055953241884708405,-0.7951564192771912,0.6007891297340393,0.36353039741516113,0.14646385610103607,-0.7205957770347595,2.185938835144043,1.0645675659179688,0.5202496647834778,-0.5493248105049133,1.350000023841858,-0.624372124671936,-0.12752249836921692,-0.5194605588912964,0.087252676486969,1.0471997261047363,0.7804845571517944,0.034691423177719116,0.5557190775871277,-0.9678753614425659,0.9533693194389343
0.07491748780012131,-0.4953188896179199,0.8398997187614441,-0.0579817071557045,-0.05505892634391785,-0.800510585308075,0.5939607620239258,0.3730616271495819,0.1512986570596695,-0.6931862831115723,2.2000656127929688,1.0440850257873535,0.496768981218338,-0.5417352914810181,1.350000023841858,-0.6807310581207275,-0.14047124981880188,-0.5209090113639832,0.0872575119137764,1.0471997261047363,0.7822042107582092,0.030807722359895706,0.5572748184204102,-0.9801903963088989,0.9570817947387695
0.07233614474534988,-0.499584436416626,0.8358743786811829,-0.055091679096221924,-0.054511554539203644,-0.8068036437034607,0.5857143402099609,0.3819804787635803,0.1623612344264984,-0.6650443077087402,2.215541362762451,1.022221565246582,0.45864665508270264,-0.5319178700447083,1.350000023841858,-0.7173644304275513,-0.15062066912651062,-0.5218504667282104,0.08133799582719803,1.0471997261047363,0.7833220362663269,0.02888360433280468,0.5590747594833374,-0.9923005104064941,0.959322988986969
0.06866300851106644,-0.5054957866668701,0.8310962915420532,-0.052373237907886505,-0.05480499938130379,-0.8140390515327454,0.5758418440818787,0.3862403631210327,0.17909030616283417,-0.6379715800285339,2.229884624481201,0.9971532821655273,0.40759918093681335,-0.520231306552887,1.350000023841858,-0.7411761283874512,-0.16043026745319366,-0.5224624276161194,0.06738803535699844,1.0471997261047363,0.7840486168861389,0.029565483331680298,0.5601082444190979,-1.0065512657165527,0.9618203639984131
0.06415250897407532,-0.5123283863067627,0.8253769874572754,-0.05114161595702171,-0.05623477324843407,-0.8222657442092896,0.5640046000480652,0.38019150495529175,0.19954997301101685,-0.6136496663093567,2.242595911026001,0.9635584354400635,0.34963494539260864,-0.5074585676193237,1.350000023841858,-0.7566537857055664,-0.1715661734342575,-0.5228602290153503,0.042751483619213104,1.0471997261047363,0.7845208644866943,0.0331549271941185,0.5568720698356628,-1.019956350326538,0.9634666442871094
0.05886915326118469,-0.5195829272270203,0.8189314007759094,-0.05175542086362839,-0.05786268040537834,-0.8300126791000366,0.5523152947425842,0.36688512563705444,0.22168906033039093,-0.5929949879646301,2.251225709915161,0.9285966157913208,0.289723664522171,-0.49155592918395996,1.350000023841858,-0.7667142152786255,-0.18224728107452393,-0.523118793964386,0.007556574419140816,1.0471997261047363,0.7848278284072876,0.03748934715986252,0.5482324361801147,-1.0316206216812134,0.9644297361373901
0.053310833871364594,-0.5264409780502319,0.8121089339256287,-0.05480634421110153,-0.059602152556180954,-0.8360981941223145,0.5425713062286377,0.3475024402141571,0.24513179063796997,-0.5749501585960388,2.2567834854125977,0.8929147720336914,0.2329913079738617,-0.4720703065395355,1.350000023841858,-0.7732535004615784,-0.19186750054359436,-0.5232868790626526,-0.0369894914329052,1.0471997261047363,0.7850273847579956,0.043178439140319824,0.5336445569992065,-1.0426557064056396,0.9658217430114746
0.04758754372596741,-0.5329962968826294,0.8108072280883789,-0.05973666161298752,-0.05984820798039436,-0.8388091325759888,0.5378187298774719,0.3255094885826111,0.26402217149734497,-0.5595036745071411,2.263327121734619,0.8617266416549683,0.18220411241054535,-0.4464263319969177,1.350000023841858,-0.777504026889801,-0.1960134208202362,-0.5233961343765259,-0.08756497502326965,1.0471997261047363,0.7851570844650269,0.048340730369091034,0.5121866464614868,-1.0521564483642578,0.9677748680114746
0.04224935173988342,-0.5388374328613281,0.8102232813835144,-0.06594369560480118,-0.05858616903424263,-0.8404148817062378,0.5347167253494263,0.31300437450408936,0.2823796570301056,-0.5420999526977539,2.2740657329559326,0.834922194480896,0.14520268142223358,-0.4123916029930115,1.350000023841858,-0.7802668809890747,-0.19578833878040314,-0.5234671235084534,-0.13774171471595764,1.0471997261047363,0.7852413654327393,0.051526039838790894,0.48649299144744873,-1.0593533515930176,0.9700829386711121
0.038082513958215714,-0.5425835251808167,0.8094305396080017,-0.07259584218263626,-0.05753875896334648,-0.8406057953834534,0.5336675047874451,0.3184949457645416,0.3044414818286896,-0.5204474329948425,2.2914366722106934,0.8139898180961609,0.12539325654506683,-0.37181204557418823,1.350000023841858,-0.7820627689361572,-0.19489172101020813,-0.5211489796638489,-0.18647050857543945,1.0471997261047363,0.7852961421012878,0.05471386760473251,0.4616362154483795,-1.0660152435302734,0.9724557995796204
0.03467802703380585,-0.5447081923484802,0.809380292892456,-0.07764460146427155,-0.05683046951889992,-0.8378801941871643,0.5373066067695618,0.3381500244140625,0.33699673414230347,-0.4902629256248474,2.3102777004241943,0.7995239496231079,0.12266160547733307,-0.32774385809898376,1.350000023841858,-0.7832300662994385,-0.18956339359283447,-0.515231728553772,-0.22579136490821838,1.0413705110549927,0.7853317856788635,0.058772120624780655,0.43918150663375854,-1.0678235292434692,0.9727885127067566
0.031751930713653564,-0.5450553894042969,0.8101769685745239,-0.08079003542661667,-0.05704181268811226,-0.8314747214317322,0.5466891527175903,0.36276721954345703,0.38388001918792725,-0.44887906312942505,2.3287861347198486,0.7906345725059509,0.13638631999492645,-0.28230148553848267,1.350000023841858,-0.7839888334274292,-0.17969493567943573,-0.5081655383110046,-0.24854137003421783,1.0334795713424683,0.7853549122810364,0.06436418741941452,0.41958290338516235,-1.0649406909942627,0.9724542498588562
0.0288457740098238,-0.543899416923523,0.8117735981941223,-0.08113392442464828,-0.05889560282230377,-0.8215455412864685,0.5612589120864868,0.3918154239654541,0.4471246302127838,-0.39763784408569336,2.3462131023406982,0.7871816158294678,0.16364644467830658,-0.23847001791000366,1.350000023841858,-0.7844820022583008,-0.16790834069252014,-0.5011957883834839,-0.24978162348270416,1.0234873294830322,0.7853699922561646,0.07307043671607971,0.40548717975616455,-1.0587546825408936,0.9719077348709106
0.024948708713054657,-0.5422276854515076,0.8114296793937683,-0.07914253324270248,-0.0638255849480629,-0.8079699277877808,0.5803855061531067,0.4330044090747833,0.5393970012664795,-0.32606399059295654,2.364896774291992,0.8018649816513062,0.2050115019083023,-0.19392180442810059,1.350000023841858,-0.7848025560379028,-0.15854397416114807,-0.4952808618545532,-0.2361273169517517,1.0165091753005981,0.7853797674179077,0.08879105001688004,0.40297937393188477,-1.0662821531295776,0.9710854887962341
0.020337365567684174,-0.5405199527740479,0.8113609552383423,-0.07255978882312775,-0.07056015729904175,-0.792298436164856,0.6016805171966553,0.47158050537109375,0.6393855810165405,-0.2617640495300293,2.382676601409912,0.8311041593551636,0.24648183584213257,-0.1619691401720047,1.350000023841858,-0.7850109338760376,-0.1512342244386673,-0.4925234317779541,-0.19698089361190796,1.009373664855957,0.7853325605392456,0.10737170279026031,0.412522554397583,-1.073876976966858,0.97173011302948
0.015302840620279312,-0.5384542346000671,0.8111258745193481,-0.06263936311006546,-0.07952980697154999,-0.7758651375770569,0.6227235794067383,0.49883174896240234,0.7344805002212524,-0.2095685750246048,2.402618408203125,0.8747091293334961,0.2913137674331665,-0.13988447189331055,1.350000023841858,-0.7851463556289673,-0.15067099034786224,-0.4934702217578888,-0.14488409459590912,1.0025328397750854,0.7852917909622192,0.1281369924545288,0.4347084164619446,-1.0838773250579834,0.9731622934341431
0.00980793684720993,-0.5360530614852905,0.8106451630592346,-0.05134313926100731,-0.09003304690122604,-0.7567790150642395,0.6454018354415894,0.507987916469574,0.8218117356300354,-0.1652497500181198,2.4256937503814697,0.9209327697753906,0.33956342935562134,-0.12569648027420044,1.350000023841858,-0.7852343916893005,-0.15343348681926727,-0.49581611156463623,-0.09159792214632034,0.997024416923523,0.7853010892868042,0.15016686916351318,0.46238893270492554,-1.095641851425171,0.9750732779502869
0.004197330679744482,-0.5339698791503906,0.809421181678772,-0.04024822637438774,-0.10085378587245941,-0.7376439571380615,0.6664008498191833,0.5016921758651733,0.8915729522705078,-0.1279178410768509,2.4488730430603027,0.9644719362258911,0.38733619451522827,-0.11976996809244156,1.350000023841858,-0.7852916121482849,-0.156623974442482,-0.4993348717689514,-0.04061923921108246,0.9940794706344604,0.7853326201438904,0.1711365431547165,0.4933050870895386,-1.1108131408691406,0.9775678515434265
-0.001264743972569704,-0.5321941375732422,0.8076170682907104,-0.030851399526000023,-0.11185218393802643,-0.7192308306694031,0.6850141882896423,0.4904767870903015,0.9399173259735107,-0.09812366962432861,2.47719669342041,1.0032508373260498,0.4330894947052002,-0.12300695478916168,1.350000023841858,-0.7853288054466248,-0.16004380583763123,-0.5026631355285645,0.0014540515840053558,0.9917475581169128,0.7853554487228394,0.19276385009288788,0.523195207118988,-1.1283663511276245,0.9802284240722656
-0.006152652204036713,-0.5306085348129272,0.8055057525634766,-0.02429240196943283,-0.12370394915342331,-0.7008823752403259,0.7020478248596191,0.4801265597343445,0.9696228504180908,-0.07070943713188171,2.4959330558776855,1.0350971221923828,0.47961896657943726,-0.1311217099428177,1.350000023841858,-0.7853530049324036,-0.1661216914653778,-0.5053913593292236,0.0307067409157753,0.9904707670211792,0.7853702902793884,0.21902990341186523,0.5476983785629272,-1.1473735570907593,0.9832648038864136
-0.01026410423219204,-0.5297958254814148,0.8039621114730835,-0.01978295110166073,-0.13477936387062073,-0.6822497844696045,0.718316376209259,0.47404003143310547,0.9842212200164795,-0.04322183132171631,2.5081119537353516,1.0573757886886597,0.5268896818161011,-0.14005422592163086,1.350000023841858,-0.7853687405586243,-0.1739203929901123,-0.5060222744941711,0.050502557307481766,0.9890927076339722,0.785379946231842,0.24749261140823364,0.5650758743286133,-1.1622092723846436,0.985538125038147
-0.013351602479815483,-0.5294420719146729,0.8024469614028931,-0.017513815313577652,-0.1450488567352295,-0.6629310250282288,0.7342864274978638,0.46576157212257385,0.9815329313278198,-0.014671694487333298,2.5160281658172607,1.066474437713623,0.5731253027915955,-0.14654189348220825,1.350000023841858,-0.7849330306053162,-0.18296222388744354,-0.5056898593902588,0.06336993724107742,0.9895825386047363,0.7853862643241882,0.27699679136276245,0.5761690735816956,-1.1758384704589844,0.9879353046417236
-0.015205560252070427,-0.5297014713287354,0.8030128479003906,-0.016673848032951355,-0.15416643023490906,-0.6443651914596558,0.7488312125205994,0.4528577923774719,0.9635269641876221,0.015326867811381817,2.5211737155914307,1.0654373168945312,0.6203761100769043,-0.146288201212883,1.350000023841858,-0.7844027876853943,-0.19309580326080322,-0.5047619938850403,0.07173372805118561,0.9907851219177246,0.785390317440033,0.3065893352031708,0.5830946564674377,-1.1874924898147583,0.9900134801864624
-0.015624589286744595,-0.5306577682495117,0.8041790723800659,-0.016393709927797318,-0.1613415777683258,-0.6286396384239197,0.7605999112129211,0.4374716877937317,0.9323797225952148,0.04566574841737747,2.5245182514190674,1.0582810640335083,0.6685373783111572,-0.13839827477931976,1.350000023841858,-0.7832501530647278,-0.2034795731306076,-0.5032312870025635,0.07717019319534302,0.9921959042549133,0.7853929996490479,0.33417510986328125,0.5893703699111938,-1.1943566799163818,0.9908247590065002
-0.014453057199716568,-0.5316296815872192,0.805873692035675,-0.01693040505051613,-0.16742737591266632,-0.6147937178611755,0.7705259323120117,0.41796207427978516,0.8914291262626648,0.07977747917175293,2.5266923904418945,1.0514899492263794,0.7218590974807739,-0.11892154812812805,1.350000023841858,-0.7815350294113159,-0.21609967947006226,-0.5021571516990662,0.08070389926433563,0.9939846992492676,0.7853947281837463,0.3625013828277588,0.5957644581794739,-1.198128342628479,0.9908143281936646
-0.011596603319048882,-0.5329722166061401,0.8082033395767212,-0.018001390621066093,-0.17235185205936432,-0.6023439168930054,0.77920001745224,0.39447227120399475,0.8418822288513184,0.11772820353507996,2.5281054973602295,1.0427803993225098,0.7750272750854492,-0.09348759800195694,1.350000023841858,-0.7794632911682129,-0.2318059802055359,-0.501214325428009,0.08300080895423889,0.9977089166641235,0.7853958606719971,0.39161181449890137,0.60263991355896,-1.201274037361145,0.9905195236206055
-0.0074693732894957066,-0.5349263548851013,0.8117496967315674,-0.019612034782767296,-0.17362681031227112,-0.5906097292900085,0.7878130078315735,0.36016660928726196,0.777967095375061,0.16012585163116455,2.5290238857269287,1.0222821235656738,0.8243087530136108,-0.06157619133591652,1.350000023841858,-0.7743192911148071,-0.2423034906387329,-0.5001813173294067,0.08449379354715347,1.0059583187103271,0.7853965759277344,0.41492873430252075,0.6085185408592224,-1.2034578323364258,0.9897345900535583
-0.000475121196359396,-0.5359546542167664,0.8168712854385376,-0.017182065173983574,-0.16965410113334656,-0.5901007056236267,0.7891155481338501,0.2615436017513275,0.6294224262237549,0.2050667405128479,2.529620885848999,0.937275767326355,0.8121852874755859,-0.018268324434757233,1.350000023841858,-0.7552706003189087,-0.24912691116333008,-0.4840538799762726,0.07417222857475281,0.9776468873023987,0.7853970527648926,0.42239534854888916,0.6102076768875122,-1.1505224704742432,0.9713832139968872
0.00788766611367464,-0.5386700630187988,0.8221439719200134,-0.017131321132183075,-0.16382379829883575,-0.5861470699310303,0.7932842373847961,0.1671907752752304,0.47978562116622925,0.2739610970020294,2.5300090312957764,0.8500919342041016,0.7917135953903198,0.06248655542731285,1.350000023841858,-0.739620566368103,-0.25356215238571167,-0.4725041389465332,0.06379908323287964,0.968782901763916,0.7853973507881165,0.430366188287735,0.6078508496284485,-1.11774742603302,0.9608851671218872
0.01681128516793251,-0.5417953729629517,0.8268933892250061,-0.01943761482834816,-0.15739379823207855,-0.5805374383926392,0.7986398935317993,0.07860882580280304,0.332291841506958,0.3570830225944519,2.530261278152466,0.7618321180343628,0.768813967704773,0.16109082102775574,1.350000023841858,-0.7274144291877747,-0.256445050239563,-0.4679694175720215,0.05776972696185112,0.9698798060417175,0.7853975296020508,0.4377080798149109,0.6018081307411194,-1.0999228954315186,0.957399845123291
0.025308668613433838,-0.5455634593963623,0.830410361289978,-0.023006947711110115,-0.15129955112934113,-0.5767588019371033,0.802451491355896,0.01491585373878479,0.21599078178405762,0.42595338821411133,2.5304253101348877,0.6775470972061157,0.7454973459243774,0.2458609938621521,1.350000023841858,-0.7124580144882202,-0.2583189308643341,-0.4728274643421173,0.05946764349937439,0.9786089658737183,0.7853976488113403,0.4426211714744568,0.5961978435516357,-1.0930856466293335,0.9622052311897278
0.03285980224609375,-0.5495760440826416,0.8328551054000854,-0.026160627603530884,-0.14549477398395538,-0.5750077962875366,0.8046818971633911,-0.02433653362095356,0.14039400219917297,0.4783533215522766,2.530531883239746,0.6009870767593384,0.7237061858177185,0.3209751546382904,1.350000023841858,-0.6978088617324829,-0.2595369517803192,-0.4787435233592987,0.06084637716412544,0.984695315361023,0.7853977680206299,0.4450715184211731,0.5907428860664368,-1.0856571197509766,0.9689658284187317
0.04037048667669296,-0.5535401105880737,0.8347795009613037,-0.02801968902349472,-0.13874436914920807,-0.5745366215705872,0.8061467409133911,-0.025277987122535706,0.09125609695911407,0.514972448348999,2.5306010246276855,0.549565851688385,0.7242046594619751,0.3759111762046814,1.350000023841858,-0.6913460493087769,-0.26032865047454834,-0.4800577163696289,0.06058335304260254,0.9850649833679199,0.7853978276252747,0.44517314434051514,0.5886215567588806,-1.0783746242523193,0.9668945074081421
0.04628004878759384,-0.5568631887435913,0.8356608152389526,-0.0318853035569191,-0.13308726251125336,-0.5728548765182495,0.8081512451171875,-0.002827799879014492,0.07553678005933762,0.5406475067138672,2.5306460857391357,0.5275289416313171,0.753938615322113,0.42000439763069153,1.350000023841858,-0.6959550380706787,-0.26084327697753906,-0.48900890350341797,0.0675254836678505,0.9924484491348267,0.7853978872299194,0.444868266582489,0.5896471738815308,-1.0890153646469116,0.9689661264419556
0.052109599113464355,-0.5588337182998657,0.8362981081008911,-0.03521011769771576,-0.12747368216514587,-0.5733328461647034,0.80857914686203,0.05934048816561699,0.10124756395816803,0.55495285987854,2.5306754112243652,0.5418580770492554,0.8086866140365601,0.44762447476387024,1.350000023841858,-0.7067187428474426,-0.26117777824401855,-0.4939211905002594,0.07185110449790955,0.9896000623703003,0.7853978872299194,0.44081056118011475,0.5917171239852905,-1.0903761386871338,0.9640382528305054
0.05835416913032532,-0.5581197142601013,0.8371245861053467,-0.03739474341273308,-0.12503579258918762,-0.5778275728225708,0.8056567907333374,0.2485245317220688,0.18422764539718628,0.5316632390022278,2.527480125427246,0.634709894657135,0.869972825050354,0.3755718171596527,1.350000023841858,-0.7005226612091064,-0.2613952159881592,-0.4954816699028015,0.0718507468700409,0.9494467973709106,0.7853978872299194,0.4365803301334381,0.5831738710403442,-1.0537577867507935,0.9423511624336243
0.06277717649936676,-0.5583877563476562,0.837770938873291,-0.036084070801734924,-0.12347068637609482,-0.5878115296363831,0.798705518245697,0.47503429651260376,0.24541592597961426,0.45320773124694824,2.450273036956787,0.8300947546958923,0.845669150352478,0.2010164111852646,1.350000023841858,-0.6942274570465088,-0.26153653860092163,-0.49055972695350647,0.07511348277330399,0.9306730031967163,0.7853978872299194,0.42965805530548096,0.5918700695037842,-1.0308237075805664,0.929423451423645
0.06637600064277649,-0.5612001419067383,0.8383315801620483,-0.029206223785877228,-0.11992320418357849,-0.5981625914573669,0.7918124198913574,0.6594974994659424,0.23166194558143616,0.3704659938812256,2.350034475326538,0.9952294230461121,0.7095274329185486,0.0478927418589592,1.350000023841858,-0.7154662609100342,-0.2616283893585205,-0.469682514667511,0.07936366647481918,0.9226124286651611,0.7853978872299194,0.41983693838119507,0.6096484065055847,-1.0085322856903076,0.9221388697624207
0.06850913166999817,-0.5667960047721863,0.8414191603660583,-0.017503006383776665,-0.10574807971715927,-0.6078881621360779,0.7867547869682312,0.7717714309692383,0.1505802571773529,0.2532552480697632,2.2228283882141113,1.0711759328842163,0.4895878732204437,-0.0698670744895935,1.350000023841858,-0.7399410009384155,-0.23482656478881836,-0.4349258840084076,0.08212965726852417,0.9380263686180115,0.7853978872299194,0.3867165148258209,0.6304261684417725,-0.9796406030654907,0.9168374538421631
0.07027467340230942,-0.5721046328544617,0.8459221124649048,-0.0057152146473526955,-0.08814305812120438,-0.6182316541671753,0.7810172438621521,0.8100870251655579,0.09787716716527939,0.06260896474123001,2.0567076206207275,1.0639560222625732,0.31823211908340454,-0.22294986248016357,1.350000023841858,-0.7558509111404419,-0.19689221680164337,-0.3983672857284546,0.08392754942178726,0.9762370586395264,0.7853978872299194,0.34415626525878906,0.655170202255249,-0.9628865718841553,0.9131824970245361
0.07224158197641373,-0.5765495300292969,0.849079966545105,0.001245250110514462,-0.0737302228808403,-0.6284785866737366,0.774323582649231,0.7607890963554382,0.06362015753984451,-0.16105255484580994,1.9225164651870728,0.9843671917915344,0.20685087144374847,-0.41578394174575806,1.350000023841858,-0.7661923766136169,-0.16447234153747559,-0.37687331438064575,0.08509618043899536,1.0010740756988525,0.7853978872299194,0.30306482315063477,0.663360595703125,-0.9423820376396179,0.9180132150650024
0.07186579704284668,-0.584334671497345,0.8481727838516235,0.0009811142226681113,-0.0671524703502655,-0.6342402100563049,0.7702135443687439,0.6922208070755005,0.041353099048137665,-0.3164702355861664,1.7904226779937744,0.8847447633743286,0.13445305824279785,-0.5499027967453003,1.350000023841858,-0.7729142904281616,-0.14672525227069855,-0.3846898078918457,0.08585578948259354,1.0172181129455566,0.7853978872299194,0.2796602249145508,0.6687643527984619,-0.9785572290420532,0.9332031607627869
0.07089003920555115,-0.5924227833747864,0.8441896438598633,-0.00680230837315321,-0.0665884017944336,-0.640488862991333,0.7650448679924011,0.573560893535614,0.026879513636231422,-0.46673154830932617,1.650181770324707,0.7494650483131409,0.08739448338747025,-0.6727672815322876,1.3112422227859497,-0.7772835493087769,-0.1430736482143402,-0.4166796803474426,0.08634953200817108,1.0277117490768433,0.7853978872299194,0.26620179414749146,0.663056492805481,-1.0394459962844849,0.9446668028831482
0.06955401599407196,-0.6021385788917542,0.8390737771987915,-0.01254698634147644,-0.06616387516260147,-0.6505527496337891,0.7564694285392761,0.4376554489135742,0.017471684142947197,-0.5980187654495239,1.478265643119812,0.6002482175827026,0.05680641531944275,-0.7839162349700928,1.2216976881027222,-0.7801235914230347,-0.14802418649196625,-0.4470581114292145,0.08667046576738358,1.0345325469970703,0.7853978872299194,0.25298410654067993,0.6605991125106812,-1.1033661365509033,0.9541902542114258
0.06846582889556885,-0.6144323945045471,0.8323865532875061,-0.0147850401699543,-0.07089818269014359,-0.6579518914222717,0.749569296836853,0.28833508491516113,0.01135943178087473,-0.7024017572402954,1.2884676456451416,0.4535096287727356,0.036924172192811966,-0.8777745962142944,1.1021575927734375,-0.7819696068763733,-0.1711636334657669,-0.4717230498790741,0.08687907457351685,1.038966178894043,0.7853978872299194,0.259403795003891,0.6640664339065552,-1.1797488927841187,0.9622009992599487
0.07045482844114304,-0.6254929900169373,0.8258429765701294,-0.015164368785917759,-0.07736518979072571,-0.6599368453025818,0.7471733093261719,0.1423867791891098,0.0073836310766637325,-0.7608929872512817,1.0644197463989258,0.29718127846717834,0.02400071546435356,-0.9149981737136841,0.9149889349937439,-0.7831695079803467,-0.20288601517677307,-0.4898796081542969,0.08701466768980026,1.0418479442596436,0.7853978872299194,0.28295406699180603,0.6431924104690552,-1.2032980918884277,0.9855155944824219
0.07229751348495483,-0.6291291117668152,0.8216094374656677,-0.016112307086586952,-0.08189252763986588,-0.6625150442123413,0.744384229183197,0.03898812085390091,0.02191573940217495,-0.6707944273948669,0.8195357918739319,0.2035442292690277,0.046842798590660095,-0.8420603275299072,0.6867272853851318,-0.7839494347572327,-0.2235035002231598,-0.501681387424469,0.08710280805826187,1.0437211990356445,0.7853978872299194,0.30139708518981934,0.6196146011352539,-1.1987731456756592,0.9992802143096924
0.07245144993066788,-0.625726044178009,0.8253311514854431,-0.016163775697350502,-0.069254569709301,-0.6559460163116455,0.7514501810073853,-0.002582186833024025,0.10311877727508545,-0.45835375785827637,0.6748906373977661,0.17330938577651978,0.11611252278089523,-0.7159397602081299,0.4779471755027771,-0.7844564318656921,-0.18652911484241486,-0.4923570156097412,0.07142279297113419,1.0449388027191162,0.7853978872299194,0.2726381719112396,0.5868147611618042,-1.1535342931747437,0.9892493486404419
0.07218390703201294,-0.6192657351493835,0.8323695659637451,-0.01587614417076111,-0.04844852536916733,-0.6455486416816711,0.7620155215263367,-0.06119402125477791,0.2164095640182495,-0.18817713856697083,0.6430132985115051,0.12751273810863495,0.2293461263179779,-0.6012957692146301,0.31066566705703735,-0.7847859263420105,-0.1189485564827919,-0.4762442409992218,0.05700334906578064,1.0005005598068237,0.7853978872299194,0.22126413881778717,0.5465476512908936,-1.0678346157073975,0.9404556751251221
0.07226073741912842,-0.613730251789093,0.8380106687545776,-0.016367651522159576,-0.02534537948668003,-0.6375730037689209,0.7697989344596863,-0.18116626143455505,0.335493266582489,0.12203875184059143,0.7141139507293701,0.0688171461224556,0.38181883096694946,-0.49737435579299927,0.20193268358707428,-0.7850001454353333,-0.04839474335312843,-0.47122064232826233,0.05808284878730774,0.9246313571929932,0.7853978872299194,0.1650744080543518,0.4994993805885315,-0.9672094583511353,0.8688517808914185
0.07364104688167572,-0.6103700399398804,0.8420945405960083,-0.018216293305158615,-0.0019999665673822165,-0.6298635005950928,0.7764896750450134,-0.3226231336593628,0.4289875626564026,0.48371201753616333,0.9120430946350098,0.01246815174818039,0.5743405222892761,-0.3987681269645691,0.13502125442028046,-0.7851393818855286,0.01117437332868576,-0.475260853767395,0.06649480760097504,0.855293869972229,0.7853978872299194,0.11141824722290039,0.4535341262817383,-0.877129316329956,0.7961119413375854
0.07478900253772736,-0.6073223948478699,0.8445267677307129,-0.02117312327027321,0.013743497431278229,-0.6219170689582825,0.7826762199401855,-0.4645083546638489,0.5509656667709351,0.8320866823196411,1.1724400520324707,-0.07630832493305206,0.8397667407989502,-0.31230682134628296,0.08776392042636871,-0.7852298617362976,0.03868718072772026,-0.482474148273468,0.07376489043235779,0.8869528770446777,0.7853978872299194,0.07440061122179031,0.43258315324783325,-0.843620240688324,0.8108238577842712
0.07384026050567627,-0.6049462556838989,0.8446850180625916,-0.021419094875454903,0.023519262671470642,-0.6179802417755127,0.7855498194694519,-0.5734772682189941,0.6647983193397522,1.1207702159881592,1.4032375812530518,-0.15822423994541168,1.103541612625122,-0.24144262075424194,0.057046547532081604,-0.7852880358695984,0.03065459057688713,-0.48603761196136475,0.07478553801774979,0.9098615050315857,0.7853972911834717,0.041171811521053314,0.42532309889793396,-0.8178340196609497,0.8196699619293213
0.06910064816474915,-0.6021696329116821,0.842418909072876,-0.019394053146243095,0.02083502896130085,-0.6192704439163208,0.7846616506576538,-0.6650348901748657,0.790021538734436,1.3977320194244385,1.6028847694396973,-0.17919915914535522,1.4041247367858887,-0.16821792721748352,0.03708025440573692,-0.7853264808654785,-0.01985178142786026,-0.48495566844940186,0.07625061273574829,0.9291552305221558,0.7853975296020508,0.024897966533899307,0.4307560324668884,-0.8091475367546082,0.8512597680091858
0.06005428358912468,-0.6004852056503296,0.8388698101043701,-0.016411934047937393,0.015222307294607162,-0.6188652515411377,0.7851781249046326,-0.7388490438461304,0.9713885188102722,1.6036078929901123,1.7210593223571777,-0.1406165063381195,1.6827175617218018,-0.11127644777297974,0.02561742439866066,-0.7853514552116394,-0.07716762274503708,-0.48014914989471436,0.07824264466762543,0.9473632574081421,0.7853976488113403,0.007685127668082714,0.43697988986968994,-0.809589684009552,0.8866091966629028
0.04924854636192322,-0.5989647507667542,0.8360445499420166,-0.015096539631485939,0.004667066037654877,-0.6160606741905212,0.7875401973724365,-0.7826660871505737,1.2010048627853394,1.7581162452697754,1.7801575660705566,-0.11013966798782349,1.9464640617370605,-0.06969393789768219,0.07678429782390594,-0.7853677272796631,-0.13339750468730927,-0.4739108085632324,0.08140099048614502,0.968024492263794,0.7853977680206299,2.5613699108362198e-05,0.4483797252178192,-0.8412535190582275,0.9165645837783813
0.03764566034078598,-0.598990797996521,0.8338144421577454,-0.015592040494084358,-0.006793271750211716,-0.6116626262664795,0.7909358739852905,-0.8081231713294983,1.4285061359405518,1.8591370582580566,1.8155856132507324,-0.08766253292560577,2.1818151473999023,-0.025835378095507622,0.22646751999855042,-0.7847514152526855,-0.17833802103996277,-0.46923309564590454,0.08345391601324081,0.9957358837127686,0.7853978276252747,-0.005560273304581642,0.4586069583892822,-0.8858712911605835,0.9397924542427063
0.027841003611683846,-0.6023726463317871,0.8311254978179932,-0.01663529872894287,-0.013300582766532898,-0.6044031977653503,0.7963938117027283,-0.8343802094459534,1.665536642074585,1.9264256954193115,1.819298505783081,-0.04321296513080597,2.3515634536743164,0.04491478204727173,0.4540378451347351,-0.7849776744842529,-0.20754936337471008,-0.4714873433113098,0.08478831499814987,1.013748288154602,0.7853978872299194,-0.013243114575743675,0.45446908473968506,-0.9087993502616882,0.9541268348693848
0.019944719970226288,-0.6074019074440002,0.8261040449142456,-0.017300093546509743,-0.014405004680156708,-0.5911428332328796,0.806252658367157,-0.8750135898590088,1.882490634918213,1.980656623840332,1.8260148763656616,0.03217219561338425,2.4660391807556152,0.15349912643432617,0.7253971099853516,-0.7851247787475586,-0.22653673589229584,-0.48308247327804565,0.08565567433834076,1.025456428527832,0.7853978872299194,-0.02715848572552204,0.45181190967559814,-0.9314256906509399,0.9625730514526367
0.015934310853481293,-0.6077958941459656,0.8278411030769348,-0.020231129601597786,-0.016868894919753075,-0.5647584199905396,0.8248357772827148,-1.0098485946655273,2.2317733764648438,2.0558199882507324,1.8447282314300537,-0.010262340307235718,2.5413479804992676,0.35211968421936035,0.9843720197677612,-0.7852203845977783,-0.238878533244133,-0.49726325273513794,0.07978469133377075,1.0330666303634644,0.7853978872299194,-0.030456071719527245,0.435369610786438,-0.9176748991012573,0.9564856290817261
0.011596167460083961,-0.609978199005127,0.8255974054336548,-0.020101899281144142,-0.02039841003715992,-0.5382842421531677,0.8422766327857971,-1.2000937461853027,2.550022602081299,2.130408525466919,1.8812012672424316,-0.15967747569084167,2.628615379333496,0.6082711815834045,1.18507719039917,-0.7852824926376343,-0.24690069258213043,-0.5064807534217834,0.06610620021820068,1.038013219833374,0.7521641254425049,-0.024152185767889023,0.43566155433654785,-0.9350401163101196,0.9350486993789673
0.005507378838956356,-0.6136338710784912,0.8190625905990601,-0.014855947345495224,-0.0210261307656765,-0.5261545181274414,0.849999189376831,-1.329840898513794,2.757071018218994,2.1686863899230957,1.9447848796844482,-0.42755836248397827,2.767589569091797,0.8900230526924133,1.320080041885376,-0.785322904586792,-0.2521151006221771,-0.5124721527099609,0.07107045501470566,1.0412285327911377,0.6763441562652588,-0.020833102986216545,0.46312057971954346,-0.9769161343574524,0.9111603498458862
0.0011241245083510876,-0.620830774307251,0.8069711327552795,-0.004540776833891869,-0.019421124830842018,-0.5129768252372742,0.8581706881523132,-1.4141764640808105,2.891651153564453,2.167571783065796,2.018771171569824,-0.6930962800979614,2.898437023162842,1.13309645652771,1.350000023841858,-0.7853491306304932,-0.25550445914268494,-0.5163665413856506,0.07673906534910202,1.043318510055542,0.6015794277191162,-0.009990798309445381,0.5207099914550781,-1.0512452125549316,0.8985133171081543
-0.002032926306128502,-0.6322329044342041,0.7959849834442139,0.010885532014071941,-0.01740136370062828,-0.4968183636665344,0.867611825466156,-1.4689946174621582,2.979127883911133,2.1348845958709717,2.072826862335205,-0.9094464778900146,2.9835405349731445,1.3081023693084717,1.350000023841858,-0.7853661775588989,-0.25770753622055054,-0.5188978910446167,0.08042366057634354,1.0446770191192627,0.5577357411384583,0.008767250925302505,0.6139497756958008,-1.168129801750183,0.9194121360778809
-0.004133591428399086,-0.6393352746963501,0.7886590957641602,0.022737426683306694,-0.018312618136405945,-0.4852643609046936,0.8738799691200256,-1.5046263933181763,3.035989761352539,2.0787792205810547,2.1242616176605225,-1.1408756971359253,3.038857936859131,1.4163784980773926,1.350000023841858,-0.7853772640228271,-0.2591395378112793,-0.5205432772636414,0.0828186497092247,1.0455600023269653,0.4930986762046814,0.03999600186944008,0.6867650747299194,-1.2599254846572876,0.9286587238311768
-0.006792407017201185,-0.6498380899429321,0.7802485227584839,0.035289451479911804,-0.018379397690296173,-0.4802514612674713,0.8762279152870178,-1.5277870893478394,3.0729498863220215,2.0169014930725098,2.1683077812194824,-1.291349172592163,3.0748143196105957,1.4725151062011719,1.350000023841858,-0.785384476184845,-0.2600703537464142,-0.5216127634048462,0.08437539637088776,1.0461339950561523,0.4327352046966553,0.06733119487762451,0.7649904489517212,-1.3594324588775635,0.9625120162963867
-0.01047622412443161,-0.660900890827179,0.7709369659423828,0.048236533999443054,-0.01803576387465,-0.4796248972415924,0.8759611248970032,-1.5428414344787598,3.0969738960266113,1.9552583694458008,2.2067034244537354,-1.3891568183898926,3.0981857776641846,1.485912561416626,1.350000023841858,-0.7853891849517822,-0.2606753706932068,-0.5223079323768616,0.08538728207349777,1.0465071201324463,0.3803553581237793,0.0910881981253624,0.8500251173973083,-1.4708149433135986,0.9914054870605469
-0.014538846909999847,-0.6729074716567993,0.7617371082305908,0.06043591350317001,-0.01820620521903038,-0.48307761549949646,0.8732995390892029,-1.5526268482208252,3.1125893592834473,1.8968791961669922,2.2411611080169678,-1.4527318477630615,3.113377094268799,1.4645731449127197,1.350000023841858,-0.7853922247886658,-0.2610686421394348,-0.5227597951889038,0.08604500442743301,1.0467495918273926,0.3367740511894226,0.1097848191857338,0.9329190254211426,-1.5835366249084473,1.0085316896438599
-0.019364073872566223,-0.684418797492981,0.7541103363037109,0.07052233815193176,-0.02005443163216114,-0.48981839418411255,0.8687360882759094,-1.5589873790740967,3.122739791870117,1.8434374332427979,2.2725369930267334,-1.4940556287765503,3.123251438140869,1.418210744857788,1.350000023841858,-0.7853941917419434,-0.26132428646087646,-0.5230535268783569,0.0864725261926651,1.0469071865081787,0.2997722029685974,0.12295649200677872,1.0060417652130127,-1.6838586330413818,1.013357400894165
-0.025294771417975426,-0.6937268376350403,0.7483510971069336,0.07839266210794449,-0.02392485924065113,-0.4995309114456177,0.8624100685119629,-1.5631217956542969,3.1293373107910156,1.7952849864959717,2.3012144565582275,-1.5209161043167114,3.1296701431274414,1.355309247970581,1.350000023841858,-0.7853955030441284,-0.26149043440818787,-0.5232444405555725,0.08675041049718857,1.0470097064971924,0.2668774425983429,0.1311992108821869,1.0643877983093262,-1.7672373056411743,1.0117722749710083
-0.032804347574710846,-0.697604775428772,0.7461420297622681,0.08320251107215881,-0.033082280308008194,-0.5089234709739685,0.8561424016952515,-1.5658090114593506,3.1336255073547363,1.7577102184295654,2.3230786323547363,-1.5383753776550293,3.1338419914245605,1.2976881265640259,1.350000023841858,-0.7853963375091553,-0.2615984082221985,-0.5233685374259949,0.08693103492259979,1.0470762252807617,0.24611133337020874,0.13884425163269043,1.107635259628296,-1.8409066200256348,1.015588402748108
-0.040934134274721146,-0.7019571661949158,0.743289589881897,0.0884823203086853,-0.043296024203300476,-0.517703652381897,0.8498701453208923,-1.5675556659698486,3.136413097381592,1.7272424697875977,2.34033203125,-1.5497238636016846,3.1365537643432617,1.2441039085388184,1.350000023841858,-0.7853968739509583,-0.2616686224937439,-0.523449182510376,0.08704844117164612,1.0471194982528687,0.2335023283958435,0.1466669887304306,1.1373953819274902,-1.9058730602264404,1.0173053741455078
-0.04915263503789902,-0.7067278623580933,0.7396241426467896,0.09391310065984726,-0.0520360954105854,-0.5246487259864807,0.8445213437080383,-1.5686910152435303,3.1382250785827637,1.7017247676849365,2.3544552326202393,-1.557100534439087,3.1383166313171387,1.1943058967590332,1.350000023841858,-0.7853972315788269,-0.26171424984931946,-0.5235016345977783,0.08712475746870041,1.0471476316452026,0.2233469933271408,0.1528584063053131,1.160920262336731,-1.9612326622009277,1.0178927183151245
-0.056535519659519196,-0.7118487358093262,0.7352964282035828,0.09936536103487015,-0.058014556765556335,-0.529366672039032,0.840554416179657,-1.5694291591644287,3.1394028663635254,1.67979097366333,2.366565465927124,-1.5618953704833984,3.139462471008301,1.1480334997177124,1.350000023841858,-0.785397469997406,-0.2617439031600952,-0.5235357284545898,0.08717436343431473,1.047165870666504,0.21413752436637878,0.15761682391166687,1.17825186252594,-2.006411075592041,1.017066240310669
-0.06268736720085144,-0.7169346809387207,0.7309849858283997,0.10438027232885361,-0.06164296716451645,-0.532123863697052,0.837943434715271,-1.569908857345581,3.1401681900024414,1.6604969501495361,2.37741756439209,-1.565011978149414,3.140207290649414,1.1053671836853027,1.350000023841858,-0.7853976488113403,-0.26176318526268005,-0.5235578417778015,0.08720660954713821,1.047177791595459,0.20539428293704987,0.16078625619411469,1.188899040222168,-2.0415501594543457,1.0152742862701416
-0.06760089099407196,-0.7212541103363037,0.7274442911148071,0.10835763812065125,-0.0635029748082161,-0.5331457257270813,0.8366490602493286,-1.570220708847046,3.1406660079956055,1.6431329250335693,2.3875396251678467,-1.567037582397461,3.1406912803649902,1.066321849822998,1.350000023841858,-0.7853977680206299,-0.2617757320404053,-0.5235722064971924,0.08722756803035736,1.0471855401992798,0.19660086929798126,0.1621130257844925,1.1933635473251343,-2.067129373550415,1.0130078792572021
-0.07124432921409607,-0.7244505286216736,0.7254220843315125,0.11063576489686966,-0.06449930369853973,-0.5332354307174683,0.8362174034118652,-1.5704233646392822,3.140989303588867,1.6271746158599854,2.397190809249878,-1.5683543682098389,3.1410059928894043,1.0309340953826904,1.350000023841858,-0.7853978276252747,-0.2617838680744171,-0.5235815644264221,0.08724118769168854,1.047190546989441,0.18850864470005035,0.16169488430023193,1.1907371282577515,-2.085723876953125,1.0091757774353027
-0.07408542931079865,-0.7260797023773193,0.7247487306594849,0.11142917722463608,-0.06521116197109222,-0.5333174467086792,0.8360044956207275,-1.5705552101135254,3.1411995887756348,1.612144947052002,2.406499147415161,-1.5692102909088135,3.1412105560302734,0.9990379214286804,1.350000023841858,-0.7853978872299194,-0.26178914308547974,-0.5235876441001892,0.08725004643201828,1.0471937656402588,0.18137454986572266,0.16071797907352448,1.1825450658798218,-2.099609851837158,1.0038626194000244
-0.07660359889268875,-0.7263253927230835,0.7250410914421082,0.11118043959140778,-0.06624875962734222,-0.5339289903640747,0.8355656266212463,-1.5706408023834229,3.141336441040039,1.5976743698120117,2.4154670238494873,-1.5697665214538574,3.141343116760254,0.9703806638717651,1.350000023841858,-0.7853978872299194,-0.2617926001548767,-0.5235915780067444,0.0872557982802391,1.0471959114074707,0.1750612109899521,0.15956056118011475,1.1703630685806274,-2.1103577613830566,0.9974570870399475
-0.07891474664211273,-0.7255906462669373,0.7259210348129272,0.11032337695360184,-0.06777551025152206,-0.5348689556121826,0.8349553346633911,-1.5706963539123535,3.141425132751465,1.5835685729980469,2.424055337905884,-1.5701282024383545,3.1414294242858887,0.9447144865989685,1.350000023841858,-0.7853978872299194,-0.2617948353290558,-0.5235941410064697,0.08725953847169876,1.0471973419189453,0.16865992546081543,0.15763714909553528,1.1560332775115967,-2.1173667907714844,0.9898551106452942
-0.08109762519598007,-0.7239710092544556,0.7277013659477234,0.10853035748004913,-0.07006961107254028,-0.5362052917480469,0.8341434597969055,-1.570732593536377,3.1414828300476074,1.5697262287139893,2.4322118759155273,-1.5703632831573486,3.1414856910705566,0.9220234155654907,1.350000023841858,-0.7853978872299194,-0.2617962956428528,-0.5235958099365234,0.08726197481155396,1.0471982955932617,0.16223345696926117,0.15539656579494476,1.1401119232177734,-2.121133804321289,0.9811886548995972
-0.08279593288898468,-0.7217723727226257,0.730201244354248,0.10601025074720383,-0.07256481796503067,-0.5369048714637756,0.833804190158844,-1.570756196975708,3.1415205001831055,1.5561957359313965,2.4399755001068115,-1.5705161094665527,3.1415224075317383,0.9023252725601196,1.350000023841858,-0.7853978872299194,-0.2617972493171692,-0.5235969424247742,0.0872635543346405,1.04719877243042,0.1550048440694809,0.15278583765029907,1.124746322631836,-2.1213831901550293,0.9719355702400208
-0.08374723047018051,-0.7191726565361023,0.7331489324569702,0.10306129604578018,-0.07476620376110077,-0.5363180041313171,0.8343568444252014,-1.5707714557647705,3.141544818878174,1.5430327653884888,2.4473819732666016,-1.570615291595459,3.1415462493896484,0.8855531215667725,1.350000023841858,-0.7853978872299194,-0.26179784536361694,-0.5235976576805115,0.08726458251476288,1.0471992492675781,0.1468854546546936,0.15009073913097382,1.1108752489089966,-2.119070053100586,0.962656557559967
-0.0840054526925087,-0.7162473201751709,0.7359167337417603,0.10039374977350235,-0.07643087208271027,-0.5340337157249451,0.8359948396682739,-1.5707814693450928,3.1415605545043945,1.5301960706710815,2.45442271232605,-1.5706799030303955,3.141561508178711,0.8714210987091064,1.350000023841858,-0.7853978872299194,-0.26179826259613037,-0.5235981345176697,0.0872652530670166,1.0471994876861572,0.13777963817119598,0.14742311835289001,1.0997024774551392,-2.1159627437591553,0.95436030626297
-0.08359859883785248,-0.7135413289070129,0.7388720512390137,0.0974886491894722,-0.07732652872800827,-0.5310925245285034,0.8381272554397583,-1.5707879066467285,3.141571044921875,1.5176429748535156,2.46116304397583,-1.5707218647003174,3.141571521759033,0.8595609664916992,1.350000023841858,-0.7853978872299194,-0.2617985010147095,-0.5235984325408936,0.08726568520069122,1.0471996068954468,0.12922915816307068,0.1462405025959015,1.0881407260894775,-2.1131343841552734,0.9462629556655884
-0.08342893421649933,-0.7108436226844788,0.7415566444396973,0.09486883133649826,-0.07866073399782181,-0.5283416509628296,0.8400401473045349,-1.5707919597625732,3.14157772064209,1.5051305294036865,2.467527389526367,-1.570749044418335,3.141578197479248,0.849472165107727,1.350000023841858,-0.7853978872299194,-0.2617986798286438,-0.5235986113548279,0.0872659683227539,1.0471997261047363,0.12032797932624817,0.1447456181049347,1.0780776739120483,-2.1098575592041016,0.9387482404708862
-0.08345891535282135,-0.7078114748001099,0.7436319589614868,0.09290722757577896,-0.08068632334470749,-0.5261275768280029,0.8414557576179504,-1.5707945823669434,3.1415820121765137,1.492659091949463,2.473536968231201,-1.5707666873931885,3.141582489013672,0.8408462405204773,1.350000023841858,-0.7853978872299194,-0.26179879903793335,-0.5235987305641174,0.08726614713668823,1.0471997261047363,0.11117212474346161,0.1449904441833496,1.0711654424667358,-2.1065399646759033,0.9325680732727051
-0.08359626680612564,-0.7048839926719666,0.7453697919845581,0.09125596284866333,-0.08257543295621872,-0.5242968201637268,0.8425950407981873,-1.5707964897155762,3.141584873199463,1.4802523851394653,2.4792418479919434,-1.5707783699035645,3.141584873199463,0.8333325982093811,1.350000023841858,-0.7853978872299194,-0.2617988586425781,-0.5235987901687622,0.08726626634597778,1.0471997261047363,0.10204987227916718,0.14551571011543274,1.06565523147583,-2.1036441326141357,0.9271586537361145
-0.08365675061941147,-0.7022129893302917,0.7467474937438965,0.0899290144443512,-0.08401400595903397,-0.5228430032730103,0.8434984683990479,-1.5707976818084717,3.1415867805480957,1.467947006225586,2.484719753265381,-1.5707857608795166,3.1415867805480957,0.8267155885696411,1.350000023841858,-0.7853978872299194,-0.2617989182472229,-0.523598849773407,0.08726634085178375,1.0471997261047363,0.0932033434510231,0.1462046056985855,1.0607324838638306,-2.100991725921631,0.9220706820487976
-0.08344821631908417,-0.6997795104980469,0.7479362487792969,0.08872409909963608,-0.08478312939405441,-0.5217715501785278,0.8442122340202332,-1.570798397064209,3.141587734222412,1.4557476043701172,2.4899821281433105,-1.5707907676696777,3.141587734222412,0.8207700252532959,1.350000023841858,-0.7853978872299194,-0.2617989480495453,-0.5235989093780518,0.08726639300584793,1.0471997261047363,0.08455341309309006,0.1467454880475998,1.0563349723815918,-2.098586320877075,0.9172409772872925
-0.0829964131116867,-0.6973549127578735,0.7490907311439514,0.08748935908079147,-0.08523233234882355,-0.5210899114608765,0.8447167277336121,-1.5707988739013672,3.1415886878967285,1.443671464920044,2.495062828063965,-1.570793867111206,3.1415886878967285,0.8153964281082153,1.350000023841858,-0.7853978872299194,-0.2617989778518677,-0.5235989093780518,0.08726643025875092,1.0471997261047363,0.07608520984649658,0.14724454283714294,1.0526247024536133,-2.0965216159820557,0.9127839207649231
-0.08242654800415039,-0.6948308348655701,0.7501734495162964,0.08628524094820023,-0.08548641949892044,-0.5207257270812988,0.8450394868850708,-1.5707991123199463,3.1415891647338867,1.431727647781372,2.5000014305114746,-1.570796012878418,3.1415891647338867,0.8105331659317017,1.350000023841858,-0.7853978872299194,-0.2617989778518677,-0.5235989093780518,0.0872664526104927,1.0471997261047363,0.06779003143310547,0.14779745042324066,1.0496312379837036,-2.0948824882507324,0.9087190628051758
-0.08181655406951904,-0.6922041177749634,0.7510663270950317,0.08525511622428894,-0.08563996851444244,-0.5206983089447021,0.8451453447341919,-1.5707993507385254,3.141589641571045,1.419916033744812,2.5048041343688965,-1.5707972049713135,3.141589641571045,0.8061361312866211,1.350000023841858,-0.7853978872299194,-0.2617989778518677,-0.5235989093780518,0.0872664675116539,1.0471997261047363,0.05969102680683136,0.14860990643501282,1.0473815202713013,-2.0938940048217773,0.9051272869110107
-0.08115938305854797,-0.6896765828132629,0.7515997886657715,0.08459509909152985,-0.08550728112459183,-0.5209461450576782,0.8450724482536316,-1.5707995891571045,3.141589641571045,1.4082344770431519,2.5094871520996094,-1.5707981586456299,3.141589641571045,0.8021306395530701,1.350000023841858,-0.7853978872299194,-0.2617989778518677,-0.5235989093780518,0.0872664749622345,1.0471997261047363,0.051808495074510574,0.14969512820243835,1.0456942319869995,-2.0935654640197754,0.901910662651062
-0.08041359484195709,-0.6872943639755249,0.7518618106842041,0.08420459926128387,-0.0850069597363472,-0.5214175581932068,0.8448711037635803,-1.5707995891571045,3.141589641571045,1.39668869972229,2.5140504837036133,-1.570798635482788,3.141589641571045,0.7984855771064758,1.350000023841858,-0.7853978872299194,-0.2617989778518677,-0.5235989093780518,0.0872664824128151,1.0471997261047363,0.04406476765871048,0.15086546540260315,1.0445913076400757,-2.0939674377441406,0.8991184234619141
