0.02376665361225605,-0.30686190724372864,0.8869262337684631,-0.045130979269742966,-0.07622352242469788,-0.6460811495780945,0.7581110000610352,1.2534995079040527,2.010686810192258e-17,-0.3323296308517456,1.0290333032608032,0.41609641909599304,2.497358060366689e-16,-0.18996956944465637,0.3141348361968994,0.17195403575897217,0.02366669662296772,-0.35648587346076965,0.037131648510694504,1.0229796171188354,-0.10207172483205795,0.09020780026912689,-0.4751133620738983,0.01506069116294384,0.9889450669288635
0.020408323034644127,-0.3067857623100281,0.882002592086792,-0.05456589162349701,-0.08302513509988785,-0.657273530960083,0.7470749020576477,1.3344249725341797,0.0793498232960701,-0.1927655190229416,1.1357214450836182,0.21472692489624023,1.5643928265200518e-16,-0.1851491779088974,0.31898438930511475,0.1009344533085823,0.013260448351502419,-0.4140491783618927,0.054620467126369476,0.9853103160858154,-0.15375888347625732,0.07017982751131058,-0.4920833110809326,-0.014625010080635548,0.9696131944656372
0.01612500287592411,-0.30336993932724,0.8789283633232117,-0.07073316723108292,-0.08189892768859863,-0.6533332467079163,0.7492964267730713,1.3534797430038452,0.2206285297870636,0.02900700271129608,1.2564135789871216,0.02704571932554245,0.06442103534936905,-0.035630904138088226,0.33826932311058044,0.0063299499452114105,0.02394591085612774,-0.4523916244506836,0.051107414066791534,0.9553589820861816,-0.14847195148468018,0.038368791341781616,-0.5031138062477112,-0.0242219939827919,0.9193339347839355
0.012717862613499165,-0.2975868582725525,0.8761194944381714,-0.0839415192604065,-0.06172049418091774,-0.6504387855529785,0.7523787617683411,1.3037426471710205,0.38500499725341797,0.2841266691684723,1.4047942161560059,-0.14000870287418365,0.30218660831451416,0.15583865344524384,0.42470091581344604,-0.15075285732746124,0.046030014753341675,-0.4773141145706177,0.06376300007104874,0.9730000495910645,-0.13721975684165955,-0.009684542194008827,-0.47238439321517944,-0.012832566164433956,0.9137154817581177
0.01107655931264162,-0.2962600886821747,0.8740100860595703,-0.09017997980117798,-0.045560333877801895,-0.6407381296157837,0.7610824704170227,0.99900221824646,0.39855360984802246,0.6428142786026001,1.5329620838165283,-0.33195528388023376,0.500416100025177,0.48240023851394653,0.5263658761978149,-0.2683280110359192,0.057745903730392456,-0.493513822555542,0.07198876142501831,0.914246141910553,-0.04952552542090416,-0.02915613353252411,-0.4316871166229248,-0.03635524585843086,0.8596248030662537
0.011026733554899693,-0.29669326543807983,0.872739851474762,-0.09438040107488632,-0.02415313944220543,-0.6410252451896667,0.7613117098808289,0.6383975744247437,0.26266005635261536,0.9198263883590698,1.5924121141433716,-0.4260634779930115,0.6831498146057129,0.8555495738983154,0.7435144186019897,-0.3630039691925049,0.07725608348846436,-0.5040436387062073,0.07733596861362457,0.9027142524719238,0.05126974731683731,-0.05436886101961136,-0.38150158524513245,-0.0551319420337677,0.8414349555969238
0.009132632985711098,-0.2976110875606537,0.8734146356582642,-0.10005506128072739,-0.0053791506215929985,-0.640379011631012,0.7614951133728027,0.3596343994140625,0.17072902619838715,1.0605552196502686,1.5666035413742065,-0.4568030834197998,0.8195575475692749,1.1317088603973389,0.9563978910446167,-0.41074371337890625,0.10890895873308182,-0.5108879804611206,0.08081164956092834,0.9138410687446594,0.15986201167106628,-0.08233349025249481,-0.34728533029556274,-0.07194554805755615,0.8364601731300354
0.006718664895743132,-0.30655765533447266,0.8677999973297119,-0.09015796333551407,-0.021391313523054123,-0.6495394706726074,0.7546605467796326,0.20365922152996063,0.11097386479377747,0.9820108413696289,1.4181382656097412,-0.3133544921875,0.5327123999595642,1.105535864830017,0.9396076798439026,-0.5418726801872253,0.012550130486488342,-0.515336811542511,0.08307084441184998,0.960516631603241,0.06687784940004349,-0.0759253278374672,-0.39313316345214844,-0.01622133143246174,0.9102190732955933
0.005905843339860439,-0.31179606914520264,0.8640294075012207,-0.08425194025039673,-0.036794163286685944,-0.6573330163955688,0.7479713559150696,0.10375857353210449,0.07213301211595535,0.8966516256332397,1.2981983423233032,-0.20987263321876526,0.34626305103302,1.0745294094085693,0.923667311668396,-0.6271065473556519,-0.06547556817531586,-0.5182285904884338,0.08453931659460068,0.9908557534217834,-0.046872884035110474,-0.07992850244045258,-0.43854716420173645,0.01999940723180771,0.9581623673439026
0.005002342630177736,-0.3160206377506256,0.8610788583755493,-0.07940685749053955,-0.046056441962718964,-0.6637700200080872,0.7422821521759033,0.04478366672992706,0.04688645526766777,0.8194199800491333,1.2077003717422485,-0.1307356208562851,0.22507096827030182,1.0466978549957275,0.9163726568222046,-0.6825085282325745,-0.11879584938287735,-0.5201082229614258,0.08549382537603378,1.0105762481689453,-0.148942768573761,-0.09008435904979706,-0.46831464767456055,0.04354288801550865,0.9893255233764648
0.004170245490968227,-0.31844431161880493,0.8576861023902893,-0.07551035284996033,-0.05282996967434883,-0.6697095036506653,0.7368828654289246,0.018033195286989212,0.030476193875074387,0.7279850840568542,1.1313941478729248,-0.056272439658641815,0.14629612863063812,1.0141510963439941,0.9234675168991089,-0.7185198068618774,-0.15904246270656586,-0.5213299989700317,0.08611425757408142,1.0233945846557617,-0.2675824761390686,-0.10926830768585205,-0.4876641631126404,0.05788541957736015,1.0095815658569336
0.0035472980234771967,-0.32083719968795776,0.8541291952133179,-0.07202431559562683,-0.059067223221063614,-0.6738050580024719,0.7330145835876465,0.02036065049469471,0.019809525460004807,0.616186797618866,1.065614938735962,0.025954656302928925,0.09509248286485672,0.9705398082733154,0.9408488273620605,-0.7419271469116211,-0.1932297945022583,-0.5221241116523743,0.08651753515005112,1.031726360321045,-0.39568743109703064,-0.1334788203239441,-0.5002413392066956,0.06478359550237656,1.0227479934692383
0.0026693313848227262,-0.32262730598449707,0.8522720336914062,-0.06860823184251785,-0.06249351426959038,-0.6772556304931641,0.7298714518547058,0.036064665764570236,0.012876191176474094,0.5074525475502014,1.012894630432129,0.09120891988277435,0.06181010976433754,0.9301422834396362,0.9582853317260742,-0.7571419477462769,-0.21722456812858582,-0.5226402878761292,0.08677966892719269,1.037142038345337,-0.5044037103652954,-0.15166378021240234,-0.5024179220199585,0.07264414429664612,1.0313061475753784
0.001676092273555696,-0.32255423069000244,0.8525160551071167,-0.0658697783946991,-0.06384360045194626,-0.6803900599479675,0.7270863652229309,0.05221528187394142,0.008369524031877518,0.4001626968383789,0.9699180126190186,0.1431291550397873,0.040176570415496826,0.8924391865730286,0.976377010345459,-0.7670315504074097,-0.2328256070613861,-0.5229758024215698,0.08582241088151932,1.0406622886657715,-0.5986983776092529,-0.16396835446357727,-0.49214011430740356,0.0777619481086731,1.036868929862976
0.00097087916219607,-0.3212912678718567,0.8546559810638428,-0.06403842568397522,-0.06363414973020554,-0.685357391834259,0.7225891351699829,0.06717745959758759,0.005440190434455872,0.27103492617607117,0.9363858699798584,0.19189363718032837,0.026114769279956818,0.851967990398407,1.006373643875122,-0.773459792137146,-0.24296629428863525,-0.523193895816803,0.08226265013217926,1.0429503917694092,-0.6640427112579346,-0.16593758761882782,-0.47486960887908936,0.08108853548765182,1.0404847860336304
0.00039858309901319444,-0.3188706040382385,0.8575702905654907,-0.06280498206615448,-0.06381265074014664,-0.689655065536499,0.7185815572738647,0.06882524490356445,0.003536123549565673,0.15730229020118713,0.9129024147987366,0.22693881392478943,0.01697460003197193,0.819823682308197,1.037528395652771,-0.7776381373405457,-0.2495577335357666,-0.5233356952667236,0.07819730043411255,1.0444376468658447,-0.7065170407295227,-0.1614682674407959,-0.4574078917503357,0.08325082063674927,1.042834997177124
-5.075510125607252e-05,-0.3162171244621277,0.8606999516487122,-0.06203615665435791,-0.06402590125799179,-0.6947668790817261,0.7136884927749634,0.062267936766147614,0.0022984801325947046,0.0556030198931694,0.8994940519332886,0.24779057502746582,0.011033489368855953,0.7959685325622559,1.069950819015503,-0.7803540825843811,-0.25384217500686646,-0.5234278440475464,0.07282575964927673,1.0454044342041016,-0.7341253757476807,-0.15266986191272736,-0.44037073850631714,0.08465630561113358,1.0443627834320068
-0.00032212279620580375,-0.3137074410915375,0.8634350299835205,-0.061654236167669296,-0.06397465616464615,-0.700829803943634,0.7077736854553223,0.053984157741069794,0.0014940120745450258,-0.035284772515296936,0.8964866399765015,0.2576097846031189,0.0071717677637934685,0.779474139213562,1.104527235031128,-0.7821194529533386,-0.25662708282470703,-0.5234877467155457,0.06521393358707428,1.0460329055786133,-0.7520707845687866,-0.14243581891059875,-0.4252251982688904,0.08556987345218658,1.0453557968139648
-0.0003048504295293242,-0.3122286796569824,0.8651940822601318,-0.061458878219127655,-0.06418895721435547,-0.7065685987472534,0.7020423412322998,0.04561468958854675,0.0009711078018881381,-0.11736123263835907,0.9025391340255737,0.26289087533950806,0.004661648999899626,0.7658370733261108,1.138871192932129,-0.7832669019699097,-0.25843724608421326,-0.523526668548584,0.05772606283426285,1.0464413166046143,-0.763735294342041,-0.1329885870218277,-0.41576525568962097,0.08616369217634201,1.0460011959075928
-0.00020504830172285438,-0.3113434314727783,0.8661024570465088,-0.06144443899393082,-0.06472763419151306,-0.7127135396003723,0.6957545280456543,0.03730623424053192,0.0006312200566753745,-0.19113421440124512,0.9160650372505188,0.26612359285354614,0.003030071733519435,0.753943920135498,1.1736215353012085,-0.7840127348899841,-0.25961387157440186,-0.5235520005226135,0.050729263573884964,1.0467067956924438,-0.7713172435760498,-0.12599384784698486,-0.4118354916572571,0.08654966950416565,1.0464208126068115
-0.00021212053252384067,-0.3111952841281891,0.8664624691009521,-0.06124746799468994,-0.06527833640575409,-0.7200865149497986,0.6880864500999451,0.02690296433866024,0.00041029302519746125,-0.2563665211200714,0.9339501857757568,0.26743802428245544,0.0019695465452969074,0.7444813251495361,1.208739995956421,-0.7844975590705872,-0.2603786587715149,-0.5235684514045715,0.043754249811172485,1.0468792915344238,-0.7759870290756226,-0.12233901023864746,-0.41205257177352905,0.08680055290460587,1.0466935634613037
-0.0003346354060340673,-0.31202462315559387,0.866480827331543,-0.060879964381456375,-0.06571920216083527,-0.7291037440299988,0.6785147786140442,0.014560582116246223,0.00026669044746086,-0.31481218338012695,0.9551746845245361,0.2709890902042389,0.001280205207876861,0.735614538192749,1.2447322607040405,-0.7848126888275146,-0.26087576150894165,-0.5235791206359863,0.034976329654455185,1.0469915866851807,-0.7780172824859619,-0.12127685546875,-0.415239155292511,0.08696363121271133,1.0468707084655762
-0.000847565766889602,-0.3142472207546234,0.8658034801483154,-0.060269568115472794,-0.06666877865791321,-0.7407082915306091,0.6657883524894714,-3.95309180021286e-05,0.00017334878793917596,-0.3690168261528015,0.9789415001869202,0.27650755643844604,0.0008321333443745971,0.7254879474639893,1.2782042026519775,-0.7850174903869629,-0.26119887828826904,-0.523586094379425,0.028506513684988022,1.0470645427703857,-0.7781689167022705,-0.12134932726621628,-0.42475879192352295,0.08706963062286377,1.0469858646392822
0.001551933353766799,-0.3084988296031952,0.8651107549667358,-0.07009631395339966,-0.052639447152614594,-0.7642485499382019,0.6389364004135132,0.13029402494430542,0.00011267670925008133,-0.47159820795059204,1.410198450088501,0.7876617908477783,0.08699985593557358,0.3868771195411682,1.350000023841858,-0.7829126715660095,-0.21070162951946259,-0.523590624332428,0.020817169919610023,1.0244197845458984,-0.7597479224205017,-0.12290754169225693,-0.39417004585266113,0.06615214794874191,1.0261861085891724
0.0032625815365463495,-0.3072947561740875,0.8645197749137878,-0.07523348927497864,-0.04008123651146889,-0.7845689654350281,0.6141539216041565,0.21130388975143433,7.323985482798889e-05,-0.5272249579429626,1.701993703842163,1.1180596351623535,0.1538364291191101,0.1334562599658966,1.350000023841858,-0.7837821841239929,-0.1667378842830658,-0.523593544960022,0.029870139434933662,1.0233333110809326,-0.7463417053222656,-0.12426050752401352,-0.37084639072418213,0.052348993718624115,1.011669635772705
0.003622012212872505,-0.3084828555583954,0.8635836243629456,-0.08020863682031631,-0.030173763632774353,-0.8028002381324768,0.5900574326515198,0.2534005045890808,5.037247319705784e-05,-0.5497012138366699,1.8974016904830933,1.3164787292480469,0.20133638381958008,-0.05372870713472366,1.350000023841858,-0.7843477129936218,-0.1270899772644043,-0.5235954523086548,0.039999932050704956,1.031685471534729,-0.7296898365020752,-0.1305222362279892,-0.35575926303863525,0.04090121388435364,0.9954465627670288
0.0009890745859593153,-0.3126569390296936,0.8641738891601562,-0.09318329393863678,-0.02453354187309742,-0.8221346735954285,0.5610787868499756,0.26197436451911926,3.27421075780876e-05,-0.545756459236145,2.020289421081543,1.41715407371521,0.20682406425476074,-0.19650374352931976,1.350000023841858,-0.7847152948379517,-0.10331852734088898,-0.5235967040061951,0.0012415982782840729,1.0371155738830566,-0.5573314428329468,-0.1291089802980423,-0.3629201352596283,0.021856345236301422,0.9568915963172913
-0.0016847364604473114,-0.3148413300514221,0.866741418838501,-0.09685711562633514,-0.02341539040207863,-0.836864173412323,0.5382645726203918,0.25433528423309326,0.0005477631348185241,-0.5286831259727478,2.1017603874206543,1.4729348421096802,0.21726876497268677,-0.28576135635375977,1.350000023841858,-0.7849541902542114,-0.07622876018285751,-0.5235974788665771,0.02681584283709526,1.0406451225280762,-0.44729679822921753,-0.11832528561353683,-0.3695235550403595,0.017863210290670395,0.9481276273727417
-0.004440059419721365,-0.31661373376846313,0.8684732913970947,-0.10153290629386902,-0.02493627928197384,-0.8515302538871765,0.5137757658958435,0.24111296236515045,0.0006920736050233245,-0.5100044012069702,2.1546831130981445,1.50162672996521,0.21874940395355225,-0.34371301531791687,1.350000023841858,-0.7851095199584961,-0.059210363775491714,-0.5235980153083801,0.04411151632666588,1.042939305305481,-0.3693770170211792,-0.10903894901275635,-0.3781634569168091,0.007780746556818485,0.9360376596450806
-0.00926247425377369,-0.31996405124664307,0.8684647083282471,-0.11788959801197052,-0.02429882623255253,-0.8666716814041138,0.48414018750190735,0.21409869194030762,0.0004498478374443948,-0.47281700372695923,2.1867406368255615,1.4840126037597656,0.17977027595043182,-0.35766664147377014,1.350000023841858,-0.7852104306221008,-0.053720228374004364,-0.5235983729362488,-0.017115293070673943,1.0444304943084717,-0.24340657889842987,-0.10524480044841766,-0.40884846448898315,0.0002795490436255932,0.8879402875900269
-0.012409361079335213,-0.32023757696151733,0.8720173239707947,-0.11907908320426941,-0.02389386110007763,-0.8771807551383972,0.4645461440086365,0.19088269770145416,0.004414696712046862,-0.43789657950401306,2.207589626312256,1.4767556190490723,0.1713489592075348,-0.35184329748153687,1.350000023841858,-0.7852760553359985,-0.03203965350985527,-0.5235985517501831,0.015902411192655563,1.045399785041809,-0.17252220213413239,-0.09755470603704453,-0.40618643164634705,0.001698902458883822,0.8993222713470459
-0.014658419415354729,-0.3205607533454895,0.8744461536407471,-0.11960132420063019,-0.022960960865020752,-0.8853499293327332,0.448691189289093,0.17476461827754974,0.007054910995066166,-0.40949365496635437,2.2231857776641846,1.4773361682891846,0.16460397839546204,-0.34403184056282043,1.350000023841858,-0.7853187322616577,-0.013992635533213615,-0.5235986709594727,0.03709382563829422,1.046029806137085,-0.1272294819355011,-0.09383369982242584,-0.4013208746910095,0.0023369016125798225,0.9072333574295044
-0.015844235196709633,-0.32059258222579956,0.8762758374214172,-0.1191350519657135,-0.021671690046787262,-0.8914127945899963,0.4367154836654663,0.16523171961307526,0.008641289547085762,-0.3868134915828705,2.23728084564209,1.4818120002746582,0.16119645535945892,-0.3330784738063812,1.350000023841858,-0.7853464484214783,0.0027760369703173637,-0.5235987901687622,0.049057163298130035,1.0464394092559814,-0.1000254899263382,-0.09244009852409363,-0.3937830328941345,0.0032071955502033234,0.9143714904785156
-0.015542075037956238,-0.3205084204673767,0.8777927160263062,-0.11709661781787872,-0.019696181640028954,-0.8946067690849304,0.430789053440094,0.1608559787273407,0.0075691258534789085,-0.37159889936447144,2.2520217895507812,1.4931206703186035,0.16226059198379517,-0.3188343644142151,1.350000023841858,-0.7853644490242004,0.013219714164733887,-0.523598849773407,0.05182267725467682,1.0467056035995483,-0.08837176859378815,-0.09240773320198059,-0.3813723921775818,0.005176720209419727,0.9248346090316772
-0.01387734618037939,-0.32064497470855713,0.8792316913604736,-0.11341360956430435,-0.017836211249232292,-0.8947001099586487,0.4316607713699341,0.16364236176013947,0.005200179293751717,-0.36318129301071167,2.2693026065826416,1.5102381706237793,0.1718483865261078,-0.30030715465545654,1.350000023841858,-0.7853761911392212,0.014331046491861343,-0.5235989093780518,0.04843195155262947,1.0468785762786865,-0.09006367623806,-0.09104449301958084,-0.3639580309391022,0.0075228214263916016,0.9381847977638245
-0.011208787560462952,-0.32041698694229126,0.8805123567581177,-0.10914620757102966,-0.01542750559747219,-0.8912190794944763,0.43997466564178467,0.17197223007678986,0.003480510786175728,-0.3648180365562439,2.284959077835083,1.53220796585083,0.19528484344482422,-0.27727556228637695,1.350000023841858,-0.7853838205337524,0.012483568862080574,-0.5235989093780518,0.044088684022426605,1.0469911098480225,-0.10302414000034332,-0.08995167911052704,-0.34114086627960205,0.010337000712752342,0.9554105997085571
-0.007958346046507359,-0.3197176456451416,0.8815814256668091,-0.10425621271133423,-0.013503446243703365,-0.8829135894775391,0.457615464925766,0.18704301118850708,0.0022834017872810364,-0.37855446338653564,2.2929177284240723,1.5545189380645752,0.23255056142807007,-0.2534352242946625,1.350000023841858,-0.785127580165863,0.006197907961905003,-0.5235989093780518,0.04297963157296181,1.040091633796692,-0.12193498015403748,-0.08570139110088348,-0.31399017572402954,0.00885323528200388,0.9721542596817017
-0.00411374494433403,-0.31725823879241943,0.8824842572212219,-0.09920359402894974,-0.013623609207570553,-0.8693974614143372,0.4838605225086212,0.19417980313301086,0.0015013921074569225,-0.4045076370239258,2.2928085327148438,1.5684751272201538,0.274160236120224,-0.23903071880340576,1.350000023841858,-0.7814377546310425,0.003644003998488188,-0.5235989093780518,0.04660801589488983,1.026082158088684,-0.1430753469467163,-0.07629535347223282,-0.28962159156799316,0.00877424143254757,0.9867002964019775
-0.0001442967914044857,-0.3139382302761078,0.883101224899292,-0.09376012533903122,-0.017307791858911514,-0.8518832921981812,0.5149799585342407,0.1978285014629364,0.00101192737929523,-0.4369593858718872,2.2847514152526855,1.5646607875823975,0.3264680802822113,-0.23072202503681183,1.350000023841858,-0.7767652869224548,-0.0005902494303882122,-0.5235989093780518,0.05204585939645767,1.0093626976013184,-0.16559474170207977,-0.06042741611599922,-0.2760186791419983,0.009645395912230015,0.9984540939331055
0.004410719033330679,-0.3090900182723999,0.8832073211669922,-0.08892877399921417,-0.026655586436390877,-0.8303495049476624,0.5494549870491028,0.19330140948295593,0.000864420726429671,-0.46873465180397034,2.277470827102661,1.5342326164245605,0.39262980222702026,-0.2316463589668274,1.350000023841858,-0.770433783531189,-0.01111584808677435,-0.5235989093780518,0.057627491652965546,0.9933097958564758,-0.19817987084388733,-0.038659270852804184,-0.2798718512058258,0.011827843263745308,1.0100479125976562
0.009445281699299812,-0.3042760491371155,0.8814294338226318,-0.08469956368207932,-0.041688550263643265,-0.8030954003334045,0.5883245468139648,0.18654662370681763,0.004707089625298977,-0.4882376492023468,2.275463342666626,1.472428798675537,0.46598392724990845,-0.24408379197120667,1.350000023841858,-0.7646089792251587,-0.031102215871214867,-0.5235989093780518,0.06367522478103638,0.9796404838562012,-0.255846232175827,-0.01671454682946205,-0.3104996681213379,0.014210471883416176,1.0182594060897827
0.015384132973849773,-0.2994571626186371,0.8757531642913818,-0.08114951848983765,-0.0646834522485733,-0.771351158618927,0.6278918385505676,0.17389169335365295,0.02850019372999668,-0.47857412695884705,2.2889604568481445,1.3976913690567017,0.5534175634384155,-0.2604290246963501,1.350000023841858,-0.7604517936706543,-0.07280964404344559,-0.5235989093780518,0.06915342807769775,0.972076416015625,-0.35299593210220337,-0.005672064609825611,-0.37877464294433594,0.011437609791755676,1.0190194845199585
0.02058776095509529,-0.29293251037597656,0.8681206703186035,-0.07730746269226074,-0.08265970647335052,-0.7395702004432678,0.6634958982467651,0.16884851455688477,0.06913262605667114,-0.4391174912452698,2.333359956741333,1.3256776332855225,0.6588897705078125,-0.2712579071521759,1.350000023841858,-0.75874924659729,-0.10608826577663422,-0.5235989093780518,0.07380165904760361,0.9704806804656982,-0.45275089144706726,-0.006993740331381559,-0.42946237325668335,-0.007937610149383545,1.0191882848739624
0.02515927329659462,-0.286482572555542,0.8571956157684326,-0.07396621257066727,-0.0987175703048706,-0.7057867646217346,0.6976022720336914,0.1845329999923706,0.121147021651268,-0.38170841336250305,2.399078607559204,1.2528828382492065,0.77538001537323,-0.27824410796165466,1.350000023841858,-0.7590593099594116,-0.1361718475818634,-0.5235989093780518,0.07661788910627365,0.9686529040336609,-0.5673922896385193,-0.02818264067173004,-0.46241021156311035,-0.06550419330596924,1.0157148838043213
0.029261313378810883,-0.281718909740448,0.8443942666053772,-0.07143635302782059,-0.11435399949550629,-0.6711252331733704,0.7289794087409973,0.22675460577011108,0.18229171633720398,-0.3146793246269226,2.4441983699798584,1.1832921504974365,0.8851531744003296,-0.2894591987133026,1.350000023841858,-0.760513186454773,-0.166852205991745,-0.5235989093780518,0.07429931312799454,0.9657541513442993,-0.6436940431594849,-0.04865729808807373,-0.48382627964019775,-0.14404983818531036,1.0102663040161133
0.03289246931672096,-0.27904844284057617,0.8345391750335693,-0.07028778642416,-0.12633749842643738,-0.6411404013633728,0.753682553768158,0.2851863503456116,0.2552293837070465,-0.24629752337932587,2.4738974571228027,1.126254677772522,0.9733681678771973,-0.31565719842910767,1.350000023841858,-0.7642716765403748,-0.19213330745697021,-0.5235989093780518,0.06706967949867249,0.963250994682312,-0.6932904124259949,-0.06835060566663742,-0.49774670600891113,-0.21966028213500977,1.000945806503296
0.03552069514989853,-0.27759647369384766,0.8345652222633362,-0.07066512852907181,-0.13264970481395721,-0.6178383231163025,0.7718071937561035,0.3482542634010315,0.338598370552063,-0.18470965325832367,2.493788719177246,1.0854614973068237,1.036432147026062,-0.35964685678482056,1.350000023841858,-0.7699658870697021,-0.2065776288509369,-0.5235989093780518,0.06007188558578491,0.960837721824646,-0.7255280017852783,-0.08594916760921478,-0.5053285956382751,-0.27771973609924316,0.9904216527938843
0.03778824955224991,-0.2761071026325226,0.8350487947463989,-0.07277803122997284,-0.13410364091396332,-0.605819046497345,0.7808347344398499,0.4064401388168335,0.4294724762439728,-0.13783544301986694,2.506718158721924,1.0564833879470825,1.0898141860961914,-0.4167499542236328,1.350000023841858,-0.7753669023513794,-0.21380223333835602,-0.5235989093780518,0.050936684012413025,0.9591305255889893,-0.7464824914932251,-0.09392672777175903,-0.5061370730400085,-0.3181530833244324,0.9795995354652405
0.040854454040527344,-0.2747684717178345,0.8353357315063477,-0.07574433833360672,-0.13224805891513824,-0.6056408882141113,0.7810072898864746,0.46118801832199097,0.5223419666290283,-0.11032053828239441,2.515122175216675,1.0434530973434448,1.1342713832855225,-0.4816877245903015,1.350000023841858,-0.7788777351379395,-0.21874719858169556,-0.5235989093780518,0.03914549574255943,0.9595998525619507,-0.7601028680801392,-0.08771949261426926,-0.5021572113037109,-0.3488674759864807,0.9696142673492432
0.04509606957435608,-0.2740058898925781,0.8351038694381714,-0.0784512385725975,-0.12837013602256775,-0.6135655045509338,0.775179922580719,0.5113638639450073,0.6083981990814209,-0.09971979260444641,2.52058482170105,1.0466136932373047,1.158064603805542,-0.5504988431930542,1.350000023841858,-0.7811598181724548,-0.22197136282920837,-0.5235989093780518,0.026194557547569275,0.9618619680404663,-0.7689561247825623,-0.06444914638996124,-0.4955720901489258,-0.3749578595161438,0.9626138210296631
0.04980619251728058,-0.2745947241783142,0.8345979452133179,-0.07956386357545853,-0.12291428446769714,-0.6253352165222168,0.7664968967437744,0.546750009059906,0.6789135932922363,-0.09651264548301697,2.5241355895996094,1.0637520551681519,1.1584330797195435,-0.6115272045135498,1.350000023841858,-0.7826431393623352,-0.22140860557556152,-0.5235989093780518,0.017139216884970665,0.9674355387687683,-0.7747107744216919,-0.018434330821037292,-0.4909299612045288,-0.3981149196624756,0.9591143131256104
0.052782438695430756,-0.2767277657985687,0.8332645893096924,-0.07775223255157471,-0.11655344814062119,-0.6455917954444885,0.7507203817367554,0.5728553533554077,0.7210193276405334,-0.09518137574195862,2.5264434814453125,1.090471625328064,1.1234281063079834,-0.6661348342895508,1.350000023841858,-0.7836073040962219,-0.22122722864151,-0.5235989093780518,0.016151705756783485,0.9749329090118408,-0.7784512639045715,0.05690881609916687,-0.4715729355812073,-0.4293939769268036,0.963271975517273
0.05485488846898079,-0.2809930145740509,0.8290870189666748,-0.07776805758476257,-0.11413031071424484,-0.6718454360961914,0.7277019023895264,0.5928857326507568,0.6994545459747314,-0.11801938712596893,2.5279436111450195,1.058862566947937,1.0289534330368042,-0.6922944188117981,1.350000023841858,-0.7842340469360352,-0.2354273498058319,-0.5235989093780518,-0.0031173815950751305,0.9268091917037964,-0.7808825969696045,0.13004982471466064,-0.48978203535079956,-0.372814804315567,0.9099235534667969
0.0524001382291317,-0.2878316640853882,0.8242065906524658,-0.07700417935848236,-0.10961167514324188,-0.6937535405158997,0.7076451182365417,0.6332001686096191,0.7136435508728027,-0.11451856791973114,2.5258352756500244,1.063845157623291,0.9717745780944824,-0.6884945631027222,1.350000023841858,-0.7838160395622253,-0.2412734031677246,-0.5235989093780518,-0.02947423793375492,0.9466404914855957,-0.7824629545211792,0.18198339641094208,-0.501617968082428,-0.32663488388061523,0.9223976135253906
0.04822036623954773,-0.2946127951145172,0.8176323175430298,-0.07893475890159607,-0.10584907978773117,-0.7164444923400879,0.6850346922874451,0.7014948129653931,0.7529348134994507,-0.1440262347459793,2.505845069885254,1.0147360563278198,0.8465297818183899,-0.6535474061965942,1.350000023841858,-0.784369707107544,-0.24845735728740692,-0.5235989093780518,-0.07100283354520798,0.9068698287010193,-0.7834901809692383,0.20259205996990204,-0.509311318397522,-0.28396618366241455,0.8780152797698975
0.04262514039874077,-0.3028729259967804,0.8091799020767212,-0.08405325561761856,-0.10088273137807846,-0.7380650639533997,0.6618290543556213,0.7817667722702026,0.8017155528068542,-0.19844137132167816,2.482189893722534,0.9428561925888062,0.7224860191345215,-0.5885014533996582,1.350000023841858,-0.7847265601158142,-0.25312691926956177,-0.5235989093780518,-0.1321684569120407,0.8756047487258911,-0.7841578722000122,0.19823312759399414,-0.5143119692802429,-0.25118952989578247,0.8417580127716064
0.03621089830994606,-0.31299513578414917,0.8073611259460449,-0.09052856266498566,-0.09634266048669815,-0.7572646141052246,0.6395881772041321,0.8415622711181641,0.834312915802002,-0.2537548542022705,2.4518351554870605,0.8542128801345825,0.5975518822669983,-0.5169705152511597,1.350000023841858,-0.7770806550979614,-0.256162166595459,-0.5235989093780518,-0.20440706610679626,0.8568966388702393,-0.7845919132232666,0.181362584233284,-0.5175623893737793,-0.22920259833335876,0.820960283279419
0.029636502265930176,-0.3234952986240387,0.8051480054855347,-0.09598895907402039,-0.09253622591495514,-0.7707774639129639,0.6229970455169678,0.8682672381401062,0.8444125652313232,-0.29312407970428467,2.4110469818115234,0.7638607025146484,0.4919108748435974,-0.44102001190185547,1.350000023841858,-0.7718057036399841,-0.258135050535202,-0.5235989093780518,-0.2670781910419464,0.8532490730285645,-0.7848740220069885,0.1610872745513916,-0.5196751952171326,-0.2141115963459015,0.8210951685905457
0.023868665099143982,-0.331901490688324,0.8024515509605408,-0.09853226691484451,-0.08966749161481857,-0.7775598168373108,0.6145338416099548,0.8627204895019531,0.8274765014648438,-0.3168674409389496,2.3655786514282227,0.7077652215957642,0.4346820116043091,-0.35930901765823364,1.350000023841858,-0.7742778062820435,-0.25941741466522217,-0.5235989093780518,-0.3051829934120178,0.8555376529693604,-0.7850573658943176,0.14595778286457062,-0.5198522806167603,-0.20342691242694855,0.8306227922439575
0.01878661848604679,-0.33821767568588257,0.8007246255874634,-0.0970391258597374,-0.08975397795438766,-0.7781261801719666,0.6140417456626892,0.8265584707260132,0.7839106321334839,-0.3286266624927521,2.33071231842041,0.6933847069740295,0.40634334087371826,-0.2912023067474365,1.350000023841858,-0.7781698703765869,-0.2602509558200836,-0.5235989093780518,-0.3151136636734009,0.8562772274017334,-0.7851765751838684,0.1396600753068924,-0.5211636424064636,-0.2044559121131897,0.8404791355133057
0.014606909826397896,-0.34216412901878357,0.7992485165596008,-0.09373199939727783,-0.09106054157018661,-0.7741662263870239,0.6193455457687378,0.7725198268890381,0.725048840045929,-0.3258901834487915,2.310767412185669,0.7079353332519531,0.41517648100852966,-0.23796944320201874,1.350000023841858,-0.7806996703147888,-0.25719770789146423,-0.5235989093780518,-0.30922186374664307,0.8637781143188477,-0.7852540612220764,0.13795414566993713,-0.5220159888267517,-0.2140497863292694,0.855671763420105
0.011509666219353676,-0.3435555696487427,0.7987325191497803,-0.08997219055891037,-0.09203243255615234,-0.7668778300285339,0.6287554502487183,0.7203946113586426,0.6583749055862427,-0.31029555201530457,2.294182062149048,0.7446747422218323,0.47167742252349854,-0.18656939268112183,1.350000023841858,-0.7823440432548523,-0.24921000003814697,-0.5235989093780518,-0.29197925329208374,0.8742254376411438,-0.7853044271469116,0.13911595940589905,-0.522570013999939,-0.22392061352729797,0.8709251880645752
0.005662006326019764,-0.3442761301994324,0.7944676876068115,-0.09299545735120773,-0.092125803232193,-0.7520027160644531,0.6460314393043518,0.6864148378372192,0.6145294308662415,-0.29318681359291077,2.2969374656677246,0.8029356002807617,0.5519217252731323,-0.1328606754541397,1.350000023841858,-0.7794305682182312,-0.22898247838020325,-0.5235989093780518,-0.316727876663208,0.912676990032196,-0.7853371500968933,0.11811728030443192,-0.5227186679840088,-0.24413925409317017,0.9118274450302124
0.0007547482382506132,-0.3440452218055725,0.7920541763305664,-0.09451902657747269,-0.09307510405778885,-0.7372390031814575,0.6624815464019775,0.6661381721496582,0.576728343963623,-0.2814732491970062,2.304689645767212,0.8550576567649841,0.6295977830886841,-0.09396128356456757,1.350000023841858,-0.7783863544464111,-0.211654931306839,-0.5235989093780518,-0.3272913098335266,0.9378523826599121,-0.7853584289550781,0.10377617180347443,-0.5229471921920776,-0.2643408477306366,0.9382028579711914
-0.0032605519518256187,-0.34423428773880005,0.7904988527297974,-0.093958280980587,-0.09457076340913773,-0.7237856388092041,0.6770248413085938,0.6611964702606201,0.5405764579772949,-0.27490106225013733,2.3167734146118164,0.9014140367507935,0.6996984481811523,-0.0714508593082428,1.350000023841858,-0.7781212329864502,-0.19756051898002625,-0.5235989093780518,-0.32608652114868164,0.9555526971817017,-0.785372257232666,0.09512822329998016,-0.522864818572998,-0.28796494007110596,0.9558898210525513
-0.002866853727027774,-0.34262388944625854,0.7934398651123047,-0.08424384146928787,-0.09513930976390839,-0.7163631916046143,0.6860576868057251,0.6797260046005249,0.4874253273010254,-0.26528772711753845,2.3295207023620605,0.9487208127975464,0.7697584629058838,-0.10016938298940659,1.350000023841858,-0.7806680798530579,-0.18855658173561096,-0.5235989093780518,-0.2637871503829956,0.9500336647033691,-0.7853812575340271,0.11736087501049042,-0.5231217741966248,-0.29989275336265564,0.9463956356048584
-0.00344814732670784,-0.3405974507331848,0.794543981552124,-0.07533666491508484,-0.097041055560112,-0.7113681435585022,0.6919991374015808,0.7188982963562012,0.4791980981826782,-0.24425123631954193,2.3541626930236816,1.004319667816162,0.801987886428833,-0.17119824886322021,1.350000023841858,-0.7823235392570496,-0.18058927357196808,-0.5235989093780518,-0.2136266827583313,0.9447340965270996,-0.7853870987892151,0.13730137050151825,-0.5232887864112854,-0.31594908237457275,0.9432268738746643
-0.0047366744838654995,-0.3383912146091461,0.7952669858932495,-0.06772404164075851,-0.10073120146989822,-0.7108124494552612,0.6928292512893677,0.7612615823745728,0.5190739035606384,-0.22245582938194275,2.3827192783355713,1.0561519861221313,0.787139356136322,-0.25540924072265625,1.350000023841858,-0.7833995819091797,-0.17767679691314697,-0.5235989093780518,-0.1802871823310852,0.9282388687133789,-0.7853909134864807,0.15494278073310852,-0.5233973264694214,-0.3307715058326721,0.9373311996459961
-0.005914516746997833,-0.33688393235206604,0.7953636646270752,-0.06177080050110817,-0.10479926317930222,-0.713615357875824,0.6898946166038513,0.8030375242233276,0.5842819809913635,-0.20648647844791412,2.4108846187591553,1.078134536743164,0.7255807518959045,-0.32203197479248047,1.350000023841858,-0.7840989828109741,-0.1796697974205017,-0.5235989093780518,-0.16059717535972595,0.9108498096466064,-0.7818849086761475,0.1703815460205078,-0.5234678983688354,-0.33972403407096863,0.9338111877441406
-0.0060250842943787575,-0.33686044812202454,0.7949264645576477,-0.05785830318927765,-0.10649247467517853,-0.7176893949508667,0.6857359409332275,0.8329160213470459,0.6349365711212158,-0.18474207818508148,2.416898727416992,1.037920594215393,0.6343821287155151,-0.34262025356292725,1.350000023841858,-0.784553587436676,-0.179329514503479,-0.5235989093780518,-0.15071214735507965,0.901896059513092,-0.783008873462677,0.17806792259216309,-0.5235137939453125,-0.3420482575893402,0.929375410079956
-0.00406682351604104,-0.33871299028396606,0.7942748665809631,-0.05561468005180359,-0.10498952120542526,-0.7232787609100342,0.6802588105201721,0.8328589200973511,0.6407229900360107,-0.16562412679195404,2.4015655517578125,0.9413532018661499,0.5219514966011047,-0.3288400173187256,1.350000023841858,-0.7848491072654724,-0.1754927635192871,-0.5235989093780518,-0.14725235104560852,0.9016247987747192,-0.783845067024231,0.18157801032066345,-0.5235435962677002,-0.33301013708114624,0.9240870475769043
-0.0002202682662755251,-0.34198200702667236,0.7924725413322449,-0.05363171547651291,-0.10040529817342758,-0.728588879108429,0.6754262447357178,0.7572941184043884,0.5749744176864624,-0.14413243532180786,2.3733062744140625,0.7978999614715576,0.401822954416275,-0.2820259928703308,1.350000023841858,-0.7850412130355835,-0.1664215624332428,-0.5235989093780518,-0.13834598660469055,0.9198089838027954,-0.784388542175293,0.18435195088386536,-0.5235629677772522,-0.31417372822761536,0.9310301542282104
0.005168256815522909,-0.34533199667930603,0.7949517965316772,-0.051928501576185226,-0.0947761982679367,-0.7362744808197021,0.6679975986480713,0.6543684005737305,0.4562259614467621,-0.11290709674358368,2.3228628635406494,0.644756019115448,0.31009116768836975,-0.20984478294849396,1.350000023841858,-0.7851660847663879,-0.158416286110878,-0.5235989093780518,-0.12186048179864883,0.9424071311950684,-0.7847418189048767,0.19316084682941437,-0.5235755443572998,-0.286354124546051,0.9464436769485474
0.01001482829451561,-0.3481597304344177,0.7996616363525391,-0.05022406205534935,-0.08840956538915634,-0.7423089742660522,0.6622980237007141,0.5671998858451843,0.31234243512153625,-0.07078444957733154,2.2508065700531006,0.5135158896446228,0.23651878535747528,-0.11478806287050247,1.350000023841858,-0.7852472066879272,-0.14696751534938812,-0.5235989093780518,-0.09585478901863098,0.9654926657676697,-0.7849714756011963,0.20213571190834045,-0.5235837697982788,-0.25608986616134644,0.9696999788284302
0.012849349528551102,-0.349703311920166,0.8040866851806641,-0.049025919288396835,-0.08349263668060303,-0.7468858957290649,0.6578653454780579,0.4961429834365845,0.2030225694179535,-0.039021290838718414,2.1826446056365967,0.39166998863220215,0.18598273396492004,-0.020927727222442627,1.350000023841858,-0.7852999567985535,-0.1367197036743164,-0.5235989093780518,-0.07097943127155304,0.9782148599624634,-0.7851207256317139,0.20711028575897217,-0.5235890746116638,-0.2326035499572754,0.9939548969268799
0.013585818000137806,-0.35041725635528564,0.8083838224411011,-0.04716607928276062,-0.07869002968072891,-0.7470622062683105,0.6583929657936096,0.4509831666946411,0.13196466863155365,-0.03152118995785713,2.1281356811523438,0.2801937162876129,0.14571556448936462,0.07782699167728424,1.350000023841858,-0.7853342294692993,-0.12180371582508087,-0.5235989093780518,-0.045244961977005005,0.9809271693229675,-0.7852177619934082,0.2059488594532013,-0.5235925316810608,-0.21865257620811462,1.0125906467437744
0.013241184875369072,-0.35142844915390015,0.8118213415145874,-0.045467689633369446,-0.07311835885047913,-0.7430740594863892,0.6636469960212708,0.42389553785324097,0.08577702939510345,-0.030755549669265747,2.103644371032715,0.18782252073287964,0.1303791105747223,0.15661530196666718,1.350000023841858,-0.7853565216064453,-0.10428181290626526,-0.5235989093780518,-0.02754621021449566,0.9864383935928345,-0.7852808237075806,0.19736677408218384,-0.5235947966575623,-0.21066543459892273,1.024703860282898
0.012132947333157063,-0.3522379398345947,0.8138753175735474,-0.041702158749103546,-0.06872157007455826,-0.7348848581314087,0.6734110713005066,0.4292263984680176,0.055755067616701126,-0.033672235906124115,2.11220383644104,0.07017703354358673,0.12489360570907593,0.23230385780334473,1.350000023841858,-0.7853710055351257,-0.08920246362686157,-0.5235989093780518,-0.010481121949851513,0.9801478385925293,-0.785321831703186,0.18778148293495178,-0.5235962271690369,-0.20967742800712585,1.0289509296417236
0.011398287490010262,-0.35493385791778564,0.8140599727630615,-0.03556428477168083,-0.06463468074798584,-0.7246487736701965,0.6851581931114197,0.47537893056869507,0.03624079376459122,-0.0380500964820385,2.1373348236083984,-0.07466273754835129,0.11255121231079102,0.30882716178894043,1.350000023841858,-0.7853804230690002,-0.07598697394132614,-0.5235989093780518,0.003651130013167858,0.972374439239502,-0.7853484749794006,0.17957288026809692,-0.5235971808433533,-0.21406139433383942,1.0303831100463867
0.010716870427131653,-0.3584895431995392,0.813279390335083,-0.028743598610162735,-0.06058160960674286,-0.708907961845398,0.7021062970161438,0.5769540071487427,0.03524032607674599,-0.04171738028526306,2.183384656906128,-0.21901655197143555,0.07316416501998901,0.3973831534385681,1.350000023841858,-0.7853865623474121,-0.057562120258808136,-0.5235989093780518,0.014832999557256699,0.9679996967315674,-0.7853657603263855,0.1675744652748108,-0.523597776889801,-0.2267715334892273,1.0261698961257935
0.011270496062934399,-0.36090022325515747,0.810922384262085,-0.022197652608156204,-0.05874783173203468,-0.6949944496154785,0.7162671089172363,0.6749598979949951,0.07452257722616196,-0.056300848722457886,2.2518858909606934,-0.3603954315185547,0.04755670577287674,0.44689473509788513,1.350000023841858,-0.7853905558586121,-0.044290490448474884,-0.5235989093780518,0.020282551646232605,0.98111492395401,-0.782006025314331,0.16101722419261932,-0.5235981941223145,-0.2451344132423401,1.025330901145935
0.011928368359804153,-0.3616468906402588,0.8076438903808594,-0.017122535035014153,-0.0595470629632473,-0.6837280988693237,0.7271016836166382,0.7686833143234253,0.15426671504974365,-0.0834028571844101,2.32749080657959,-0.4786919355392456,0.03091185726225376,0.4599676728248596,1.350000023841858,-0.7853931188583374,-0.03636043146252632,-0.5235989093780518,0.019646689295768738,0.9903886318206787,-0.7763733863830566,0.1570545732975006,-0.5235984921455383,-0.26975610852241516,1.0209842920303345
0.0127927977591753,-0.36204445362091064,0.8045289516448975,-0.01322594378143549,-0.06031974405050278,-0.6767674684524536,0.7336023449897766,0.849941611289978,0.2612590193748474,-0.11788338422775269,2.395759105682373,-0.5604873299598694,0.020092707127332687,0.4469740092754364,1.350000023841858,-0.7853947877883911,-0.0314381942152977,-0.5235989093780518,0.016552885994315147,0.996677041053772,-0.7717963457107544,0.15510757267475128,-0.5235986709594727,-0.29027771949768066,1.0157579183578491
0.013885479420423508,-0.3622369170188904,0.8026376366615295,-0.010923926718533039,-0.05962871387600899,-0.6732465028762817,0.7369289398193359,0.9121543169021606,0.3752654790878296,-0.15585622191429138,2.4428067207336426,-0.6097716093063354,0.013060258701443672,0.42247647047042847,1.350000023841858,-0.7853958606719971,-0.02481633611023426,-0.5235989093780518,0.014216195791959763,1.0018043518066406,-0.7694616317749023,0.15333035588264465,-0.5235987901687622,-0.29994088411331177,1.01335608959198
0.015011277049779892,-0.3625011444091797,0.8020769357681274,-0.010315665043890476,-0.057092826813459396,-0.671855628490448,0.7384064793586731,0.9447636604309082,0.4771200120449066,-0.19146528840065002,2.4735798835754395,-0.6402113437652588,0.008489168249070644,0.39972007274627686,1.350000023841858,-0.7853965759277344,-0.014894252642989159,-0.5235989093780518,0.012024224735796452,1.0064460039138794,-0.7697486877441406,0.15152296423912048,-0.523598849773407,-0.2975086569786072,1.013359546661377
0.01580500230193138,-0.36306461691856384,0.802494466304779,-0.010758498683571815,-0.0540531761944294,-0.6722618937492371,0.7382590770721436,0.9389139413833618,0.5523942708969116,-0.22599118947982788,2.493582248687744,-0.6651015281677246,0.005517959129065275,0.3819446861743927,1.350000023841858,-0.7853970527648926,-0.0036703203804790974,-0.5235989093780518,0.011915125884115696,1.0124591588974,-0.772020697593689,0.15096941590309143,-0.5235989093780518,-0.29039251804351807,1.0189145803451538
0.01607239618897438,-0.3639679551124573,0.8033874034881592,-0.011596416123211384,-0.05361923202872276,-0.6727943420410156,0.7377928495407104,0.8983452916145325,0.5887557864189148,-0.2608362138271332,2.5065839290618896,-0.6874163150787354,0.0035866734106093645,0.37795665860176086,1.350000023841858,-0.7853973507881165,-0.0001153165940195322,-0.5235989093780518,0.014949788339436054,1.0185531377792358,-0.7759679555892944,0.15073612332344055,-0.5235989093780518,-0.30130869150161743,1.0263302326202393
0.01678183674812317,-0.3621198832988739,0.803799033164978,-0.01982641965150833,-0.05298077315092087,-0.6755269765853882,0.7351620197296143,0.8506182432174683,0.546658992767334,-0.3163304924964905,2.5150349140167236,-0.6084409952163696,0.002331337658688426,0.45490172505378723,1.3084304332733154,-0.7853975296020508,0.002084531122818589,-0.5235989093780518,-0.014956368133425713,1.0109378099441528,-0.7792684435844421,0.1386253982782364,-0.5235989093780518,-0.3011307120323181,1.0073002576828003
0.015653014183044434,-0.3725590705871582,0.8145664930343628,-0.028392503038048744,-0.06813843548297882,-0.6866257786750793,0.7232537865638733,0.45531201362609863,0.3743743896484375,-0.38497936725616455,2.2206296920776367,-0.4877879023551941,0.0015153693966567516,0.4128747284412384,1.2153878211975098,-0.7853976488113403,-0.09027470648288727,-0.5235989093780518,0.02082163468003273,1.0236295461654663,-0.781413733959198,0.05357976630330086,-0.5235989093780518,-0.34485286474227905,1.0212651491165161
0.013980909250676632,-0.3793773353099823,0.8189842700958252,-0.03299645334482193,-0.07822765409946442,-0.6911402940750122,0.7177163362503052,0.19600820541381836,0.24791069328784943,-0.3775900602340698,1.9865248203277588,-0.40480053424835205,0.0009849900379776955,0.385231614112854,1.1240613460540771,-0.7853977680206299,-0.15030820667743683,-0.5235989093780518,0.04407733678817749,1.031879186630249,-0.7828081846237183,-0.002501547336578369,-0.5235989093780518,-0.3709159791469574,1.0303423404693604
0.01214676909148693,-0.384262353181839,0.820318341255188,-0.03436426818370819,-0.08512246608734131,-0.6904788613319397,0.7175041437149048,0.028465397655963898,0.16118991374969482,-0.34285056591033936,1.8176336288452148,-0.3519356846809387,0.000640243524685502,0.3702041804790497,1.047686219215393,-0.7853978276252747,-0.18932998180389404,-0.5235989093780518,0.05919354036450386,1.0372414588928223,-0.7837145924568176,-0.03965497389435768,-0.5235989093780518,-0.3852629065513611,1.0362424850463867
0.010416092351078987,-0.38819587230682373,0.8200136423110962,-0.03339963033795357,-0.08984128385782242,-0.6876906156539917,0.7196489572525024,-0.07594795525074005,0.10477746278047562,-0.30154529213905334,1.7009131908416748,-0.3159949779510498,0.0004161582619417459,0.3612028658390045,0.9871229529380798,-0.7853978872299194,-0.21469414234161377,-0.5235989093780518,0.06901907175779343,1.040726900100708,-0.7843037843704224,-0.06403243541717529,-0.5235989093780518,-0.3935352563858032,1.040077567100525
0.010090654715895653,-0.3912860155105591,0.8189336061477661,-0.031045325100421906,-0.09285750985145569,-0.6838478446006775,0.7230254411697388,-0.1316957175731659,0.06810899078845978,-0.2615835666656494,1.6213951110839844,-0.2945493757724762,0.0002705028746277094,0.35650351643562317,0.9387848377227783,-0.7853978872299194,-0.2311808466911316,-0.5235989093780518,0.07540566474199295,1.0429924726486206,-0.7846867442131042,-0.07721146941184998,-0.523598849773407,-0.3934921324253082,1.0425703525543213
0.010805289261043072,-0.3929409980773926,0.8176383972167969,-0.028667237609624863,-0.09554515779018402,-0.6811916828155518,0.7252773642539978,-0.1628907322883606,0.04427524656057358,-0.23400574922561646,1.568441390991211,-0.27925345301628113,0.000175826862687245,0.35076984763145447,0.9022659063339233,-0.7853978872299194,-0.24189719557762146,-0.5235989093780518,0.07955695688724518,1.0444650650024414,-0.7849356532096863,-0.08367283642292023,-0.5235989093780518,-0.39001888036727905,1.0441906452178955
0.013100441545248032,-0.3931295871734619,0.8170360922813416,-0.027979297563433647,-0.09743551164865494,-0.6820052266120911,0.7242874503135681,-0.1754029244184494,0.028778908774256706,-0.22254565358161926,1.5300986766815186,-0.26433849334716797,0.00011428745347075164,0.33904075622558594,0.869010329246521,-0.7853978872299194,-0.2488628327846527,-0.5235989093780518,0.0822552964091301,1.0454223155975342,-0.7850974202156067,-0.08602350950241089,-0.5235989093780518,-0.38149294257164,1.0452438592910767
0.016430474817752838,-0.392015665769577,0.8174585103988647,-0.029480790719389915,-0.09919072687625885,-0.6847025156021118,0.7214391827583313,-0.182939350605011,0.01870635896921158,-0.22104860842227936,1.5014482736587524,-0.2545107305049896,7.428684330079705e-05,0.32463377714157104,0.8400804996490479,-0.7853978872299194,-0.25339049100875854,-0.5235989093780518,0.08400921523571014,1.0460444688796997,-0.7852026224136353,-0.08749695122241974,-0.5235989093780518,-0.37521636486053467,1.0459284782409668
0.020262379199266434,-0.3906078338623047,0.8187268972396851,-0.03300943225622177,-0.10007236152887344,-0.6908544898033142,0.7152734398841858,-0.18795941770076752,0.012161490507423878,-0.22600027918815613,1.479777455329895,-0.24520477652549744,4.8286445235135034e-05,0.30744469165802,0.8159166574478149,-0.7853978872299194,-0.2563333511352539,-0.5235989093780518,0.08481310307979584,1.0464489459991455,-0.7852709889411926,-0.08942189812660217,-0.5235989093780518,-0.3732980489730835,1.0463734865188599
0.024168817326426506,-0.38942578434944153,0.8205562233924866,-0.03807254508137703,-0.0994233563542366,-0.7001901865005493,0.7059738636016846,-0.19123880565166473,0.008376131765544415,-0.2365301251411438,1.4595129489898682,-0.2338525950908661,3.138618922093883e-05,0.2872265577316284,0.794079065322876,-0.7853978872299194,-0.2582463324069977,-0.5235989093780518,0.08408718556165695,1.046711802482605,-0.7853153944015503,-0.0908786952495575,-0.5235989093780518,-0.3711870014667511,1.0466628074645996
0.027599148452281952,-0.38915354013442993,0.8224701881408691,-0.04328112304210663,-0.0978870615363121,-0.7094441652297974,0.696587324142456,-0.19344991445541382,0.008632835000753403,-0.24899572134017944,1.4399926662445068,-0.2255246788263321,2.040102299361024e-05,0.26923125982284546,0.7773164510726929,-0.7853978872299194,-0.2594897747039795,-0.5235989093780518,0.08265389502048492,1.0468826293945312,-0.7853443026542664,-0.09284895658493042,-0.5235989093780518,-0.37161123752593994,1.0468508005142212
0.03069267049431801,-0.3891083002090454,0.8242592811584473,-0.04850609600543976,-0.09592080861330032,-0.7194375395774841,0.6861894726753235,-0.19687891006469727,0.012929404154419899,-0.26243171095848083,1.4194631576538086,-0.21828413009643555,1.3260664672998246e-05,0.25349724292755127,0.7657297849655151,-0.7853978872299194,-0.2602980136871338,-0.5235989093780518,0.0804257020354271,1.0469937324523926,-0.7853630781173706,-0.09376202523708344,-0.5235989093780518,-0.37124544382095337,1.0469729900360107
0.03381706401705742,-0.3887919783592224,0.8259974718093872,-0.05402073264122009,-0.09401819854974747,-0.7297486066818237,0.6750624775886536,-0.2030039280653,0.020864278078079224,-0.2749548852443695,1.3983827829360962,-0.21447472274303436,8.619431355327833e-06,0.23983627557754517,0.7587640285491943,-0.7853978872299194,-0.2608233690261841,-0.5235989093780518,0.07724109292030334,1.0470659732818604,-0.7853752970695496,-0.09431876987218857,-0.5235989093780518,-0.36853599548339844,1.0470523834228516
0.037339214235544205,-0.3884488344192505,0.827763020992279,-0.05981497839093208,-0.0928332656621933,-0.7398185133934021,0.6636812090873718,-0.20471307635307312,0.029215913265943527,-0.28662925958633423,1.379318356513977,-0.2077682614326477,5.602630153589416e-06,0.2257443219423294,0.7572771310806274,-0.7853978872299194,-0.26116466522216797,-0.5235989093780518,0.07442157715559006,1.0471128225326538,-0.7853832244873047,-0.09428189694881439,-0.5235989093780518,-0.3646286725997925,1.047104001045227
0.041275810450315475,-0.3883119523525238,0.8297181129455566,-0.06532181054353714,-0.09197160601615906,-0.7482466101646423,0.6537593007087708,-0.20055896043777466,0.03781144693493843,-0.2993932366371155,1.3631746768951416,-0.19992509484291077,3.6417095543583855e-06,0.2095131278038025,0.7590364217758179,-0.7853978872299194,-0.259019136428833,-0.5235989093780518,0.07340238988399506,1.0471432209014893,-0.7853883504867554,-0.09432818740606308,-0.5235989093780518,-0.35799551010131836,1.0471374988555908
0.045305583626031876,-0.388546347618103,0.8310102224349976,-0.0694931149482727,-0.09173812717199326,-0.7544264793395996,0.6462163329124451,-0.195878267288208,0.045334696769714355,-0.31482505798339844,1.3493332862854004,-0.1945498287677765,2.3671111648582155e-06,0.19172212481498718,0.7622484564781189,-0.7853978872299194,-0.25790590047836304,-0.5235989093780518,0.07217787206172943,1.0471630096435547,-0.7853916883468628,-0.09447865933179855,-0.5235989093780518,-0.3502529263496399,1.0471593141555786
0.04964848980307579,-0.3758651316165924,0.8197193145751953,-0.0690542608499527,-0.08508052676916122,-0.7561852335929871,0.6451175808906555,0.13381434977054596,0.28324195742607117,-0.3641221225261688,1.634174108505249,-0.06319253146648407,0.07573047280311584,0.2508053779602051,1.037825345993042,-0.7853978872299194,-0.20713356137275696,-0.5235989093780518,-0.034120235592126846,0.9792037606239319,-0.7670756578445435,-0.012342926114797592,-0.5235989093780518,-0.2898389399051666,0.9704707860946655
0.05236836522817612,-0.3673010766506195,0.8099806308746338,-0.07261728495359421,-0.07703550159931183,-0.7543306350708008,0.6479024291038513,0.3593416213989258,0.46239811182022095,-0.39700043201446533,1.8721108436584473,0.04371914640069008,0.16438543796539307,0.30396199226379395,1.2243664264678955,-0.7852665185928345,-0.16166998445987701,-0.5235989093780518,-0.12226453423500061,0.9640148878097534,-0.7707329988479614,0.02435508370399475,-0.5235989093780518,-0.2511478662490845,0.935340404510498
0.053545333445072174,-0.3614264726638794,0.8033161163330078,-0.0777047723531723,-0.07223303616046906,-0.7470786571502686,0.6562147736549377,0.49113160371780396,0.5783519148826599,-0.41510313749313354,2.0422632694244385,0.17978867888450623,0.265101820230484,0.32408255338668823,1.3456181287765503,-0.7841005325317383,-0.12732937932014465,-0.5235989093780518,-0.18443191051483154,0.9606578350067139,-0.7757351994514465,0.03807315602898598,-0.5235989093780518,-0.24484527111053467,0.9160539507865906
0.055475637316703796,-0.35665494203567505,0.8025577068328857,-0.0766371563076973,-0.07308327406644821,-0.7356867790222168,0.6689922213554382,0.5421974658966064,0.6264545917510986,-0.411949098110199,2.14971923828125,0.35157346725463867,0.3903135657310486,0.2801564931869507,1.350000023841858,-0.7845544815063477,-0.11134405434131622,-0.5235989093780518,-0.18756170570850372,0.94310462474823,-0.7791171669960022,0.060075849294662476,-0.5235989093780518,-0.2752440273761749,0.886400580406189
0.05418727546930313,-0.35410794615745544,0.7993906140327454,-0.07918369024991989,-0.07812077552080154,-0.7199541926383972,0.6850497126579285,0.5693978667259216,0.6684088706970215,-0.3867051601409912,2.2413110733032227,0.5285500288009644,0.5037984848022461,0.22921277582645416,1.350000023841858,-0.7848497033119202,-0.1047239825129509,-0.5235989093780518,-0.21045580506324768,0.9644049406051636,-0.7813154458999634,0.06706077605485916,-0.5235989093780518,-0.32704073190689087,0.9067816734313965
0.052442703396081924,-0.35338708758354187,0.7961766123771667,-0.08099091053009033,-0.08597854524850845,-0.7020785808563232,0.7022348642349243,0.5850281119346619,0.6980465650558472,-0.34687650203704834,2.322190284729004,0.6952931880950928,0.6000914573669434,0.16597284376621246,1.350000023841858,-0.7850415706634521,-0.10811617970466614,-0.5235989093780518,-0.22983825206756592,0.9794575572013855,-0.7827097177505493,0.07135634124279022,-0.5235989093780518,-0.38580799102783203,0.9213930368423462
0.053596604615449905,-0.35228779911994934,0.7992745637893677,-0.07464507222175598,-0.09185048937797546,-0.6864767670631409,0.717454731464386,0.569494903087616,0.6777300834655762,-0.300179660320282,2.395176649093628,0.831620991230011,0.6726961731910706,0.06436660140752792,1.350000023841858,-0.7851662635803223,-0.11475841701030731,-0.5235989093780518,-0.19531220197677612,0.9672850370407104,-0.7836500406265259,0.09601138532161713,-0.5235989093780518,-0.42952966690063477,0.902229905128479
0.05327210575342178,-0.3532075881958008,0.8004701137542725,-0.06799037754535675,-0.10068587958812714,-0.6712642312049866,0.7311935424804688,0.5590307712554932,0.6668566465377808,-0.25160929560661316,2.442620277404785,0.9552807807922363,0.7200372815132141,-0.022410109639167786,1.350000023841858,-0.7852473258972168,-0.12709945440292358,-0.5235989093780518,-0.16543158888816833,0.9855607151985168,-0.7775206565856934,0.11870627105236053,-0.5235989093780518,-0.4910418391227722,0.9170472025871277
0.05336107313632965,-0.35360774397850037,0.801185131072998,-0.05991235375404358,-0.1080908477306366,-0.661807656288147,0.7394170165061951,0.5522737503051758,0.6631804704666138,-0.20285210013389587,2.4734585285186768,1.0580244064331055,0.7399191856384277,-0.10577993094921112,1.350000023841858,-0.7853000164031982,-0.13706356287002563,-0.5235989093780518,-0.1311613917350769,0.9950651526451111,-0.7717787623405457,0.14539232850074768,-0.5235989093780518,-0.5356157422065735,0.9315134286880493
0.053620465099811554,-0.3535562753677368,0.8024114370346069,-0.048747994005680084,-0.11288826912641525,-0.6575860381126404,0.743276834487915,0.5442469120025635,0.6712791323661804,-0.14553606510162354,2.4935035705566406,1.1539052724838257,0.7287527322769165,-0.1976165622472763,1.350000023841858,-0.7853342890739441,-0.14041458070278168,-0.5235989093780518,-0.08093880861997604,0.999399721622467,-0.771216869354248,0.17511174082756042,-0.5235989093780518,-0.5634539723396301,0.9520552754402161
0.054390814155340195,-0.3528452515602112,0.8028286695480347,-0.03938161954283714,-0.1153075248003006,-0.6575043201446533,0.7435330748558044,0.5366418361663818,0.6867755651473999,-0.09445982426404953,2.506532669067383,1.2261605262756348,0.7128614187240601,-0.27524885535240173,1.350000023841858,-0.7853565812110901,-0.1383390575647354,-0.5235989093780518,-0.03900934383273125,0.9980792999267578,-0.7761746644973755,0.19559510052204132,-0.5235989093780518,-0.5729394555091858,0.9690852165222168
0.05567581206560135,-0.3519831895828247,0.8021172285079956,-0.03289768844842911,-0.1165272518992424,-0.6603586077690125,0.7411245703697205,0.530992865562439,0.7087172269821167,-0.052171021699905396,2.5150015354156494,1.2787033319473267,0.6957941055297852,-0.34083443880081177,1.350000023841858,-0.7853710651397705,-0.1352270096540451,-0.5235989093780518,-0.013179541565477848,0.9947254061698914,-0.7794027924537659,0.20949047803878784,-0.5199311971664429,-0.5752518773078918,0.9817928671836853
0.057251594960689545,-0.3511194586753845,0.8009847402572632,-0.029257996007800102,-0.1167796328663826,-0.6648989915847778,0.7371675372123718,0.5255810618400574,0.7337065935134888,-0.02099740132689476,2.5205063819885254,1.3138160705566406,0.6787800192832947,-0.39628517627716064,1.350000023841858,-0.785380482673645,-0.13197025656700134,-0.5235989093780518,-0.0012094676494598389,0.9915311336517334,-0.7815011143684387,0.21702054142951965,-0.5127307176589966,-0.5741459131240845,0.9913878440856934
0.058917079120874405,-0.35010969638824463,0.7996695041656494,-0.02806573361158371,-0.11688528954982758,-0.6703885793685913,0.7322085499763489,0.521500825881958,0.7585006952285767,0.0003811810165643692,2.5240845680236816,1.3397029638290405,0.6663429141044617,-0.43950730562210083,1.350000023841858,-0.7853865623474121,-0.1303996741771698,-0.5235989093780518,-0.00024480948923155665,0.988847553730011,-0.7828649878501892,0.22048711776733398,-0.5027973651885986,-0.5746957659721375,0.998680591583252
0.06125928461551666,-0.3491595983505249,0.7984802722930908,-0.028887057676911354,-0.1175534650683403,-0.6768380403518677,0.7261108756065369,0.5200351476669312,0.7731388807296753,0.011516507714986801,2.5264103412628174,1.3542768955230713,0.6599815487861633,-0.46963053941726685,1.350000023841858,-0.7853905558586121,-0.13387040793895721,-0.5235989093780518,-0.006552321370691061,0.9860233664512634,-0.7837514877319336,0.22191566228866577,-0.5021739602088928,-0.5600336194038391,1.0036163330078125
0.06351029872894287,-0.34901028871536255,0.7978987693786621,-0.03155629336833954,-0.11751394718885422,-0.682029128074646,0.7211316823959351,0.5192686915397644,0.7758153676986694,0.01744249276816845,2.5279221534729004,1.3676292896270752,0.6589189171791077,-0.48867595195770264,1.350000023841858,-0.7853931188583374,-0.13807711005210876,-0.5235989093780518,-0.01868164911866188,0.9844298362731934,-0.7843277454376221,0.2196228802204132,-0.509010910987854,-0.5384442806243896,1.004774570465088
0.06482592225074768,-0.3491209149360657,0.7983615398406982,-0.03561225160956383,-0.11561178416013718,-0.6848849654197693,0.7185389995574951,0.5127972364425659,0.7671365737915039,0.024927262216806412,2.528904914855957,1.3843063116073608,0.6639764904975891,-0.49817609786987305,1.350000023841858,-0.7853947877883911,-0.1387161761522293,-0.5235989093780518,-0.03345581144094467,0.9866517782211304,-0.7847023010253906,0.21338331699371338,-0.514115035533905,-0.5251212120056152,1.0037143230438232
0.06489835679531097,-0.3495614528656006,0.7997132539749146,-0.04047740250825882,-0.11264713853597641,-0.6838893294334412,0.7196996808052063,0.48655980825424194,0.7412513494491577,0.03616330027580261,2.529237985610962,1.4073154926300049,0.6755874156951904,-0.4998052716255188,1.350000023841858,-0.7853958606719971,-0.13576477766036987,-0.5235989093780518,-0.04890049993991852,0.9947256445884705,-0.7849457859992981,0.2020394504070282,-0.5174343585968018,-0.522829532623291,1.0019375085830688
0.06654548645019531,-0.35016271471977234,0.8015601634979248,-0.04447096958756447,-0.10788815468549728,-0.6862788200378418,0.7179163694381714,0.36090943217277527,0.5940172672271729,0.0776188001036644,2.5297398567199707,1.4200648069381714,0.6888084411621094,-0.5035737156867981,1.350000023841858,-0.7853965759277344,-0.13763225078582764,-0.5235989093780518,-0.06082932651042938,0.9854059815406799,-0.7851040363311768,0.19782871007919312,-0.5195919871330261,-0.5023605823516846,0.9821434617042542
0.06879636645317078,-0.3529425859451294,0.8033124208450317,-0.04527446627616882,-0.10475778579711914,-0.6884807348251343,0.7162194848060608,0.19699475169181824,0.3861156702041626,0.16271105408668518,2.4996001720428467,1.4103375673294067,0.6939986944198608,-0.4950169324874878,1.350000023841858,-0.7853970527648926,-0.14575359225273132,-0.5235989093780518,-0.060094885528087616,0.9949888586997986,-0.7852069139480591,0.20382067561149597,-0.5209944248199463,-0.48569172620773315,0.9852426052093506
0.06698516756296158,-0.3562794029712677,0.804321825504303,-0.04355951026082039,-0.10139915347099304,-0.6824250817298889,0.7225764989852905,0.05878772586584091,0.2509751617908478,0.22914950549602509,2.407698154449463,1.3420238494873047,0.6488367319107056,-0.45148229598999023,1.350000023841858,-0.7853973507881165,-0.13765406608581543,-0.5235989093780518,-0.055696845054626465,1.0100622177124023,-0.7852737903594971,0.20164400339126587,-0.5219060182571411,-0.4688831567764282,1.0049593448638916
0.06413176655769348,-0.36002007126808167,0.8066792488098145,-0.04082387313246727,-0.0941455066204071,-0.6691426038742065,0.7360150814056396,-0.050427939742803574,0.16313384473323822,0.25552254915237427,2.2535784244537354,1.2220535278320312,0.5723198652267456,-0.37755629420280457,1.350000023841858,-0.7853975296020508,-0.10743728280067444,-0.5235989093780518,-0.04355155676603317,1.0137580633163452,-0.7853172421455383,0.1879749745130539,-0.5224985480308533,-0.44105255603790283,1.0151599645614624
0.062425680458545685,-0.3642311096191406,0.810009241104126,-0.036788295954465866,-0.08479536324739456,-0.6560004353523254,0.7490793466567993,-0.1339481621980667,0.10603699833154678,0.2726622223854065,2.073493480682373,1.0871944427490234,0.45703011751174927,-0.29172903299331665,1.350000023841858,-0.7853976488113403,-0.07075530290603638,-0.5235989093780518,-0.018931034952402115,1.0117855072021484,-0.7853454947471619,0.17460061609745026,-0.5228837132453918,-0.40349066257476807,1.0217735767364502
0.06254217773675919,-0.36703288555145264,0.8129972815513611,-0.032456010580062866,-0.07651287317276001,-0.6464344263076782,0.7584292888641357,-0.19094723463058472,0.06892404705286026,0.30659279227256775,1.8859777450561523,0.969684898853302,0.32467541098594666,-0.22191385924816132,1.350000023841858,-0.7853977680206299,-0.04163603112101555,-0.5235989093780518,0.009173115715384483,1.013124942779541,-0.7853638529777527,0.16813436150550842,-0.5231340527534485,-0.3623321056365967,1.0306727886199951
0.06584596633911133,-0.36916017532348633,0.8149383068084717,-0.028176642954349518,-0.07416080683469772,-0.6379351019859314,0.7659928798675537,-0.26593732833862305,0.04480062797665596,0.31794992089271545,1.7554214000701904,0.8792405128479004,0.21127691864967346,-0.1960342824459076,1.350000023841858,-0.7853978276252747,-0.033420540392398834,-0.5235989093780518,0.03514176607131958,1.0210435390472412,-0.7853757739067078,0.16649937629699707,-0.5232967734336853,-0.3600512444972992,1.0364573001861572
0.07101689279079437,-0.3704913556575775,0.8172142505645752,-0.02601461671292782,-0.07087302207946777,-0.6312406063079834,0.7719038724899292,-0.3421449065208435,0.02912040799856186,0.3046748638153076,1.6488776206970215,0.8122124671936035,0.13733002543449402,-0.2059086710214615,1.350000023841858,-0.7853978872299194,-0.027463167905807495,-0.5235989093780518,0.05338525027036667,1.0300052165985107,-0.7853835225105286,0.16386830806732178,-0.5206549167633057,-0.35926133394241333,1.0380287170410156
0.07644566148519516,-0.3710612654685974,0.8194243907928467,-0.025307171046733856,-0.067428357899189,-0.627161979675293,0.775551974773407,-0.4181021451950073,0.01892826519906521,0.26722514629364014,1.5557315349578857,0.7637487053871155,0.08926451206207275,-0.23018509149551392,1.350000023841858,-0.7853978872299194,-0.023724623024463654,-0.5235989093780518,0.0652436837553978,1.0360233783721924,-0.7853885889053345,0.16129350662231445,-0.5188472867012024,-0.35303792357444763,1.038694143295288
0.080855593085289,-0.3712519407272339,0.8214211463928223,-0.02527247555553913,-0.06330229341983795,-0.6251698732376099,0.7775067687034607,-0.48211944103240967,0.012303371913731098,0.2237434685230255,1.4757404327392578,0.736224889755249,0.05802192911505699,-0.2450311779975891,1.350000023841858,-0.7853978872299194,-0.019041286781430244,-0.5235989093780518,0.07295166701078415,1.0399351119995117,-0.7853918671607971,0.15942789614200592,-0.5199702382087708,-0.3375793993473053,1.04023015499115
0.08365439623594284,-0.371585875749588,0.8227707147598267,-0.02525133453309536,-0.060288675129413605,-0.6254997253417969,0.777481734752655,-0.5447854995727539,0.00799719151109457,0.17768257856369019,1.4056410789489746,0.7351121306419373,0.03791269659996033,-0.24172678589820862,1.350000023841858,-0.7853978872299194,-0.018116073682904243,-0.5235989093780518,0.07734856009483337,1.0402462482452393,-0.785394012928009,0.15818250179290771,-0.5212389230728149,-0.3324013650417328,1.042665958404541
0.08501836657524109,-0.3719393014907837,0.8230440616607666,-0.026031898334622383,-0.06044435128569603,-0.6280238032341003,0.7754063010215759,-0.6002212166786194,0.0051981741562485695,0.1300569325685501,1.3468490839004517,0.7815760374069214,0.048837751150131226,-0.2225637137889862,1.350000023841858,-0.7853978872299194,-0.02617057040333748,-0.5235989093780518,0.07325587421655655,1.0369459390640259,-0.7853953838348389,0.15737101435661316,-0.5220649242401123,-0.3485053777694702,1.044252872467041
0.0858437716960907,-0.37110722064971924,0.8219084739685059,-0.027370963245630264,-0.0646340399980545,-0.6322272419929504,0.7715970277786255,-0.644438624382019,0.0033788131549954414,0.0820385068655014,1.2973144054412842,0.8763511180877686,0.08384661376476288,-0.2079225778579712,1.350000023841858,-0.7835826873779297,-0.04355676844716072,-0.5235989093780518,0.06068205460906029,1.0308691263198853,-0.7853962779045105,0.16154973208904266,-0.522601842880249,-0.3835192918777466,1.0430983304977417
0.0906120017170906,-0.3879730701446533,0.8204576969146729,-0.02271774224936962,-0.0698627382516861,-0.6278557777404785,0.7748549580574036,-0.5467041730880737,0.002196228364482522,0.003948438912630081,1.2553539276123047,0.6236462593078613,0.05456099659204483,-0.18622350692749023,1.3216886520385742,-0.7842180132865906,-0.11994155496358871,-0.5235989093780518,0.05749101936817169,1.0365848541259766,-0.7853968739509583,0.08324842154979706,-0.47402650117874146,-0.45281675457954407,1.0445338487625122
0.09381011128425598,-0.4003283977508545,0.8174905776977539,-0.017333481460809708,-0.076622374355793,-0.6185510158538818,0.7818076610565186,-0.47392094135284424,0.001427548355422914,-0.05754561349749565,1.2084832191467285,0.4534897208213806,0.035692453384399414,-0.15386688709259033,1.298991084098816,-0.7846309542655945,-0.16959166526794434,-0.5235989093780518,0.06269151717424393,1.0403001308441162,-0.7853972315788269,0.035903558135032654,-0.43023231625556946,-0.5291308760643005,1.0454668998718262
0.09604965895414352,-0.40893256664276123,0.8151905536651611,-0.014243300072848797,-0.08500422537326813,-0.6094714403152466,0.7881091237068176,-0.4148200750350952,0.000927906425204128,-0.10594501346349716,1.1632100343704224,0.3483317196369171,0.02321428246796131,-0.12300299108028412,1.2806367874145508,-0.7848994135856628,-0.20186424255371094,-0.5235989093780518,0.06616443395614624,1.042715072631836,-0.785397469997406,0.007639722898602486,-0.400180459022522,-0.5819002389907837,1.0460734367370605
0.09722758829593658,-0.41486555337905884,0.8142142295837402,-0.012880545109510422,-0.09440840035676956,-0.6018881797790527,0.7928756475448608,-0.3693721890449524,0.0006031391676515341,-0.1498294174671173,1.1185729503631592,0.28528645634651184,0.015101885423064232,-0.09386929869651794,1.2620360851287842,-0.7850738763809204,-0.22284141182899475,-0.5235989093780518,0.07139512896537781,1.0442848205566406,-0.7853976488113403,-0.009427390992641449,-0.37967920303344727,-0.6221256256103516,1.0464677810668945
0.09779402613639832,-0.4186597466468811,0.8140155673027039,-0.013086004182696342,-0.10284876078367233,-0.5983966588973999,0.794463574886322,-0.3316382169723511,0.0003920404415111989,-0.19267752766609192,1.0757477283477783,0.2507752776145935,0.009828491136431694,-0.0664239153265953,1.2422934770584106,-0.785187304019928,-0.2364765703678131,-0.5235989093780518,0.07559240609407425,1.0453050136566162,-0.7853977680206299,-0.018911108374595642,-0.3627358078956604,-0.6573813557624817,1.0467240810394287
0.09831499308347702,-0.41928738355636597,0.8146998882293701,-0.015128999017179012,-0.1096462532877922,-0.5996176600456238,0.792595386505127,-0.30064690113067627,0.0002548262709751725,-0.23471450805664062,1.0354923009872437,0.22942188382148743,0.0063990396447479725,-0.041477661579847336,1.2204288244247437,-0.7852610349655151,-0.24533942341804504,-0.5235989093780518,0.0794936865568161,1.0459682941436768,-0.7853978276252747,-0.021532481536269188,-0.34590667486190796,-0.6904305219650269,1.0468906164169312
0.09994933009147644,-0.417926549911499,0.8158470988273621,-0.018484564498066902,-0.1140751987695694,-0.6052385568618774,0.7876112461090088,-0.27092891931533813,0.0001656370732234791,-0.2754596471786499,1.0007579326629639,0.2148292362689972,0.0041629234328866005,-0.02324283868074417,1.1966838836669922,-0.7853089570999146,-0.2511002719402313,-0.5235989093780518,0.08221414685249329,1.0463993549346924,-0.7853978872299194,-0.02162010967731476,-0.3290078043937683,-0.7223062515258789,1.0469988584518433
0.10299451649188995,-0.41577112674713135,0.8170973658561707,-0.02227851375937462,-0.11590736359357834,-0.6142628192901611,0.7802245020866394,-0.24019122123718262,0.00010766409104689956,-0.31313955783843994,0.9718285799026489,0.20410016179084778,0.0027059006970375776,-0.013005353510379791,1.170857310295105,-0.7853400707244873,-0.2548448443412781,-0.5235989093780518,0.08398246765136719,1.0466794967651367,-0.7853499054908752,-0.020881956443190575,-0.31295907497406006,-0.7518399357795715,1.0470691919326782
0.10652058571577072,-0.41377174854278564,0.8183451890945435,-0.02600211091339588,-0.11592086404561996,-0.6243366599082947,0.7720686793327332,-0.2118600308895111,6.998165918048471e-05,-0.3466688394546509,0.9466558694839478,0.19548910856246948,0.0017588353948667645,-0.011317403987050056,1.1428457498550415,-0.7853603363037109,-0.25727880001068115,-0.5235989093780518,0.08513187617063522,1.0468616485595703,-0.7852355241775513,-0.02069535292685032,-0.3002377152442932,-0.7773838043212891,1.0471148490905762
0.10973893105983734,-0.41154369711875916,0.8192368745803833,-0.028657199814915657,-0.11424685269594193,-0.6338209509849548,0.7644588947296143,-0.18846571445465088,4.548807555693202e-05,-0.3739166259765625,0.9238474369049072,0.18811100721359253,0.0011432429309934378,-0.015428630635142326,1.115808129310608,-0.7853735089302063,-0.25886088609695435,-0.5235989093780518,0.08587899059057236,1.0469800233840942,-0.7844473123550415,-0.01948396861553192,-0.2883891463279724,-0.7980113625526428,1.0471446514129639
0.11219573020935059,-0.41029268503189087,0.8196675181388855,-0.029824934899806976,-0.1115914061665535,-0.6406567692756653,0.759089469909668,-0.17521882057189941,2.956724893010687e-05,-0.39409756660461426,0.9013654589653015,0.18459472060203552,0.000743107870221138,-0.02291148528456688,1.0914620161056519,-0.7853820323944092,-0.25988924503326416,-0.5235989093780518,0.08636461198329926,1.0470569133758545,-0.7816758751869202,-0.019153304398059845,-0.27938663959503174,-0.8133597373962402,1.047163963317871
0.11340779066085815,-0.41029202938079834,0.819657027721405,-0.029645895585417747,-0.10798335820436478,-0.6453972458839417,0.7555945515632629,-0.17519712448120117,1.9218710804125294e-05,-0.40643060207366943,0.8769721388816833,0.1865755319595337,0.00048302009236067533,-0.028706097975373268,1.0718774795532227,-0.7853875756263733,-0.2605576515197754,-0.5235989093780518,0.08668027073144913,1.0471069812774658,-0.7780539989471436,-0.020902059972286224,-0.2720826268196106,-0.8247360587120056,1.0471765995025635
0.11349652707576752,-0.41036009788513184,0.8191000819206238,-0.028345569968223572,-0.10390264540910721,-0.6497540473937988,0.7524762153625488,-0.18857386708259583,1.7995167581830174e-05,-0.41094475984573364,0.8494603633880615,0.19216382503509521,0.00032144150463864207,-0.029198551550507545,1.0592522621154785,-0.7853912115097046,-0.2609921097755432,-0.5235989093780518,0.08688544481992722,1.0471395254135132,-0.7754503488540649,-0.021486949175596237,-0.26613545417785645,-0.829993724822998,1.047184705734253
0.1129361242055893,-0.4106048047542572,0.8180004358291626,-0.0260181725025177,-0.10009796917438507,-0.652934730052948,0.75031977891922,-0.2117348611354828,2.197423600591719e-05,-0.40756547451019287,0.8193928003311157,0.20484915375709534,0.00022293733491096646,-0.022421158850193024,1.0577642917633057,-0.7853935360908508,-0.261274516582489,-0.5235989093780518,0.08700332790613174,1.0471606254577637,-0.7741038799285889,-0.02144232764840126,-0.2596871852874756,-0.8338624238967896,1.0471899509429932
0.11242450028657913,-0.4130943715572357,0.8159933686256409,-0.022077621892094612,-0.09684008359909058,-0.6544469594955444,0.7495557069778442,-0.2263495922088623,2.1786365323350765e-05,-0.39820754528045654,0.7938575744628906,0.21880267560482025,0.0001590334577485919,-0.011166349053382874,1.0633243322372437,-0.785395085811615,-0.2614580988883972,-0.5235989093780518,0.08683639019727707,1.0471744537353516,-0.772765040397644,-0.020094597712159157,-0.25174474716186523,-0.8400576114654541,1.0471934080123901
0.11327182501554489,-0.41747260093688965,0.8138476610183716,-0.017957979813218117,-0.09524194896221161,-0.6522136926651001,0.7518136501312256,-0.22504937648773193,1.4162525076244492e-05,-0.3741525411605835,0.7717002630233765,0.2311926782131195,0.00010337435378460214,0.005868423730134964,1.0753021240234375,-0.7853960990905762,-0.26157742738723755,-0.5235989093780518,0.08592712134122849,1.0471832752227783,-0.7643890380859375,-0.017006173729896545,-0.24859102070331573,-0.837550163269043,1.0471956729888916
0.11350225657224655,-0.40508246421813965,0.8091588020324707,-0.01523025706410408,-0.11197622865438461,-0.6566199064254761,0.7457075119018555,-0.3244938850402832,0.0006884815520606935,-0.2733478546142578,0.9105075597763062,0.5487769246101379,0.03307695686817169,-0.07802280783653259,1.2487263679504395,-0.7853967547416687,-0.2548229396343231,-0.5235989093780518,0.0780140608549118,1.0471891164779663,-0.7717421054840088,0.0859125554561615,-0.3162568211555481,-0.8585013747215271,1.0460584163665771
0.11672940850257874,-0.3979564309120178,0.8065337538719177,-0.014827712439000607,-0.12185432761907578,-0.6585978865623474,0.7424153089523315,-0.4069378972053528,0.0004477084439713508,-0.0994684100151062,1.1963491439819336,0.6153229475021362,0.0607205331325531,-0.14333592355251312,1.350000023841858,-0.7853971719741821,-0.24593663215637207,-0.5235989093780518,0.07383818179368973,1.0471928119659424,-0.776521623134613,0.14831627905368805,-0.36119988560676575,-0.862783670425415,1.0426995754241943
0.12294937670230865,-0.3909444808959961,0.8085817098617554,-0.023163070902228355,-0.12009264528751373,-0.6557689309120178,0.7449887990951538,-0.38629981875419617,0.0002910104813054204,0.07305904477834702,1.4472408294677734,0.5267964601516724,0.06330583244562149,-0.16341429948806763,1.350000023841858,-0.7853974103927612,-0.21376782655715942,-0.5235989093780518,0.05063248053193092,1.047195315361023,-0.779628336429596,0.1625690758228302,-0.4064476490020752,-0.772179365158081,1.0442742109298706
0.13000936806201935,-0.38493677973747253,0.8135367631912231,-0.03393324092030525,-0.11173788458108902,-0.6484724283218384,0.7522278428077698,-0.2982560694217682,0.0001891568099381402,0.22787021100521088,1.6542918682098389,0.373350590467453,0.04350053891539574,-0.10352282226085663,1.350000023841858,-0.7853975892066956,-0.17011471092700958,-0.5235989093780518,0.030491579324007034,1.0455520153045654,-0.7816476821899414,0.15088854730129242,-0.4474506378173828,-0.6351238489151001,1.0452982187271118
0.13939592242240906,-0.3807584047317505,0.8179316520690918,-0.04111665487289429,-0.10673509538173676,-0.6482327580451965,0.752802312374115,-0.20710155367851257,0.00012295192573219538,0.33906126022338867,1.8413996696472168,0.21850867569446564,0.02827625162899494,-0.03983695060014725,1.350000023841858,-0.7853977084159851,-0.15032929182052612,-0.5235989093780518,0.029372040182352066,1.0292885303497314,-0.7829602360725403,0.1425233632326126,-0.47402697801589966,-0.524013102054596,1.0407421588897705
0.15065252780914307,-0.3781723380088806,0.8230383396148682,-0.046406738460063934,-0.10081761330366135,-0.65251624584198,0.7496030330657959,-0.08549904823303223,0.00037419996806420386,0.42079421877861023,2.022296905517578,0.055399343371391296,0.018379563465714455,0.006508946418762207,1.350000023841858,-0.7853977680206299,-0.14096856117248535,-0.5235989093780518,0.040486834943294525,1.0038814544677734,-0.7838134169578552,0.12976552546024323,-0.4913771152496338,-0.411033570766449,1.0257319211959839
0.1625431478023529,-0.3781437873840332,0.8277932405471802,-0.05041880160570145,-0.09715215116739273,-0.6578677892684937,0.7451371550559998,0.03911547362804413,0.051379285752773285,0.45958542823791504,2.1776623725891113,-0.12426518648862839,0.011946715414524078,0.024099625647068024,1.350000023841858,-0.7853947877883911,-0.14545078575611115,-0.5235678553581238,0.05685971677303314,0.9641086459159851,-0.7707268595695496,0.11131875962018967,-0.5026547908782959,-0.3032880425453186,1.0032916069030762
0.17485177516937256,-0.3783961832523346,0.8323248624801636,-0.052250321954488754,-0.09557797014713287,-0.66084223985672,0.7425781488418579,0.16073445975780487,0.14047542214393616,0.4539802670478821,2.264570951461792,-0.28635334968566895,0.007765364833176136,0.034940410405397415,1.350000023841858,-0.7789849042892456,-0.16333147883415222,-0.5179416537284851,0.06750208884477615,0.9099999666213989,-0.7389795780181885,0.09263034164905548,-0.49056971073150635,-0.23438958823680878,0.976531982421875
0.18508246541023254,-0.3801034390926361,0.8411266207695007,-0.04608066752552986,-0.08422792702913284,-0.6607282757759094,0.7444598078727722,0.28438177704811096,0.2570447623729706,0.44712039828300476,2.3445496559143066,-0.46589916944503784,0.00504748709499836,0.020054640248417854,1.350000023841858,-0.7747502326965332,-0.16647666692733765,-0.48154109716415405,0.0689534991979599,0.9236013293266296,-0.741703987121582,0.07138323038816452,-0.47128260135650635,-0.14905086159706116,0.9831624031066895
0.19121703505516052,-0.3820573091506958,0.8490538597106934,-0.03622516244649887,-0.07556468993425369,-0.6595749855041504,0.7469528317451477,0.40983709692955017,0.3773326277732849,0.4313651919364929,2.392916679382324,-0.5990608930587769,0.003280866425484419,0.0016707433387637138,1.350000023841858,-0.7703570127487183,-0.17725682258605957,-0.43371713161468506,0.06695611029863358,0.9299629926681519,-0.7440304756164551,0.058138951659202576,-0.44716984033584595,-0.09398876130580902,0.9896765947341919
0.19327783584594727,-0.38487404584884644,0.8537541627883911,-0.026874825358390808,-0.07043960690498352,-0.6577214002609253,0.7494788765907288,0.5423777103424072,0.4893970489501953,0.40048885345458984,2.4125213623046875,-0.6909123659133911,0.002132563153281808,-0.015445917844772339,1.350000023841858,-0.7676445245742798,-0.19545510411262512,-0.39227139949798584,0.06230565160512924,0.9352161884307861,-0.748904824256897,0.04274638742208481,-0.4293350577354431,-0.05962032079696655,1.0004136562347412
0.19264507293701172,-0.38855722546577454,0.8585323095321655,-0.021630344912409782,-0.0691629946231842,-0.654067873954773,0.752956748008728,0.6717714071273804,0.5831809043884277,0.3581247329711914,2.4123523235321045,-0.7481215596199036,0.0013861659681424499,-0.02877042442560196,1.350000023841858,-0.7653642892837524,-0.21788033843040466,-0.3725568652153015,0.05910361558198929,0.9435153007507324,-0.7559495568275452,0.01719594933092594,-0.4250900447368622,-0.036829642951488495,1.0137193202972412
0.19070306420326233,-0.3941563367843628,0.859809935092926,-0.024636458605527878,-0.06800477206707001,-0.6463947892189026,0.759567141532898,0.854669451713562,0.6426612138748169,0.23012275993824005,2.355569839477539,-0.7927139401435852,0.000901007850188762,-0.04444009065628052,1.350000023841858,-0.7618499994277954,-0.23259881138801575,-0.382447749376297,0.059815216809511185,0.9569922685623169,-0.7662564516067505,-0.027190880849957466,-0.42385852336883545,-0.025498023256659508,1.025437593460083
0.18914136290550232,-0.39979201555252075,0.8595187664031982,-0.02785949409008026,-0.0684601441025734,-0.6375777721405029,0.7668322324752808,1.019218921661377,0.6579745411872864,0.11553701758384705,2.284271478652954,-0.8086553812026978,0.0005856550997123122,-0.053683601319789886,1.350000023841858,-0.7591627240180969,-0.24214765429496765,-0.393928587436676,0.060356952250003815,0.9669122695922852,-0.7729559540748596,-0.06239824742078781,-0.42598026990890503,-0.018308257684111595,1.0330543518066406
0.18820610642433167,-0.4039573669433594,0.8590561151504517,-0.0291402880102396,-0.07067853212356567,-0.6279861927032471,0.7744602560997009,1.1495364904403687,0.6560410857200623,0.03344349563121796,2.219020366668701,-0.8144283294677734,0.00038067580317147076,-0.05355101078748703,1.350000023841858,-0.7582862377166748,-0.24835556745529175,-0.3988851010799408,0.06169634312391281,0.9753937125205994,-0.7770777344703674,-0.08235791325569153,-0.43103906512260437,-0.01316118985414505,1.0380053520202637
0.18766853213310242,-0.40638938546180725,0.8587972521781921,-0.028830191120505333,-0.07426991313695908,-0.6195133924484253,0.7809327840805054,1.2595245838165283,0.6483290195465088,-0.020267099142074585,2.149106502532959,-0.8130900263786316,0.0002474392531439662,-0.04476591944694519,1.3463547229766846,-0.7569563388824463,-0.2524419128894806,-0.3978784382343292,0.0632253885269165,0.981075644493103,-0.7786098718643188,-0.09025739878416061,-0.4378751516342163,-0.010836084373295307,1.039192795753479
0.18789735436439514,-0.4080941379070282,0.858924388885498,-0.027802595868706703,-0.07775301486253738,-0.6167594790458679,0.7828086018562317,1.3588640689849854,0.6202925443649292,-0.06858806312084198,2.0608866214752197,-0.8085254430770874,0.00016083550872281194,-0.03434837609529495,1.350000023841858,-0.7561393976211548,-0.2550473213195801,-0.39271020889282227,0.06528791040182114,0.9857814311981201,-0.7800939083099365,-0.08953386545181274,-0.44384104013442993,-0.010007462464272976,1.0384739637374878
0.1885768324136734,-0.4090380072593689,0.8595249652862549,-0.02629949152469635,-0.0807705670595169,-0.6187847852706909,0.7809544801712036,1.4367878437042236,0.5793247818946838,-0.10510179400444031,1.9721052646636963,-0.797446608543396,0.00010454307630425319,-0.023685995489358902,1.350000023841858,-0.7560248970985413,-0.2553396224975586,-0.3833583891391754,0.06832469254732132,0.9893162250518799,-0.7803046703338623,-0.08222837746143341,-0.4481605291366577,-0.00967824924737215,1.0364173650741577
0.1891671121120453,-0.40947654843330383,0.8611996173858643,-0.023437410593032837,-0.08135528117418289,-0.6238551139831543,0.7769407033920288,1.4950369596481323,0.5248398184776306,-0.1218452900648117,1.8758342266082764,-0.773526668548584,6.795299850637093e-05,-0.012862076051533222,1.350000023841858,-0.7560763359069824,-0.24900269508361816,-0.3676624596118927,0.07045306265354156,0.9922031164169312,-0.7797057628631592,-0.06720507889986038,-0.44555196166038513,-0.009015507996082306,1.0341594219207764
0.1895677149295807,-0.4093472957611084,0.8632413148880005,-0.021216584369540215,-0.08107990771532059,-0.6304619312286377,0.7716823816299438,1.5279407501220703,0.46906399726867676,-0.12000498175621033,1.7934134006500244,-0.7551490068435669,4.416944648255594e-05,0.003471115604043007,1.350000023841858,-0.7550058364868164,-0.24023598432540894,-0.3546845316886902,0.07344914972782135,0.9943773746490479,-0.7790021896362305,-0.04952871426939964,-0.43879738450050354,-0.008218061178922653,1.032672643661499
0.18974177539348602,-0.4091922640800476,0.8659950494766235,-0.018208064138889313,-0.07816331833600998,-0.6396986842155457,0.7644242644309998,1.5321638584136963,0.4108974039554596,-0.10938750952482224,1.7231738567352295,-0.7285478711128235,2.871013930416666e-05,0.01564294844865799,1.350000023841858,-0.7545959949493408,-0.223468616604805,-0.33968061208724976,0.07576236128807068,0.9954248070716858,-0.7773787975311279,-0.026746060699224472,-0.4248223304748535,-0.006737089715898037,1.0324119329452515
0.18968603014945984,-0.409481406211853,0.8687336444854736,-0.014254377223551273,-0.07284301519393921,-0.6504924893379211,0.7558771371841431,1.5101767778396606,0.35195621848106384,-0.09150687605142593,1.6611446142196655,-0.6927735805511475,1.866159072960727e-05,0.03360750526189804,1.350000023841858,-0.7543579339981079,-0.20063504576683044,-0.32370010018348694,0.07850159704685211,0.9972646236419678,-0.7767773866653442,-0.001635892316699028,-0.4065808057785034,-0.005552539136260748,1.0351152420043945
0.1896759271621704,-0.4102441668510437,0.87142014503479,-0.00896682683378458,-0.0644029900431633,-0.6625967621803284,0.746148407459259,1.4610533714294434,0.29013320803642273,-0.07657723128795624,1.6115610599517822,-0.6439300775527954,1.2130033610446844e-05,0.04559096321463585,1.3458867073059082,-0.7554685473442078,-0.17044669389724731,-0.30422696471214294,0.07984188944101334,0.9984750151634216,-0.7771769762039185,0.0260291900485754,-0.3830720782279968,-0.004891394171863794,1.0393447875976562
0.1897687315940857,-0.4111720323562622,0.875026524066925,-0.0003834613016806543,-0.05167282372713089,-0.6763975620269775,0.7347217798233032,1.393512487411499,0.22515113651752472,-0.06727948784828186,1.569138765335083,-0.5779304504394531,7.884521437517833e-06,0.05299738794565201,1.3272572755813599,-0.7580626010894775,-0.1299353539943695,-0.27397218346595764,0.07913351058959961,0.9993718862533569,-0.7779399156570435,0.061819642782211304,-0.34855416417121887,-0.0032343727070838213,1.0420939922332764
0.1901276856660843,-0.4118781089782715,0.8805315494537354,0.01447996310889721,-0.034234702587127686,-0.6907026171684265,0.7221829891204834,1.3312346935272217,0.16754429042339325,-0.057228464633226395,1.5356799364089966,-0.5055975317955017,5.124938525113976e-06,0.06527402251958847,1.3042970895767212,-0.6710955500602722,-0.08452167361974716,-0.20717200636863708,0.06883332878351212,0.9996387958526611,-0.7734363079071045,0.11334633827209473,-0.29548755288124084,-0.0018242504447698593,1.0438810586929321
0.18944594264030457,-0.4093198776245117,0.8955773711204529,0.0424976609647274,-0.004548955243080854,-0.6981608271598816,0.714664101600647,1.3371291160583496,0.10890378803014755,-0.018780376762151718,1.488863229751587,-0.3939180374145508,3.3312098821625113e-06,0.11072924733161926,1.2261334657669067,-0.23297415673732758,-0.14656832814216614,0.0027279257774353027,-0.10034741461277008,0.984740138053894,-0.307750940322876,0.030427828431129456,0.06646108627319336,-0.26919788122177124,0.9551224708557129
0.18721729516983032,-0.407566636800766,0.8809065818786621,0.060987696051597595,0.024513667449355125,-0.7053549289703369,0.7058002948760986,1.3193291425704956,0.07156530767679214,0.00975296925753355,1.4700453281402588,-0.3375750780105591,2.165286332456162e-06,0.12276998162269592,1.2058088779449463,0.059927523136138916,-0.1868990659713745,0.1788119673728943,-0.22635313868522644,0.9930210113525391,-0.01117822527885437,-0.052237510681152344,0.3175908923149109,-0.4499760866165161,0.9064637422561646
0.18509605526924133,-0.4058208167552948,0.8731569051742554,0.0763002261519432,0.046466127038002014,-0.7105520963668823,0.6979504823684692,1.298473834991455,0.04651769995689392,0.029108218848705292,1.4444903135299683,-0.2928386628627777,1.4074361160965054e-06,0.11725006252527237,1.199745535850525,0.23139652609825134,-0.21311405301094055,0.32231494784355164,-0.33216720819473267,0.9929065704345703,0.17735189199447632,-0.11547072231769562,0.4969799220561981,-0.5681782960891724,0.8701180219650269
0.18317994475364685,-0.4037705063819885,0.8643730878829956,0.09074109047651291,0.06359881162643433,-0.7144723534584045,0.6908332109451294,1.279654860496521,0.036382321268320084,0.054430991411209106,1.401790738105774,-0.2633379101753235,9.148334356723353e-07,0.11030139029026031,1.193392276763916,0.3209858536720276,-0.23015378415584564,0.44306743144989014,-0.41749659180641174,0.9852555990219116,0.28595298528671265,-0.15873727202415466,0.6338624954223633,-0.6459819078445435,0.8396433591842651
0.18177363276481628,-0.4007129669189453,0.8554747104644775,0.10506796836853027,0.0769355371594429,-0.7162986397743225,0.6855348348617554,1.260785460472107,0.03234650939702988,0.08434610813856125,1.3481611013412476,-0.2389194369316101,5.94641733187018e-07,0.09823708236217499,1.1909351348876953,0.3546692728996277,-0.2412296086549759,0.5451208353042603,-0.48400187492370605,0.9747645854949951,0.3468496799468994,-0.18820498883724213,0.7452724575996399,-0.6991181969642639,0.812330424785614
0.18091842532157898,-0.3969961404800415,0.8480545282363892,0.11913779377937317,0.08806511014699936,-0.715960681438446,0.6822397112846375,1.2478772401809692,0.026218101382255554,0.11083484441041946,1.290431022644043,-0.2095012068748474,3.865171152028779e-07,0.08100906014442444,1.1867308616638184,0.35674864053726196,-0.24842889606952667,0.6263548135757446,-0.523593008518219,0.9656935930252075,0.3770969808101654,-0.20817497372627258,0.8387995958328247,-0.7361000776290894,0.7845096588134766
0.18022620677947998,-0.39271795749664307,0.8420683145523071,0.13141584396362305,0.09604278951883316,-0.7131288647651672,0.6818745136260986,1.2438697814941406,0.0319182425737381,0.14171640574932098,1.2419027090072632,-0.1878456175327301,2.512361163553578e-07,0.07428622245788574,1.1860300302505493,0.34225237369537354,-0.2531084418296814,0.6888692378997803,-0.5477800965309143,0.9518420696258545,0.39319467544555664,-0.22011372447013855,0.9135334491729736,-0.764288067817688,0.7551426291465759
0.17978596687316895,-0.38876742124557495,0.8368589282035828,0.14298056066036224,0.10409161448478699,-0.7093285322189331,0.6823301911354065,1.2400017976760864,0.02769620344042778,0.1640792340040207,1.1903871297836304,-0.15628889203071594,1.6330346852555522e-07,0.067827008664608,1.1807255744934082,0.32157373428344727,-0.25614890456199646,0.7437302470207214,-0.5635152459144592,0.9364264011383057,0.39483386278152466,-0.2277737557888031,0.9787843227386475,-0.7875347137451172,0.7273121476173401
0.17936140298843384,-0.38523298501968384,0.8321144580841064,0.15347643196582794,0.11304109543561935,-0.7053770422935486,0.6827224493026733,1.2356191873550415,0.018002746626734734,0.17834557592868805,1.1343886852264404,-0.11548818647861481,1.0614724743618353e-07,0.06080049276351929,1.170548439025879,0.30345064401626587,-0.25810036063194275,0.7935990691184998,-0.575424313545227,0.9173139333724976,0.3832818865776062,-0.23285000026226044,1.0369377136230469,-0.8073996305465698,0.6993990540504456
0.1786324381828308,-0.38199126720428467,0.8278608322143555,0.1623602956533432,0.12138918787240982,-0.7022600769996643,0.6824474334716797,1.2368484735488892,0.011701785027980804,0.17286497354507446,1.0756639242172241,-0.07496632635593414,6.899571047824793e-08,0.051462702453136444,1.1578665971755981,0.2912048399448395,-0.2593352794647217,0.8360610604286194,-0.5864822864532471,0.8958011865615845,0.36428260803222656,-0.23638319969177246,1.0870742797851562,-0.8239960670471191,0.6702491641044617
0.17789286375045776,-0.379230797290802,0.8241058588027954,0.16863000392913818,0.12765192985534668,-0.6990556716918945,0.6830739974975586,1.2478530406951904,0.007606159895658493,0.14855459332466125,1.0222458839416504,-0.04014994204044342,4.484720861341884e-08,0.04309072345495224,1.146474838256836,0.283072292804718,-0.26016122102737427,0.8692550659179688,-0.6002629995346069,0.8752050399780273,0.34722772240638733,-0.23789624869823456,1.1262516975402832,-0.8415447473526001,0.6445242762565613
0.17720741033554077,-0.3768489360809326,0.8208118677139282,0.1733870804309845,0.13180206716060638,-0.6952378153800964,0.6849887371063232,1.2697155475616455,0.004944003652781248,0.10141301900148392,0.9784455299377441,-0.009059583768248558,2.9150683644729725e-08,0.03504198044538498,1.1368778944015503,0.27518707513809204,-0.2607291340827942,0.8946927785873413,-0.6162514686584473,0.8587161302566528,0.3355371952056885,-0.23764494061470032,1.1563968658447266,-0.8575841188430786,0.6225961446762085
0.17663609981536865,-0.3749566376209259,0.8179845809936523,0.17590005695819855,0.1346646398305893,-0.690768837928772,0.6883044838905334,1.2938073873519897,0.003213602351024747,0.03833504021167755,0.9463813304901123,0.011377203278243542,1.8947943658531585e-08,0.03270834684371948,1.1316392421722412,0.2703365981578827,-0.26108142733573914,0.9132530689239502,-0.6342662572860718,0.8466567993164062,0.3273574113845825,-0.23651719093322754,1.1775848865509033,-0.8732900619506836,0.6065371036529541
0.17622336745262146,-0.37377017736434937,0.8154241442680359,0.17641369998455048,0.13687649369239807,-0.6851016283035278,0.693382203578949,1.3133106231689453,0.0020888415165245533,-0.0346389040350914,0.9322754740715027,0.01629798486828804,1.2316163200409846e-08,0.03891433775424957,1.1367058753967285,0.26798346638679504,-0.26131391525268555,0.9270917773246765,-0.6546481251716614,0.8414347171783447,0.3232184052467346,-0.2347370684146881,1.1917285919189453,-0.8908641338348389,0.5996572971343994
0.17604102194309235,-0.3730839788913727,0.8133152723312378,0.1754404753446579,0.1382562220096588,-0.6782368421554565,0.7000718712806702,1.3196285963058472,0.008089203387498856,-0.11259033530950546,0.9402313232421875,0.010209142230451107,8.00550559176827e-09,0.05166464298963547,1.146430492401123,0.26576125621795654,-0.2614518404006958,0.9359850287437439,-0.6746504902839661,0.8333733677864075,0.3222133219242096,-0.23014283180236816,1.1987048387527466,-0.9054456949234009,0.5937892198562622
0.17611360549926758,-0.3721000552177429,0.811229944229126,0.17299456894397736,0.1390702873468399,-0.670775294303894,0.7076671719551086,1.3052682876586914,0.02515532821416855,-0.19512279331684113,0.9766860008239746,-0.006374066229909658,5.203578457013691e-09,0.06301132589578629,1.1515817642211914,0.2639065384864807,-0.2615334987640381,0.9429571628570557,-0.6965368390083313,0.8301078677177429,0.3247808814048767,-0.22492045164108276,1.200969934463501,-0.9204169511795044,0.5943469405174255
0.17606475949287415,-0.3710784316062927,0.8089205622673035,0.16932334005832672,0.14015759527683258,-0.6640848517417908,0.7146165370941162,1.2638814449310303,0.057915449142456055,-0.2735937237739563,1.0583864450454712,-0.03774724900722504,3.3823259748544388e-09,0.07401002943515778,1.1524546146392822,0.2662334740161896,-0.2615177631378174,0.9506183862686157,-0.7197463512420654,0.8321163654327393,0.3278874456882477,-0.22161215543746948,1.2005988359451294,-0.9353359937667847,0.6010494232177734
0.17569369077682495,-0.3705838918685913,0.8063186407089233,0.16515125334262848,0.1403816193342209,-0.6596527695655823,0.7196362614631653,1.1738314628601074,0.10420271009206772,-0.33957338333129883,1.2165687084197998,-0.0773632675409317,2.1985118170420037e-09,0.07725152373313904,1.159902811050415,0.2723478078842163,-0.26148444414138794,0.9573866128921509,-0.7460499405860901,0.8416581153869629,0.33226278424263,-0.21964062750339508,1.1974762678146362,-0.9517006874084473,0.6144767999649048
0.17515704035758972,-0.3717297911643982,0.8035818338394165,0.16333375871181488,0.14156386256217957,-0.6595764756202698,0.7198892831802368,0.9942194223403931,0.1381649374961853,-0.35623177886009216,1.4829293489456177,-0.13453789055347443,1.4290326699750722e-09,0.06318721175193787,1.202153205871582,0.2815425395965576,-0.2615084946155548,0.9653921127319336,-0.771917462348938,0.8574787378311157,0.3346591591835022,-0.22113236784934998,1.195784091949463,-0.9674183130264282,0.6324673295021057
0.1748831868171692,-0.3732406497001648,0.8010159134864807,0.16084997355937958,0.14222970604896545,-0.6617856621742249,0.7182880640029907,0.8249114751815796,0.13695049285888672,-0.2953203022480011,1.6305469274520874,-0.19645017385482788,9.288712021771062e-10,0.05695230886340141,1.242988109588623,0.2946162819862366,-0.26141151785850525,0.9708017110824585,-0.797274112701416,0.8785199522972107,0.3366914987564087,-0.22391517460346222,1.1909890174865723,-0.9833999872207642,0.6543828845024109
0.17518746852874756,-0.37500911951065063,0.7986741065979004,0.15675868093967438,0.14258445799350739,-0.665239691734314,0.7159277200698853,0.6366541385650635,0.0891966000199318,-0.19538460671901703,1.671539306640625,-0.23384405672550201,6.037662592106585e-10,0.03878317400813103,1.2664885520935059,0.31168389320373535,-0.2612290680408478,0.9736886620521545,-0.8218318223953247,0.9042673110961914,0.34106552600860596,-0.22649437189102173,1.181148648262024,-1.0031859874725342,0.6822360157966614
0.1745845079421997,-0.3777152895927429,0.7949280738830566,0.15284213423728943,0.14304310083389282,-0.6713109016418457,0.7109990119934082,0.4712015390396118,0.057977788150310516,-0.11332613974809647,1.6151189804077148,-0.24924825131893158,3.9244804628246754e-10,0.020292893052101135,1.2688183784484863,0.3373252749443054,-0.26115795969963074,0.9793317317962646,-0.8561124801635742,0.9268420934677124,0.3423560857772827,-0.23056578636169434,1.1685764789581299,-1.021877646446228,0.7091145515441895
0.17305642366409302,-0.38119441270828247,0.7898610830307007,0.14744192361831665,0.1405210793018341,-0.6791676878929138,0.7051566243171692,0.34060582518577576,0.037685561925172806,-0.08419699966907501,1.5213685035705566,-0.2714594900608063,2.5509122592026756e-10,0.012987936846911907,1.2618870735168457,0.37451791763305664,-0.26088595390319824,0.9782564640045166,-0.9038617610931396,0.9416038393974304,0.34504976868629456,-0.23132885992527008,1.1472389698028564,-1.043013095855713,0.7364944219589233
0.1714320182800293,-0.3848118782043457,0.784423291683197,0.13924908638000488,0.13532157242298126,-0.6881546378135681,0.6991000771522522,0.2421589195728302,0.02449561469256878,-0.1110171526670456,1.4344536066055298,-0.29097139835357666,1.6580929684817391e-10,0.004565922077745199,1.2634562253952026,0.416342169046402,-0.25330162048339844,0.969046950340271,-0.959470272064209,0.9496080279350281,0.3503020405769348,-0.22926579415798187,1.1127750873565674,-1.0698401927947998,0.7675319910049438
0.17010942101478577,-0.38850486278533936,0.7807774543762207,0.13236652314662933,0.13168585300445557,-0.698173999786377,0.6911519169807434,0.20387060940265656,0.015922149643301964,-0.17778846621513367,1.3719496726989746,-0.29373466968536377,1.0777603809408731e-10,-0.01712542027235031,1.2629740238189697,0.45175987482070923,-0.23954139649868011,0.9560953974723816,-1.0013535022735596,0.9536577463150024,0.35123783349990845,-0.22744473814964294,1.0771653652191162,-1.0880260467529297,0.7917416095733643
0.16900679469108582,-0.39151573181152344,0.7779577970504761,0.12460270524024963,0.12673163414001465,-0.7077001929283142,0.6837935447692871,0.20539268851280212,0.010349396616220474,-0.28661856055259705,1.3397252559661865,-0.295937716960907,7.00544067200326e-11,-0.0430423766374588,1.2587711811065674,0.48328858613967896,-0.22196722030639648,0.9343096017837524,-1.039025068283081,0.9557162523269653,0.3510948121547699,-0.2221193015575409,1.0387295484542847,-1.103795051574707,0.813017725944519
0.1687203347682953,-0.39422154426574707,0.7758539319038391,0.11415233463048935,0.11894295364618301,-0.7150190472602844,0.6793891191482544,0.251961350440979,0.006727107334882021,-0.4289058744907379,1.3534157276153564,-0.29901620745658875,4.5535370613025705e-11,-0.06758331507444382,1.2548950910568237,0.5137023329734802,-0.20097878575325012,0.9001412391662598,-1.0739130973815918,0.9556814432144165,0.3534244894981384,-0.21157264709472656,0.992362916469574,-1.1173505783081055,0.8312150239944458
0.16904933750629425,-0.39662832021713257,0.774954080581665,0.10096325725317001,0.10860062390565872,-0.7166158556938171,0.6815233826637268,0.3505062460899353,0.004372619558125734,-0.5570241212844849,1.4139281511306763,-0.31251734495162964,2.9597997663888265e-11,-0.08002327382564545,1.2465860843658447,0.5422393083572388,-0.17883217334747314,0.8532916903495789,-1.1013998985290527,0.955837607383728,0.3602827489376068,-0.19569630920886993,0.93986976146698,-1.1287442445755005,0.8474977016448975
0.16956007480621338,-0.3988528251647949,0.7740195393562317,0.0861479714512825,0.09769558161497116,-0.7108139395713806,0.6912146806716919,0.47729790210723877,0.0028422025498002768,-0.6490089297294617,1.5077288150787354,-0.3453581929206848,8.11368299764581e-05,-0.07713848352432251,1.2322263717651367,0.570298969745636,-0.15763086080551147,0.8058468699455261,-1.1257184743881226,0.9581440687179565,0.3684934377670288,-0.17892801761627197,0.889340877532959,-1.1384053230285645,0.8643983602523804
0.16991941630840302,-0.4014345407485962,0.772478461265564,0.07204237580299377,0.08729589730501175,-0.6999050378799438,0.70521080493927,0.6030976176261902,0.0018474316457286477,-0.717592716217041,1.615846872329712,-0.3919823169708252,0.00015413844084832817,-0.06407441198825836,1.2171058654785156,0.5970580577850342,-0.14018113911151886,0.7662556171417236,-1.1487956047058105,0.961666464805603,0.3745143711566925,-0.16268722712993622,0.8473156690597534,-1.1497613191604614,0.8844746351242065
0.17043571174144745,-0.40443938970565796,0.771138072013855,0.059522535651922226,0.07766453176736832,-0.6844608783721924,0.7224531173706055,0.7131370902061462,0.001200830563902855,-0.7689717411994934,1.7226169109344482,-0.437850683927536,0.00010044348164228722,-0.05122250318527222,1.2052788734436035,0.6226160526275635,-0.128429114818573,0.7330241799354553,-1.166995882987976,0.9661502838134766,0.3751331567764282,-0.14371588826179504,0.8160911798477173,-1.1680763959884644,0.9058722257614136
0.17151592671871185,-0.40681684017181396,0.7713685631752014,0.04720816761255264,0.0679011344909668,-0.6632348299026489,0.7438281774520874,0.802544116973877,0.000780539819970727,-0.805637001991272,1.8167895078659058,-0.48814910650253296,6.528889207402244e-05,-0.03646797314286232,1.1937196254730225,0.6490530371665955,-0.12145665287971497,0.7030891180038452,-1.1798999309539795,0.9719735980033875,0.3673992455005646,-0.11856814473867416,0.798284649848938,-1.2153289318084717,0.9201216101646423
0.17086456716060638,-0.4100433886051178,0.7472212314605713,0.038772761821746826,0.07839412987232208,-0.6310902237892151,0.7707633376121521,0.5578336119651794,0.028264326974749565,-0.724680483341217,1.8339219093322754,-0.47326016426086426,4.243777948431671e-05,-0.05454402416944504,1.3156852722167969,0.683485209941864,-0.1161721870303154,0.8007965683937073,-1.3182233572006226,0.9973879456520081,0.35794544219970703,-0.1581714153289795,0.8457049131393433,-1.371781349182129,0.9407334923744202
0.17004674673080444,-0.40832942724227905,0.7312170267105103,0.02767336182296276,0.08741848915815353,-0.5929995179176331,0.7999649047851562,0.4039689898490906,0.035339560359716415,-0.6760480999946594,1.8499352931976318,-0.45131075382232666,2.7584555937210098e-05,-0.06793226301670074,1.350000023841858,0.7037124037742615,-0.12374124675989151,0.8749383091926575,-1.3864949941635132,1.014627456665039,0.3287198543548584,-0.18302461504936218,0.8863474130630493,-1.4709277153015137,0.9528509378433228
0.16769583523273468,-0.40469980239868164,0.7209793329238892,0.012538165785372257,0.09029175341129303,-0.5530162453651428,0.8281685709953308,0.29762130975723267,0.036994073539972305,-0.6557995080947876,1.869776964187622,-0.43732574582099915,1.7929960449691862e-05,-0.07464943826198578,1.350000023841858,0.7197239398956299,-0.13272495567798615,0.9250568151473999,-1.4187813997268677,1.0258160829544067,0.28764069080352783,-0.19456057250499725,0.9136573076248169,-1.5426896810531616,0.9587270617485046
0.16356226801872253,-0.4002734422683716,0.7159592509269714,-0.0053285700269043446,0.08793327212333679,-0.515953779220581,0.8520745038986206,0.2093089073896408,0.04017715901136398,-0.6576225757598877,1.8935059309005737,-0.432031512260437,1.3849016795575153e-05,-0.07510267943143845,1.350000023841858,0.7328938245773315,-0.13659264147281647,0.9582998156547546,-1.4393165111541748,1.0331286191940308,0.2381407618522644,-0.1982881873846054,0.932000994682312,-1.6182804107666016,0.9603595733642578
0.1590641438961029,-0.3961198329925537,0.7122056484222412,-0.022863933816552162,0.08333149552345276,-0.48496970534324646,0.8702514171600342,0.13116081058979034,0.0447513684630394,-0.6701796650886536,1.9196197986602783,-0.4271649718284607,9.002134902402759e-06,-0.07606205344200134,1.3486251831054688,0.7434953451156616,-0.13824081420898438,0.9813269376754761,-1.454416275024414,1.0378825664520264,0.18602082133293152,-0.19981476664543152,0.9402153491973877,-1.6959190368652344,0.9580155611038208
0.15517985820770264,-0.39279526472091675,0.7089979648590088,-0.038952190428972244,0.07804390043020248,-0.4608236849308014,0.8831949830055237,0.06144534796476364,0.05116090178489685,-0.6844280958175659,1.9472839832305908,-0.41997721791267395,5.8513874137133826e-06,-0.07942315936088562,1.3369858264923096,0.7528557181358337,-0.13946670293807983,0.9964100122451782,-1.4653739929199219,1.0409597158432007,0.13704945147037506,-0.20280617475509644,0.9452018737792969,-1.7694165706634521,0.9481803178787231
0.15191128849983215,-0.3898414969444275,0.7060782313346863,-0.053784117102622986,0.07264906167984009,-0.44290897250175476,0.8919983506202698,-0.0067421309649944305,0.060840949416160583,-0.6930398941040039,1.9757912158966064,-0.41415008902549744,3.8034015688026557e-06,-0.08230909705162048,1.3205212354660034,0.7595382928848267,-0.13896703720092773,1.0065174102783203,-1.4742909669876099,1.0429686307907104,0.09431923180818558,-0.2083960771560669,0.9481164216995239,-1.842573881149292,0.9310557842254639
0.14964357018470764,-0.38744595646858215,0.7024948596954346,-0.06668996065855026,0.0681132972240448,-0.4309402406215668,0.8973312973976135,-0.07272107154130936,0.06817791610956192,-0.693933367729187,2.0034332275390625,-0.40670323371887207,2.4722110083530424e-06,-0.08620914816856384,1.3040322065353394,0.764957070350647,-0.1392863392829895,1.0147666931152344,-1.484786033630371,1.0442914962768555,0.059169165790081024,-0.21617861092090607,0.9537151455879211,-1.9089213609695435,0.9079568386077881
0.14837124943733215,-0.38570037484169006,0.6983675360679626,-0.07783536612987518,0.06504452228546143,-0.4233308434486389,0.9002788066864014,-0.13104355335235596,0.07045377045869827,-0.6877151727676392,2.029430866241455,-0.39431309700012207,1.6069370758486912e-06,-0.0908312052488327,1.2909865379333496,0.767914891242981,-0.13898691534996033,1.021402359008789,-1.4978680610656738,1.0452101230621338,0.029108647257089615,-0.2256242334842682,0.9694736003875732,-1.9788572788238525,0.8835541009902954
0.14777986705303192,-0.38425618410110474,0.694645881652832,-0.0872432217001915,0.06327459961175919,-0.4190185070037842,0.9015588760375977,-0.18314093351364136,0.06706253439188004,-0.676281213760376,2.05509877204895,-0.3828761577606201,4.76627337775426e-06,-0.09399294853210449,1.2818756103515625,0.7695338129997253,-0.13870170712471008,1.025652527809143,-1.509340763092041,1.0457884073257446,0.003128133714199066,-0.23555374145507812,0.9884530305862427,-2.0431067943573,0.8519067764282227
0.1478666216135025,-0.3829540014266968,0.6909160614013672,-0.09483198821544647,0.06302516907453537,-0.41766446828842163,0.9014383554458618,-0.22786004841327667,0.057763513177633286,-0.6591101884841919,2.07947039604187,-0.3740231394767761,7.543315405200701e-06,-0.09565947949886322,1.2758443355560303,0.7720075249671936,-0.13986210525035858,1.027692198753357,-1.5208135843276978,1.046185851097107,-0.018715977668762207,-0.24439877271652222,1.0105154514312744,-2.0938544273376465,0.8149081468582153
0.1485966593027115,-0.38168179988861084,0.6889898777008057,-0.10005620867013931,0.06426813453435898,-0.4189766049385071,0.9001761078834534,-0.26500385999679565,0.043435487896203995,-0.637004017829895,2.102038621902466,-0.3671572208404541,1.0131861017725896e-05,-0.09553977847099304,1.2727305889129639,0.7745110392570496,-0.14266540110111237,1.0268707275390625,-1.5313894748687744,1.046459674835205,-0.036807287484407425,-0.2502526044845581,1.0323683023452759,-2.129951238632202,0.7755491137504578
0.14978641271591187,-0.38066786527633667,0.6885314583778381,-0.10313469916582108,0.06675795465707779,-0.4223618507385254,0.8980630040168762,-0.2944965660572052,0.028497179970145226,-0.6093288064002991,2.1222617626190186,-0.36269667744636536,1.4452468349190895e-05,-0.09222088754177094,1.2719253301620483,0.7764018177986145,-0.14580869674682617,1.0239750146865845,-1.5394728183746338,1.046655535697937,-0.051904696971178055,-0.25412172079086304,1.0538060665130615,-2.1560583114624023,0.7373483180999756
0.1512138843536377,-0.3800119459629059,0.6886529922485352,-0.10409095883369446,0.07030350714921951,-0.42779991030693054,0.8951032161712646,-0.3157389461994171,0.018538476899266243,-0.5776715874671936,2.140021800994873,-0.35961782932281494,1.8516406271373853e-05,-0.08537629246711731,1.2735459804534912,0.7778375744819641,-0.149667888879776,1.0198826789855957,-1.5450551509857178,1.0468034744262695,-0.06491905450820923,-0.25670886039733887,1.0744624137878418,-2.1770734786987305,0.7022255659103394
0.1527930051088333,-0.37970227003097534,0.6891261339187622,-0.10288961231708527,0.0748920738697052,-0.4345472455024719,0.8916129469871521,-0.33012503385543823,0.012061362154781818,-0.5433982610702515,2.1528749465942383,-0.35841214656829834,1.8387214367976412e-05,-0.07727641612291336,1.2757490873336792,0.778877854347229,-0.15542146563529968,1.0153499841690063,-1.5480958223342896,1.046911597251892,-0.07625218480825424,-0.2584351599216461,1.096207618713379,-2.191068649291992,0.670953094959259
0.15413430333137512,-0.37946826219558716,0.689705491065979,-0.10002247244119644,0.07913998514413834,-0.44211992621421814,0.8878414034843445,-0.34038063883781433,0.007845483720302582,-0.5108572244644165,2.161088705062866,-0.3538323640823364,1.837981653807219e-05,-0.06757345795631409,1.2808802127838135,0.7788558006286621,-0.16224907338619232,1.0096015930175781,-1.5495426654815674,1.0469669103622437,-0.08460531383752823,-0.25956669449806213,1.1144758462905884,-2.202026844024658,0.6432604193687439
0.15819232165813446,-0.3812447190284729,0.7339367866516113,-0.10067765414714813,0.048802223056554794,-0.4584725499153137,0.8816378116607666,-0.10234258323907852,0.005099564325064421,-0.5482690334320068,2.2706329822540283,-0.52164226770401,1.1964824807364494e-05,-0.055544596165418625,1.2351771593093872,0.7811455130577087,-0.09198544174432755,0.848838210105896,-1.4363840818405151,0.9716143608093262,-0.11530263721942902,-0.2386089563369751,1.0458636283874512,-2.2736144065856934,0.7160359025001526
0.1598862111568451,-0.3818018436431885,0.7595313787460327,-0.09998153150081635,0.029805738478899002,-0.47410306334495544,0.8742663264274597,0.08426772803068161,0.0033147167414426804,-0.5692793130874634,2.3215248584747314,-0.6268677711486816,7.7771355790901e-06,-0.050071172416210175,1.2057784795761108,0.7826338410377502,-0.04755068197846413,0.7334471940994263,-1.3409228324890137,0.960473895072937,-0.16202066838741302,-0.22198009490966797,1.0107953548431396,-2.320465326309204,0.7602487802505493
0.16079355776309967,-0.382834792137146,0.7739487290382385,-0.09589530527591705,0.01658727414906025,-0.4906535744667053,0.8659030199050903,0.2190767526626587,0.0021545658819377422,-0.5774665474891663,2.3257343769073486,-0.7041174173355103,5.166415576240979e-06,-0.03651680052280426,1.2095668315887451,0.7836012840270996,-0.02417702227830887,0.6488161087036133,-1.2703266143798828,0.969538688659668,-0.2149588018655777,-0.19961366057395935,0.9902528524398804,-2.345876932144165,0.7953387498855591
0.1613980233669281,-0.3834950923919678,0.7820360660552979,-0.08641048520803452,0.008970409631729126,-0.5090861320495605,0.8563200235366821,0.33981063961982727,0.0014004678232595325,-0.5778623819351196,2.296274185180664,-0.7599092721939087,3.3581700336071663e-06,-0.020240459591150284,1.228142499923706,0.78423011302948,-0.02228093519806862,0.5895757675170898,-1.221533179283142,0.9762813448905945,-0.2631407380104065,-0.1635332703590393,0.9907882213592529,-2.360987663269043,0.8204157948493958
0.16176669299602509,-0.3834918737411499,0.7854139804840088,-0.0755724385380745,0.005727888084948063,-0.5268437266349792,0.846576452255249,0.44096413254737854,0.00091030407929793,-0.5882623195648193,2.255558729171753,-0.7996451258659363,2.182810476369923e-06,-0.011255310848355293,1.2561297416687012,0.7846388220787048,-0.03146212175488472,0.5556603074073792,-1.1943049430847168,0.9809077978134155,-0.3018757104873657,-0.1208418607711792,1.008542776107788,-2.365535020828247,0.8376224040985107
0.16205456852912903,-0.38294893503189087,0.7861611843109131,-0.06614154577255249,0.00521118612959981,-0.5428669452667236,0.8371938467025757,0.5176925659179688,0.0005916976369917393,-0.622497022151947,2.216035842895508,-0.8332620859146118,1.4188267414283473e-06,-0.017527300864458084,1.2824583053588867,0.7849044799804688,-0.04216866195201874,0.5415332913398743,-1.182339072227478,0.9838544130325317,-0.33141228556632996,-0.07792681455612183,1.0258185863494873,-2.366544008255005,0.8506567478179932
0.16307522356510162,-0.38228100538253784,0.7868120074272156,-0.05620325356721878,0.005869526881724596,-0.5578208565711975,0.8280353546142578,0.5867080688476562,0.00038460345240309834,-0.6527559161186218,2.1822125911712646,-0.8533926606178284,9.222373478223744e-07,-0.03224889561533928,1.312639832496643,0.7850771546363831,-0.055169060826301575,0.5327029228210449,-1.1712443828582764,0.9830541014671326,-0.3523862063884735,-0.029247567057609558,1.0325759649276733,-2.362032413482666,0.8515045046806335
0.16488216817378998,-0.38156700134277344,0.787138819694519,-0.04543031379580498,0.008908610790967941,-0.5691945552825928,0.8208984732627869,0.6591233611106873,0.0002499922411516309,-0.667759895324707,2.163317918777466,-0.846064567565918,5.994542675580306e-07,-0.0489981546998024,1.3310447931289673,0.7851894497871399,-0.07292129099369049,0.5293028354644775,-1.1571588516235352,0.9825202226638794,-0.3674255311489105,0.02033895067870617,1.0454139709472656,-2.3456711769104004,0.78471440076828
0.1683196872472763,-0.3800376355648041,0.7897294759750366,-0.03418631851673126,0.01624351739883423,-0.5746327042579651,0.8175356984138489,0.7525640726089478,0.00016249495092779398,-0.6653246283531189,2.1600613594055176,-0.8026399612426758,3.8964526538620703e-07,-0.07103956490755081,1.3258965015411377,0.785262405872345,-0.09615683555603027,0.5216570496559143,-1.1170231103897095,0.9840548038482666,-0.36464858055114746,0.06152430549263954,1.061587929725647,-2.3237974643707275,0.6838124990463257
0.17341738939285278,-0.3783743977546692,0.7956811189651489,-0.02290794812142849,0.022343244403600693,-0.5712675452232361,0.8201398253440857,0.8784283995628357,0.005857101641595364,-0.6541895270347595,2.1705949306488037,-0.7465283870697021,2.532694054480089e-07,-0.09761244058609009,1.3035244941711426,0.7853098511695862,-0.12140468508005142,0.4996543824672699,-1.0604239702224731,0.9792308807373047,-0.3314138650894165,0.088509701192379,1.044954776763916,-2.2713043689727783,0.5692421793937683
0.176796555519104,-0.3782680630683899,0.7993687391281128,-0.014710072427988052,0.021694820374250412,-0.5591912269592285,0.8286242485046387,1.0274832248687744,0.061326365917921066,-0.6377728581428528,2.190004825592041,-0.7179992198944092,1.6462510643577843e-07,-0.1305292695760727,1.2818135023117065,0.7853406667709351,-0.13257671892642975,0.4742538034915924,-1.0336694717407227,0.9643794298171997,-0.27417004108428955,0.10111477971076965,0.9896478652954102,-2.1645870208740234,0.46829938888549805
0.17840000987052917,-0.37693923711776733,0.8048281669616699,-0.004827124532312155,0.023931000381708145,-0.541960597038269,0.8400492668151855,1.1703840494155884,0.1441909670829773,-0.6351462006568909,2.202803134918213,-0.6747129559516907,1.0700631491999957e-07,-0.16244569420814514,1.2531447410583496,0.7853606939315796,-0.1476578414440155,0.44726303219795227,-0.9896096587181091,0.9572368860244751,-0.2055748850107193,0.11299394071102142,0.9326183795928955,-2.0503323078155518,0.40294745564460754
0.17805227637290955,-0.3754451274871826,0.8094689846038818,0.004892568103969097,0.026338638737797737,-0.5220246911048889,0.8525095582008362,1.3015470504760742,0.24231454730033875,-0.6430206298828125,2.2195889949798584,-0.6312621831893921,6.955410469799972e-08,-0.1914331018924713,1.2206599712371826,0.7853737473487854,-0.15883967280387878,0.4230782389640808,-0.9527243375778198,0.956453263759613,-0.12798769772052765,0.12254089117050171,0.8722600936889648,-1.9306020736694336,0.37319764494895935
0.18085835874080658,-0.3761381506919861,0.8244644403457642,0.02048039250075817,0.026804639026522636,-0.49936243891716003,0.865736186504364,1.4058923721313477,0.3645975589752197,-0.6957808136940002,2.2587690353393555,-0.565804660320282,4.521016805369982e-08,-0.2224123775959015,1.1250303983688354,0.7845113277435303,-0.17796403169631958,0.346587598323822,-0.8358650207519531,0.9881314635276794,-0.008522354066371918,0.15185314416885376,0.8041685819625854,-1.7671070098876953,0.46853387355804443
0.18065670132637024,-0.37990841269493103,0.827887773513794,0.031727056950330734,0.02744436450302601,-0.47984611988067627,0.8763492107391357,1.46330726146698,0.46416372060775757,-0.724700927734375,2.300018310546875,-0.5267643332481384,2.938660870199783e-08,-0.2430655062198639,1.0647367238998413,0.7838113307952881,-0.1862415373325348,0.31493043899536133,-0.8000744581222534,1.0088051557540894,0.07640527188777924,0.17489472031593323,0.7666783928871155,-1.645326852798462,0.5363543033599854
0.17615096271038055,-0.38593876361846924,0.8252170085906982,0.035248298197984695,0.02739173173904419,-0.45568570494651794,0.8890206813812256,1.4825035333633423,0.5434252619743347,-0.7403533458709717,2.3514232635498047,-0.49566423892974854,1.910129476812017e-08,-0.25554677844047546,1.0338383913040161,0.781920850276947,-0.183963805437088,0.32166844606399536,-0.8203532695770264,1.0222432613372803,0.1462251842021942,0.18206533789634705,0.7391086220741272,-1.556145191192627,0.5904855728149414
0.16693997383117676,-0.3947186768054962,0.8218580484390259,0.030274594202637672,0.031139178201556206,-0.425628662109375,0.9038550853729248,1.4393131732940674,0.5960044860839844,-0.753716230392456,2.4141769409179688,-0.46254098415374756,1.2415840799917532e-08,-0.2655850648880005,1.0302034616470337,0.7728433609008789,-0.1703832745552063,0.3626605272293091,-0.8586080074310303,1.0206499099731445,0.21510015428066254,0.16335240006446838,0.7034134864807129,-1.4773520231246948,0.6430546045303345
0.15471187233924866,-0.4092385470867157,0.8122304677963257,0.012382918037474155,0.03416348248720169,-0.39394858479499817,0.9184138774871826,1.3165791034698486,0.6152879595756531,-0.7655770778656006,2.454970359802246,-0.47711604833602905,1.0421396837045904e-05,-0.2823934853076935,1.0768976211547852,0.7640653848648071,-0.1261282116174698,0.4503523111343384,-0.954845130443573,0.9911103248596191,0.27827322483062744,0.11903919279575348,0.6393084526062012,-1.4243923425674438,0.6982681155204773
0.14279957115650177,-0.4249236583709717,0.8077672719955444,-0.0068955072201788425,0.04108186811208725,-0.35931116342544556,0.9322876334190369,1.1328715085983276,0.5786533951759338,-0.7881782054901123,2.4814860820770264,-0.5026880502700806,0.0183696486055851,-0.297800213098526,1.1377383470535278,0.7519657015800476,-0.08501091599464417,0.5303400754928589,-1.00734281539917,0.969314455986023,0.3171080946922302,0.06682076305150986,0.5716420412063599,-1.367662787437439,0.7470012903213501
0.13208994269371033,-0.4414762556552887,0.8065264225006104,-0.02909555658698082,0.04711759090423584,-0.3209468722343445,0.9454768896102905,0.8931417465209961,0.4847312569618225,-0.8224613666534424,2.4987213611602783,-0.5334993600845337,0.06645864993333817,-0.31204819679260254,1.2266546487808228,0.7410719394683838,-0.04045931622385979,0.603240966796875,-1.0361071825027466,0.9496888518333435,0.33654114603996277,0.007078453898429871,0.49481046199798584,-1.3043828010559082,0.7882322072982788
0.1234186440706253,-0.45841872692108154,0.8072415590286255,-0.05202561989426613,0.0497969426214695,-0.2800268232822418,0.9572871327400208,0.6256306767463684,0.3647816777229309,-0.8541103601455688,2.5099244117736816,-0.5457072257995605,0.14280980825424194,-0.323792964220047,1.3464550971984863,0.7326861619949341,0.004019400104880333,0.6624473333358765,-1.0487858057022095,0.9317904710769653,0.34125617146492004,-0.05196939781308174,0.40934646129608154,-1.232118844985962,0.8229146003723145
0.11751358211040497,-0.47416019439697266,0.8084069490432739,-0.07323436439037323,0.05011720582842827,-0.24806907773017883,0.9646692276000977,0.36381322145462036,0.25631988048553467,-0.8566461801528931,2.5143213272094727,-0.48075658082962036,0.23324084281921387,-0.31651607155799866,1.350000023841858,0.7327296137809753,0.04610740765929222,0.7073194980621338,-1.0544536113739014,0.921552836894989,0.33487796783447266,-0.10496895015239716,0.3216721713542938,-1.152711272239685,0.855014443397522
0.11189484596252441,-0.4876364469528198,0.8077073097229004,-0.09032918512821198,0.0470779612660408,-0.24041888117790222,0.9653097987174988,0.11067767441272736,0.16709116101264954,-0.7490948438644409,2.463491439819336,-0.2978832423686981,0.2904271185398102,-0.33767348527908325,1.350000023841858,0.745907723903656,0.08752808719873428,0.7425926327705383,-1.068965196609497,0.907960057258606,0.307971715927124,-0.14597618579864502,0.2454955279827118,-1.0716910362243652,0.8842549920082092
0.10664570331573486,-0.4990106225013733,0.806810736656189,-0.10096722841262817,0.043335381895303726,-0.24095380306243896,0.9642971158027649,-0.07962920516729355,0.10863880813121796,-0.6240344047546387,2.3793904781341553,-0.09077508002519608,0.2918812334537506,-0.3756588101387024,1.350000023841858,0.7533441781997681,0.12139561772346497,0.7631123065948486,-1.0815017223358154,0.9164409041404724,0.2759900391101837,-0.17459478974342346,0.18893028795719147,-1.008240818977356,0.9132983684539795
0.09815359860658646,-0.5077980160713196,0.8054067492485046,-0.09684836119413376,0.04233545809984207,-0.26431575417518616,0.9586267471313477,-0.22613826394081116,0.07061528414487839,-0.45096561312675476,2.2311978340148926,0.14896179735660553,0.18992240726947784,-0.481406569480896,1.350000023841858,0.7413641214370728,0.1384667158126831,0.7613357305526733,-1.090746521949768,0.9138656854629517,0.21982966363430023,-0.17969800531864166,0.177614226937294,-0.9671527147293091,0.9326839447021484
0.09223394095897675,-0.5133009552955627,0.7991036176681519,-0.0907590240240097,0.038218624889850616,-0.29179856181144714,0.9513967037200928,-0.3497005105018616,0.04589993134140968,-0.328834593296051,2.1109304428100586,0.3131014406681061,0.12345005571842194,-0.5690819025039673,1.350000023841858,0.7410924434661865,0.1477561593055725,0.7643845081329346,-1.1258594989776611,0.9371083974838257,0.18012768030166626,-0.1737930029630661,0.1828334629535675,-0.9725819826126099,0.9610511064529419
0.08590126037597656,-0.5158590078353882,0.7708748579025269,-0.0607776902616024,0.05634058266878128,-0.3464893400669098,0.9343858957290649,-0.3501462936401367,0.02983495406806469,-0.37820154428482056,2.015813112258911,0.2886824309825897,0.080253005027771,-0.5603834390640259,1.350000023841858,0.7125176191329956,0.10519423335790634,0.8594399690628052,-1.328857183456421,0.9749072194099426,0.15157262980937958,-0.15702350437641144,0.3743424117565155,-1.2029407024383545,0.985009491443634
0.07995019853115082,-0.5143105983734131,0.7506955862045288,-0.03792780637741089,0.07910583168268204,-0.3966004550457001,0.9137898087501526,-0.3422130048274994,0.019406551495194435,-0.3985832929611206,1.9371057748794556,0.2934134602546692,0.05218127369880676,-0.5562471747398376,1.350000023841858,0.6636772155761719,0.08423129469156265,0.9442486763000488,-1.4592182636260986,0.9999688267707825,0.14418908953666687,-0.1602325141429901,0.5303745269775391,-1.3452932834625244,0.9966648817062378
0.07613575458526611,-0.5119115710258484,0.7299856543540955,-0.02168906293809414,0.08943584561347961,-0.4445019066333771,0.8910381197929382,-0.35114702582359314,0.012911074794828892,-0.40568962693214417,1.8720898628234863,0.29465383291244507,0.03463967144489288,-0.5448487997055054,1.350000023841858,0.6281189322471619,0.07628291845321655,0.9976078271865845,-1.58322012424469,1.0115329027175903,0.15037447214126587,-0.1568184792995453,0.6375466585159302,-1.4712271690368652,1.004638910293579
0.07482511550188065,-0.5059108734130859,0.7190929651260376,-0.004669377114623785,0.10763902962207794,-0.4926224946975708,0.8635479807853699,-0.3497418761253357,0.008412409573793411,-0.391937255859375,1.8072797060012817,0.29982712864875793,0.022920139133930206,-0.5137820243835449,1.350000023841858,0.5746521353721619,0.07086935639381409,1.034773588180542,-1.6407108306884766,1.0192769765853882,0.14979203045368195,-0.16397400200366974,0.7336305379867554,-1.5256545543670654,1.001348614692688
0.07505104690790176,-0.4967365860939026,0.7140008211135864,0.009021459147334099,0.12274827808141708,-0.538361132144928,0.8336778283119202,-0.3483298718929291,0.005490971729159355,-0.36287224292755127,1.7453250885009766,0.2676197290420532,0.02275797165930271,-0.4673530161380768,1.350000023841858,0.5293958187103271,0.06817211210727692,1.0517598390579224,-1.6666114330291748,1.02170991897583,0.14019015431404114,-0.17317479848861694,0.8087770938873291,-1.5410964488983154,0.9957762956619263
0.0765676349401474,-0.4849555194377899,0.7169033288955688,0.02514609880745411,0.14831942319869995,-0.576113760471344,0.8034064173698425,-0.3028671145439148,0.0035691314842551947,-0.291240394115448,1.672602891921997,0.2164754718542099,0.01631823740899563,-0.3663244843482971,1.350000023841858,0.46001172065734863,0.07892914861440659,1.0791329145431519,-1.6371550559997559,1.0306074619293213,0.08209351450204849,-0.1773727983236313,0.8844378590583801,-1.4909436702728271,0.9995726346969604
0.07903563231229782,-0.475293904542923,0.7199335694313049,0.031450383365154266,0.1665937602519989,-0.6072187423706055,0.7762362957000732,-0.24271270632743835,0.002319935942068696,-0.22012925148010254,1.6118252277374268,0.17662325501441956,0.018187589943408966,-0.25338488817214966,1.350000023841858,0.4229317903518677,0.0899374932050705,1.0964421033859253,-1.6142127513885498,1.0221304893493652,0.028028644621372223,-0.1873103678226471,0.9239445328712463,-1.438827633857727,1.0055608749389648
0.08102642744779587,-0.46813541650772095,0.7220363616943359,0.03186606988310814,0.18004614114761353,-0.6310155391693115,0.7539147138595581,-0.19464576244354248,0.0015079582808539271,-0.15634548664093018,1.5540800094604492,0.14568068087100983,0.01938057318329811,-0.13987065851688385,1.350000023841858,0.40665507316589355,0.10066886991262436,1.1117969751358032,-1.5987887382507324,1.0077970027923584,-0.017420627176761627,-0.20220208168029785,0.9405196309089661,-1.3922051191329956,1.0166987180709839
0.08187766373157501,-0.46290677785873413,0.7234575152397156,0.031135447323322296,0.18900734186172485,-0.6480971574783325,0.7370731830596924,-0.17205063998699188,0.0009801728883758187,-0.09427925944328308,1.4985936880111694,0.1148967444896698,0.012658927589654922,-0.03612721711397171,1.350000023841858,0.39738965034484863,0.10865255445241928,1.124959111213684,-1.5895466804504395,0.9921373128890991,-0.05098505690693855,-0.21610036492347717,0.9454319477081299,-1.358144760131836,1.0272576808929443
0.0814812108874321,-0.4593459367752075,0.7226076722145081,0.030313029885292053,0.19304491579532623,-0.6606714725494385,0.7247951626777649,-0.16449661552906036,0.0006371123599819839,-0.04006754979491234,1.4517359733581543,0.08924654871225357,0.008228477090597153,0.04658536612987518,1.350000023841858,0.39398783445358276,0.11402760446071625,1.1342885494232178,-1.5896341800689697,0.98365318775177,-0.07272450625896454,-0.22856467962265015,0.9466465711593628,-1.3531758785247803,1.0335795879364014
0.08012275397777557,-0.4565393328666687,0.7200441956520081,0.031008023768663406,0.1946411281824112,-0.6700078248977661,0.7157114148139954,-0.15651530027389526,0.0004141230310779065,0.005098160356283188,1.415391206741333,0.07171861827373505,0.005348531063646078,0.10669642686843872,1.350000023841858,0.39022526144981384,0.11902149766683578,1.144909381866455,-1.602109670639038,0.9782966375350952,-0.08767013251781464,-0.23711524903774261,0.9503048658370972,-1.3672363758087158,1.0381327867507935
0.07816095650196075,-0.45412737131118774,0.7169588208198547,0.03406473621726036,0.19450713694095612,-0.677785336971283,0.7082468271255493,-0.15066978335380554,0.00026917996001429856,0.03920532763004303,1.3877967596054077,0.06201554089784622,0.0034765542950481176,0.14555583894252777,1.350000023841858,0.3794018030166626,0.12314848601818085,1.158744215965271,-1.6259253025054932,0.9707881808280945,-0.09550672024488449,-0.2397819459438324,0.9564523696899414,-1.3889844417572021,1.0411250591278076
0.07580241560935974,-0.4520350694656372,0.713892936706543,0.039459098130464554,0.19372068345546722,-0.6839542984962463,0.7022262811660767,-0.14834286272525787,0.00017496696091257036,0.05986424535512924,1.3648651838302612,0.06559053063392639,0.0022597601637244225,0.16458876430988312,1.350000023841858,0.36091408133506775,0.12636685371398926,1.1770566701889038,-1.6552621126174927,0.9610320329666138,-0.0945497378706932,-0.23924370110034943,0.9639227390289307,-1.4118592739105225,1.0432127714157104
0.07298708707094193,-0.4504035413265228,0.7112703323364258,0.04662233963608742,0.19220870733261108,-0.6880612969398499,0.6981789469718933,-0.1520310938358307,0.00011372852168278769,0.06814943999052048,1.3446091413497925,0.07244214415550232,0.0014688472729176283,0.17639252543449402,1.350000023841858,0.3374897837638855,0.12726253271102905,1.197033405303955,-1.6869714260101318,0.9464423656463623,-0.08781068027019501,-0.23472948372364044,0.9725362062454224,-1.432835340499878,1.044586420059204
0.07012134790420532,-0.44909870624542236,0.7096009850502014,0.0546787828207016,0.19065287709236145,-0.6900798082351685,0.696025550365448,-0.1603623926639557,7.392353290924802e-05,0.06462515890598297,1.326698899269104,0.08315251767635345,0.0009547550580464303,0.1861155778169632,1.350000023841858,0.3112219572067261,0.12788516283035278,1.2176533937454224,-1.7194172143936157,0.9280225038528442,-0.07606551796197891,-0.2297178953886032,0.98008793592453,-1.447279691696167,1.045490026473999
0.06726434826850891,-0.4478227496147156,0.7090713381767273,0.06273142993450165,0.1889759600162506,-0.6908096671104431,0.69507896900177,-0.16643166542053223,4.805029311683029e-05,0.05370655655860901,1.3140952587127686,0.09185007214546204,0.0006206009420566261,0.20001643896102905,1.350000023841858,0.2867570221424103,0.1285592019557953,1.233593463897705,-1.7470213174819946,0.9084179401397705,-0.061796851456165314,-0.22518715262413025,0.9853150844573975,-1.4539324045181274,1.0460760593414307
0.0632246658205986,-0.4461665749549866,0.7359955310821533,0.018338661640882492,0.14412611722946167,-0.7081554532051086,0.6909465789794922,-0.40079569816589355,3.1232688343152404e-05,0.010792853310704231,1.270969033241272,0.321262925863266,0.2175864428281784,0.2610522508621216,1.350000023841858,0.35030388832092285,0.1775827407836914,1.0769870281219482,-1.6935420036315918,0.8113587498664856,-0.06110724061727524,-0.2177433967590332,0.8385058045387268,-1.3961399793624878,0.9545015692710876
0.05989907681941986,-0.4445742666721344,0.7527282238006592,-0.011187074705958366,0.1170010194182396,-0.7156294584274292,0.6885203123092651,-0.5580184459686279,2.030124596785754e-05,-0.02808334305882454,1.2524034976959229,0.5177871584892273,0.4072653353214264,0.3012976348400116,1.350000023841858,0.409502774477005,0.21094046533107758,0.9858808517456055,-1.6443371772766113,0.7592226266860962,-0.05476321652531624,-0.21447822451591492,0.7391633987426758,-1.342099905014038,0.9019939303398132
0.05811385437846184,-0.44333887100219727,0.7669739723205566,-0.02687903866171837,0.10464474558830261,-0.7157260179519653,0.6899734139442444,-0.6639615893363953,1.319580951530952e-05,-0.07729503512382507,1.2765440940856934,0.743157148361206,0.6243739128112793,0.300761878490448,1.350000023841858,0.485465943813324,0.21606352925300598,0.939185380935669,-1.5709950923919678,0.7389036417007446,-0.04330071434378624,-0.20962944626808167,0.6697025299072266,-1.2676082849502563,0.8751659393310547
0.05694467946887016,-0.44389164447784424,0.7740818858146667,-0.036875881254673004,0.09635712206363678,-0.7094992399215698,0.6971127986907959,-0.7458363771438599,8.577276275900658e-06,-0.12016429007053375,1.3183889389038086,0.9519978761672974,0.8193961977958679,0.25299495458602905,1.350000023841858,0.5762662887573242,0.20108452439308167,0.9159616231918335,-1.5057837963104248,0.7496702075004578,-0.022280296310782433,-0.1994512379169464,0.6155136227607727,-1.2078142166137695,0.8845499753952026
0.05728055536746979,-0.4469946026802063,0.7736488580703735,-0.045048099011182785,0.08170658349990845,-0.6993101239204407,0.7087031006813049,-0.826316237449646,5.575229351961752e-06,-0.1501939594745636,1.3701715469360352,1.1441659927368164,0.9705609083175659,0.17300711572170258,1.350000023841858,0.6494566202163696,0.18427415192127228,0.8876403570175171,-1.479102373123169,0.7786070704460144,0.007316869683563709,-0.17235304415225983,0.566189169883728,-1.1920325756072998,0.9194062948226929
0.05442163348197937,-0.4510956406593323,0.7581157088279724,-0.023664498701691628,0.10478682070970535,-0.6910220980644226,0.7148064374923706,-0.6362197399139404,3.6238989196135662e-06,-0.14899854362010956,1.4843616485595703,0.8418796062469482,0.6791443824768066,0.1638072431087494,1.350000023841858,0.6568715572357178,0.13611866533756256,0.9488041400909424,-1.499670386314392,0.8724405765533447,0.03798837587237358,-0.201742023229599,0.6366198062896729,-1.2746264934539795,0.9571645259857178
0.052350111305713654,-0.45385974645614624,0.744478166103363,-0.011868354864418507,0.11896111816167831,-0.6814119815826416,0.722070038318634,-0.49333709478378296,2.355534206799348e-06,-0.1441434621810913,1.5489948987960815,0.6470626592636108,0.48540765047073364,0.1779889166355133,1.350000023841858,0.6667701601982117,0.1049194186925888,0.9959731101989746,-1.5245137214660645,0.9273931384086609,0.056957632303237915,-0.21870899200439453,0.692747950553894,-1.3426508903503418,0.9790551662445068
0.051388271152973175,-0.4558597505092621,0.7348899245262146,-0.005886272992938757,0.12735615670681,-0.6722967624664307,0.7292206287384033,-0.38178786635398865,1.5310971548387897e-06,-0.14230521023273468,1.5816540718078613,0.5189634561538696,0.3574560582637787,0.20617038011550903,1.350000023841858,0.6808916330337524,0.08175055682659149,1.0271551609039307,-1.5386686325073242,0.9614076614379883,0.06583722680807114,-0.22615107893943787,0.7398993968963623,-1.3871979713439941,0.9895183444023132
0.051702648401260376,-0.4577035903930664,0.7277896404266357,-0.003482981352135539,0.13270020484924316,-0.6649670600891113,0.7349812388420105,-0.2875678241252899,9.952130994861363e-07,-0.14551550149917603,1.592844009399414,0.42893704771995544,0.2719755470752716,0.2423195242881775,1.350000023841858,0.7008752822875977,0.06350130587816238,1.0466679334640503,-1.5463645458221436,0.9848024845123291,0.0647721067070961,-0.2270244061946869,0.7843589782714844,-1.4169018268585205,0.993679404258728
0.053152360022068024,-0.45879068970680237,0.7218133211135864,-0.0024413743522018194,0.13673269748687744,-0.661010205745697,0.7378100156784058,-0.21067890524864197,6.468885089816467e-07,-0.1516529768705368,1.58634614944458,0.35428133606910706,0.21647381782531738,0.2864363491535187,1.350000023841858,0.7197816371917725,0.05025450885295868,1.0585042238235474,-1.5539467334747314,1.0014305114746094,0.054132163524627686,-0.22296811640262604,0.830036997795105,-1.4386792182922363,0.993891716003418
0.055550627410411835,-0.4590666890144348,0.7159141302108765,-0.0020491555333137512,0.14038492739200592,-0.6621540188789368,0.7360977530479431,-0.1396617442369461,4.204775052585319e-07,-0.16060957312583923,1.5683684349060059,0.283230721950531,0.1801012009382248,0.3368666172027588,1.350000023841858,0.7314118146896362,0.044770777225494385,1.0669386386871338,-1.5668189525604248,1.012453317642212,0.03262677788734436,-0.21668261289596558,0.8758993148803711,-1.458799123764038,0.9918062090873718
0.05786684527993202,-0.4593559503555298,0.710530161857605,-0.00043447728967294097,0.14454057812690735,-0.6673981547355652,0.7305392622947693,-0.06329281628131866,2.7331037699696026e-07,-0.1800765097141266,1.540642261505127,0.22384080290794373,0.14437106251716614,0.3841223120689392,1.350000023841858,0.7396022081375122,0.038647931069135666,1.0750534534454346,-1.577472448348999,1.0183902978897095,0.0025619398802518845,-0.21006888151168823,0.9222714304924011,-1.4739110469818115,0.9894339442253113
0.05975682660937309,-0.45969873666763306,0.7031685709953308,0.0029760648030787706,0.14906011521816254,-0.6763110160827637,0.7213706970214844,0.02137034758925438,1.7765174220585322e-07,-0.20797467231750488,1.502761960029602,0.1885833442211151,0.09843109548091888,0.41685378551483154,1.350000023841858,0.7399395108222961,0.03377362713217735,1.0850670337677002,-1.5902323722839355,1.0228403806686401,-0.0376601442694664,-0.20093318819999695,0.9655973315238953,-1.5103713274002075,0.9886573553085327
0.06212257966399193,-0.45782387256622314,0.6973719000816345,0.00804034061729908,0.15274788439273834,-0.6915286183357239,0.7059685587882996,0.10279987007379532,1.1547362532837724e-07,-0.2361452430486679,1.4571806192398071,0.15557707846164703,0.0639859214425087,0.44005316495895386,1.350000023841858,0.7401857376098633,0.026188276708126068,1.0930558443069458,-1.5973694324493408,1.0242805480957031,-0.08643902838230133,-0.1881471574306488,0.9978584051132202,-1.5476648807525635,0.986922025680542
0.06578035652637482,-0.4533799886703491,0.6960732936859131,0.013494860380887985,0.15491549670696259,-0.7117468118667603,0.6850076913833618,0.17068567872047424,7.505785504235973e-08,-0.2487388551235199,1.4097278118133545,0.11398660391569138,0.041590847074985504,0.4541727602481842,1.350000023841858,0.7402718663215637,0.017513543367385864,1.0967310667037964,-1.5972349643707275,1.0246334075927734,-0.13393597304821014,-0.17563124001026154,1.0138654708862305,-1.576265573501587,0.9811618328094482
0.07014906406402588,-0.44814836978912354,0.6965481042861938,0.018336908891797066,0.15489070117473602,-0.7335171103477478,0.6615325212478638,0.21328172087669373,4.878760506699109e-08,-0.2512684464454651,1.36402428150177,0.08020489662885666,0.027034049853682518,0.44583043456077576,1.350000023841858,0.7385849952697754,0.010674828663468361,1.099100947380066,-1.594099998474121,1.0236272811889648,-0.16926367580890656,-0.16748803853988647,1.0163826942443848,-1.5933821201324463,0.9751304388046265
0.07452261447906494,-0.4426781237125397,0.6977170705795288,0.02113431505858898,0.15222130715847015,-0.7554027438163757,0.6369840502738953,0.23984557390213013,3.171194151718737e-08,-0.25432464480400085,1.3337316513061523,0.04615116864442825,0.017572131007909775,0.4150450825691223,1.350000023841858,0.7388586401939392,0.009309085085988045,1.0950977802276611,-1.5922496318817139,1.0211074352264404,-0.18910762667655945,-0.1660752296447754,1.006117343902588,-1.5900957584381104,0.9700988531112671
0.07791513204574585,-0.4389585256576538,0.6995353698730469,0.022652022540569305,0.14904551208019257,-0.7760955691337585,0.6123299598693848,0.26453495025634766,2.0612761275629055e-08,-0.2523309290409088,1.3243281841278076,0.011014951393008232,0.011421884410083294,0.3715060353279114,1.350000023841858,0.7392548322677612,0.01245237234979868,1.0920923948287964,-1.5887328386306763,1.0184873342514038,-0.19528651237487793,-0.17147678136825562,0.9875478744506836,-1.5757510662078857,0.9729611873626709
0.07959749549627304,-0.43702733516693115,0.7026664018630981,0.024092329666018486,0.14584653079509735,-0.792946457862854,0.5910874009132385,0.28382614254951477,1.3398294029798308e-08,-0.2595909833908081,1.3325963020324707,-0.0025955336168408394,0.007424224633723497,0.3051165044307709,1.350000023841858,0.7369458079338074,0.013719858601689339,1.0928776264190674,-1.5817257165908813,1.015013337135315,-0.1872246265411377,-0.17995068430900574,0.9638309478759766,-1.5517332553863525,0.9865280389785767
0.08046810328960419,-0.4354988932609558,0.7059455513954163,0.024898698553442955,0.14162828028202057,-0.8071644902229309,0.5725443363189697,0.29445648193359375,8.708890497644006e-09,-0.2796875834465027,1.3594169616699219,-0.00728984409943223,0.0048257457092404366,0.22627651691436768,1.350000023841858,0.7333840131759644,0.013979497365653515,1.0925483703613281,-1.573007345199585,1.0114184617996216,-0.16582758724689484,-0.18958759307861328,0.9377434253692627,-1.5244684219360352,1.0004676580429077
0.08101610094308853,-0.4346439242362976,0.7083863019943237,0.026105770841240883,0.13722674548625946,-0.8190422654151917,0.5564684271812439,0.292160302400589,5.660778512606157e-09,-0.3077320456504822,1.3987200260162354,-0.009337907657027245,0.0031367347110062838,0.14569832384586334,1.350000023841858,0.7280745506286621,0.011334449052810669,1.0930110216140747,-1.5624113082885742,1.0093224048614502,-0.13337595760822296,-0.19928781688213348,0.9137668609619141,-1.5026352405548096,1.012266755104065
0.08329111337661743,-0.43818026781082153,0.7511470317840576,0.007619025651365519,0.11813988536596298,-0.8346132040023804,0.5379643440246582,0.2978629767894745,3.6795058111493972e-09,-0.478876531124115,1.6927142143249512,-0.14685288071632385,0.002038877457380295,-0.04122736304998398,1.350000023841858,0.7481377124786377,0.039968907833099365,0.9593186378479004,-1.386014461517334,0.9604746699333191,-0.10388752073049545,-0.19536519050598145,0.7024335265159607,-1.2443071603775024,1.0244932174682617
0.0839245617389679,-0.44190365076065063,0.785889208316803,-0.010159183293581009,0.10175049304962158,-0.8441911339759827,0.5261985659599304,0.2918247580528259,2.391678632918115e-09,-0.6016829013824463,1.853264570236206,-0.22709959745407104,0.0013252702774479985,-0.1780441701412201,1.350000023841858,0.7611787915229797,0.07080017775297165,0.8381282687187195,-1.2301208972930908,0.9586561918258667,-0.06811999529600143,-0.19466590881347656,0.525745689868927,-1.0376508235931396,1.0324405431747437
0.08369432389736176,-0.4450893998146057,0.8103883266448975,-0.024041451513767242,0.08946630358695984,-0.8495303392410278,0.5193418264389038,0.2905176281929016,1.5545910114767025e-09,-0.6778736710548401,1.9407312870025635,-0.25909367203712463,0.0008614256512373686,-0.28381311893463135,1.350000023841858,0.7696554660797119,0.09640118479728699,0.7476413249969482,-1.1136682033538818,0.9664431810379028,-0.027383971959352493,-0.19543811678886414,0.3931884467601776,-0.8857710361480713,1.0376062393188477
0.08306698501110077,-0.4474014639854431,0.8271716833114624,-0.035062409937381744,0.07958517223596573,-0.851918637752533,0.5164024233818054,0.289143443107605,1.0104841408065113e-09,-0.7234117984771729,1.9879181385040283,-0.26471155881881714,0.0005599266733042896,-0.3554118871688843,1.350000023841858,0.775165319442749,0.11805133521556854,0.6777765154838562,-1.0287175178527832,0.9778579473495483,0.017033522948622704,-0.19477608799934387,0.2903267741203308,-0.7668944597244263,1.0409640073776245
0.08195116370916367,-0.44907915592193604,0.8370769023895264,-0.04177713766694069,0.07460382580757141,-0.8524394035339355,0.5157868266105652,0.29525214433670044,6.568146582175416e-10,-0.759792149066925,2.002741575241089,-0.24659278988838196,0.0003639523347374052,-0.4021226167678833,1.350000023841858,0.7787467241287231,0.13412217795848846,0.6368685960769653,-0.9772567749023438,0.9879447221755981,0.06574996560811996,-0.19833561778068542,0.2254001945257187,-0.6877421140670776,1.0431466102600098
0.08083556592464447,-0.45070880651474,0.8414289355278015,-0.04318157210946083,0.0716395378112793,-0.8513982892036438,0.5178069472312927,0.3094380795955658,4.2692951951472935e-10,-0.7605524659156799,1.9808400869369507,-0.18992295861244202,0.00023656901612412184,-0.4131687581539154,1.350000023841858,0.7810746431350708,0.1390390694141388,0.6185876727104187,-0.9612879753112793,0.990269124507904,0.11329853534698486,-0.19922634959220886,0.19845902919769287,-0.654353141784668,1.044565200805664
0.08027683943510056,-0.4519016146659851,0.8395547866821289,-0.04011554643511772,0.07127147912979126,-0.8516575694084167,0.5176780223846436,0.3277825713157654,2.775041862967953e-10,-0.7600213289260864,1.9584448337554932,-0.11323230713605881,0.00015376985538750887,-0.42391470074653625,1.350000023841858,0.7801386713981628,0.13443268835544586,0.6259943246841431,-0.9824856519699097,0.9925702810287476,0.14916372299194336,-0.2005229890346527,0.21314187347888947,-0.6760827302932739,1.045487403869629
0.08027593046426773,-0.4534754753112793,0.831903338432312,-0.03431158885359764,0.07235252112150192,-0.8552060127258301,0.5120649337768555,0.3567273020744324,1.8037771276624426e-10,-0.7595685720443726,1.9397374391555786,-0.03429212048649788,9.995040454668924e-05,-0.4312179684638977,1.350000023841858,0.7659926414489746,0.12819021940231323,0.6531658172607422,-1.0421113967895508,0.997816801071167,0.1765563189983368,-0.20070266723632812,0.25820013880729675,-0.7440974116325378,1.0460867881774902
0.08131195604801178,-0.4557598829269409,0.8183852434158325,-0.028055239468812943,0.07305189222097397,-0.8628736734390259,0.499324768781662,0.3881586492061615,1.1724550497138608e-10,-0.7571845054626465,1.922682285308838,0.0424802303314209,6.496776040876284e-05,-0.43593209981918335,1.350000023841858,0.7545735836029053,0.11766716837882996,0.6972894072532654,-1.1296933889389038,1.0043559074401855,0.19818519055843353,-0.19674226641654968,0.3243589401245117,-0.8501161932945251,1.0464763641357422
0.08424261212348938,-0.45674929022789,0.8000459671020508,-0.02065279521048069,0.07241346687078476,-0.8735248446464539,0.4809199869632721,0.42561519145965576,7.620955949638741e-11,-0.75136399269104,1.9100086688995361,0.12259408831596375,4.2229043174302205e-05,-0.4417932629585266,1.350000023841858,0.7352041602134705,0.10126576572656631,0.7481074333190918,-1.2278025150299072,1.0059547424316406,0.21063819527626038,-0.188118115067482,0.4099440276622772,-0.9785231947898865,1.0399006605148315
0.08875125646591187,-0.45673006772994995,0.7798415422439575,-0.012110517360270023,0.06996718794107437,-0.8852254152297974,0.45971062779426575,0.46912574768066406,4.95362292851631e-11,-0.7371969223022461,1.9009463787078857,0.2067262828350067,2.7448877517599612e-05,-0.4482816159725189,1.350000023841858,0.7036105990409851,0.08148357272148132,0.7959610223770142,-1.321863055229187,1.0029127597808838,0.2120784968137741,-0.17326441407203674,0.5038309693336487,-1.1058688163757324,1.0265672206878662
0.0939837098121643,-0.4558911919593811,0.7608412504196167,-0.003521388629451394,0.06580442190170288,-0.895186185836792,0.4407936930656433,0.5155786871910095,3.219854938230071e-11,-0.7143467664718628,1.893585443496704,0.2943914532661438,1.7841770386439748e-05,-0.45393240451812744,1.350000023841858,0.6611564755439758,0.06082329526543617,0.8344002962112427,-1.4019445180892944,0.9977818727493286,0.20289701223373413,-0.15430918335914612,0.5927197933197021,-1.2154743671417236,1.012208104133606
0.10202912986278534,-0.45225444436073303,0.7529318928718567,0.016128601506352425,0.06708847731351852,-0.9022577404975891,0.42564061284065247,0.5852994918823242,2.0929048424878083e-11,-0.6819552779197693,1.882962703704834,0.3986956477165222,1.1597150660236366e-05,-0.46619462966918945,1.350000023841858,0.5560823082923889,0.04894554615020752,0.8816432356834412,-1.443021297454834,0.976921558380127,0.13742664456367493,-0.12222876399755478,0.6964017748832703,-1.279236078262329,0.9825144410133362
0.10947439074516296,-0.4480687975883484,0.7465074062347412,0.03408638387918472,0.0676470696926117,-0.906439483165741,0.41548702120780945,0.6560782790184021,1.3603883644575099e-11,-0.6523588299751282,1.8735392093658447,0.5034301280975342,7.5381476563052274e-06,-0.4800989627838135,1.350000023841858,0.447398841381073,0.04468750208616257,0.9266775846481323,-1.480059266090393,0.9501173496246338,0.05921095237135887,-0.07974380999803543,0.7862679958343506,-1.3347597122192383,0.9543170928955078
0.11534998565912247,-0.4441772401332855,0.7408182621002197,0.04840937256813049,0.06768143177032471,-0.9096013307571411,0.40706419944763184,0.7227417230606079,8.842519598484255e-12,-0.6243681907653809,1.8632986545562744,0.6024937629699707,4.8997958401741926e-06,-0.48602211475372314,1.350000023841858,0.3608911633491516,0.042239122092723846,0.9689350128173828,-1.5154558420181274,0.9164443016052246,-0.010669302195310593,-0.0396910160779953,0.8611611127853394,-1.3850758075714111,0.9234845638275146
0.11969172954559326,-0.4408681392669678,0.736179769039154,0.05940721929073334,0.06831012666225433,-0.9112424850463867,0.40179792046546936,0.7827611565589905,5.7476241648035664e-12,-0.5964874029159546,1.8548130989074707,0.6963808536529541,3.1848671824263874e-06,-0.4856424927711487,1.350000023841858,0.29750457406044006,0.040426768362522125,1.0077898502349854,-1.5446622371673584,0.8784103989601135,-0.06319423019886017,-0.008353423327207565,0.9226826429367065,-1.4270603656768799,0.8900970816612244
0.12286590784788132,-0.43797028064727783,0.7328068614006042,0.06689440459012985,0.06873981654644012,-0.9127298593521118,0.3971451222896576,0.8336184024810791,3.735942544907944e-12,-0.5668540000915527,1.8467535972595215,0.785499095916748,2.0701636458397843e-06,-0.47811219096183777,1.350000023841858,0.2547512650489807,0.039106547832489014,1.0404009819030762,-1.5684187412261963,0.8390129804611206,-0.10161542892456055,0.014097229577600956,0.9704670310020447,-1.4605562686920166,0.8559936285018921
0.12495598942041397,-0.4353398084640503,0.729871392250061,0.07215946912765503,0.06799550354480743,-0.915143609046936,0.3907451629638672,0.8803500533103943,2.4283719566448037e-12,-0.5424457788467407,1.8343989849090576,0.8652225732803345,1.7508210703454097e-06,-0.4587138891220093,1.350000023841858,0.23186016082763672,0.03604675829410553,1.0666536092758179,-1.5897347927093506,0.8036304712295532,-0.13440203666687012,0.031962476670742035,1.0090899467468262,-1.4896268844604492,0.8252144455909729
0.12612196803092957,-0.4327607750892639,0.7283368110656738,0.07546039670705795,0.06703924387693405,-0.9169842600822449,0.38594216108322144,0.9196274280548096,1.5784292275999867e-12,-0.5211704969406128,1.8191890716552734,0.9429910182952881,4.1613197936385404e-06,-0.43107229471206665,1.350000023841858,0.2214396595954895,0.03235818073153496,1.0845915079116821,-1.6036157608032227,0.7721671462059021,-0.16143780946731567,0.04446928948163986,1.036395788192749,-1.5104460716247559,0.7976927757263184
0.1269695907831192,-0.42980602383613586,0.7279528379440308,0.07861118763685226,0.06630098819732666,-0.9180791974067688,0.38282519578933716,0.9537941217422485,1.0259935262491027e-12,-0.5070204734802246,1.8031927347183228,1.0182266235351562,4.725327926280443e-06,-0.3979741930961609,1.350000023841858,0.21756860613822937,0.0278953704982996,1.0976064205169678,-1.6088178157806396,0.7473476529121399,-0.18694883584976196,0.05554567277431488,1.0577261447906494,-1.52195405960083,0.7748227715492249
0.12753218412399292,-0.426921546459198,0.7284893989562988,0.08088196814060211,0.06624637544155121,-0.9182239174842834,0.3820136785507202,0.9803591966629028,6.668927020857252e-13,-0.4946061074733734,1.7894630432128906,1.0872244834899902,0.0004490510036703199,-0.3664301633834839,1.350000023841858,0.2175496369600296,0.024301592260599136,1.1048468351364136,-1.6063008308410645,0.7310720086097717,-0.20558413863182068,0.061880409717559814,1.0703999996185303,-1.5232505798339844,0.7610104084014893
0.12780730426311493,-0.42455124855041504,0.7302428483963013,0.08132130652666092,0.06579791009426117,-0.9181687831878662,0.38213029503822327,0.9975852966308594,4.334745724258321e-13,-0.4861999750137329,1.7787244319915771,1.1515305042266846,0.0071556526236236095,-0.3410116732120514,1.350000023841858,0.22049036622047424,0.02138383314013481,1.1039659976959229,-1.5985324382781982,0.7191624641418457,-0.21696045994758606,0.06447091698646545,1.0727028846740723,-1.515934944152832,0.7524071335792542
0.12788166105747223,-0.422569215297699,0.7324379682540894,0.08073438704013824,0.06492714583873749,-0.9179301261901855,0.38297614455223083,1.0081310272216797,2.817664992386254e-13,-0.4841346740722656,1.7726043462753296,1.2137937545776367,0.015977833420038223,-0.32482510805130005,1.350000023841858,0.22380979359149933,0.019155796617269516,1.0983914136886597,-1.588960886001587,0.7122143507003784,-0.221617192029953,0.0643596202135086,1.0682990550994873,-1.503800630569458,0.7495577931404114
0.12774688005447388,-0.4208565354347229,0.7346913814544678,0.08027561753988266,0.06407568603754044,-0.9171284437179565,0.3851306140422821,1.0123885869979858,1.831521045936313e-13,-0.48526787757873535,1.7716631889343262,1.2772631645202637,0.022378653287887573,-0.31809207797050476,1.350000023841858,0.22463202476501465,0.017575347796082497,1.0913703441619873,-1.577927589416504,0.7105939984321594,-0.22066844999790192,0.0632011815905571,1.060644268989563,-1.4881091117858887,0.7528373003005981
0.12730512022972107,-0.4194211959838867,0.7372522354125977,0.07918623834848404,0.06290896236896515,-0.9159724712371826,0.3882865309715271,1.009986400604248,1.1905576622218278e-13,-0.4878529906272888,1.7703598737716675,1.3394553661346436,0.032423313707113266,-0.31336620450019836,1.350000023841858,0.22561421990394592,0.015559421852231026,1.081003189086914,-1.5660653114318848,0.7111244797706604,-0.21463768184185028,0.060873012989759445,1.0491082668304443,-1.4710705280303955,0.7574611902236938
0.12683728337287903,-0.4180387556552887,0.739886462688446,0.0772886797785759,0.06104546785354614,-0.9150713682174683,0.39108091592788696,1.0018439292907715,7.738453026160177e-14,-0.48994410037994385,1.7678959369659424,1.4001301527023315,0.048833638429641724,-0.30813512206077576,1.350000023841858,0.22734113037586212,0.01282837800681591,1.0669782161712646,-1.554704189300537,0.7145408391952515,-0.20720967650413513,0.05904267728328705,1.0342366695404053,-1.4545974731445312,0.7628529071807861
0.1263311356306076,-0.41657835245132446,0.7425136566162109,0.07513196766376495,0.05890656262636185,-0.9143654108047485,0.39347314834594727,0.9903730154037476,5.0298849287033764e-14,-0.49371233582496643,1.7675526142120361,1.4550949335098267,0.06523281335830688,-0.3046993911266327,1.350000023841858,0.2293451726436615,0.009774461388587952,1.050171971321106,-1.542306900024414,0.721050500869751,-0.2013421654701233,0.058671172708272934,1.0172241926193237,-1.4388153553009033,0.7697446346282959
0.1254628598690033,-0.415299654006958,0.7450315952301025,0.07273159176111221,0.05680718272924423,-0.9133585691452026,0.39655911922454834,0.9766420125961304,3.2683982609119436e-14,-0.5000064373016357,1.7698640823364258,1.504265546798706,0.07942413538694382,-0.30088043212890625,1.350000023841858,0.23065590858459473,0.006682306993752718,1.031713604927063,-1.530045986175537,0.7287710905075073,-0.19576263427734375,0.0589844211935997,0.9989125728607178,-1.4262986183166504,0.7763258218765259
0.1244129166007042,-0.41405272483825684,0.7478317618370056,0.07044072449207306,0.054837390780448914,-0.9118547439575195,0.40068933367729187,0.9619921445846558,2.1243330513187782e-14,-0.5072318911552429,1.7841081619262695,1.5433921813964844,0.08799088001251221,-0.296782910823822,1.350000023841858,0.23196575045585632,0.002747548744082451,1.0105361938476562,-1.5139927864074707,0.7378804087638855,-0.18937739729881287,0.06012397259473801,0.9789474010467529,-1.4130686521530151,0.7831553220748901
0.12288995087146759,-0.41305285692214966,0.7513142824172974,0.06830111891031265,0.05289510264992714,-0.9095842242240906,0.40644004940986633,0.948043942451477,1.3817191070767884e-14,-0.5102864503860474,1.8012892007827759,1.575840711593628,0.09243220835924149,-0.2929452061653137,1.350000023841858,0.23461583256721497,-0.0025164983235299587,0.9844788312911987,-1.4916071891784668,0.749174177646637,-0.1823326200246811,0.061951279640197754,0.9560654163360596,-1.3974895477294922,0.7899472713470459
0.12078503519296646,-0.41233497858047485,0.7541368007659912,0.06628870218992233,0.05193309485912323,-0.9060736298561096,0.4146557152271271,0.9314850568771362,8.983414598144612e-15,-0.5148475766181946,1.8434489965438843,1.5876421928405762,0.08781015872955322,-0.2915340065956116,1.350000023841858,0.23719577491283417,-0.006726836320012808,0.9591089487075806,-1.4685503244400024,0.764578104019165,-0.17573091387748718,0.06303845345973969,0.9348586201667786,-1.3853322267532349,0.7977530360221863
0.1182238757610321,-0.4117013216018677,0.756429135799408,0.06475722044706345,0.05149253085255623,-0.901333749294281,0.4251500070095062,0.9124237895011902,5.82835535950922e-15,-0.5232514142990112,1.9051395654678345,1.5898219347000122,0.07435234636068344,-0.29003769159317017,1.350000023841858,0.2401750385761261,-0.010855104774236679,0.933693528175354,-1.4435765743255615,0.7855122089385986,-0.16862048208713531,0.06395207345485687,0.9155832529067993,-1.3744407892227173,0.8073970079421997
0.11560191214084625,-0.4110288619995117,0.7592048048973083,0.06209149956703186,0.049430057406425476,-0.8955403566360474,0.4378456473350525,0.8847750425338745,3.7793843541669616e-15,-0.5232377052307129,1.967278003692627,1.5813244581222534,0.06794236600399017,-0.2868388295173645,1.350000023841858,0.2448129504919052,-0.017186084762215614,0.8978476524353027,-1.4111783504486084,0.8129174709320068,-0.1575021743774414,0.06582888960838318,0.8900943994522095,-1.3608019351959229,0.8190529346466064
0.11265335232019424,-0.41074812412261963,0.7631107568740845,0.05676780268549919,0.047471508383750916,-0.8883476257324219,0.4531693756580353,0.8671334981918335,2.4608587753947907e-15,-0.5198295712471008,2.0228233337402344,1.5671484470367432,0.07855589687824249,-0.29171022772789,1.350000023841858,0.2562529742717743,-0.020637579262256622,0.8531712293624878,-1.3735418319702148,0.8384283185005188,-0.14590489864349365,0.06446179002523422,0.855420708656311,-1.3433809280395508,0.8280664682388306
0.10887449979782104,-0.4109697937965393,0.7693922519683838,0.048698849976062775,0.04545172303915024,-0.8795160055160522,0.47118377685546875,0.8489112854003906,1.593839026958841e-15,-0.5152024030685425,2.0689175128936768,1.5530359745025635,0.08932670950889587,-0.3193211853504181,1.350000023841858,0.27651447057724,-0.020487530156970024,0.7923076748847961,-1.315506100654602,0.8737540245056152,-0.13832136988639832,0.05973813682794571,0.8054906129837036,-1.3144359588623047,0.8424700498580933
0.10388195514678955,-0.4129311442375183,0.7793689966201782,0.03123406320810318,0.039058566093444824,-0.8701613545417786,0.4902225136756897,0.8186826705932617,1.040279384884751e-15,-0.5023496150970459,2.0897586345672607,1.5284115076065063,0.12860175967216492,-0.38133299350738525,1.350000023841858,0.357670396566391,-0.01649666763842106,0.6996121406555176,-1.2298319339752197,0.9178965091705322,-0.1323448121547699,0.04853212460875511,0.7104315161705017,-1.258526086807251,0.8679745197296143
0.09797745198011398,-0.4162694215774536,0.7905306816101074,0.00676141120493412,0.033516619354486465,-0.8589701056480408,0.5108827948570251,0.7888894081115723,1.4876086016371798e-15,-0.48499876260757446,2.0966358184814453,1.4789066314697266,0.18503975868225098,-0.46672797203063965,1.350000023841858,0.46872493624687195,0.007840265519917011,0.6092273592948914,-1.1386042833328247,0.9581543207168579,-0.1504988968372345,0.02462559938430786,0.5819666981697083,-1.171442985534668,0.897907018661499
0.09173376113176346,-0.41946977376937866,0.806912899017334,-0.017529049888253212,0.031618427485227585,-0.8434101939201355,0.5360525250434875,0.7528756856918335,4.857469684793614e-05,-0.47190338373184204,2.092228889465332,1.4070394039154053,0.2362556755542755,-0.5434921383857727,1.350000023841858,0.5795515775680542,0.040445733815431595,0.5490912199020386,-1.0657068490982056,0.9792710542678833,-0.18164092302322388,-0.009738791733980179,0.45696473121643066,-1.0756757259368896,0.9132469892501831
0.08519714325666428,-0.4195336401462555,0.8150126934051514,-0.03830049932003021,0.028136350214481354,-0.8246572017669678,0.5636328458786011,0.715839147567749,0.01978721283376217,-0.4804980754852295,2.0980865955352783,1.362029790878296,0.2826411724090576,-0.6174940466880798,1.350000023841858,0.651597797870636,0.07295147329568863,0.5128151178359985,-1.034481406211853,0.9840599298477173,-0.2103373110294342,-0.04155828803777695,0.3546842336654663,-1.0017131567001343,0.92014479637146
0.07824794203042984,-0.4198329448699951,0.8240063190460205,-0.05631180480122566,0.022649403661489487,-0.8036444187164307,0.5920064449310303,0.676295280456543,0.07755614817142487,-0.5384312868118286,2.1143722534179688,1.326120376586914,0.33389222621917725,-0.7275263667106628,1.350000023841858,0.6984278559684753,0.10601806640625,0.47335368394851685,-0.9947104454040527,0.9838800430297852,-0.25354626774787903,-0.0731995478272438,0.25318604707717896,-0.9120433330535889,0.9143397808074951
0.06600752472877502,-0.4172690510749817,0.795072078704834,-0.03164863958954811,0.07105401903390884,-0.7816505432128906,0.6188473701477051,0.4417393207550049,0.05776708573102951,-0.6065037250518799,2.02860689163208,0.9954730272293091,0.2445020079612732,-0.7326064705848694,1.350000023841858,0.6911178231239319,0.08755088597536087,0.6728788614273071,-1.139997959136963,1.0060420036315918,-0.2206575721502304,-0.12639647722244263,0.43899670243263245,-1.0368094444274902,0.9608408212661743
0.05756094679236412,-0.41576850414276123,0.779009222984314,-0.010998915880918503,0.1035621166229248,-0.7525544166564941,0.6502428650856018,0.28985103964805603,0.03754860535264015,-0.633568286895752,1.9686903953552246,0.7731684446334839,0.1589369773864746,-0.6605530977249146,1.350000023841858,0.6590385437011719,0.06733626872301102,0.8024904727935791,-1.2321081161499023,1.0204472541809082,-0.13398844003677368,-0.16738048195838928,0.5630415678024292,-1.111598014831543,0.9910665154457092
0.05108706280589104,-0.415336012840271,0.7651371955871582,0.00027774227783083916,0.12187620997428894,-0.7218712568283081,0.6812106966972351,0.18633298575878143,0.0244067944586277,-0.6488354206085205,1.9308514595031738,0.6233523488044739,0.1033116802573204,-0.6028832793235779,1.350000023841858,0.6414878368377686,0.04879181087017059,0.8849616646766663,-1.3047021627426147,1.0298060178756714,-0.04782309755682945,-0.19611364603042603,0.6426863670349121,-1.17505943775177,1.0107132196426392
0.04671984538435936,-0.41600874066352844,0.7538530826568604,0.005408651661127806,0.1309383660554886,-0.6917605400085449,0.7101360559463501,0.11385680735111237,0.015872498974204063,-0.6536575555801392,1.9088430404663086,0.5236923694610596,0.06718854606151581,-0.5576649904251099,1.350000023841858,0.6321876049041748,0.0339968204498291,0.9362624883651733,-1.3633345365524292,1.0355381965637207,0.03490028530359268,-0.21562257409095764,0.692182183265686,-1.2285398244857788,1.0234835147857666
0.04424205422401428,-0.417293518781662,0.7470255494117737,0.00941935833543539,0.1376756727695465,-0.6627603769302368,0.7360063791275024,0.07457122951745987,0.015023547224700451,-0.6377393007278442,1.8983553647994995,0.4547373950481415,0.04432425647974014,-0.515648365020752,1.350000023841858,0.6232455968856812,0.01911919377744198,0.9664672017097473,-1.392890214920044,1.039573311805725,0.11084012687206268,-0.2317260205745697,0.7237578630447388,-1.2527543306350708,1.0317840576171875
0.04339570179581642,-0.4188247621059418,0.7427069544792175,0.012683078646659851,0.1415652632713318,-0.635500431060791,0.7589055895805359,0.059483688324689865,0.021076396107673645,-0.6036069989204407,1.8942720890045166,0.4073386788368225,0.029381675645709038,-0.4749208092689514,1.350000023841858,0.6161574125289917,0.0015333956107497215,0.9824414253234863,-1.4036855697631836,1.0422351360321045,0.17760181427001953,-0.24224838614463806,0.7455048561096191,-1.2646455764770508,1.0371794700622559
0.043777577579021454,-0.4203602075576782,0.739642858505249,0.01604507863521576,0.14457984268665314,-0.6115077137947083,0.777751624584198,0.05359286069869995,0.03330549970269203,-0.5548585653305054,1.8876876831054688,0.36236077547073364,0.020339619368314743,-0.4341995120048523,1.350000023841858,0.6114963293075562,-0.01908651739358902,0.9924408197402954,-1.4036473035812378,1.0439702272415161,0.22926115989685059,-0.24909040331840515,0.764884352684021,-1.2712674140930176,1.0406863689422607
0.04589351639151573,-0.4224660098552704,0.7361962795257568,0.018511533737182617,0.1465265303850174,-0.5914590358734131,0.7926937937736511,0.05682191625237465,0.041210539638996124,-0.5054587721824646,1.8751304149627686,0.3314821422100067,0.013228554278612137,-0.4016759991645813,1.350000023841858,0.6094843745231628,-0.03956030681729317,1.0011301040649414,-1.4052400588989258,1.0450295209884644,0.27305981516838074,-0.2535293400287628,0.7823796272277832,-1.2842433452606201,1.0429613590240479
0.049392614513635635,-0.4253557324409485,0.731166660785675,0.019663812592625618,0.14637449383735657,-0.5757251977920532,0.8041942119598389,0.06551408022642136,0.041408997029066086,-0.4632960855960846,1.8563790321350098,0.31416210532188416,0.008613292127847672,-0.38023918867111206,1.350000023841858,0.6120127439498901,-0.05754685401916504,1.0120575428009033,-1.423445463180542,1.0434668064117432,0.31392228603363037,-0.256307989358902,0.7982686758041382,-1.3134486675262451,1.0442487001419067
0.05320945754647255,-0.427404522895813,0.7261806130409241,0.02166987955570221,0.1458894908428192,-0.563363254070282,0.8129381537437439,0.0751752033829689,0.031257059425115585,-0.42894524335861206,1.827679991722107,0.29893603920936584,0.005613351706415415,-0.3668018579483032,1.350000023841858,0.6141254901885986,-0.07743111997842789,1.0222821235656738,-1.4422632455825806,1.0411921739578247,0.34698575735092163,-0.2581782341003418,0.8185257911682129,-1.3449337482452393,1.0414783954620361
0.05666037276387215,-0.4283098578453064,0.721713662147522,0.025165032595396042,0.1459789127111435,-0.5548138618469238,0.818681001663208,0.08345396816730499,0.0203330647200346,-0.40672576427459717,1.7932265996932983,0.27672725915908813,0.0036582043394446373,-0.36152181029319763,1.350000023841858,0.6151645183563232,-0.10104042291641235,1.0310784578323364,-1.4521188735961914,1.0408954620361328,0.36866745352745056,-0.25939539074897766,0.8419227600097656,-1.3731117248535156,1.0374168157577515
0.05971381068229675,-0.4284921884536743,0.7176482677459717,0.029684890061616898,0.14676739275455475,-0.5528327226638794,0.8197280764579773,0.10088349878787994,0.013216493651270866,-0.3944632411003113,1.7609212398529053,0.2506658434867859,0.002379543846473098,-0.3650144934654236,1.350000023841858,0.616466760635376,-0.12285429239273071,1.040183424949646,-1.4582641124725342,1.042479157447815,0.3778761625289917,-0.2601885199546814,0.8653926253318787,-1.3992316722869873,1.0331648588180542
0.062406618148088455,-0.42821359634399414,0.7127215266227722,0.03633582964539528,0.1496976912021637,-0.5562717318534851,0.8165978789329529,0.12289424240589142,0.00859072059392929,-0.38818037509918213,1.7297183275222778,0.22722342610359192,0.0015467036282643676,-0.37389618158340454,1.350000023841858,0.6122497320175171,-0.14312489330768585,1.0569727420806885,-1.4675688743591309,1.0440055131912231,0.3741532266139984,-0.2607106566429138,0.8960159420967102,-1.4277493953704834,1.0304393768310547
0.06466439366340637,-0.4265799820423126,0.707377552986145,0.04400760680437088,0.15415073931217194,-0.5634766817092896,0.8104287981987,0.14310941100120544,0.005588059779256582,-0.381405234336853,1.700479507446289,0.20598290860652924,0.001005357364192605,-0.38686603307724,1.350000023841858,0.6002104878425598,-0.15817038714885712,1.0801284313201904,-1.4787535667419434,1.0450352430343628,0.3614339232444763,-0.2610517144203186,0.9310911297798157,-1.4560542106628418,1.0280954837799072
0.06683290004730225,-0.42577365040779114,0.7006163597106934,0.050525955855846405,0.15620149672031403,-0.5749158263206482,0.8015734553337097,0.12794867157936096,0.003633951535448432,-0.37206554412841797,1.6722908020019531,0.17425663769245148,0.0006535277352668345,-0.3998880982398987,1.350000023841858,0.5870511531829834,-0.1643086075782776,1.1043378114700317,-1.5040996074676514,1.0456349849700928,0.353991836309433,-0.26095375418663025,0.9623277187347412,-1.499154806137085,1.0217719078063965
0.06870067119598389,-0.425071120262146,0.6925033330917358,0.056776873767375946,0.1568019688129425,-0.5875810980796814,0.7917941212654114,0.11756210029125214,0.0023620727006345987,-0.3624251186847687,1.652518630027771,0.16127805411815643,0.00044643733417615294,-0.4033263325691223,1.350000023841858,0.5744499564170837,-0.16844213008880615,1.129598617553711,-1.5393579006195068,1.0445563793182373,0.3529137670993805,-0.2595343291759491,0.9893474578857422,-1.5473687648773193,1.020810604095459
0.07256542146205902,-0.4246576428413391,0.7137917280197144,0.06833919882774353,0.15438656508922577,-0.6005482077598572,0.7815602421760559,0.08954807370901108,0.0015353471972048283,-0.3070826828479767,1.7741882801055908,0.14373628795146942,0.0002901842526625842,-0.3300683796405792,1.350000023841858,0.5240743160247803,-0.1892847865819931,1.1233783960342407,-1.4194092750549316,0.9479975700378418,0.3381768465042114,-0.24086755514144897,1.0251187086105347,-1.4415465593338013,0.9379335045814514
0.07603157311677933,-0.419689416885376,0.7300500869750977,0.08932232111692429,0.16551561653614044,-0.610487699508667,0.7693703770637512,0.11722730100154877,0.000997975585050881,-0.26158279180526733,1.828449010848999,0.1770985722541809,0.0001886197569547221,-0.27269256114959717,1.350000023841858,0.44776034355163574,-0.20297551155090332,1.1454249620437622,-1.2813725471496582,0.8816578388214111,0.3026936948299408,-0.22220349311828613,1.087073564529419,-1.3278956413269043,0.8702737092971802
0.07877765595912933,-0.41584697365760803,0.741193413734436,0.10354368388652802,0.17124882340431213,-0.6192338466644287,0.7592772841453552,0.12003426998853683,0.0006486841011792421,-0.22567886114120483,1.8403489589691162,0.18592114746570587,0.00012260283983778208,-0.23417526483535767,1.350000023841858,0.39231887459754944,-0.2126518338918686,1.1673375368118286,-1.1973414421081543,0.8558934926986694,0.27839189767837524,-0.20682889223098755,1.1385833024978638,-1.265458106994629,0.8388885259628296
0.0810113474726677,-0.41195452213287354,0.7471537590026855,0.11546382308006287,0.17570769786834717,-0.6257026791572571,0.751193106174469,0.1148560494184494,0.0004216446541249752,-0.19272387027740479,1.8231873512268066,0.19374987483024597,7.96918393461965e-05,-0.20496247708797455,1.350000023841858,0.34550774097442627,-0.21870338916778564,1.191088080406189,-1.1372249126434326,0.834158182144165,0.2573591470718384,-0.1898980736732483,1.18535578250885,-1.2252715826034546,0.8128443360328674
0.0827697366476059,-0.4082198441028595,0.749468207359314,0.12514132261276245,0.1788356751203537,-0.6307200193405151,0.7446809411048889,0.11070199310779572,0.0002740690251812339,-0.15798279643058777,1.79390287399292,0.20285753905773163,5.17996923008468e-05,-0.17756152153015137,1.350000023841858,0.30829450488090515,-0.22308287024497986,1.214820384979248,-1.0974750518798828,0.817206621170044,0.2405819296836853,-0.17305393517017365,1.2262499332427979,-1.204637050628662,0.7944146394729614
0.08398391306400299,-0.4046058654785156,0.7495937943458557,0.13347333669662476,0.18160635232925415,-0.6344437003135681,0.7393816709518433,0.11070187389850616,0.00017814486636780202,-0.1256033033132553,1.7695907354354858,0.21055181324481964,3.36697994498536e-05,-0.15008285641670227,1.350000023841858,0.2791793942451477,-0.22609609365463257,1.2381747961044312,-1.072356939315796,0.804680347442627,0.22621071338653564,-0.15625765919685364,1.262805700302124,-1.1964212656021118,0.7819294333457947
0.08472801744937897,-0.4013417363166809,0.7495480179786682,0.14041097462177277,0.18395721912384033,-0.6369481682777405,0.7353512644767761,0.10951118171215057,0.00011579415877349675,-0.09473637491464615,1.7685987949371338,0.2178022712469101,2.188536927860696e-05,-0.11933097243309021,1.350000023841858,0.25729233026504517,-0.2281252145767212,1.2558974027633667,-1.0529000759124756,0.7931151986122131,0.21577461063861847,-0.14110320806503296,1.2893507480621338,-1.192063331604004,0.7736489772796631
0.08506035804748535,-0.3975825905799866,0.7508341073989868,0.14771923422813416,0.18720008432865143,-0.6384676098823547,0.7317748069763184,0.11606167256832123,7.526620174758136e-05,-0.05814308673143387,1.802320957183838,0.2287702113389969,1.4225489394448232e-05,-0.07729113101959229,1.350000023841858,0.23740406334400177,-0.22665338218212128,1.2686305046081543,-1.028992772102356,0.778671383857727,0.20422951877117157,-0.12345045059919357,1.3082162141799927,-1.1828782558441162,0.765713632106781
0.0851285383105278,-0.3940439522266388,0.7547750473022461,0.15324801206588745,0.18985317647457123,-0.6405299305915833,0.7281429767608643,0.16384568810462952,4.892302968073636e-05,-0.03363233804702759,1.850376844406128,0.2620353102684021,9.246567969967145e-06,-0.03882214426994324,1.350000023841858,0.22371748089790344,-0.21946950256824493,1.2679245471954346,-0.9987225532531738,0.7638131976127625,0.19009050726890564,-0.10490645468235016,1.3118560314178467,-1.1659730672836304,0.756308913230896
0.08514510840177536,-0.39057475328445435,0.7634223103523254,0.15364642441272736,0.189310684800148,-0.6446066498756409,0.724593997001648,0.21586459875106812,3.1799969292478636e-05,-0.028464894741773605,1.9269700050354004,0.2957962155342102,6.010268862155499e-06,-0.023250995203852654,1.350000023841858,0.2260463535785675,-0.21189261972904205,1.2381418943405151,-0.9544951915740967,0.7606322765350342,0.1837412416934967,-0.09728747606277466,1.284273386001587,-1.1304982900619507,0.7568151354789734
0.08522702753543854,-0.3890256881713867,0.775428295135498,0.1493428647518158,0.1833951771259308,-0.6492784023284912,0.7228419780731201,0.2484622299671173,2.066997876681853e-05,-0.07343769818544388,2.022392511367798,0.3361474275588989,3.906674464815296e-06,-0.04161708056926727,1.350000023841858,0.24268501996994019,-0.20829680562019348,1.1784300804138184,-0.9042272567749023,0.7840976119041443,0.1980637162923813,-0.1019163429737091,1.229020357131958,-1.0878703594207764,0.7726342082023621
0.08436854928731918,-0.39150500297546387,0.7849027514457703,0.13722607493400574,0.1718786656856537,-0.6554614305496216,0.7224936485290527,0.31666165590286255,1.3435485925583635e-05,-0.168355330824852,2.0829272270202637,0.38482874631881714,2.5393383111804724e-06,-0.11737367510795593,1.350000023841858,0.31669697165489197,-0.22701093554496765,1.0968947410583496,-0.8789849281311035,0.8113057613372803,0.23835913836956024,-0.1234903484582901,1.1466481685638428,-1.0556726455688477,0.8025802969932556
0.08305139094591141,-0.39698198437690735,0.7891227006912231,0.11896418035030365,0.15116392076015472,-0.6615467667579651,0.7248123288154602,0.3647378087043762,2.01928814931307e-05,-0.3142161965370178,2.133486032485962,0.4267088770866394,1.650569856792572e-06,-0.24179033935070038,1.350000023841858,0.41499245166778564,-0.23899325728416443,1.008726716041565,-0.9032704830169678,0.8465578556060791,0.30320975184440613,-0.13853567838668823,1.0557055473327637,-1.0613030195236206,0.8371334075927734
0.08186404407024384,-0.40197163820266724,0.7956252098083496,0.10309520363807678,0.13427503407001495,-0.6623329520225525,0.7298332452774048,0.42047208547592163,1.3125376426614821e-05,-0.46604466438293457,2.1751251220703125,0.4788702428340912,1.0728704182838555e-06,-0.38290053606033325,1.350000023841858,0.5039497017860413,-0.24696198105812073,0.921510636806488,-0.8982184529304504,0.8695145845413208,0.3669455051422119,-0.15118993818759918,0.969796359539032,-1.0450880527496338,0.8538261651992798
0.08042434602975845,-0.40755128860473633,0.8000814914703369,0.08828679472208023,0.11653422564268112,-0.6583651900291443,0.7383633852005005,0.47346705198287964,8.531494131602813e-06,-0.6145981550216675,2.20617413520813,0.530499279499054,6.973657491471386e-07,-0.5295520424842834,1.350000023841858,0.5928624272346497,-0.25213465094566345,0.8409976959228516,-0.8999115228652954,0.8888928294181824,0.43269819021224976,-0.15630504488945007,0.895742654800415,-1.036725401878357,0.866487979888916
0.08090420067310333,-0.41433823108673096,0.8153737783432007,0.07892546057701111,0.0991918295621872,-0.6517342925071716,0.7477794289588928,0.516133189201355,5.545471140067093e-06,-0.7909020185470581,2.21470308303833,0.5604825615882874,4.532877255769563e-07,-0.6926803588867188,1.350000023841858,0.660220742225647,-0.2555171847343445,0.7280802726745605,-0.8179246187210083,0.9358522891998291,0.4710913300514221,-0.14131207764148712,0.8217947483062744,-0.987348198890686,0.8977875709533691
0.0798725038766861,-0.42022904753685,0.8190385699272156,0.0718178004026413,0.08210450410842896,-0.639593243598938,0.7609346508979797,0.5479557514190674,3.604556013669935e-06,-0.9152641296386719,2.2236557006835938,0.5921789407730103,2.9463700457199593e-07,-0.8110702037811279,1.350000023841858,0.7040326595306396,-0.25452351570129395,0.6606233716011047,-0.8125002980232239,0.9748028516769409,0.510505735874176,-0.12435591965913773,0.7819920778274536,-0.9862781763076782,0.9283738136291504
0.07907509803771973,-0.424864262342453,0.8235089778900146,0.0646275132894516,0.06934826821088791,-0.6278369426727295,0.7725509405136108,0.581359326839447,2.342961352042039e-06,-1.0304903984069824,2.2231087684631348,0.6104316711425781,1.9151404728745547e-07,-0.9225097894668579,1.350000023841858,0.732510507106781,-0.24763911962509155,0.6053762435913086,-0.7975044846534729,1.000078797340393,0.49737417697906494,-0.09923458099365234,0.7555293440818787,-1.0018577575683594,0.9314332008361816
0.07740550488233566,-0.4285862445831299,0.8218502998352051,0.056430500000715256,0.0565466582775116,-0.6141687035560608,0.785120964050293,0.5974067449569702,1.5229247765091714e-06,-1.1159127950668335,2.224369764328003,0.6207908987998962,1.244841314473888e-07,-1.0059906244277954,1.350000023841858,0.751021146774292,-0.23487941920757294,0.5767717361450195,-0.8283482789993286,1.0165711641311646,0.47660258412361145,-0.07460678368806839,0.7364011406898499,-1.0345354080200195,0.9393570423126221
0.07522118091583252,-0.4315554201602936,0.819861650466919,0.04442429170012474,0.04727528989315033,-0.5977041721343994,0.7990878224372864,0.588871955871582,9.899010819935938e-07,-1.1804858446121216,2.22758150100708,0.6177160739898682,8.09146811775463e-08,-1.0678229331970215,1.350000023841858,0.7630530595779419,-0.21315181255340576,0.5633159875869751,-0.8627890944480896,1.0272889137268066,0.4249099791049957,-0.052958887070417404,0.7119787931442261,-1.0779279470443726,0.9359113574028015
0.07254128903150558,-0.4343245327472687,0.8172276020050049,0.03167469799518585,0.0403282605111599,-0.5827747583389282,0.8110141158103943,0.5692487955093384,6.434356691897847e-07,-1.231866717338562,2.2290596961975098,0.6060831546783447,5.259454027850552e-08,-1.111882209777832,1.350000023841858,0.7708737850189209,-0.18744751811027527,0.5609216690063477,-0.9003902673721313,1.0342435836791992,0.35164642333984375,-0.03656615689396858,0.6816384792327881,-1.1207795143127441,0.9340982437133789
0.06985102593898773,-0.4371286928653717,0.8149896860122681,0.01913553476333618,0.03549010306596756,-0.5708034634590149,0.8200961351394653,0.5477776527404785,4.182331565516506e-07,-1.2717150449752808,2.2248969078063965,0.5887900590896606,3.4186449227036064e-08,-1.1387062072753906,1.350000023841858,0.7759572267532349,-0.15966324508190155,0.5637249946594238,-0.933574914932251,1.0385969877243042,0.2660159468650818,-0.027170967310667038,0.6460744738578796,-1.1556614637374878,0.9323155879974365
0.06756632775068283,-0.44009244441986084,0.8099473118782043,0.008135312236845493,0.03064863383769989,-0.5623219013214111,0.8263101577758789,0.5358527898788452,2.718515474953165e-07,-1.299222707748413,2.219980478286743,0.5766595005989075,2.2221191997573442e-08,-1.1534528732299805,1.350000023841858,0.7792614698410034,-0.131913959980011,0.5736485719680786,-0.9820200204849243,1.0359292030334473,0.19037552177906036,-0.022804342210292816,0.6128898859024048,-1.1896008253097534,0.9356752634048462
0.06549907475709915,-0.4418495297431946,0.8091754913330078,-0.0030266691464930773,0.02941744588315487,-0.5583029985427856,0.8291099071502686,0.5328754782676697,1.7670349450327194e-07,-1.313559889793396,2.211038112640381,0.5723735094070435,1.4443774176697843e-08,-1.1513540744781494,1.350000023841858,0.7814092040061951,-0.1034775897860527,0.5804795026779175,-1.001865267753601,1.0271357297897339,0.11352161318063736,-0.029815398156642914,0.574609637260437,-1.1945267915725708,0.9300795197486877
0.06370606273412704,-0.44299912452697754,0.8066579699516296,-0.012060167267918587,0.026859566569328308,-0.5612078905105591,0.8271510601043701,0.5348682403564453,1.1485726503224214e-07,-1.3149536848068237,2.202024459838867,0.5791822671890259,9.388452681946546e-09,-1.1353843212127686,1.350000023841858,0.7828052639961243,-0.07654498517513275,0.586407482624054,-1.0302772521972656,1.0194767713546753,0.05439511686563492,-0.036720696836709976,0.5390065908432007,-1.1944340467453003,0.9330422878265381
0.06326756626367569,-0.444536030292511,0.8048461675643921,-0.01849011890590191,0.02747696079313755,-0.5707541108131409,0.820452868938446,0.5414403676986694,7.465722262622876e-08,-1.2973964214324951,2.191133499145508,0.6013356447219849,6.102494065629571e-09,-1.092883586883545,1.350000023841858,0.7837126851081848,-0.05459420382976532,0.5934967398643494,-1.0503687858581543,1.0089843273162842,0.00802869163453579,-0.04349467530846596,0.5111615061759949,-1.1856656074523926,0.9376642107963562
0.06331084668636322,-0.44518396258354187,0.8048783540725708,-0.023805877193808556,0.02915458008646965,-0.589183509349823,0.8071221113204956,0.5469731092453003,4.8527191154335014e-08,-1.2603628635406494,2.1761958599090576,0.6355635523796082,0.002410890767350793,-1.0127097368240356,1.350000023841858,0.7843025326728821,-0.03274209052324295,0.5958778858184814,-1.0586501359939575,0.9984558820724487,-0.031204769387841225,-0.04757207632064819,0.4889543056488037,-1.168633222579956,0.9357072114944458
0.06409826129674911,-0.4453883171081543,0.8005777597427368,-0.02952621877193451,0.026942655444145203,-0.6097624897956848,0.7915756106376648,0.5476866960525513,0.0007235091179609299,-1.2194699048995972,2.1600027084350586,0.6757937669754028,0.0420120544731617,-0.9146558046340942,1.350000023841858,0.7846859097480774,-0.010735959745943546,0.6001541018486023,-1.0914764404296875,0.9998044371604919,-0.05489157512784004,-0.04098754748702049,0.4746062755584717,-1.1676435470581055,0.9479064345359802
0.06516438722610474,-0.44384509325027466,0.7954039573669434,-0.03656017407774925,0.02400095760822296,-0.6330897212028503,0.7728419899940491,0.5431475043296814,0.010835608467459679,-1.1800453662872314,2.14074444770813,0.7185412645339966,0.11771801114082336,-0.8048937320709229,1.350000023841858,0.7849351167678833,0.013561073690652847,0.6060810685157776,-1.1288342475891113,1.0006306171417236,-0.06944458186626434,-0.02516753040254116,0.472510427236557,-1.1665375232696533,0.9541752338409424
0.06647879630327225,-0.44123539328575134,0.7901195287704468,-0.044476307928562164,0.022016001865267754,-0.657536506652832,0.7517864108085632,0.5362356305122375,0.026356521993875504,-1.1436611413955688,2.1190457344055176,0.7529700994491577,0.21401309967041016,-0.6946771144866943,1.350000023841858,0.7850971221923828,0.03849756345152855,0.6151155233383179,-1.1656837463378906,1.0032804012298584,-0.07578429579734802,-0.0019782613962888718,0.4820951223373413,-1.1568878889083862,0.9589935541152954
0.06797357648611069,-0.439589262008667,0.7845295667648315,-0.05283014848828316,0.022732306271791458,-0.6800557374954224,0.7309011220932007,0.5338824391365051,0.042464569211006165,-1.1090238094329834,2.0998687744140625,0.7789640426635742,0.3179522156715393,-0.5917927622795105,1.350000023841858,0.7852023839950562,0.06409566104412079,0.6306334137916565,-1.2027033567428589,1.006470799446106,-0.07430826127529144,0.019098926335573196,0.5019533634185791,-1.14335036277771,0.9620481133460999
0.07055621594190598,-0.4382088780403137,0.785044252872467,-0.05952799320220947,0.03487502038478851,-0.7006618976593018,0.7101500034332275,0.5439541339874268,0.05478861182928085,-1.0685546398162842,2.081634998321533,0.787594199180603,0.4262439012527466,-0.4981999695301056,1.350000023841858,0.7852708101272583,0.08692651242017746,0.6579474210739136,-1.2057143449783325,1.0057324171066284,-0.07021425664424896,0.020024847239255905,0.5336586236953735,-1.1004419326782227,0.9410884976387024
0.07262559980154037,-0.4385429322719574,0.7868825197219849,-0.06646151095628738,0.04947042837738991,-0.7165136933326721,0.6926353573799133,0.5637175440788269,0.0631096214056015,-1.0275700092315674,2.07041597366333,0.7863292694091797,0.5247498750686646,-0.4202272891998291,1.350000023841858,0.7853152751922607,0.111366868019104,0.6905310153961182,-1.2013386487960815,1.0053014755249023,-0.05476660281419754,0.0031588179990649223,0.554485023021698,-1.051823377609253,0.9289207458496094
0.07364483177661896,-0.44043225049972534,0.788843035697937,-0.07354793697595596,0.06248942017555237,-0.7290840148925781,0.6775856614112854,0.5893627405166626,0.07129694521427155,-0.9896798133850098,2.065201759338379,0.7798583507537842,0.6139060258865356,-0.3559998869895935,1.350000023841858,0.7853441834449768,0.1380678117275238,0.7186932563781738,-1.1958531141281128,1.004011631011963,-0.030622173100709915,-0.025398675352334976,0.5599473118782043,-1.0054121017456055,0.9209125638008118
0.07356379181146622,-0.44354987144470215,0.7905416488647461,-0.07992102205753326,0.07348174601793289,-0.7377729415893555,0.6662613153457642,0.6153337955474854,0.07841899991035461,-0.9577211141586304,2.064539909362793,0.7691817283630371,0.6883141994476318,-0.3046671152114868,1.350000023841858,0.7853630185127258,0.16453233361244202,0.7419689893722534,-1.1905289888381958,1.0021933317184448,-0.0004404541105031967,-0.05936805531382561,0.5544476509094238,-0.962860643863678,0.9163085222244263
0.07346472889184952,-0.45097261667251587,0.8068628907203674,-0.08855040371417999,0.08608241379261017,-0.7400367259979248,0.6611310839653015,0.634423017501831,0.0664169117808342,-0.9342735409736633,2.0471227169036865,0.6842025518417358,0.7323979139328003,-0.24515624344348907,1.350000023841858,0.7853752374649048,0.19753330945968628,0.730258047580719,-1.1076772212982178,1.0179452896118164,0.057339321821928024,-0.10664571821689606,0.49306991696357727,-0.8480117321014404,0.9009712338447571
0.07152286916971207,-0.4590283930301666,0.8195092678070068,-0.10015132278203964,0.09279337525367737,-0.7387290000915527,0.6600292921066284,0.6406142115592957,0.05020944029092789,-0.9266566634178162,2.0239293575286865,0.6026074886322021,0.7498552203178406,-0.1813156008720398,1.350000023841858,0.7853831648826599,0.2375701665878296,0.7142153978347778,-1.04241943359375,1.028184413909912,0.1398344188928604,-0.15113012492656708,0.4050137400627136,-0.7330915331840515,0.8948013782501221
0.06835620850324631,-0.46683651208877563,0.8288079500198364,-0.11009085923433304,0.09582684934139252,-0.735812246799469,0.6612696647644043,0.6424621939659119,0.03569502383470535,-0.9256200790405273,2.00469970703125,0.53500896692276,0.7437058687210083,-0.12310240417718887,1.350000023841858,0.7853883504867554,0.2733015716075897,0.6993827819824219,-0.9932518005371094,1.0348398685455322,0.23780444264411926,-0.18631792068481445,0.3146623373031616,-0.6339201927185059,0.8957647681236267
0.06445220112800598,-0.4737999439239502,0.8384414911270142,-0.11750432848930359,0.09695744514465332,-0.7332245707511902,0.6627019047737122,0.6424663066864014,0.02320176549255848,-0.9218136072158813,1.9907851219177246,0.48433542251586914,0.7124195098876953,-0.06800813227891922,1.350000023841858,0.7853916883468628,0.3027374744415283,0.6876685619354248,-0.9578550457954407,1.0391658544540405,0.338483989238739,-0.2127363085746765,0.2323070764541626,-0.5522924065589905,0.9034231901168823
0.060268670320510864,-0.47991347312927246,0.84602952003479,-0.12337185442447662,0.09592524915933609,-0.7328237295150757,0.6622288823127747,0.6377564668655396,0.016028761863708496,-0.9135292768478394,1.9830461740493774,0.439980149269104,0.661404013633728,-0.01733178086578846,1.350000023841858,0.7853938937187195,0.32883840799331665,0.6721910238265991,-0.92806077003479,1.0419776439666748,0.43038395047187805,-0.22920218110084534,0.1581324338912964,-0.4864068329334259,0.9084880352020264
0.0554538257420063,-0.48528552055358887,0.8520179390907288,-0.12787289917469025,0.09351273626089096,-0.7347162961959839,0.6596179604530334,0.6375471353530884,0.018220949918031693,-0.9053750038146973,1.9837315082550049,0.41126880049705505,0.5920320153236389,0.021179717034101486,1.350000023841858,0.7853953242301941,0.3530508875846863,0.6585489511489868,-0.9123492240905762,1.043756127357483,0.5086483955383301,-0.2382870316505432,0.09363394230604172,-0.43364453315734863,0.9183473587036133
0.049915701150894165,-0.4904775619506836,0.8568081259727478,-0.1315687745809555,0.0890466719865799,-0.7398704290390015,0.6537216901779175,0.6361439228057861,0.037889424711465836,-0.8933499455451965,1.993429183959961,0.3949251174926758,0.5141398906707764,0.04496210813522339,1.350000023841858,0.7853962182998657,0.3779183626174927,0.6438890099525452,-0.9125430583953857,1.0349396467208862,0.5680190920829773,-0.23881110548973083,0.03807523101568222,-0.39452487230300903,0.925197422504425
0.043649859726428986,-0.49583524465560913,0.8606264591217041,-0.13402791321277618,0.08409290760755539,-0.7472454905509949,0.6454371213912964,0.6407010555267334,0.06697656214237213,-0.8784289360046387,2.0070552825927734,0.3996660113334656,0.4302583336830139,0.05909622088074684,1.350000023841858,0.7853968143463135,0.4022047817707062,0.6311216354370117,-0.9232298135757446,1.0191946029663086,0.6085273623466492,-0.2354796826839447,-0.007656130939722061,-0.36502179503440857,0.931800127029419
0.03649335727095604,-0.5013641119003296,0.8634650707244873,-0.135787695646286,0.0800524353981018,-0.756320059299469,0.6349277496337891,0.6447057723999023,0.10292032361030579,-0.8660006523132324,2.0217111110687256,0.4114466905593872,0.34312671422958374,0.06870619207620621,1.350000023841858,0.7853971719741821,0.42755037546157837,0.6303549408912659,-0.955496072769165,0.9969666004180908,0.6313992738723755,-0.2332388460636139,-0.04636628180742264,-0.3413165807723999,0.9465680122375488
0.028843717649579048,-0.507059633731842,0.8651944994926453,-0.13767263293266296,0.07771293818950653,-0.7663208246231079,0.6227031946182251,0.6420351266860962,0.14240027964115143,-0.8569904565811157,2.039799213409424,0.4183966815471649,0.2602509558200836,0.07600352168083191,1.350000023841858,0.7853974103927612,0.4552665948867798,0.6417829990386963,-1.0043764114379883,0.9662420749664307,0.6384809017181396,-0.23447033762931824,-0.08095157146453857,-0.3224926292896271,0.9603463411331177
0.021328777074813843,-0.5126324892044067,0.8659120798110962,-0.14004936814308167,0.07655240595340729,-0.7752261161804199,0.6111876368522644,0.6351619958877563,0.18074709177017212,-0.8543469905853271,2.0573782920837402,0.4255438446998596,0.18623392283916473,0.08565031737089157,1.350000023841858,0.7853975892066956,0.482582688331604,0.6546499729156494,-1.0463613271713257,0.9410752058029175,0.6316865682601929,-0.23881030082702637,-0.11083664000034332,-0.3081464171409607,0.9694211483001709
0.014153541997075081,-0.5181751251220703,0.8662068247795105,-0.14202620089054108,0.07594241201877594,-0.7820744514465332,0.6020140051841736,0.6223598718643188,0.2174886167049408,-0.8514739274978638,2.0746212005615234,0.438915878534317,0.12197460979223251,0.09800513088703156,1.350000023841858,0.7853977084159851,0.5057212710380554,0.6689628958702087,-1.0832653045654297,0.920899510383606,0.6159732341766357,-0.2443462610244751,-0.13622653484344482,-0.29415661096572876,0.977828860282898
0.007999302819371223,-0.5234912037849426,0.86641925573349,-0.14371047914028168,0.07574144005775452,-0.7859499454498291,0.5965679287910461,0.609362006187439,0.24468442797660828,-0.8445111513137817,2.0990562438964844,0.45808690786361694,0.07928698509931564,0.11480529606342316,1.350000023841858,0.7853977680206299,0.5225647687911987,0.682368814945221,-1.1113255023956299,0.9071722030639648,0.5953595638275146,-0.2501494288444519,-0.15881316363811493,-0.2767506539821625,0.9842110872268677
0.002552405698224902,-0.5284672975540161,0.8666338920593262,-0.14560909569263458,0.07520748674869537,-0.7888489961624146,0.5923336148262024,0.6122721433639526,0.26951926946640015,-0.8296065330505371,2.1303982734680176,0.47315388917922974,0.05153974890708923,0.13804185390472412,1.350000023841858,0.7853978276252747,0.5347820520401001,0.6909301280975342,-1.1300125122070312,0.8944282531738281,0.5737619996070862,-0.25422048568725586,-0.18157708644866943,-0.25780948996543884,0.984002947807312
-0.0019193713087588549,-0.5322782397270203,0.8668851852416992,-0.1491284966468811,0.07280488312244415,-0.7894100546836853,0.591009259223938,0.6407249569892883,0.2975492775440216,-0.8095658421516418,2.1645030975341797,0.47899311780929565,0.04195810854434967,0.1614730954170227,1.350000023841858,0.7853978872299194,0.5444944500923157,0.6902714371681213,-1.1354210376739502,0.8850694894790649,0.5517104864120483,-0.2545085549354553,-0.2083611637353897,-0.23765532672405243,0.97750324010849
-0.0021575663704425097,-0.5409815311431885,0.8735268712043762,-0.10454241186380386,0.08412107825279236,-0.786126971244812,0.6033232808113098,0.4329495429992676,0.26190251111984253,-0.899368941783905,1.9571654796600342,0.28687137365341187,0.027272770181298256,0.16565530002117157,1.350000023841858,0.7853612899780273,0.3943953812122345,0.7241902351379395,-1.1258809566497803,0.9418151378631592,0.5089031457901001,-0.2570602297782898,-0.15323278307914734,-0.12393268197774887,1.0018970966339111
-0.002813227940350771,-0.5468523502349854,0.8755182027816772,-0.07652083039283752,0.09176858514547348,-0.7793433666229248,0.6150991916656494,0.2832523584365845,0.24029836058616638,-0.9390603303909302,1.7904725074768066,0.16170361638069153,0.01772730052471161,0.16323783993721008,1.350000023841858,0.785374104976654,0.29915574193000793,0.7494601011276245,-1.1193534135818481,0.9786997437477112,0.46897804737091064,-0.2587187886238098,-0.12219168990850449,-0.050012968480587006,1.0177531242370605
-0.004543785471469164,-0.5512515902519226,0.8758243322372437,-0.059708431363105774,0.0959998220205307,-0.7695674300193787,0.6284782886505127,0.16994783282279968,0.23625142872333527,-0.936056911945343,1.6646339893341064,0.07876472920179367,0.011522744782269001,0.15922202169895172,1.3483827114105225,0.7853824496269226,0.2403927743434906,0.7666405439376831,-1.1134129762649536,1.0026748180389404,0.44099879264831543,-0.2597968578338623,-0.11150988191366196,-0.0019651558250188828,1.028059482574463
-0.007455227430909872,-0.555472731590271,0.8754990696907043,-0.05028083175420761,0.09746064245700836,-0.7560674548149109,0.6452404260635376,0.08010601997375488,0.2397221177816391,-0.8942556977272034,1.5763736963272095,0.03382403403520584,0.007489783689379692,0.15613076090812683,1.3339890241622925,0.7853878736495972,0.20480191707611084,0.7773585319519043,-1.106605887413025,1.0182585716247559,0.43378907442092896,-0.2604975998401642,-0.11676912009716034,0.02926592156291008,1.0347585678100586
-0.010986093431711197,-0.5594769716262817,0.8750208616256714,-0.04340435564517975,0.09774404019117355,-0.7388851642608643,0.6652900576591492,0.010602593421936035,0.23871266841888428,-0.8312118053436279,1.5206515789031982,0.014744924381375313,0.004868359304964542,0.15587541460990906,1.312071442604065,0.7853913903236389,0.17814770340919495,0.7851288318634033,-1.0965224504470825,1.0283880233764648,0.44680121541023254,-0.26095306873321533,-0.12480713427066803,0.0495661199092865,1.0391130447387695
-0.013705441728234291,-0.5615465641021729,0.8755809664726257,-0.024496138095855713,0.09941013902425766,-0.7195935845375061,0.6868060827255249,-0.0442202128469944,0.22525028884410858,-0.7475782632827759,1.5473878383636475,0.009871196933090687,0.0031644334085285664,0.1661825180053711,1.350000023841858,0.7795584797859192,0.1250634640455246,0.7891969680786133,-1.0747172832489014,1.0349721908569336,0.49800002574920654,-0.2612491250038147,-0.09656811505556107,0.06276124715805054,1.0419434309005737
-0.01674170047044754,-0.5626359581947327,0.876161515712738,-0.006097709760069847,0.09987830370664597,-0.696388840675354,0.7106543779373169,-0.08440382778644562,0.2093675136566162,-0.6676270961761475,1.584481954574585,0.015407058410346508,0.0020568815525621176,0.1755673885345459,1.350000023841858,0.7684674263000488,0.07439491152763367,0.7907937169075012,-1.0515165328979492,1.0392518043518066,0.5487169027328491,-0.26144158840179443,-0.06201949715614319,0.07133807986974716,1.043783187866211
-0.02008497342467308,-0.563330888748169,0.8766146898269653,0.008320159278810024,0.09933601319789886,-0.6711097955703735,0.7346256375312805,-0.10962439328432083,0.19261662662029266,-0.6010410785675049,1.6217966079711914,0.023978136479854584,0.0013369729276746511,0.18885883688926697,1.350000023841858,0.7594590187072754,0.030970102176070213,0.7917978763580322,-1.0299313068389893,1.0420336723327637,0.586759090423584,-0.261566698551178,-0.029520731419324875,0.076913021504879,1.0449790954589844
-0.023748021572828293,-0.564814567565918,0.8769806623458862,0.013436964713037014,0.0969383642077446,-0.6454079747200012,0.7575426697731018,-0.11332729458808899,0.17641602456569672,-0.5466734766960144,1.6333682537078857,0.030101586133241653,0.0008690323447808623,0.20267774164676666,1.350000023841858,0.7684534788131714,0.0013968590646982193,0.7924211025238037,-1.010918378829956,1.04384183883667,0.6189147233963013,-0.2616479992866516,-0.017359962686896324,0.08053673803806305,1.0457563400268555
-0.027030907571315765,-0.5657804012298584,0.8774926066398621,0.019816607236862183,0.09381170570850372,-0.6213043332099915,0.7776809334754944,-0.11186908185482025,0.15935054421424866,-0.4972614049911499,1.6659255027770996,0.03480388969182968,0.0005648710066452622,0.22097286581993103,1.350000023841858,0.765562117099762,-0.025790825486183167,0.791691780090332,-1.0007448196411133,1.0450172424316406,0.6597427129745483,-0.2617008686065674,0.0009352033957839012,0.08289214968681335,1.0462615489959717
-0.030168354511260986,-0.5677071809768677,0.8779776692390442,0.021793140098452568,0.08958993852138519,-0.5994481444358826,0.7950853109359741,-0.103539377450943,0.14587385952472687,-0.45596855878829956,1.6875104904174805,0.042013149708509445,0.00036716615431942046,0.24000290036201477,1.350000023841858,0.7724984884262085,-0.04449262470006943,0.7897911071777344,-0.9964991807937622,1.045781135559082,0.7037220001220703,-0.261735200881958,0.008353360928595066,0.08442316949367523,1.046589970588684
-0.03256811201572418,-0.5697519183158875,0.8783841133117676,0.021299054846167564,0.08630047738552094,-0.5800080299377441,0.8097464442253113,-0.09417270123958588,0.13213799893856049,-0.4205530285835266,1.7036981582641602,0.04952087625861168,0.0002386579872108996,0.2572341561317444,1.350000023841858,0.7770133018493652,-0.0554920956492424,0.7897323369979858,-0.9966728687286377,1.0462777614593506,0.732308566570282,-0.2617575228214264,0.015313282608985901,0.08317644894123077,1.0468034744262695
-0.033706650137901306,-0.5711145997047424,0.8788602352142334,0.020335733890533447,0.08438575267791748,-0.5635781288146973,0.8214896321296692,-0.08997591584920883,0.11570728570222855,-0.378470242023468,1.7214523553848267,0.05865093693137169,0.00015512768004555255,0.28067171573638916,1.3479466438293457,0.7799479365348816,-0.06549705564975739,0.787589430809021,-0.9916335344314575,1.046600580215454,0.7508898377418518,-0.2617720365524292,0.03270503133535385,0.06536181271076202,1.0469422340393066
-0.032984353601932526,-0.570742666721344,0.8792144656181335,0.023197157308459282,0.08400065451860428,-0.5511268377304077,0.8298583626747131,-0.08721350133419037,0.0943618193268776,-0.3264962434768677,1.7419917583465576,0.07075261324644089,0.0001008329854812473,0.3131222128868103,1.336578130722046,0.7818554043769836,-0.08383963257074356,0.7780455350875854,-0.9783440828323364,1.0468103885650635,0.7629677057266235,-0.2617814540863037,0.08078649640083313,0.014434952288866043,1.047032356262207
-0.030445825308561325,-0.5670432448387146,0.8774493336677551,0.033102430403232574,0.08500948548316956,-0.5417413115501404,0.8355799913406372,-0.08745376765727997,0.0659947395324707,-0.25529077649116516,1.7632639408111572,0.08394907414913177,6.554144056281075e-05,0.3637470006942749,1.335902452468872,0.7727305293083191,-0.11541709303855896,0.7628754377365112,-0.9611570835113525,1.0469467639923096,0.770818293094635,-0.2617875933647156,0.1918172538280487,-0.11783263832330704,1.047091007232666
-0.029842153191566467,-0.5616539716720581,0.8594043254852295,0.04482118785381317,0.08948396146297455,-0.5282291769981384,0.8431829810142517,-0.0772387683391571,0.0428965799510479,-0.16663654148578644,1.805859088897705,0.09583504498004913,4.2601936002029106e-05,0.436343789100647,1.350000023841858,0.7759679555892944,-0.16322174668312073,0.8044157028198242,-1.0377681255340576,1.0470353364944458,0.7532176971435547,-0.2610442340373993,0.41253700852394104,-0.4579017758369446,1.0471291542053223
-0.026678308844566345,-0.5615571141242981,0.8229692578315735,0.04026590287685394,0.07729394733905792,-0.5223092436790466,0.8482908010482788,-0.12572279572486877,0.027882780879735947,-0.09128373861312866,1.9005261659622192,0.07445014268159866,2.7691257855622098e-05,0.48869025707244873,1.350000023841858,0.7713053226470947,-0.1463853418827057,0.855164110660553,-1.2100543975830078,1.0468370914459229,0.7399693131446838,-0.23161327838897705,0.5838373899459839,-0.8204681873321533,1.0211081504821777
-0.02215663343667984,-0.5620197653770447,0.7889466285705566,0.038475632667541504,0.07616832107305527,-0.5157566070556641,0.8524746894836426,-0.14786109328269958,0.01812380738556385,-0.03408551961183548,1.9695217609405518,0.0642443299293518,1.7999316696659662e-05,0.5230484008789062,1.350000023841858,0.7639685869216919,-0.1428060233592987,0.8956809043884277,-1.3125940561294556,1.04681396484375,0.7207046151161194,-0.218440443277359,0.7002640962600708,-1.0439646244049072,1.009117841720581
-0.01535443589091301,-0.5650778412818909,0.7598885297775269,0.03467830270528793,0.06998608261346817,-0.5103005170822144,0.8564419150352478,-0.1724197268486023,0.011780474334955215,0.0031629763543605804,2.0191633701324463,0.056329838931560516,1.1699555216182489e-05,0.5373637080192566,1.350000023841858,0.7635090947151184,-0.13261917233467102,0.91120445728302,-1.3971564769744873,1.0466996431350708,0.7172493934631348,-0.19621676206588745,0.7729145288467407,-1.2110886573791504,0.997312605381012
-0.008090163581073284,-0.5685098171234131,0.7383677959442139,0.030982207506895065,0.06437281519174576,-0.5049015283584595,0.8602154850959778,-0.1960168480873108,0.007657308131456375,0.025283079594373703,2.042632818222046,0.04727272689342499,7.604710390296532e-06,0.5471917390823364,1.350000023841858,0.7657774686813354,-0.1246984601020813,0.9156283736228943,-1.4560879468917847,1.0466424226760864,0.7170264720916748,-0.1755189597606659,0.8173496723175049,-1.323913812637329,0.9900503754615784
-0.000753969419747591,-0.5719540119171143,0.7254923582077026,0.027979061007499695,0.060392238199710846,-0.5007283687591553,0.8630418181419373,-0.2046772837638855,0.0049772500060498714,0.03413621336221695,2.0439302921295166,0.035570599138736725,4.9430614126322325e-06,0.5568888783454895,1.350000023841858,0.7680131196975708,-0.1192646324634552,0.9151445627212524,-1.4973011016845703,1.0466102361679077,0.7154561281204224,-0.15931446850299835,0.8453922271728516,-1.3996305465698242,0.9856133460998535
0.006098524667322636,-0.5752440690994263,0.7188504338264465,0.02595639042556286,0.057952046394348145,-0.4984200894832611,0.8646069765090942,-0.2055181860923767,0.003235212294384837,0.03770779073238373,2.0320239067077637,0.023327406495809555,3.2129898954735836e-06,0.5724533796310425,1.350000023841858,0.7705817222595215,-0.11610755324363708,0.9112989902496338,-1.5252692699432373,1.046583652496338,0.7147858142852783,-0.14747506380081177,0.8628095388412476,-1.448290467262268,0.9830883741378784
0.012782083824276924,-0.5786560773849487,0.7147394418716431,0.024894608184695244,0.0558105930685997,-0.4989399313926697,0.8644792437553406,-0.1994316279888153,0.0021028879564255476,0.03804553672671318,2.012953519821167,0.02399522066116333,2.088443352477043e-06,0.5926998853683472,1.350000023841858,0.7716485261917114,-0.11370662599802017,0.9021192789077759,-1.543635606765747,1.0465126037597656,0.715161919593811,-0.13421016931533813,0.8727396726608276,-1.4808475971221924,0.9807727336883545
0.017760425806045532,-0.5797162652015686,0.7126230597496033,0.0265488438308239,0.06310670077800751,-0.5003273487091064,0.8631253242492676,-0.1804550737142563,0.001366877113468945,0.052799634635448456,1.9946948289871216,0.022825855761766434,1.3574881450040266e-06,0.6188540458679199,1.350000023841858,0.7657161951065063,-0.12320620566606522,0.908277153968811,-1.5401993989944458,1.0465441942214966,0.6994102597236633,-0.13644060492515564,0.8862318396568298,-1.4832048416137695,0.9819929599761963
0.02315640263259411,-0.5820651054382324,0.7111524343490601,0.025255557149648666,0.0619627870619297,-0.5060725212097168,0.8598915338516235,-0.20350652933120728,0.0008884700946509838,0.06966614723205566,1.9882776737213135,0.011689234524965286,8.82367260146566e-07,0.6432296633720398,1.350000023841858,0.7708412408828735,-0.11996166408061981,0.898780345916748,-1.5487509965896606,1.0458934307098389,0.7028544545173645,-0.1285417228937149,0.8883683085441589,-1.493612289428711,0.9799766540527344
0.027509620413184166,-0.5820969939231873,0.7125451564788818,0.026945825666189194,0.07057522237300873,-0.5130986571311951,0.8549987077713013,-0.19235937297344208,0.0005775055615231395,0.07368578016757965,1.9821209907531738,0.006219369359314442,5.735386707783618e-07,0.6458019018173218,1.350000023841858,0.7742326259613037,-0.13198450207710266,0.9010893702507019,-1.5244789123535156,1.0463225841522217,0.6984254121780396,-0.14162993431091309,0.8921148777008057,-1.470847725868225,0.9781829118728638
0.03147668018937111,-0.5816906690597534,0.71361243724823,0.028501108288764954,0.07778124511241913,-0.5242098569869995,0.8475504517555237,-0.15030381083488464,0.00037537861499004066,0.05130902677774429,1.970309853553772,0.024952268227934837,3.728001161107386e-07,0.6066559553146362,1.350000023841858,0.775955319404602,-0.14235107600688934,0.9050557613372803,-1.5058996677398682,1.0465384721755981,0.6989682912826538,-0.1572912037372589,0.8934962153434753,-1.449239730834961,0.9779954552650452
0.04201798886060715,-0.5732178688049316,0.7656216025352478,0.012727991677820683,0.028591565787792206,-0.5555323958396912,0.8309057354927063,0.27829644083976746,0.05930647626519203,0.07168982923030853,2.0593388080596924,0.44269075989723206,0.15908753871917725,0.4061051607131958,1.350000023841858,0.7792602181434631,-0.07476964592933655,0.6453624963760376,-1.236699104309082,1.0467031002044678,0.7292186617851257,-0.006070859730243683,0.7927801012992859,-1.2578239440917969,0.9221442937850952
0.04886879026889801,-0.5715281367301941,0.802682101726532,0.016882209107279778,0.0049798088148236275,-0.5786535143852234,0.8153834939002991,0.5377780795097351,0.03854920715093613,0.050729796290397644,2.0666210651397705,0.7240840196609497,0.11922401934862137,0.19222111999988556,1.350000023841858,0.781408429145813,-0.06250724196434021,0.48881345987319946,-1.0420246124267578,1.0468767881393433,0.7488813996315002,0.07553747296333313,0.7583423852920532,-1.122235894203186,0.8888305425643921
0.05321711301803589,-0.570803165435791,0.8190535306930542,0.025206184014678,0.003830811008810997,-0.5952987670898438,0.8030997514724731,0.683616578578949,0.025056984275579453,-0.08231556415557861,1.9953694343566895,0.862995445728302,0.07749561220407486,-0.04514376074075699,1.350000023841858,0.7828047275543213,-0.07095901668071747,0.43737176060676575,-0.9356508255004883,1.046989917755127,0.7616621851921082,0.09408115595579147,0.7532709240913391,-1.0367648601531982,0.870697557926178
0.0558389276266098,-0.5698100328445435,0.82457035779953,0.02972549945116043,0.014099562540650368,-0.6046580672264099,0.7958054542541504,0.7199959754943848,0.01628703996539116,-0.2899850308895111,1.9277746677398682,0.8754183053970337,0.05037214607000351,-0.27959954738616943,1.350000023841858,0.7837123274803162,-0.07884243130683899,0.45159590244293213,-0.8941599726676941,1.0470631122589111,0.7699697017669678,0.07642403990030289,0.7479269504547119,-0.9837062358856201,0.873920738697052
0.05720364302396774,-0.5705106258392334,0.82246994972229,0.03336702287197113,0.029294636100530624,-0.6115856170654297,0.7899312973022461,0.7373547554016113,0.010586575604975224,-0.4411361813545227,1.8170926570892334,0.8378894329071045,0.03274189308285713,-0.4247027635574341,1.350000023841858,0.784302294254303,-0.08522637188434601,0.5019148588180542,-0.9004640579223633,1.0337656736373901,0.7585044503211975,0.04765145480632782,0.7512340545654297,-0.967255711555481,0.8785874247550964
0.05697821080684662,-0.571617841720581,0.8125487565994263,0.03333890065550804,0.04737229645252228,-0.6176166534423828,0.7843431234359741,0.6735954284667969,0.006881273817270994,-0.5829655528068542,1.7140769958496094,0.7591095566749573,0.02128222957253456,-0.5526618957519531,1.350000023841858,0.7737975120544434,-0.0786336213350296,0.5858227014541626,-0.9582226276397705,1.0184992551803589,0.7161290645599365,0.016693376004695892,0.7645540833473206,-0.9993321299552917,0.8890500068664551
0.055561162531375885,-0.5766475796699524,0.7918820977210999,0.02973567321896553,0.05743812024593353,-0.6241961717605591,0.7785858511924744,0.5651968121528625,0.004472828470170498,-0.6901556253433228,1.5707660913467407,0.6336426734924316,0.013833449222147465,-0.6551469564437866,1.3259923458099365,0.7590155601501465,-0.053895074874162674,0.6728109121322632,-1.080268383026123,1.0022709369659424,0.7016590237617493,-0.012489423155784607,0.7871328592300415,-1.0905616283416748,0.9059674143791199
0.0548982247710228,-0.5849454998970032,0.7620518207550049,0.0294917281717062,0.06314874440431595,-0.6289011836051941,0.7743551135063171,0.39985987544059753,0.0029073383193463087,-0.7353479862213135,1.4287145137786865,0.48322874307632446,0.008991741575300694,-0.723585307598114,1.2691502571105957,0.7452894449234009,-0.0341888926923275,0.7541280388832092,-1.234601378440857,1.004015564918518,0.6970136761665344,-0.028976287692785263,0.8267160654067993,-1.2198984622955322,0.9349260330200195
0.05491265654563904,-0.59425950050354,0.7384394407272339,0.03377826511859894,0.07081664353609085,-0.6305845975875854,0.7721444964408875,0.17130109667778015,0.001889769802801311,-0.6341034173965454,1.3631466627120972,0.26701849699020386,0.00584463169798255,-0.6543460488319397,1.2365152835845947,0.7232193350791931,-0.019880222156643867,0.8152028322219849,-1.3578602075576782,1.0096919536590576,0.6801900863647461,-0.03481663763523102,0.8596253395080566,-1.3279333114624023,0.9557905793190002
0.05423758924007416,-0.6009165048599243,0.7300896644592285,0.03666073456406593,0.0762254074215889,-0.6299691200256348,0.7720003724098206,-0.03379245102405548,0.001228350680321455,-0.3476330041885376,1.4253137111663818,0.05091773718595505,0.0037990170530974865,-0.4110094904899597,1.29264235496521,0.6952688097953796,-0.0023526567965745926,0.8429903984069824,-1.415763258934021,1.0057032108306885,0.6578139066696167,-0.030620940029621124,0.8622353672981262,-1.381536841392517,0.953728437423706
0.054368577897548676,-0.6044111847877502,0.736722469329834,0.03679277002811432,0.0783587172627449,-0.6245299577713013,0.7761884927749634,-0.1437678337097168,0.004810412414371967,-0.007533550262451172,1.527205467224121,-0.09381597489118576,0.002469361061230302,-0.12394770979881287,1.350000023841858,0.6703122854232788,0.011282611638307571,0.8383766412734985,-1.4032728672027588,0.9695384502410889,0.6380789875984192,-0.023035705089569092,0.840713381767273,-1.3779963254928589,0.9211888313293457
0.05529104173183441,-0.6039237976074219,0.7530583143234253,0.03583536297082901,0.08076450973749161,-0.6171546578407288,0.781865119934082,-0.22996288537979126,0.05123500898480415,0.26419058442115784,1.6036419868469238,-0.20661702752113342,0.03526584431529045,0.11560332030057907,1.350000023841858,0.6538844704627991,0.017353782430291176,0.8241456747055054,-1.3399465084075928,0.9078128337860107,0.6243197917938232,-0.020835362374782562,0.8105521202087402,-1.32725191116333,0.8647100925445557
0.05695429444313049,-0.6024094223976135,0.7713611721992493,0.03250511735677719,0.0827571377158165,-0.6072586178779602,0.7895135879516602,-0.3214547038078308,0.1315954327583313,0.50813227891922,1.6693620681762695,-0.31184500455856323,0.1082608625292778,0.3408341705799103,1.350000023841858,0.6521878242492676,0.02078092470765114,0.8051305413246155,-1.2605981826782227,0.8420565128326416,0.6243088841438293,-0.02202274277806282,0.7685613632202148,-1.2587546110153198,0.8022419810295105
0.059240274131298065,-0.6021159887313843,0.787954568862915,0.028279481455683708,0.08648956567049026,-0.5960139036178589,0.7978014349937439,-0.4162249267101288,0.23189835250377655,0.735130786895752,1.730271577835083,-0.4094234108924866,0.21782176196575165,0.5586878061294556,1.350000023841858,0.6642476320266724,0.022433793172240257,0.7831339836120605,-1.1849753856658936,0.784802258014679,0.6334574222564697,-0.028983933851122856,0.7216750383377075,-1.1865991353988647,0.7432256937026978
0.06093105673789978,-0.6024442911148071,0.8018753528594971,0.024927809834480286,0.09043066203594208,-0.5880042910575867,0.8034001588821411,-0.5072746872901917,0.3434588313102722,0.946258544921875,1.7901209592819214,-0.5076695680618286,0.3455542325973511,0.7673121690750122,1.350000023841858,0.6862035989761353,0.021079935133457184,0.7535765767097473,-1.1258817911148071,0.7407561540603638,0.6465715169906616,-0.04188155010342598,0.6798027157783508,-1.1154786348342896,0.6935741305351257
0.060336243361234665,-0.6042410135269165,0.8077514171600342,0.021570034325122833,0.09214560687541962,-0.5828113555908203,0.8070780038833618,-0.6006325483322144,0.4789983034133911,1.1824359893798828,1.8608133792877197,-0.6229791641235352,0.5016802549362183,1.0075054168701172,1.350000023841858,0.7167714834213257,0.025531083345413208,0.7194018959999084,-1.1108187437057495,0.7340141534805298,0.6669909954071045,-0.06050045043230057,0.6496080756187439,-1.0667872428894043,0.678533673286438
0.05548473075032234,-0.6048054099082947,0.8100710511207581,0.019420547410845757,0.09184564650058746,-0.5798577666282654,0.8092911839485168,-0.6911585330963135,0.6207872629165649,1.415420651435852,1.9198987483978271,-0.7436920404434204,0.657373309135437,1.253643274307251,1.350000023841858,0.7374973297119141,0.030876077711582184,0.6779430508613586,-1.1177780628204346,0.741898238658905,0.6899312734603882,-0.08598662912845612,0.6272556781768799,-1.0282857418060303,0.6812265515327454
0.04663315415382385,-0.6042677164077759,0.8106406927108765,0.018648553639650345,0.0884203091263771,-0.5797578692436218,0.8097622990608215,-0.7959837913513184,0.8155018091201782,1.664245367050171,1.9352045059204102,-0.889617383480072,0.8250901699066162,1.533750295639038,1.350000023841858,0.751274824142456,0.033203355967998505,0.6343563199043274,-1.1444957256317139,0.7671037316322327,0.7152804136276245,-0.1158706545829773,0.6131867170333862,-1.0041329860687256,0.7055801749229431
0.034556835889816284,-0.5996202826499939,0.8144769072532654,0.013729854486882687,0.08409956097602844,-0.5731577277183533,0.81500244140625,-0.8186404705047607,1.1431455612182617,1.875885009765625,1.8963813781738281,-1.0667628049850464,0.9664669036865234,1.7910630702972412,1.350000023841858,0.7514058947563171,0.035166386514902115,0.5956385135650635,-1.1475799083709717,0.791549801826477,0.7370909452438354,-0.14726565778255463,0.5814536213874817,-0.9628803730010986,0.717525839805603
0.02224232256412506,-0.591469943523407,0.8135128021240234,-0.002704725367948413,0.07562639564275742,-0.5737547278404236,0.815523624420166,-0.7871025800704956,1.5121558904647827,2.0134506225585938,1.8468577861785889,-1.0573610067367554,1.2071356773376465,1.9583165645599365,1.350000023841858,0.753362774848938,0.056905753910541534,0.5698134899139404,-1.168630838394165,0.8487008810043335,0.7478458285331726,-0.1767881214618683,0.5319005250930786,-0.9362057447433472,0.752349853515625
0.010958567261695862,-0.5844402313232422,0.8098798990249634,-0.01259920746088028,0.06618814915418625,-0.5783868432044983,0.8129754662513733,-0.7829284071922302,1.8302788734436035,2.1028666496276855,1.784548044204712,-0.9754060506820679,1.496427297592163,2.0670132637023926,1.350000023841858,0.7458449602127075,0.06791356205940247,0.5516842007637024,-1.2141644954681396,0.8967618942260742,0.7459272146224976,-0.19630493223667145,0.5092949867248535,-0.9320656061172485,0.7844001054763794
0.0015717255882918835,-0.5814505219459534,0.8077189922332764,-0.019744327291846275,0.060970239341259,-0.5780113339424133,0.8135082721710205,-0.7852983474731445,2.0745110511779785,2.1579508781433105,1.7493946552276611,-0.9141895771026611,1.7142069339752197,2.1368136405944824,1.350000023841858,0.7307904958724976,0.08308162540197372,0.5479632019996643,-1.2870209217071533,0.9403359889984131,0.7443548440933228,-0.2174953818321228,0.49806416034698486,-0.9408074617385864,0.8387722969055176
-0.0074352361261844635,-0.5783542394638062,0.7991897463798523,-0.02730310708284378,0.05243472382426262,-0.5697609186172485,0.8196814060211182,-0.879578709602356,2.3586039543151855,2.1967856884002686,1.715232014656067,-0.8988769054412842,1.9894466400146484,2.18125581741333,1.350000023841858,0.680313229560852,0.10430039465427399,0.5365402698516846,-1.3758927583694458,0.9552847146987915,0.7209479808807373,-0.22306963801383972,0.5123277306556702,-0.9929449558258057,0.8494362831115723
-0.014285329729318619,-0.5770615935325623,0.785785973072052,-0.029133113101124763,0.0457962267100811,-0.5547363758087158,0.8302538990974426,-0.9998141527175903,2.6085989475250244,2.222036123275757,1.7168678045272827,-0.9180678725242615,2.238309621810913,2.21185302734375,1.350000023841858,0.5844302773475647,0.1133999302983284,0.5326602458953857,-1.4887330532073975,0.9508382081985474,0.6712111830711365,-0.21678976714611053,0.5605158805847168,-1.0740628242492676,0.8622092008590698
-0.02131190523505211,-0.574734628200531,0.7727075815200806,-0.021239494904875755,0.04146874323487282,-0.5377283096313477,0.8418298959732056,-1.150529384613037,2.795142412185669,2.2384488582611084,1.7666172981262207,-0.9978066682815552,2.4816083908081055,2.2318294048309326,1.350000023841858,0.4454503059387207,0.09938874840736389,0.5382114052772522,-1.6000945568084717,0.9127575755119324,0.5435117483139038,-0.178672194480896,0.6492174863815308,-1.1682789325714111,0.8618665337562561
-0.03004596009850502,-0.5727117657661438,0.755569338798523,-0.007271321956068277,0.04213099554181099,-0.5202181339263916,0.8529626131057739,-1.2880909442901611,2.9163990020751953,2.249113082885742,1.8488532304763794,-1.1073579788208008,2.711601495742798,2.24481463432312,1.350000023841858,0.3203037977218628,0.08330653607845306,0.5856470465660095,-1.734205722808838,0.8393233418464661,0.3688265085220337,-0.10878084599971771,0.7788755893707275,-1.3097994327545166,0.8471304774284363
-0.038977280259132385,-0.5721356272697449,0.7269869446754456,0.0037911960389465094,0.04859432578086853,-0.5016376972198486,0.8637035489082336,-1.3851463794708252,2.995215892791748,2.249298334121704,1.9173386096954346,-1.2114745378494263,2.8620972633361816,2.246253728866577,1.350000023841858,0.2248988151550293,0.0891086682677269,0.6611778736114502,-1.8809378147125244,0.7602828741073608,0.22449271380901337,-0.041817210614681244,0.9262694120407104,-1.4681073427200317,0.8383068442344666
-0.048791661858558655,-0.5706773996353149,0.6859779953956604,0.010098230093717575,0.056068189442157745,-0.4849296510219574,0.8726956248283386,-1.450124979019165,3.0464468002319336,2.2227988243103027,1.9833781719207764,-1.3302061557769775,2.9599196910858154,2.2217769622802734,1.350000023841858,0.1558595597743988,0.11600714176893234,0.7744123935699463,-2.0498483180999756,0.6549964547157288,0.12483230233192444,0.013241998851299286,1.1049211025238037,-1.6575599908828735,0.7977361679077148
-0.05630221962928772,-0.5726281404495239,0.6403247117996216,0.019054315984249115,0.06268242001533508,-0.471513569355011,0.8794218301773071,-1.492361068725586,3.079746961593628,2.181004524230957,2.048703670501709,-1.4144139289855957,3.0235042572021484,2.1587908267974854,1.350000023841858,0.10037965327501297,0.13957925140857697,0.8615788221359253,-2.187612295150757,0.5990903377532959,0.07222595810890198,0.06078643724322319,1.2932453155517578,-1.833162546157837,0.7453328371047974
-0.061163220554590225,-0.576650083065033,0.5973743200302124,0.03160218521952629,0.06603924185037613,-0.4610321521759033,0.8843582272529602,-1.5198146104812622,3.1013917922973633,2.1406028270721436,2.1087875366210938,-1.4691489934921265,3.0648341178894043,2.0559070110321045,1.350000023841858,0.05092843994498253,0.15120980143547058,0.8961400985717773,-2.2771589756011963,0.6141282320022583,0.053132377564907074,0.10576637089252472,1.4579365253448486,-1.9741723537445068,0.7125899791717529
-0.06421270966529846,-0.5803565979003906,0.559436559677124,0.04752873629331589,0.06888169050216675,-0.45293328166007996,0.8876078128814697,-1.5376594066619873,3.1154613494873047,2.1036183834075928,2.166633129119873,-1.504726767539978,3.09169864654541,1.9192333221435547,1.350000023841858,0.0074834320694208145,0.15201973915100098,0.9097461104393005,-2.33536434173584,0.6937530040740967,0.056879304349422455,0.14971408247947693,1.6060802936553955,-2.0778119564056396,0.7001582980155945
-0.06676047295331955,-0.5816305875778198,0.5380165576934814,0.0641523003578186,0.07341726869344711,-0.44712305068969727,0.8891431093215942,-1.5492584705352783,3.124606132507324,2.067567825317383,2.2273120880126953,-1.5278522968292236,3.1091604232788086,1.755394697189331,1.350000023841858,-0.024819768965244293,0.1500636339187622,0.929334819316864,-2.3731977939605713,0.8174529671669006,0.07324956357479095,0.18940863013267517,1.7391633987426758,-2.13840389251709,0.7011180520057678
-0.06795486062765121,-0.5818637609481812,0.5233842134475708,0.0795324444770813,0.07426732033491135,-0.44648322463035583,0.888150691986084,-1.556797981262207,3.1305503845214844,2.0325849056243896,2.2861692905426025,-1.5428838729858398,3.1205105781555176,1.5913941860198975,1.350000023841858,-0.0433291494846344,0.13989627361297607,0.95674729347229,-2.397789478302002,0.8978644013404846,0.0868769958615303,0.2271173596382141,1.8329474925994873,-2.1716830730438232,0.7174721956253052
-0.06909070909023285,-0.5817371010780334,0.5131354928016663,0.09373926371335983,0.07273092120885849,-0.4485815763473511,0.8858315944671631,-1.5616986751556396,3.1344141960144043,1.9977326393127441,2.341447353363037,-1.552654504776001,3.1278882026672363,1.4453978538513184,1.350000023841858,-0.051069483160972595,0.12901876866817474,0.9991521835327148,-2.413774013519287,0.9501318335533142,0.0927489846944809,0.26756882667541504,1.8939112424850464,-2.191600799560547,0.751893162727356
-0.07134640961885452,-0.582308292388916,0.504638671875,0.10679176449775696,0.07235883921384811,-0.450406551361084,0.8834555149078369,-1.5648839473724365,3.13692569732666,1.9631657600402832,2.392749309539795,-1.5590052604675293,3.132683753967285,1.326474666595459,1.350000023841858,-0.04646793007850647,0.12480442225933075,1.0542372465133667,-2.424164056777954,0.98410564661026,0.09079129248857498,0.3091229796409607,1.9335377216339111,-2.2067208290100098,0.8007960915565491
-0.07512005418539047,-0.5830376744270325,0.49708741903305054,0.11792200058698654,0.07584248483181,-0.4528404474258423,0.8804985880851746,-1.5669543743133545,3.1385583877563477,1.9263038635253906,2.440924644470215,-1.5631332397460938,3.135800838470459,1.2364230155944824,1.350000023841858,-0.028182227164506912,0.12650901079177856,1.1197084188461304,-2.430917501449585,1.0061886310577393,0.07590728998184204,0.35294675827026367,1.9592949151992798,-2.208127498626709,0.8656161427497864
-0.0799696296453476,-0.5844979882240295,0.49001890420913696,0.12613685429096222,0.08078237622976303,-0.45309871435165405,0.8787862658500671,-1.5683002471923828,3.1396193504333496,1.8923711776733398,2.4723565578460693,-1.5658164024353027,3.137826919555664,1.1706795692443848,1.350000023841858,0.0035315584391355515,0.12957830727100372,1.1838325262069702,-2.435307264328003,1.0205426216125488,0.057446613907814026,0.38986024260520935,1.9760371446609497,-2.209662437438965,0.9223324060440063
-0.08573846518993378,-0.5851265788078308,0.4836850166320801,0.1290445774793625,0.09027684479951859,-0.4529212415218353,0.877530574798584,-1.5691750049591064,3.1403088569641113,1.8577351570129395,2.4927871227264404,-1.5675606727600098,3.139143943786621,1.126760721206665,1.350000023841858,0.04273755103349686,0.14286483824253082,1.2532655000686646,-2.4381606578826904,1.0298726558685303,0.03131476044654846,0.4133332371711731,1.9869195222854614,-2.2047324180603027,0.9660294651985168
-0.09230892360210419,-0.5860086679458618,0.4776732921600342,0.12626919150352478,0.10058452934026718,-0.45188507437705994,0.8773475885391235,-1.5697436332702637,3.1407570838928223,1.8253244161605835,2.5060670375823975,-1.5686943531036377,3.1399998664855957,1.098966121673584,1.350000023841858,0.0907193198800087,0.16346874833106995,1.3199275732040405,-2.4400153160095215,1.0359371900558472,0.0011296644806861877,0.41748350858688354,1.9939930438995361,-2.2048158645629883,0.9944390058517456
-0.09952569752931595,-0.5872539281845093,0.4717566668987274,0.11679565161466599,0.1115611344575882,-0.45059382915496826,0.877996563911438,-1.570113182067871,3.1410484313964844,1.7955796718597412,2.5146989822387695,-1.5694313049316406,3.1405563354492188,1.0850446224212646,1.350000023841858,0.1459866613149643,0.19451886415481567,1.3875715732574463,-2.441220760345459,1.0398790836334229,-0.033270303159952164,0.3991396129131317,1.9985909461975098,-2.2124905586242676,1.0129053592681885
-0.10703195631504059,-0.589104950428009,0.4652301073074341,0.10162357985973358,0.12188638001680374,-0.4500137269496918,0.878808319568634,-1.5703535079956055,3.141237735748291,1.7709654569625854,2.5203096866607666,-1.5699102878570557,3.140918254852295,1.0804331302642822,1.350000023841858,0.20912791788578033,0.23544377088546753,1.4552669525146484,-2.442004442214966,1.0424413681030273,-0.07134175300598145,0.3610656261444092,2.001579523086548,-2.2306718826293945,1.024908423423767
-0.11451539397239685,-0.5912753939628601,0.45760971307754517,0.08201263844966888,0.13036414980888367,-0.45154309272766113,0.8788560628890991,-1.570509672164917,3.1413612365722656,1.7536909580230713,2.523956775665283,-1.5702216625213623,3.141153335571289,1.0829331874847412,1.350000023841858,0.27995017170906067,0.28406810760498047,1.5237414836883545,-2.4425137042999268,1.0441068410873413,-0.11406432837247849,0.308279812335968,2.0035219192504883,-2.259030818939209,1.0327104330062866
-0.12144877761602402,-0.5938489437103271,0.4487534165382385,0.05957969278097153,0.1364034116268158,-0.45513322949409485,0.8778941035270691,-1.5706112384796143,3.1414413452148438,1.7467271089553833,2.52632737159729,-1.5704240798950195,3.141305923461914,1.0916504859924316,1.350000023841858,0.3565187454223633,0.3375524878501892,1.592017412185669,-2.442844867706299,1.045189380645752,-0.15844282507896423,0.2428356409072876,2.00478458404541,-2.2915501594543457,1.0377817153930664
-0.12724250555038452,-0.5962820053100586,0.43943291902542114,0.03704061731696129,0.13964276015758514,-0.45990756154060364,0.8761352300643921,-1.5706772804260254,3.141493320465088,1.7500698566436768,2.5278682708740234,-1.5705554485321045,3.1414051055908203,1.103994607925415,1.350000023841858,0.433106005191803,0.3862769901752472,1.6584399938583374,-2.4430601596832275,1.0458930730819702,-0.19964198768138885,0.17599689960479736,2.0056052207946777,-2.3247928619384766,1.0410780906677246
-0.13168707489967346,-0.5988308191299438,0.4303759038448334,0.015563925728201866,0.14055085182189941,-0.4642181694507599,0.8743596076965332,-1.5707201957702637,3.1415271759033203,1.7609286308288574,2.528224229812622,-1.570641040802002,3.141469955444336,1.11849045753479,1.350000023841858,0.5059061646461487,0.4279273748397827,1.7199832201004028,-2.44320011138916,1.0463504791259766,-0.23570045828819275,0.11342839896678925,2.006138801574707,-2.3555374145507812,1.0432207584381104
-0.13476282358169556,-0.6013279557228088,0.4218822717666626,-0.004175636451691389,0.1398560255765915,-0.466871440410614,0.8731860518455505,-1.5707480907440186,3.1415491104125977,1.7758686542510986,2.52451229095459,-1.5706965923309326,3.141511917114258,1.1323168277740479,1.350000023841858,0.5743805170059204,0.4606442153453827,1.7767996788024902,-2.443290948867798,1.0466477870941162,-0.265476793050766,0.05830847844481468,2.0064847469329834,-2.3830926418304443,1.0446134805679321
-0.13729137182235718,-0.6033951044082642,0.41439786553382874,-0.022081095725297928,0.13839787244796753,-0.4662673771381378,0.8734719157218933,-1.5707662105560303,3.1415634155273438,1.7930231094360352,2.5162441730499268,-1.570732593536377,3.1415390968322754,1.145849585533142,1.350000023841858,0.6283938884735107,0.49359744787216187,1.824343204498291,-2.443350076675415,1.046841025352478,-0.2889867126941681,0.010245824232697487,2.0067098140716553,-2.4042210578918457,1.0455186367034912
-0.13928361237049103,-0.6044763326644897,0.4090157747268677,-0.03708786517381668,0.13854093849658966,-0.4644354283809662,0.8739168643951416,-1.5707778930664062,3.1415724754333496,1.8109965324401855,2.5054526329040527,-1.570756196975708,3.141556739807129,1.1587282419204712,1.350000023841858,0.665878415107727,0.5213697552680969,1.8631223440170288,-2.4433884620666504,1.046966552734375,-0.30528774857521057,-0.029363518580794334,2.0068557262420654,-2.417954683303833,1.0461070537567139
-0.14110875129699707,-0.6052584052085876,0.40493834018707275,-0.04838762804865837,0.13757745921611786,-0.4638529419898987,0.8738258481025696,-1.5707855224609375,3.1415786743164062,1.827897548675537,2.4918479919433594,-1.5707714557647705,3.141568183898926,1.1709036827087402,1.350000023841858,0.6941008567810059,0.5431695580482483,1.8907133340835571,-2.443413496017456,1.0470482110977173,-0.319060742855072,-0.06165476515889168,2.006950616836548,-2.4268815517425537,1.0464894771575928
-0.14223019778728485,-0.6053413152694702,0.4016307294368744,-0.05741395428776741,0.13551536202430725,-0.4635712206363678,0.8737510442733765,-1.5707905292510986,3.141582489013672,1.8434116840362549,2.476987838745117,-1.5707814693450928,3.141575813293457,1.1812766790390015,1.350000023841858,0.7147804498672485,0.5629664659500122,1.910455346107483,-2.443429708480835,1.0471012592315674,-0.32820555567741394,-0.08558668196201324,2.007012367248535,-2.4326839447021484,1.0467381477355957
-0.14303529262542725,-0.6049944162368774,0.3991517424583435,-0.06457584351301193,0.1334906369447708,-0.46335986256599426,0.8736749887466431,-1.570793867111206,3.141584873199463,1.8571534156799316,2.462263584136963,-1.5707879066467285,3.141580581665039,1.189302921295166,1.350000023841858,0.7299162745475769,0.5786651372909546,1.9253309965133667,-2.4434401988983154,1.047135829925537,-0.3348947763442993,-0.10429443418979645,2.0070526599884033,-2.436455488204956,1.0468997955322266
-0.14362406730651855,-0.6044778227806091,0.39731520414352417,-0.06997773051261902,0.13201087713241577,-0.46319618821144104,0.8735705614089966,-1.570796012878418,3.1415867805480957,1.8694446086883545,2.4489951133728027,-1.5707919597625732,3.1415839195251465,1.1954998970031738,1.350000023841858,0.7411869764328003,0.5908044576644897,1.93638014793396,-2.4434471130371094,1.0471582412719727,-0.340207040309906,-0.11881810426712036,2.0070786476135254,-2.4389069080352783,1.0470048189163208
-0.14392131567001343,-0.6037932634353638,0.3962486982345581,-0.07387212663888931,0.1311599165201187,-0.46328186988830566,0.8733326196670532,-1.5707972049713135,3.141587734222412,1.8803892135620117,2.437284469604492,-1.5707945823669434,3.1415858268737793,1.2001081705093384,1.350000023841858,0.7495421767234802,0.5990747809410095,1.943638801574707,-2.4434516429901123,1.0471727848052979,-0.3445451855659485,-0.12979047000408173,2.0070953369140625,-2.440500497817993,1.0470731258392334
-0.1439710259437561,-0.6028827428817749,0.39580801129341125,-0.07660683989524841,0.13052679598331451,-0.4636562168598175,0.8729932308197021,-1.5707980394363403,3.1415886878967285,1.8901070356369019,2.4275331497192383,-1.5707964897155762,3.141587257385254,1.203521966934204,1.350000023841858,0.7555145621299744,0.6040546894073486,1.9476847648620605,-2.4434545040130615,1.047182321548462,-0.34790682792663574,-0.1375690996646881,2.007106304168701,-2.441527843475342,1.0471174716949463
-0.1438170224428177,-0.6017953753471375,0.3956998884677887,-0.07854912430047989,0.13002707064151764,-0.4638572633266449,0.8727883100509644,-1.570798635482788,3.1415891647338867,1.8986647129058838,2.4198403358459473,-1.5707976818084717,3.1415882110595703,1.2060534954071045,1.350000023841858,0.7596960663795471,0.6070824861526489,1.9497528076171875,-2.4434564113616943,1.0471885204315186,-0.35021859407424927,-0.14279058575630188,2.007113456726074,-2.442153215408325,1.0471463203430176
-0.1435176581144333,-0.6003445386886597,0.39578020572662354,-0.07975789904594421,0.12982144951820374,-0.464395672082901,0.8724228739738464,-1.5707989931106567,3.141589641571045,1.9062285423278809,2.4139933586120605,-1.570798397064209,3.1415886878967285,1.2079534530639648,1.350000023841858,0.7624742984771729,0.6094134449958801,1.9502079486846924,-2.44345760345459,1.0471925735473633,-0.351773202419281,-0.14638939499855042,2.007117986679077,-2.442035675048828,1.0471651554107666
-0.14308154582977295,-0.598678708076477,0.3960072100162506,-0.0804867297410965,0.12974561750888824,-0.4649772644042969,0.8720574378967285,-1.5707992315292358,3.141589641571045,1.912949800491333,2.409705400466919,-1.5707988739013672,3.1415891647338867,1.2093849182128906,1.350000023841858,0.7642415165901184,0.611504316329956,1.9492385387420654,-2.443458318710327,1.0471951961517334,-0.3527529239654541,-0.14873097836971283,2.0071208477020264,-2.44155216217041,1.0471773147583008
-0.14259225130081177,-0.5967913866043091,0.39633703231811523,-0.08076491206884384,0.12998826801776886,-0.46565210819244385,0.871635377407074,-1.5707993507385254,3.141589641571045,1.9188278913497925,2.4067330360412598,-1.5707991123199463,3.141589641571045,1.2107055187225342,1.350000023841858,0.7650930881500244,0.6133074164390564,1.9473955631256104,-2.4434587955474854,1.047196865081787,-0.35331642627716064,-0.15032345056533813,2.007122755050659,-2.4409265518188477,1.0471851825714111
