0.0024311679881066084,-0.3200141489505768,0.736601710319519,0.03233378008008003,-0.049309998750686646,-0.652090847492218,0.7558442950248718,0.10533430427312851,9.994827477381296e-18,-0.1204971894621849,0.2513923943042755,0.13501451909542084,2.336478677327291e-17,-0.0754946619272232,0.2400776743888855,0.46268513798713684,-0.17171184718608856,0.8729368448257446,-0.7085145115852356,1.047196388244629,0.27267441153526306,0.16095326840877533,1.0363253355026245,-1.0093473196029663,1.0056761503219604
5.4015195928514004e-05,-0.3109181523323059,0.721541166305542,0.03255026042461395,-0.03402567282319069,-0.6588267087936401,0.7508195638656616,0.08949421346187592,-7.733366967859297e-18,-0.21869994699954987,0.4025130271911621,0.1624913513660431,2.5163234589279578e-17,-0.14915484189987183,0.35875973105430603,0.4642517566680908,-0.1586957573890686,0.9700218439102173,-0.9243905544281006,1.0100489854812622,0.252680242061615,0.11148983985185623,1.1151037216186523,-1.1632024049758911,0.9576844573020935
-0.0010440293699502945,-0.3073849678039551,0.7066819071769714,0.03558790311217308,-0.0167873315513134,-0.6644943356513977,0.7462566494941711,0.0007404647767543793,2.0565452359733172e-05,-0.3446936011314392,0.7681066989898682,0.11774764209985733,1.487508234276902e-05,-0.2594636380672455,0.6602604389190674,0.4407811164855957,-0.129828542470932,1.06629478931427,-1.103182077407837,0.9791916608810425,0.22539782524108887,0.07553796470165253,1.193826675415039,-1.2952532768249512,0.91176438331604
-0.001720002619549632,-0.30330270528793335,0.6900066137313843,0.03986075520515442,-0.00307025876827538,-0.6677300930023193,0.7433291077613831,-0.03878181427717209,2.8431049940991215e-05,-0.42589157819747925,1.006461501121521,0.10075693577528,2.309571937075816e-05,-0.3347490429878235,0.8603442907333374,0.39989662170410156,-0.09523899108171463,1.1472632884979248,-1.241175889968872,0.9340029358863831,0.19631032645702362,0.058881647884845734,1.2615476846694946,-1.3954250812530518,0.8550745248794556
-0.002020109910517931,-0.29964298009872437,0.6731058359146118,0.04340486228466034,0.006593246944248676,-0.6694956421852112,0.7415174245834351,-0.050699032843112946,3.7148885894566774e-05,-0.4779771566390991,1.1607340574264526,0.09716252237558365,3.1365132599603385e-05,-0.38636553287506104,0.993011474609375,0.35669565200805664,-0.06175077706575394,1.2131505012512207,-1.3517835140228271,0.8799079656600952,0.17243805527687073,0.051668182015419006,1.3157421350479126,-1.4725661277770996,0.7957427501678467
-0.002116583287715912,-0.29660096764564514,0.6572369337081909,0.046130042523145676,0.013253925368189812,-0.6703037023544312,0.7405331134796143,-0.051133863627910614,4.471785723580979e-05,-0.5126146674156189,1.2594521045684814,0.09842986613512039,3.912347892764956e-05,-0.42193803191185,1.0807262659072876,0.3173724114894867,-0.03267962113022804,1.26687490940094,-1.4392526149749756,0.8228881359100342,0.15521086752414703,0.048900097608566284,1.3591210842132568,-1.5312728881835938,0.7398990988731384
-0.002052395837381482,-0.29422134160995483,0.6432097554206848,0.048144951462745667,0.017861150205135345,-0.6705837249755859,0.7400544285774231,-0.04556671902537346,5.090431295684539e-05,-0.5359786152839661,1.3223209381103516,0.10158039629459381,4.509667633101344e-05,-0.44671493768692017,1.138840675354004,0.2841259837150574,-0.00881120003759861,1.3103611469268799,-1.5082831382751465,0.7682042121887207,0.14363037049770355,0.047813236713409424,1.3934414386749268,-1.5760078430175781,0.6903843879699707
-0.0019020217005163431,-0.2923843264579773,0.6314650774002075,0.04961932450532913,0.021049920469522476,-0.67054682970047,0.7399065494537354,-0.037565577775239944,5.612582026515156e-05,-0.5520403385162354,1.3620878458023071,0.10534945130348206,4.97042310598772e-05,-0.464084267616272,1.17769455909729,0.2570715546607971,0.010114282369613647,1.3448816537857056,-1.5617170333862305,0.7187461853027344,0.136332705616951,0.04725711792707443,1.420046329498291,-1.6095046997070312,0.6478701829910278
-0.0017003573011606932,-0.2909530699253082,0.623875617980957,0.0506829209625721,0.02316530980169773,-0.6703469157218933,0.7399525046348572,-0.028106069192290306,6.076947465771809e-05,-0.5625728964805603,1.3868650197982788,0.10983128845691681,5.369551945477724e-05,-0.47569334506988525,1.2034696340560913,0.23548346757888794,0.024436328560113907,1.371506929397583,-1.6020314693450928,0.6758575439453125,0.13246488571166992,0.046752139925956726,1.4396796226501465,-1.6330527067184448,0.612284779548645
-0.0014942482812330127,-0.2898523807525635,0.6234712600708008,0.05147552117705345,0.024604035541415215,-0.6700460314750671,0.7401238083839417,-0.021872777491807938,6.415701500372961e-05,-0.5704333782196045,1.4021326303482056,0.11289915442466736,5.670877726515755e-05,-0.48350974917411804,1.2206026315689087,0.21861004829406738,0.035359352827072144,1.3919965028762817,-1.6313081979751587,0.6399838924407959,0.1308010220527649,0.046342626214027405,1.4544432163238525,-1.6490905284881592,0.5837603211402893
-0.0013060529017820954,-0.289005845785141,0.6231793165206909,0.052114393562078476,0.025651175528764725,-0.6696814298629761,0.7403734922409058,-0.018226096406579018,6.622832006542012e-05,-0.5767965316772461,1.4120090007781982,0.11462119221687317,5.8609224652173e-05,-0.4889773428440094,1.2320606708526611,0.20574365556240082,0.0435466505587101,1.4078149795532227,-1.6524035930633545,0.6114447712898254,0.13053418695926666,0.04583164304494858,1.465553641319275,-1.6600255966186523,0.5620039701461792
-0.0011359946802258492,-0.28836560249328613,0.6229154467582703,0.05258277431130409,0.026362139731645584,-0.6693950295448303,0.7405743598937988,-0.015519511885941029,6.821089482400566e-05,-0.5815814137458801,1.4186023473739624,0.11496822535991669,5.9876791056012735e-05,-0.49297791719436646,1.2397481203079224,0.1962164342403412,0.04961282014846802,1.4194756746292114,-1.6677213907241821,0.5895695090293884,0.13075944781303406,0.04533843323588371,1.4737958908081055,-1.6677558422088623,0.5459182262420654
0.001297137700021267,-0.30035486817359924,0.6137704253196716,0.053476668894290924,0.019777463749051094,-0.6684686541557312,0.7415515780448914,-0.05512956529855728,0.013252032920718193,-0.5911434292793274,1.399993658065796,0.05779147893190384,0.0008400165825150907,-0.5203642845153809,1.1909327507019043,0.20815354585647583,0.054018065333366394,1.4697189331054688,-1.6591861248016357,0.5319480895996094,0.15724018216133118,0.08594529330730438,1.5101385116577148,-1.6662720441818237,0.49569016695022583
0.0028776698745787144,-0.3080708086490631,0.6070683002471924,0.054235778748989105,0.014934231527149677,-0.6686660647392273,0.7414318323135376,-0.07962054014205933,0.01982785388827324,-0.5961723923683167,1.382375717163086,0.027385644614696503,0.0012190497945994139,-0.5414281487464905,1.1456108093261719,0.22409331798553467,0.04971252381801605,1.5133916139602661,-1.6629018783569336,0.4627291262149811,0.17296239733695984,0.11328625679016113,1.5451774597167969,-1.6752357482910156,0.4325793385505676
0.003950150217860937,-0.3129647970199585,0.6023387908935547,0.054836206138134,0.011358225718140602,-0.6692933440208435,0.7408849000930786,-0.09306642413139343,0.021819092333316803,-0.5981249809265137,1.3648030757904053,0.013377593830227852,0.0013660008553415537,-0.558285117149353,1.1054725646972656,0.23794487118721008,0.04400300607085228,1.5498851537704468,-1.672122836112976,0.39372292160987854,0.183026522397995,0.1312796026468277,1.5765645503997803,-1.687544822692871,0.3674689531326294
0.0047058528289198875,-0.31604617834091187,0.5991687774658203,0.05521901696920395,0.008792008273303509,-0.670001208782196,0.7402513027191162,-0.10070477426052094,0.0219408106058836,-0.5980680584907532,1.349472999572754,0.008522145450115204,0.0014525916194543242,-0.5724762082099915,1.0715454816818237,0.2481057345867157,0.03966335952281952,1.5794025659561157,-1.6826324462890625,0.33109578490257263,0.18987181782722473,0.14268212020397186,1.6029824018478394,-1.6996355056762695,0.3066212236881256
0.005252488888800144,-0.31798553466796875,0.59714674949646,0.055500905960798264,0.007062153425067663,-0.6706332564353943,0.7396761775016785,-0.10506362468004227,0.021136069670319557,-0.5968717336654663,1.3369858264923096,0.008425755426287651,0.001509227673523128,-0.584830105304718,1.0437889099121094,0.2549809217453003,0.03714580833911896,1.6027218103408813,-1.6925581693649292,0.27730029821395874,0.19478175044059753,0.14964300394058228,1.624517560005188,-1.7100965976715088,0.2530671954154968
0.005665830336511135,-0.3191961944103241,0.5957608222961426,0.055693209171295166,0.006039459723979235,-0.6712276339530945,0.7391314506530762,-0.10744322836399078,0.019757308065891266,-0.594889760017395,1.3268314599990845,0.010384820401668549,0.0015533813275396824,-0.5956460237503052,1.0216012001037598,0.2593688368797302,0.03619414567947388,1.6214197874069214,-1.7011854648590088,0.23301298916339874,0.1981908679008484,0.15360678732395172,1.64202880859375,-1.7188278436660767,0.2079632729291916
0.005973832681775093,-0.31994280219078064,0.5948702096939087,0.055733904242515564,0.00536943506449461,-0.6717633605003357,0.7386467456817627,-0.10901859402656555,0.01837216503918171,-0.5928207039833069,1.3190960884094238,0.012629790231585503,0.0015919810393825173,-0.6052047610282898,1.0046037435531616,0.26216304302215576,0.036267638206481934,1.6356598138809204,-1.708117961883545,0.19716805219650269,0.20048272609710693,0.15567025542259216,1.6556850671768188,-1.7256827354431152,0.17066657543182373
0.006212937645614147,-0.3203731179237366,0.5942226648330688,0.05561261624097824,0.004854811821132898,-0.672177255153656,0.7382827997207642,-0.11026421189308167,0.016988564282655716,-0.5907967686653137,1.3134299516677856,0.015015769749879837,0.0016333223320543766,-0.6134131550788879,0.9918720722198486,0.2638298273086548,0.03687827289104462,1.6464450359344482,-1.7138073444366455,0.1688147932291031,0.20218512415885925,0.1565389335155487,1.6662242412567139,-1.731144905090332,0.140569806098938
0.006620741914957762,-0.3206601142883301,0.5932873487472534,0.05526309087872505,0.0035180605482310057,-0.6726287603378296,0.7379052639007568,-0.10367251187562943,0.011281880550086498,-0.5884872674942017,1.3015081882476807,0.024404358118772507,0.0010927717667073011,-0.6220228672027588,0.9749084711074829,0.26479050517082214,0.036908235400915146,1.6551094055175781,-1.7220361232757568,0.14343473315238953,0.20524561405181885,0.1571359485387802,1.6760376691818237,-1.7383172512054443,0.11295667290687561
0.006909715011715889,-0.320803165435791,0.5926437377929688,0.055050916969776154,0.002727554412558675,-0.6729867458343506,0.7375979423522949,-0.09960314631462097,0.0075674159452319145,-0.5865157246589661,1.2920725345611572,0.03152187168598175,0.0007464484660886228,-0.630964457988739,0.9609219431877136,0.26534366607666016,0.03724003583192825,1.662127137184143,-1.7280645370483398,0.1233111321926117,0.2072736918926239,0.15721282362937927,1.6839529275894165,-1.743752360343933,0.09058325737714767
0.0071403831243515015,-0.32090625166893005,0.5920592546463013,0.05490187183022499,0.0021375149954110384,-0.6732514500617981,0.7373694181442261,-0.09636786580085754,0.005131993908435106,-0.584963321685791,1.2848931550979614,0.037929557263851166,0.0005220602033659816,-0.639075517654419,0.9496411681175232,0.26559746265411377,0.03740636631846428,1.6676472425460815,-1.7325080633163452,0.10813584923744202,0.2088034749031067,0.15733878314495087,1.6901934146881104,-1.7478506565093994,0.0735502541065216
0.007316329516470432,-0.3209795653820038,0.5917389392852783,0.054935649037361145,0.0018067843047901988,-0.6734947562217712,0.7371456027030945,-0.09382568299770355,0.00354007282294333,-0.5839920043945312,1.2793679237365723,0.043150514364242554,0.00037714111385867,-0.6460057497024536,0.9402455687522888,0.26598936319351196,0.0376448780298233,1.6715819835662842,-1.73573637008667,0.09695244580507278,0.20985043048858643,0.15723687410354614,1.6948564052581787,-1.7506136894226074,0.060889992862939835
0.00745014613494277,-0.32103171944618225,0.5912935733795166,0.055057257413864136,0.0017467031721025705,-0.673762857913971,0.7368915677070618,-0.09349855780601501,0.0025478650350123644,-0.5837555527687073,1.2793529033660889,0.046175766736269,0.0002875034115277231,-0.6515135169029236,0.9361845254898071,0.26661595702171326,0.0380295105278492,1.6750426292419434,-1.7383170127868652,0.08968131244182587,0.2104130983352661,0.15695832669734955,1.6988853216171265,-1.7525951862335205,0.052330683916807175
0.007563026621937752,-0.32103055715560913,0.5911466479301453,0.055125847458839417,0.0015697444323450327,-0.6738765835762024,0.7367828488349915,-0.09269441664218903,0.001865725964307785,-0.5835806727409363,1.276961326599121,0.049101874232292175,0.00022618559887632728,-0.6560501456260681,0.9309903979301453,0.26683899760246277,0.038177404552698135,1.6768276691436768,-1.7395682334899902,0.08438630402088165,0.21099281311035156,0.1569831222295761,1.701198935508728,-1.7536182403564453,0.04601414129137993
0.007660857401788235,-0.32101908326148987,0.5910329818725586,0.05507977306842804,0.0012483728351071477,-0.6740003228187561,0.7366738319396973,-0.09206085652112961,0.0014284292701631784,-0.5833990573883057,1.2742863893508911,0.05130591243505478,0.0001857400347944349,-0.6600255966186523,0.9264335036277771,0.2669834792613983,0.038269151002168655,1.6776646375656128,-1.7402148246765137,0.0804978609085083,0.21136534214019775,0.15714433789253235,1.702627420425415,-1.7542154788970947,0.041153259575366974
0.007731123827397823,-0.3210475742816925,0.5907056331634521,0.055077601224184036,0.0012022340670228004,-0.6742399334907532,0.7364546656608582,-0.09298785030841827,0.0011851752642542124,-0.5834585428237915,1.2763490676879883,0.0515877939760685,0.00016408221563324332,-0.6630576848983765,0.9265980124473572,0.2676524519920349,0.038540080189704895,1.6787805557250977,-1.7407450675964355,0.07820022106170654,0.21121114492416382,0.15682099759578705,1.7044020891189575,-1.7547032833099365,0.03790180757641792
0.007801327854394913,-0.32101887464523315,0.5905346274375916,0.05511278286576271,0.0010479203192517161,-0.6744039058685303,0.7363021373748779,-0.09290425479412079,0.000992482528090477,-0.583468496799469,1.2755775451660156,0.052508335560560226,0.00014740605547558516,-0.6650658845901489,0.924811601638794,0.26784035563468933,0.03855738043785095,1.6792566776275635,-1.7409355640411377,0.07672925293445587,0.21125036478042603,0.15682245790958405,1.7055256366729736,-1.7554068565368652,0.03566271811723709
0.007878683507442474,-0.321004718542099,0.5905236005783081,0.05516737326979637,0.0009242978994734585,-0.674446702003479,0.7362590432167053,-0.09271828085184097,0.0008657112484797835,-0.5837871432304382,1.2740042209625244,0.053447090089321136,0.0001357571454718709,-0.6667793989181519,0.9221956729888916,0.2678692042827606,0.03836468979716301,1.6791986227035522,-1.7405153512954712,0.07535260915756226,0.21134963631629944,0.15685486793518066,1.7061245441436768,-1.755522608757019,0.03376187011599541
0.00795387290418148,-0.32103121280670166,0.5904204249382019,0.055212896317243576,0.0009027478517964482,-0.6745363473892212,0.7361735105514526,-0.0940934419631958,0.0008410591399297118,-0.5840375423431396,1.2767525911331177,0.05331159010529518,0.00013245556328911334,-0.6678481101989746,0.923251748085022,0.26816290616989136,0.03819175809621811,1.6795783042907715,-1.7401411533355713,0.07441211491823196,0.21122273802757263,0.15667906403541565,1.706881046295166,-1.7559103965759277,0.03248003125190735
0.008031059056520462,-0.32103148102760315,0.5904018878936768,0.055232856422662735,0.0008232530672103167,-0.6745051145553589,0.736200749874115,-0.0939352810382843,0.0007854565046727657,-0.5839210748672485,1.2762168645858765,0.05416695028543472,0.000127236737171188,-0.6684593558311462,0.9213656187057495,0.26816898584365845,0.0379151925444603,1.6795296669006348,-1.7395734786987305,0.07345731556415558,0.21123437583446503,0.15661898255348206,1.7072373628616333,-1.7560291290283203,0.03139703348278999
0.008111352100968361,-0.3210025131702423,0.5904580354690552,0.05523967370390892,0.0007298020645976067,-0.6744909286499023,0.7362133860588074,-0.09341637790203094,0.0007443706854246557,-0.5839415192604065,1.2745261192321777,0.055114202201366425,0.00012260983930900693,-0.6692214012145996,0.9188061952590942,0.26808199286460876,0.037648092955350876,1.6794681549072266,-1.739051103591919,0.07273835688829422,0.21125122904777527,0.15662868320941925,1.707281470298767,-1.7561893463134766,0.030668387189507484
0.008187370374798775,-0.32093873620033264,0.590442419052124,0.05527381971478462,0.0006732976762577891,-0.6744369864463806,0.7362602353096008,-0.09287954866886139,0.0007132911123335361,-0.5840483903884888,1.272794485092163,0.0562712699174881,0.00011923119018319994,-0.6700983047485352,0.9163874387741089,0.2678294777870178,0.03741227090358734,1.6794664859771729,-1.7387781143188477,0.07258903980255127,0.21144041419029236,0.15665370225906372,1.7073941230773926,-1.7563941478729248,0.030627338215708733
0.008278269320726395,-0.3209395408630371,0.5905014872550964,0.05533907935023308,0.0008852128521539271,-0.6744710206985474,0.7362239360809326,-0.09367325156927109,0.0007483111694455147,-0.584330677986145,1.2755939960479736,0.05638723075389862,0.0001209907277370803,-0.6707757115364075,0.9181774258613586,0.2679935693740845,0.03733723610639572,1.6798272132873535,-1.7385632991790771,0.07253284752368927,0.21136760711669922,0.15626260638237,1.707528829574585,-1.756615400314331,0.030821368098258972
0.008381122723221779,-0.3209046721458435,0.5907188653945923,0.05527634546160698,0.0009906492196023464,-0.6744742393493652,0.7362256050109863,-0.09351231157779694,0.0007444584043696523,-0.5841665863990784,1.2750471830368042,0.056928686797618866,0.00011957056995015591,-0.6711688041687012,0.9169793128967285,0.2679499685764313,0.03747027367353439,1.6796131134033203,-1.7377638816833496,0.07209765166044235,0.21140290796756744,0.15564119815826416,1.70694899559021,-1.7560063600540161,0.030702274292707443
0.008477207273244858,-0.3209123909473419,0.5907953977584839,0.05524227023124695,0.0012824590085074306,-0.6745761632919312,0.7361342310905457,-0.09426607936620712,0.000792986829765141,-0.5836672186851501,1.2775324583053589,0.05626325681805611,0.00012247668928466737,-0.6709321737289429,0.9187378883361816,0.26834607124328613,0.03785819932818413,1.680102825164795,-1.7370555400848389,0.07182791829109192,0.21107682585716248,0.1548875868320465,1.706892490386963,-1.7559847831726074,0.03089914470911026
0.008585459552705288,-0.32083308696746826,0.5908997058868408,0.05512874945998192,0.0014538022223860025,-0.6746038198471069,0.7361170649528503,-0.09391893446445465,0.0007831198163330555,-0.5831739902496338,1.2762484550476074,0.05603581666946411,0.00012096812133677304,-0.6705341339111328,0.9171549081802368,0.2685692012310028,0.038255803287029266,1.6800835132598877,-1.7364580631256104,0.07189643383026123,0.21109414100646973,0.1541985273361206,1.7064406871795654,-1.7559070587158203,0.031433165073394775
0.008701831102371216,-0.3208337128162384,0.5908747911453247,0.05496276915073395,0.0018755176570266485,-0.6747592091560364,0.7359861731529236,-0.09472820162773132,0.000820671790279448,-0.5830691456794739,1.2774136066436768,0.05486807972192764,0.00012248916027601808,-0.6703701615333557,0.918674886226654,0.2692793011665344,0.03899450600147247,1.6806118488311768,-1.7361522912979126,0.07226768881082535,0.21065965294837952,0.15301775932312012,1.7064182758331299,-1.7563984394073486,0.032217685133218765
0.008815632201731205,-0.3208070397377014,0.5908581018447876,0.054679349064826965,0.0021645231172442436,-0.6748635768890381,0.7359108328819275,-0.09406207501888275,0.0008009194862097502,-0.5828168392181396,1.274789571762085,0.054223816841840744,0.0001201745035359636,-0.6705131530761719,0.9173604249954224,0.269938588142395,0.039797455072402954,1.6804862022399902,-1.736022710800171,0.07241924107074738,0.21045172214508057,0.15169140696525574,1.706189751625061,-1.7569130659103394,0.03264376521110535
0.008940737694501877,-0.32078003883361816,0.5906937122344971,0.05429471284151077,0.0024177837185561657,-0.6749762892723083,0.7358351349830627,-0.09252496063709259,0.0007703088922426105,-0.5828102827072144,1.2711448669433594,0.05412802845239639,0.00011725290096364915,-0.671184778213501,0.9157102704048157,0.270801842212677,0.040794484317302704,1.680489420890808,-1.7360893487930298,0.07262742519378662,0.210219144821167,0.15010561048984528,1.706207036972046,-1.7578473091125488,0.03301580622792244
0.009061286225914955,-0.32082489132881165,0.5904192328453064,0.053900644183158875,0.00281762913800776,-0.675215482711792,0.735643208026886,-0.09225305914878845,0.0008084822911769152,-0.5832375288009644,1.2716468572616577,0.0528547428548336,0.00011905316932825372,-0.6723921298980713,0.9184399843215942,0.27210891246795654,0.041849806904792786,1.6808111667633057,-1.7362334728240967,0.07273971289396286,0.20961804687976837,0.14830449223518372,1.7066752910614014,-1.7591722011566162,0.03326061740517616
0.009171081706881523,-0.3208235502243042,0.5900538563728333,0.0534517802298069,0.003100811503827572,-0.6754298806190491,0.7354779243469238,-0.09090432524681091,0.0007963336538523436,-0.58363938331604,1.2687915563583374,0.05231080204248428,0.00011760361667256802,-0.6738657355308533,0.9188997745513916,0.2732728123664856,0.04319281131029129,1.6807734966278076,-1.7365655899047852,0.07286626100540161,0.20896118879318237,0.14652717113494873,1.7072588205337524,-1.7610561847686768,0.033535294234752655
0.009272826835513115,-0.32081103324890137,0.5896564722061157,0.05292745679616928,0.0032513048499822617,-0.6756340861320496,0.7353276610374451,-0.08900126069784164,0.0007832522969692945,-0.584251880645752,1.2651278972625732,0.052287619560956955,0.00011635458213277161,-0.6755824089050293,0.9187051057815552,0.2743549346923828,0.044478051364421844,1.6804217100143433,-1.7369790077209473,0.0729462206363678,0.2082178145647049,0.14491643011569977,1.7078295946121216,-1.7639060020446777,0.03377769887447357
0.00934926699846983,-0.3207968771457672,0.5892353057861328,0.0525774247944355,0.0034248442389070988,-0.6758129596710205,0.7351875305175781,-0.0873306468129158,0.0007722676964476705,-0.5849196910858154,1.2615892887115479,0.052583958953619,0.00011633722897386178,-0.6769152879714966,0.9182164669036865,0.27523159980773926,0.04550096020102501,1.67995023727417,-1.7375378608703613,0.0731683298945427,0.20737695693969727,0.14379405975341797,1.708894968032837,-1.7679638862609863,0.03416728973388672
0.009414054453372955,-0.32079607248306274,0.5886719226837158,0.05220591649413109,0.003526177490130067,-0.6759252548217773,0.7351102828979492,-0.08605216443538666,0.0007573480252176523,-0.5855538845062256,1.258584976196289,0.05283238738775253,0.00011667966464301571,-0.6776450872421265,0.9175879955291748,0.2761744558811188,0.04653448611497879,1.6793251037597656,-1.7380938529968262,0.07338264584541321,0.20636168122291565,0.14306385815143585,1.7103750705718994,-1.7733547687530518,0.0345335528254509
0.009456739760935307,-0.32080474495887756,0.5879857540130615,0.05186844244599342,0.0034999633207917213,-0.6760746836662292,0.7349969744682312,-0.08473499119281769,0.0007444201037287712,-0.5865045785903931,1.2565566301345825,0.05303240567445755,0.00011656087008304894,-0.6781187057495117,0.9175341725349426,0.27734217047691345,0.047392234206199646,1.6784119606018066,-1.7385780811309814,0.07361128181219101,0.20523042976856232,0.14246885478496552,1.712306022644043,-1.7800694704055786,0.03490913659334183
0.00948631763458252,-0.3208565413951874,0.5870586633682251,0.05148507282137871,0.003429767908528447,-0.6761993765830994,0.7349094748497009,-0.08353185653686523,0.0007397987064905465,-0.5877295732498169,1.2551343441009521,0.05302625894546509,0.00011679367162287235,-0.6783259510993958,0.9178199768066406,0.278610497713089,0.0481414869427681,1.6776390075683594,-1.739114761352539,0.07399477064609528,0.20393040776252747,0.1419665813446045,1.714963436126709,-1.788670539855957,0.03523822873830795
0.009492868557572365,-0.320940226316452,0.5860247015953064,0.0510999895632267,0.0032794398721307516,-0.6763461828231812,0.7348018884658813,-0.08267770707607269,0.0007434735307469964,-0.5893764495849609,1.2543141841888428,0.05272292345762253,0.00011770002311095595,-0.6780853271484375,0.9184560775756836,0.28003671765327454,0.04866266995668411,1.6768829822540283,-1.7396363019943237,0.07434054464101791,0.20264431834220886,0.14173606038093567,1.7179841995239258,-1.798586368560791,0.03547727316617966
0.009491315111517906,-0.32103872299194336,0.5850061178207397,0.05080701410770416,0.0030779209919273853,-0.6764969825744629,0.7346842288970947,-0.08180615305900574,0.0007405773503705859,-0.5911058187484741,1.25382661819458,0.052670419216156006,0.00011880813690368086,-0.6771957278251648,0.9191056489944458,0.2813246548175812,0.04894118383526802,1.6761817932128906,-1.739945650100708,0.07462915778160095,0.20143568515777588,0.14154013991355896,1.7211569547653198,-1.8091835975646973,0.03573306277394295
0.009476738050580025,-0.32114118337631226,0.5841035842895508,0.050627969205379486,0.0028526512905955315,-0.676658034324646,0.7345492839813232,-0.08027620613574982,0.0007398644811473787,-0.5926135778427124,1.253035068511963,0.05278990790247917,0.00012002903531538323,-0.6757478713989258,0.9194319248199463,0.2825618386268616,0.04882286489009857,1.6755881309509277,-1.740030288696289,0.07477463036775589,0.2003694474697113,0.1415943205356598,1.7241771221160889,-1.8199946880340576,0.036087002605199814
0.009471297264099121,-0.3212461769580841,0.5834424495697021,0.05060447007417679,0.002579551422968507,-0.6767350435256958,0.7344809174537659,-0.07860890030860901,0.0007353582768701017,-0.5943317413330078,1.2522608041763306,0.052835285663604736,0.00012063995382050052,-0.6741805672645569,0.9191422462463379,0.28360334038734436,0.04837021231651306,1.6749240159988403,-1.739678978919983,0.07460616528987885,0.19973111152648926,0.14204706251621246,1.726667881011963,-1.8299734592437744,0.03645435720682144
0.009459350258111954,-0.32130202651023865,0.5830253958702087,0.05059041455388069,0.0021652935538440943,-0.6767953038215637,0.7344277501106262,-0.07704512774944305,0.0007351363310590386,-0.596345067024231,1.251879334449768,0.053134605288505554,0.00012145163782406598,-0.6722940802574158,0.9184502363204956,0.2844160497188568,0.04768294841051102,1.6739755868911743,-1.7392635345458984,0.07414978742599487,0.1993834674358368,0.14265970885753632,1.7282685041427612,-1.8389114141464233,0.03689580783247948
0.009457940235733986,-0.32133108377456665,0.5827041864395142,0.05073687434196472,0.001829480635933578,-0.6767611503601074,0.7344500422477722,-0.07536112517118454,0.0007207432063296437,-0.5983572006225586,1.2512091398239136,0.05370428413152695,0.00012163002975285053,-0.670343816280365,0.9169934988021851,0.28476107120513916,0.04669233411550522,1.673729419708252,-1.7388126850128174,0.07401593029499054,0.19945275783538818,0.14353424310684204,1.7295598983764648,-1.8466414213180542,0.0381394699215889
0.009450623765587807,-0.32133305072784424,0.5826336145401001,0.050928909331560135,0.0013924509985372424,-0.6766190528869629,0.7345685958862305,-0.07436339557170868,0.0007046842947602272,-0.6002058982849121,1.2511650323867798,0.05404384434223175,0.0001223743602167815,-0.6678314208984375,0.9151874780654907,0.28474679589271545,0.04550490528345108,1.6733651161193848,-1.738379955291748,0.07373000681400299,0.19969606399536133,0.14478197693824768,1.7299442291259766,-1.853164553642273,0.03969014063477516
0.009455210529267788,-0.32134032249450684,0.582846999168396,0.051256924867630005,0.0010953681776300073,-0.6763429641723633,0.7348004579544067,-0.07317838072776794,0.0006795230438001454,-0.6018341183662415,1.2514021396636963,0.05436968058347702,0.00012198122567497194,-0.665414571762085,0.9130561351776123,0.2843727767467499,0.04402881860733032,1.6731266975402832,-1.7376952171325684,0.07314710319042206,0.2002648413181305,0.1460438370704651,1.729705810546875,-1.8580999374389648,0.04141467809677124
0.009466154500842094,-0.3213510811328888,0.5833091735839844,0.051613807678222656,0.0006937703583389521,-0.6760217547416687,0.7350715398788452,-0.07239893078804016,0.0006537654553540051,-0.6034543514251709,1.25161612033844,0.054209962487220764,0.00012123492342652753,-0.66337651014328,0.9106779098510742,0.28375741839408875,0.04233838617801666,1.6730401515960693,-1.7369948625564575,0.07226680219173431,0.20112678408622742,0.14756542444229126,1.728684663772583,-1.8615474700927734,0.04293588548898697
0.00947444885969162,-0.32137876749038696,0.5839227437973022,0.052070192992687225,0.00024887535255402327,-0.6755732893943787,0.7354518175125122,-0.0717167854309082,0.0006308899028226733,-0.6051020622253418,1.2520253658294678,0.05443195998668671,0.00012072746176272631,-0.661377489566803,0.9081270694732666,0.2827712297439575,0.040394894778728485,1.673004388809204,-1.7365164756774902,0.07102756947278976,0.2022918462753296,0.14930330216884613,1.7274060249328613,-1.8637138605117798,0.0440257266163826
0.009468365460634232,-0.3214752674102783,0.5844582319259644,0.052591707557439804,4.2969550122506917e-05,-0.6750964522361755,0.7358524203300476,-0.07243118435144424,0.0006465145852416754,-0.6070728302001953,1.256767749786377,0.05296628177165985,0.00012483370664995164,-0.6592784523963928,0.9092328548431396,0.2820975184440613,0.03840981423854828,1.6738576889038086,-1.7363746166229248,0.06975200772285461,0.20328187942504883,0.15104061365127563,1.7265536785125732,-1.8653823137283325,0.04507347196340561
0.009472528472542763,-0.3215756416320801,0.5850830674171448,0.05311032384634018,-0.0002746476384345442,-0.674578845500946,0.7362896800041199,-0.07168556749820709,0.0006117399898357689,-0.6091510057449341,1.2578366994857788,0.05249565839767456,0.00012299473746679723,-0.6577486991882324,0.9079452753067017,0.28119122982025146,0.03629396855831146,1.6746735572814941,-1.736166000366211,0.0680171325802803,0.20460140705108643,0.15288931131362915,1.7255319356918335,-1.866553544998169,0.045455388724803925
0.009462188929319382,-0.321667343378067,0.5854004621505737,0.05370906740427017,-0.0006660064682364464,-0.6740419864654541,0.7367376089096069,-0.07004373520612717,0.0005753808654844761,-0.6113215684890747,1.2576043605804443,0.05202210694551468,0.00012146399967605248,-0.6566422581672668,0.9054069519042969,0.28017503023147583,0.03383945673704147,1.6760032176971436,-1.7366423606872559,0.06667626649141312,0.20637694001197815,0.1550859808921814,1.7253689765930176,-1.8672869205474854,0.045842088758945465
0.0094596641138196,-0.32182180881500244,0.5858150720596313,0.05446308106184006,-0.0009237315971404314,-0.6735914349555969,0.7370939254760742,-0.07009372115135193,0.0006139928591437638,-0.6135417222976685,1.260923147201538,0.05031496658921242,0.00012430021888576448,-0.6557168960571289,0.9064457416534424,0.2793394923210144,0.031250376254320145,1.6774507761001587,-1.737001895904541,0.06529052555561066,0.20807024836540222,0.1573418527841568,1.7254204750061035,-1.8672466278076172,0.045674730092287064
0.009443510323762894,-0.3219076693058014,0.5861281156539917,0.05517107620835304,-0.0013574708718806505,-0.673109233379364,0.7374810576438904,-0.06898805499076843,0.0005924676079303026,-0.6152297854423523,1.261081576347351,0.04990091919898987,0.00012343637354206294,-0.654313325881958,0.9049668312072754,0.2779741585254669,0.028228282928466797,1.6789305210113525,-1.7373178005218506,0.06419923156499863,0.21012264490127563,0.16002224385738373,1.7255332469940186,-1.8671820163726807,0.04542595148086548
0.009430780075490475,-0.32198038697242737,0.5862185955047607,0.05590324476361275,-0.0018729977309703827,-0.6727141737937927,0.7377851605415344,-0.06810592114925385,0.0005812924355268478,-0.6171548366546631,1.2608370780944824,0.049230679869651794,0.00012188783148303628,-0.6530417799949646,0.9032719135284424,0.27642911672592163,0.02501373551785946,1.6807557344436646,-1.7382543087005615,0.0637446790933609,0.21225163340568542,0.16319474577903748,1.7261567115783691,-1.8674376010894775,0.04537271708250046
0.009431468322873116,-0.3221369981765747,0.5860667824745178,0.056703850626945496,-0.002146879443898797,-0.6725186705589294,0.7379016280174255,-0.06883548200130463,0.0006319015519693494,-0.6198306083679199,1.2644946575164795,0.046717893332242966,0.00012906617484986782,-0.6521645188331604,0.9063593149185181,0.2753572463989258,0.021658441051840782,1.6840357780456543,-1.7402598857879639,0.0641091838479042,0.21398673951625824,0.16642659902572632,1.7276530265808105,-1.868128776550293,0.0455402210354805
0.009453960694372654,-0.3223552703857422,0.5857958793640137,0.05759797617793083,-0.0024708835408091545,-0.6723089814186096,0.7380223870277405,-0.07009192556142807,0.000680366181768477,-0.6230820417404175,1.2658616304397583,0.04437367245554924,0.00016082377987913787,-0.6513031125068665,0.9081449508666992,0.27406975626945496,0.017732221633195877,1.6877756118774414,-1.7432860136032104,0.06460731476545334,0.2159736603498459,0.1703331172466278,1.7296648025512695,-1.868811845779419,0.045296620577573776
0.009488283656537533,-0.32267385721206665,0.5850708484649658,0.05843735858798027,-0.0026490206364542246,-0.672100305557251,0.7381458878517151,-0.07265780121088028,0.0024440372362732887,-0.6278805136680603,1.2686185836791992,0.04074053838849068,0.0002255309809697792,-0.6520636677742004,0.9110549688339233,0.27295172214508057,0.013568779453635216,1.693112850189209,-1.7481682300567627,0.06592123210430145,0.2179175615310669,0.17432758212089539,1.732969880104065,-1.871401071548462,0.04511423408985138
0.009505949914455414,-0.323172926902771,0.5838990211486816,0.05927303805947304,-0.002728416584432125,-0.6719439625740051,0.738221287727356,-0.07517589628696442,0.006211877800524235,-0.6350353360176086,1.2740797996520996,0.03614646568894386,0.0004516862682066858,-0.6544700860977173,0.9156724214553833,0.27241870760917664,0.00848176795989275,1.7002103328704834,-1.7542212009429932,0.06739328801631927,0.2199648767709732,0.17809028923511505,1.737691879272461,-1.8750474452972412,0.044681429862976074
0.009592363610863686,-0.3238797187805176,0.5822387933731079,0.060461416840553284,-0.002630511298775673,-0.6717808842658997,0.7382736802101135,-0.07791249454021454,0.013614535331726074,-0.6468751430511475,1.2830095291137695,0.03161793202161789,0.004555127117782831,-0.659888505935669,0.9232044219970703,0.2723930776119232,0.001527024433016777,1.7094454765319824,-1.7611265182495117,0.06927266716957092,0.22276198863983154,0.1821610927581787,1.7446057796478271,-1.8799391984939575,0.0441611185669899
0.00975911132991314,-0.3249056041240692,0.5793800354003906,0.06197032704949379,-0.0020638557616621256,-0.671525776386261,0.7383823990821838,-0.07864339649677277,0.02396189421415329,-0.6637893319129944,1.2960771322250366,0.028348669409751892,0.012975539080798626,-0.6696836352348328,0.9348602294921875,0.27312758564949036,-0.007356853689998388,1.7228381633758545,-1.7687571048736572,0.07211218774318695,0.22626963257789612,0.18581995368003845,1.7555718421936035,-1.8870930671691895,0.04452669993042946
0.009854326955974102,-0.32562169432640076,0.5765185952186584,0.06572730094194412,0.0027969747316092253,-0.670752227306366,0.7387580871582031,-0.08415298163890839,0.041085608303546906,-0.6825261116027832,1.3215985298156738,0.021857867017388344,0.028770985081791878,-0.682616114616394,0.9596002697944641,0.2713564336299896,-0.016389979049563408,1.744816541671753,-1.767418384552002,0.07675138115882874,0.22718793153762817,0.1871967762708664,1.7723114490509033,-1.8882311582565308,0.046799350529909134
0.010392149910330772,-0.3277297616004944,0.5709484815597534,0.06701967865228653,0.004231485538184643,-0.6703973412513733,0.7389572262763977,-0.08419857919216156,0.05411375313997269,-0.7078902721405029,1.3451862335205078,0.017365477979183197,0.04374720901250839,-0.705190122127533,0.9847704172134399,0.2738671898841858,-0.02755407616496086,1.7669955492019653,-1.7776341438293457,0.08249275386333466,0.2334994673728943,0.18810822069644928,1.7904431819915771,-1.9000860452651978,0.04993657395243645
0.011132052168250084,-0.33022281527519226,0.565162718296051,0.0689525306224823,0.0067940037697553635,-0.6696869134902954,0.7394043207168579,-0.08355484902858734,0.06699854880571365,-0.7333159446716309,1.3648459911346436,0.013302000239491463,0.059634704142808914,-0.7324775457382202,1.0085208415985107,0.2756352424621582,-0.03953801840543747,1.7919609546661377,-1.7845529317855835,0.088678278028965,0.24027682840824127,0.18897558748722076,1.8105382919311523,-1.9096200466156006,0.05370552837848663
0.012247156351804733,-0.3333404064178467,0.5596694946289062,0.07139603048563004,0.010888570919632912,-0.66876620054245,0.7399566173553467,-0.08576839417219162,0.07703357934951782,-0.7566856145858765,1.385900855064392,0.008440135978162289,0.0760689377784729,-0.7608017921447754,1.034287929534912,0.27625638246536255,-0.05122060328722,1.818544864654541,-1.788553237915039,0.09566079825162888,0.24685293436050415,0.18980175256729126,1.830910563468933,-1.9175488948822021,0.058980561792850494
0.013869126327335835,-0.33748987317085266,0.5552892088890076,0.07436592876911163,0.016555557027459145,-0.6674364805221558,0.7407591938972473,-0.08850546926259995,0.08279475569725037,-0.77617347240448,1.4016717672348022,0.005752799101173878,0.08970820903778076,-0.7875149846076965,1.0550934076309204,0.27533459663391113,-0.06126305088400841,1.8445305824279785,-1.7909525632858276,0.1034434586763382,0.2531053423881531,0.19101083278656006,1.8492971658706665,-1.9241738319396973,0.0658530592918396
0.01600506901741028,-0.34258878231048584,0.552788257598877,0.07742838561534882,0.022778306156396866,-0.6655082106590271,0.7420139908790588,-0.09017620980739594,0.08395594358444214,-0.7867308259010315,1.4083809852600098,0.010990750975906849,0.09819668531417847,-0.8064932823181152,1.0629723072052002,0.2713758647441864,-0.06877607852220535,1.8668744564056396,-1.7935435771942139,0.11192155629396439,0.25996655225753784,0.1930091381072998,1.8622245788574219,-1.9303432703018188,0.07458298653364182
0.01854715310037136,-0.3482484817504883,0.5525134801864624,0.08010939508676529,0.029354112222790718,-0.6632490158081055,0.7435197830200195,-0.09656397998332977,0.0811217725276947,-0.7882840633392334,1.4111965894699097,0.017327291890978813,0.1028992086648941,-0.8176407814025879,1.059544324874878,0.2654265761375427,-0.0722094178199768,1.884296178817749,-1.7955074310302734,0.12101414799690247,0.2659989893436432,0.1952027678489685,1.867699146270752,-1.9345130920410156,0.08478794991970062
0.02137100324034691,-0.35427719354629517,0.5539884567260742,0.08199647068977356,0.03549584373831749,-0.6607933640480042,0.7452306747436523,-0.100918248295784,0.07359211146831512,-0.7802286744117737,1.4045418500900269,0.02840438112616539,0.10165254771709442,-0.8196331858634949,1.043419599533081,0.2583479881286621,-0.0715639665722847,1.8956748247146606,-1.7971930503845215,0.12973909080028534,0.2705059051513672,0.19818320870399475,1.865801453590393,-1.937089204788208,0.09622996300458908
0.02439422532916069,-0.36028602719306946,0.5574098825454712,0.08132018893957138,0.037387486547231674,-0.6587934494018555,0.7469808459281921,-0.09911325573921204,0.051163218915462494,-0.7520087361335754,1.3464128971099854,0.050981923937797546,0.08334708958864212,-0.8048052787780762,0.957460880279541,0.25109824538230896,-0.06759007275104523,1.892960786819458,-1.8025590181350708,0.14068001508712769,0.27401337027549744,0.20422877371311188,1.849379062652588,-1.9397732019424438,0.11361527442932129
0.024472933262586594,-0.35281190276145935,0.5845639705657959,0.08484718948602676,0.04931795969605446,-0.6572996973991394,0.7472119331359863,-0.0744151845574379,0.03326323628425598,-0.7272390723228455,1.329894781112671,0.10675007104873657,0.054224893450737,-0.7742400765419006,0.9331960082054138,0.20960992574691772,-0.03221263363957405,1.8059494495391846,-1.822112798690796,0.17673653364181519,0.23438483476638794,0.16697168350219727,1.7811305522918701,-1.9529191255569458,0.1437593251466751
0.02522929385304451,-0.3501039445400238,0.6031110286712646,0.08427067846059799,0.0597187839448452,-0.654874861240387,0.7486461997032166,-0.04759826511144638,0.0216211024671793,-0.695660412311554,1.3442416191101074,0.13579127192497253,0.03524617850780487,-0.6929014325141907,0.9730591773986816,0.17868398129940033,0.0015735011547803879,1.720917820930481,-1.8118531703948975,0.2691775858402252,0.1978750079870224,0.14210721850395203,1.7031785249710083,-1.9427120685577393,0.23263363540172577
0.027135729789733887,-0.3514615595340729,0.6157317161560059,0.08458505570888519,0.06794983148574829,-0.6512781381607056,0.7510426044464111,-0.02884790673851967,0.014053716324269772,-0.6759721040725708,1.3554401397705078,0.14592382311820984,0.022910015657544136,-0.6217935681343079,1.0165047645568848,0.15600335597991943,0.022444166243076324,1.6601134538650513,-1.7997380495071411,0.3366541862487793,0.17641782760620117,0.12662000954151154,1.646876335144043,-1.9290680885314941,0.29944902658462524
0.030207717791199684,-0.35637882351875305,0.625017523765564,0.08470479398965836,0.07491335272789001,-0.6475298404693604,0.753603458404541,-0.012870553880929947,0.00913604348897934,-0.6625450849533081,1.3657324314117432,0.15151286125183105,0.014892476610839367,-0.5731421709060669,1.0506075620651245,0.14256316423416138,0.03539524972438812,1.6178637742996216,-1.7918369770050049,0.3806617558002472,0.16502612829208374,0.11413047462701797,1.6053926944732666,-1.9164384603500366,0.34461113810539246
0.03455944359302521,-0.36409467458724976,0.6324259042739868,0.08559590578079224,0.08191457390785217,-0.6437384486198425,0.7560185790061951,0.003725343383848667,0.005939574912190437,-0.6515659689903259,1.3731884956359863,0.15847042202949524,0.00968113262206316,-0.5364221334457397,1.076482892036438,0.13345661759376526,0.043869104236364365,1.5877416133880615,-1.7856273651123047,0.41090184450149536,0.15780243277549744,0.10479841381311417,1.574347972869873,-1.9046510457992554,0.377500057220459
0.04058891534805298,-0.3747256100177765,0.639683187007904,0.08790259808301926,0.08943729847669601,-0.6403749585151672,0.7577559351921082,0.022046290338039398,0.0038617488462477922,-0.6423285007476807,1.3774516582489014,0.1683642864227295,0.0062937126494944096,-0.5057891607284546,1.0947321653366089,0.127061665058136,0.048872701823711395,1.5639736652374268,-1.776895523071289,0.432609885931015,0.1528894156217575,0.09753597527742386,1.5489550828933716,-1.8890316486358643,0.4032360911369324
0.04869254678487778,-0.38879072666168213,0.6470898389816284,0.0911555141210556,0.09724342077970505,-0.6376602053642273,0.7586988210678101,0.03914424777030945,0.002511044731363654,-0.6341764330863953,1.3798036575317383,0.17951080203056335,0.004091738257557154,-0.47924017906188965,1.1067516803741455,0.12206439673900604,0.05172077566385269,1.5442875623703003,-1.7666099071502686,0.4489925801753998,0.14970239996910095,0.0915348008275032,1.5257997512817383,-1.870732069015503,0.4249029755592346
0.05877280235290527,-0.40659019351005554,0.656485915184021,0.09553483128547668,0.1050080806016922,-0.6357661485671997,0.7587146162986755,0.05631885677576065,0.0016322212759405375,-0.625694751739502,1.3802894353866577,0.1924709677696228,0.0026596696116030216,-0.4516967535018921,1.111112117767334,0.11653769016265869,0.05248501896858215,1.524623155593872,-1.7475662231445312,0.4614678621292114,0.14754298329353333,0.08682530373334885,1.499504566192627,-1.8400511741638184,0.446402370929718
0.07033085078001022,-0.42872297763824463,0.6666929125785828,0.10027051717042923,0.11162018030881882,-0.6346563100814819,0.7580884695053101,0.07102291285991669,0.001060943934135139,-0.6130610704421997,1.3785853385925293,0.205707848072052,0.0017287853406742215,-0.41934734582901,1.1115739345550537,0.11056041717529297,0.05093253031373024,1.501247763633728,-1.7212520837783813,0.47604086995124817,0.14557500183582306,0.08403386175632477,1.4689347743988037,-1.802582859992981,0.4722769856452942
0.08244970440864563,-0.45477578043937683,0.6799684762954712,0.10432611405849457,0.11652711778879166,-0.6337810754776001,0.7575348615646362,0.07042740285396576,0.0006896135164424777,-0.5907094478607178,1.3729982376098633,0.20829924941062927,0.0011237104190513492,-0.37720340490341187,1.1151460409164429,0.10834940522909164,0.04513785243034363,1.4630839824676514,-1.6752431392669678,0.4993337392807007,0.14446018636226654,0.08060476183891296,1.4259226322174072,-1.7450931072235107,0.5059370398521423
0.0943056121468544,-0.48324811458587646,0.694947361946106,0.10793863981962204,0.12001090496778488,-0.6327987909317017,0.757305920124054,0.060029834508895874,0.00044824875658378005,-0.563422679901123,1.3702764511108398,0.2014681100845337,0.0007304117316380143,-0.33815646171569824,1.1263316869735718,0.11058906465768814,0.034315869212150574,1.4111974239349365,-1.6096620559692383,0.532615065574646,0.14532484114170074,0.07642560452222824,1.3760747909545898,-1.6738072633743286,0.5412807464599609
0.10526938736438751,-0.5129055976867676,0.7073114514350891,0.10969838500022888,0.12132551521062851,-0.6319475173950195,0.7575544714927673,0.053135085850954056,0.0002914075739681721,-0.5364739298820496,1.3735544681549072,0.19602584838867188,0.0004747862694784999,-0.3079962134361267,1.1410484313964844,0.11763165891170502,0.02309432066977024,1.3590097427368164,-1.554121494293213,0.5593221187591553,0.14820189774036407,0.07091246545314789,1.3314262628555298,-1.619454026222229,0.5644538402557373
0.114998459815979,-0.5418041348457336,0.7188980579376221,0.11154881119728088,0.12152013927698135,-0.6305234432220459,0.7584391236305237,0.044689156115055084,0.00018941491725854576,-0.4998171925544739,1.3745558261871338,0.19063568115234375,0.00030861105187796056,-0.27160248160362244,1.1548800468444824,0.12516933679580688,0.010391304269433022,1.3006117343902588,-1.4895744323730469,0.5985518097877502,0.1493353247642517,0.068619504570961,1.288414478302002,-1.5668466091156006,0.5862557888031006
0.12307783961296082,-0.5699681639671326,0.7275979518890381,0.11031980067491531,0.11941066384315491,-0.6287426352500916,0.7604297399520874,0.03859071433544159,0.0001285735925193876,-0.4676390290260315,1.3792343139648438,0.183616042137146,0.0002011207543546334,-0.23896683752536774,1.1687272787094116,0.1405610740184784,-0.0017337952740490437,1.2466742992401123,-1.4445682764053345,0.6330077648162842,0.1519419401884079,0.06336822360754013,1.2525912523269653,-1.5407893657684326,0.6019468307495117
0.12972265481948853,-0.5968500375747681,0.7343194484710693,0.10779932886362076,0.1163138672709465,-0.626431941986084,0.7631732821464539,0.03133157268166542,0.00013314347597770393,-0.4351128935813904,1.3943196535110474,0.16631248593330383,0.00013078046322334558,-0.20478469133377075,1.1911327838897705,0.16493476927280426,-0.014853131026029587,1.193739414215088,-1.406418800354004,0.672260046005249,0.15205049514770508,0.058351606130599976,1.2263286113739014,-1.5348525047302246,0.6099766492843628
0.13507339358329773,-0.6209975481033325,0.7396634221076965,0.10502637922763824,0.11264883726835251,-0.6243774890899658,0.7657887935638428,0.028749309480190277,0.00010315811960026622,-0.4047321677207947,1.4111194610595703,0.14381884038448334,8.503671415382996e-05,-0.1742100715637207,1.2144488096237183,0.19425417482852936,-0.028003599494695663,1.1410304307937622,-1.3669281005859375,0.7156067490577698,0.14702576398849487,0.05486903339624405,1.2112482786178589,-1.5369553565979004,0.6064954400062561
0.14139573276042938,-0.6473297476768494,0.7623596787452698,0.09552298486232758,0.0933494120836258,-0.6224133372306824,0.7712087035179138,-0.1415582001209259,0.0062765078619122505,-0.2994232773780823,1.5119785070419312,-0.05321866273880005,5.5273863836191595e-05,-0.154093936085701,1.2812016010284424,0.23476971685886383,-0.05867854133248329,1.0093687772750854,-1.2825690507888794,0.7169102430343628,0.15029555559158325,0.07546906918287277,1.1435739994049072,-1.4661551713943481,0.5394165515899658
0.14710816740989685,-0.6702272891998291,0.7776229381561279,0.08860829472541809,0.07738437503576279,-0.6210703253746033,0.7748754024505615,-0.24376142024993896,0.006612400524318218,-0.21764326095581055,1.5695819854736328,-0.175554096698761,3.6085857573198155e-05,-0.1371101588010788,1.3086357116699219,0.2891107201576233,-0.0878567323088646,0.8966081142425537,-1.2019362449645996,0.7370251417160034,0.15781092643737793,0.07936564832925797,1.10128653049469,-1.3882806301116943,0.4893864095211029
0.15270687639713287,-0.6915972232818604,0.7877212166786194,0.0845864936709404,0.06379883736371994,-0.618923544883728,0.7782727479934692,-0.30567002296447754,0.004298074636608362,-0.15748164057731628,1.6085586547851562,-0.25464075803756714,2.3592825527884997e-05,-0.11600401997566223,1.3266105651855469,0.3475624918937683,-0.11577289551496506,0.8000824451446533,-1.1287188529968262,0.7645960450172424,0.1750202178955078,0.07246378064155579,1.0754258632659912,-1.3032124042510986,0.45311564207077026
0.15865053236484528,-0.713620662689209,0.7906762361526489,0.07838136702775955,0.048111364245414734,-0.6168052554130554,0.7817243337631226,-0.367737352848053,0.0027937511913478374,-0.117608942091465,1.6426894664764404,-0.33870071172714233,1.8213821022072807e-05,-0.09250089526176453,1.349427342414856,0.400184690952301,-0.12733793258666992,0.7166932821273804,-1.0970526933670044,0.8091843128204346,0.20136615633964539,0.05597829446196556,1.0543912649154663,-1.2437413930892944,0.4393940567970276
0.164736807346344,-0.7329128384590149,0.793315052986145,0.07546039670705795,0.03633370250463486,-0.613253653049469,0.785433292388916,-0.40550607442855835,0.0018159381579607725,-0.09563058614730835,1.6665127277374268,-0.39397305250167847,1.485522443545051e-05,-0.06867515295743942,1.350000023841858,0.44063085317611694,-0.13368216156959534,0.6469552516937256,-1.0741688013076782,0.8413125276565552,0.22838887572288513,0.03588319197297096,1.038283109664917,-1.178714632987976,0.4241490364074707
0.17062336206436157,-0.7477329969406128,0.7963693141937256,0.07363991439342499,0.027218781411647797,-0.6088891625404358,0.7893606424331665,-0.4358280301094055,0.0011803597444668412,-0.08442564308643341,1.6786755323410034,-0.43740954995155334,9.885073268378619e-06,-0.043917346745729446,1.350000023841858,0.4719488024711609,-0.13535457849502563,0.5860060453414917,-1.0532329082489014,0.8624402284622192,0.25796741247177124,0.012057269923388958,1.0204905271530151,-1.1162651777267456,0.4094095230102539
0.17621079087257385,-0.7583966851234436,0.7994110584259033,0.07329399138689041,0.019537387415766716,-0.6047531366348267,0.7927924394607544,-0.45950955152511597,0.000767233781516552,-0.08199433982372284,1.682955265045166,-0.47285765409469604,6.4302203099941835e-06,-0.021656762808561325,1.350000023841858,0.4940245747566223,-0.1362028568983078,0.531822919845581,-1.0341590642929077,0.8755111694335938,0.2922155559062958,-0.013360200449824333,1.001231074333191,-1.0624935626983643,0.39924126863479614
0.18154862523078918,-0.7660294771194458,0.802365779876709,0.07429610192775726,0.012942169792950153,-0.5999205112457275,0.7964972853660583,-0.48073625564575195,0.0004987019347026944,-0.08596441894769669,1.6827034950256348,-0.5002120137214661,4.179642928647809e-06,-0.0028453562408685684,1.348828911781311,0.5065749883651733,-0.13497298955917358,0.48043549060821533,-1.019663691520691,0.8820031881332397,0.33027487993240356,-0.03794330358505249,0.9813904762268066,-1.0166550874710083,0.392490953207016
0.1865396499633789,-0.7716689705848694,0.8045748472213745,0.0761626586318016,0.0067472937516868114,-0.5944724678993225,0.8004724383354187,-0.49968206882476807,0.0003241562517359853,-0.09600557386875153,1.6806049346923828,-0.5218749642372131,2.7167677671968704e-06,0.013041015714406967,1.341430425643921,0.5080686807632446,-0.13139697909355164,0.43322432041168213,-1.0141775608062744,0.8823654055595398,0.37375399470329285,-0.060264889150857925,0.9609990119934082,-0.9772820472717285,0.3904755413532257
0.1912713646888733,-0.7765703201293945,0.805801510810852,0.07846440374851227,0.001026991638354957,-0.5873704552650452,0.8055049777030945,-0.5165017247200012,0.00021070156071800739,-0.10884785652160645,1.6756672859191895,-0.5415382385253906,1.7658990145719144e-06,0.02297070249915123,1.328607439994812,0.5003520250320435,-0.1257592886686325,0.391488641500473,-1.0165780782699585,0.8776760101318359,0.4221726357936859,-0.0789996087551117,0.941153883934021,-0.9407579898834229,0.39125412702560425
0.1957135647535324,-0.7817854881286621,0.8050823211669922,0.08054500818252563,-0.0047455583699047565,-0.5794236063957214,0.8110229969024658,-0.5316323637962341,0.0001369560050079599,-0.1223984956741333,1.6697790622711182,-0.55341637134552,1.1478342685222742e-06,0.03244643658399582,1.3172638416290283,0.48432889580726624,-0.11636888980865479,0.3556267023086548,-1.0302425622940063,0.8726259469985962,0.4749164283275604,-0.09428736567497253,0.9216217398643494,-0.9079027771949768,0.3956681191921234
0.2000856250524521,-0.7878704071044922,0.8029550313949585,0.08208736032247543,-0.011029691435396671,-0.5711718797683716,0.816641092300415,-0.552432119846344,8.902139961719513e-05,-0.13529452681541443,1.6633312702178955,-0.560255765914917,7.460922688551364e-07,0.03280302509665489,1.3060731887817383,0.4591766595840454,-0.10667112469673157,0.32806411385536194,-1.0587263107299805,0.8702207803726196,0.5345892906188965,-0.10651368647813797,0.900763988494873,-0.8846390247344971,0.41155385971069336
0.20438891649246216,-0.7951096296310425,0.8051409721374512,0.08302135020494461,-0.017561396583914757,-0.5627618432044983,0.8222519159317017,-0.5853413939476013,5.786390829598531e-05,-0.14009171724319458,1.6520600318908691,-0.5605856776237488,4.849599690714967e-07,0.026664644479751587,1.2963321208953857,0.4252321720123291,-0.09906335175037384,0.3095797300338745,-1.101886510848999,0.8684200048446655,0.6003708243370056,-0.11547641456127167,0.8764668703079224,-0.8734002709388733,0.44015979766845703
0.20891013741493225,-0.8032017946243286,0.8083556294441223,0.08344495296478271,-0.022619085386395454,-0.5544397234916687,0.8277208805084229,-0.6300895810127258,3.761153857340105e-05,-0.13456830382347107,1.6391487121582031,-0.5507836937904358,3.1522395715910534e-07,0.014390266500413418,1.2907673120498657,0.38450270891189575,-0.09613557159900665,0.30722901225090027,-1.1547372341156006,0.866068959236145,0.6651180982589722,-0.1212843805551529,0.8490564227104187,-0.8704794645309448,0.47612884640693665
0.21365463733673096,-0.8115516901016235,0.8119646310806274,0.08315042406320572,-0.025575987994670868,-0.5458451509475708,0.8333576321601868,-0.6841784715652466,2.444749952701386e-05,-0.12455067038536072,1.6205129623413086,-0.5343854427337646,2.04895570732333e-07,0.0014822827652096748,1.287474513053894,0.3408535122871399,-0.09585919231176376,0.3246462345123291,-1.2155756950378418,0.8634679317474365,0.7072160243988037,-0.11515648663043976,0.8210515975952148,-0.8731648921966553,0.5189319849014282
0.21891093254089355,-0.8202383518218994,0.8157592415809631,0.08304258435964584,-0.02639123797416687,-0.536754846572876,0.8392268419265747,-0.7358906269073486,1.5890873328316957e-05,-0.11911336332559586,1.603760004043579,-0.5066843032836914,1.3318211244950362e-07,-0.015781603753566742,1.2882734537124634,0.2979522943496704,-0.09793710708618164,0.36680537462234497,-1.2897617816925049,0.8648241758346558,0.7345796823501587,-0.10172470659017563,0.7940547466278076,-0.8781905174255371,0.5634649991989136
0.22467973828315735,-0.8290948867797852,0.8196260929107666,0.08275871723890305,-0.025262564420700073,-0.526344358921051,0.8458572030067444,-0.7813942432403564,1.0329067663406022e-05,-0.12163068354129791,1.5896828174591064,-0.475058913230896,8.656837025000641e-08,-0.03210705518722534,1.2876464128494263,0.26044076681137085,-0.10543230175971985,0.434408038854599,-1.3516484498977661,0.853225588798523,0.7523660659790039,-0.08348694443702698,0.7663031816482544,-0.8851062059402466,0.6084874272346497
0.22569540143013,-0.8320797681808472,0.8091387748718262,0.08572190999984741,0.0004337268474046141,-0.5201477408409119,0.8497634530067444,-0.5981566905975342,6.713893526466563e-06,-0.18497981131076813,1.5856969356536865,-0.36055848002433777,5.6269449544288364e-08,-0.03042714297771454,1.3336533308029175,0.27343660593032837,-0.06593196839094162,0.560355544090271,-1.344218134880066,0.8655939102172852,0.7161998748779297,-0.1332699954509735,0.8030023574829102,-0.8981438875198364,0.659744918346405
0.22999998927116394,-0.8394463062286377,0.8042997121810913,0.08621089160442352,0.01792963780462742,-0.5103907585144043,0.8554223775863647,-0.4802280366420746,4.373175670480123e-06,-0.239486962556839,1.56666100025177,-0.2869049906730652,3.657514113797333e-08,-0.03994594141840935,1.350000023841858,0.30091556906700134,-0.045504845678806305,0.6456325054168701,-1.329404354095459,0.8815792798995972,0.6972720623016357,-0.16529785096645355,0.8186111450195312,-0.9105676412582397,0.7001837491989136
0.23678994178771973,-0.8491325974464417,0.8027663230895996,0.08623964339494705,0.031239883974194527,-0.49560949206352234,0.8636886477470398,-0.4061165750026703,2.8425874916138127e-06,-0.26862475275993347,1.534216046333313,-0.2345278561115265,2.3773841562046982e-08,-0.04728002846240997,1.350000023841858,0.323117733001709,-0.03860688954591751,0.7022292613983154,-1.3011945486068726,0.892871081829071,0.690590500831604,-0.18643571436405182,0.8209535479545593,-0.9121819734573364,0.726817786693573
0.24659141898155212,-0.8613574504852295,0.803017258644104,0.08529724180698395,0.041232410818338394,-0.47734272480010986,0.8735949993133545,-0.3646104633808136,1.8476847571946564e-06,-0.28242063522338867,1.507305383682251,-0.19731281697750092,1.545299710414838e-08,-0.05872206762433052,1.344213604927063,0.3386459946632385,-0.039364904165267944,0.7403862476348877,-1.2736083269119263,0.8976753950119019,0.6916013360023499,-0.19811934232711792,0.8141161203384399,-0.9120650291442871,0.7465369701385498
0.2598167061805725,-0.8756402730941772,0.803460955619812,0.08337806910276413,0.049127090722322464,-0.45804789662361145,0.8836440443992615,-0.3415273129940033,1.2010690397801227e-06,-0.29408344626426697,1.4822648763656616,-0.16869622468948364,1.0044447940060763e-08,-0.0776904821395874,1.3281335830688477,0.3464914560317993,-0.04442277178168297,0.7698243856430054,-1.2554428577423096,0.8983328342437744,0.6917401552200317,-0.19969379901885986,0.8049983978271484,-0.9197293519973755,0.7658864855766296
0.27691271901130676,-0.8918662667274475,0.8032171726226807,0.08098484575748444,0.05712828040122986,-0.44017359614372253,0.8924264311790466,-0.3402997553348541,7.807564088579966e-07,-0.30528533458709717,1.4852051734924316,-0.15429452061653137,6.528890761359207e-09,-0.10722669959068298,1.3263641595840454,0.35316377878189087,-0.05396784469485283,0.7926900386810303,-1.2357767820358276,0.8999049663543701,0.6898840665817261,-0.1958899199962616,0.7964977025985718,-0.9358347058296204,0.7822608947753906
0.29705810546875,-0.9093544483184814,0.8019384145736694,0.0783751979470253,0.06529410928487778,-0.42320892214775085,0.9002711772918701,-0.34737956523895264,5.076137199466757e-07,-0.30696773529052734,1.4969868659973145,-0.1452520340681076,4.243778661816577e-09,-0.13033661246299744,1.3260562419891357,0.3571239113807678,-0.0664137601852417,0.8104407787322998,-1.212983250617981,0.900599479675293,0.678290069103241,-0.18452593684196472,0.790532648563385,-0.9608720541000366,0.7941427230834961
0.3193487226963043,-0.9275121688842773,0.7991992235183716,0.0747380182147026,0.0727880448102951,-0.4064007103443146,0.9077194333076477,-0.3611217141151428,3.3201374094460334e-07,-0.3048587441444397,1.5159181356430054,-0.14295987784862518,2.7584561301807753e-09,-0.1492968201637268,1.329573392868042,0.36557531356811523,-0.08107598125934601,0.8246027231216431,-1.1913014650344849,0.901354193687439,0.6626884341239929,-0.16988718509674072,0.784155011177063,-0.9928387403488159,0.8061472177505493
0.3459470272064209,-0.9486593008041382,0.7918954491615295,0.06362665444612503,0.0635363757610321,-0.391085684299469,0.9159512519836426,-0.4347291588783264,0.00024349940940737724,-0.3034798800945282,1.5626306533813477,-0.19329887628555298,3.913720014736555e-09,-0.16481193900108337,1.350000023841858,0.39904123544692993,-0.08146941661834717,0.8153076171875,-1.2225830554962158,0.9267514944076538,0.6777154207229614,-0.13792327046394348,0.7522265911102295,-1.0637691020965576,0.8559239506721497
0.373879075050354,-0.9681378602981567,0.7865707874298096,0.055381860584020615,0.06016390025615692,-0.37427425384521484,0.923705518245697,-0.5089762210845947,0.00015845743473619223,-0.2964134216308594,1.617377519607544,-0.24217766523361206,2.5439186313036544e-09,-0.1788262128829956,1.350000023841858,0.4279557764530182,-0.08842970430850983,0.8104674816131592,-1.2345004081726074,0.9437367916107178,0.6912804245948792,-0.11534473299980164,0.7270023226737976,-1.1131314039230347,0.8889775276184082
0.4031358063220978,-0.985666036605835,0.7834520936012268,0.049017906188964844,0.06000163406133652,-0.3552626073360443,0.9315500855445862,-0.5609276294708252,0.00010314524115528911,-0.2865484356880188,1.6522855758666992,-0.27297529578208923,1.6535470770406846e-09,-0.18497422337532043,1.350000023841858,0.4526318311691284,-0.09987939894199371,0.8075003623962402,-1.234555721282959,0.9542055726051331,0.7020198702812195,-0.09827867150306702,0.7069306373596191,-1.1485639810562134,0.9110256433486938
0.43341851234436035,-1.0015212297439575,0.7803508639335632,0.04384101182222366,0.06131627410650253,-0.3341773748397827,0.9394912123680115,-0.5983566045761108,6.704440602334216e-05,-0.2783348560333252,1.675902009010315,-0.2929532825946808,1.0748055778719845e-09,-0.1882752776145935,1.350000023841858,0.4743122458457947,-0.11383631825447083,0.8053269386291504,-1.2301290035247803,0.9610984325408936,0.7081177830696106,-0.08537642657756805,0.6921606063842773,-1.176812767982483,0.9272406101226807
0.463983952999115,-1.015642523765564,0.777594268321991,0.0396154448390007,0.06350576132535934,-0.31268754601478577,0.9469023942947388,-0.6176111102104187,4.357886064099148e-05,-0.2769538164138794,1.6887626647949219,-0.2995445132255554,6.986236034123294e-10,-0.19599649310112,1.350000023841858,0.49255120754241943,-0.12817570567131042,0.8042738437652588,-1.2247295379638672,0.9653139710426331,0.7077950239181519,-0.07646998763084412,0.6833900213241577,-1.1988372802734375,0.9372611045837402
0.49478840827941895,-1.0280094146728516,0.7739099860191345,0.035039469599723816,0.06561609357595444,-0.28792327642440796,0.9547601342201233,-0.6254781484603882,2.832625796145294e-05,-0.2752200961112976,1.6950209140777588,-0.299608051776886,4.54105336666899e-10,-0.20095226168632507,1.350000023841858,0.5090649724006653,-0.14211122691631317,0.8062303066253662,-1.2215583324432373,0.9690089225769043,0.7017601728439331,-0.07021559774875641,0.6814992427825928,-1.2253438234329224,0.9445032477378845
0.5250166654586792,-1.0383222103118896,0.7700439095497131,0.029504334554076195,0.06613141298294067,-0.2582709491252899,0.9633547067642212,-0.626204788684845,1.841206722019706e-05,-0.2724860906600952,1.6982417106628418,-0.296068012714386,2.951684452412451e-10,-0.20384812355041504,1.350000023841858,0.5246672630310059,-0.15422934293746948,0.8079273700714111,-1.2185770273208618,0.9718813896179199,0.6900064945220947,-0.06464707106351852,0.6830220222473145,-1.2529258728027344,0.9491415023803711
0.5534875392913818,-1.0465638637542725,0.7655987739562988,0.02311418391764164,0.06450296938419342,-0.22391638159751892,0.9721967577934265,-0.6153715252876282,1.1967843420279678e-05,-0.2734435200691223,1.704932689666748,-0.2856619358062744,1.9185948663125174e-10,-0.20938070118427277,1.350000023841858,0.5399309992790222,-0.16263356804847717,0.8085449934005737,-1.2176909446716309,0.9742090702056885,0.6710142493247986,-0.05871269106864929,0.687857985496521,-1.2862634658813477,0.951404333114624
0.5791929364204407,-1.0532934665679932,0.7621270418167114,0.017297621816396713,0.06181081384420395,-0.18728935718536377,0.9802055954933167,-0.5997048020362854,7.779098268656526e-06,-0.2783457040786743,1.708845853805542,-0.2739991247653961,1.2470866006530912e-10,-0.2160588651895523,1.350000023841858,0.5547910928726196,-0.16854850947856903,0.8066285848617554,-1.2132538557052612,0.9755254983901978,0.6452449560165405,-0.0538187101483345,0.6946170926094055,-1.3141942024230957,0.9498887062072754
0.6021624803543091,-1.0585147142410278,0.7618862390518188,0.012174390256404877,0.0585273876786232,-0.14761118590831757,0.9872372150421143,-0.5831148028373718,5.056413556303596e-06,-0.2895691990852356,1.7078123092651367,-0.2638457119464874,8.10606234913358e-11,-0.2280227243900299,1.350000023841858,0.570614755153656,-0.17256590723991394,0.8023238182067871,-1.207465648651123,0.9768179655075073,0.6134144067764282,-0.049081236124038696,0.7050788402557373,-1.343660831451416,0.9479913115501404
0.6217471361160278,-1.0625971555709839,0.7624765634536743,0.007929906249046326,0.055108677595853806,-0.10580692440271378,0.9928268194198608,-0.5664850473403931,3.286668743385235e-06,-0.3079070448875427,1.7024027109146118,-0.25567373633384705,5.268940492242358e-11,-0.24537459015846252,1.350000023841858,0.5885522365570068,-0.17507120966911316,0.7966004610061646,-1.2041537761688232,0.9782360792160034,0.5776021480560303,-0.0453023724257946,0.719021201133728,-1.3716216087341309,0.9426236152648926
0.6385935544967651,-1.0659726858139038,0.7631562948226929,0.004383436404168606,0.052468191832304,-0.06037455052137375,0.9967862367630005,-0.55260169506073,2.1363346149883e-06,-0.32628893852233887,1.6922416687011719,-0.2491019368171692,3.42481112913795e-11,-0.26573869585990906,1.350000023841858,0.6076480150222778,-0.1765752136707306,0.7889159917831421,-1.201233148574829,0.9793211221694946,0.5407826900482178,-0.04121283441781998,0.7359254360198975,-1.3944528102874756,0.931755542755127
0.6545212864875793,-1.0685994625091553,0.7640761137008667,0.0015331580070778728,0.05107792839407921,-0.011808166280388832,0.9986236691474915,-0.5409595370292664,1.3886174201616086e-06,-0.34056204557418823,1.6786081790924072,-0.24165907502174377,2.226126921689442e-11,-0.287092924118042,1.350000023841858,0.626506507396698,-0.17645344138145447,0.779093861579895,-1.1983827352523804,0.9796452522277832,0.5058626532554626,-0.03670455142855644,0.7545329332351685,-1.4072651863098145,0.9131421446800232
0.6700151562690735,-1.0706262588500977,0.7671675682067871,-0.0013013854622840881,0.054669901728630066,0.03553329408168793,0.9978712201118469,-0.5101414918899536,9.02601300367678e-07,-0.35137975215911865,1.6637687683105469,-0.22046607732772827,1.4469821174589725e-11,-0.305118203163147,1.350000023841858,0.6396002769470215,-0.17773114144802094,0.7704721689224243,-1.1826746463775635,0.9796069860458374,0.46921342611312866,-0.036708734929561615,0.7818964719772339,-1.399182677268982,0.8830335140228271
0.6863664388656616,-1.0716887712478638,0.7704962491989136,-0.0031836393754929304,0.05930471792817116,0.07891927659511566,0.9951103329658508,-0.4677594304084778,5.866908168172813e-07,-0.3606221079826355,1.6496870517730713,-0.19452522695064545,9.405378385840546e-12,-0.3194381594657898,1.350000023841858,0.6497714519500732,-0.176986426115036,0.7598986625671387,-1.1661075353622437,0.9788246154785156,0.43636953830718994,-0.03708285465836525,0.8110893964767456,-1.377833366394043,0.8466444611549377
0.7039153575897217,-1.0711696147918701,0.7727124691009521,-0.004289296455681324,0.06407797336578369,0.11765928566455841,0.9909752011299133,-0.42286068201065063,3.8134902524689096e-07,-0.3694295287132263,1.635162115097046,-0.16858266294002533,6.48523127892986e-05,-0.3304830491542816,1.350000023841858,0.6577009558677673,-0.1740207076072693,0.7504367828369141,-1.1554405689239502,0.9784139394760132,0.41117143630981445,-0.037727244198322296,0.8393357992172241,-1.3499870300292969,0.8107030391693115
0.7221200466156006,-1.068922519683838,0.7740085124969482,-0.00506712356582284,0.06818513572216034,0.15147678554058075,0.9860932230949402,-0.38928404450416565,6.146045780042186e-05,-0.3764722943305969,1.6179454326629639,-0.14848724007606506,0.00018124280904885381,-0.33839473128318787,1.350000023841858,0.6637284755706787,-0.1678164154291153,0.7414044141769409,-1.15005624294281,0.9769090414047241,0.3960164189338684,-0.039377711713314056,0.861771821975708,-1.320479393005371,0.7781442403793335
0.7434603571891785,-1.064007043838501,0.7708775401115417,-0.0052430094219744205,0.06586454063653946,0.1821681261062622,0.9810449481010437,-0.40308550000190735,3.995278166257776e-05,-0.3810211420059204,1.6267510652542114,-0.1682841181755066,0.000117813418910373,-0.3401768207550049,1.350000023841858,0.6803529858589172,-0.1497361958026886,0.7319824695587158,-1.173338532447815,0.9764069318771362,0.40117669105529785,-0.0414842814207077,0.8662488460540771,-1.3104279041290283,0.7632279396057129
0.7650284767150879,-1.0582263469696045,0.770643949508667,-0.006172219756990671,0.06981375813484192,0.20660148561000824,0.9759117960929871,-0.3921959400177002,2.5969316993723623e-05,-0.38617849349975586,1.6279487609863281,-0.16600307822227478,7.657873356947675e-05,-0.3448169231414795,1.350000023841858,0.6879664063453674,-0.1389497071504593,0.7301384210586548,-1.1833257675170898,0.9758461117744446,0.4076523184776306,-0.048867207020521164,0.8756465911865234,-1.293252944946289,0.7502748370170593
0.7902986407279968,-1.0522150993347168,0.7713733911514282,-0.00429255748167634,0.06933415681123734,0.22463104128837585,0.9719646573066711,-0.3993281126022339,1.698766391200479e-05,-0.3933080732822418,1.6318111419677734,-0.18024155497550964,4.996202915208414e-05,-0.3482660949230194,1.350000023841858,0.6995569467544556,-0.12132732570171356,0.7281773090362549,-1.2126049995422363,0.976341962814331,0.4266778826713562,-0.05532427877187729,0.8735235333442688,-1.2895495891571045,0.7511008977890015
0.8195085525512695,-1.0472400188446045,0.771816074848175,-0.000861459004227072,0.0702577754855156,0.2373300939798355,0.9688847064971924,-0.4021737575531006,1.2130115464970004e-05,-0.3997613787651062,1.633650541305542,-0.18984022736549377,3.491196548566222e-05,-0.35236090421676636,1.350000023841858,0.7056745290756226,-0.10513157397508621,0.731544017791748,-1.2445019483566284,0.977111279964447,0.44790393114089966,-0.06465139985084534,0.870954155921936,-1.2869811058044434,0.7579339742660522
0.8513956069946289,-1.043412208557129,0.7714949250221252,0.004582656547427177,0.07094233483076096,0.2456049621105194,0.9667597413063049,-0.40370506048202515,5.7088596804533154e-05,-0.40424981713294983,1.636134147644043,-0.1991834044456482,0.00014513556379824877,-0.35486727952957153,1.350000023841858,0.7056019902229309,-0.08876128494739532,0.7399564981460571,-1.284226655960083,0.9778858423233032,0.47035282850265503,-0.0742749273777008,0.8670111894607544,-1.2888762950897217,0.7713097929954529
0.8835797309875488,-1.0400686264038086,0.7703665494918823,0.011647694744169712,0.07130956649780273,0.2516689896583557,0.9651123881340027,-0.4083923101425171,0.0001541031670058146,-0.40571096539497375,1.6398488283157349,-0.21097323298454285,0.00035269901854917407,-0.35377830266952515,1.350000023841858,0.6991467475891113,-0.07398099452257156,0.7516461610794067,-1.3285317420959473,0.978827953338623,0.49413302540779114,-0.08377017080783844,0.8625426292419434,-1.2933403253555298,0.7899080514907837
0.9141983985900879,-1.0362356901168823,0.7697783708572388,0.019369887188076973,0.07119519263505936,0.255158007144928,0.9640800952911377,-0.4190164804458618,0.00038031081203371286,-0.4001781642436981,1.6441187858581543,-0.22627797722816467,0.0006539453752338886,-0.3460215628147125,1.350000023841858,0.6861262321472168,-0.0617484524846077,0.7614705562591553,-1.367004156112671,0.9785962104797363,0.5181610584259033,-0.09171342849731445,0.8555548787117004,-1.2946913242340088,0.8070976734161377
0.9417926073074341,-1.0311282873153687,0.7689403295516968,0.02626565471291542,0.07059592008590698,0.2577211558818817,0.9632788300514221,-0.4301057457923889,0.0004959156503900886,-0.3908974528312683,1.6501164436340332,-0.24127410352230072,0.0008357056649401784,-0.33369874954223633,1.350000023841858,0.6677371263504028,-0.05308857560157776,0.773038387298584,-1.4035418033599854,0.9777593016624451,0.542686402797699,-0.09827674925327301,0.8478243350982666,-1.2947295904159546,0.8248841762542725
0.9665718078613281,-1.0241667032241821,0.7678854465484619,0.03166051208972931,0.07025627791881561,0.259711354970932,0.9626067280769348,-0.4402063190937042,0.0004403753555379808,-0.38425061106681824,1.6560888290405273,-0.25531432032585144,0.000797799788415432,-0.32327789068222046,1.350000023841858,0.6446335315704346,-0.04802538827061653,0.7874971628189087,-1.4384660720825195,0.9764772653579712,0.566961407661438,-0.10327097773551941,0.8399453163146973,-1.294662356376648,0.8434367775917053
0.9895306825637817,-1.0148820877075195,0.7673176527023315,0.03562409058213234,0.07070368528366089,0.2618400454521179,0.9618584513664246,-0.4637829661369324,0.0002863292465917766,-0.3758639693260193,1.669879674911499,-0.27492472529411316,0.0005187263013795018,-0.3109113276004791,1.350000023841858,0.620424747467041,-0.04823826998472214,0.7998054027557373,-1.4577665328979492,0.9722782373428345,0.5932203531265259,-0.10546751320362091,0.831531286239624,-1.2926609516143799,0.8611398339271545
1.0125181674957275,-1.0030503273010254,0.7679961919784546,0.03710641711950302,0.07225015014410019,0.26500415802001953,0.9608203768730164,-0.4912814497947693,0.00018621528579387814,-0.3652859926223755,1.683488130569458,-0.2909441590309143,0.000337180623319,-0.3017307221889496,1.350000023841858,0.5982450246810913,-0.05417809262871742,0.8106607794761658,-1.4590609073638916,0.9624565839767456,0.6206099390983582,-0.10686494410037994,0.8200714588165283,-1.2865347862243652,0.8747740387916565
1.0362443923950195,-0.9897844791412354,0.768740177154541,0.03697929158806801,0.07508378475904465,0.268163800239563,0.9597308039665222,-0.517098069190979,0.00012107655493309721,-0.3501463234424591,1.699081301689148,-0.3015473186969757,0.00021922070300206542,-0.29379042983055115,1.350000023841858,0.5786681175231934,-0.06614968180656433,0.8260315656661987,-1.4511146545410156,0.9545573592185974,0.6472337245941162,-0.10696477442979813,0.8069859743118286,-1.283034324645996,0.8883794546127319
1.060522437095642,-0.9756654500961304,0.7695825099945068,0.03573715686798096,0.0780576765537262,0.2701191008090973,0.9589919447898865,-0.5431774854660034,7.891730638220906e-05,-0.33417779207229614,1.709862470626831,-0.30451875925064087,0.0001425920781912282,-0.2867438793182373,1.350000023841858,0.5610761642456055,-0.08439901471138,0.8414589762687683,-1.4339087009429932,0.9457103610038757,0.6707967519760132,-0.10494743287563324,0.7936387062072754,-1.2801456451416016,0.8998305797576904
1.0853016376495361,-0.9606896638870239,0.769717812538147,0.033610984683036804,0.08041989058256149,0.27020949125289917,0.9588481187820435,-0.5655993223190308,5.133667582413182e-05,-0.3263826072216034,1.7166681289672852,-0.3038865327835083,9.353262430522591e-05,-0.2823634445667267,1.350000023841858,0.5475364923477173,-0.10390009731054306,0.8560627698898315,-1.4124603271484375,0.939272403717041,0.6901249885559082,-0.10129261016845703,0.780220627784729,-1.2814069986343384,0.9114656448364258
1.1097673177719116,-0.9450769424438477,0.770115077495575,0.031623683869838715,0.08189230412244797,0.2733166217803955,0.9579100012779236,-0.5848824977874756,3.337843008921482e-05,-0.31850865483283997,1.723805546760559,-0.29990649223327637,6.087583096814342e-05,-0.2767545282840729,1.350000023841858,0.5378104448318481,-0.12364503741264343,0.8672134280204773,-1.384047508239746,0.9318287372589111,0.7039152383804321,-0.0951528549194336,0.7650309801101685,-1.2848632335662842,0.9194952249526978
1.1330540180206299,-0.9300136566162109,0.7701533436775208,0.031119005754590034,0.08154574036598206,0.2729361057281494,0.958064615726471,-0.5966085195541382,2.1703286620322615e-05,-0.31056278944015503,1.7279503345489502,-0.2949184775352478,3.975914296461269e-05,-0.2693697214126587,1.350000023841858,0.5320590734481812,-0.14381331205368042,0.873314380645752,-1.35249924659729,0.9256748557090759,0.7114884853363037,-0.08615723252296448,0.7501605749130249,-1.292487382888794,0.9262758493423462
1.1547380685806274,-0.9158685207366943,0.7696049213409424,0.031048445031046867,0.08093415200710297,0.2720232307910919,0.9583783149719238,-0.5961769223213196,1.5305138731491752e-05,-0.30373838543891907,1.7278658151626587,-0.28367477655410767,2.786923505482264e-05,-0.2638869285583496,1.350000023841858,0.5287377834320068,-0.16446487605571747,0.8756204843521118,-1.3196372985839844,0.9218076467514038,0.7112399339675903,-0.0756121426820755,0.7376054525375366,-1.3041313886642456,0.9321953654289246
1.1718499660491943,-0.9016338586807251,0.7904165983200073,0.03489885851740837,0.08489279448986053,0.27928104996681213,0.955812394618988,-0.6079769134521484,9.948339538823348e-06,-0.27349579334259033,1.5766042470932007,-0.25388070940971375,1.8115002603735775e-05,-0.17652876675128937,1.2888916730880737,0.4169872999191284,-0.19853182137012482,0.9329006671905518,-1.0622460842132568,0.74114590883255,0.7371952533721924,0.015494290739297867,0.6392274498939514,-1.175795316696167,0.9358723163604736
1.1950924396514893,-0.8831381797790527,0.7926582098007202,0.037292949855327606,0.07361258566379547,0.2829131782054901,0.9555891156196594,-0.679311990737915,6.4664204728615005e-06,-0.24274522066116333,1.5338025093078613,-0.2942323088645935,1.1774751328630373e-05,-0.1370975524187088,1.2934857606887817,0.376146525144577,-0.2206309288740158,0.94478440284729,-0.931369423866272,0.7015153169631958,0.7540662288665771,0.1031486839056015,0.5569297075271606,-1.144122838973999,0.9501680135726929
1.2198375463485718,-0.8631758689880371,0.789993941783905,0.03903910890221596,0.06433597952127457,0.28558942675590515,0.9553928971290588,-0.7303839921951294,4.203173375572078e-06,-0.21985721588134766,1.5186501741409302,-0.33156391978263855,7.653587999811862e-06,-0.11812280863523483,1.310803771018982,0.3557489812374115,-0.2350156456232071,0.9427869319915771,-0.8622890710830688,0.6869983673095703,0.7650322914123535,0.1710796356201172,0.4948236346244812,-1.1306285858154297,0.9565426111221313
1.2461895942687988,-0.8421350717544556,0.784256100654602,0.0419422872364521,0.05764634907245636,0.2852573096752167,0.9557960033416748,-0.756196916103363,2.7320625122229103e-06,-0.20227856934070587,1.5126311779022217,-0.35755425691604614,4.9748318815545645e-06,-0.11163779348134995,1.3233541250228882,0.34572115540504456,-0.24437642097473145,0.9415255784988403,-0.8437047004699707,0.6945271492004395,0.771933913230896,0.22547507286071777,0.45510780811309814,-1.1381756067276,0.9564563035964966
1.2728703022003174,-0.8214264512062073,0.7762747406959534,0.04640747606754303,0.05315978080034256,0.27991944551467896,0.9574265480041504,-0.7667314410209656,1.7758405874701566e-06,-0.18718284368515015,1.5122735500335693,-0.37555044889450073,3.2336406547983643e-06,-0.11527873575687408,1.3305094242095947,0.34251758456230164,-0.2504202425479889,0.9489617347717285,-0.8737291693687439,0.7275887727737427,0.7647814750671387,0.2686230540275574,0.43429580330848694,-1.1688506603240967,0.9547191858291626
1.2973461151123047,-0.8028149604797363,0.7665647268295288,0.051422059535980225,0.05135170742869377,0.27245214581489563,0.9594209790229797,-0.7686806917190552,1.1542963420652086e-06,-0.17929960787296295,1.508874773979187,-0.37955743074417114,2.101866357406834e-06,-0.12354214489459991,1.3276149034500122,0.3348499536514282,-0.25438809394836426,0.9767991304397583,-0.9356627464294434,0.7713683247566223,0.7392248511314392,0.2977156639099121,0.4294029474258423,-1.221629023551941,0.9551867246627808
1.3175938129425049,-0.7871682643890381,0.7568433284759521,0.055717334151268005,0.05212411284446716,0.2665233612060547,0.9608038067817688,-0.7556910514831543,7.50292599605018e-07,-0.1755370795726776,1.508605718612671,-0.3721379041671753,1.366213041364972e-06,-0.13311684131622314,1.317589282989502,0.32185667753219604,-0.25697046518325806,1.0243910551071167,-1.0108513832092285,0.8035802841186523,0.6977373957633972,0.3133997917175293,0.4341750144958496,-1.2827484607696533,0.9570233821868896
1.3323979377746582,-0.7748594284057617,0.7487630844116211,0.05968441069126129,0.05360369011759758,0.2634590268135071,0.9613291621208191,-0.736953616142273,4.876901584793814e-07,-0.1779910773038864,1.5136271715164185,-0.36000603437423706,8.880384712028899e-07,-0.13743318617343903,1.3014899492263794,0.30388501286506653,-0.2585739195346832,1.0787651538848877,-1.0802762508392334,0.8024690747261047,0.6500853300094604,0.3234409689903259,0.43765518069267273,-1.335512638092041,0.9591256380081177
1.3415637016296387,-0.765868067741394,0.7411147952079773,0.0630975216627121,0.05600605905056,0.262335866689682,0.961281418800354,-0.7129349112510681,3.1699858027423033e-07,-0.18521429598331451,1.5192153453826904,-0.344258189201355,5.772249664914852e-07,-0.13965225219726562,1.2800028324127197,0.28484728932380676,-0.2595489025115967,1.138373851776123,-1.1425375938415527,0.7753379344940186,0.5995920896530151,0.33196982741355896,0.4399586617946625,-1.3831945657730103,0.9602282643318176
1.3463447093963623,-0.7598886489868164,0.7330118417739868,0.06565520167350769,0.05993655323982239,0.26167234778404236,0.9610539078712463,-0.6804343461990356,2.0604906580956595e-07,-0.19538095593452454,1.5215299129486084,-0.32371389865875244,3.751962083242688e-07,-0.13852813839912415,1.2536289691925049,0.266752153635025,-0.26030492782592773,1.2052264213562012,-1.2084627151489258,0.7386133074760437,0.5472816824913025,0.34012046456336975,0.4415329694747925,-1.4284486770629883,0.9594966173171997
1.3492132425308228,-0.755596935749054,0.7247509956359863,0.06808192282915115,0.06389646232128143,0.26183149218559265,0.9605864882469177,-0.6516655087471008,1.339318913551324e-07,-0.2077489197254181,1.5229275226593018,-0.3026489019393921,2.438775368318602e-07,-0.13448716700077057,1.228320598602295,0.2485255002975464,-0.26008957624435425,1.2757049798965454,-1.2798411846160889,0.6968479156494141,0.49741414189338684,0.3505204916000366,0.4382714033126831,-1.4702732563018799,0.9545844793319702
1.3523410558700562,-0.7519702911376953,0.715854287147522,0.07059618085622787,0.06790238618850708,0.2614162862300873,0.9602432250976562,-0.6238570213317871,8.70557244070369e-08,-0.2219058871269226,1.5185165405273438,-0.2803339660167694,1.5852039325636724e-07,-0.1335390955209732,1.2037208080291748,0.23204755783081055,-0.25774282217025757,1.348391056060791,-1.3535209894180298,0.6515650153160095,0.4494887590408325,0.36177483201026917,0.4316243827342987,-1.5115396976470947,0.9473884701728821
1.3567618131637573,-0.7482330799102783,0.7059633731842041,0.07301045209169388,0.07158772647380829,0.25999772548675537,0.9601801633834839,-0.5949642658233643,5.658622015403125e-08,-0.23714685440063477,1.513227105140686,-0.257790207862854,1.030382534850105e-07,-0.13738231360912323,1.1824564933776855,0.2177540510892868,-0.2527690827846527,1.4234046936035156,-1.4335031509399414,0.6073398590087891,0.4033489227294922,0.3731032609939575,0.42049360275268555,-1.5536730289459229,0.9369441866874695
1.3626036643981934,-0.7440013885498047,0.6948628425598145,0.07509496062994003,0.07454806566238403,0.2583368420600891,0.9602423906326294,-0.5744202733039856,3.6781042211941894e-08,-0.25242316722869873,1.5118887424468994,-0.244582861661911,6.697486298889999e-08,-0.13995565474033356,1.1689552068710327,0.20349545776844025,-0.24488413333892822,1.4951826333999634,-1.5126500129699707,0.5619567036628723,0.3603380620479584,0.3846794366836548,0.40261387825012207,-1.5954707860946655,0.9220694303512573
1.3696956634521484,-0.7390569448471069,0.683240532875061,0.07598645240068436,0.0778481662273407,0.2570922076702118,0.9602444171905518,-0.5634775161743164,2.3907675839041076e-08,-0.26625674962997437,1.5075290203094482,-0.2363021969795227,4.3533660232242255e-08,-0.14134180545806885,1.1591796875,0.18782967329025269,-0.2336311936378479,1.560632348060608,-1.5799033641815186,0.5137932300567627,0.3204273581504822,0.39386916160583496,0.3796839416027069,-1.632520318031311,0.902371346950531
1.377448320388794,-0.7336316108703613,0.6715507507324219,0.07545874267816544,0.08207594603300095,0.2557297348976135,0.9602978229522705,-0.5543012619018555,1.553998885128749e-08,-0.2772493064403534,1.502832293510437,-0.23031502962112427,2.8296877729871994e-08,-0.14435361325740814,1.1517014503479004,0.17151868343353271,-0.2207030951976776,1.6201558113098145,-1.6348800659179688,0.46613848209381104,0.2817479968070984,0.39990612864494324,0.3560824692249298,-1.6640446186065674,0.8804470300674438
1.3851292133331299,-0.7284077405929565,0.6606338024139404,0.07379492372274399,0.08644748479127884,0.2540619969367981,0.9604861736297607,-0.5485039353370667,1.0100992042794132e-08,-0.2872956395149231,1.4997056722640991,-0.22885078191757202,1.839297070205248e-08,-0.1508539766073227,1.1461143493652344,0.156159907579422,-0.20504669845104218,1.6693305969238281,-1.6735270023345947,0.41824740171432495,0.2452947348356247,0.4020342230796814,0.33215492963790894,-1.6889406442642212,0.8570884466171265
1.392226219177246,-0.7239876985549927,0.651304304599762,0.07200422883033752,0.09002349525690079,0.2514208257198334,0.960988461971283,-0.5457765460014343,6.565644472544818e-09,-0.29516637325286865,1.4971942901611328,-0.23032961785793304,1.195543042342706e-08,-0.15607739984989166,1.1414446830749512,0.1427249312400818,-0.18784096837043762,1.7072327136993408,-1.7004427909851074,0.3730131685733795,0.210927352309227,0.4011853337287903,0.30936741828918457,-1.7080364227294922,0.8346230983734131
1.398410677909851,-0.7206383347511292,0.6440482139587402,0.06982117891311646,0.0922323688864708,0.24876637756824493,0.9616307020187378,-0.5478745698928833,4.267668884949671e-09,-0.30159464478492737,1.4969494342803955,-0.23665422201156616,7.771029153502695e-09,-0.16172948479652405,1.140032410621643,0.13219216465950012,-0.16909536719322205,1.7343660593032837,-1.7188935279846191,0.33193230628967285,0.1804962307214737,0.39700716733932495,0.2863231599330902,-1.7196094989776611,0.813599705696106
1.4039026498794556,-0.7182064056396484,0.6391852498054504,0.06701253354549408,0.09317778050899506,0.2459762692451477,0.9624567031860352,-0.5553376078605652,2.7739845975816024e-09,-0.3064763844013214,1.497255563735962,-0.2465895414352417,5.051168816549989e-09,-0.16532550752162933,1.1402885913848877,0.1246623545885086,-0.14843177795410156,1.7493090629577637,-1.7247992753982544,0.2929707169532776,0.15505442023277283,0.38968026638031006,0.2626253366470337,-1.721662998199463,0.7947123050689697
1.4091434478759766,-0.716255784034729,0.6358920335769653,0.06341668218374252,0.09422142803668976,0.2424207478761673,0.9635002613067627,-0.5625610947608948,1.8030898996101996e-09,-0.30867019295692444,1.4952126741409302,-0.2515285611152649,3.2832596641441114e-09,-0.16906483471393585,1.1398953199386597,0.1194346696138382,-0.12743450701236725,1.7588798999786377,-1.729032278060913,0.2604876756668091,0.1322307586669922,0.37900644540786743,0.2422654628753662,-1.7183101177215576,0.7816665172576904
1.4140568971633911,-0.7147359848022461,0.6350460052490234,0.05935944244265556,0.09541930258274078,0.23823896050453186,0.9646832942962646,-0.5687450766563416,1.1720083792354785e-09,-0.3086552023887634,1.492281198501587,-0.25390738248825073,2.1341186595691397e-09,-0.1711748242378235,1.1403002738952637,0.11523200571537018,-0.10724430531263351,1.7643356323242188,-1.7309925556182861,0.23382782936096191,0.11261389404535294,0.36637455224990845,0.22516226768493652,-1.7069320678710938,0.7734470367431641
1.4187331199645996,-0.7134926319122314,0.6372836232185364,0.05508346110582352,0.09733478724956512,0.23374561965465546,0.9658440947532654,-0.5717645883560181,7.618053965430249e-10,-0.3061395287513733,1.4885447025299072,-0.2534579932689667,1.3871770399020988e-09,-0.17221567034721375,1.1402047872543335,0.11150778830051422,-0.08857807517051697,1.7662475109100342,-1.7284291982650757,0.21136081218719482,0.09572305530309677,0.3519752323627472,0.2134004384279251,-1.6872682571411133,0.7700257897377014
1.4234580993652344,-0.7120587825775146,0.6430999636650085,0.050857145339250565,0.09989624470472336,0.2296060174703598,0.9668068289756775,-0.5762636661529541,4.951735133040813e-10,-0.30343443155288696,1.4849662780761719,-0.25035879015922546,9.01665020425213e-10,-0.1791975200176239,1.1418969631195068,0.10673676431179047,-0.07233253121376038,1.7609283924102783,-1.7201083898544312,0.19127656519412994,0.08303943276405334,0.33747154474258423,0.20520342886447906,-1.6561381816864014,0.7694326639175415
1.4283616542816162,-0.7100449800491333,0.652543306350708,0.04634333774447441,0.1042911633849144,0.22490505874156952,0.967674195766449,-0.5776324272155762,3.218627586676348e-10,-0.3006194829940796,1.4882092475891113,-0.2445870041847229,5.860822382963704e-10,-0.18937364220619202,1.147910237312317,0.10210402309894562,-0.05820551887154579,1.7481603622436523,-1.7058651447296143,0.17365935444831848,0.07438626885414124,0.3232306241989136,0.2028363049030304,-1.6121623516082764,0.7722156047821045
1.4325588941574097,-0.7077136039733887,0.6659746170043945,0.04157228395342827,0.11037301272153854,0.22005420923233032,0.9683313965797424,-0.5776324272155762,2.092107875828475e-10,-0.29761749505996704,1.4974684715270996,-0.2385507971048355,3.8095343546373783e-10,-0.19985169172286987,1.1569671630859375,0.09777147322893143,-0.04573160409927368,1.7236360311508179,-1.6727728843688965,0.15466076135635376,0.07041703909635544,0.31022658944129944,0.20778846740722656,-1.55487060546875,0.7785094380378723
1.4357247352600098,-0.7053239345550537,0.6812114715576172,0.03654970973730087,0.11690330505371094,0.2146458774805069,0.9689813852310181,-0.580086886882782,1.3598701331662966e-10,-0.2914256751537323,1.5070950984954834,-0.23582960665225983,2.4761973027587203e-10,-0.20785415172576904,1.1685367822647095,0.09582281112670898,-0.03514661639928818,1.6894330978393555,-1.6299513578414917,0.1371016502380371,0.07145398110151291,0.29692500829696655,0.21778319776058197,-1.4910094738006592,0.7897144556045532
1.4378362894058228,-0.7030059695243835,0.6988493204116821,0.03119361773133278,0.12413904070854187,0.20858576893806458,0.9695919156074524,-0.5793224573135376,8.839155102302598e-11,-0.28154224157333374,1.5183708667755127,-0.23646171391010284,2.711624524920353e-08,-0.2077888548374176,1.182053804397583,0.0972432866692543,-0.026052111759781837,1.6453949213027954,-1.577296257019043,0.12112762033939362,0.07613702863454819,0.28118404746055603,0.2359810173511505,-1.421183466911316,0.8035342693328857
1.4369372129440308,-0.7017065286636353,0.7249972820281982,0.02547024004161358,0.1360412836074829,0.20158453285694122,0.9696430563926697,-0.521207869052887,5.7454492552455605e-11,-0.2752212882041931,1.4593240022659302,-0.17668955028057098,1.762555790207898e-08,-0.20327866077423096,1.1017189025878906,0.10564226657152176,-0.026707852259278297,1.565556526184082,-1.4596083164215088,0.1394106149673462,0.09626493602991104,0.2640266716480255,0.2568279504776001,-1.294365644454956,0.8371114730834961
1.4395873546600342,-0.6988620758056641,0.7385623455047607,0.021827315911650658,0.1361103653907776,0.19981826841831207,0.9700877666473389,-0.5562665462493896,4.927092067674721e-11,-0.25861281156539917,1.492578148841858,-0.20675000548362732,4.3259216653268595e-08,-0.19447314739227295,1.1378428936004639,0.12679412961006165,-0.037811607122421265,1.492851972579956,-1.4080495834350586,0.16548463702201843,0.1210952177643776,0.2509666681289673,0.2580755054950714,-1.2160980701446533,0.8726718425750732
1.441635251045227,-0.6961533427238464,0.7529833316802979,0.015891561284661293,0.1409633904695511,0.20158454775810242,0.9691442251205444,-0.547357439994812,3.202757850595539e-11,-0.2420627474784851,1.500266194343567,-0.1992746889591217,3.155782451358391e-06,-0.18744820356369019,1.1417618989944458,0.1507987678050995,-0.05161801725625992,1.4138243198394775,-1.3266836404800415,0.18722322583198547,0.13501529395580292,0.23421528935432434,0.27379149198532104,-1.145770788192749,0.8790105581283569
1.4489800930023193,-0.689828634262085,0.7599431276321411,0.010507132858037949,0.14031055569648743,0.21121937036514282,0.9672584533691406,-0.5562871694564819,2.0817927243177436e-11,-0.22067788243293762,1.5257002115249634,-0.2273053377866745,2.06255890589091e-06,-0.1748233139514923,1.1816129684448242,0.19371962547302246,-0.07924994081258774,1.3217517137527466,-1.2588355541229248,0.22901087999343872,0.14056074619293213,0.22218841314315796,0.280073344707489,-1.117531180381775,0.8784958124160767
1.4610226154327393,-0.6793645620346069,0.7636551856994629,0.00582882110029459,0.1359880119562149,0.22642238438129425,0.9644719958305359,-0.5558669567108154,1.3531656697929328e-11,-0.20257225632667542,1.542952299118042,-0.2623138129711151,1.3557631746152765e-06,-0.16069984436035156,1.2145371437072754,0.2530956268310547,-0.11494486033916473,1.2160756587982178,-1.1965986490249634,0.28767281770706177,0.12825608253479004,0.21107324957847595,0.2908417284488678,-1.1290996074676514,0.8708143830299377
1.4760856628417969,-0.6649870872497559,0.7719849348068237,0.001934582251124084,0.12813420593738556,0.24647268652915955,0.9606399536132812,-0.5392183065414429,8.795579715947799e-12,-0.19364872574806213,1.5482654571533203,-0.29342353343963623,1.090130467673589e-06,-0.14682313799858093,1.2301846742630005,0.32985061407089233,-0.15428686141967773,1.1020538806915283,-1.1372185945510864,0.35862427949905396,0.10152426362037659,0.1982497274875641,0.30977609753608704,-1.174660325050354,0.8583314418792725
1.4923052787780762,-0.6479387283325195,0.7859340906143188,7.701192953391e-05,0.11828039586544037,0.2688875198364258,0.9558814167976379,-0.5119489431381226,5.717114281988955e-12,-0.1980135291814804,1.5521290302276611,-0.33655014634132385,9.035397283696511e-07,-0.12728816270828247,1.2532343864440918,0.4169785678386688,-0.19150003790855408,0.9840788841247559,-1.0860276222229004,0.44110816717147827,0.06350056827068329,0.19188562035560608,0.35965394973754883,-1.2468096017837524,0.8466198444366455
1.5088623762130737,-0.6291654109954834,0.7953369617462158,-0.0012903949245810509,0.10697072744369507,0.2898651361465454,0.9510698318481445,-0.4731305241584778,3.716129834407944e-12,-0.20313051342964172,1.550611972808838,-0.3765496015548706,6.082026970943843e-07,-0.10424131900072098,1.2753360271453857,0.5087064504623413,-0.2157650887966156,0.8697019815444946,-1.0427240133285522,0.5317804217338562,0.03038359433412552,0.19013544917106628,0.43915557861328125,-1.324660062789917,0.8253509998321533
1.5282201766967773,-0.6080378890037537,0.7979254126548767,0.0027973423711955547,0.09229879081249237,0.3091351091861725,0.9465245008468628,-0.4724779725074768,2.4154875148674204e-12,-0.20592647790908813,1.5489428043365479,-0.43682432174682617,3.982732437179948e-07,-0.08656096458435059,1.3080041408538818,0.5936704874038696,-0.21858710050582886,0.7636085748672485,-1.040961503982544,0.6358626484870911,0.009625407867133617,0.19291450083255768,0.532494068145752,-1.3960366249084473,0.8218985795974731
1.5494723320007324,-0.5863844156265259,0.7991992235183716,0.0048543973825871944,0.08076196908950806,0.32693061232566833,0.9415786266326904,-0.4734858274459839,1.5700666678233888e-12,-0.2074175775051117,1.5442311763763428,-0.48665523529052734,2.5887760557452566e-07,-0.07726474106311798,1.3390591144561768,0.6605620980262756,-0.20810599625110626,0.6750572323799133,-1.0430338382720947,0.7260379195213318,-0.008719513192772865,0.19026896357536316,0.6457989811897278,-1.4203087091445923,0.8029742240905762
1.571598768234253,-0.564405620098114,0.7996328473091125,0.006152051035314798,0.07173432409763336,0.3452712893486023,0.9357371926307678,-0.47096920013427734,1.0205430250875835e-12,-0.21319463849067688,1.5390794277191162,-0.523047149181366,1.682704322547579e-07,-0.0736566036939621,1.350000023841858,0.7042546272277832,-0.1884509027004242,0.5993952751159668,-1.043158769607544,0.8034782409667969,-0.019997185096144676,0.19351014494895935,0.7640423774719238,-1.3805410861968994,0.7552772164344788
1.591984510421753,-0.5432651042938232,0.8028716444969177,0.0051429616287350655,0.07131913304328918,0.36397963762283325,0.9286581873893738,-0.4390280246734619,6.6335278199256e-13,-0.2193477749824524,1.523953914642334,-0.5229501724243164,1.0937577599179349e-07,-0.07078695297241211,1.350000023841858,0.7326548099517822,-0.1777706891298294,0.5295969247817993,-1.0067670345306396,0.8569290637969971,-0.008717197924852371,0.2011721432209015,0.8834552764892578,-1.2672240734100342,0.6690779328346252
1.612483024597168,-0.5224804282188416,0.8043963313102722,0.006057030986994505,0.06900037825107574,0.3821790814399719,0.9214886426925659,-0.4101109504699707,4.3117503382809896e-13,-0.23522964119911194,1.5108847618103027,-0.5289758443832397,7.119039224789958e-08,-0.06588443368673325,1.339535117149353,0.7511144876480103,-0.1561875194311142,0.46957045793533325,-0.987851619720459,0.8978232145309448,0.02990776300430298,0.19351406395435333,0.9782643914222717,-1.1339778900146484,0.5908750295639038
1.6290569305419922,-0.5011551380157471,0.8207769393920898,0.019542347639799118,0.06420925259590149,0.39632102847099304,0.9156554341316223,-0.32882219552993774,2.8026460817918986e-13,-0.2825654149055481,1.3801093101501465,-0.4864996373653412,4.627375460586336e-08,-0.02986598014831543,1.2116817235946655,0.7631136775016785,-0.13715660572052002,0.32717519998550415,-0.8467491865158081,0.9468100666999817,0.17892354726791382,0.089835524559021,1.0244611501693726,-0.954535186290741,0.4628188908100128
1.6460421085357666,-0.4818744659423828,0.8338491320610046,0.03267553821206093,0.05274840444326401,0.4068194627761841,0.9113988280296326,-0.26099464297294617,1.8216581942984839e-13,-0.3380356431007385,1.2524065971374512,-0.45955634117126465,3.0077938362182977e-08,0.007937666028738022,1.0834012031555176,0.7708965539932251,-0.09780225902795792,0.2015550434589386,-0.734670877456665,0.9775136709213257,0.33606967329978943,-0.0332365520298481,1.0318984985351562,-0.8214422464370728,0.365911602973938
1.6630609035491943,-0.4644145369529724,0.8398259878158569,0.04390890523791313,0.0412636362016201,0.4134424328804016,0.9085343480110168,-0.21207989752292633,1.1842009848845453e-13,-0.3931558132171631,1.151395559310913,-0.44190549850463867,1.955065975778325e-08,0.045431721955537796,0.9803875684738159,0.7638452649116516,-0.053923022001981735,0.09991025924682617,-0.6559140682220459,0.9880489110946655,0.44601207971572876,-0.11323340982198715,1.030522346496582,-0.7394148111343384,0.3017761707305908
1.681981086730957,-0.44733792543411255,0.8379427194595337,0.050985801964998245,0.03489658981561661,0.4182887673377991,0.9062103033065796,-0.1941361427307129,0.000163854070706293,-0.4291442036628723,1.0884716510772705,-0.43859007954597473,1.2707928043198535e-08,0.07201987504959106,0.9174124002456665,0.7381151914596558,-0.012810967862606049,0.029090076684951782,-0.6161887645721436,0.9943227171897888,0.5150934457778931,-0.16119888424873352,1.026855707168579,-0.7015904784202576,0.2744554877281189
1.702624797821045,-0.42899370193481445,0.8309041261672974,0.059837132692337036,0.02698632888495922,0.4239198565483093,0.9033178687095642,-0.20120994746685028,0.00010740526340669021,-0.4474272131919861,1.0375367403030396,-0.4366239309310913,8.260152561945233e-09,0.08827342092990875,0.8665781617164612,0.6806959509849548,0.028573287650942802,-0.05417080596089363,-0.5812407732009888,0.9723383188247681,0.5876106023788452,-0.18647873401641846,1.0093696117401123,-0.7008435130119324,0.26016080379486084
1.7247868776321411,-0.4101119935512543,0.820237934589386,0.06891566514968872,0.019524578005075455,0.4298776090145111,0.9000414609909058,-0.23094414174556732,7.216814992716536e-05,-0.43865716457366943,1.0148284435272217,-0.4418829083442688,5.369098943219797e-09,0.0885704979300499,0.8429211974143982,0.5577425360679626,0.04768476262688637,-0.14813122153282166,-0.559001624584198,0.9336649179458618,0.6530527472496033,-0.19449391961097717,0.9865986108779907,-0.7265391945838928,0.27331113815307617
1.7473478317260742,-0.39176493883132935,0.8119908571243286,0.0754217877984047,0.015067116357386112,0.43575578927993774,0.8967728018760681,-0.2705095708370209,8.656897989567369e-05,-0.41432955861091614,1.0258009433746338,-0.45256951451301575,3.489914135457184e-09,0.07846251130104065,0.8484197854995728,0.4064973294734955,0.04648302495479584,-0.23250985145568848,-0.5436499118804932,0.9081592559814453,0.6993395686149597,-0.192009836435318,0.970241904258728,-0.7704315185546875,0.30880478024482727
1.769482135772705,-0.3744017779827118,0.7999609708786011,0.0819382518529892,0.012605720199644566,0.43889254331588745,0.8947069644927979,-0.30966997146606445,8.357462502317503e-05,-0.3838805556297302,1.0580863952636719,-0.46387767791748047,2.2684440992293275e-09,0.06464308500289917,0.8717344999313354,0.24817228317260742,0.027211209759116173,-0.3076639771461487,-0.5310576558113098,0.8902965784072876,0.7245297431945801,-0.17335964739322662,0.962795615196228,-0.8265830874443054,0.3556247353553772
1.7904651165008545,-0.35885781049728394,0.7814195156097412,0.08473656326532364,0.012363344430923462,0.4389028549194336,0.8944446444511414,-0.3606778383255005,0.0004297465202398598,-0.35175231099128723,1.1057987213134766,-0.47967612743377686,1.4744886422946024e-09,0.04813962057232857,0.9140845537185669,0.08516757190227509,0.0006655305624008179,-0.3618927001953125,-0.5350115299224854,0.9052026271820068,0.7382383942604065,-0.1542826145887375,0.9659394025802612,-0.8994916677474976,0.4221886992454529
1.8084473609924316,-0.3470749855041504,0.7636371850967407,0.08955457806587219,0.013137923553586006,0.4387328624725342,0.8940474390983582,-0.39174312353134155,0.00045999069698154926,-0.3274467885494232,1.135488510131836,-0.4815050959587097,9.584175675314555e-10,0.03833717852830887,0.9447832107543945,-0.048355262726545334,-0.024175722151994705,-0.402580201625824,-0.5321290493011475,0.9243410229682922,0.7435835599899292,-0.11769446730613708,0.97498619556427,-0.9735618829727173,0.48518306016921997
1.8227057456970215,-0.3389904201030731,0.7555862069129944,0.09542541205883026,0.01273780781775713,0.4377107620239258,0.8939469456672668,-0.4094686210155487,0.00042746917461045086,-0.31017452478408813,1.1529221534729004,-0.47529736161231995,6.229713966909856e-10,0.03172072768211365,0.9676113128662109,-0.16664183139801025,-0.05227500945329666,-0.43434929847717285,-0.5267384052276611,0.9446579217910767,0.7427448034286499,-0.07011322677135468,0.9868264198303223,-1.0530011653900146,0.546210765838623
1.8333508968353271,-0.3334234952926636,0.7531211376190186,0.10078650712966919,0.01113957166671753,0.4363200068473816,0.8940597176551819,-0.41929173469543457,0.00036357640055939555,-0.29823628067970276,1.1673340797424316,-0.46619850397109985,4.049313939713528e-10,0.025648772716522217,0.9894357919692993,-0.2795541286468506,-0.09047993272542953,-0.4586683511734009,-0.5261669754981995,0.9617897272109985,0.7306383848190308,-0.022549720481038094,1.000349998474121,-1.1361624002456665,0.601594090461731
1.8412052392959595,-0.3294297456741333,0.7469099760055542,0.10462860763072968,0.010623450390994549,0.43523648381233215,0.8941527605056763,-0.42333316802978516,0.0003221222141291946,-0.28991973400115967,1.1813039779663086,-0.45495104789733887,2.63205401918043e-10,0.02071063593029976,1.0123146772384644,-0.3838908076286316,-0.1324535310268402,-0.47507935762405396,-0.5277057886123657,0.9745779633522034,0.7039543986320496,0.02113083004951477,1.0177853107452393,-1.218442440032959,0.6468691825866699
1.8473846912384033,-0.32605016231536865,0.7387081384658813,0.10679719597101212,0.011593462899327278,0.4347238540649414,0.8941336870193481,-0.4216792583465576,0.00031817055423744023,-0.2835976183414459,1.1961702108383179,-0.43865054845809937,1.7108350847117038e-10,0.017742030322551727,1.038454532623291,-0.47626835107803345,-0.17413993179798126,-0.48558101058006287,-0.5292816758155823,0.9836206436157227,0.6646614074707031,0.06028006970882416,1.038482427597046,-1.2970318794250488,0.6790783405303955
1.8530346155166626,-0.32278740406036377,0.7296884059906006,0.10630227625370026,0.014345252886414528,0.4347635507583618,0.894133448600769,-0.4104894995689392,0.00033730926224961877,-0.2778286933898926,1.2115745544433594,-0.4163396954536438,1.1120427495514562e-10,0.01773497462272644,1.0648910999298096,-0.5377558469772339,-0.20222459733486176,-0.49450743198394775,-0.5374937057495117,0.9920312166213989,0.6134509444236755,0.09224584698677063,1.064997673034668,-1.3742175102233887,0.7000432014465332
1.8589580059051514,-0.318838506937027,0.7166869640350342,0.10391541570425034,0.018850771710276604,0.4343445301055908,0.8945340514183044,-0.3859826624393463,0.00025533317239023745,-0.2749963402748108,1.2265667915344238,-0.3893587589263916,7.228277698612118e-11,0.02114817127585411,1.0896128416061401,-0.5713340044021606,-0.2191503345966339,-0.5003913044929504,-0.56084144115448,1.0015218257904053,0.5528125762939453,0.11768810451030731,1.1027188301086426,-1.4566750526428223,0.7146799564361572
1.864866852760315,-0.3145914375782013,0.7005045413970947,0.10091670602560043,0.024178000167012215,0.4324825704097748,0.8956506848335266,-0.34718912839889526,0.00016605676501058042,-0.27902013063430786,1.2402782440185547,-0.36238083243370056,3.4761485494527733e-06,0.027342164888978004,1.1095091104507446,-0.5790514945983887,-0.22878292202949524,-0.5035889148712158,-0.6000427007675171,1.0103390216827393,0.48721614480018616,0.13933050632476807,1.1510982513427734,-1.5423449277877808,0.7209979295730591
1.870589017868042,-0.3100747764110565,0.682153582572937,0.0978049635887146,0.02952316403388977,0.4293730854988098,0.897330105304718,-0.2977830171585083,0.00010793712135637179,-0.2914965748786926,1.2521820068359375,-0.33607813715934753,0.0005370009457692504,0.03460340201854706,1.1266438961029053,-0.564869225025177,-0.23230433464050293,-0.5046827793121338,-0.6555889844894409,1.0168063640594482,0.4218125343322754,0.15817993879318237,1.2072069644927979,-1.6315691471099854,0.7183182239532471
1.875675082206726,-0.3055821359157562,0.6630943417549133,0.09548646956682205,0.034245628863573074,0.42631933093070984,0.8988667726516724,-0.2508784830570221,7.015912706265226e-05,-0.3100080192089081,1.260380506515503,-0.3127886652946472,0.000350387446815148,0.04042210429906845,1.1421165466308594,-0.5355652570724487,-0.2308034598827362,-0.5051131248474121,-0.725796103477478,1.0184905529022217,0.3642714023590088,0.17706027626991272,1.2673745155334473,-1.7220251560211182,0.7053046822547913
1.8798822164535522,-0.30151069164276123,0.6452566981315613,0.09709816426038742,0.03961857408285141,0.4245891869068146,0.8992921710014343,-0.2025989145040512,4.560343222692609e-05,-0.3385604918003082,1.2515273094177246,-0.2890525460243225,0.00022775199613533914,0.046801257878541946,1.1512572765350342,-0.48425301909446716,-0.22008976340293884,-0.5065425634384155,-0.7944165468215942,1.018905758857727,0.3188309669494629,0.2062145471572876,1.3398635387420654,-1.8164169788360596,0.6550205945968628
1.8834233283996582,-0.29755786061286926,0.626233696937561,0.09857800602912903,0.043468963354825974,0.42285534739494324,0.8997700810432434,-0.17109271883964539,4.3019852455472574e-05,-0.36696547269821167,1.2283687591552734,-0.2729630768299103,0.00014803878730162978,0.0497831329703331,1.1539064645767212,-0.4302317202091217,-0.20349015295505524,-0.5098867416381836,-0.8696829080581665,1.0134551525115967,0.287458598613739,0.22997817397117615,1.4198330640792847,-1.9091172218322754,0.5879170298576355
1.8867710828781128,-0.29372018575668335,0.6065288782119751,0.09932362288236618,0.04641490802168846,0.422770231962204,0.8995808959007263,-0.1551498919725418,8.199174044420943e-05,-0.3861158490180969,1.1978521347045898,-0.26411333680152893,9.622520883567631e-05,0.05146660655736923,1.149920105934143,-0.3778458535671234,-0.18101686239242554,-0.5134506225585938,-0.9462710618972778,1.0035088062286377,0.26744312047958374,0.24738368391990662,1.502082347869873,-1.9933655261993408,0.5181658267974854
1.890014886856079,-0.2899533808231354,0.5885431170463562,0.09923531860113144,0.04847324639558792,0.4228474795818329,0.8994457721710205,-0.15332841873168945,0.0003286626888439059,-0.39342013001441956,1.165665864944458,-0.2614102363586426,6.254637992242351e-05,0.04996030405163765,1.1406962871551514,-0.3312814235687256,-0.15539613366127014,-0.5168522000312805,-1.017892599105835,0.9898471236228943,0.2548472285270691,0.25869572162628174,1.5767722129821777,-2.064720630645752,0.453635036945343
1.893439769744873,-0.28628015518188477,0.5742760300636292,0.09991248697042465,0.05004337057471275,0.421965092420578,0.8996992111206055,-0.1542142629623413,0.00022713374346494675,-0.39180243015289307,1.1284582614898682,-0.25917184352874756,4.065514440299012e-05,0.04590775817632675,1.1215715408325195,-0.2888070344924927,-0.13051927089691162,-0.5192044973373413,-1.0793126821517944,0.9740899801254272,0.2488941252231598,0.2683662176132202,1.6397135257720947,-2.1217050552368164,0.3930593430995941
1.8972359895706177,-0.282845139503479,0.564781904220581,0.10064150393009186,0.051771413534879684,0.42063724994659424,0.9001418352127075,-0.15847115218639374,0.00015533252735622227,-0.387123703956604,1.0936222076416016,-0.2557006776332855,2.6425843316246755e-05,0.04200039431452751,1.096657395362854,-0.2551676630973816,-0.111199751496315,-0.520634651184082,-1.1265590190887451,0.9570499658584595,0.24493195116519928,0.27705419063568115,1.684945821762085,-2.163527488708496,0.3440900444984436
1.9015052318572998,-0.27946099638938904,0.5599681735038757,0.10242540389299393,0.054486993700265884,0.4193393290042877,0.9003859162330627,-0.1569415032863617,0.00010096930782310665,-0.38643062114715576,1.0505187511444092,-0.24757608771324158,1.717679697321728e-05,0.04452986270189285,1.0579878091812134,-0.2309122085571289,-0.10007372498512268,-0.5206839442253113,-1.154693365097046,0.9401618242263794,0.2435166835784912,0.2867427468299866,1.7142550945281982,-2.191527843475342,0.3072870671749115
1.906686544418335,-0.27602511644363403,0.5605316162109375,0.1048828735947609,0.059937555342912674,0.41797634959220886,0.9003904461860657,-0.14980192482471466,6.563005445059389e-05,-0.395936518907547,0.9972699880599976,-0.23346754908561707,1.116491785069229e-05,0.05830521509051323,1.0073660612106323,-0.21642223000526428,-0.09562177956104279,-0.5156779885292053,-1.1622884273529053,0.9265891313552856,0.24359942972660065,0.29733192920684814,1.7289692163467407,-2.202826976776123,0.2831464111804962
1.912877082824707,-0.2723691761493683,0.569098711013794,0.10770560801029205,0.06909327954053879,0.4171833395957947,0.8997686505317688,-0.13731665909290314,4.265953248250298e-05,-0.41715556383132935,0.9296170473098755,-0.21491402387619019,7.257196557475254e-06,0.08486834913492203,0.9480910301208496,-0.21520304679870605,-0.10118713974952698,-0.5101101398468018,-1.1283204555511475,0.9228422045707703,0.2440536916255951,0.3085610270500183,1.722697138786316,-2.1898508071899414,0.27254122495651245
1.9202380180358887,-0.2685171365737915,0.5866409540176392,0.10991296172142029,0.08180467039346695,0.4149123728275299,0.8994858860969543,-0.12050924450159073,2.7728694476536475e-05,-0.4422251582145691,0.8623798489570618,-0.1939186006784439,4.7171774895105045e-06,0.11496923118829727,0.898751974105835,-0.22788755595684052,-0.11447098851203918,-0.5009485483169556,-1.0520540475845337,0.9305860996246338,0.24476578831672668,0.3151607811450958,1.693434476852417,-2.1472365856170654,0.2763965129852295
1.9288500547409058,-0.26427245140075684,0.6116747856140137,0.1110885739326477,0.0968906357884407,0.4124651253223419,0.8989683389663696,-0.10502291470766068,1.8023651136900298e-05,-0.4743826985359192,0.8055160045623779,-0.17674726247787476,3.06616516354552e-06,0.1377045065164566,0.8583054542541504,-0.2560091018676758,-0.1336996853351593,-0.48613491654396057,-0.9437059164047241,0.9437160491943359,0.24672064185142517,0.31643161177635193,1.642573595046997,-2.0810554027557373,0.2930941581726074
1.938522458076477,-0.25975632667541504,0.6428132057189941,0.11116424947977066,0.11234291642904282,0.408888578414917,0.8987945914268494,-0.08479711413383484,1.1715373148035724e-05,-0.519476056098938,0.7663133144378662,-0.16979444026947021,1.9930073449359043e-06,0.15433353185653687,0.8276538848876953,-0.3050253987312317,-0.1602383852005005,-0.4682701826095581,-0.811912477016449,0.9499607086181641,0.24792152643203735,0.309624046087265,1.5718295574188232,-1.990950584411621,0.31929925084114075
1.9490692615509033,-0.2536499798297882,0.6778908967971802,0.11277176439762115,0.12638293206691742,0.4061528444290161,0.8979697823524475,-0.06823945045471191,7.615987669851165e-06,-0.5618993639945984,0.7459550499916077,-0.17040687799453735,1.2954546946275514e-06,0.1679019331932068,0.8057727813720703,-0.3278001546859741,-0.18019406497478485,-0.41660189628601074,-0.7408508062362671,0.9561382532119751,0.2603635787963867,0.2989649176597595,1.4866211414337158,-1.8863131999969482,0.3447572588920593
1.9595880508422852,-0.24625833332538605,0.7151811122894287,0.11600004881620407,0.13742662966251373,0.40204983949661255,0.8977827429771423,-0.05175618454813957,4.960575097356923e-06,-0.6032508611679077,0.7419627904891968,-0.17637532949447632,8.420454946644895e-07,0.1816357672214508,0.7905800342559814,-0.3062354624271393,-0.19314105808734894,-0.3332574665546417,-0.7452735304832458,0.959697961807251,0.28790614008903503,0.2812088131904602,1.3920681476593018,-1.7600109577178955,0.36853647232055664
1.970218300819397,-0.23685353994369507,0.7478302121162415,0.11822202056646347,0.14248526096343994,0.3958772122859955,0.8994457721710205,-0.046091705560684204,1.2640436580113601e-05,-0.6349653005599976,0.7409483194351196,-0.188813716173172,5.473295345836959e-07,0.19517873227596283,0.7799488306045532,-0.26587390899658203,-0.20349040627479553,-0.23419812321662903,-0.7993154525756836,0.9701319932937622,0.32097259163856506,0.2616868317127228,1.3000078201293945,-1.6420074701309204,0.3826267719268799
1.982567548751831,-0.22492936253547668,0.7733937501907349,0.12026630342006683,0.1412246823310852,0.38431140780448914,0.904376208782196,-0.047061238437891006,0.00012576894368976355,-0.657784104347229,0.7420633435249329,-0.19928929209709167,3.5576417189986387e-07,0.20391878485679626,0.7738785743713379,-0.2269878089427948,-0.21686622500419617,-0.12826015055179596,-0.8786419034004211,0.9919173121452332,0.35723239183425903,0.24534738063812256,1.2162195444107056,-1.5479837656021118,0.3902546465396881
1.9960180521011353,-0.21198886632919312,0.7810336947441101,0.11838345974683762,0.1423013061285019,0.3755265176296234,0.9081384539604187,-0.017133263871073723,8.176450501196086e-05,-0.6778421998023987,0.761860191822052,-0.12439226359128952,2.3124670178731321e-07,0.18508167564868927,0.7968772649765015,-0.20509102940559387,-0.1779865026473999,0.00831294059753418,-0.9446356892585754,1.0112656354904175,0.40435490012168884,0.23784126341342926,1.1601642370224,-1.5404160022735596,0.425726056098938
2.0076048374176025,-0.2022499144077301,0.7846233248710632,0.10760637372732162,0.1479984074831009,0.3662685751914978,0.9123402237892151,0.02427617833018303,5.314692680258304e-05,-0.694749116897583,0.7970884442329407,-0.046117935329675674,1.503103561617536e-07,0.14420978724956512,0.8280795812606812,-0.1705625057220459,-0.13502256572246552,0.17765049636363983,-1.0365111827850342,1.0166563987731934,0.4184257984161377,0.20825694501399994,1.1345984935760498,-1.5158333778381348,0.45138949155807495
2.0200555324554443,-0.1936112344264984,0.7865189909934998,0.08963613957166672,0.15299350023269653,0.3549419343471527,0.9179186224937439,0.05267643928527832,3.651099177659489e-05,-0.6920992136001587,0.8552502393722534,0.005439763888716698,9.770172937351163e-08,0.06924910843372345,0.8764121532440186,-0.11455995589494705,-0.0892883837223053,0.3698711097240448,-1.1570301055908203,0.9653984308242798,0.4079679846763611,0.16138136386871338,1.116937518119812,-1.4855055809020996,0.4728633463382721
2.034120559692383,-0.18241697549819946,0.786779522895813,0.07288792729377747,0.1559501588344574,0.3414388597011566,0.9240056276321411,0.06013309955596924,3.9620965253561735e-05,-0.672203540802002,0.9278327226638794,0.03186880424618721,6.350612125061161e-08,-0.018917474895715714,0.9330657720565796,-0.05111086368560791,-0.05866234004497528,0.5413182377815247,-1.2537907361984253,0.9085745811462402,0.3889400362968445,0.11895821243524551,1.100616693496704,-1.4624042510986328,0.4959152340888977
2.051088333129883,-0.16695156693458557,0.7870113849639893,0.0581187941133976,0.15799951553344727,0.3252081274986267,0.9305364489555359,0.04292715713381767,4.746579361381009e-05,-0.6402003169059753,1.004516839981079,0.037860170006752014,4.127897668126934e-08,-0.10217569768428802,0.9891446828842163,0.006589218974113464,-0.04212477430701256,0.685137152671814,-1.3133881092071533,0.8457901477813721,0.36897042393684387,0.08295519649982452,1.0812182426452637,-1.4422262907028198,0.5190963745117188
2.07147479057312,-0.14952582120895386,0.785547137260437,0.04658861830830574,0.1586960107088089,0.3062531650066376,0.9374721646308899,0.009938189759850502,4.649255788535811e-05,-0.6016388535499573,1.082029104232788,0.03796219825744629,2.6831333599375284e-08,-0.1763325184583664,1.040861964225769,0.05270347744226456,-0.0371832549571991,0.8069787621498108,-1.3422061204910278,0.791674792766571,0.35034000873565674,0.055418457835912704,1.0627025365829468,-1.4337458610534668,0.5454787015914917
2.094118356704712,-0.13278257846832275,0.7836629152297974,0.039333831518888474,0.15774105489253998,0.2847900390625,0.9447037577629089,-0.03349734842777252,3.999144246336073e-05,-0.5605038404464722,1.157102346420288,0.03723318129777908,1.7440365596144147e-08,-0.23648309707641602,1.0851497650146484,0.08934146165847778,-0.04063384607434273,0.9020814299583435,-1.343302845954895,0.7516911029815674,0.3341926038265228,0.0342048741877079,1.0448567867279053,-1.4305429458618164,0.5712366104125977
2.117682933807373,-0.11719643324613571,0.7812249660491943,0.034464407712221146,0.15710854530334473,0.2621888518333435,0.9515177607536316,-0.08811888098716736,2.6669235012377612e-05,-0.5094330310821533,1.250815510749817,0.03104320727288723,1.1349874817767613e-08,-0.2798123359680176,1.1364929676055908,0.12174145877361298,-0.05149448662996292,0.9747138023376465,-1.3187326192855835,0.7291061878204346,0.3137379586696625,0.018228918313980103,1.0296263694763184,-1.4323444366455078,0.5970118641853333
2.1427536010742188,-0.10192450881004333,0.7776792645454407,0.031176723539829254,0.15168119966983795,0.23987610638141632,0.9583737254142761,-0.1809520721435547,1.733500357659068e-05,-0.45470911264419556,1.3882989883422852,-0.01006557047367096,7.377420896403919e-09,-0.3045837879180908,1.236088752746582,0.16279193758964539,-0.06971621513366699,1.0231642723083496,-1.2931773662567139,0.7275064587593079,0.30838507413864136,-3.0394643545150757e-05,1.0047205686569214,-1.44263756275177,0.6266179084777832
2.1664581298828125,-0.0880412682890892,0.7748270630836487,0.030369877815246582,0.14415088295936584,0.22121331095695496,0.9640346765518188,-0.25439566373825073,1.126775168813765e-05,-0.41469070315361023,1.4792509078979492,-0.044384654611349106,4.797511721221781e-09,-0.31459295749664307,1.303788661956787,0.2003123164176941,-0.09444679319858551,1.0491632223129272,-1.2574524879455566,0.7325350046157837,0.306570827960968,-0.012024948373436928,0.9750946760177612,-1.4542553424835205,0.6531223058700562
2.1888437271118164,-0.07545941323041916,0.7724810838699341,0.031144823879003525,0.13589772582054138,0.20692147314548492,0.9683725237846375,-0.3087719678878784,7.324039415834704e-06,-0.3890759348869324,1.5374066829681396,-0.06589332967996597,3.12618286812949e-09,-0.31936633586883545,1.3486104011535645,0.23296649754047394,-0.1218988299369812,1.0592217445373535,-1.2182979583740234,0.7434858083724976,0.305838406085968,-0.017520088702440262,0.9441705942153931,-1.4657115936279297,0.6773053407669067
2.2113656997680664,-0.06338503211736679,0.7692335844039917,0.031957387924194336,0.12826713919639587,0.19846606254577637,0.971152663230896,-0.3496459126472473,4.76062541565625e-06,-0.3717605471611023,1.5730400085449219,-0.08016203343868256,2.043255342698558e-09,-0.32103532552719116,1.350000023841858,0.26044121384620667,-0.14805792272090912,1.0590742826461792,-1.1826502084732056,0.7593346834182739,0.301516056060791,-0.0173548124730587,0.9156879186630249,-1.484518051147461,0.6991389393806458
2.2347893714904785,-0.05096771568059921,0.7656792402267456,0.03228190541267395,0.12179049104452133,0.19271838665008545,0.9731313586235046,-0.3787582814693451,3.094406338277622e-06,-0.35968804359436035,1.5935957431793213,-0.08997856080532074,1.3479949378947254e-09,-0.3207741379737854,1.350000023841858,0.28194162249565125,-0.16831105947494507,1.0542993545532227,-1.1574580669403076,0.7767684459686279,0.29356908798217773,-0.013970751315355301,0.89089435338974,-1.5060219764709473,0.7164161801338196
2.259857177734375,-0.037533652037382126,0.7631286382675171,0.032462507486343384,0.11704381555318832,0.18741509318351746,0.9747422933578491,-0.4065941572189331,2.011364131249138e-06,-0.34933486580848694,1.6035534143447876,-0.10205326974391937,8.790410621628553e-10,-0.31720614433288574,1.350000023841858,0.29797565937042236,-0.18377429246902466,1.047156810760498,-1.136962890625,0.7887417674064636,0.2850887179374695,-0.008761096745729446,0.8717223405838013,-1.5223993062973022,0.727056622505188
2.287594795227051,-0.021901452913880348,0.7612813115119934,0.032441407442092896,0.11356768012046814,0.1820456087589264,0.9761707186698914,-0.42529749870300293,1.3073865829937859e-06,-0.34127214550971985,1.6045560836791992,-0.1102486252784729,5.958851190257519e-10,-0.31139156222343445,1.350000023841858,0.3104080557823181,-0.1945090889930725,1.0403691530227661,-1.121661901473999,0.7969823479652405,0.27879247069358826,-0.0036199616733938456,0.8584374189376831,-1.5336132049560547,0.7343530058860779
2.3178703784942627,-0.004392269998788834,0.7595767974853516,0.03257506340742111,0.11145102232694626,0.17487582564353943,0.9777198433876038,-0.4366301894187927,8.498013244206959e-07,-0.33119505643844604,1.6009466648101807,-0.10991078615188599,4.0710587678738364e-10,-0.30289188027381897,1.350000023841858,0.3163585662841797,-0.2000187784433365,1.037861704826355,-1.1130833625793457,0.7977760434150696,0.2719038724899292,0.002030884614214301,0.8505873084068298,-1.5453734397888184,0.736580491065979
2.3492331504821777,0.013792071491479874,0.758139431476593,0.03284511715173721,0.11105092614889145,0.1672499179840088,0.9790895581245422,-0.4410881996154785,5.523708637156233e-07,-0.325080007314682,1.5958763360977173,-0.10452728718519211,2.651081854043724e-10,-0.3002703785896301,1.350000023841858,0.31501659750938416,-0.20210377871990204,1.0426267385482788,-1.114282488822937,0.7945874929428101,0.2672143876552582,0.008341829292476177,0.8465863466262817,-1.5558373928070068,0.7358404397964478
2.380277156829834,0.03192129731178284,0.7575465440750122,0.03328080102801323,0.11218974739313126,0.16067801415920258,0.9800451397895813,-0.4392489790916443,3.5904108131035173e-07,-0.3180798590183258,1.592961311340332,-0.0957164615392685,1.7254664363974825e-10,-0.3021306097507477,1.350000023841858,0.30708712339401245,-0.20030063390731812,1.054488182067871,-1.1247596740722656,0.7864502668380737,0.2659066915512085,0.015041428618133068,0.8428149223327637,-1.5618541240692139,0.7328693270683289
2.4105825424194336,0.048996493220329285,0.7559108138084412,0.0334051176905632,0.10862462222576141,0.1552206426858902,0.9813212156295776,-0.45075875520706177,2.3337669574630127e-07,-0.3157879710197449,1.6143081188201904,-0.11411558091640472,1.1313015801928117e-10,-0.30512499809265137,1.350000023841858,0.30803829431533813,-0.19480480253696442,1.0584765672683716,-1.1510981321334839,0.7894436120986938,0.27151647210121155,0.021208619698882103,0.8264268636703491,-1.5749541521072388,0.7304788827896118
2.4366440773010254,0.06365504860877991,0.7550959587097168,0.033422261476516724,0.10851815342903137,0.1513700634241104,0.9819337725639343,-0.4421308934688568,1.5169484868238214e-07,-0.3214699327945709,1.6191794872283936,-0.11999160051345825,3.2478297384841426e-08,-0.31551802158355713,1.350000023841858,0.3052581548690796,-0.18758004903793335,1.0647953748703003,-1.171076774597168,0.783805251121521,0.2717469036579132,0.026267364621162415,0.8153054714202881,-1.5834879875183105,0.7240692377090454
2.4593491554260254,0.07615262269973755,0.7544891834259033,0.03296184912323952,0.1109757050871849,0.1485147774219513,0.9821106195449829,-0.42194563150405884,9.860164595920651e-08,-0.32790133357048035,1.619352102279663,-0.11862604320049286,2.833748339980957e-06,-0.32573309540748596,1.350000023841858,0.3019619882106781,-0.1777840256690979,1.0742480754852295,-1.1930983066558838,0.7776316404342651,0.2691435217857361,0.029410503804683685,0.80655837059021,-1.5887088775634766,0.717305600643158
2.478017568588257,0.0864984318614006,0.7552939653396606,0.032901331782341,0.11866959929466248,0.14646929502487183,0.9815201759338379,-0.3870164155960083,6.409106845239876e-08,-0.32896140217781067,1.6116342544555664,-0.09897923469543457,1.2525879355962388e-05,-0.33008161187171936,1.350000023841858,0.2887210249900818,-0.16517892479896545,1.0925061702728271,-1.2108627557754517,0.7608829140663147,0.2604932188987732,0.03248103708028793,0.8083149194717407,-1.5850554704666138,0.7083806395530701
2.494922161102295,0.09542261064052582,0.7566007971763611,0.033062808215618134,0.12729308009147644,0.14527414739131927,0.9806114435195923,-0.35361456871032715,1.141391749115428e-06,-0.32591235637664795,1.6007428169250488,-0.07554014027118683,2.3281074390979484e-05,-0.3270660638809204,1.350000023841858,0.2719811201095581,-0.1494399905204773,1.1121517419815063,-1.2298259735107422,0.7374727129936218,0.2507633864879608,0.0350654236972332,0.8104557991027832,-1.578714370727539,0.6978930234909058
2.510061025619507,0.1029270589351654,0.758145809173584,0.03383424133062363,0.13530179858207703,0.14427775144577026,0.9796594381332397,-0.32724228501319885,2.449766043355339e-06,-0.32018882036209106,1.5905150175094604,-0.05603689327836037,3.381708302185871e-05,-0.3165424168109894,1.3464317321777344,0.2549605071544647,-0.1329285055398941,1.132247805595398,-1.2498232126235962,0.7087463140487671,0.24223870038986206,0.037828728556632996,0.809278130531311,-1.5710686445236206,0.6871364712715149
2.524404525756836,0.10969702899456024,0.7599213123321533,0.034160878509283066,0.144344300031662,0.14301127195358276,0.9785426259040833,-0.3267703652381897,1.5923478713375516e-06,-0.3074980676174164,1.6267011165618896,-0.06263899058103561,2.1981308236718178e-05,-0.2934853434562683,1.350000023841858,0.24110183119773865,-0.11904016137123108,1.1582553386688232,-1.2731996774673462,0.6759308576583862,0.2396668642759323,0.036713093519210815,0.8056166172027588,-1.5556843280792236,0.683246374130249
2.536263942718506,0.11513061821460724,0.7607513666152954,0.034975457936525345,0.1525023728609085,0.13981840014457703,0.9777374863624573,-0.33113333582878113,1.0350261163694086e-06,-0.2937002182006836,1.6489825248718262,-0.07135824859142303,1.4287863450590521e-05,-0.27566078305244446,1.350000023841858,0.2290189415216446,-0.10732129216194153,1.185683250427246,-1.2995691299438477,0.6460280418395996,0.24054354429244995,0.0339214950799942,0.8014586567878723,-1.5404471158981323,0.6874271631240845
2.5459954738616943,0.11953630298376083,0.760221004486084,0.03587811440229416,0.160420760512352,0.13581958413124084,0.9770010113716125,-0.34016528725624084,6.727669301653805e-07,-0.27653762698173523,1.6607306003570557,-0.07903691381216049,9.28711233427748e-06,-0.2605486512184143,1.350000023841858,0.21734967827796936,-0.0959714725613594,1.2131091356277466,-1.3293108940124512,0.6203356981277466,0.24224886298179626,0.03055458515882492,0.7972174882888794,-1.5288398265838623,0.6958487629890442
2.553950309753418,0.12314437329769135,0.7585794925689697,0.036593880504369736,0.16802676022052765,0.1310155689716339,0.976351797580719,-0.3505365252494812,4.372984960809845e-07,-0.2668246626853943,1.6630371809005737,-0.08535249531269073,6.036628747096984e-06,-0.2519989311695099,1.350000023841858,0.20609918236732483,-0.08500586450099945,1.2380331754684448,-1.3570222854614258,0.5971308946609497,0.24191895127296448,0.0268713366240263,0.7947903275489807,-1.522749900817871,0.7036055326461792
2.56113600730896,0.12628842890262604,0.7565838098526001,0.03745820000767708,0.17475742101669312,0.1261034905910492,0.9757841229438782,-0.3634510040283203,2.8424400966287067e-07,-0.25859618186950684,1.6618165969848633,-0.08816670626401901,3.9238102544914e-06,-0.24756011366844177,1.350000023841858,0.19449461996555328,-0.07501229643821716,1.2610747814178467,-1.3826478719711304,0.5758927464485168,0.24168777465820312,0.02388419210910797,0.7910981178283691,-1.5193045139312744,0.7091208696365356
2.576699733734131,0.13712632656097412,0.7241721749305725,0.04827868938446045,0.16599926352500916,0.12494772672653198,0.9769859313964844,-0.3661220073699951,5.581218829320278e-07,-0.2417914867401123,1.6441476345062256,-0.11510060727596283,0.002088251756504178,-0.268098920583725,1.3381248712539673,0.1641235202550888,-0.10706648230552673,1.4417197704315186,-1.4709599018096924,0.6599690914154053,0.30954068899154663,0.1986626833677292,0.6112092137336731,-1.5457375049591064,0.6947861909866333
2.589176654815674,0.14492839574813843,0.6797642707824707,0.055739302188158035,0.16062019765377045,0.12020358443260193,0.978082537651062,-0.3635551333427429,3.627815488016495e-07,-0.23742522299289703,1.622727632522583,-0.12716075778007507,0.00708600552752614,-0.28586941957473755,1.3168120384216309,0.14226342737674713,-0.1243874728679657,1.5787568092346191,-1.5513546466827393,0.6881556510925293,0.3491077423095703,0.32041388750076294,0.4785045385360718,-1.55605149269104,0.6943119764328003
2.599281072616577,0.1505090892314911,0.6381890773773193,0.06016356870532036,0.15922513604164124,0.11220932751893997,0.9789978265762329,-0.35987594723701477,2.3580800245781575e-07,-0.2419792115688324,1.605242133140564,-0.12748301029205322,0.012242842465639114,-0.30110442638397217,1.2958639860153198,0.12708286941051483,-0.13040603697299957,1.688202977180481,-1.6195502281188965,0.6811458468437195,0.36617347598075867,0.4015154242515564,0.3812820017337799,-1.5570447444915771,0.704993724822998
2.607717275619507,0.15453174710273743,0.6046179533004761,0.06284341961145401,0.16046445071697235,0.10188298672437668,0.9797559380531311,-0.35545486211776733,1.5327519520269561e-07,-0.2484554648399353,1.597059726715088,-0.12275668978691101,0.018603526055812836,-0.31402119994163513,1.2793627977371216,0.11824601888656616,-0.12861044704914093,1.7771613597869873,-1.6751790046691895,0.6530669927597046,0.36650729179382324,0.454509973526001,0.3091809153556824,-1.551229476928711,0.7224736213684082
2.615070343017578,0.1575021743774414,0.5804675817489624,0.06468801945447922,0.16312044858932495,0.08937077224254608,0.98041832447052,-0.35354647040367126,9.962887048686753e-08,-0.2584148049354553,1.59285569190979,-0.11847975105047226,0.026120416820049286,-0.3236023783683777,1.2671176195144653,0.11487068235874176,-0.12232941389083862,1.846218466758728,-1.7186245918273926,0.6126412153244019,0.3557930290699005,0.4886147975921631,0.2549934387207031,-1.536978006362915,0.7419461607933044
2.6221346855163574,0.1600000560283661,0.5652377605438232,0.06582554429769516,0.16709481179714203,0.07680026441812515,0.9807385206222534,-0.3505092263221741,6.475876546119252e-08,-0.26993313431739807,1.5870563983917236,-0.1113056167960167,0.029736192896962166,-0.32863354682922363,1.2547404766082764,0.1143714189529419,-0.11440055072307587,1.8962141275405884,-1.7488176822662354,0.5665819048881531,0.33793526887893677,0.5086190104484558,0.2158399373292923,-1.514875888824463,0.7633894681930542
2.6291019916534424,0.16222348809242249,0.5599574446678162,0.0661931037902832,0.1721409112215042,0.06381024420261383,0.9807723164558411,-0.34344345331192017,3.4834033613151405e-07,-0.27892056107521057,1.5828471183776855,-0.10251007229089737,0.028739050030708313,-0.33024242520332336,1.2457574605941772,0.11732715368270874,-0.10540840774774551,1.9270110130310059,-1.761237621307373,0.5164251327514648,0.3180983066558838,0.5171694159507751,0.1910122185945511,-1.4793416261672974,0.7833117246627808
2.636162281036377,0.16444142162799835,0.5631259083747864,0.06633202731609344,0.17757543921470642,0.05153259262442589,0.9805158972740173,-0.3434620201587677,2.701358425838407e-06,-0.28588446974754333,1.5817382335662842,-0.09427650272846222,0.022025875747203827,-0.3272450864315033,1.2387311458587646,0.12106774747371674,-0.09668552875518799,1.9387233257293701,-1.757834553718567,0.4646967053413391,0.30091848969459534,0.5196675062179565,0.17730312049388885,-1.42946195602417,0.799856424331665
2.643697500228882,0.16712187230587006,0.5729461908340454,0.06504765897989273,0.1825432926416397,0.038473863154649734,0.9802890419960022,-0.3563467860221863,1.9651381535368273e-06,-0.2830789089202881,1.5818347930908203,-0.09711286425590515,0.014316821470856667,-0.3163178265094757,1.2336732149124146,0.12543445825576782,-0.0864395722746849,1.9288467168807983,-1.7347235679626465,0.41149699687957764,0.288740336894989,0.5160840749740601,0.17368139326572418,-1.3688600063323975,0.8151468634605408
2.652039051055908,0.1705564558506012,0.5882740020751953,0.06240193545818329,0.18734870851039886,0.027401167899370193,0.979926347732544,-0.37833699584007263,2.126627805409953e-06,-0.27448245882987976,1.5788133144378662,-0.10509773343801498,0.009305933490395546,-0.30900830030441284,1.2275322675704956,0.13154137134552002,-0.07370670884847641,1.8973298072814941,-1.6963547468185425,0.35923513770103455,0.28236448764801025,0.5050625801086426,0.17912223935127258,-1.301433801651001,0.8286126852035522
2.661590576171875,0.17434799671173096,0.606685996055603,0.05866807699203491,0.19125887751579285,0.019695153459906578,0.9795867800712585,-0.4094405770301819,1.4421636933548143e-06,-0.2594597041606903,1.5730419158935547,-0.11746834218502045,0.006048857234418392,-0.3005249798297882,1.2235610485076904,0.13767139613628387,-0.05962632969021797,1.846083402633667,-1.6473169326782227,0.3102927803993225,0.2823081910610199,0.48684972524642944,0.18916839361190796,-1.2334736585617065,0.8397470712661743
2.67236328125,0.17781439423561096,0.6286708116531372,0.05454530939459801,0.19385862350463867,0.014155158773064613,0.9794096946716309,-0.4390368163585663,9.386165515934408e-07,-0.24104756116867065,1.572421908378601,-0.13090737164020538,0.003931757528334856,-0.29087918996810913,1.2263751029968262,0.14408007264137268,-0.04616950824856758,1.777707815170288,-1.593065857887268,0.26860255002975464,0.2832547426223755,0.4609331488609314,0.20626406371593475,-1.1718337535858154,0.8485283255577087
2.6845502853393555,0.180314302444458,0.6523950099945068,0.050500061362981796,0.19464963674545288,0.011056550778448582,0.9795095920562744,-0.45777469873428345,6.195616037985019e-07,-0.21868793666362762,1.5748953819274902,-0.13676463067531586,0.002555649261921644,-0.2804332375526428,1.229715347290039,0.15034997463226318,-0.03708531707525253,1.7030549049377441,-1.5424567461013794,0.23949433863162994,0.2787127196788788,0.4274182915687561,0.23120641708374023,-1.1301178932189941,0.8574159145355225
2.6977453231811523,0.18212836980819702,0.6766337156295776,0.0460832305252552,0.19283463060855865,0.011885853484272957,0.9800764918327332,-0.469392329454422,4.0291561731464753e-07,-0.19587424397468567,1.5797752141952515,-0.14538949728012085,0.0016612609615549445,-0.2623276114463806,1.2375609874725342,0.1570606827735901,-0.03385816514492035,1.6251046657562256,-1.493067741394043,0.2224290817975998,0.26642197370529175,0.3869842290878296,0.26449841260910034,-1.1136740446090698,0.8696869611740112
2.712595224380493,0.18442469835281372,0.6987009048461914,0.04189504683017731,0.1876881867647171,0.016775283962488174,0.9811914563179016,-0.47442036867141724,2.6189513846475165e-07,-0.17692285776138306,1.58484947681427,-0.157968670129776,0.0010800408199429512,-0.24441203474998474,1.2490270137786865,0.16618452966213226,-0.038360945880413055,1.542605996131897,-1.44866943359375,0.21844333410263062,0.24501925706863403,0.3431912958621979,0.30577194690704346,-1.1284202337265015,0.8870525360107422
2.7295970916748047,0.1882939338684082,0.7188588380813599,0.03784856200218201,0.18066124618053436,0.02407575398683548,0.9825219511985779,-0.4695402979850769,2.0206634587793815e-07,-0.15609675645828247,1.5908963680267334,-0.17081063985824585,0.0007494086166843772,-0.2306962013244629,1.260424256324768,0.18082499504089355,-0.04957306385040283,1.4600579738616943,-1.4135583639144897,0.22986212372779846,0.21613086760044098,0.30436697602272034,0.3620107173919678,-1.1616624593734741,0.9020335674285889
2.7462613582611084,0.19260843098163605,0.7423166036605835,0.03204995393753052,0.178175687789917,0.03233228996396065,0.9829449653625488,-0.4307306110858917,1.3134331311448477e-07,-0.13629287481307983,1.5896941423416138,-0.15438927710056305,0.000494829029776156,-0.21948952972888947,1.2548065185546875,0.20431548357009888,-0.06945756077766418,1.3663207292556763,-1.3356451988220215,0.2620350420475006,0.1757904589176178,0.2648335099220276,0.44960540533065796,-1.2014055252075195,0.8694815039634705
2.764024257659912,0.19789031147956848,0.7631896138191223,0.027989769354462624,0.17205658555030823,0.047610510140657425,0.9835376739501953,-0.39658644795417786,8.537315210332963e-08,-0.13124297559261322,1.59405517578125,-0.15741051733493805,0.00034050378599204123,-0.2063152939081192,1.249699592590332,0.24176929891109467,-0.10697910189628601,1.2576782703399658,-1.2575844526290894,0.31901106238365173,0.141556516289711,0.23414957523345947,0.5517961978912354,-1.2517870664596558,0.8220220804214478
2.7826857566833496,0.204166442155838,0.7833071947097778,0.025419466197490692,0.16372725367546082,0.07117841392755508,0.9836060404777527,-0.3593946397304535,5.549254566972195e-08,-0.1467244029045105,1.5981245040893555,-0.1795404553413391,0.0003954147396143526,-0.18727333843708038,1.2511866092681885,0.2975850999355316,-0.15597783029079437,1.1368281841278076,-1.1889013051986694,0.39525306224823,0.11138150840997696,0.21011026203632355,0.6704127788543701,-1.2871960401535034,0.7601326704025269
2.8023412227630615,0.21157541871070862,0.7962912917137146,0.022146690636873245,0.15286879241466522,0.09975054860115051,0.9829499125480652,-0.3356066346168518,3.607015486295495e-08,-0.16451901197433472,1.5920600891113281,-0.2113918662071228,0.00047226398601196706,-0.1601143628358841,1.2545804977416992,0.35488373041152954,-0.19292445480823517,1.0135024785995483,-1.1350932121276855,0.4844039976596832,0.09233611822128296,0.19191120564937592,0.7807040810585022,-1.305461049079895,0.6895341277122498
2.823174476623535,0.22058746218681335,0.8010445237159729,0.01915445365011692,0.14164209365844727,0.13275505602359772,0.9807888269424438,-0.3378020226955414,2.344576799373499e-08,-0.1822660267353058,1.5840131044387817,-0.26072704792022705,0.00030711336876265705,-0.12792539596557617,1.2871078252792358,0.4115089476108551,-0.21698957681655884,0.8954141736030579,-1.095640778541565,0.5814834237098694,0.08644944429397583,0.17909544706344604,0.886012077331543,-1.3022311925888062,0.6227827668190002
2.844132661819458,0.2312169373035431,0.8001610636711121,0.018373161554336548,0.13200083374977112,0.1652335375547409,0.9772083163261414,-0.34195220470428467,1.5260900099178798e-08,-0.2001018226146698,1.5590062141418457,-0.30363529920578003,0.00019962439546361566,-0.10567894577980042,1.300507664680481,0.47312748432159424,-0.23223420977592468,0.7807545065879822,-1.0615016222000122,0.6745910048484802,0.09043488651514053,0.16797444224357605,0.9841763377189636,-1.2554117441177368,0.5541219115257263
2.8638415336608887,0.24509963393211365,0.8077476024627686,0.026149006560444832,0.11907598376274109,0.194342240691185,0.9733284115791321,-0.29540348052978516,9.919584265105641e-09,-0.23191381990909576,1.4138330221176147,-0.2943212389945984,0.00012975584832020104,-0.06922732293605804,1.195281982421875,0.5653684139251709,-0.24258188903331757,0.6058617830276489,-0.9438336491584778,0.77427077293396,0.167063906788826,0.11329454183578491,1.0484776496887207,-1.121159315109253,0.4562177062034607
2.8859736919403076,0.2578555941581726,0.8071314096450806,0.02591431699693203,0.1067352369427681,0.22364011406898499,0.9684633016586304,-0.2990048825740814,6.44772946145622e-09,-0.24979886412620544,1.3731697797775269,-0.33568066358566284,8.434138726443052e-05,-0.05482616648077965,1.1765331029891968,0.6423666477203369,-0.22133168578147888,0.5182830691337585,-0.9399027824401855,0.837938666343689,0.22384698688983917,0.048324182629585266,1.099626064300537,-0.9986579418182373,0.3952774703502655
2.9057464599609375,0.27171218395233154,0.8152685761451721,0.0337480865418911,0.09347372502088547,0.24730411171913147,0.9638279676437378,-0.2622843086719513,4.191023972310859e-09,-0.28014910221099854,1.2630409002304077,-0.3447945713996887,5.4821899539092556e-05,-0.020792122930288315,1.0957732200622559,0.6924276351928711,-0.19308269023895264,0.3867160379886627,-0.8485351204872131,0.9034481048583984,0.3308095932006836,-0.05998136103153229,1.111149787902832,-0.8528561592102051,0.30608221888542175
2.925173282623291,0.2847050726413727,0.824191689491272,0.04139334335923195,0.07975499331951141,0.26792415976524353,0.9592405557632446,-0.2341988980770111,2.7241655597975978e-09,-0.30187922716140747,1.1602985858917236,-0.3524276614189148,3.5634231608128175e-05,0.009886466898024082,1.018785834312439,0.7249672412872314,-0.15324503183364868,0.2787230312824249,-0.7758460640907288,0.948110818862915,0.4036214351654053,-0.13061752915382385,1.1172573566436768,-0.7479473352432251,0.24650269746780396
2.944798707962036,0.29665663838386536,0.8286041617393494,0.04798430949449539,0.06708128750324249,0.2829052209854126,0.9555951952934265,-0.2184978574514389,1.7707075805617478e-09,-0.3147393763065338,1.0808484554290771,-0.36262047290802,2.316224890819285e-05,0.02764832228422165,0.955691933631897,0.7461179494857788,-0.10493911057710648,0.19579708576202393,-0.7255414128303528,0.977238655090332,0.45464757084846497,-0.17653104662895203,1.1203324794769287,-0.6813524961471558,0.2083301842212677
2.9651360511779785,0.3082534074783325,0.8295503854751587,0.05709233507514,0.05209223926067352,0.29270073771476746,0.953075647354126,-0.2165735960006714,1.1525790322153284e-09,-0.3278926610946655,1.0114253759384155,-0.37758705019950867,1.5055461517476942e-05,0.04838740825653076,0.8962706327438354,0.7305992841720581,-0.04838563874363899,0.10529930144548416,-0.6764605045318604,0.9939604997634888,0.5119632482528687,-0.20637482404708862,1.1119771003723145,-0.6587110757827759,0.18874546885490417
2.986268997192383,0.3197692632675171,0.8249304294586182,0.06503467261791229,0.0555051825940609,0.3077312409877777,0.9476239085197449,-0.19615517556667328,7.491763320821576e-10,-0.3602393865585327,0.9826887249946594,-0.28707829117774963,9.786049304238986e-06,0.03316272050142288,0.8958648443222046,0.6804604530334473,-0.06570932269096375,0.13476741313934326,-0.7164208889007568,1.012594223022461,0.6023622155189514,-0.1672486513853073,1.065962553024292,-0.7798793315887451,0.2879561483860016
3.0101547241210938,0.32823294401168823,0.809647262096405,0.06929919123649597,0.059045035392045975,0.31857627630233765,0.9435150027275085,-0.18125593662261963,4.869645797711541e-10,-0.3901154398918152,0.9778929948806763,-0.22273077070713043,6.360931820381666e-06,0.010860498994588852,0.9114327430725098,0.6283305883407593,-0.06394293904304504,0.1901666820049286,-0.8175714015960693,1.0247061252593994,0.6533738970756531,-0.1486392766237259,1.0431387424468994,-0.8777567148208618,0.3760438859462738
3.0369577407836914,0.3345808684825897,0.787549614906311,0.0684066191315651,0.062123220413923264,0.3273897171020508,0.9403601884841919,-0.17086131870746613,3.1652697130013507e-10,-0.41580837965011597,0.9911190271377563,-0.18110215663909912,4.134605660510715e-06,-0.01610470376908779,0.9381099939346313,0.572787344455719,-0.04358575493097305,0.2610386908054352,-0.9448979496955872,1.032578945159912,0.6738803386688232,-0.14410512149333954,1.0296398401260376,-0.9631232619285583,0.4542887806892395
3.0661911964416504,0.33968305587768555,0.769291341304779,0.06472882628440857,0.06516784429550171,0.33440932631492615,0.9379412531852722,-0.16342325508594513,2.0574252024285755e-10,-0.43403807282447815,1.0174535512924194,-0.15675896406173706,2.6874936338572297e-06,-0.044720329344272614,0.9728796482086182,0.5202552080154419,-0.011984769254922867,0.33197203278541565,-1.068578839302063,1.0296951532363892,0.6722862124443054,-0.1438135802745819,1.0229159593582153,-1.03975510597229,0.5226896405220032
3.095249891281128,0.34463292360305786,0.7604061365127563,0.06055212393403053,0.0678226426243782,0.3391256034374237,0.9363372325897217,-0.15639182925224304,5.8965910284314305e-05,-0.4445077180862427,1.0500819683074951,-0.14288190007209778,1.7468707937950967e-06,-0.07227887213230133,1.0117220878601074,0.4764539301395416,0.02216191031038761,0.39315709471702576,-1.1692605018615723,1.0243604183197021,0.6548712849617004,-0.14286723732948303,1.0249418020248413,-1.1069107055664062,0.5807589292526245
3.1210174560546875,0.34885522723197937,0.7566174864768982,0.05463864654302597,0.07438230514526367,0.34595945477485657,0.9336990714073181,-0.14249615371227264,4.369402086012997e-05,-0.44880184531211853,1.0861749649047852,-0.13023829460144043,1.1354659363860264e-06,-0.10117000341415405,1.0559546947479248,0.4396519064903259,0.050636813044548035,0.44646140933036804,-1.2251554727554321,1.0199323892593384,0.6041225790977478,-0.13212108612060547,1.040513277053833,-1.1517038345336914,0.6102721095085144
3.1439270973205566,0.3532260060310364,0.7503707408905029,0.05076234042644501,0.07699372619390488,0.3508090376853943,0.9318948984146118,-0.14907433092594147,0.00010285009921062738,-0.4445386230945587,1.1528451442718506,-0.13337846100330353,7.380528472822334e-07,-0.13310745358467102,1.1342507600784302,0.4196350872516632,0.07994632422924042,0.4824211597442627,-1.2771403789520264,1.015541911125183,0.5489675998687744,-0.11756308376789093,1.0585147142410278,-1.2028422355651855,0.6394037008285522
3.1635708808898926,0.35695260763168335,0.7435972094535828,0.04734034836292267,0.08067452907562256,0.3536849915981293,0.9306758046150208,-0.1635582447052002,0.00023638636048417538,-0.4313635230064392,1.2305383682250977,-0.13957266509532928,5.02724049056269e-07,-0.15322910249233246,1.2217016220092773,0.40912577509880066,0.10245491564273834,0.5143341422080994,-1.3202362060546875,1.013810157775879,0.4951059818267822,-0.1000593975186348,1.0818370580673218,-1.2515156269073486,0.6644898653030396
3.180011749267578,0.3594733476638794,0.7372341752052307,0.04391483590006828,0.08512122929096222,0.3542540669441223,0.9302310943603516,-0.18340900540351868,0.0002820880908984691,-0.4122579097747803,1.301464319229126,-0.14556729793548584,4.509068105562619e-07,-0.16320431232452393,1.3012094497680664,0.40723058581352234,0.11990691721439362,0.5416396856307983,-1.3526718616485596,1.0140581130981445,0.44504696130752563,-0.08173896372318268,1.1065549850463867,-1.2984440326690674,0.6842325925827026
3.1956088542938232,0.3632274270057678,0.7293924689292908,0.04429628700017929,0.0814313068985939,0.35040462017059326,0.931999683380127,-0.260196715593338,0.00018358656961936504,-0.3747069239616394,1.4032032489776611,-0.1850019097328186,2.9351872399274725e-07,-0.15794062614440918,1.350000023841858,0.4197263717651367,0.1444721221923828,0.5452269315719604,-1.3992817401885986,1.0146119594573975,0.4192553162574768,-0.06877244263887405,1.1155116558074951,-1.3664376735687256,0.7145839929580688
3.206997871398926,0.36556264758110046,0.7244927883148193,0.041452471166849136,0.08499810844659805,0.3492816388607025,0.9322335720062256,-0.29747986793518066,0.0001835316070355475,-0.34558990597724915,1.4606380462646484,-0.19781309366226196,1.9078824209373124e-07,-0.15313246846199036,1.350000023841858,0.4268074631690979,0.15847647190093994,0.5590455532073975,-1.4248292446136475,1.0139522552490234,0.3928852379322052,-0.05877530202269554,1.1297357082366943,-1.4144270420074463,0.7311414480209351
3.2158305644989014,0.3675721287727356,0.7207501530647278,0.03729027509689331,0.09052500873804092,0.34866321086883545,0.9321205019950867,-0.314395010471344,0.00023074031923897564,-0.32187795639038086,1.490032434463501,-0.1950949877500534,1.2401235949255351e-07,-0.14894431829452515,1.350000023841858,0.4328014850616455,0.16874635219573975,0.5739539265632629,-1.4408152103424072,1.0123889446258545,0.3669099509716034,-0.049918197095394135,1.1446781158447266,-1.4568891525268555,0.7402379512786865
3.2225213050842285,0.369395911693573,0.7193984389305115,0.032390449196100235,0.0965278223156929,0.3474562466144562,0.9321520328521729,-0.321652352809906,0.00029202603036537766,-0.3008961081504822,1.5017367601394653,-0.1846545785665512,8.060803224907431e-08,-0.1453401744365692,1.350000023841858,0.43946725130081177,0.1768609881401062,0.5859140157699585,-1.4467122554779053,1.010061264038086,0.34167128801345825,-0.0413985401391983,1.155198097229004,-1.4913012981414795,0.7392828464508057
3.22914719581604,0.37242358922958374,0.7181403636932373,0.029280923306941986,0.09754364937543869,0.3421320915222168,0.9341164827346802,-0.34994131326675415,0.00019011992844752967,-0.27891919016838074,1.5220320224761963,-0.18393196165561676,5.2395218830270096e-08,-0.14532509446144104,1.350000023841858,0.4531213641166687,0.18871216475963593,0.5827329754829407,-1.4559956789016724,1.0078277587890625,0.32598334550857544,-0.03305106610059738,1.152662992477417,-1.5367894172668457,0.7381649017333984
3.2336621284484863,0.374533474445343,0.7174639105796814,0.02324250154197216,0.10399246960878372,0.33802011609077454,0.9350870251655579,-0.3545075058937073,0.0001235787058249116,-0.2616361379623413,1.5295507907867432,-0.17285828292369843,3.4056892417311246e-08,-0.1467393934726715,1.350000023841858,0.4595818519592285,0.19411244988441467,0.5909372568130493,-1.457552194595337,1.0059140920639038,0.30559778213500977,-0.027381880208849907,1.1589711904525757,-1.570746898651123,0.7304592728614807
3.237143039703369,0.37647271156311035,0.7152918577194214,0.016590433195233345,0.11145062744617462,0.3348047733306885,0.9355261921882629,-0.34913721680641174,8.032615733100101e-05,-0.24916106462478638,1.528351902961731,-0.1571413278579712,2.2136978472531155e-08,-0.15022249519824982,1.350000023841858,0.46250277757644653,0.19782495498657227,0.603374183177948,-1.4625871181488037,1.0035691261291504,0.28458064794540405,-0.022404668852686882,1.1702457666397095,-1.6078821420669556,0.7217280268669128
3.2380595207214355,0.3752841353416443,0.6841115951538086,0.009072041139006615,0.12820059061050415,0.3343105912208557,0.93365877866745,-0.3276948928833008,5.221199899096973e-05,-0.24288657307624817,1.5271978378295898,-0.1575242131948471,6.771694461349398e-05,-0.15008823573589325,1.350000023841858,0.5004925727844238,0.3103782832622528,0.5371956825256348,-1.4703887701034546,0.9873369932174683,0.2751423418521881,0.0007750224322080612,1.3120360374450684,-1.6251680850982666,0.7605578899383545
3.2495946884155273,0.37984269857406616,0.642357349395752,0.017315972596406937,0.12417818605899811,0.3171292543411255,0.9400579333305359,-0.3073500394821167,0.0015404820442199707,-0.28062960505485535,1.520639419555664,-0.22901716828346252,0.0005543677252717316,-0.12611638009548187,1.350000023841858,0.5567916631698608,0.41483020782470703,0.4217461943626404,-1.4704217910766602,0.9621120691299438,0.26872798800468445,0.023260444402694702,1.4176833629608154,-1.744260549545288,0.8176592588424683
3.257319927215576,0.3828798532485962,0.6121469736099243,0.022252632305026054,0.12282484769821167,0.30472785234451294,0.9442244172096252,-0.28725093603134155,0.0033066056203097105,-0.3116958737373352,1.5134317874908447,-0.2681983411312103,0.0006236188346520066,-0.1101108193397522,1.350000023841858,0.5770630836486816,0.4769325256347656,0.3306019902229309,-1.4643832445144653,0.9510154724121094,0.24673447012901306,0.05266006290912628,1.5012743473052979,-1.839442491531372,0.8360058069229126
3.2628769874572754,0.3850480616092682,0.590305507183075,0.025857429951429367,0.12350549548864365,0.2960788607597351,0.9467920064926147,-0.2731824517250061,0.007621563971042633,-0.3378251791000366,1.505953073501587,-0.28669482469558716,0.0005997978150844574,-0.10258685052394867,1.350000023841858,0.5713499188423157,0.5090442895889282,0.2542472183704376,-1.4543386697769165,0.9492804408073425,0.2214634120464325,0.08284253627061844,1.5697276592254639,-1.917304277420044,0.8283229470252991
3.267242431640625,0.3868900239467621,0.5753253102302551,0.029197342693805695,0.12600314617156982,0.2896205484867096,0.9483620524406433,-0.26561084389686584,0.012668079696595669,-0.35983556509017944,1.4979112148284912,-0.2939072847366333,0.0006337455124594271,-0.09938108921051025,1.350000023841858,0.548947274684906,0.5186721086502075,0.18708105385303497,-1.435606598854065,0.9498312473297119,0.19773805141448975,0.11130352318286896,1.6272766590118408,-1.9766604900360107,0.8018834590911865
3.271488666534424,0.3887629508972168,0.5667039155960083,0.03266109153628349,0.13001061975955963,0.28485947847366333,0.9491499066352844,-0.26053231954574585,0.0157505851238966,-0.3759048581123352,1.4853475093841553,-0.29372650384902954,0.0007021354977041483,-0.0974428653717041,1.350000023841858,0.5165207982063293,0.5116599798202515,0.12582945823669434,-1.4059793949127197,0.9482609033584595,0.1780252456665039,0.13734513521194458,1.6733670234680176,-2.0192856788635254,0.7623835802078247
3.2763078212738037,0.3907245397567749,0.5646025538444519,0.03684191033244133,0.1356506645679474,0.28199639916419983,0.9490624666213989,-0.2516275644302368,0.015561684966087341,-0.3870622515678406,1.4718890190124512,-0.2878980338573456,0.000887991045601666,-0.0921940878033638,1.3472213745117188,0.47718602418899536,0.48971837759017944,0.07151196151971817,-1.3664332628250122,0.9441550374031067,0.16229574382305145,0.16235607862472534,1.7073650360107422,-2.0423336029052734,0.7135925889015198
3.2817740440368652,0.3927435278892517,0.5693862438201904,0.04194933548569679,0.14298294484615326,0.2803681492805481,0.948256254196167,-0.24908442795276642,0.013853199779987335,-0.39169806241989136,1.4588661193847656,-0.2820526659488678,0.0009623358491808176,-0.08253401517868042,1.3405771255493164,0.4338127374649048,0.4565998315811157,0.026369549334049225,-1.3180841207504272,0.9395129680633545,0.15116563439369202,0.18680928647518158,1.727205514907837,-2.043837308883667,0.6589595079421997
3.2884294986724854,0.39428964257240295,0.5827071070671082,0.04842069745063782,0.15485607087612152,0.28001540899276733,0.9461851716041565,-0.22867357730865479,0.009004641324281693,-0.38736578822135925,1.4325673580169678,-0.26316511631011963,0.0006376507226377726,-0.0678536593914032,1.3207576274871826,0.37894517183303833,0.4060799479484558,-0.017303742468357086,-1.2321703433990479,0.9337676167488098,0.14112700521945953,0.21316730976104736,1.7371727228164673,-2.0183181762695312,0.5887808203697205
3.294881582260132,0.3960816264152527,0.6029013395309448,0.056597813963890076,0.16600900888442993,0.28003475069999695,0.9438316822052002,-0.20986494421958923,0.0058530173264443874,-0.3864108920097351,1.3994017839431763,-0.2476613074541092,0.0004261278663761914,-0.04753817990422249,1.2957624197006226,0.3205908536911011,0.3465690016746521,-0.05712694674730301,-1.1320765018463135,0.9352811574935913,0.13522130250930786,0.23578554391860962,1.7259039878845215,-1.9720650911331177,0.5188909769058228
3.2989654541015625,0.4000704884529114,0.6313387155532837,0.07366709411144257,0.16882924735546112,0.28082403540611267,0.9419170022010803,-0.13757017254829407,0.0038044610992074013,-0.42785656452178955,1.2453733682632446,-0.20900657773017883,0.00027698310441337526,0.013444770127534866,1.1855765581130981,0.14935964345932007,0.2196853905916214,-0.1832592636346817,-0.9183006882667542,0.9331965446472168,0.14986582100391388,0.25793975591659546,1.672877550125122,-1.9017598628997803,0.46563559770584106
3.3039402961730957,0.4055325388908386,0.6635146737098694,0.08760642260313034,0.16982483863830566,0.2817225158214569,0.9402749538421631,-0.07480266690254211,0.0024728996213525534,-0.4834248423576355,1.1101933717727661,-0.18431517481803894,0.0001800390164135024,0.07876317948102951,1.0902459621429443,-0.05603606998920441,0.08295190334320068,-0.2727135419845581,-0.7235662937164307,0.904455304145813,0.17391249537467957,0.2607713043689728,1.596461296081543,-1.8108675479888916,0.43894344568252563
3.3101062774658203,0.4140620231628418,0.6986078023910522,0.10047833621501923,0.16758476197719574,0.28415924310684204,0.9386548399925232,-0.036315664649009705,0.00160738464910537,-0.5485751628875732,1.0110703706741333,-0.18004973232746124,0.00015021981380414218,0.1342257410287857,1.0137789249420166,-0.23029926419258118,-0.037710271775722504,-0.29274576902389526,-0.6046308279037476,0.8939999341964722,0.21889087557792664,0.24759966135025024,1.4944090843200684,-1.7014801502227783,0.4428223967552185
3.3160393238067627,0.4239371418952942,0.73206627368927,0.11120276898145676,0.1641402542591095,0.2875789403915405,0.9370113015174866,-0.014331246726214886,0.0010448002722114325,-0.6103845834732056,0.9434318542480469,-0.18713051080703735,0.001972294645383954,0.17600293457508087,0.953628659248352,-0.30548524856567383,-0.11610047519207001,-0.26084601879119873,-0.5740839242935181,0.9137647151947021,0.2763875722885132,0.22694309055805206,1.3885215520858765,-1.5826406478881836,0.4575920104980469
3.3231682777404785,0.4360082149505615,0.7574846148490906,0.12368631362915039,0.15320897102355957,0.29235151410102844,0.9358201026916504,-0.007682162802666426,0.0006793345673941076,-0.6536192893981934,0.8961308598518372,-0.11264000833034515,0.001282003242522478,0.17538148164749146,0.9329160451889038,-0.3770971894264221,-0.1422652006149292,-0.19870758056640625,-0.5747427940368652,0.9604668617248535,0.3635715842247009,0.23886561393737793,1.2660728693008423,-1.5661401748657227,0.4796640872955322
3.331012725830078,0.44711780548095703,0.7710235118865967,0.13022711873054504,0.1375131458044052,0.2900027632713318,0.9380988478660583,-0.007341230288147926,0.0007190825999714434,-0.6818474531173706,0.8663636445999146,-0.060410499572753906,0.0008333021542057395,0.1564566045999527,0.9218087196350098,-0.43988037109375,-0.1631617397069931,-0.14717355370521545,-0.615033745765686,0.9908234477043152,0.42650970816612244,0.2404850721359253,1.1742218732833862,-1.554866075515747,0.4941326081752777
3.335054397583008,0.4552932381629944,0.7805502414703369,0.12893043458461761,0.14024166762828827,0.2943837642669678,0.936508059501648,0.017188170924782753,0.000467403675429523,-0.710883617401123,0.8530669808387756,-0.01396343857049942,0.0005416463827714324,0.11717898398637772,0.9181545376777649,-0.4023212194442749,-0.14598038792610168,0.0017777010798454285,-0.7619247436523438,1.0105552673339844,0.4679722189903259,0.22093012928962708,1.1363677978515625,-1.5059703588485718,0.5108581185340881
3.3411741256713867,0.4607679843902588,0.7857897281646729,0.11564194411039352,0.150114044547081,0.2937694191932678,0.9369056820869446,0.041673239320516586,0.0003038424183614552,-0.7271105051040649,0.8556073904037476,0.02165507897734642,0.00035207014298066497,0.07305024564266205,0.9290151596069336,-0.31290414929389954,-0.11034050583839417,0.18630251288414001,-0.9141958355903625,1.0112850666046143,0.4672092795372009,0.1815871000289917,1.1248646974563599,-1.4586894512176514,0.5183297395706177
3.350478172302246,0.4664843678474426,0.7879130244255066,0.10163208097219467,0.1548844873905182,0.2873605489730835,0.9397369623184204,0.05765648931264877,0.00021163912606425583,-0.7309697866439819,0.8663932085037231,0.04451918601989746,0.00022884558711666614,0.028184818103909492,0.9453445076942444,-0.22433914244174957,-0.08101644366979599,0.3522190749645233,-1.0421299934387207,0.9937795996665955,0.453991174697876,0.14259694516658783,1.1165293455123901,-1.4262008666992188,0.5253006219863892
3.362778902053833,0.4731701612472534,0.7881538271903992,0.0849161222577095,0.15725113451480865,0.27724021673202515,0.9440334439277649,0.05506511032581329,0.00015870292554609478,-0.7112144827842712,0.9073389172554016,0.05406057462096214,0.00014874961925670505,-0.04910773038864136,0.9847248792648315,-0.1297542154788971,-0.05449434369802475,0.5178885459899902,-1.1639764308929443,0.9412550330162048,0.4306498169898987,0.09891203045845032,1.1040654182434082,-1.4018945693969727,0.538240909576416
3.3784751892089844,0.4840291738510132,0.788506269454956,0.0701291561126709,0.1587025225162506,0.260215163230896,0.9498333930969238,0.030742552131414413,0.0001300113508477807,-0.6747353672981262,0.9680309295654297,0.05055229365825653,9.668724669609219e-05,-0.13277223706245422,1.0325452089309692,-0.04705251380801201,-0.03987496718764305,0.6574257016181946,-1.247918963432312,0.8822782039642334,0.40770578384399414,0.0594610795378685,1.08621346950531,-1.378279209136963,0.5555614233016968
3.3986966609954834,0.4965650141239166,0.7875471115112305,0.05909806489944458,0.15890401601791382,0.2355426847934723,0.9569621086120605,-0.007297482341527939,0.00010404412751086056,-0.6306768655776978,1.03970205783844,0.04203783720731735,6.284670962486416e-05,-0.20585349202156067,1.0775048732757568,0.01711074821650982,-0.03563106060028076,0.7754711508750916,-1.307138204574585,0.8291133642196655,0.38658297061920166,0.028257321566343307,1.0671321153640747,-1.3643014430999756,0.5796499848365784
3.421441078186035,0.5080249905586243,0.7854261994361877,0.05240781232714653,0.15736548602581024,0.2064579725265503,0.9642948508262634,-0.05265675485134125,7.492452277801931e-05,-0.5875213146209717,1.115515947341919,0.03237464651465416,4.085035834577866e-05,-0.26519450545310974,1.1150250434875488,0.06605847924947739,-0.036343805491924286,0.8724570274353027,-1.3369306325912476,0.7850054502487183,0.3648626506328583,0.005649796687066555,1.0496461391448975,-1.362428903579712,0.6050248742103577
3.4453272819519043,0.5185595750808716,0.7829550504684448,0.04889499023556709,0.15283611416816711,0.17676715552806854,0.9710838198661804,-0.11576904356479645,5.700516703655012e-05,-0.543617844581604,1.2187167406082153,0.011766881681978703,2.655294338183012e-05,-0.311031311750412,1.1628299951553345,0.11059216409921646,-0.042754463851451874,0.9452555179595947,-1.3423712253570557,0.7555669546127319,0.3485278785228729,-0.0122832627967,1.0280722379684448,-1.3690123558044434,0.6306060552597046
3.4698381423950195,0.5291504859924316,0.7804781198501587,0.04617871344089508,0.14863596856594086,0.14914874732494354,0.9764883518218994,-0.20509499311447144,3.7053414416732267e-05,-0.4892808198928833,1.3639211654663086,-0.03022397682070732,1.7259411833947524e-05,-0.3354775309562683,1.2544832229614258,0.156790629029274,-0.05650721490383148,1.001259207725525,-1.3259539604187012,0.7411855459213257,0.34101805090904236,-0.031760312616825104,1.006482481956482,-1.3726263046264648,0.6569480895996094
3.4938483238220215,0.5397787094116211,0.7780249118804932,0.04510543867945671,0.1431356817483902,0.1273352950811386,0.9804404377937317,-0.27194300293922424,2.408471846138127e-05,-0.4605797529220581,1.4534556865692139,-0.055855102837085724,1.121861714636907e-05,-0.3606144189834595,1.307727575302124,0.1965973973274231,-0.07704616338014603,1.0397374629974365,-1.2959270477294922,0.7373694181442261,0.3381942808628082,-0.04537201672792435,0.984961986541748,-1.3768709897994995,0.6833769083023071
3.517446517944336,0.5499758720397949,0.7750360369682312,0.04484023153781891,0.13679730892181396,0.111454077064991,0.9832872748374939,-0.3217582702636719,1.5655066817998886e-05,-0.44080430269241333,1.5088084936141968,-0.07110488414764404,7.292102054634597e-06,-0.37743425369262695,1.3390238285064697,0.2290254533290863,-0.10024596750736237,1.064544916152954,-1.2633755207061768,0.7438862919807434,0.3369595408439636,-0.05298490449786186,0.9634582996368408,-1.3867692947387695,0.7106527090072632
3.5407345294952393,0.559528648853302,0.7731968760490417,0.04488686844706535,0.13045969605445862,0.10018742084503174,0.9853567481040955,-0.3622070550918579,1.0175793249800336e-05,-0.4232187569141388,1.5487300157546997,-0.08552089333534241,4.739867108582985e-06,-0.3863939642906189,1.350000023841858,0.2549656331539154,-0.12318229675292969,1.0756951570510864,-1.2292734384536743,0.7526997327804565,0.3357408046722412,-0.05603521317243576,0.9405962824821472,-1.3941705226898193,0.7329786419868469
3.564448356628418,0.5685763359069824,0.7710129022598267,0.044674985110759735,0.12507832050323486,0.0933559462428093,0.98673415184021,-0.39624226093292236,6.614265203097602e-06,-0.4099891185760498,1.5715147256851196,-0.1011294573545456,3.0809442250756547e-06,-0.388632595539093,1.350000023841858,0.277130663394928,-0.14522483944892883,1.0777525901794434,-1.1991357803344727,0.7672734260559082,0.33387887477874756,-0.05610979348421097,0.9210544228553772,-1.4038548469543457,0.7540860176086426
3.5895657539367676,0.5777419805526733,0.7696884870529175,0.044401898980140686,0.12035978585481644,0.08723433315753937,0.9878928065299988,-0.4241410791873932,4.299272404750809e-06,-0.39979711174964905,1.5834096670150757,-0.1120099425315857,2.002622750296723e-06,-0.3863909840583801,1.350000023841858,0.2957073748111725,-0.16402782499790192,1.0732505321502686,-1.1707777976989746,0.780792236328125,0.33284229040145874,-0.054493099451065063,0.9025718569755554,-1.4097017049789429,0.7710493803024292
3.6200499534606934,0.5917409658432007,0.783653974533081,0.05270763114094734,0.1005503386259079,0.08341933786869049,0.9900266528129578,-0.5033966302871704,2.794527063088026e-06,-0.34217536449432373,1.459330439567566,-0.1883264183998108,1.3018806157560903e-06,-0.2754306197166443,1.2931203842163086,0.2841097414493561,-0.1982477307319641,1.0858237743377686,-0.9880415201187134,0.6375423669815063,0.49123579263687134,0.07281515002250671,0.7579637765884399,-1.2998073101043701,0.8469878435134888
3.658252716064453,0.6064270734786987,0.7777657508850098,0.05339755862951279,0.0753539502620697,0.07160778343677521,0.9931479096412659,-0.6242678165435791,1.8170258044847287e-06,-0.282888263463974,1.443701982498169,-0.3064916431903839,8.462223490823817e-07,-0.21854344010353088,1.310977578163147,0.31918299198150635,-0.22021470963954926,1.072664499282837,-0.9161069393157959,0.6143440008163452,0.5941925048828125,0.1875218152999878,0.6404576897621155,-1.26445472240448,0.8999871015548706
3.6965556144714355,0.6214777231216431,0.7654856443405151,0.053425516933202744,0.05944903939962387,0.05708866938948631,0.9951645135879517,-0.6986488103866577,1.1810667501777061e-06,-0.24197602272033691,1.4472079277038574,-0.38230299949645996,5.500444899553258e-07,-0.19087588787078857,1.3302725553512573,0.35075318813323975,-0.23469960689544678,1.0629085302352905,-0.8859697580337524,0.611975908279419,0.6611143946647644,0.2767549157142639,0.5639725923538208,-1.2469637393951416,0.932956337928772
3.734668254852295,0.6365513801574707,0.7510261535644531,0.054015565663576126,0.0513007715344429,0.04285501688718796,0.9963001608848572,-0.727745532989502,7.67693336456432e-07,-0.20803016424179077,1.4608204364776611,-0.43207794427871704,3.575289042601071e-07,-0.1710163950920105,1.3424112796783447,0.37962937355041504,-0.24415276944637299,1.0655694007873535,-0.892432689666748,0.6285876035690308,0.7046136260032654,0.34629368782043457,0.5158326625823975,-1.241593599319458,0.9512165188789368
3.7708349227905273,0.6511533856391907,0.7355517745018005,0.05581922456622124,0.05018112435936928,0.03148459270596504,0.9966818690299988,-0.7304751873016357,4.990006345906295e-07,-0.18488164246082306,1.4674698114395142,-0.45022380352020264,2.323937735582149e-07,-0.16371691226959229,1.339863657951355,0.390512079000473,-0.2503289580345154,1.0893532037734985,-0.9293837547302246,0.6599551439285278,0.7328742742538452,0.39833980798721313,0.49182403087615967,-1.2479369640350342,0.9620531797409058
3.8047657012939453,0.6648287773132324,0.7198601365089417,0.05887763202190399,0.05282747000455856,0.02401779405772686,0.9965770840644836,-0.7239464521408081,3.243503954308835e-07,-0.1727621704339981,1.4687728881835938,-0.45040738582611084,1.5105594286524138e-07,-0.16282334923744202,1.3271338939666748,0.3853972554206848,-0.2543434500694275,1.129929542541504,-0.9910248517990112,0.697017252445221,0.7512575387954712,0.4394391179084778,0.4815014600753784,-1.2629203796386719,0.969133734703064
3.837350368499756,0.6772919297218323,0.704261302947998,0.06281912326812744,0.059449754655361176,0.0189294945448637,0.9960728883743286,-0.7119569182395935,2.1082774992464692e-07,-0.166046142578125,1.4697821140289307,-0.4427288770675659,9.818636215186416e-08,-0.15596282482147217,1.310211181640625,0.3669639825820923,-0.2569528818130493,1.1861146688461304,-1.0729719400405884,0.7341877818107605,0.7628000974655151,0.46933192014694214,0.4811675548553467,-1.2841005325317383,0.9737975597381592
3.8682727813720703,0.6886157393455505,0.6895363926887512,0.06723276525735855,0.06889217346906662,0.015082944184541702,0.9952417612075806,-0.6879526972770691,1.3703802892450767e-07,-0.16148874163627625,1.4707157611846924,-0.4197317957878113,6.38211332670835e-08,-0.15369492769241333,1.2907931804656982,0.33860036730766296,-0.2586490213871002,1.2516613006591797,-1.1648757457733154,0.7598392963409424,0.767587423324585,0.4904005527496338,0.4879228472709656,-1.3070228099822998,0.9763773083686829
3.8968300819396973,0.6985049247741699,0.6760256886482239,0.07184289395809174,0.07940252125263214,0.012677385471761227,0.9941695332527161,-0.6558666229248047,8.907471737984451e-08,-0.15854430198669434,1.47291898727417,-0.38973867893218994,4.148373378143333e-08,-0.15729883313179016,1.2688010931015015,0.3061806559562683,-0.2597515285015106,1.3190757036209106,-1.2599588632583618,0.7693226337432861,0.7680836319923401,0.5065858364105225,0.4982059597969055,-1.3286926746368408,0.9771257638931274
3.922125816345215,0.7067972421646118,0.6638721823692322,0.07599843293428421,0.08912341296672821,0.01112594548612833,0.9930546879768372,-0.6225818395614624,5.789856416527073e-08,-0.15711435675621033,1.476611614227295,-0.3524024784564972,2.696442535921051e-08,-0.16356204450130463,1.2479079961776733,0.27281105518341064,-0.26019957661628723,1.3862204551696777,-1.3553359508514404,0.7640231847763062,0.767437219619751,0.5206262469291687,0.5056619048118591,-1.3461377620697021,0.9756684303283691
3.94406795501709,0.7135342359542847,0.6524862051010132,0.07917096465826035,0.09814900904893875,0.009514816105365753,0.9919718503952026,-0.5883890390396118,3.763406652979029e-08,-0.1581525206565857,1.4846014976501465,-0.3117350935935974,1.752687595057978e-08,-0.17342618107795715,1.229887843132019,0.23958435654640198,-0.25890204310417175,1.4538977146148682,-1.447351336479187,0.7469418048858643,0.7661645412445068,0.5326446294784546,0.5090919137001038,-1.3603684902191162,0.9713269472122192
3.9628677368164062,0.7186170816421509,0.6414340734481812,0.08213424682617188,0.10557331889867783,0.007209395058453083,0.9909875392913818,-0.56605064868927,2.4462142533820952e-08,-0.1574741154909134,1.4925978183746338,-0.2760274410247803,1.1392469190241172e-08,-0.1817989945411682,1.213719129562378,0.2091551125049591,-0.2550351023674011,1.5195059776306152,-1.5285770893096924,0.7177128791809082,0.7643630504608154,0.5462486743927002,0.5078410506248474,-1.3724294900894165,0.963702917098999
3.979177474975586,0.7221208810806274,0.6294882893562317,0.08504234254360199,0.11169466376304626,0.003839468350633979,0.9900895953178406,-0.555140495300293,1.5900392114076567e-08,-0.1588878184556961,1.5019862651824951,-0.24760547280311584,7.405104529567552e-09,-0.1899781972169876,1.2022324800491333,0.18161627650260925,-0.2472897171974182,1.5837546586990356,-1.6023401021957397,0.6822958588600159,0.7615810632705688,0.5621833801269531,0.503539502620697,-1.386218547821045,0.955411970615387
3.9930357933044434,0.7242966890335083,0.6161511540412903,0.0877605676651001,0.1173601895570755,-0.000726882426533848,0.9892038106918335,-0.55028235912323,1.0335254430060559e-08,-0.1656678169965744,1.5137864351272583,-0.22551338374614716,4.8133177443787645e-09,-0.19943255186080933,1.196521282196045,0.15647003054618835,-0.2360290288925171,1.6470121145248413,-1.66936194896698,0.6444418430328369,0.7576294541358948,0.5786762237548828,0.4998372197151184,-1.40471613407135,0.9492825269699097
4.004342079162598,0.7255294322967529,0.6020331978797913,0.09021270275115967,0.12223076820373535,-0.005166057497262955,0.9883798360824585,-0.5502681136131287,6.717915113085837e-09,-0.17854298651218414,1.5267798900604248,-0.20793253183364868,3.128656445028355e-09,-0.21286541223526,1.1952108144760132,0.13320417702198029,-0.22206516563892365,1.7079834938049316,-1.7275018692016602,0.6061252355575562,0.7509838342666626,0.5956599116325378,0.497525155544281,-1.428614616394043,0.9466327428817749
4.013471603393555,0.7260499000549316,0.5884363651275635,0.09207326173782349,0.12669824063777924,-0.009401611052453518,0.9876141548156738,-0.5553106665611267,4.366644823505794e-09,-0.1925821602344513,1.5439211130142212,-0.1951131671667099,2.0336266004505887e-09,-0.2272501140832901,1.198449969291687,0.11250752955675125,-0.20618374645709991,1.7659854888916016,-1.7772526741027832,0.5687418580055237,0.7421425580978394,0.6118739247322083,0.49580198526382446,-1.4525456428527832,0.9434377551078796
4.020553112030029,0.725941002368927,0.5762782096862793,0.09375268965959549,0.12995031476020813,-0.013027064502239227,0.9869922399520874,-0.5633453726768494,2.8383191352787662e-09,-0.2061740905046463,1.558725357055664,-0.18931686878204346,1.3218572902928827e-09,-0.23838084936141968,1.2023632526397705,0.09507797658443451,-0.18907864391803741,1.8169641494750977,-1.8186137676239014,0.5322254300117493,0.7317885756492615,0.6278892755508423,0.4935436248779297,-1.4754838943481445,0.9384554028511047
4.025561332702637,0.7253960371017456,0.5665822625160217,0.09463821351528168,0.13236403465270996,-0.015952222049236298,0.9865439534187317,-0.5705783367156982,1.8449073380111258e-09,-0.21866601705551147,1.5685890913009644,-0.18651683628559113,8.59207205383683e-10,-0.24768832325935364,1.2048938274383545,0.0822121649980545,-0.17115981876850128,1.8604748249053955,-1.8505611419677734,0.4964454770088196,0.7206032276153564,0.6415509581565857,0.4909282624721527,-1.4939459562301636,0.9306267499923706
4.028756141662598,0.7244777679443359,0.5599337816238403,0.0944865420460701,0.13433365523815155,-0.01917281188070774,0.9862348437309265,-0.5728530883789062,1.1991897475027713e-09,-0.2303294539451599,1.5747350454330444,-0.18505829572677612,5.584846474171457e-10,-0.25433963537216187,1.2068800926208496,0.07480402290821075,-0.15316210687160492,1.8962392807006836,-1.872969388961792,0.46187853813171387,0.7085736393928528,0.6506248712539673,0.48885321617126465,-1.5071370601654053,0.9206364154815674
4.030582427978516,0.7232213020324707,0.5566242933273315,0.09372013062238693,0.13626275956630707,-0.02467487007379532,0.9859209060668945,-0.5689769983291626,7.79473319223456e-10,-0.24128326773643494,1.5775141716003418,-0.18265196681022644,5.500768729405081e-10,-0.2582622766494751,1.2084636688232422,0.07193388044834137,-0.13681048154830933,1.9254941940307617,-1.8845179080963135,0.42890769243240356,0.6965073347091675,0.6550318598747253,0.48935604095458984,-1.5128185749053955,0.9089270830154419
4.031715393066406,0.7219181656837463,0.5566576719284058,0.0923801064491272,0.13831892609596252,-0.03236391767859459,0.9855386018753052,-0.5602952241897583,8.681162455559388e-10,-0.24973833560943604,1.576737880706787,-0.17940372228622437,3.575500173713664e-10,-0.2609342634677887,1.2096319198608398,0.07292363047599792,-0.12262213230133057,1.9480454921722412,-1.8874847888946533,0.3985677659511566,0.6855164766311646,0.6544926762580872,0.4934653639793396,-1.510958194732666,0.8963813781738281
4.032774925231934,0.720848560333252,0.5606552362442017,0.09096375852823257,0.1403394192457199,-0.04193899407982826,0.9850236773490906,-0.5511934161186218,2.760787820577093e-09,-0.25324374437332153,1.5745911598205566,-0.17831268906593323,7.16326942207246e-10,-0.25632238388061523,1.2121946811676025,0.07695750892162323,-0.11055344343185425,1.961412787437439,-1.8802410364151,0.37001538276672363,0.6780166625976562,0.6495769619941711,0.5018844604492188,-1.498712420463562,0.8824825286865234
4.034205436706543,0.7203707098960876,0.5693978071212769,0.08942738175392151,0.14262083172798157,-0.053646109998226166,0.984268307685852,-0.5406808853149414,2.3022099782110672e-09,-0.25805041193962097,1.5710453987121582,-0.17670387029647827,0.00010601236135698855,-0.24918630719184875,1.2148878574371338,0.08417172729969025,-0.09927840530872345,1.957951307296753,-1.8588366508483887,0.3400648534297943,0.6755183935165405,0.6386922597885132,0.5150298476219177,-1.4732046127319336,0.8653179407119751
4.03652811050415,0.7209513187408447,0.5807603597640991,0.08745953440666199,0.14709974825382233,-0.06603050231933594,0.9830322861671448,-0.528784990310669,8.259656425479989e-08,-0.26108384132385254,1.5661022663116455,-0.17105457186698914,6.89080698066391e-05,-0.24286949634552002,1.2162790298461914,0.09303809702396393,-0.08831252157688141,1.9411914348602295,-1.8216196298599243,0.3092596232891083,0.6786202788352966,0.6200210452079773,0.5347957611083984,-1.438448190689087,0.8487855195999146
4.040518283843994,0.7226306200027466,0.5944269895553589,0.08485107123851776,0.153634712100029,-0.0806996077299118,0.9811647534370422,-0.5184740424156189,2.226275341854489e-07,-0.2573421597480774,1.5627796649932861,-0.1688292771577835,4.479024210013449e-05,-0.23830574750900269,1.2214008569717407,0.10642583668231964,-0.07587586343288422,1.9124670028686523,-1.7780742645263672,0.2809276282787323,0.6874150037765503,0.5920525789260864,0.5619620084762573,-1.3967148065567017,0.8330707550048828
4.047004222869873,0.7256267666816711,0.6106513738632202,0.08116403967142105,0.1625223457813263,-0.09781574457883835,0.9784839749336243,-0.5046958327293396,2.9837633519491646e-07,-0.248978853225708,1.55764901638031,-0.16378530859947205,2.911365663749166e-05,-0.23559528589248657,1.2260634899139404,0.12403059005737305,-0.06029210239648819,1.8697917461395264,-1.7245006561279297,0.2544018626213074,0.6995075941085815,0.5514923930168152,0.5946405529975891,-1.3498257398605347,0.8147526979446411
4.055253505706787,0.7295109033584595,0.6288877725601196,0.07679940015077591,0.17209014296531677,-0.11576999723911285,0.9752354025840759,-0.49226292967796326,3.0892528002368635e-07,-0.23732797801494598,1.5516854524612427,-0.15657705068588257,1.8923876268672757e-05,-0.23615506291389465,1.2302794456481934,0.14289815723896027,-0.04279549792408943,1.8103739023208618,-1.6565752029418945,0.22799107432365417,0.7139714956283569,0.5002659559249878,0.6283782720565796,-1.3024340867996216,0.7938104867935181
4.064174652099609,0.7328633069992065,0.6484267115592957,0.07311179488897324,0.18108199536800385,-0.13256287574768066,0.9717464447021484,-0.48821479082107544,2.1242040304514376e-07,-0.22301065921783447,1.5474759340286255,-0.1548466980457306,1.2300519301788881e-05,-0.23782026767730713,1.2350828647613525,0.16158968210220337,-0.028331147506833076,1.7410125732421875,-1.5808830261230469,0.2064046561717987,0.7259424924850464,0.4414523243904114,0.6617993116378784,-1.2640103101730347,0.7736779451370239
4.074077129364014,0.7351230978965759,0.6674072742462158,0.06964363902807236,0.18803523480892181,-0.1452583521604538,0.9688614010810852,-0.4939725995063782,1.445356190288294e-07,-0.20637118816375732,1.5473556518554688,-0.15969836711883545,7.995694431883749e-06,-0.23341847956180573,1.2436530590057373,0.17822295427322388,-0.022110365331172943,1.6658791303634644,-1.5063422918319702,0.19447147846221924,0.7339692115783691,0.37892550230026245,0.6872961521148682,-1.2418776750564575,0.7569701671600342
4.084728717803955,0.7371163368225098,0.6880215406417847,0.06821293383836746,0.19689172506332397,-0.15395548939704895,0.9658562541007996,-0.485027551651001,9.432692138489074e-08,-0.19096113741397858,1.541762113571167,-0.15260668098926544,5.1974716370750684e-06,-0.2262609302997589,1.2462667226791382,0.19403541088104248,-0.032755158841609955,1.5749239921569824,-1.405784010887146,0.206743985414505,0.7150370478630066,0.3129529356956482,0.7091690897941589,-1.2363845109939575,0.7308875322341919
4.098298072814941,0.7384737730026245,0.7161998152732849,0.06480155140161514,0.20192568004131317,-0.15731553733348846,0.9645094871520996,-0.47228220105171204,6.197409163632983e-08,-0.16824448108673096,1.541121006011963,-0.15285921096801758,3.378590463398723e-06,-0.21343013644218445,1.251013159751892,0.21851420402526855,-0.0585799440741539,1.4767346382141113,-1.309004545211792,0.24248403310775757,0.6604410409927368,0.24729043245315552,0.7276983261108398,-1.26091730594635,0.7054222226142883
4.115070343017578,0.7391366958618164,0.7370532751083374,0.059095654636621475,0.19680646061897278,-0.1574927717447281,0.9659042358398438,-0.4726656377315521,9.051440486018691e-08,-0.14940962195396423,1.5435760021209717,-0.1677158772945404,2.196083642047597e-06,-0.21481533348560333,1.2585837841033936,0.25428441166877747,-0.08692918717861176,1.382412314414978,-1.2583448886871338,0.2921072840690613,0.6036213636398315,0.18909722566604614,0.7459799647331238,-1.3088557720184326,0.6974917054176331
4.1330156326293945,0.7395974397659302,0.7534695863723755,0.05318146571516991,0.18932890892028809,-0.1535424292087555,0.9683753848075867,-0.4759867191314697,1.2445821084838826e-07,-0.13188554346561432,1.552720546722412,-0.18579396605491638,1.5197911125142127e-06,-0.21427440643310547,1.2719906568527222,0.29345571994781494,-0.11691661924123764,1.2937355041503906,-1.216650128364563,0.3405700922012329,0.5432935953140259,0.14445795118808746,0.7736396789550781,-1.355083703994751,0.689912736415863
4.150696754455566,0.739730954170227,0.7667134404182434,0.04761922359466553,0.1797211915254593,-0.14587613940238953,0.9716752767562866,-0.48517465591430664,8.089824632406817e-08,-0.11977586150169373,1.5652345418930054,-0.2032976746559143,2.2360432012646925e-06,-0.20981834828853607,1.2883909940719604,0.3369956612586975,-0.1492956578731537,1.2063705921173096,-1.1822681427001953,0.389704167842865,0.48565393686294556,0.11074738204479218,0.8012748956680298,-1.3888894319534302,0.6747782826423645
4.167435169219971,0.7400833964347839,0.7814912796020508,0.03925372287631035,0.17525801062583923,-0.12801456451416016,0.9753748178482056,-0.4560012221336365,5.2583857268473366e-08,-0.12351193279027939,1.5716593265533447,-0.19869279861450195,1.5952648482198128e-06,-0.20186325907707214,1.2906980514526367,0.38720783591270447,-0.18847936391830444,1.1107072830200195,-1.1098371744155884,0.44172078371047974,0.40060269832611084,0.08002298325300217,0.8560035228729248,-1.4008954763412476,0.6356193423271179
4.186740875244141,0.7404404878616333,0.7882713675498962,0.032782066613435745,0.161642923951149,-0.10046993941068649,0.9811741709709167,-0.45795542001724243,3.417950722450769e-08,-0.14739841222763062,1.5850534439086914,-0.22996515035629272,1.1841107152577024e-06,-0.1877792626619339,1.3142335414886475,0.4378156065940857,-0.21390575170516968,1.0121254920959473,-1.0889432430267334,0.522118330001831,0.3386736512184143,0.060616180300712585,0.9140982627868652,-1.4091129302978516,0.6100125312805176
4.206123352050781,0.7412201166152954,0.7925092577934265,0.02693188562989235,0.14831317961215973,-0.06440118700265884,0.9864736795425415,-0.4532843232154846,2.2216678274844526e-08,-0.17470011115074158,1.5917572975158691,-0.26854637265205383,1.0425277423564694e-06,-0.17087692022323608,1.340522289276123,0.4821479320526123,-0.2304505854845047,0.9185868501663208,-1.080493450164795,0.6011146903038025,0.28682568669319153,0.046027153730392456,0.9743767976760864,-1.396956205368042,0.5837347507476807
4.225512981414795,0.7431122064590454,0.7953273057937622,0.02337893471121788,0.13555774092674255,-0.023516708984971046,0.9902144074440002,-0.4547061026096344,1.4440840523377574e-08,-0.19866272807121277,1.5916333198547363,-0.32075250148773193,9.811603831622051e-07,-0.14372000098228455,1.350000023841858,0.5265846252441406,-0.24093684554100037,0.825630784034729,-1.0764429569244385,0.6732191443443298,0.24796147644519806,0.04262341558933258,1.0346167087554932,-1.3650416135787964,0.5527598857879639
4.243488311767578,0.7459932565689087,0.8002657294273376,0.017875907942652702,0.12809225916862488,0.01776798442006111,0.9914419651031494,-0.43192192912101746,9.500928932482111e-09,-0.2134270966053009,1.5681674480438232,-0.33971017599105835,6.377886734298954e-07,-0.12690287828445435,1.350000023841858,0.5804972648620605,-0.2480948567390442,0.7320021390914917,-1.0373339653015137,0.7341494560241699,0.2092856466770172,0.04028463736176491,1.0920928716659546,-1.2788151502609253,0.49171948432922363
4.261573791503906,0.7529257535934448,0.8102247714996338,0.023745708167552948,0.11523813009262085,0.05452648177742958,0.99155592918396,-0.3665819466114044,6.175603584068767e-09,-0.22799605131149292,1.415966272354126,-0.31294921040534973,4.145626348872611e-07,-0.09635847806930542,1.2465513944625854,0.6522125005722046,-0.25289130210876465,0.5677568316459656,-0.9081712961196899,0.8119659423828125,0.2416369616985321,0.006913546472787857,1.117488980293274,-1.1327975988388062,0.41170385479927063
4.283838272094727,0.7581833600997925,0.8073266744613647,0.022432373836636543,0.10255791991949081,0.09121347218751907,0.9902821779251099,-0.3800926208496094,1.882658295926376e-08,-0.23100779950618744,1.375183343887329,-0.35411542654037476,2.7251476808487496e-07,-0.08215966820716858,1.2377748489379883,0.6988273859024048,-0.2251010686159134,0.5040878057479858,-0.929771900177002,0.8699714541435242,0.26709163188934326,-0.035302337259054184,1.1484904289245605,-1.0285648107528687,0.3793284595012665
4.303793907165527,0.7661045789718628,0.8185843229293823,0.02943115122616291,0.09203637391328812,0.12253263592720032,0.9877493977546692,-0.3316284120082855,1.223727874588576e-08,-0.25083357095718384,1.2671902179718018,-0.3486417531967163,1.771345949919123e-07,-0.05490133911371231,1.1673426628112793,0.729127049446106,-0.2025790810585022,0.3793487846851349,-0.8244414925575256,0.9246171712875366,0.3426573872566223,-0.11440746486186981,1.144993782043457,-0.8758474588394165,0.295632004737854
4.324123382568359,0.7738907337188721,0.828071117401123,0.03590429946780205,0.07944271713495255,0.15086425840854645,0.9847028851509094,-0.2935864329338074,7.954231051598981e-09,-0.27209609746932983,1.1657978296279907,-0.35054081678390503,1.1513748177094385e-07,-0.030983872711658478,1.096958875656128,0.7488218545913696,-0.16267524659633636,0.27892106771469116,-0.7475023865699768,0.965673565864563,0.4038239121437073,-0.16599449515342712,1.136834740638733,-0.76096111536026,0.2383221983909607
4.345120429992676,0.7808620929718018,0.8324116468429565,0.041923828423023224,0.06756699830293655,0.17486925423145294,0.9813754558563232,-0.2723049521446228,5.170250005903654e-09,-0.2815450429916382,1.0899866819381714,-0.3541925549507141,7.48393631511135e-08,-0.01367536373436451,1.0355838537216187,0.7616235017776489,-0.11093941330909729,0.20765337347984314,-0.7013322114944458,0.9914907813072205,0.45492398738861084,-0.19952607154846191,1.134110689163208,-0.6879139542579651,0.1930345743894577
4.367722988128662,0.7874044179916382,0.8343201279640198,0.051383987069129944,0.053485024720430374,0.19293515384197235,0.9784043431282043,-0.2601085901260376,3.360662415019533e-09,-0.29725390672683716,1.014238953590393,-0.36161404848098755,4.864558533768104e-08,0.013207480311393738,0.9698373079299927,0.766764760017395,-0.046074606478214264,0.13348107039928436,-0.6549835801124573,1.0109889507293701,0.5161537528038025,-0.22132159769535065,1.1309841871261597,-0.6575408577919006,0.16273120045661926
4.391949653625488,0.7915310859680176,0.8279950022697449,0.058795586228370667,0.048399947583675385,0.2051040530204773,0.9757729172706604,-0.26170438528060913,5.981543654343113e-05,-0.3071919083595276,0.9700450897216797,-0.36923152208328247,3.161962780495742e-08,0.030556730926036835,0.9336903095245361,0.7528712153434753,0.01382504217326641,0.09678112715482712,-0.64390629529953,1.023662805557251,0.5576795339584351,-0.231702983379364,1.1379683017730713,-0.6457884907722473,0.14923876523971558
4.419066905975342,0.7951252460479736,0.8191887140274048,0.06815623492002487,0.03859115019440651,0.2164335548877716,0.9731505513191223,-0.2629425525665283,3.8880032661836594e-05,-0.31655704975128174,0.9248712658882141,-0.3712232708930969,2.0552757717950954e-08,0.03833712637424469,0.8849568367004395,0.7171043157577515,0.08506689965724945,0.0332748182117939,-0.6094897985458374,1.0319007635116577,0.6244679093360901,-0.24216675758361816,1.138251781463623,-0.673682451248169,0.1512783020734787
4.448163032531738,0.7971304655075073,0.7998863458633423,0.07567983120679855,0.03858328238129616,0.2245737761259079,0.9707474112510681,-0.26774412393569946,5.427694850368425e-05,-0.32236576080322266,0.9017109870910645,-0.37130460143089294,1.3359292339032436e-08,0.04405216872692108,0.8616576194763184,0.6641009449958801,0.1422957181930542,-0.00994591973721981,-0.6055288910865784,1.0345230102539062,0.6617431640625,-0.2397536337375641,1.1508171558380127,-0.7107385993003845,0.17334413528442383
4.474999904632568,0.7983337640762329,0.7842572927474976,0.08122164011001587,0.05354826897382736,0.24376089870929718,0.9649436473846436,-0.2424027919769287,3.52800234395545e-05,-0.3436633348464966,0.9260264039039612,-0.28301966190338135,8.683540109188925e-09,0.0014747139066457748,0.9200943112373352,0.5880682468414307,0.07781879603862762,0.10351443290710449,-0.779350996017456,1.0389599800109863,0.68524169921875,-0.1941782832145691,1.1369918584823608,-0.8999853134155273,0.2966446876525879
4.500577449798584,0.7986406683921814,0.7646332383155823,0.07858893275260925,0.06558086723089218,0.26138436794281006,0.9597922563552856,-0.21654558181762695,2.293201396241784e-05,-0.3626589775085449,0.9543652534484863,-0.2158471643924713,5.6443010265638804e-09,-0.03687234967947006,0.9747146964073181,0.520530641078949,0.05322533845901489,0.21813248097896576,-0.9469623565673828,1.0418438911437988,0.6799018979072571,-0.16683140397071838,1.1343903541564941,-1.0456904172897339,0.3981057405471802
4.5242919921875,0.7989466190338135,0.7494913339614868,0.07121160626411438,0.07503769546747208,0.2773028314113617,0.9551970362663269,-0.19649088382720947,1.4905808711773716e-05,-0.3760950565338135,0.9853450059890747,-0.16981372237205505,3.6687954896308383e-09,-0.06923249363899231,1.0252914428710938,0.4658810496330261,0.05604170262813568,0.31962841749191284,-1.0889337062835693,1.0409932136535645,0.653842568397522,-0.15057694911956787,1.1373662948608398,-1.1574649810791016,0.4775537848472595
4.544524192810059,0.7988336086273193,0.7455064654350281,0.05884974077343941,0.08833005279302597,0.2950984239578247,0.9495533108711243,-0.17228388786315918,1.3857628800906241e-05,-0.3825860321521759,1.0221872329711914,-0.1356159895658493,2.3847170904645054e-09,-0.09567269682884216,1.075326919555664,0.4221852123737335,0.07004709541797638,0.4140860438346863,-1.1788228750228882,1.0381397008895874,0.5903009176254272,-0.12909218668937683,1.150519609451294,-1.2307294607162476,0.527987003326416
4.5615363121032715,0.7986557483673096,0.7432262897491455,0.04751536622643471,0.10122060030698776,0.30958858132362366,0.9442731142044067,-0.15336427092552185,1.647202589083463e-05,-0.383434921503067,1.0601575374603271,-0.11148585379123688,1.5500660754952378e-09,-0.11507507413625717,1.124281406402588,0.3975299000740051,0.08598165214061737,0.49041271209716797,-1.2427031993865967,1.0335010290145874,0.5146923661231995,-0.10149016231298447,1.1698651313781738,-1.2881362438201904,0.5612125396728516
4.576633453369141,0.7994356155395508,0.7383245229721069,0.041476525366306305,0.10716540366411209,0.31798192858695984,0.9411071538925171,-0.14986753463745117,0.00022990541765466332,-0.3802226185798645,1.0971192121505737,-0.09754389524459839,1.0075429379696743e-09,-0.12692268192768097,1.170721173286438,0.3898361921310425,0.10475766658782959,0.5420657992362976,-1.3145463466644287,1.0276788473129272,0.46118155121803284,-0.07914574444293976,1.1839063167572021,-1.352339267730713,0.5956681966781616
4.5897369384765625,0.7994604706764221,0.735533595085144,0.03320854529738426,0.11869420111179352,0.32870176434516907,0.936356782913208,-0.13938170671463013,0.000162793425261043,-0.36922764778137207,1.137546181678772,-0.07776373624801636,2.9670087542399415e-07,-0.1326148808002472,1.2185651063919067,0.3866924047470093,0.11898627132177353,0.5927214026451111,-1.350804090499878,1.0224565267562866,0.40150880813598633,-0.053738970309495926,1.2041826248168945,-1.398439645767212,0.6133812665939331
4.601357936859131,0.8003886342048645,0.7307771444320679,0.028937779366970062,0.1251944750547409,0.3338526487350464,0.933826208114624,-0.14431652426719666,0.00030725629767403007,-0.3586837947368622,1.1725891828536987,-0.06879489123821259,1.9096656615147367e-05,-0.1355169266462326,1.2588443756103516,0.3926086127758026,0.13427719473838806,0.6263824105262756,-1.3971834182739258,1.0182050466537476,0.36161258816719055,-0.03379780054092407,1.2182962894439697,-1.457275629043579,0.6338494420051575
4.61208438873291,0.8017429113388062,0.7273184061050415,0.025272833183407784,0.13031712174415588,0.33648309111595154,0.9322863817214966,-0.15701262652873993,0.00035396090243011713,-0.34876182675361633,1.2067102193832397,-0.0668792873620987,1.9794275431195274e-05,-0.13683292269706726,1.2941110134124756,0.4028717279434204,0.14950518310070038,0.6487636566162109,-1.4291119575500488,1.013681411743164,0.3329644799232483,-0.017824014648795128,1.225907564163208,-1.5074503421783447,0.6462352871894836
4.6211957931518555,0.802412748336792,0.7271459102630615,0.016252612695097923,0.1443091779947281,0.3398565351963043,0.9291976690292358,-0.15978892147541046,0.0002362099476158619,-0.3378899097442627,1.237892508506775,-0.058447498828172684,1.3965323887532577e-05,-0.13650040328502655,1.3211660385131836,0.4084119498729706,0.15741664171218872,0.685988187789917,-1.4265992641448975,1.0053472518920898,0.2945936918258667,-0.0021082106977701187,1.243799090385437,-1.533393144607544,0.6406514644622803
4.631311893463135,0.806302547454834,0.7227376699447632,0.014899748377501965,0.14388447999954224,0.33551403880119324,0.9308628439903259,-0.22878465056419373,0.00015369286120403558,-0.32581454515457153,1.3312819004058838,-0.0954115241765976,9.085897545446642e-06,-0.1333416998386383,1.350000023841858,0.4360537528991699,0.17303717136383057,0.6896712779998779,-1.45021390914917,1.0053259134292603,0.28502973914146423,0.008565308526158333,1.2390458583831787,-1.5939035415649414,0.646012544631958
4.639690399169922,0.8100244998931885,0.7172578573226929,0.01210520975291729,0.14686165750026703,0.33158811926841736,0.9318446516990662,-0.2816165089607239,0.00010009623656515032,-0.3095278739929199,1.4093784093856812,-0.11355428397655487,5.971136943117017e-06,-0.121810182929039,1.350000023841858,0.4595317840576172,0.1819692999124527,0.7019504904747009,-1.4660226106643677,1.0047929286956787,0.27974268794059753,0.015600915998220444,1.2416958808898926,-1.6466007232666016,0.6495826244354248
4.646526336669922,0.8132853507995605,0.7108217477798462,0.009137329645454884,0.15130531787872314,0.3280412554740906,0.9324226975440979,-0.3236658573150635,6.506808858830482e-05,-0.2923060357570648,1.4689457416534424,-0.12530745565891266,3.887746061081998e-06,-0.10081245005130768,1.350000023841858,0.4807944595813751,0.18643970787525177,0.7195260524749756,-1.4788215160369873,1.00422203540802,0.2769283950328827,0.0209946446120739,1.2490177154541016,-1.6959202289581299,0.6512919068336487
4.652663230895996,0.8161781430244446,0.7043209671974182,0.006304997485131025,0.15677551925182343,0.32437217235565186,0.932826042175293,-0.35172224044799805,4.229425758239813e-05,-0.27726566791534424,1.5064518451690674,-0.12814775109291077,2.5270348942285636e-06,-0.08370698988437653,1.350000023841858,0.5006006360054016,0.18846431374549866,0.7376023530960083,-1.484876036643982,1.0027892589569092,0.2737393081188202,0.02528371661901474,1.2590683698654175,-1.7410457134246826,0.6490325331687927
4.658627510070801,0.8186686038970947,0.6984028816223145,0.004330269061028957,0.1632937490940094,0.3204991817474365,0.9330577254295349,-0.3664761185646057,2.7491267246659845e-05,-0.26750415563583374,1.5321513414382935,-0.12619227170944214,1.6425726698798826e-06,-0.07276511192321777,1.350000023841858,0.5190882682800293,0.18774572014808655,0.7560771703720093,-1.485348105430603,1.0011169910430908,0.26899921894073486,0.02833542786538601,1.2714953422546387,-1.7805345058441162,0.6425480842590332
4.664601802825928,0.8206533193588257,0.6942684650421143,0.0037038077134639025,0.1700168401002884,0.31714069843292236,0.9330071806907654,-0.37483710050582886,1.7869322618935257e-05,-0.2684134840965271,1.5459654331207275,-0.12363708019256592,1.0676722013158724e-06,-0.07556691765785217,1.350000023841858,0.5375179648399353,0.18421708047389984,0.7731293439865112,-1.4808858633041382,0.999584436416626,0.264509916305542,0.031260985881090164,1.2816851139068604,-1.811903715133667,0.6312069296836853
4.6707587242126465,0.8219658136367798,0.6931173801422119,0.004266075789928436,0.1772288978099823,0.31322047114372253,0.9329869747161865,-0.3694102168083191,1.1615059520408977e-05,-0.27291855216026306,1.5509581565856934,-0.11763821542263031,6.939869194866333e-07,-0.08010189980268478,1.350000023841858,0.5572180151939392,0.17880237102508545,0.7856107950210571,-1.4669859409332275,0.9964262247085571,0.25938257575035095,0.03360920026898384,1.2890651226043701,-1.8296091556549072,0.6145687103271484
4.677928924560547,0.8230383396148682,0.693703293800354,0.00671724509447813,0.18399687111377716,0.3079007565975189,0.9334329962730408,-0.36088383197784424,7.549788278993219e-06,-0.27726447582244873,1.5538196563720703,-0.11634454131126404,4.510914948241407e-07,-0.08117622137069702,1.350000023841858,0.5803967118263245,0.17199967801570892,0.791899561882019,-1.4501534700393677,0.9946796894073486,0.2571319043636322,0.03649122267961502,1.2920879125595093,-1.8401182889938354,0.5961580276489258
4.693451881408691,0.8234439492225647,0.6828666925430298,0.03033125028014183,0.19813376665115356,0.2873411178588867,0.9366205334663391,-0.28564292192459106,4.9073623813455924e-06,-0.3358539938926697,1.4931058883666992,-0.17624187469482422,0.011962044052779675,-0.03697437047958374,1.3414525985717773,0.6489088535308838,0.22200849652290344,0.6729426383972168,-1.37515389919281,0.9177555441856384,0.26507264375686646,0.10800791531801224,1.4370079040527344,-1.8021488189697266,0.6098090410232544
4.705807209014893,0.8246282339096069,0.6803270578384399,0.04990086704492569,0.20994235575199127,0.271381139755249,0.9379692673683167,-0.23933398723602295,3.1897855023999e-06,-0.3753754794597626,1.4424785375595093,-0.21888506412506104,0.008047397248446941,0.014371095225214958,1.3266706466674805,0.6890560388565063,0.2226731777191162,0.5844095349311829,-1.3167054653167725,0.8693233728408813,0.2535453140735626,0.1685575246810913,1.5102386474609375,-1.762925624847412,0.5947870016098022
4.714437007904053,0.8271832466125488,0.6867313981056213,0.06583324074745178,0.21911202371120453,0.2575798034667969,0.9387803673744202,-0.21383996307849884,2.073639961963636e-06,-0.40668785572052,1.4040510654449463,-0.2502223253250122,0.005231829360127449,0.05780995637178421,1.3043971061706543,0.7075629830360413,0.1890651434659958,0.513892650604248,-1.2836276292800903,0.8415291905403137,0.23145519196987152,0.2135302722454071,1.5363004207611084,-1.7207282781600952,0.565091609954834
4.719510078430176,0.8317322731018066,0.6992892622947693,0.07687831670045853,0.2255517691373825,0.24347814917564392,0.940177857875824,-0.1966819018125534,0.00010738015407696366,-0.4285244345664978,1.37433660030365,-0.27274879813194275,0.0034006889909505844,0.08931507170200348,1.280343770980835,0.7008136510848999,0.1283477246761322,0.4660375118255615,-1.2746217250823975,0.8284165859222412,0.2042594701051712,0.23952436447143555,1.5313239097595215,-1.6736080646514893,0.5294384360313416
4.7224345207214355,0.8387628793716431,0.7140021324157715,0.08375284820795059,0.22806428372859955,0.22661538422107697,0.9431954026222229,-0.18074417114257812,0.0001446713285986334,-0.4462474584579468,1.3468575477600098,-0.2841099500656128,0.002210447797551751,0.10510177910327911,1.257143497467041,0.6699488759040833,0.05378967523574829,0.4464033544063568,-1.2976549863815308,0.8293334245681763,0.1786649227142334,0.24733665585517883,1.5073537826538086,-1.6264171600341797,0.49598759412765503
4.724390983581543,0.846835732460022,0.730970025062561,0.08886229246854782,0.23122148215770721,0.20796528458595276,0.9462507963180542,-0.14538905024528503,0.00010103866952704266,-0.46310725808143616,1.3081917762756348,-0.26236310601234436,0.0014367910334840417,0.11089424788951874,1.2256872653961182,0.5953670740127563,-0.029921486973762512,0.4712664484977722,-1.3529560565948486,0.8060614466667175,0.15652060508728027,0.2490912675857544,1.4747527837753296,-1.562441110610962,0.4670124053955078
4.727695465087891,0.8551777601242065,0.7463602423667908,0.09109924733638763,0.23017483949661255,0.1896226555109024,0.9501387476921082,-0.1081978902220726,8.052125485846773e-05,-0.4798879623413086,1.2619198560714722,-0.2376490831375122,0.0009339141543023288,0.11383867263793945,1.1889091730117798,0.5094528198242188,-0.09452100843191147,0.5408698320388794,-1.4319391250610352,0.7589525580406189,0.14233922958374023,0.24172024428844452,1.4356050491333008,-1.5003156661987305,0.4460721015930176
4.733747959136963,0.8640602827072144,0.7602460384368896,0.09000349044799805,0.22566717863082886,0.17238549888134003,0.9545977711677551,-0.07337627559900284,7.337360875681043e-05,-0.4935336410999298,1.2139978408813477,-0.21102851629257202,0.0006070442032068968,0.11005045473575592,1.1514880657196045,0.42745327949523926,-0.13280987739562988,0.6521477699279785,-1.5111970901489258,0.6904422640800476,0.13826590776443481,0.22352102398872375,1.3896187543869019,-1.4420585632324219,0.43422436714172363
4.742773056030273,0.8742544054985046,0.7724687457084656,0.08643502742052078,0.21923302114009857,0.15437611937522888,0.9594966769218445,-0.0452265739440918,7.136882049962878e-05,-0.5027538537979126,1.1711007356643677,-0.1845923662185669,0.0003945787320844829,0.09923015534877777,1.1165273189544678,0.35577720403671265,-0.1423814445734024,0.7781766653060913,-1.555959939956665,0.6124439835548401,0.14480197429656982,0.1976679116487503,1.3408702611923218,-1.3849941492080688,0.4299059510231018
4.754064083099365,0.8868751525878906,0.784710168838501,0.08232802897691727,0.2135138362646103,0.13121144473552704,0.9645814895629883,-0.028413278982043266,4.842240741709247e-05,-0.5005156993865967,1.1394935846328735,-0.15549063682556152,0.00025647616712376475,0.07967367768287659,1.088202953338623,0.2943142354488373,-0.12485584616661072,0.9012516140937805,-1.549181580543518,0.5351710319519043,0.16491729021072388,0.16385608911514282,1.2889515161514282,-1.3134329319000244,0.4312676787376404
4.76683235168457,0.9033598899841309,0.7968331575393677,0.07996811717748642,0.20698119699954987,0.10045642405748367,0.9698826670646667,-0.010468835942447186,3.1474563002120703e-05,-0.4934002161026001,1.0871267318725586,-0.11450257897377014,0.00016670950572006404,0.04481092840433121,1.0291997194290161,0.25338974595069885,-0.08699490875005722,0.979285478591919,-1.4660589694976807,0.4942156672477722,0.20019720494747162,0.12733790278434753,1.2313144207000732,-1.2288908958435059,0.43677353858947754
4.783514499664307,0.9239024519920349,0.8060182929039001,0.07870804518461227,0.19506698846817017,0.05452367290854454,0.9761050343513489,-0.023601539433002472,2.045848850684706e-05,-0.4774028956890106,1.0556200742721558,-0.08988498896360397,0.00010836117144208401,-0.0029395148158073425,0.9838006496429443,0.23632800579071045,-0.0469333678483963,1.0217115879058838,-1.3754026889801025,0.48097002506256104,0.252507746219635,0.08452191948890686,1.1625072956085205,-1.1561694145202637,0.4584388732910156
4.804145812988281,0.9461280107498169,0.8108822107315063,0.07824017107486725,0.18140287697315216,-0.00467689847573638,0.9802803993225098,-0.07404371351003647,1.329923361481633e-05,-0.44802191853523254,1.0523874759674072,-0.07473181188106537,7.043476216495037e-05,-0.06230994313955307,0.9565780162811279,0.252166211605072,-0.012867838144302368,1.0467379093170166,-1.2751858234405518,0.4811623692512512,0.3151952624320984,0.041551828384399414,1.0957114696502686,-1.103829264640808,0.4916478991508484
4.827937602996826,0.9685772061347961,0.8125312924385071,0.07896678149700165,0.1680666208267212,-0.0737181156873703,0.9798385500907898,-0.15871283411979675,8.663821972731967e-06,-0.4044712781906128,1.100832223892212,-0.07426536083221436,4.578259540721774e-05,-0.1304396092891693,0.9640406966209412,0.30283135175704956,0.0010642604902386665,1.051055669784546,-1.1749026775360107,0.4929943084716797,0.38499292731285095,0.0011351853609085083,1.0380291938781738,-1.0637916326522827,0.5251347422599792
4.854729652404785,0.9892435073852539,0.8086069226264954,0.07936631888151169,0.1542544662952423,-0.14507947862148285,0.9740936756134033,-0.30040550231933594,5.6852068155421875e-06,-0.3506426215171814,1.2405552864074707,-0.1173253208398819,3.0297998819150962e-05,-0.185854971408844,1.064510703086853,0.37487947940826416,-0.0019889906980097294,1.0510249137878418,-1.1033192873001099,0.5205827951431274,0.46052423119544983,-0.035201214253902435,0.9910179376602173,-1.0573773384094238,0.5749680995941162
4.88066291809082,1.0065191984176636,0.8030273914337158,0.08098901063203812,0.13684742152690887,-0.2134655863046646,0.9639222621917725,-0.44303274154663086,4.266370524419472e-06,-0.30140310525894165,1.3442158699035645,-0.16712549328804016,4.816106229554862e-05,-0.22971735894680023,1.1435673236846924,0.44894182682037354,-0.011251341551542282,1.0428197383880615,-1.0579884052276611,0.5519640445709229,0.536984920501709,-0.052709728479385376,0.9491009712219238,-1.0717676877975464,0.6281112432479858
4.903001308441162,1.0198655128479004,0.7995122075080872,0.08402463048696518,0.12381850183010101,-0.27759742736816406,0.9489723443984985,-0.5495361089706421,2.7835021683131345e-06,-0.27122461795806885,1.419959545135498,-0.20519240200519562,6.794207001803443e-05,-0.26686161756515503,1.2012044191360474,0.5170245170593262,-0.026567861437797546,1.029768466949463,-1.0164949893951416,0.5713942646980286,0.6034759283065796,-0.06458766758441925,0.9129981994628906,-1.082310676574707,0.6690362691879272
4.922038555145264,1.0292057991027832,0.7962525486946106,0.08796962350606918,0.11350447684526443,-0.33769214153289795,0.9302376508712769,-0.6441633701324463,1.8155207044401322e-06,-0.25030624866485596,1.4785618782043457,-0.24190613627433777,0.00027424105792306364,-0.29688164591789246,1.2511216402053833,0.5803548693656921,-0.048758696764707565,1.0117111206054688,-0.984031617641449,0.5890305042266846,0.6649667024612427,-0.0689963549375534,0.883570671081543,-1.091479778289795,0.704425573348999
4.938961982727051,1.0363106727600098,0.7936154007911682,0.09430918842554092,0.10564319789409637,-0.3958738148212433,0.9073197841644287,-0.7063214778900146,1.180088361252274e-06,-0.24385730922222137,1.5188236236572266,-0.2631237804889679,0.0006515029817819595,-0.31595176458358765,1.2832083702087402,0.6357349157333374,-0.0793992206454277,0.9879979491233826,-0.9566983580589294,0.6027602553367615,0.7071176171302795,-0.06187804043292999,0.8670570850372314,-1.0913997888565063,0.7303551435470581
4.95667028427124,1.0428965091705322,0.7912659645080566,0.10000547766685486,0.09832005202770233,-0.4543660879135132,0.8797064423561096,-0.7450098395347595,7.670574291296361e-07,-0.23987974226474762,1.5477944612503052,-0.2811349928379059,0.0030338019132614136,-0.3220624327659607,1.3050881624221802,0.6880723237991333,-0.10830762982368469,0.9546488523483276,-0.9420071840286255,0.6220859289169312,0.7345157265663147,-0.046756062656641006,0.8591683506965637,-1.0825546979904175,0.7452211380004883
4.976367950439453,1.049373745918274,0.7893904447555542,0.1034952700138092,0.09060882031917572,-0.5127431750297546,0.8474510312080383,-0.7745144367218018,7.256393246279913e-07,-0.23008662462234497,1.5660490989685059,-0.30398696660995483,0.009016665630042553,-0.31737610697746277,1.3237173557281494,0.7221362590789795,-0.12076880037784576,0.9159902334213257,-0.9370355606079102,0.6493372917175293,0.7523244619369507,-0.027589797973632812,0.8564133644104004,-1.064084529876709,0.7469385266304016
4.998202323913574,1.054270625114441,0.7864100337028503,0.10490836948156357,0.08273866027593613,-0.5660015344619751,0.813505232334137,-0.7942889928817749,6.997928494456573e-07,-0.21326550841331482,1.5746862888336182,-0.32708513736724854,0.014805031940340996,-0.3060970604419708,1.338059902191162,0.744277834892273,-0.1265268623828888,0.8788158297538757,-0.9382290840148926,0.6849942207336426,0.7639001607894897,-0.007537546567618847,0.8632736206054688,-1.0413382053375244,0.7401405572891235
5.02121639251709,1.0563766956329346,0.7824282050132751,0.10282587260007858,0.07376183569431305,-0.6135083436965942,0.7794828414916992,-0.8120598793029785,4.688806143349211e-07,-0.1899656355381012,1.5822474956512451,-0.3548438549041748,0.019361894577741623,-0.288856565952301,1.350000023841858,0.7586698532104492,-0.13496315479278564,0.8473590016365051,-0.9423409104347229,0.7241958379745483,0.771424412727356,0.013520617038011551,0.8702415227890015,-1.0235941410064697,0.7326409816741943
5.043666362762451,1.0557911396026611,0.7837231159210205,0.09922017902135849,0.06506247073411942,-0.6510521173477173,0.7497022151947021,-0.8181749582290649,4.250038045938709e-07,-0.16555249691009521,1.5909032821655273,-0.38515597581863403,0.02370208501815796,-0.26737022399902344,1.350000023841858,0.7680246829986572,-0.14486002922058105,0.8177589178085327,-0.942192554473877,0.7571852207183838,0.7763151526451111,0.027400057762861252,0.8758676648139954,-1.008692979812622,0.7219933271408081
5.064316272735596,1.053239345550537,0.7894763350486755,0.09298130869865417,0.05655548721551895,-0.6784111857414246,0.7265770435333252,-0.8174839019775391,2.7625245024864853e-07,-0.1436619907617569,1.6144051551818848,-0.43664366006851196,0.017252212390303612,-0.237910196185112,1.350000023841858,0.7741023302078247,-0.14883814752101898,0.7877662181854248,-0.9384018182754517,0.786614716053009,0.7763877511024475,0.027354739606380463,0.8800722360610962,-1.0005691051483154,0.7120563983917236
5.0830559730529785,1.0491867065429688,0.7952255010604858,0.08467167615890503,0.048851992934942245,-0.6988539695739746,0.7085529565811157,-0.8086490631103516,1.7959104070541798e-07,-0.11751654744148254,1.632235050201416,-0.4767007827758789,0.01121471356600523,-0.20778268575668335,1.350000023841858,0.7780557870864868,-0.14791910350322723,0.7587018013000488,-0.9302026033401489,0.8127525448799133,0.7740039229393005,0.013017920777201653,0.8806154727935791,-0.9954080581665039,0.6998697519302368
5.099238395690918,1.044165849685669,0.8008409738540649,0.07549744844436646,0.04147990792989731,-0.7152930498123169,0.6934950947761536,-0.7936902642250061,2.0255228605492448e-07,-0.09466814994812012,1.6418266296386719,-0.50596684217453,0.00728971790522337,-0.1843940019607544,1.350000023841858,0.7806255221366882,-0.144026517868042,0.7310523986816406,-0.9173298478126526,0.8343136310577393,0.7711344957351685,-0.007708670571446419,0.8767459392547607,-0.9910067319869995,0.6846930384635925
5.112430572509766,1.0385841131210327,0.8057902455329895,0.0665002390742302,0.03519820794463158,-0.7282990217208862,0.6811162829399109,-0.7729661464691162,1.3165951884275273e-07,-0.07791108638048172,1.649367332458496,-0.5297747254371643,0.004738316405564547,-0.16863539814949036,1.350000023841858,0.7822958827018738,-0.13889677822589874,0.7073903679847717,-0.9033157825469971,0.8541247844696045,0.7683975696563721,-0.028577771037817,0.8695942759513855,-0.9893157482147217,0.6702949404716492
5.122500419616699,1.0331658124923706,0.8100334405899048,0.05835326015949249,0.028993379324674606,-0.7382110357284546,0.6714155077934265,-0.7545886039733887,8.55786836950756e-08,-0.06758172810077667,1.652074933052063,-0.5491096377372742,0.003079905640333891,-0.15748609602451324,1.350000023841858,0.7833815813064575,-0.13460427522659302,0.6855107545852661,-0.8890430927276611,0.8719943761825562,0.7651817798614502,-0.04324939846992493,0.863121509552002,-0.989250898361206,0.656162679195404
5.1301798820495605,1.028272032737732,0.814010500907898,0.050594817847013474,0.02302992343902588,-0.7449556589126587,0.6647937893867493,-0.7369412183761597,5.562614191489956e-08,-0.06392254680395126,1.651742935180664,-0.5644683241844177,0.0020019386429339647,-0.1489870846271515,1.350000023841858,0.7840873003005981,-0.13110239803791046,0.6641864776611328,-0.8732069730758667,0.8842818737030029,0.763529896736145,-0.04947199672460556,0.8550227880477905,-0.9890716075897217,0.6401987671852112
5.134415149688721,1.0272221565246582,0.8039373159408569,0.046418726444244385,0.0206046961247921,-0.7460468411445618,0.6639540195465088,-0.6486049890518188,3.615699029069219e-08,-0.10243663936853409,1.6687712669372559,-0.4762268662452698,0.0013012600829824805,-0.15270671248435974,1.350000023841858,0.7845460176467896,-0.12716403603553772,0.6859923601150513,-0.9536187648773193,0.9237655401229858,0.7619666457176208,-0.07322538644075394,0.8564623594284058,-1.0565518140792847,0.6958560347557068
5.136931419372559,1.0260028839111328,0.7950437068939209,0.040558792650699615,0.018211612477898598,-0.7445987462997437,0.6660301089286804,-0.5611103773117065,2.350204297840719e-08,-0.1396619975566864,1.680046796798706,-0.39585161209106445,0.0008458190131932497,-0.1533077359199524,1.350000023841858,0.784844160079956,-0.11698450893163681,0.705190896987915,-1.0198400020599365,0.9443539381027222,0.7579338550567627,-0.08838596940040588,0.8514641523361206,-1.1048965454101562,0.7374497652053833
5.138428688049316,1.026017665863037,0.7923688888549805,0.03929956257343292,0.020386988297104836,-0.7397850155830383,0.6713851690292358,-0.4552537798881531,1.527632775832899e-08,-0.1723749339580536,1.6794254779815674,-0.313041627407074,0.0005497823585756123,-0.14829275012016296,1.350000023841858,0.7850379943847656,-0.1171800047159195,0.7148736715316772,-1.0380573272705078,0.9450905919075012,0.7432591915130615,-0.10398191958665848,0.8462815284729004,-1.115958333015442,0.7505670785903931
5.138732433319092,1.0253431797027588,0.7914525270462036,0.039389900863170624,0.022853288799524307,-0.7340928316116333,0.6775203943252563,-0.33426421880722046,9.929612687642475e-09,-0.1989513337612152,1.6731640100479126,-0.23375056684017181,0.0003573585127014667,-0.13960061967372894,1.350000023841858,0.785163938999176,-0.11637412756681442,0.7186397314071655,-1.045300841331482,0.9452254772186279,0.7255942821502686,-0.11442149430513382,0.8422259092330933,-1.1187843084335327,0.75888991355896
5.137761116027832,1.0213947296142578,0.7865231037139893,0.03775450587272644,0.021531280130147934,-0.7303686738014221,0.6816690564155579,-0.20369209349155426,6.454247802878399e-09,-0.21975937485694885,1.6721957921981812,-0.14797146618366241,0.00023228302597999573,-0.13718727231025696,1.350000023841858,0.7852458357810974,-0.10379669815301895,0.7240365743637085,-1.0809295177459717,0.9541280269622803,0.7196063995361328,-0.11460056900978088,0.8367353677749634,-1.1397533416748047,0.7845495939254761
5.1360907554626465,1.0173983573913574,0.7805917263031006,0.03609834238886833,0.01973617449402809,-0.7272599339485168,0.6851279735565186,-0.06619664281606674,4.195261027462038e-09,-0.24075886607170105,1.6616665124893188,-0.05022995173931122,0.00015098396397661418,-0.1469087302684784,1.350000023841858,0.781461775302887,-0.08898547291755676,0.7304409742355347,-1.1207270622253418,0.9580216407775879,0.7184491157531738,-0.11019387096166611,0.8281502723693848,-1.158581018447876,0.8080329895019531
5.134209156036377,1.0136793851852417,0.7746484279632568,0.03581909090280533,0.019426049664616585,-0.7243553400039673,0.6882215738296509,0.05537910386919975,2.726919579032483e-09,-0.2567571997642517,1.6328661441802979,0.03818651661276817,9.813957149162889e-05,-0.16349059343338013,1.350000023841858,0.7750344276428223,-0.07692725956439972,0.7387844324111938,-1.1568505764007568,0.9602158665657043,0.7177907824516296,-0.1048966646194458,0.8205536603927612,-1.1745374202728271,0.8291671872138977
5.1324663162231445,1.0095741748809814,0.7692287564277649,0.03675484657287598,0.02018769644200802,-0.7211264967918396,0.6915331482887268,0.16230863332748413,1.7724977041666534e-09,-0.27165132761001587,1.5917999744415283,0.12508301436901093,6.379072146955878e-05,-0.18282091617584229,1.350000023841858,0.7673686742782593,-0.06896601617336273,0.7476197481155396,-1.1869028806686401,0.9615928530693054,0.7172831296920776,-0.09803084284067154,0.8129558563232422,-1.188568353652954,0.8476009368896484
5.130970001220703,1.005246877670288,0.766010582447052,0.03541575372219086,0.01852424442768097,-0.7171570658683777,0.6957645416259766,0.23893378674983978,1.1521235077083247e-09,-0.2760474383831024,1.5315443277359009,0.20139476656913757,4.1463968955213204e-05,-0.1925334632396698,1.350000023841858,0.75958251953125,-0.059249378740787506,0.7571204900741577,-1.2271292209625244,0.9636062383651733,0.7210802435874939,-0.08662457764148712,0.802971363067627,-1.211085319519043,0.8711915016174316
5.129866600036621,1.0013983249664307,0.7635581493377686,0.034766193479299545,0.017879318445920944,-0.7135575413703918,0.699505090713501,0.30384641885757446,7.488802356014901e-10,-0.2831924259662628,1.4784986972808838,0.266994446516037,2.6951578547596e-05,-0.20218104124069214,1.350000023841858,0.7509623169898987,-0.05385790020227432,0.7674789428710938,-1.2601019144058228,0.9652180671691895,0.722909688949585,-0.07693161070346832,0.7944701910018921,-1.2312335968017578,0.8914171457290649
5.128978729248047,0.9977065324783325,0.761116087436676,0.035698357969522476,0.019148990511894226,-0.7110043168067932,0.7020197510719299,0.3671194016933441,4.867721226098354e-10,-0.28532883524894714,1.4264709949493408,0.328502357006073,1.7518525055493228e-05,-0.20629125833511353,1.3414019346237183,0.7386742830276489,-0.051859453320503235,0.778752326965332,-1.2845125198364258,0.9660684466362,0.7190456986427307,-0.07068470865488052,0.7901043891906738,-1.2474610805511475,0.9069254398345947
5.128391265869141,0.9949395656585693,0.758813738822937,0.036347582936286926,0.020252803340554237,-0.7090363502502441,0.7039432525634766,0.42358213663101196,3.1640187692083543e-10,-0.2787281274795532,1.370973825454712,0.39180782437324524,1.1387041013222188e-05,-0.20035764575004578,1.3136310577392578,0.7230156660079956,-0.05031676962971687,0.78880375623703,-1.3055740594863892,0.9660252928733826,0.7129001617431641,-0.06346204876899719,0.785301685333252,-1.2620587348937988,0.9179797768592834
5.1280670166015625,0.9929560422897339,0.7557051777839661,0.03749853000044823,0.022124921903014183,-0.7077186703681946,0.7051514983177185,0.4803215563297272,2.0566121028409157e-10,-0.2643613815307617,1.3157294988632202,0.4584493637084961,7.401576567644952e-06,-0.18174463510513306,1.2731953859329224,0.7021631002426147,-0.04965270683169365,0.804295539855957,-1.330849528312683,0.9659426808357239,0.7029386758804321,-0.056646283715963364,0.7843373417854309,-1.280871868133545,0.9304561614990234
5.128005027770996,0.99219810962677,0.7540788054466248,0.03810352459549904,0.023694470524787903,-0.7076696157455444,0.7051173448562622,0.5254658460617065,1.3367977558242927e-10,-0.2460363358259201,1.2718901634216309,0.5131312012672424,4.811024609807646e-06,-0.1644403487443924,1.23836350440979,0.6778891086578369,-0.046776872128248215,0.8161180019378662,-1.3511557579040527,0.9652409553527832,0.6895818710327148,-0.049908243119716644,0.7833729982376099,-1.2969434261322021,0.9376059770584106
5.128269672393799,0.9926437735557556,0.7531930804252625,0.03812485188245773,0.025441870093345642,-0.7086445093154907,0.7040753960609436,0.5643866062164307,8.689186176136232e-11,-0.2310158908367157,1.2396568059921265,0.5587478876113892,3.127165882688132e-06,-0.1540319323539734,1.2116810083389282,0.6525415182113647,-0.04270152747631073,0.8239319324493408,-1.3621020317077637,0.9618710279464722,0.6735427379608154,-0.04544702172279358,0.7823468446731567,-1.3083715438842773,0.9391210079193115
5.1287970542907715,0.9935227632522583,0.7513718008995056,0.03783254325389862,0.026896758005023003,-0.7100929617881775,0.7025761604309082,0.5925049781799316,5.647969938959996e-11,-0.21926681697368622,1.2145559787750244,0.5927024483680725,2.032657675954397e-06,-0.14914782345294952,1.1885344982147217,0.6270096898078918,-0.038254521787166595,0.8321552276611328,-1.374422550201416,0.9617196917533875,0.6557784676551819,-0.04112977162003517,0.7836427688598633,-1.3234217166900635,0.942319393157959
5.128494739532471,0.989877462387085,0.764306366443634,0.02608981914818287,0.017598934471607208,-0.7166891098022461,0.6966824531555176,0.6752010583877563,3.6711803735878235e-11,-0.20555943250656128,1.2062206268310547,0.671485185623169,0.024437574669718742,-0.13141082227230072,1.184950828552246,0.6200987100601196,0.001321369782090187,0.8062227964401245,-1.3097037076950073,0.8757652044296265,0.6317980289459229,-0.01058587059378624,0.7706112861633301,-1.2711544036865234,0.8670058250427246
5.129540920257568,0.990522027015686,0.7745057344436646,0.02366187423467636,0.017620159313082695,-0.7182765603065491,0.6951319575309753,0.7908825278282166,0.0012084034970030189,-0.17876358330249786,1.1758272647857666,0.7807133197784424,0.06089877337217331,-0.09722687304019928,1.1740849018096924,0.6009440422058105,0.016940755769610405,0.8083672523498535,-1.2570161819458008,0.7955860495567322,0.5849155783653259,0.00855858065187931,0.7776967287063599,-1.2291321754455566,0.7873122692108154
5.129528045654297,0.9927803874015808,0.7769368886947632,0.024088410660624504,0.01857856661081314,-0.7183282375335693,0.695038914680481,0.8919686079025269,0.0007854622672311962,-0.13586558401584625,1.0944044589996338,0.8777514696121216,0.06324304640293121,-0.04924014210700989,1.115422248840332,0.5802584290504456,0.024127382785081863,0.8336905241012573,-1.2460923194885254,0.7429823875427246,0.5316939353942871,0.02694360539317131,0.8037881255149841,-1.224339246749878,0.7298765778541565
5.128842830657959,0.9959062337875366,0.7748894691467285,0.02625235542654991,0.01972813345491886,-0.7184707522392273,0.6947816014289856,0.9620482325553894,0.0005105504533275962,-0.10700049996376038,1.0240459442138672,0.9478212594985962,0.051780395209789276,-0.0021165721118450165,1.0552752017974854,0.5560248494148254,0.027255773544311523,0.8739119172096252,-1.2665965557098389,0.7041139602661133,0.47580644488334656,0.046962153166532516,0.841673731803894,-1.245171308517456,0.6835260987281799
5.1278181076049805,0.9990931749343872,0.7686693668365479,0.030079850926995277,0.02213726006448269,-0.7190823554992676,0.6939205527305603,1.0145537853240967,0.0003318577946629375,-0.08579913526773453,0.9623891115188599,1.003298282623291,0.03825675696134567,0.040896281599998474,0.9983816146850586,0.5285063982009888,0.029457461088895798,0.9287492632865906,-1.3091671466827393,0.6711249351501465,0.4189870357513428,0.06763069331645966,0.8926404714584351,-1.2857328653335571,0.6438559889793396
5.126832962036133,1.00238835811615,0.7599323391914368,0.03400575742125511,0.02502535469830036,-0.7200701832771301,0.6926155090332031,1.0541642904281616,0.00021571903198491782,-0.0665302649140358,0.9104149341583252,1.0474202632904053,0.028139416128396988,0.07833271473646164,0.9471001625061035,0.4998979866504669,0.033730391412973404,0.9914032220840454,-1.3650438785552979,0.6351391673088074,0.36571696400642395,0.08886122703552246,0.9501080513000488,-1.3396941423416138,0.6038691997528076
5.125967979431152,1.005452275276184,0.7483612298965454,0.03787589445710182,0.028263019397854805,-0.721254825592041,0.6910557746887207,1.082700490951538,0.0001402737107127905,-0.048909783363342285,0.8680975437164307,1.082822322845459,0.022229492664337158,0.11131790280342102,0.9015387296676636,0.4723254442214966,0.03992021083831787,1.0598018169403076,-1.4312641620635986,0.5957184433937073,0.3205307424068451,0.10960635542869568,1.0144797563552856,-1.405142068862915,0.5634141564369202
5.125544548034668,1.0083380937576294,0.7349495887756348,0.040823642164468765,0.031117111444473267,-0.7236997485160828,0.6882033348083496,1.1037039756774902,0.00015581576735712588,-0.03240480646491051,0.8327280879020691,1.1088979244232178,0.0227791927754879,0.13916030526161194,0.8627990484237671,0.448424756526947,0.049007318913936615,1.1290836334228516,-1.5027611255645752,0.551938533782959,0.28502076864242554,0.1276370882987976,1.08172607421875,-1.4757553339004517,0.5200875997543335
5.125563621520996,1.0109375715255737,0.721189558506012,0.04284452274441719,0.03294353559613228,-0.7268480658531189,0.6846684813499451,1.1193740367889404,0.00018639185873325914,-0.017096655443310738,0.8054344654083252,1.128091812133789,0.026114292442798615,0.16085925698280334,0.8320748805999756,0.4288244843482971,0.059175897389650345,1.195324420928955,-1.5738627910614014,0.5036880373954773,0.260634183883667,0.14235423505306244,1.1471507549285889,-1.5453760623931885,0.47333431243896484
5.125931739807129,1.0127887725830078,0.7055890560150146,0.04496754705905914,0.034613724797964096,-0.7297742366790771,0.6813291907310486,1.1314347982406616,0.00016142625827342272,-0.0040214224718511105,0.7838955521583557,1.1435141563415527,0.028135888278484344,0.1765802800655365,0.8056217432022095,0.41378694772720337,0.06783285737037659,1.2634093761444092,-1.644276738166809,0.4553493857383728,0.24688056111335754,0.15355750918388367,1.2166330814361572,-1.6162830591201782,0.4274027347564697
5.126559257507324,1.0140087604522705,0.6883025765419006,0.04738478735089302,0.03577317297458649,-0.7322661876678467,0.6784255504608154,1.1366769075393677,0.00010526976984692737,0.0050285267643630505,0.7675036191940308,1.154240608215332,0.031132888048887253,0.18777844309806824,0.7815583944320679,0.4020288288593292,0.07250320911407471,1.334141492843628,-1.7126699686050415,0.40922558307647705,0.2427292913198471,0.16290318965911865,1.2900662422180176,-1.6861565113067627,0.3825394809246063
5.127340316772461,1.0150179862976074,0.6705912351608276,0.04923597350716591,0.0358906127512455,-0.7349374294281006,0.675392210483551,1.132941722869873,6.84253463987261e-05,0.009621473029255867,0.7555986642837524,1.1569581031799316,0.03593001887202263,0.19596686959266663,0.7594221234321594,0.3940437138080597,0.07504327595233917,1.402107834815979,-1.7758026123046875,0.3666535019874573,0.24548058211803436,0.16940173506736755,1.3624111413955688,-1.7515276670455933,0.3385440707206726
5.128095626831055,1.0154575109481812,0.6524872779846191,0.05128373205661774,0.035845428705215454,-0.7379990220069885,0.6718947291374207,1.128565788269043,8.412561874138191e-05,0.012634208425879478,0.7456976175308228,1.1585980653762817,0.042227402329444885,0.20218203961849213,0.7400670647621155,0.3907274603843689,0.07529804855585098,1.4684791564941406,-1.8334026336669922,0.32983145117759705,0.2522910237312317,0.17311961948871613,1.4348771572113037,-1.8121206760406494,0.29746633768081665
5.128742218017578,1.015742540359497,0.6330597400665283,0.05299903824925423,0.03542141988873482,-0.7415383458137512,0.6678752303123474,1.119527816772461,7.615773938596249e-05,0.01423490047454834,0.7355168461799622,1.1558321714401245,0.048427872359752655,0.20669955015182495,0.7233760356903076,0.3917919993400574,0.07362963259220123,1.5348891019821167,-1.8894991874694824,0.30172979831695557,0.26050418615341187,0.17428922653198242,1.508474349975586,-1.8712234497070312,0.26206883788108826
5.12916374206543,1.0155274868011475,0.6127877831459045,0.054333195090293884,0.03483477979898453,-0.7447353601455688,0.6642315983772278,1.1083422899246216,0.00010497364564798772,0.015731900930404663,0.7237958312034607,1.1493096351623535,0.05456000566482544,0.21083471179008484,0.7083767652511597,0.39666318893432617,0.0703226774930954,1.6012611389160156,-1.9435679912567139,0.28215646743774414,0.2689327001571655,0.172736257314682,1.5820932388305664,-1.9276080131530762,0.23243264853954315
5.129306793212891,1.0151574611663818,0.5923360586166382,0.054762084037065506,0.03315061330795288,-0.7472987174987793,0.6613975763320923,1.0941956043243408,9.685531404102221e-05,0.016289841383695602,0.7118338346481323,1.1373120546340942,0.05865047499537468,0.21339330077171326,0.6953369379043579,0.4038817286491394,0.06552886962890625,1.6635985374450684,-1.9947915077209473,0.2694871425628662,0.27715668082237244,0.1696016788482666,1.652700662612915,-1.981074333190918,0.20815548300743103
5.129212379455566,1.014643669128418,0.5724138021469116,0.054091062396764755,0.03059319406747818,-0.7492501735687256,0.659365177154541,1.0816994905471802,0.0001111329038394615,0.01641618087887764,0.7025869488716125,1.1228141784667969,0.06158965080976486,0.21449056267738342,0.6862562298774719,0.4124833345413208,0.06079069525003433,1.721022129058838,-2.0433433055877686,0.26312708854675293,0.28447049856185913,0.16572213172912598,1.7176578044891357,-2.0312304496765137,0.1890840232372284
5.1289825439453125,1.0141825675964355,0.5543193817138672,0.05216563865542412,0.02695305459201336,-0.7503467798233032,0.6584314107894897,1.0698007345199585,0.000317123020067811,0.01847216859459877,0.6927499175071716,1.107211947441101,0.06581294536590576,0.21612751483917236,0.6780333518981934,0.4207678437232971,0.056924737989902496,1.7694172859191895,-2.0866453647613525,0.260073184967041,0.2921903431415558,0.1614992320537567,1.7733912467956543,-2.076289653778076,0.1734471619129181
5.128586769104004,1.0138012170791626,0.5379408597946167,0.049638789147138596,0.023071413859725,-0.751236617565155,0.6577593088150024,1.0593488216400146,0.00047276372788473964,0.02180938795208931,0.6833887100219727,1.092018485069275,0.07016261667013168,0.21775555610656738,0.6717089414596558,0.4288986325263977,0.054289452731609344,1.810438871383667,-2.1240148544311523,0.2595060169696808,0.29878485202789307,0.1572863757610321,1.8216583728790283,-2.11635160446167,0.1613978147506714
5.128094673156738,1.0136414766311646,0.5239615440368652,0.046803586184978485,0.0191482100635767,-0.7518617510795593,0.6573786735534668,1.051030158996582,0.0012842686846852303,0.026527350768446922,0.6751254796981812,1.078866720199585,0.07429015636444092,0.21957039833068848,0.6672112345695496,0.4354383647441864,0.05279708653688431,1.8436154127120972,-2.1539154052734375,0.26000794768333435,0.30423861742019653,0.15336838364601135,1.861477017402649,-2.1495320796966553,0.15181174874305725
5.127559661865234,1.0138400793075562,0.5127753019332886,0.04400491714477539,0.015452103689312935,-0.7521798610687256,0.6573053002357483,1.0424147844314575,0.0019100990612059832,0.03218883275985718,0.6677480936050415,1.0662744045257568,0.07705999910831451,0.2213682383298874,0.6635417342185974,0.439136266708374,0.05241800844669342,1.8681550025939941,-2.1752543449401855,0.2599203288555145,0.3079366087913513,0.15050725638866425,1.892532467842102,-2.1750824451446533,0.14375506341457367
5.1270575523376465,1.0144039392471313,0.5050849318504333,0.041615378111600876,0.01241166703402996,-0.7524551749229431,0.6572102904319763,1.0358171463012695,0.0029170778580009937,0.03882187604904175,0.6623662114143372,1.0546482801437378,0.07873522490262985,0.2227209210395813,0.6610891222953796,0.4398493766784668,0.05327950417995453,1.8837618827819824,-2.1872024536132812,0.2582584023475647,0.3085065186023712,0.14846491813659668,1.913801670074463,-2.191352367401123,0.13615629076957703
5.12661075592041,1.0153822898864746,0.5016024112701416,0.039698150008916855,0.009945740923285484,-0.7530754804611206,0.6566600799560547,1.0305415391921997,0.003630752908065915,0.04576826095581055,0.6587462425231934,1.0442529916763306,0.08023080974817276,0.2233271598815918,0.6602143049240112,0.43749675154685974,0.055283814668655396,1.8878276348114014,-2.1868250370025635,0.2526865601539612,0.3052534759044647,0.14746391773223877,1.9237293004989624,-2.1957077980041504,0.12726296484470367
5.126253604888916,1.0169521570205688,0.5023099184036255,0.03812677785754204,0.007685480639338493,-0.7539041638374329,0.6558321714401245,1.0261186361312866,0.003909701481461525,0.052583299577236176,0.6578044295310974,1.0339248180389404,0.08176872134208679,0.22294144332408905,0.6612756252288818,0.431312620639801,0.057341787964105606,1.8799095153808594,-2.173672676086426,0.24269261956214905,0.29797667264938354,0.1478632539510727,1.9219688177108765,-2.1880619525909424,0.11699941009283066
5.12600564956665,1.0191000699996948,0.5080280303955078,0.03690851107239723,0.005557469092309475,-0.7543926239013672,0.6553614139556885,1.0232963562011719,0.003506628330796957,0.05889437347650528,0.6606242060661316,1.026123046875,0.08271043747663498,0.22107818722724915,0.6647447943687439,0.4205726981163025,0.05807330459356308,1.8597968816757202,-2.1463654041290283,0.22802622616291046,0.2870826721191406,0.14927351474761963,1.9061871767044067,-2.1665189266204834,0.10507252812385559
5.12591028213501,1.0221621990203857,0.5193526744842529,0.035906609147787094,0.0032712584361433983,-0.7549225091934204,0.6548221707344055,1.0221866369247437,0.0030799144878983498,0.06503736972808838,0.6671700477600098,1.022362470626831,0.08361299335956573,0.21750783920288086,0.6713664531707764,0.4059184789657593,0.057341307401657104,1.825935959815979,-2.1044223308563232,0.21011334657669067,0.272355854511261,0.15079505741596222,1.8742585182189941,-2.129085063934326,0.0924333930015564
5.125972270965576,1.0262348651885986,0.536260724067688,0.03494866192340851,0.0010329635115340352,-0.756264328956604,0.6533313393592834,1.0240401029586792,0.004740038886666298,0.07180588692426682,0.6782639622688293,1.0195560455322266,0.08650626242160797,0.21187365055084229,0.6821687817573547,0.38974300026893616,0.056012436747550964,1.7780773639678955,-2.046637535095215,0.19036927819252014,0.2529316544532776,0.15102428197860718,1.825735330581665,-2.075800895690918,0.08115583658218384
5.126180648803711,1.0309572219848633,0.5575466156005859,0.03483706712722778,-0.0004905672976747155,-0.7576339244842529,0.6517491340637207,1.0320063829421997,0.00639547873288393,0.07828832417726517,0.6884483695030212,1.0239145755767822,0.08926694095134735,0.2047175168991089,0.6920793056488037,0.371133029460907,0.05449242144823074,1.717677116394043,-1.9765640497207642,0.17092999815940857,0.2327922135591507,0.1507551223039627,1.7654294967651367,-2.012373924255371,0.07371698319911957
5.126478672027588,1.0363396406173706,0.5827786922454834,0.037093453109264374,-1.0137986464542337e-05,-0.7586069107055664,0.6504918336868286,1.0477925539016724,0.009351322427392006,0.0885576605796814,0.6898676156997681,1.0360443592071533,0.09737497568130493,0.18112429976463318,0.6887758374214172,0.3489927649497986,0.05147115886211395,1.6402945518493652,-1.8874542713165283,0.17140626907348633,0.2099991738796234,0.15404076874256134,1.6888837814331055,-1.935164213180542,0.09902854263782501
5.126514434814453,1.0402450561523438,0.6106745004653931,0.04114612191915512,0.0039627947844564915,-0.7596045732498169,0.6490703225135803,1.065643548965454,0.008316961117088795,0.0961448922753334,0.694635272026062,1.0481741428375244,0.10200710594654083,0.15306918323040009,0.6895674467086792,0.32790806889533997,0.04952600598335266,1.5583094358444214,-1.7895963191986084,0.17717750370502472,0.18644684553146362,0.1568145900964737,1.6088712215423584,-1.8525118827819824,0.12652866542339325
5.126318454742432,1.0416781902313232,0.6410876512527466,0.045635707676410675,0.010235719382762909,-0.7604894042015076,0.6476638317108154,1.0902960300445557,0.006034592632204294,0.10712993890047073,0.6947290897369385,1.0666006803512573,0.10558737814426422,0.12727944552898407,0.68881756067276,0.31108981370925903,0.048937730491161346,1.4712886810302734,-1.689115047454834,0.19114995002746582,0.1640261858701706,0.15805724263191223,1.5213871002197266,-1.7641971111297607,0.15889215469360352
5.125743865966797,1.0403333902359009,0.6724022626876831,0.04967100918292999,0.01669417694211006,-0.761799156665802,0.6456905007362366,1.1192044019699097,0.003922485280781984,0.11548925936222076,0.6892873048782349,1.0882453918457031,0.10546194016933441,0.11072207987308502,0.6876353621482849,0.30154380202293396,0.04843444377183914,1.3820801973342896,-1.5919312238693237,0.2098834216594696,0.14146307110786438,0.1589326411485672,1.4274654388427734,-1.672654628753662,0.1954106241464615
5.125040531158447,1.0367518663406372,0.7038867473602295,0.050970472395420074,0.0215079877525568,-0.76314777135849,0.6438515782356262,1.139938235282898,0.0025496152229607105,0.12816661596298218,0.6847745776176453,1.0992333889007568,0.11000116914510727,0.098338283598423,0.6944255828857422,0.2978977560997009,0.04926082491874695,1.289047122001648,-1.501007318496704,0.23408284783363342,0.12319101393222809,0.1572791337966919,1.324540376663208,-1.5789543390274048,0.2360266000032425
5.124147415161133,1.031140685081482,0.7320032119750977,0.05099629983305931,0.02464759722352028,-0.764626145362854,0.6419803500175476,1.1557002067565918,0.0016572498716413975,0.13498061895370483,0.6816719770431519,1.1084825992584229,0.1099652498960495,0.09131329506635666,0.7029299736022949,0.2997129261493683,0.0496029257774353,1.1975910663604736,-1.4171569347381592,0.26131707429885864,0.11037147045135498,0.15512892603874207,1.2228795289993286,-1.4881089925765991,0.2759000062942505
5.1231231689453125,1.024347186088562,0.7562880516052246,0.04943278804421425,0.025595061480998993,-0.7660863399505615,0.6403225660324097,1.1565824747085571,0.001077212393283844,0.1297413855791092,0.6815981268882751,1.106481909751892,0.10422573983669281,0.08648764342069626,0.7133032083511353,0.30677342414855957,0.04900898039340973,1.1068495512008667,-1.3399250507354736,0.29304394125938416,0.10157274454832077,0.1537795215845108,1.1253077983856201,-1.405853033065796,0.31408005952835083
5.122042655944824,1.0167124271392822,0.776248574256897,0.04656236991286278,0.02593199536204338,-0.7674827575683594,0.6388503313064575,1.1523762941360474,0.0007001880439929664,0.11872313916683197,0.6848373413085938,1.0992032289505005,0.10119498521089554,0.08180077373981476,0.7292429208755493,0.32275450229644775,0.04788263887166977,1.0248552560806274,-1.2715128660202026,0.32234370708465576,0.09893786907196045,0.14960864186286926,1.038230538368225,-1.3324545621871948,0.34529682993888855
5.120392322540283,1.007373332977295,0.7900047302246094,0.04309411346912384,0.02564239874482155,-0.7676575183868408,0.6388953924179077,1.1404401063919067,0.00045512220822274685,0.0877368152141571,0.701720118522644,1.0841152667999268,0.0919293537735939,0.07569963485002518,0.764066219329834,0.3487791419029236,0.045128341764211655,0.9593586921691895,-1.2254581451416016,0.3514450192451477,0.10591891407966614,0.14319713413715363,0.9687008857727051,-1.2822321653366089,0.37557387351989746
5.118858814239502,0.9984781742095947,0.8019407987594604,0.03948897123336792,0.025540273636579514,-0.7667674422264099,0.6402000188827515,1.1234053373336792,0.00029582943534478545,0.04920930415391922,0.7283563613891602,1.060948133468628,0.0875704437494278,0.06657335162162781,0.8102005124092102,0.37449055910110474,0.043183520436286926,0.8996878862380981,-1.1774265766143799,0.3772326707839966,0.11366912722587585,0.13583511114120483,0.904151201248169,-1.227907419204712,0.40071237087249756
5.117339134216309,0.9898709058761597,0.8131111860275269,0.035147685557603836,0.025162335485219955,-0.7660298943519592,0.6413498520851135,1.1099801063537598,0.0001922891242429614,0.0155764389783144,0.7525498270988464,1.0362893342971802,0.09112343192100525,0.05221834033727646,0.8620948195457458,0.4070723056793213,0.04117118567228317,0.8407905697822571,-1.119064211845398,0.4006027579307556,0.1252252459526062,0.12547287344932556,0.8407455682754517,-1.1633704900741577,0.4215990900993347
5.115810394287109,0.9815346598625183,0.8229221105575562,0.02998325042426586,0.02324775978922844,-0.7649006247520447,0.6430299878120422,1.0953677892684937,0.00012498792784754187,-0.017130399122834206,0.7651751041412354,1.013410210609436,0.09551623463630676,0.03426612913608551,0.9046790599822998,0.45095187425613403,0.03621204197406769,0.781509280204773,-1.0540956258773804,0.42394232749938965,0.1454778015613556,0.11434589326381683,0.7796676158905029,-1.0979005098342896,0.4412264823913574
5.114161968231201,0.9730781316757202,0.8268438577651978,0.022609880194067955,0.01887630671262741,-0.7625300884246826,0.6462819576263428,1.0811599493026733,8.124214946292341e-05,-0.04591190069913864,0.7864380478858948,0.9911350607872009,0.10579144209623337,0.019645411521196365,0.9594869613647461,0.5106725096702576,0.030103502795100212,0.7368224859237671,-1.0157268047332764,0.4553685188293457,0.17993533611297607,0.10303383320569992,0.7307802438735962,-1.0609664916992188,0.4697411358356476
5.112716197967529,0.9647797346115112,0.826005756855011,0.014451920054852962,0.013224593363702297,-0.7595710754394531,0.6501291990280151,1.0617291927337646,5.280739424051717e-05,-0.0690070241689682,0.8155946731567383,0.9642766714096069,0.11750750243663788,0.0069426666013896465,1.0222134590148926,0.5697729587554932,0.026295416057109833,0.7064571976661682,-1.0018649101257324,0.4964256286621094,0.2186640053987503,0.09415324032306671,0.6951886415481567,-1.0493816137313843,0.5068195462226868
5.111601829528809,0.9579758644104004,0.8264325857162476,0.008044016547501087,0.009556977078318596,-0.7564041614532471,0.6539852619171143,1.044006586074829,3.432480662013404e-05,-0.08465597778558731,0.8501030206680298,0.9422634243965149,0.13226673007011414,-0.0040808687917888165,1.0881330966949463,0.6217365860939026,0.021626174449920654,0.6848413944244385,-0.9856112003326416,0.5226741433143616,0.25328999757766724,0.08424407243728638,0.6681047677993774,-1.0347062349319458,0.5294151902198792
5.110550403594971,0.9525021314620972,0.8270382881164551,0.003210183698683977,0.006781835574656725,-0.7537486553192139,0.6571199893951416,1.028849482536316,2.2311123757390305e-05,-0.09755019843578339,0.8835786581039429,0.9279363751411438,0.14992396533489227,-0.010483361780643463,1.1492384672164917,0.6699084043502808,0.01565646193921566,0.6689035892486572,-0.9698541164398193,0.543016791343689,0.2855490446090698,0.07374390959739685,0.6480610370635986,-1.0188171863555908,0.5454853773117065
5.10946798324585,0.9479854106903076,0.8279365301132202,-9.888616477837786e-05,0.00494186207652092,-0.750761866569519,0.6605544686317444,1.0149259567260742,1.4502229532808997e-05,-0.11229941248893738,0.9118942618370056,0.9168413877487183,0.16429166495800018,-0.015281286090612411,1.198538899421692,0.7103285789489746,0.009558090940117836,0.6561739444732666,-0.9532556533813477,0.5581652522087097,0.31537842750549316,0.06329712271690369,0.6331212520599365,-1.0010666847229004,0.555709719657898
5.1084065437316895,0.9442586302757263,0.8294057846069336,-0.002072341274470091,0.0038436816539615393,-0.7473893165588379,0.6643720865249634,1.005450963973999,9.426448741578497e-06,-0.12575216591358185,0.9336832761764526,0.9116922616958618,0.17787006497383118,-0.017426153644919395,1.234926462173462,0.7366028428077698,0.005020333454012871,0.6449589729309082,-0.9357321858406067,0.5682265758514404,0.3424070477485657,0.05360529199242592,0.6217368245124817,-0.9808633327484131,0.5591147541999817
5.107406139373779,0.9413838386535645,0.8307709693908691,-0.0036104361061006784,0.002998537151142955,-0.7442413568496704,0.6678943037986755,1.0008527040481567,6.127191682026023e-06,-0.1350659877061844,0.9478359222412109,0.907345175743103,0.1937418431043625,-0.015770863741636276,1.2617038488388062,0.7536811232566833,0.003257195930927992,0.6352592706680298,-0.9199044704437256,0.5774224400520325,0.3674275279045105,0.04407949000597,0.6127859354019165,-0.9611320495605469,0.5598046183586121
5.106542587280273,0.9391118884086609,0.8321843147277832,-0.004888410214334726,0.0022242346312850714,-0.7413872480392456,0.6710559725761414,0.999680757522583,3.9826745705795474e-06,-0.14111268520355225,0.9562380313873291,0.9030095934867859,0.20981228351593018,-0.01316102035343647,1.2822890281677246,0.7647820115089417,0.0035323360934853554,0.6266858577728271,-0.905479371547699,0.5846777558326721,0.39125701785087585,0.03551717475056648,0.6045430898666382,-0.9429470300674438,0.5587658882141113
5.105663776397705,0.9373823404312134,0.8333048820495605,-0.005926074460148811,0.001315026544034481,-0.7395083904266357,0.6731199622154236,0.9979417324066162,2.5887384254019707e-06,-0.14795337617397308,0.9592388868331909,0.8936672210693359,0.222882479429245,-0.012878558598458767,1.299006700515747,0.7719975709915161,0.004474199377000332,0.6192832589149475,-0.893547534942627,0.5925712585449219,0.4139809012413025,0.027253741398453712,0.5976766347885132,-0.9265751838684082,0.5580154657363892
5.104745864868164,0.935955286026001,0.8344008922576904,-0.006691346876323223,-0.0001805450301617384,-0.7386350035667419,0.6740723252296448,0.9961172342300415,1.6826799082991784e-06,-0.1610313057899475,0.9583438038825989,0.8826268911361694,0.23382878303527832,-0.014831753447651863,1.312579870223999,0.7766876816749573,0.005943027324974537,0.6116974353790283,-0.8841143846511841,0.6006145477294922,0.43635302782058716,0.021377503871917725,0.5913572907447815,-0.9117180109024048,0.5570201873779297
5.103938102722168,0.934443473815918,0.835081934928894,-0.007033847272396088,-0.001670893281698227,-0.7383769154548645,0.6743495464324951,0.9962291717529297,1.0937418437606539e-06,-0.1740006059408188,0.9547601342201233,0.8733073472976685,0.24535462260246277,-0.019044116139411926,1.3245458602905273,0.7797362804412842,0.006917161867022514,0.6052659153938293,-0.878186821937561,0.6097486615180969,0.4571472406387329,0.01854569837450981,0.5866827368736267,-0.9020591974258423,0.5581828951835632
5.103456974029541,0.9331686496734619,0.8351981043815613,-0.0070549240335822105,-0.0024117028806358576,-0.7385977506637573,0.674105167388916,0.9985872507095337,7.109321700227156e-07,-0.17923478782176971,0.9496206045150757,0.8618979454040527,0.2642294764518738,-0.0207639429718256,1.335958480834961,0.781717836856842,0.006980923004448414,0.6018857955932617,-0.8754584789276123,0.6206386089324951,0.47446832060813904,0.01617293618619442,0.5846186876296997,-0.8967839479446411,0.5606916546821594
5.1033477783203125,0.9317908883094788,0.8348405957221985,-0.006938650272786617,-0.0020970720797777176,-0.7393543720245361,0.6732774972915649,1.0005074739456177,5.141209271641856e-07,-0.17586058378219604,0.9487291574478149,0.8448406457901001,0.2914116382598877,-0.02769790217280388,1.350000023841858,0.7830058932304382,0.007504982873797417,0.6018893718719482,-0.8764404058456421,0.6333428621292114,0.4866887331008911,0.013410192914307117,0.5852323770523071,-0.89591383934021,0.5629158616065979
5.1036248207092285,0.9307053089141846,0.8339195251464844,-0.005703780334442854,-0.000855105638038367,-0.7414636015892029,0.6709682941436768,1.004331111907959,3.3418510270166735e-07,-0.17489290237426758,0.9434431791305542,0.825078010559082,0.32182490825653076,-0.03238213434815407,1.350000023841858,0.7838431000709534,0.0062271119095385075,0.6044222116470337,-0.8797643184661865,0.6442326307296753,0.4916442036628723,0.01075064204633236,0.5916042327880859,-0.8992592692375183,0.5638382434844971
5.10443115234375,0.9295599460601807,0.8318620920181274,-0.00391219649463892,0.0015316243516281247,-0.7443698048591614,0.6677544116973877,1.0113650560379028,2.1722030396631453e-07,-0.1711784452199936,0.9408520460128784,0.803647518157959,0.3527752757072449,-0.045668311417102814,1.350000023841858,0.7838336229324341,0.0034016896970570087,0.610985517501831,-0.886872410774231,0.6561416387557983,0.49008193612098694,0.009462403133511543,0.6037594676017761,-0.909675657749176,0.5659487247467041
5.105905055999756,0.9285918474197388,0.8289673328399658,-0.001675724983215332,0.004723465070128441,-0.7489532828330994,0.6626039147377014,1.0184524059295654,1.8400503449811367e-06,-0.16286784410476685,0.9420284032821655,0.781110405921936,0.3853292167186737,-0.06847557425498962,1.350000023841858,0.7814462184906006,9.907432831823826e-05,0.6209475994110107,-0.8989185094833374,0.6696993112564087,0.4816908538341522,0.010255725122988224,0.6212347745895386,-0.9267336130142212,0.5670261979103088
5.107933044433594,0.9270974397659302,0.8230551481246948,0.0014986784663051367,0.009500044398009777,-0.7553387880325317,0.6552639007568359,1.0297300815582275,0.00011345635721227154,-0.15066254138946533,0.9442232847213745,0.7624491453170776,0.41517049074172974,-0.09830065071582794,1.350000023841858,0.7754436731338501,-0.0031926424708217382,0.6389808654785156,-0.9223418235778809,0.6926945447921753,0.46456676721572876,0.012037689797580242,0.6497540473937988,-0.9599503874778748,0.5762383937835693
5.1101250648498535,0.9256740808486938,0.8141500353813171,0.005084729753434658,0.015336349606513977,-0.7630643248558044,0.6461204886436462,1.0413529872894287,0.000268102390691638,-0.14019089937210083,0.9487984776496887,0.742019772529602,0.4419512450695038,-0.13358351588249207,1.350000023841858,0.7656627893447876,-0.004111293237656355,0.6646905541419983,-0.9592076539993286,0.7222721576690674,0.4350595474243164,0.013783980160951614,0.6895267963409424,-1.0125045776367188,0.590216875076294
5.1121954917907715,0.9253522753715515,0.8044486045837402,0.009710877202451229,0.021694744005799294,-0.7711682915687561,0.6361874341964722,1.0484144687652588,0.0005057014059275389,-0.1309913843870163,0.9533286094665527,0.7233683466911316,0.4628160297870636,-0.17045903205871582,1.350000023841858,0.7481592893600464,-0.004552158992737532,0.6986145973205566,-1.0052698850631714,0.7496453523635864,0.3935734033584595,0.015533726662397385,0.7377884984016418,-1.0736256837844849,0.5977177023887634
5.114213943481445,0.9272594451904297,0.7951898574829102,0.014589166268706322,0.02814337983727455,-0.7791578769683838,0.6260254979133606,1.0534710884094238,0.0008740713819861412,-0.12004634737968445,0.9583554267883301,0.7075324654579163,0.48381826281547546,-0.20396438241004944,1.350000023841858,0.7197042107582092,-0.002224875846877694,0.7385412454605103,-1.055265188217163,0.7661911845207214,0.34433233737945557,0.019042883068323135,0.7895691394805908,-1.1338601112365723,0.5918073654174805
5.116024494171143,0.9307786226272583,0.786484956741333,0.021359572187066078,0.035207197070121765,-0.7865616083145142,0.6161371469497681,1.0626392364501953,0.004296129569411278,-0.10553424060344696,0.9566265344619751,0.7080081701278687,0.5007675886154175,-0.23356226086616516,1.350000023841858,0.6815805435180664,0.00019908568356186152,0.7888221740722656,-1.110166311264038,0.7726479768753052,0.29244378209114075,0.025561239570379257,0.8473543524742126,-1.190110206604004,0.574334979057312
5.11808967590332,0.9357903003692627,0.7771488428115845,0.029564669355750084,0.041628435254096985,-0.7933800220489502,0.6065815687179565,1.0698771476745605,0.0096851522102952,-0.08978454768657684,0.94880211353302,0.7141927480697632,0.5083120465278625,-0.25814691185951233,1.350000023841858,0.6360863447189331,0.002479976275935769,0.850258469581604,-1.1725713014602661,0.7696605920791626,0.24388927221298218,0.03615301102399826,0.912102222442627,-1.24679434299469,0.550773024559021
5.1203413009643555,0.9416377544403076,0.7665337324142456,0.03934834152460098,0.047559820115566254,-0.7995206713676453,0.5974583029747009,1.0765862464904785,0.0095974151045084,-0.07732444256544113,0.9382137060165405,0.7311087846755981,0.4959920644760132,-0.27934128046035767,1.3451011180877686,0.5863525867462158,0.004987911321222782,0.9248201251029968,-1.2424581050872803,0.7559312582015991,0.2026481181383133,0.049968019127845764,0.9841055870056152,-1.3063814640045166,0.5235745310783386
5.122569561004639,0.9478954076766968,0.7536016702651978,0.049434736371040344,0.05248621478676796,-0.8052560091018677,0.5885271430015564,1.0830994844436646,0.01169138215482235,-0.06549288332462311,0.9242091178894043,0.7542195320129395,0.47593140602111816,-0.2912033796310425,1.3168922662734985,0.5377086400985718,0.009792136028409004,1.0108928680419922,-1.3198902606964111,0.7301410436630249,0.16961121559143066,0.06445512920618057,1.0633502006530762,-1.372873067855835,0.4942314922809601
5.124735355377197,0.9541052579879761,0.7381015419960022,0.05938572436571121,0.05628948286175728,-0.810469925403595,0.5800373554229736,1.0859235525131226,0.012108628638088703,-0.055394548922777176,0.9106848835945129,0.782975971698761,0.4449889659881592,-0.2899750769138336,1.2702631950378418,0.4928964674472809,0.01635279506444931,1.1060973405838013,-1.4034030437469482,0.692572295665741,0.1453598290681839,0.07891714572906494,1.1487516164779663,-1.4466660022735596,0.4628557562828064
5.126974105834961,0.9599851369857788,0.7207491397857666,0.06729626655578613,0.05881140008568764,-0.8152890801429749,0.5721154808998108,1.0911012887954712,0.01427137479186058,-0.04827450215816498,0.8892560005187988,0.8065871000289917,0.41856062412261963,-0.2856405973434448,1.2222630977630615,0.4554883539676666,0.02616046369075775,1.2051656246185303,-1.4916050434112549,0.6443251371383667,0.1280415803194046,0.09082356095314026,1.2349638938903809,-1.5243967771530151,0.42716771364212036
5.129210948944092,0.9650803208351135,0.7013357877731323,0.0738145112991333,0.06005024164915085,-0.81960529088974,0.5649713277816772,1.0945065021514893,0.014759576879441738,-0.044508665800094604,0.8628858327865601,0.8265668749809265,0.39546892046928406,-0.27810055017471313,1.1748849153518677,0.42414480447769165,0.036667365580797195,1.303195595741272,-1.5801162719726562,0.5893212556838989,0.11705254018306732,0.10101698338985443,1.322967529296875,-1.6048569679260254,0.3890340328216553
5.131296634674072,0.9691166877746582,0.6813414096832275,0.0784093365073204,0.06006819009780884,-0.8237835168838501,0.5582334399223328,1.0967974662780762,0.016033858060836792,-0.04278261587023735,0.8343803286552429,0.841666579246521,0.3783263564109802,-0.26765578985214233,1.129440188407898,0.3993738889694214,0.047408297657966614,1.3952243328094482,-1.6640658378601074,0.5310684442520142,0.10971065610647202,0.10924136638641357,1.4076194763183594,-1.6826562881469727,0.3478335738182068
5.133208274841309,0.9723098278045654,0.6604472398757935,0.0811421349644661,0.05904114246368408,-0.8280940651893616,0.5515345335006714,1.0993351936340332,0.019612591713666916,-0.042178258299827576,0.8068008422851562,0.8513323068618774,0.36813265085220337,-0.25480425357818604,1.0896211862564087,0.3818148374557495,0.05722949653863907,1.4812968969345093,-1.7422617673873901,0.47607213258743286,0.10462640225887299,0.11438721418380737,1.4895942211151123,-1.7568256855010986,0.30747637152671814
5.134689807891846,0.9745526313781738,0.6392658948898315,0.0824849009513855,0.05698247253894806,-0.8322325348854065,0.5452873110771179,1.1025681495666504,0.021477580070495605,-0.043585505336523056,0.7808813452720642,0.8563683032989502,0.35923412442207336,-0.24176481366157532,1.0548120737075806,0.370865136384964,0.064750537276268,1.5605778694152832,-1.8121141195297241,0.42686787247657776,0.1018882691860199,0.11726140230894089,1.5677978992462158,-1.8255174160003662,0.26950690150260925
5.135831832885742,0.9764224290847778,0.6190589666366577,0.08217281103134155,0.05373849719762802,-0.8361287713050842,0.5396744608879089,1.1012264490127563,0.020607348531484604,-0.0471867099404335,0.7565953731536865,0.8537572026252747,0.3488921821117401,-0.22967426478862762,1.0242512226104736,0.3648454546928406,0.06994877755641937,1.6294852495193481,-1.871762990951538,0.3834336996078491,0.10158850252628326,0.11854969710111618,1.6382622718811035,-1.8858836889266968,0.2339838296175003
5.136660099029541,0.9779942631721497,0.5994733572006226,0.08064258098602295,0.04983599856495857,-0.8396871089935303,0.5347323417663574,1.0962820053100586,0.01814708113670349,-0.05187017098069191,0.7346354722976685,0.8475784063339233,0.340080589056015,-0.2158602476119995,0.9973626136779785,0.36262357234954834,0.07284136116504669,1.690676212310791,-1.9237110614776611,0.34750720858573914,0.10259750485420227,0.11883038282394409,1.7026911973953247,-1.9390270709991455,0.20287545025348663
5.137243270874023,0.9792141914367676,0.5798158645629883,0.07822970300912857,0.045409079641103745,-0.8434511423110962,0.5295358896255493,1.0930064916610718,0.01803211309015751,-0.055018357932567596,0.7135509252548218,0.8406617641448975,0.3365395665168762,-0.19931675493717194,0.9715954065322876,0.365267813205719,0.07391640543937683,1.746995210647583,-1.9721232652664185,0.32059717178344727,0.10346494615077972,0.11777915805578232,1.763681411743164,-1.98781418800354,0.17733468115329742
5.137631416320801,0.9803085327148438,0.5612746477127075,0.07535072416067123,0.04092557355761528,-0.8469154238700867,0.5247681140899658,1.0881493091583252,0.019063666462898254,-0.05703520402312279,0.6935597062110901,0.8310605883598328,0.33289670944213867,-0.18207988142967224,0.9473879337310791,0.36906397342681885,0.07358315587043762,1.7966328859329224,-2.015678882598877,0.30119362473487854,0.10525870323181152,0.11593540012836456,1.818780541419983,-2.031834125518799,0.1564277559518814
5.1378889083862305,0.9814074039459229,0.5453742742538452,0.07218614220619202,0.03665118291974068,-0.8501893877983093,0.5202152729034424,1.081591010093689,0.018675262108445168,-0.05942259728908539,0.6753995418548584,0.820936381816864,0.3302275538444519,-0.16450399160385132,0.9263970851898193,0.3736085891723633,0.07276508957147598,1.8375656604766846,-2.0521464347839355,0.2863007187843323,0.10682953149080276,0.11344565451145172,1.8647024631500244,-2.0684170722961426,0.13840609788894653
5.138094902038574,0.9826403856277466,0.5324171781539917,0.06925372034311295,0.032812412828207016,-0.8531236052513123,0.5160496830940247,1.0753692388534546,0.01960376463830471,-0.06084292382001877,0.660207986831665,0.8107960820198059,0.3277275860309601,-0.14622484147548676,0.9086641669273376,0.37673646211624146,0.07173304259777069,1.8688457012176514,-2.0800585746765137,0.27448970079421997,0.1086297333240509,0.11093617975711823,1.9016036987304688,-2.096801519393921,0.12328789383172989
5.138263702392578,0.9839699268341064,0.5227407813072205,0.06651235371828079,0.029635880142450333,-0.855800449848175,0.5121556520462036,1.0688481330871582,0.020415538921952248,-0.062055714428424835,0.6477125883102417,0.8010640144348145,0.3254525661468506,-0.12777374684810638,0.8941764831542969,0.3784183859825134,0.07052259147167206,1.8905532360076904,-2.0994739532470703,0.26378631591796875,0.10971440374851227,0.10877157747745514,1.9286854267120361,-2.1167500019073486,0.11018368601799011
5.1383137702941895,0.9854752421379089,0.5162606239318848,0.06401746720075607,0.026774564757943153,-0.8582357168197632,0.5085433125495911,1.0647932291030884,0.022627022117376328,-0.0621352344751358,0.6384851932525635,0.793062686920166,0.322857141494751,-0.10977427661418915,0.8835970163345337,0.37839168310165405,0.06989165395498276,1.9020121097564697,-2.1114540100097656,0.25352156162261963,0.11000746488571167,0.1080685406923294,1.9462502002716064,-2.128918170928955,0.09861135482788086
5.138369560241699,0.9872162342071533,0.5132471323013306,0.06179022416472435,0.02450905181467533,-0.8603672981262207,0.505321204662323,1.0624300241470337,0.025317855179309845,-0.06174107640981674,0.6321390271186829,0.7846283912658691,0.3216854929924011,-0.092246413230896,0.8764212727546692,0.37723612785339355,0.06997820734977722,1.9040067195892334,-2.1162853240966797,0.24307435750961304,0.10889189690351486,0.10892844200134277,1.953629732131958,-2.134399652481079,0.08824357390403748
5.1385498046875,0.9893629550933838,0.5139588117599487,0.05956165865063667,0.022652460262179375,-0.8622409105300903,0.502473771572113,1.0603032112121582,0.027585648000240326,-0.06179400533437729,0.6286996603012085,0.7730475664138794,0.3212255537509918,-0.0764155387878418,0.8730943202972412,0.37508559226989746,0.07113372534513474,1.896216630935669,-2.1136274337768555,0.2319393754005432,0.1059500128030777,0.11070132255554199,1.949595332145691,-2.132094144821167,0.07901368290185928
5.1387128829956055,0.9916439056396484,0.5182451009750366,0.0579427070915699,0.02159671112895012,-0.8637495636940002,0.5001129508018494,1.0613574981689453,0.028109781444072723,-0.06252850592136383,0.6282119154930115,0.7622552514076233,0.32254523038864136,-0.061187777668237686,0.8742337226867676,0.3715584874153137,0.0726219043135643,1.8800910711288452,-2.102167844772339,0.2193717211484909,0.10024183243513107,0.11364737898111343,1.9361188411712646,-2.1210410594940186,0.07011903077363968
5.139081001281738,0.9944250583648682,0.5264055728912354,0.05613793805241585,0.02110195904970169,-0.8651034832000732,0.49799513816833496,1.0648903846740723,0.03027767688035965,-0.06393944472074509,0.6308543086051941,0.7513163089752197,0.32799461483955383,-0.047011107206344604,0.8809725642204285,0.3672615587711334,0.07490330934524536,1.8545191287994385,-2.081855058670044,0.20526014268398285,0.09232290089130402,0.11550161987543106,1.9110543727874756,-2.100360631942749,0.06133049726486206
5.139383316040039,0.997113049030304,0.5373708009719849,0.05495321750640869,0.02140367589890957,-0.8663384914398193,0.49596336483955383,1.0768516063690186,0.03333974629640579,-0.06487268954515457,0.6324878334999084,0.7509459853172302,0.33552902936935425,-0.033585842698812485,0.886813759803772,0.3624911308288574,0.0772588700056076,1.8220579624176025,-2.055499315261841,0.19033069908618927,0.08402614295482635,0.117250457406044,1.878893494606018,-2.0728626251220703,0.05345440283417702
5.139800071716309,1.000012993812561,0.5518554449081421,0.05463378503918648,0.02291986346244812,-0.8672113418579102,0.4944029748439789,1.0924073457717896,0.03494591638445854,-0.06609329581260681,0.6332553625106812,0.7594521045684814,0.3438784182071686,-0.020866503939032555,0.8934091329574585,0.3564397692680359,0.0799294263124466,1.7828470468521118,-2.0201125144958496,0.17451900243759155,0.07495365291833878,0.11873011291027069,1.838324785232544,-2.036639928817749,0.04631558433175087
5.140301704406738,1.0030040740966797,0.5693364143371582,0.05539980158209801,0.02581067569553852,-0.867677628993988,0.49335601925849915,1.1109352111816406,0.03625858575105667,-0.06749412417411804,0.6345744729042053,0.7725571393966675,0.3523259162902832,-0.008878171443939209,0.9008266925811768,0.3488670587539673,0.08228085190057755,1.7384241819381714,-1.977219581604004,0.15913009643554688,0.06581608951091766,0.11946547776460648,1.7911255359649658,-1.993873119354248,0.041065916419029236
5.141155242919922,1.0063197612762451,0.5907477140426636,0.057104095816612244,0.029312988743185997,-0.8680823445320129,0.492252916097641,1.1424001455307007,0.0430494025349617,-0.06855925917625427,0.6150195598602295,0.8145704865455627,0.3531709909439087,0.007062067743390799,0.872228741645813,0.34072062373161316,0.08363650739192963,1.6836316585540771,-1.9209829568862915,0.15239980816841125,0.05548344925045967,0.11975051462650299,1.72823166847229,-1.935793399810791,0.05818502604961395
5.142178058624268,1.0093414783477783,0.6157379746437073,0.05887536704540253,0.03389941528439522,-0.8682808876037598,0.4913988709449768,1.1708052158355713,0.04952589422464371,-0.06862044334411621,0.5955652594566345,0.8521674871444702,0.350990891456604,0.02104012481868267,0.841964066028595,0.33177101612091064,0.08565102517604828,1.6188759803771973,-1.8506271839141846,0.15152278542518616,0.044639214873313904,0.11873561143875122,1.653605341911316,-1.8657009601593018,0.08172114193439484
5.142883777618408,1.0112378597259521,0.6426733732223511,0.060187049210071564,0.03927916660904884,-0.8686792850494385,0.4901336133480072,1.1970489025115967,0.054197296500205994,-0.06714803725481033,0.5807616710662842,0.8757736086845398,0.35155054926872253,0.029820365831255913,0.8259912729263306,0.32569751143455505,0.08868718147277832,1.5465364456176758,-1.771481990814209,0.15758046507835388,0.031477171927690506,0.11666637659072876,1.5729323625564575,-1.7898625135421753,0.10819718986749649
5.143230438232422,1.0115724802017212,0.6722725033760071,0.05974274128675461,0.044828128069639206,-0.8694148659706116,0.48840463161468506,1.215279459953308,0.06010708212852478,-0.0640597939491272,0.5708969831466675,0.8775999546051025,0.3612915873527527,0.02802492305636406,0.8312599658966064,0.32313233613967896,0.09334538877010345,1.4660645723342896,-1.6852364540100098,0.16912400722503662,0.017484130337834358,0.11154467612504959,1.4814422130584717,-1.7051016092300415,0.1367020308971405
5.143166542053223,1.0101045370101929,0.7014590501785278,0.057507872581481934,0.05050099268555641,-0.8701412081718445,0.4868232011795044,1.2269080877304077,0.06097831204533577,-0.06285949051380157,0.5687671899795532,0.8600296974182129,0.3782311677932739,0.017755772918462753,0.8574734926223755,0.32458171248435974,0.09817537665367126,1.3803870677947998,-1.5938968658447266,0.19067665934562683,0.005026259459555149,0.10359790921211243,1.3819375038146973,-1.6117982864379883,0.17123353481292725
5.142486095428467,1.0067782402038574,0.7297742366790771,0.054470036178827286,0.05538729950785637,-0.8707835078239441,0.4854908287525177,1.2335846424102783,0.057177796959877014,-0.060887470841407776,0.5703814029693604,0.8349766731262207,0.3982170820236206,-0.0018482394516468048,0.9015434384346008,0.33126670122146606,0.09931015968322754,1.291007399559021,-1.4987128973007202,0.2169586420059204,-0.004608800634741783,0.09600316733121872,1.2799216508865356,-1.5137754678726196,0.20368774235248566
5.141353607177734,1.0015788078308105,0.754896879196167,0.05056670680642128,0.05975498631596565,-0.8713202476501465,0.48443105816841125,1.236445426940918,0.051661167293787,-0.057811737060546875,0.5779765248298645,0.801596462726593,0.42426347732543945,-0.02508302964270115,0.9598243236541748,0.34369564056396484,0.09783978760242462,1.20550537109375,-1.409423589706421,0.24593515694141388,-0.00875785294920206,0.08753980696201324,1.179492473602295,-1.4143158197402954,0.23394180834293365
5.139700412750244,0.9946085214614868,0.7772380113601685,0.04489419609308243,0.06327192485332489,-0.8709652423858643,0.48518112301826477,1.2307050228118896,0.04334862530231476,-0.060346417129039764,0.5937877893447876,0.7529469728469849,0.4563922882080078,-0.055698029696941376,1.0323017835617065,0.36351364850997925,0.09460900723934174,1.121476411819458,-1.3227739334106445,0.276960551738739,-0.003833095310255885,0.07704421877861023,1.0769662857055664,-1.3128310441970825,0.26427072286605835
5.136929988861084,0.9856729507446289,0.7947491407394409,0.040452226996421814,0.06606250256299973,-0.8703540563583374,0.4862954020500183,1.2214356660842896,0.028176618739962578,-0.07873357832431793,0.6304847002029419,0.7059586048126221,0.4854378402233124,-0.08824329078197479,1.1305261850357056,0.39030492305755615,0.08785280585289001,1.048691749572754,-1.2498655319213867,0.30950289964675903,0.01144779846072197,0.06649042665958405,0.9882843494415283,-1.2241164445877075,0.29365336894989014
5.1330718994140625,0.9754880666732788,0.810927152633667,0.03509148955345154,0.06623651832342148,-0.869450569152832,0.4883001446723938,1.1998145580291748,0.018314801156520844,-0.13619819283485413,0.6681441068649292,0.6562176942825317,0.495120108127594,-0.10992143303155899,1.208446979522705,0.4302988052368164,0.0762154832482338,0.9664475917816162,-1.1654455661773682,0.35194477438926697,0.029405394569039345,0.05919191241264343,0.8993115425109863,-1.136957049369812,0.32723626494407654
5.128492832183838,0.9644152522087097,0.8241218328475952,0.029139336198568344,0.06505011767148972,-0.8687831163406372,0.49003610014915466,1.177797794342041,0.011904620565474033,-0.219547837972641,0.7099374532699585,0.6049588322639465,0.49432051181793213,-0.1169673502445221,1.275979995727539,0.4852265417575836,0.06172404810786247,0.8887507915496826,-1.0839595794677734,0.3913765847682953,0.05378112941980362,0.051232751458883286,0.8196369409561157,-1.0610628128051758,0.3585144579410553
5.122990608215332,0.951941728591919,0.8351045846939087,0.020813381299376488,0.06063396483659744,-0.8673326373100281,0.4935832619667053,1.158179759979248,0.0077380030415952206,-0.3061891198158264,0.7406718730926514,0.5626175999641418,0.4887072443962097,-0.11999532580375671,1.329762578010559,0.5902808904647827,0.03354579210281372,0.8150477409362793,-1.0061315298080444,0.41609281301498413,0.0987241268157959,0.042385682463645935,0.7378519177436829,-0.9901754856109619,0.39158666133880615
5.117316246032715,0.940862774848938,0.834606409072876,0.011694470420479774,0.05263083428144455,-0.8636166453361511,0.5012578964233398,1.1404247283935547,0.005289837252348661,-0.36252361536026,0.7899619340896606,0.513774573802948,0.5027071833610535,-0.11736947298049927,1.350000023841858,0.6585718393325806,0.020852958783507347,0.7637537121772766,-0.9868261814117432,0.4800761342048645,0.1505078375339508,0.039838310331106186,0.6845301389694214,-0.9752600193023682,0.4594411253929138
5.112222194671631,0.931840181350708,0.8450304865837097,0.007480241823941469,0.04930800199508667,-0.8592334985733032,0.5091468691825867,1.1291401386260986,0.0034383940510451794,-0.4294689893722534,0.8124376535415649,0.4865485429763794,0.4935087561607361,-0.11480580270290375,1.350000023841858,0.7029609680175781,0.011722736991941929,0.6989043354988098,-0.9068855047225952,0.4881998896598816,0.18310964107513428,0.03328022360801697,0.6284337639808655,-0.9127422571182251,0.4585646390914917
5.106838703155518,0.9230554103851318,0.8416737914085388,-0.0002713282883632928,0.04159965738654137,-0.8534441590309143,0.5195214152336121,1.117884874343872,0.0025436817668378353,-0.4629777669906616,0.8628720641136169,0.4696442484855652,0.5054939389228821,-0.11076977849006653,1.350000023841858,0.731813907623291,0.01473782118409872,0.6547684669494629,-0.8888412714004517,0.561838686466217,0.22845521569252014,0.0330490842461586,0.5920872092247009,-0.9099491834640503,0.5205880403518677
5.102060794830322,0.9156447649002075,0.8401119709014893,-0.005808321293443441,0.03551047667860985,-0.8478479385375977,0.5290170907974243,1.0884368419647217,0.0016535629983991385,-0.45991647243499756,0.935638964176178,0.46831363439559937,0.5255653858184814,-0.13129204511642456,1.350000023841858,0.7505617141723633,0.01865677908062935,0.6196627616882324,-0.8732395172119141,0.6109582185745239,0.2628338038921356,0.03127051144838333,0.5657954812049866,-0.9066789150238037,0.558692991733551
5.0978899002075195,0.909737229347229,0.8390539884567261,-0.009995597414672375,0.03109510987997055,-0.8421231508255005,0.5382952690124512,1.067911982536316,0.0010748158674687147,-0.4608061909675598,0.9837532639503479,0.471214234828949,0.537108302116394,-0.14772728085517883,1.350000023841858,0.7627543807029724,0.022417431697249413,0.5933669805526733,-0.8585318326950073,0.6466784477233887,0.28927335143089294,0.0263869259506464,0.5474547147750854,-0.903525173664093,0.5835767984390259
5.094316005706787,0.9050499796867371,0.8384872078895569,-0.01357160322368145,0.027454804629087448,-0.8369858860969543,0.546366810798645,1.0558371543884277,0.0006986302905716002,-0.46351832151412964,1.012281894683838,0.47529348731040955,0.5374035835266113,-0.16497370600700378,1.350000023841858,0.7706795930862427,0.02704455889761448,0.5720174908638,-0.843382716178894,0.6727910041809082,0.3107909560203552,0.02178545854985714,0.5328506231307983,-0.8996745347976685,0.5982956290245056
5.091826438903809,0.9024002552032471,0.8483914136886597,-0.011084315367043018,0.027422422543168068,-0.8358255624771118,0.5481978058815002,1.0580272674560547,0.0004541096859611571,-0.49564722180366516,0.9861394166946411,0.48076945543289185,0.4895106554031372,-0.17106959223747253,1.350000023841858,0.7758309841156006,0.021848328411579132,0.5388889908790588,-0.7773904204368591,0.6317018270492554,0.2971619665622711,0.01921299286186695,0.5222363471984863,-0.861592173576355,0.5435965061187744
5.0904459953308105,0.8984726667404175,0.8497300148010254,-0.015783287584781647,0.02391403540968895,-0.8349632620811462,0.5495592355728149,1.056913137435913,0.000574178178794682,-0.5009161829948425,0.9885622262954712,0.4737195670604706,0.4847313165664673,-0.16326530277729034,1.350000023841858,0.7791793942451477,0.02992359921336174,0.5173922181129456,-0.7607423067092896,0.6871702671051025,0.30869632959365845,0.020106563344597816,0.5164175629615784,-0.8746262788772583,0.5698813199996948
5.089935779571533,0.8946239948272705,0.8521021008491516,-0.018897974863648415,0.021851778030395508,-0.8373607993125916,0.5458865761756897,1.0379477739334106,0.00037323235301300883,-0.4778115153312683,1.0206395387649536,0.4730094075202942,0.4934379756450653,-0.17595791816711426,1.350000023841858,0.7813519239425659,0.036507152020931244,0.5020893812179565,-0.7478017807006836,0.7285513877868652,0.3201740086078644,0.021329065784811974,0.5144037008285522,-0.8820651769638062,0.5865288972854614
5.089864730834961,0.8916434049606323,0.8538726568222046,-0.01992969401180744,0.02107606828212738,-0.8411890864372253,0.5399625897407532,1.021824598312378,0.00024260101781692356,-0.4782164692878723,1.0463037490844727,0.4718305468559265,0.49404090642929077,-0.1950295865535736,1.350000023841858,0.7827680110931396,0.03856349363923073,0.4926692843437195,-0.7357258200645447,0.7556449174880981,0.3317502737045288,0.024076277390122414,0.5165918469429016,-0.8838079571723938,0.594961404800415
5.090477466583252,0.8895336985588074,0.8548095226287842,-0.019207773730158806,0.021918941289186478,-0.8472347855567932,0.5304185152053833,1.0101150274276733,0.0001576906506670639,-0.4793514311313629,1.0645321607589722,0.47497284412384033,0.49310627579689026,-0.2169516384601593,1.350000023841858,0.783688485622406,0.03671835735440254,0.4913443326950073,-0.7267767190933228,0.7775998115539551,0.3442070782184601,0.02764275297522545,0.5234777331352234,-0.885931134223938,0.6031045913696289
5.091768264770508,0.887832522392273,0.854871928691864,-0.01615673489868641,0.024169644340872765,-0.8549622893333435,0.5178746581077576,1.000228762626648,0.00010260014096274972,-0.4586000442504883,1.0846905708312988,0.4901081919670105,0.49586740136146545,-0.24415498971939087,1.350000023841858,0.7842849493026733,0.02890411764383316,0.4976387023925781,-0.7205622792243958,0.7902287244796753,0.35550016164779663,0.03222409635782242,0.5348164439201355,-0.8899664878845215,0.6076747179031372
5.093443393707275,0.8865382671356201,0.8534379601478577,-0.011446073651313782,0.02449164353311062,-0.8672799468040466,0.4970861077308655,0.9853079915046692,0.00011330303095746785,-0.4173749089241028,1.1088829040527344,0.4693729877471924,0.45955419540405273,-0.22493278980255127,1.350000023841858,0.7846666574478149,0.017840392887592316,0.5059297680854797,-0.723785400390625,0.8039373159408569,0.3648163080215454,0.04043177515268326,0.5550615787506104,-0.9005037546157837,0.613063395023346
5.095341205596924,0.8856136798858643,0.8504093289375305,-0.004977098666131496,0.027293941006064415,-0.878823459148407,0.4763399064540863,0.9773472547531128,7.368425576714799e-05,-0.38972681760787964,1.1249788999557495,0.4697521924972534,0.42714983224868774,-0.20610514283180237,1.350000023841858,0.7820589542388916,0.004744076170027256,0.5285847783088684,-0.7356436252593994,0.819284200668335,0.36916834115982056,0.04634733870625496,0.5822554230690002,-0.9232544302940369,0.6224830746650696
5.096919059753418,0.885465681552887,0.8449146747589111,0.0029168627224862576,0.033852171152830124,-0.8881939053535461,0.4582107365131378,0.9802457094192505,0.00043873715912923217,-0.3708786964416504,1.1234071254730225,0.4912959933280945,0.4117431640625,-0.19959208369255066,1.350000023841858,0.7762720584869385,-0.008330454118549824,0.5713564157485962,-0.7628228068351746,0.8432261943817139,0.3621947765350342,0.04865202307701111,0.6211241483688354,-0.9629703760147095,0.6358465552330017
5.098227500915527,0.8869807124137878,0.8339531421661377,0.013338512741029263,0.044007450342178345,-0.8961693048477173,0.44132310152053833,0.9908965826034546,0.0005510157789103687,-0.36211755871772766,1.109687089920044,0.5211056470870972,0.4127947688102722,-0.1989561915397644,1.350000023841858,0.7659476399421692,-0.021366700530052185,0.6444152593612671,-0.823390781879425,0.8700127601623535,0.33758673071861267,0.0440589115023613,0.6860045790672302,-1.0336612462997437,0.6621886491775513
5.100730895996094,0.8903781175613403,0.8203051090240479,0.021805625408887863,0.05359605699777603,-0.9024155139923096,0.42696377635002136,1.002798080444336,0.0031171622686088085,-0.3495027720928192,1.0902721881866455,0.5548843145370483,0.42113110423088074,-0.2001393437385559,1.350000023841858,0.7492008209228516,-0.02959621697664261,0.7245374917984009,-0.898389458656311,0.8882386684417725,0.3003237247467041,0.03920935094356537,0.7584311962127686,-1.1072331666946411,0.6671290993690491
5.104001045227051,0.8955599069595337,0.8048733472824097,0.030521327629685402,0.060399316251277924,-0.9072726368904114,0.4150623381137848,1.0045356750488281,0.009292884729802608,-0.3242032825946808,1.0750941038131714,0.5989810824394226,0.4148836135864258,-0.20171678066253662,1.350000023841858,0.7171249985694885,-0.03582132235169411,0.8045985698699951,-0.9768213033676147,0.8958562016487122,0.25926700234413147,0.03762011602520943,0.8400160074234009,-1.1831462383270264,0.6564524173736572
5.1090216636657715,0.9071046113967896,0.7835665345191956,0.039182696491479874,0.0550091415643692,-0.910174548625946,0.40868204832077026,0.6304320096969604,0.07815732061862946,-0.2286495566368103,1.2981090545654297,0.3711963891983032,0.3025378882884979,-0.21491234004497528,1.350000023841858,0.7075702548027039,-0.05096188560128212,0.8479543924331665,-1.102877140045166,0.9199455380439758,0.2633274793624878,0.03163004294037819,0.8717271089553833,-1.3041752576828003,0.6796758770942688
5.113677024841309,0.9162030220031738,0.7666806578636169,0.046096768230199814,0.050922323018312454,-0.9131832122802734,0.401719331741333,0.3904237747192383,0.1241244226694107,-0.15240387618541718,1.453505039215088,0.22245310246944427,0.2263718694448471,-0.2056778371334076,1.350000023841858,0.691786527633667,-0.06021280959248543,0.8803530931472778,-1.1927382946014404,0.9348675012588501,0.27152860164642334,0.021849609911441803,0.8971379995346069,-1.3822214603424072,0.6959015130996704
5.12241792678833,0.9283989667892456,0.7539470195770264,0.06699589639902115,0.051681019365787506,-0.9144030213356018,0.3958633542060852,0.2772107720375061,0.15796509385108948,-0.07700975239276886,1.5400187969207764,0.17836275696754456,0.14940503239631653,-0.16346505284309387,1.350000023841858,0.5851278901100159,-0.04943358525633812,0.935360848903656,-1.2436362504959106,0.9009722471237183,0.24477514624595642,0.019887804985046387,0.9499784111976624,-1.4014701843261719,0.683033287525177
5.129525184631348,0.9375858306884766,0.7510073184967041,0.0784263089299202,0.049864042550325394,-0.9161356687545776,0.38994649052619934,0.1988627016544342,0.18422579765319824,-0.020938072353601456,1.5964407920837402,0.1425606608390808,0.09920357167720795,-0.11514870077371597,1.350000023841858,0.499822199344635,-0.03330182284116745,0.9771860837936401,-1.3027575016021729,0.8688673973083496,0.2255440056324005,0.0188787579536438,0.9892318248748779,-1.4327057600021362,0.6698410511016846
5.136281490325928,0.9448398351669312,0.7478932738304138,0.08649683743715286,0.04731816053390503,-0.9187502861022949,0.3823311924934387,0.14499634504318237,0.20000772178173065,0.014054359868168831,1.6347014904022217,0.1202038899064064,0.06449159979820251,-0.07367053627967834,1.350000023841858,0.4308772087097168,-0.017915800213813782,1.016263484954834,-1.3607457876205444,0.8323756456375122,0.21003566682338715,0.018589096143841743,1.0241652727127075,-1.4625383615493774,0.6546024680137634
5.142702102661133,0.950655460357666,0.7429660558700562,0.09229883551597595,0.044991474598646164,-0.9214339256286621,0.3747215270996094,0.11294505000114441,0.2047698050737381,0.03259625285863876,1.6586625576019287,0.11181414127349854,0.04191957041621208,-0.04478691518306732,1.350000023841858,0.3757237195968628,-0.003984434064477682,1.056667685508728,-1.4180488586425781,0.7964503765106201,0.19743123650550842,0.017816321924328804,1.0597541332244873,-1.4956436157226562,0.6417652368545532
5.147321701049805,0.9545179605484009,0.7354404926300049,0.09251271933317184,0.04193751886487007,-0.9242283701896667,0.3680822551250458,0.08242998272180557,0.20274531841278076,0.03827986493706703,1.6741523742675781,0.09636619687080383,0.02724776230752468,-0.026695862412452698,1.350000023841858,0.3426520526409149,0.00810933019965887,1.0903193950653076,-1.4812384843826294,0.7708627581596375,0.19312784075737,0.012964648194611073,1.0875905752182007,-1.5405352115631104,0.636359691619873
5.151463508605957,0.9575374126434326,0.727909505367279,0.09259224683046341,0.03889220952987671,-0.9270384311676025,0.36126700043678284,0.0566219799220562,0.19898250699043274,0.03503144159913063,1.684083342552185,0.08325541764497757,0.017711075022816658,-0.015500683337450027,1.350000023841858,0.31800273060798645,0.018484028056263924,1.1234701871871948,-1.5376763343811035,0.7455152869224548,0.1884680986404419,0.00792612787336111,1.1155990362167358,-1.5825247764587402,0.6299062967300415
5.155434608459473,0.9598116874694824,0.7209941148757935,0.09213513880968094,0.036106184124946594,-0.9305474758148193,0.3525463044643402,0.033603549003601074,0.1946185678243637,0.025799736380577087,1.688827395439148,0.07266826927661896,0.011512198485434055,-0.012190350331366062,1.350000023841858,0.29765164852142334,0.02785681188106537,1.1534026861190796,-1.5840435028076172,0.7162033319473267,0.18152061104774475,0.003716194536536932,1.1430377960205078,-1.6194543838500977,0.6187398433685303
5.159170150756836,0.9615654945373535,0.7136914134025574,0.09129805117845535,0.033609602600336075,-0.9344272613525391,0.34260880947113037,0.021026965230703354,0.18878063559532166,0.01099357195198536,1.69209623336792,0.06516272574663162,0.007482928689569235,-0.01648903265595436,1.350000023841858,0.2803085148334503,0.03651122376322746,1.1827495098114014,-1.625511884689331,0.6860800981521606,0.17241130769252777,0.0006405303720384836,1.1721901893615723,-1.6553764343261719,0.6052783727645874
5.162536144256592,0.9631568193435669,0.7057332396507263,0.09095492959022522,0.031265683472156525,-0.9375203251838684,0.33437299728393555,0.01450688112527132,0.1848164200782776,-0.0017083180136978626,1.6927788257598877,0.06745997071266174,0.004863922018557787,-0.020358258858323097,1.350000023841858,0.2642078399658203,0.04377737268805504,1.212791085243225,-1.6664297580718994,0.6583652496337891,0.16350653767585754,-0.0014246534556150436,1.204124927520752,-1.6922221183776855,0.591321587562561
5.165422439575195,0.9645304083824158,0.6982572078704834,0.0902407094836235,0.029262933880090714,-0.940209150314331,0.327119380235672,0.01307607814669609,0.18224003911018372,-0.009535983204841614,1.6901590824127197,0.07513386011123657,0.0031616631895303726,-0.020695041865110397,1.350000023841858,0.24966850876808167,0.05099101364612579,1.2406634092330933,-1.7035211324691772,0.6297487616539001,0.15533021092414856,-0.0029192499350756407,1.2352300882339478,-1.7254688739776611,0.5740691423416138
5.168802261352539,0.9662989377975464,0.6909196376800537,0.09082586318254471,0.027972500771284103,-0.942583441734314,0.3201635479927063,0.02427060529589653,0.17998625338077545,-0.012472188100218773,1.680030345916748,0.09542883187532425,0.0020578275434672832,-0.016265003010630608,1.350000023841858,0.2319021224975586,0.058232422918081284,1.2706201076507568,-1.7360212802886963,0.6018537878990173,0.14600633084774017,-0.00197193818166852,1.2697807550430298,-1.7543697357177734,0.5547870397567749
5.171841144561768,0.9675928354263306,0.6853443384170532,0.09057650715112686,0.027013372629880905,-0.9451172947883606,0.31276118755340576,0.03474605083465576,0.17544591426849365,-0.016495060175657272,1.664031982421875,0.11682021617889404,0.0013375881826505065,-0.011337107047438622,1.350000023841858,0.21536821126937866,0.06541141122579575,1.2946677207946777,-1.762207269668579,0.5698937773704529,0.13793480396270752,-0.0009731868049129844,1.2985758781433105,-1.7782366275787354,0.5297719240188599
5.174530506134033,0.968723475933075,0.6803866028785706,0.0901084691286087,0.02640758641064167,-0.9477347731590271,0.30492934584617615,0.042266227304935455,0.17143510282039642,-0.020081184804439545,1.6461405754089355,0.13681069016456604,0.0008694322896189988,-0.006003228016197681,1.350000023841858,0.20203521847724915,0.07267095893621445,1.3151894807815552,-1.786301851272583,0.5393586754798889,0.1325562298297882,-0.001150202238932252,1.3238790035247803,-1.800032138824463,0.5046053528785706
5.177096366882324,0.969978928565979,0.6753941774368286,0.0890064388513565,0.025901807472109795,-0.9502344131469727,0.2974247336387634,0.04712001234292984,0.16810090839862823,-0.021833505481481552,1.6293551921844482,0.15315081179141998,0.0005651309620589018,0.00018149102106690407,1.350000023841858,0.19155901670455933,0.07886745035648346,1.3333250284194946,-1.8087583780288696,0.5141267776489258,0.12971067428588867,-0.0023639709688723087,1.3461174964904785,-1.820286512374878,0.4832879602909088
5.16510534286499,0.9619728326797485,0.6280099153518677,0.08973110467195511,0.03268439695239067,-0.9532980918884277,0.2865358293056488,0.33723828196525574,0.12351038306951523,-0.038694724440574646,1.4542021751403809,0.36192572116851807,0.05174726992845535,0.040627509355545044,1.2900619506835938,0.20985084772109985,0.07675044238567352,1.4847004413604736,-1.892674207687378,0.5327378511428833,0.11382748931646347,-0.004359601531177759,1.512510895729065,-1.8742973804473877,0.4957636594772339
5.158103942871094,0.9579529762268066,0.5994529128074646,0.08651402592658997,0.03496946394443512,-0.9564915299415588,0.27643516659736633,0.5484007596969604,0.09444445371627808,-0.046889737248420715,1.2700092792510986,0.5160368084907532,0.08570033311843872,0.07009769976139069,1.2024328708648682,0.229904443025589,0.06728490442037582,1.58612060546875,-1.9530261754989624,0.507888913154602,0.09741295874118805,0.0037495726719498634,1.6258740425109863,-1.9189786911010742,0.4636634886264801
5.154088020324707,0.9562491178512573,0.5828839540481567,0.08194805681705475,0.035113170742988586,-0.9593762755393982,0.26767295598983765,0.6951545476913452,0.07827882468700409,-0.04898586496710777,1.1262801885604858,0.6272878646850586,0.11047543585300446,0.09341103583574295,1.1270098686218262,0.2459583282470703,0.05744878202676773,1.6511144638061523,-1.9926217794418335,0.4607623517513275,0.08510998636484146,0.01341173518449068,1.6995388269424438,-1.9495208263397217,0.40778058767318726
5.152092456817627,0.9560681581497192,0.5751314163208008,0.07721181213855743,0.034702200442552567,-0.9617547988891602,0.2605031132698059,0.7976093888282776,0.06977763772010803,-0.047569867223501205,1.0150357484817505,0.7086244225502014,0.12829117476940155,0.11275888234376907,1.063157558441162,0.25730571150779724,0.05003276467323303,1.6889091730117798,-2.0155773162841797,0.4069231152534485,0.07699213922023773,0.02069295197725296,1.7438507080078125,-1.9655169248580933,0.3445383608341217
5.151611328125,0.9569018483161926,0.5745548009872437,0.07289359718561172,0.03425586596131325,-0.9636110067367554,0.25488612055778503,0.8707919716835022,0.06508445739746094,-0.04506827890872955,0.9310608506202698,0.7687923312187195,0.14158184826374054,0.1294907033443451,1.0105385780334473,0.26366615295410156,0.044257234781980515,1.7046799659729004,-2.021691083908081,0.35421571135520935,0.07245832681655884,0.02528722770512104,1.7623069286346436,-1.9661035537719727,0.2831369638442993
5.152135848999023,0.9582628011703491,0.579185962677002,0.06967849284410477,0.03404156491160393,-0.9650877118110657,0.2501833438873291,0.9247021675109863,0.06147986650466919,-0.043287888169288635,0.8668943643569946,0.8167366981506348,0.15155519545078278,0.14353728294372559,0.9660366773605347,0.2658708095550537,0.039948850870132446,1.7044461965560913,-2.0134670734405518,0.3072313368320465,0.07075405865907669,0.028028126806020737,1.761648178100586,-1.953724980354309,0.22932372987270355
5.153346538543701,0.9599372744560242,0.5885869264602661,0.06772255152463913,0.034399136900901794,-0.9662733674049377,0.24606123566627502,0.965506911277771,0.06071595102548599,-0.040993038564920425,0.8180460333824158,0.8544063568115234,0.16026705503463745,0.15669167041778564,0.9283740520477295,0.26496994495391846,0.036961134523153305,1.6903588771820068,-1.9897089004516602,0.26700466871261597,0.07060836255550385,0.029282324016094208,1.742609977722168,-1.9271025657653809,0.18460173904895782
5.155550003051758,0.9617079496383667,0.602752149105072,0.06724905967712402,0.03530032932758331,-0.9672027826309204,0.2423844188451767,1.0022799968719482,0.0628729909658432,-0.0373585969209671,0.7740570902824402,0.8916226625442505,0.1681036353111267,0.17053550481796265,0.8873385190963745,0.26243215799331665,0.03380133956670761,1.6627509593963623,-1.948503017425537,0.23446619510650635,0.07334388792514801,0.029047975316643715,1.7064099311828613,-1.8833661079406738,0.1519830822944641
5.158537864685059,0.9634746313095093,0.620837926864624,0.06733795255422592,0.03653150796890259,-0.9680443406105042,0.23879116773605347,1.0362355709075928,0.06887537240982056,-0.030922269448637962,0.7253937721252441,0.9289281368255615,0.17589984834194183,0.1891029179096222,0.8285964727401733,0.25855743885040283,0.031724534928798676,1.6200056076049805,-1.8912715911865234,0.2171609252691269,0.07715366780757904,0.02971581742167473,1.6525957584381104,-1.8239731788635254,0.14159321784973145
5.1613640785217285,0.9646936058998108,0.6418278217315674,0.06794005632400513,0.03860049322247505,-0.9687121510505676,0.23556509613990784,1.0652576684951782,0.07489049434661865,-0.02371051535010338,0.6859461665153503,0.9608039855957031,0.18134623765945435,0.2085505723953247,0.7732600569725037,0.2560819983482361,0.03087196871638298,1.5667716264724731,-1.823134422302246,0.21030378341674805,0.08150230348110199,0.031564101576805115,1.5863690376281738,-1.7535967826843262,0.14426763355731964
5.163839340209961,0.9654200673103333,0.6652196049690247,0.06868801265954971,0.0410444475710392,-0.9693536162376404,0.23227320611476898,1.0836234092712402,0.08031589537858963,-0.01690751500427723,0.6598211526870728,0.9799378514289856,0.1852724850177765,0.22683730721473694,0.730217695236206,0.25550055503845215,0.031036123633384705,1.5035099983215332,-1.7450231313705444,0.2122921347618103,0.08694450557231903,0.03478528559207916,1.506028652191162,-1.6714812517166138,0.15899288654327393
5.165409088134766,0.9656000733375549,0.6900497674942017,0.06876391172409058,0.044123630970716476,-0.9699639081954956,0.22911721467971802,1.0913176536560059,0.08529505133628845,-0.01492522656917572,0.6502655744552612,0.9813734889030457,0.19064861536026,0.24064737558364868,0.7065155506134033,0.25927895307540894,0.03283638879656792,1.4318245649337769,-1.6591625213623047,0.22222279012203217,0.09186139702796936,0.03787784278392792,1.4114121198654175,-1.579262375831604,0.18684084713459015
5.165699005126953,0.9653593897819519,0.7149331569671631,0.06787562370300293,0.047276780009269714,-0.9706961512565613,0.2256251722574234,1.0953369140625,0.08997099101543427,-0.014506019651889801,0.6555564403533936,0.9710999131202698,0.19991305470466614,0.24861004948616028,0.7077277898788452,0.2672297954559326,0.03555870056152344,1.354219913482666,-1.5712738037109375,0.2388041913509369,0.09708680212497711,0.04067865014076233,1.3072559833526611,-1.4820648431777954,0.22301432490348816
5.164419651031494,0.9640469551086426,0.7406802177429199,0.06668315082788467,0.05057404190301895,-0.9714652299880981,0.2219255268573761,1.0939650535583496,0.08808401226997375,-0.014859712682664394,0.6687219142913818,0.9516857266426086,0.20429515838623047,0.24912415444850922,0.7250021696090698,0.28105926513671875,0.03690507635474205,1.274786353111267,-1.4831010103225708,0.25999945402145386,0.10851035267114639,0.04183012619614601,1.2013514041900635,-1.381282091140747,0.2606334686279297
5.161740303039551,0.9620071649551392,0.7642031311988831,0.06498848646879196,0.05315106734633446,-0.9721113443374634,0.21897727251052856,1.0895719528198242,0.08214976638555527,-0.01680586114525795,0.6852648258209229,0.9311010837554932,0.20559746026992798,0.23550325632095337,0.7512362599372864,0.30197441577911377,0.034474991261959076,1.1923290491104126,-1.3936721086502075,0.28498804569244385,0.13024494051933289,0.042654816061258316,1.0963494777679443,-1.2806774377822876,0.29639071226119995
5.157783508300781,0.9588680267333984,0.7843774557113647,0.06149955838918686,0.055276572704315186,-0.9729771614074707,0.21558722853660583,1.0768852233886719,0.07181508839130402,-0.016218790784478188,0.705353319644928,0.9059160351753235,0.20577940344810486,0.21912629902362823,0.7816650867462158,0.3350338339805603,0.029018107801675797,1.1067454814910889,-1.3032218217849731,0.3152622580528259,0.1745597869157791,0.03779590129852295,0.9901313185691833,-1.174509048461914,0.33160388469696045
5.152072429656982,0.9543969035148621,0.8019888401031494,0.05480736121535301,0.05625556781888008,-0.9742665886878967,0.21127258241176605,1.0550692081451416,0.059552744030952454,-0.01220579631626606,0.7405723333358765,0.8722411394119263,0.20471397042274475,0.20008111000061035,0.8312274813652039,0.38965150713920593,0.018886564299464226,1.0116333961486816,-1.206073522567749,0.3545292019844055,0.2530757188796997,0.027665451169013977,0.8831955790519714,-1.0678168535232544,0.36443018913269043
5.142770290374756,0.9478870630264282,0.8205200433731079,0.041261520236730576,0.05463854596018791,-0.9762499928474426,0.205543652176857,1.012543797492981,0.039576951414346695,-0.011523138731718063,0.7935241460800171,0.8182662725448608,0.19531413912773132,0.17440778017044067,0.9056100845336914,0.5226191878318787,-0.008815332315862179,0.8975890278816223,-1.0932083129882812,0.39677107334136963,0.40914249420166016,0.008624335750937462,0.7678331136703491,-0.9495891332626343,0.3951028287410736
5.134627342224121,0.9428703188896179,0.826033890247345,0.02681034430861473,0.052615776658058167,-0.9782570004463196,0.19881148636341095,0.9801654815673828,0.025725126266479492,-0.014060086570680141,0.8707135319709778,0.7669606804847717,0.19459611177444458,0.15738771855831146,1.010976791381836,0.6145910620689392,-0.01360277645289898,0.8202979564666748,-1.0448691844940186,0.46574193239212036,0.5407937169075012,0.0033702803775668144,0.690808117389679,-0.8953667283058167,0.46598172187805176
5.129258632659912,0.938251793384552,0.8314754962921143,0.016531800851225853,0.05181640386581421,-0.979668378829956,0.19311043620109558,0.9555929899215698,0.01672133058309555,-0.017525088042020798,0.9381836652755737,0.7263092994689941,0.19567114114761353,0.14525465667247772,1.1037756204605103,0.6743735074996948,-0.012209316715598106,0.7605422735214233,-1.0033082962036133,0.5113021731376648,0.6264051198959351,0.005289376713335514,0.6336607336997986,-0.8530427813529968,0.5117381811141968
5.125164031982422,0.9319543838500977,0.8474180698394775,0.0100827906280756,0.050478048622608185,-0.9809170961380005,0.18748852610588074,0.9286829829216003,0.010868864133954048,-0.031126294285058975,0.9678936004638672,0.7019777297973633,0.19309461116790771,0.12941184639930725,1.1482558250427246,0.7132320404052734,-0.010315107181668282,0.66499924659729,-0.8833479285240173,0.5239279270172119,0.6820526123046875,0.01599637046456337,0.557881236076355,-0.7511134147644043,0.5007004141807556
5.120441436767578,0.9278825521469116,0.8475865721702576,-3.656903936644085e-05,0.04944759979844093,-0.981954038143158,0.18254093825817108,0.9093292355537415,0.007064761593937874,-0.04070764780044556,1.0377743244171143,0.6913675665855408,0.18974809348583221,0.11135903000831604,1.2283079624176025,0.738490104675293,0.005882923491299152,0.6014134883880615,-0.8280447721481323,0.6054654717445374,0.7182234525680542,0.03810257837176323,0.501988410949707,-0.7065129280090332,0.5754309296607971
5.116278648376465,0.9245530366897583,0.8477795124053955,-0.008205249905586243,0.04888510704040527,-0.983195960521698,0.17569494247436523,0.8772006034851074,0.004592095036059618,-0.049590013921260834,1.1336170434951782,0.6815650463104248,0.17917515337467194,0.08166949450969696,1.3182053565979004,0.7549078464508057,0.022726010531187057,0.5535863637924194,-0.7898427844047546,0.6699517369270325,0.741734504699707,0.06056257337331772,0.45894116163253784,-0.6790043115615845,0.6372932195663452
5.11301851272583,0.9214034080505371,0.8537142276763916,-0.014328152872622013,0.04893767088651657,-0.9847972393035889,0.16605493426322937,0.8327029943466187,0.002984861610457301,-0.05826551467180252,1.2323600053787231,0.6675229668617249,0.16383375227451324,0.03988291323184967,1.350000023841858,0.765579342842102,0.038066186010837555,0.5159586071968079,-0.7589923739433289,0.7193162441253662,0.757016658782959,0.07817201316356659,0.42686063051223755,-0.657354474067688,0.68117356300354
5.11057710647583,0.9178822040557861,0.8585798740386963,-0.019467787817120552,0.04970604181289673,-0.9864709377288818,0.1550014168024063,0.7723135352134705,0.001940159942023456,-0.07161874324083328,1.3245322704315186,0.64661705493927,0.14627543091773987,-0.01115594431757927,1.350000023841858,0.7725158333778381,0.05185816437005997,0.48540619015693665,-0.7323828935623169,0.7614625692367554,0.7669501304626465,0.09229695796966553,0.40122491121292114,-0.6404744386672974,0.7160137891769409
5.109012126922607,0.914116621017456,0.8627868890762329,-0.02358446642756462,0.05125482380390167,-0.9885358214378357,0.14004872739315033,0.6997069120407104,0.0012611038982868195,-0.09595172107219696,1.4075121879577637,0.6239259243011475,0.12768089771270752,-0.07111911475658417,1.350000023841858,0.7770245671272278,0.0637863501906395,0.46019360423088074,-0.707868754863739,0.7963719367980957,0.7734068632125854,0.10213863849639893,0.3807089924812317,-0.6264463067054749,0.7430229783058167
5.107989311218262,0.9102286100387573,0.8652969002723694,-0.02462572045624256,0.05368860810995102,-0.9913271069526672,0.11739585548639297,0.6146717667579651,0.0008197174756787717,-0.1343664824962616,1.4843578338623047,0.5947049856185913,0.1098904088139534,-0.14826034009456635,1.350000023841858,0.779955267906189,0.07130791246891022,0.44691699743270874,-0.6927037835121155,0.8215268850326538,0.7776037454605103,0.10352738201618195,0.3674059808254242,-0.6134029030799866,0.7620599269866943
5.107526779174805,0.9059853553771973,0.8666632771492004,-0.023699484765529633,0.05730561539530754,-0.9935519099235535,0.09491537511348724,0.5041860938072205,0.0005328163388185203,-0.17057041823863983,1.5494849681854248,0.5395114421844482,0.0996953696012497,-0.23064306378364563,1.350000023841858,0.7818601727485657,0.07621651887893677,0.44447028636932373,-0.6843653917312622,0.8385521769523621,0.7803317308425903,0.0978211909532547,0.35626867413520813,-0.6008284091949463,0.7743523120880127
5.106744766235352,0.9018563628196716,0.8670988082885742,-0.020188914611935616,0.06125103682279587,-0.9950637817382812,0.07542402297258377,0.38419610261917114,0.00034633060568012297,-0.22452712059020996,1.5911102294921875,0.46653106808662415,0.08904225379228592,-0.3183819055557251,1.350000023841858,0.7830983996391296,0.07673941552639008,0.4502761662006378,-0.6804217100143433,0.8509799838066101,0.7821049094200134,0.08665859699249268,0.3467976152896881,-0.5891121625900269,0.7844400405883789
5.108818531036377,0.8979780077934265,0.8706656098365784,-0.007260276470333338,0.06327267736196518,-0.9963183999061584,0.05738836154341698,0.2847176492214203,0.00022511488350573927,-0.2718038856983185,1.539844036102295,0.3726676106452942,0.05787979066371918,-0.33128485083580017,1.350000023841858,0.7839032411575317,0.056002177298069,0.448845237493515,-0.6332669854164124,0.7754961848258972,0.7832574844360352,0.055400386452674866,0.34174567461013794,-0.5357965230941772,0.6949822306632996
5.107060432434082,0.8954906463623047,0.8701006174087524,0.00011292951239738613,0.06712459772825241,-0.9968496561050415,0.042249880731105804,0.13382846117019653,0.00014632467355113477,-0.29623836278915405,1.5571260452270508,0.21304036676883698,0.03768511861562729,-0.31036752462387085,1.350000023841858,0.7844263315200806,0.05082523822784424,0.46405768394470215,-0.6321709156036377,0.7736365795135498,0.7840065956115723,0.03654593229293823,0.3279838562011719,-0.503156304359436,0.6955469846725464
5.1038360595703125,0.8936020135879517,0.8665876388549805,0.006210157182067633,0.06874725222587585,-0.9973353147506714,0.02361251413822174,-0.025711610913276672,9.511190728517249e-05,-0.3083660304546356,1.559434413909912,0.03351365029811859,0.024495642632246017,-0.27707013487815857,1.350000023841858,0.7847663760185242,0.04625609889626503,0.4862518310546875,-0.6588493585586548,0.8172929286956787,0.7844935655593872,0.02736639603972435,0.3229675889015198,-0.4844070076942444,0.7482810020446777
5.100667953491211,0.8911962509155273,0.8640012741088867,0.014008134603500366,0.06922601163387299,-0.9974609613418579,0.009120138362050056,-0.18636374175548553,6.185162055771798e-05,-0.294592022895813,1.5413068532943726,-0.12295189499855042,0.015922166407108307,-0.253519743680954,1.350000023841858,0.7849873900413513,0.03624197840690613,0.5039535760879517,-0.672756016254425,0.8493825197219849,0.7848100662231445,0.019855868071317673,0.326637327671051,-0.47073042392730713,0.7867532968521118
5.097950458526611,0.8891234993934631,0.8620768785476685,0.022729305550456047,0.06971003115177155,-0.9973049163818359,-0.0026235326658934355,-0.3264451324939728,4.02035511797294e-05,-0.27075618505477905,1.5145964622497559,-0.24066822230815887,0.01034940779209137,-0.24733397364616394,1.350000023841858,0.7851310968399048,0.024335308000445366,0.5209253430366516,-0.678553581237793,0.872679591178894,0.7850158214569092,0.014162135310471058,0.33544889092445374,-0.46028369665145874,0.8153890371322632
5.096599102020264,0.8883801698684692,0.8610377907752991,0.03126576542854309,0.07016081362962723,-0.9969469904899597,-0.014020122587680817,-0.43418264389038086,2.613230753922835e-05,-0.24371379613876343,1.4857544898986816,-0.3360016942024231,0.006727114785462618,-0.2416301667690277,1.3461576700210571,0.7852244973182678,0.014233888126909733,0.5358881950378418,-0.6764228940010071,0.8861231803894043,0.7851495742797852,0.008124155923724174,0.34886157512664795,-0.4535009264945984,0.8252526521682739
5.096523761749268,0.8887799978256226,0.8603120446205139,0.039340775460004807,0.07029066234827042,-0.996532678604126,-0.020837025716900826,-0.500710129737854,1.6985999536700547e-05,-0.22019824385643005,1.4665923118591309,-0.3873579204082489,0.004372624680399895,-0.24073870480060577,1.3373950719833374,0.7852851748466492,0.003640720620751381,0.5496301651000977,-0.6706485152244568,0.891312837600708,0.7852364778518677,0.004951183684170246,0.365816593170166,-0.45035696029663086,0.8241249322891235
5.097049713134766,0.8901861906051636,0.8599640130996704,0.04607595130801201,0.07069984078407288,-0.9958895444869995,-0.032902415841817856,-0.5342181921005249,1.1040899153158534e-05,-0.20369189977645874,1.4613926410675049,-0.41829365491867065,0.0028422060422599316,-0.23921942710876465,1.3324116468429565,0.7853246331214905,-0.0016968324780464172,0.5611201524734497,-0.6646857857704163,0.8948129415512085,0.7852929830551147,0.004602701403200626,0.3849256634712219,-0.45274269580841064,0.8152175545692444
5.097804069519043,0.8919168710708618,0.8598675727844238,0.05074744299054146,0.07082831114530563,-0.9952695369720459,-0.042971983551979065,-0.5488609671592712,7.176584404078312e-06,-0.19364500045776367,1.4654321670532227,-0.4405246376991272,0.0018474338576197624,-0.23298925161361694,1.3313629627227783,0.7853502631187439,-0.00286102038808167,0.5691722631454468,-0.6595121622085571,0.8978015184402466,0.7853296995162964,0.010169818066060543,0.4059181213378906,-0.4602707624435425,0.8061310052871704
5.098776340484619,0.894206166267395,0.8600254058837891,0.0538313090801239,0.07095170021057129,-0.9946264624595642,-0.05278554931282997,-0.5492430329322815,4.664779680751963e-06,-0.18640241026878357,1.4725924730300903,-0.45445042848587036,0.0012008319608867168,-0.22119028866291046,1.333411455154419,0.785366952419281,-0.0006264178082346916,0.5748239159584045,-0.6545252203941345,0.8992615938186646,0.7853536009788513,0.017728213220834732,0.4272501468658447,-0.4731954336166382,0.7961208820343018
5.100275039672852,0.8971847295761108,0.8601604700088501,0.05638437718153,0.07102896273136139,-0.9941802620887756,-0.05814988538622856,-0.5386595129966736,3.032106633327203e-06,-0.18238185346126556,1.475419282913208,-0.4506763815879822,0.0007805407512933016,-0.21293845772743225,1.3312923908233643,0.7853778004646301,0.0008176690898835659,0.5792647004127502,-0.6497664451599121,0.8997427821159363,0.7853690981864929,0.025067895650863647,0.4474870264530182,-0.4897451400756836,0.7891943454742432
5.101980209350586,0.9008788466453552,0.8593111038208008,0.059840161353349686,0.07104194909334183,-0.9932669401168823,-0.06923108547925949,-0.5279605388641357,1.9708693344000494e-06,-0.17997077107429504,1.4817173480987549,-0.44663822650909424,0.0005073514766991138,-0.20441199839115143,1.3327913284301758,0.7853848338127136,0.002335753059014678,0.5882819890975952,-0.6535458564758301,0.9056636691093445,0.78537917137146,0.03152897208929062,0.4668967127799988,-0.5100358128547668,0.7931604385375977
5.1038618087768555,0.9047353267669678,0.8579392433166504,0.06282354146242142,0.071903757750988,-0.9925030469894409,-0.07629425823688507,-0.5217962861061096,1.2810650105166133e-06,-0.17415572702884674,1.4880409240722656,-0.44637882709503174,0.0003297784423921257,-0.19609513878822327,1.337467908859253,0.7853894233703613,0.005851564928889275,0.6001172065734863,-0.6628638505935669,0.9099390506744385,0.7853857278823853,0.0335698127746582,0.4825180768966675,-0.530274510383606,0.798356294631958
5.105744361877441,0.9080569744110107,0.8561973571777344,0.06485370546579361,0.07364879548549652,-0.9924095273017883,-0.07411661744117737,-0.5206551551818848,8.326922511514567e-07,-0.16474056243896484,1.495050072669983,-0.44762852787971497,0.00021435598318930715,-0.19052191078662872,1.3447133302688599,0.7853924036026001,0.008675601333379745,0.6127343773841858,-0.676058828830719,0.913310170173645,0.7853900194168091,0.03330494835972786,0.49447911977767944,-0.549088716506958,0.8041368722915649
5.107591152191162,0.9105761051177979,0.8537694215774536,0.06511221081018448,0.0768112912774086,-0.9932412505149841,-0.057725775986909866,-0.5236422419548035,5.412499604062759e-07,-0.15452541410923004,1.50193452835083,-0.44989871978759766,0.00013933138689026237,-0.1852334886789322,1.350000023841858,0.7853943109512329,0.009073705412447453,0.627586841583252,-0.6959018111228943,0.9167851805686951,0.7853927612304688,0.03215516731142998,0.503717303276062,-0.5663950443267822,0.8134925365447998
5.109022617340088,0.9130474328994751,0.8517696857452393,0.06469621509313583,0.07976130396127701,-0.9940392374992371,-0.03658747300505638,-0.5308808088302612,3.5181247426407936e-07,-0.14811477065086365,1.5084501504898071,-0.45315462350845337,9.056540147867054e-05,-0.18157155811786652,1.350000023841858,0.7853955626487732,0.007135398685932159,0.6385146379470825,-0.7118088006973267,0.9192864894866943,0.785394549369812,0.033184681087732315,0.5098633766174316,-0.5823799967765808,0.8240944147109985
5.110207557678223,0.916584849357605,0.8501553535461426,0.06485572457313538,0.08192282915115356,-0.994368851184845,-0.017691005021333694,-0.5368587374687195,2.2867810400839517e-07,-0.143449068069458,1.5096299648284912,-0.4507679343223572,5.886751023354009e-05,-0.18040545284748077,1.350000023841858,0.7853963971138,0.0037883282639086246,0.6470479965209961,-0.7231190204620361,0.9207570552825928,0.7853957414627075,0.03548005595803261,0.514122486114502,-0.5974629521369934,0.8357361555099487
5.11102294921875,0.921794593334198,0.8491090536117554,0.06607685983181,0.08297273516654968,-0.9943536520004272,-0.003185329493135214,-0.5469542741775513,1.4864076547382865e-07,-0.14069823920726776,1.515024185180664,-0.45086175203323364,3.826387910521589e-05,-0.18105240166187286,1.350000023841858,0.785396933555603,-0.001856443239375949,0.6525673270225525,-0.7279730439186096,0.9215891361236572,0.7853965163230896,0.03842877224087715,0.5183578729629517,-0.6093575954437256,0.8469094038009644
5.111828804016113,0.9284743070602417,0.8486924171447754,0.06823034584522247,0.08224521577358246,-0.9942588806152344,-0.00544519629329443,-0.5572550296783447,9.661649613690315e-08,-0.14447447657585144,1.5176820755004883,-0.4467511773109436,2.4871520508895628e-05,-0.19015192985534668,1.350000023841858,0.7853972911834717,-0.007752325385808945,0.6558167338371277,-0.727109432220459,0.9188656806945801,0.7853969931602478,0.04075223207473755,0.5213509798049927,-0.6184713244438171,0.8514915108680725
5.112590789794922,0.9358731508255005,0.8485121726989746,0.06966393440961838,0.08093784749507904,-0.9942020177841187,-0.012583102099597454,-0.5695846080780029,6.280072284425842e-08,-0.14632588624954224,1.5184282064437866,-0.44316792488098145,1.616648842173163e-05,-0.19986239075660706,1.350000023841858,0.7853975296020508,-0.011406129226088524,0.6575354337692261,-0.7256843447685242,0.9185186624526978,0.7853972911834717,0.04403892904520035,0.5223742127418518,-0.6265677809715271,0.8571701049804688
5.113224983215332,0.9428638219833374,0.8485311269760132,0.06986365467309952,0.08021990954875946,-0.994215190410614,-0.014831816777586937,-0.5851932764053345,4.082046700659703e-08,-0.15152284502983093,1.5176007747650146,-0.4418635070323944,1.0508217201277148e-05,-0.21133464574813843,1.350000023841858,0.7853976488113403,-0.011971707455813885,0.6577633619308472,-0.7245802879333496,0.9194527864456177,0.7853975296020508,0.049863241612911224,0.5222204923629761,-0.631586492061615,0.8600345849990845
5.113381862640381,0.9491808414459229,0.8487565517425537,0.06898623704910278,0.08020422607660294,-0.9943106770515442,-0.012428488582372665,-0.6019700765609741,2.653330177793123e-08,-0.1571224182844162,1.514108419418335,-0.4461595416069031,6.830341135355411e-06,-0.21886108815670013,1.350000023841858,0.7853977680206299,-0.009795526042580605,0.6571853160858154,-0.7233301401138306,0.9189852476119995,0.7853976488113403,0.05788573995232582,0.5199806094169617,-0.6355752348899841,0.859787106513977
5.113216876983643,0.9550386071205139,0.8487541079521179,0.06795744597911835,0.07952193915843964,-0.9943858981132507,-0.015962786972522736,-0.6181221008300781,1.7246645001023353e-08,-0.1618136167526245,1.5105516910552979,-0.4520629346370697,4.439721578819444e-06,-0.2230052649974823,1.350000023841858,0.7853978276252747,-0.007733641192317009,0.656103789806366,-0.7248818874359131,0.921104907989502,0.7853977680206299,0.06773774325847626,0.5169983506202698,-0.6419680118560791,0.8616179823875427
5.112758636474609,0.9603748321533203,0.8475490212440491,0.06678977608680725,0.07833433896303177,-0.9945171475410461,-0.01839914172887802,-0.63099205493927,1.1210318895393812e-08,-0.16767549514770508,1.5063846111297607,-0.4601857662200928,2.8858189580205362e-06,-0.22443360090255737,1.350000023841858,0.7853978872299194,-0.0072314683347940445,0.6582025289535522,-0.7360150814056396,0.9236595034599304,0.7853978276252747,0.07772794365882874,0.5117426514625549,-0.6526590585708618,0.8686972856521606
5.11181640625,0.9646457433700562,0.8463813066482544,0.0652782991528511,0.07762418687343597,-0.9947082996368408,-0.016387473791837692,-0.6397004127502441,7.286706793507847e-09,-0.17283281683921814,1.5042880773544312,-0.4702115058898926,1.8757822317638784e-06,-0.22152967751026154,1.350000023841858,0.7853978872299194,-0.006234693806618452,0.658857524394989,-0.747634768486023,0.9255201816558838,0.7853978872299194,0.09061771631240845,0.5052744746208191,-0.6649659276008606,0.8733164072036743
5.110233306884766,0.9669806957244873,0.8447215557098389,0.06410498917102814,0.07715288549661636,-0.9949337244033813,-0.006692782510071993,-0.6417467594146729,4.736359304757798e-09,-0.18142949044704437,1.5041985511779785,-0.48423707485198975,1.2217433322803117e-06,-0.2123376429080963,1.350000023841858,0.7853978872299194,-0.004163727164268494,0.6613250374794006,-0.7620179653167725,0.9274841547012329,0.7853978872299194,0.11002907156944275,0.5029885172843933,-0.6799179911613464,0.8779019117355347
5.107192516326904,0.9661937952041626,0.8426917791366577,0.06201425567269325,0.0757916122674942,-0.9951136708259583,0.012596563436090946,-0.6375268697738647,3.078633348252424e-09,-0.19318002462387085,1.5089194774627686,-0.5008964538574219,1.069525183083897e-06,-0.1911584436893463,1.350000023841858,0.7853978872299194,-0.0046136584132909775,0.6609998941421509,-0.7789154052734375,0.9301282167434692,0.7853978872299194,0.14421141147613525,0.5034079551696777,-0.7019450068473816,0.8854579329490662
5.102293014526367,0.9590137004852295,0.839357852935791,0.05847224220633507,0.07437939941883087,-0.9943463206291199,0.04820822551846504,-0.6268482804298401,2.0011114987283918e-09,-0.20900456607341766,1.519211769104004,-0.5282695889472961,1.1820970939879771e-06,-0.15604466199874878,1.350000023841858,0.7853978872299194,-0.011161282658576965,0.6581707000732422,-0.8061922192573547,0.9348999261856079,0.784803032875061,0.19317051768302917,0.5141611099243164,-0.7592669725418091,0.8935790061950684
5.096948623657227,0.9476041793823242,0.8366254568099976,0.05582289770245552,0.07383912056684494,-0.9916207194328308,0.09011086076498032,-0.6003384590148926,1.3007224186623034e-09,-0.22708766162395477,1.5239894390106201,-0.5457309484481812,7.6842394491905e-07,-0.1294763833284378,1.350000023841858,0.7853978872299194,-0.02313051000237465,0.6534762978553772,-0.8260327577590942,0.9375116229057312,0.782913327217102,0.23020021617412567,0.5265891551971436,-0.8114948272705078,0.8986356258392334
5.091676235198975,0.9360990524291992,0.8353855609893799,0.0543670654296875,0.07347386330366135,-0.9872612357139587,0.13023442029953003,-0.5693994164466858,8.454695277215762e-10,-0.24363239109516144,1.5279629230499268,-0.5638921856880188,4.994755613552115e-07,-0.1137123554944992,1.350000023841858,0.7853978872299194,-0.036163926124572754,0.6461676955223083,-0.8325257301330566,0.9372469186782837,0.7814393043518066,0.23253440856933594,0.5378108024597168,-0.8544225096702576,0.8965499401092529
5.086793422698975,0.9227989315986633,0.83538818359375,0.05400539189577103,0.07440844923257828,-0.9810484051704407,0.17056046426296234,-0.5345013737678528,5.495551791412367e-10,-0.2605862617492676,1.5295495986938477,-0.576676607131958,3.2465911203871656e-07,-0.10881219804286957,1.350000023841858,0.7853978872299194,-0.04623708128929138,0.6393140554428101,-0.8289077281951904,0.9339802265167236,0.7795529961585999,0.21289506554603577,0.5562189817428589,-0.8746410608291626,0.8802713751792908
5.082961559295654,0.9098002910614014,0.8360309600830078,0.05466980114579201,0.07513038069009781,-0.9721361994743347,0.21521583199501038,-0.4941343665122986,3.572108442373434e-10,-0.2774481773376465,1.5291125774383545,-0.5770241618156433,2.110284214040803e-07,-0.10576580464839935,1.350000023841858,0.7853978872299194,-0.05556926876306534,0.6355816125869751,-0.8181259632110596,0.9231957793235779,0.7815854549407959,0.19751393795013428,0.5798713564872742,-0.8718626499176025,0.85752934217453
5.079572677612305,0.9005163311958313,0.8366901874542236,0.057936783879995346,0.07548370957374573,-0.9606010913848877,0.2611342966556549,-0.4517174959182739,2.3218703348870662e-10,-0.29205209016799927,1.5185136795043945,-0.5515530109405518,1.371684703599385e-07,-0.10696195065975189,1.350000023841858,0.7853978872299194,-0.06962324678897858,0.6389830708503723,-0.801336407661438,0.8977111577987671,0.7829197645187378,0.19324670732021332,0.6012685298919678,-0.8541481494903564,0.836487889289856
5.074529647827148,0.8970274329185486,0.8364691734313965,0.060997407883405685,0.0749223604798317,-0.9466142654418945,0.3075507581233978,-0.41284412145614624,1.5092156691043357e-10,-0.310427188873291,1.5042544603347778,-0.5150134563446045,8.915949933907541e-08,-0.11682885885238647,1.341745376586914,0.7853978872299194,-0.08451227843761444,0.6522183418273926,-0.7868334054946899,0.8681859970092773,0.7837871313095093,0.20053943991661072,0.6130716800689697,-0.8366434574127197,0.8306255340576172
5.066164970397949,0.9002896547317505,0.8343184590339661,0.06064871326088905,0.0718049705028534,-0.9281736612319946,0.36008262634277344,-0.38693922758102417,9.809901502233487e-11,-0.3398209810256958,1.5032851696014404,-0.4894964396953583,5.795367385985628e-08,-0.15669062733650208,1.3493928909301758,0.7853978872299194,-0.09987626224756241,0.6709463596343994,-0.7842522859573364,0.8519333600997925,0.7843509316444397,0.21427318453788757,0.6082846522331238,-0.8351398706436157,0.853766918182373
5.056938171386719,0.9100489616394043,0.8302931189537048,0.05992899462580681,0.06702353805303574,-0.904462456703186,0.41697007417678833,-0.37240996956825256,6.376435490729193e-11,-0.37696802616119385,1.5046155452728271,-0.4709583818912506,0.001830356428399682,-0.20721861720085144,1.350000023841858,0.7848553657531738,-0.12663108110427856,0.6872704029083252,-0.7906237840652466,0.8367486596107483,0.7847173810005188,0.21349214017391205,0.5971037149429321,-0.8446816205978394,0.8773002624511719
5.048372745513916,0.923089325428009,0.8252068161964417,0.05993528664112091,0.061073705554008484,-0.8743264079093933,0.4777354300022125,-0.36343586444854736,7.896945317042992e-05,-0.4114524722099304,1.5034998655319214,-0.4613953232765198,0.02000277116894722,-0.2528637945652008,1.350000023841858,0.7804129123687744,-0.16259533166885376,0.6935321092605591,-0.8043396472930908,0.8223628997802734,0.7849538326263428,0.18918801844120026,0.586290180683136,-0.8599660396575928,0.8930662274360657
5.042470932006836,0.9348458051681519,0.8202011585235596,0.05894317850470543,0.053046293556690216,-0.8387245535850525,0.5387511849403381,-0.3576553761959076,0.0004756225389428437,-0.43996119499206543,1.5046052932739258,-0.4584210515022278,0.05240903049707413,-0.285762220621109,1.350000023841858,0.7746250629425049,-0.1961192488670349,0.6860361099243164,-0.823431134223938,0.8115819692611694,0.7851042747497559,0.1523832231760025,0.5754890441894531,-0.8780814409255981,0.9018634557723999
5.0398268699646,0.9432172179222107,0.8158457279205322,0.0569002740085125,0.04341329634189606,-0.8073655366897583,0.5856949687004089,-0.36582303047180176,0.011613749898970127,-0.46341633796691895,1.512977123260498,-0.4639766216278076,0.09446187317371368,-0.3046993613243103,1.350000023841858,0.7615743279457092,-0.21909759938716888,0.6737841367721558,-0.8435683250427246,0.809544563293457,0.7822281122207642,0.12289219349622726,0.5639997720718384,-0.8987458944320679,0.9072282314300537
5.039793968200684,0.9467623829841614,0.8118962645530701,0.0555538535118103,0.0340188704431057,-0.7834669351577759,0.6180097460746765,-0.3816950023174286,0.03574013337492943,-0.4724108576774597,1.529350996017456,-0.47372347116470337,0.13723507523536682,-0.3109820485115051,1.350000023841858,0.7428088784217834,-0.23403146862983704,0.6630240678787231,-0.8641286492347717,0.8163567185401917,0.7765358686447144,0.10622209310531616,0.5543633699417114,-0.9223365783691406,0.9110223054885864
5.041224002838135,0.9462249875068665,0.8081647157669067,0.054883092641830444,0.025689544156193733,-0.7639932632446289,0.6423723697662354,-0.40483832359313965,0.06701584905385971,-0.4644336998462677,1.5438153743743896,-0.4850355088710785,0.17157447338104248,-0.3068508505821228,1.350000023841858,0.7215158343315125,-0.2437136024236679,0.6568178534507751,-0.8838567733764648,0.8276911377906799,0.7696600556373596,0.09722177684307098,0.5485026836395264,-0.9478157758712769,0.914611279964447
5.043047904968262,0.942785382270813,0.8042062520980835,0.054648030549287796,0.019297432154417038,-0.7467585206031799,0.6625654101371765,-0.45117372274398804,0.08280898630619049,-0.41457971930503845,1.5690021514892578,-0.5095725655555725,0.18699902296066284,-0.2777468264102936,1.350000023841858,0.7067747712135315,-0.24985572695732117,0.6559233665466309,-0.9061003923416138,0.8464769124984741,0.7572275400161743,0.09194320440292358,0.553109347820282,-0.9841586351394653,0.9192575216293335
5.04484748840332,0.9390687346458435,0.8012277483940125,0.054058171808719635,0.014621141366660595,-0.7317522168159485,0.6792662739753723,-0.5025403499603271,0.07159341871738434,-0.32669663429260254,1.5736280679702759,-0.5381961464881897,0.1869542896747589,-0.22860990464687347,1.350000023841858,0.6953774690628052,-0.2519986629486084,0.6573320031166077,-0.925081729888916,0.8606951236724854,0.737897515296936,0.0905236154794693,0.5582402944564819,-1.02047598361969,0.9234375357627869
5.045976638793945,0.9362717866897583,0.8000360131263733,0.052842091768980026,0.011670048348605633,-0.7201798558235168,0.691673755645752,-0.5444314479827881,0.04653587192296982,-0.2219764143228531,1.5731197595596313,-0.5635824799537659,0.17771892249584198,-0.17866697907447815,1.350000023841858,0.686612606048584,-0.25055867433547974,0.6611486077308655,-0.9405333995819092,0.8705672025680542,0.7120963931083679,0.08991710841655731,0.5634401440620422,-1.0552177429199219,0.9250606298446655
5.046359062194824,0.9345853924751282,0.7987449169158936,0.05162292346358299,0.009307891130447388,-0.7116878628730774,0.7005346417427063,-0.575437068939209,0.030248325318098068,-0.1350925713777542,1.569164514541626,-0.5806691646575928,0.16675525903701782,-0.1410316377878189,1.350000023841858,0.6773426532745361,-0.2492883801460266,0.6669349074363708,-0.9483202695846558,0.8692338466644287,0.6809378266334534,0.09281127154827118,0.5679574012756348,-1.0886625051498413,0.9221997261047363
5.046384811401367,0.93451988697052,0.79884272813797,0.04993067681789398,0.006843601819127798,-0.7061442732810974,0.7062721848487854,-0.6014651656150818,0.01966141164302826,-0.07198107242584229,1.5679081678390503,-0.5904339551925659,0.15469089150428772,-0.11718995869159698,1.350000023841858,0.6675007343292236,-0.24899962544441223,0.6700589060783386,-0.9481008052825928,0.8554792404174805,0.645227313041687,0.09576062858104706,0.5701272487640381,-1.1170673370361328,0.910179615020752
5.046541213989258,0.9349948763847351,0.7982292175292969,0.047710955142974854,0.005501514300704002,-0.7019379138946533,0.7106170654296875,-0.6175642013549805,0.012779916636645794,-0.02648785337805748,1.5840606689453125,-0.5999370813369751,0.13680243492126465,-0.09431585669517517,1.350000023841858,0.6601222157478333,-0.25126898288726807,0.6727179884910583,-0.9425332546234131,0.8383811712265015,0.604000985622406,0.09623701870441437,0.574547529220581,-1.147383213043213,0.897407054901123
5.047115325927734,0.9358110427856445,0.7986651659011841,0.04469707980751991,0.0038602391723543406,-0.69820636510849,0.7144894599914551,-0.6202988028526306,0.00830694567412138,0.0015848372131586075,1.6056143045425415,-0.593372106552124,0.11449040472507477,-0.08114228397607803,1.350000023841858,0.6527483463287354,-0.25459545850753784,0.6720371246337891,-0.930876612663269,0.8156949281692505,0.5622266530990601,0.09716777503490448,0.573767364025116,-1.175040602684021,0.8781490325927734
